race_date,race_id,tickets,return_yen,hits,bet,profit,cum_profit,running_peak,drawdown
2026-01-01,2420260101010005,1,0.0,0,100,-100.0,-100.0,-100.0,0.0
2026-01-01,2420260101010007,1,0.0,0,100,-100.0,-200.0,-100.0,-100.0
2026-01-01,5620251231020006,1,0.0,0,100,-100.0,-300.0,-100.0,-200.0
2026-01-01,5620251231020008,1,0.0,0,100,-100.0,-400.0,-100.0,-300.0
2026-01-01,6220251231020002,1,0.0,0,100,-100.0,-500.0,-100.0,-400.0
2026-01-01,8120251230030008,1,0.0,0,100,-100.0,-600.0,-100.0,-500.0
2026-01-01,8320251230030008,5,0.0,0,500,-500.0,-1100.0,-100.0,-1000.0
2026-01-02,2220260102010004,1,0.0,0,100,-100.0,-1200.0,-100.0,-1100.0
2026-01-02,3820260101020006,1,0.0,0,100,-100.0,-1300.0,-100.0,-1200.0
2026-01-02,4320260102010003,1,0.0,0,100,-100.0,-1400.0,-100.0,-1300.0
2026-01-02,4520260102010002,1,0.0,0,100,-100.0,-1500.0,-100.0,-1400.0
2026-01-02,4720251231030003,1,0.0,0,100,-100.0,-1600.0,-100.0,-1500.0
2026-01-02,4720251231030008,1,0.0,0,100,-100.0,-1700.0,-100.0,-1600.0
2026-01-02,6220251231030002,1,0.0,0,100,-100.0,-1800.0,-100.0,-1700.0
2026-01-02,6220251231030004,1,0.0,0,100,-100.0,-1900.0,-100.0,-1800.0
2026-01-03,2420260101030003,1,0.0,0,100,-100.0,-2000.0,-100.0,-1900.0
2026-01-03,2420260101030004,1,0.0,0,100,-100.0,-2100.0,-100.0,-2000.0
2026-01-03,3620260103010004,1,0.0,0,100,-100.0,-2200.0,-100.0,-2100.0
2026-01-03,3820260101030003,1,0.0,0,100,-100.0,-2300.0,-100.0,-2200.0
2026-01-03,4520260102020007,1,0.0,0,100,-100.0,-2400.0,-100.0,-2300.0
2026-01-03,7420260102020006,1,3030.0,1,100,2930.0,530.0,530.0,0.0
2026-01-04,1320260103020002,5,0.0,0,500,-500.0,30.0,530.0,-500.0
2026-01-04,1320260103020003,1,0.0,0,100,-100.0,-70.0,530.0,-600.0
2026-01-04,2220260102030006,1,0.0,0,100,-100.0,-170.0,530.0,-700.0
2026-01-04,2820260104010001,6,0.0,0,600,-600.0,-770.0,530.0,-1300.0
2026-01-04,2820260104010003,5,0.0,0,500,-500.0,-1270.0,530.0,-1800.0
2026-01-04,2820260104010005,5,0.0,0,500,-500.0,-1770.0,530.0,-2300.0
2026-01-04,2820260104010006,6,0.0,0,600,-600.0,-2370.0,530.0,-2900.0
2026-01-04,2820260104010008,3,0.0,0,300,-300.0,-2670.0,530.0,-3200.0
2026-01-04,2820260104010009,5,0.0,0,500,-500.0,-3170.0,530.0,-3700.0
2026-01-04,2820260104010012,5,0.0,0,500,-500.0,-3670.0,530.0,-4200.0
2026-01-04,4520260102030004,1,0.0,0,100,-100.0,-3770.0,530.0,-4300.0
2026-01-04,4520260102030008,1,3000.0,1,100,2900.0,-870.0,530.0,-1400.0
2026-01-04,4520260102030011,1,0.0,0,100,-100.0,-970.0,530.0,-1500.0
2026-01-04,4520260102030012,1,0.0,0,100,-100.0,-1070.0,530.0,-1600.0
2026-01-04,8620260104010002,2,0.0,0,200,-200.0,-1270.0,530.0,-1800.0
2026-01-04,8620260104010004,1,0.0,0,100,-100.0,-1370.0,530.0,-1900.0
2026-01-05,1320260103030003,1,0.0,0,100,-100.0,-1470.0,530.0,-2000.0
2026-01-05,2820260104020001,5,18720.0,1,500,18220.0,16750.0,16750.0,0.0
2026-01-05,2820260104020009,5,0.0,0,500,-500.0,16250.0,16750.0,-500.0
2026-01-05,4720260105010002,1,0.0,0,100,-100.0,16150.0,16750.0,-600.0
2026-01-05,4720260105010004,1,0.0,0,100,-100.0,16050.0,16750.0,-700.0
2026-01-05,7320260103030001,1,0.0,0,100,-100.0,15950.0,16750.0,-800.0
2026-01-05,7320260103030010,1,3030.0,1,100,2930.0,18880.0,18880.0,0.0
2026-01-06,2820260104030001,5,0.0,0,500,-500.0,18380.0,18880.0,-500.0
2026-01-06,2820260104030002,5,0.0,0,500,-500.0,17880.0,18880.0,-1000.0
2026-01-06,2820260104030004,5,0.0,0,500,-500.0,17380.0,18880.0,-1500.0
2026-01-06,2820260104030005,5,0.0,0,500,-500.0,16880.0,18880.0,-2000.0
2026-01-06,2820260104030006,5,0.0,0,500,-500.0,16380.0,18880.0,-2500.0
2026-01-06,2820260104030007,5,0.0,0,500,-500.0,15880.0,18880.0,-3000.0
2026-01-06,2820260104030008,6,0.0,0,600,-600.0,15280.0,18880.0,-3600.0
2026-01-06,2820260104030009,5,0.0,0,500,-500.0,14780.0,18880.0,-4100.0
2026-01-06,2820260104030011,5,0.0,0,500,-500.0,14280.0,18880.0,-4600.0
2026-01-06,2820260104030012,5,0.0,0,500,-500.0,13780.0,18880.0,-5100.0
2026-01-06,6120260104030005,1,0.0,0,100,-100.0,13680.0,18880.0,-5200.0
2026-01-06,8320260106010011,1,0.0,0,100,-100.0,13580.0,18880.0,-5300.0
2026-01-07,2820260104040002,5,0.0,0,500,-500.0,13080.0,18880.0,-5800.0
2026-01-07,2820260104040003,5,0.0,0,500,-500.0,12580.0,18880.0,-6300.0
2026-01-07,2820260104040004,5,0.0,0,500,-500.0,12080.0,18880.0,-6800.0
2026-01-07,2820260104040005,5,0.0,0,500,-500.0,11580.0,18880.0,-7300.0
2026-01-07,2820260104040006,5,0.0,0,500,-500.0,11080.0,18880.0,-7800.0
2026-01-07,2820260104040007,5,0.0,0,500,-500.0,10580.0,18880.0,-8300.0
2026-01-07,2820260104040008,5,0.0,0,500,-500.0,10080.0,18880.0,-8800.0
2026-01-07,2820260104040010,5,0.0,0,500,-500.0,9580.0,18880.0,-9300.0
2026-01-07,2820260104040011,5,0.0,0,500,-500.0,9080.0,18880.0,-9800.0
2026-01-07,2820260104040012,5,0.0,0,500,-500.0,8580.0,18880.0,-10300.0
2026-01-07,4320260107010003,1,3050.0,1,100,2950.0,11530.0,18880.0,-7350.0
2026-01-07,4320260107010004,1,0.0,0,100,-100.0,11430.0,18880.0,-7450.0
2026-01-07,4320260107010008,1,0.0,0,100,-100.0,11330.0,18880.0,-7550.0
2026-01-07,4420260105030004,1,0.0,0,100,-100.0,11230.0,18880.0,-7650.0
2026-01-07,8320260106020006,1,0.0,0,100,-100.0,11130.0,18880.0,-7750.0
2026-01-08,4320260107020002,1,0.0,0,100,-100.0,11030.0,18880.0,-7850.0
2026-01-08,6220260107020004,1,0.0,0,100,-100.0,10930.0,18880.0,-7950.0
2026-01-08,6220260107020005,1,0.0,0,100,-100.0,10830.0,18880.0,-8050.0
2026-01-08,8120260108010007,1,0.0,0,100,-100.0,10730.0,18880.0,-8150.0
2026-01-08,8320260106030001,5,0.0,0,500,-500.0,10230.0,18880.0,-8650.0
2026-01-08,8320260106030004,1,0.0,0,100,-100.0,10130.0,18880.0,-8750.0
2026-01-09,2720260109010010,1,0.0,0,100,-100.0,10030.0,18880.0,-8850.0
2026-01-09,3520260108020001,1,0.0,0,100,-100.0,9930.0,18880.0,-8950.0
2026-01-09,3520260108020007,1,0.0,0,100,-100.0,9830.0,18880.0,-9050.0
2026-01-09,5520260109010001,6,0.0,0,600,-600.0,9230.0,18880.0,-9650.0
2026-01-09,5520260109010002,5,0.0,0,500,-500.0,8730.0,18880.0,-10150.0
2026-01-09,5520260109010003,5,0.0,0,500,-500.0,8230.0,18880.0,-10650.0
2026-01-09,5520260109010004,5,0.0,0,500,-500.0,7730.0,18880.0,-11150.0
2026-01-09,5520260109010005,5,0.0,0,500,-500.0,7230.0,18880.0,-11650.0
2026-01-09,5520260109010006,5,0.0,0,500,-500.0,6730.0,18880.0,-12150.0
2026-01-09,5520260109010007,6,0.0,0,600,-600.0,6130.0,18880.0,-12750.0
2026-01-09,5520260109010008,5,0.0,0,500,-500.0,5630.0,18880.0,-13250.0
2026-01-09,5520260109010009,6,0.0,0,600,-600.0,5030.0,18880.0,-13850.0
2026-01-09,8120260108020003,1,0.0,0,100,-100.0,4930.0,18880.0,-13950.0
2026-01-10,2720260109020004,1,0.0,0,100,-100.0,4830.0,18880.0,-14050.0
2026-01-10,2720260109020012,1,0.0,0,100,-100.0,4730.0,18880.0,-14150.0
2026-01-10,5520260109020001,5,0.0,0,500,-500.0,4230.0,18880.0,-14650.0
2026-01-10,5520260109020002,5,0.0,0,500,-500.0,3730.0,18880.0,-15150.0
2026-01-10,5520260109020003,5,0.0,0,500,-500.0,3230.0,18880.0,-15650.0
2026-01-10,5520260109020005,5,0.0,0,500,-500.0,2730.0,18880.0,-16150.0
2026-01-10,5520260109020006,5,0.0,0,500,-500.0,2230.0,18880.0,-16650.0
2026-01-10,5520260109020007,6,0.0,0,600,-600.0,1630.0,18880.0,-17250.0
2026-01-10,5520260109020008,2,0.0,0,200,-200.0,1430.0,18880.0,-17450.0
2026-01-10,6120260109020006,1,0.0,0,100,-100.0,1330.0,18880.0,-17550.0
2026-01-11,2720260109030006,1,0.0,0,100,-100.0,1230.0,18880.0,-17650.0
2026-01-11,2720260109030008,1,0.0,0,100,-100.0,1130.0,18880.0,-17750.0
2026-01-11,3120260111010001,1,0.0,0,100,-100.0,1030.0,18880.0,-17850.0
2026-01-11,3120260111010005,1,0.0,0,100,-100.0,930.0,18880.0,-17950.0
2026-01-11,5520260109030001,5,0.0,0,500,-500.0,430.0,18880.0,-18450.0
2026-01-11,5520260109030004,5,0.0,0,500,-500.0,-70.0,18880.0,-18950.0
2026-01-11,5520260109030005,5,0.0,0,500,-500.0,-570.0,18880.0,-19450.0
2026-01-11,5520260109030006,5,0.0,0,500,-500.0,-1070.0,18880.0,-19950.0
2026-01-11,5520260109030007,5,0.0,0,500,-500.0,-1570.0,18880.0,-20450.0
2026-01-11,5520260109030009,4,0.0,0,400,-400.0,-1970.0,18880.0,-20850.0
2026-01-11,5520260109030012,3,0.0,0,300,-300.0,-2270.0,18880.0,-21150.0
2026-01-11,6120260109030006,1,0.0,0,100,-100.0,-2370.0,18880.0,-21250.0
2026-01-11,7320260111010006,1,0.0,0,100,-100.0,-2470.0,18880.0,-21350.0
2026-01-12,4320260112010009,2,0.0,0,200,-200.0,-2670.0,18880.0,-21550.0
2026-01-12,5520260109040004,5,0.0,0,500,-500.0,-3170.0,18880.0,-22050.0
2026-01-12,5520260109040005,5,0.0,0,500,-500.0,-3670.0,18880.0,-22550.0
2026-01-12,5520260109040006,5,0.0,0,500,-500.0,-4170.0,18880.0,-23050.0
2026-01-12,5520260109040007,5,0.0,0,500,-500.0,-4670.0,18880.0,-23550.0
2026-01-12,5520260109040010,5,0.0,0,500,-500.0,-5170.0,18880.0,-24050.0
2026-01-12,5520260109040012,1,0.0,0,100,-100.0,-5270.0,18880.0,-24150.0
2026-01-12,7320260111020006,1,0.0,0,100,-100.0,-5370.0,18880.0,-24250.0
2026-01-13,2320260112020004,1,0.0,0,100,-100.0,-5470.0,18880.0,-24350.0
2026-01-13,2320260112020008,1,0.0,0,100,-100.0,-5570.0,18880.0,-24450.0
2026-01-13,2820260112020005,1,0.0,0,100,-100.0,-5670.0,18880.0,-24550.0
2026-01-13,5620260113010002,1,0.0,0,100,-100.0,-5770.0,18880.0,-24650.0
2026-01-13,5620260113010005,1,0.0,0,100,-100.0,-5870.0,18880.0,-24750.0
2026-01-13,7320260111030003,1,0.0,0,100,-100.0,-5970.0,18880.0,-24850.0
2026-01-13,7320260111030004,1,0.0,0,100,-100.0,-6070.0,18880.0,-24950.0
2026-01-14,2320260112030008,1,0.0,0,100,-100.0,-6170.0,18880.0,-25050.0
2026-01-14,2320260112030012,1,0.0,0,100,-100.0,-6270.0,18880.0,-25150.0
2026-01-14,3520260114010007,1,0.0,0,100,-100.0,-6370.0,18880.0,-25250.0
2026-01-14,3520260114010009,1,0.0,0,100,-100.0,-6470.0,18880.0,-25350.0
2026-01-14,4320260112030001,1,0.0,0,100,-100.0,-6570.0,18880.0,-25450.0
2026-01-14,4320260112030010,2,0.0,0,200,-200.0,-6770.0,18880.0,-25650.0
2026-01-14,5620260113020003,1,0.0,0,100,-100.0,-6870.0,18880.0,-25750.0
2026-01-14,8120260113020008,1,0.0,0,100,-100.0,-6970.0,18880.0,-25850.0
2026-01-15,2520260115010001,5,0.0,0,500,-500.0,-7470.0,18880.0,-26350.0
2026-01-15,2520260115010002,5,0.0,0,500,-500.0,-7970.0,18880.0,-26850.0
2026-01-15,2520260115010003,5,0.0,0,500,-500.0,-8470.0,18880.0,-27350.0
2026-01-15,2520260115010004,5,0.0,0,500,-500.0,-8970.0,18880.0,-27850.0
2026-01-15,2520260115010005,5,0.0,0,500,-500.0,-9470.0,18880.0,-28350.0
2026-01-15,2520260115010006,5,0.0,0,500,-500.0,-9970.0,18880.0,-28850.0
2026-01-15,2520260115010008,5,10660.0,1,500,10160.0,190.0,18880.0,-18690.0
2026-01-15,2520260115010012,5,0.0,0,500,-500.0,-310.0,18880.0,-19190.0
2026-01-15,3520260114020002,1,0.0,0,100,-100.0,-410.0,18880.0,-19290.0
2026-01-15,3520260114020009,1,0.0,0,100,-100.0,-510.0,18880.0,-19390.0
2026-01-15,5620260113030008,1,0.0,0,100,-100.0,-610.0,18880.0,-19490.0
2026-01-15,8120260113030011,1,0.0,0,100,-100.0,-710.0,18880.0,-19590.0
2026-01-15,8620260115010001,1,0.0,0,100,-100.0,-810.0,18880.0,-19690.0
2026-01-16,2520260115020001,5,0.0,0,500,-500.0,-1310.0,18880.0,-20190.0
2026-01-16,2520260115020003,5,0.0,0,500,-500.0,-1810.0,18880.0,-20690.0
2026-01-16,2520260115020004,5,0.0,0,500,-500.0,-2310.0,18880.0,-21190.0
2026-01-16,2520260115020005,6,0.0,0,600,-600.0,-2910.0,18880.0,-21790.0
2026-01-16,2520260115020009,5,0.0,0,500,-500.0,-3410.0,18880.0,-22290.0
2026-01-16,2520260115020010,5,0.0,0,500,-500.0,-3910.0,18880.0,-22790.0
2026-01-16,2520260115020012,2,0.0,0,200,-200.0,-4110.0,18880.0,-22990.0
2026-01-16,3520260114030006,5,0.0,0,500,-500.0,-4610.0,18880.0,-23490.0
2026-01-16,6120260115020004,1,0.0,0,100,-100.0,-4710.0,18880.0,-23590.0
2026-01-16,6120260115020005,1,0.0,0,100,-100.0,-4810.0,18880.0,-23690.0
2026-01-16,8620260115020006,1,0.0,0,100,-100.0,-4910.0,18880.0,-23790.0
2026-01-17,2520260115030001,5,0.0,0,500,-500.0,-5410.0,18880.0,-24290.0
2026-01-17,2520260115030003,7,0.0,0,700,-700.0,-6110.0,18880.0,-24990.0
2026-01-17,2520260115030004,5,0.0,0,500,-500.0,-6610.0,18880.0,-25490.0
2026-01-17,2520260115030005,5,0.0,0,500,-500.0,-7110.0,18880.0,-25990.0
2026-01-17,2520260115030007,5,0.0,0,500,-500.0,-7610.0,18880.0,-26490.0
2026-01-17,2520260115030008,5,0.0,0,500,-500.0,-8110.0,18880.0,-26990.0
2026-01-17,2520260115030009,5,0.0,0,500,-500.0,-8610.0,18880.0,-27490.0
2026-01-17,2520260115030010,5,0.0,0,500,-500.0,-9110.0,18880.0,-27990.0
2026-01-17,2520260115030011,6,0.0,0,600,-600.0,-9710.0,18880.0,-28590.0
2026-01-17,3720260116020008,1,0.0,0,100,-100.0,-9810.0,18880.0,-28690.0
2026-01-17,4420260115030005,1,0.0,0,100,-100.0,-9910.0,18880.0,-28790.0
2026-01-17,6120260115030008,1,0.0,0,100,-100.0,-10010.0,18880.0,-28890.0
2026-01-17,6120260115030010,1,0.0,0,100,-100.0,-10110.0,18880.0,-28990.0
2026-01-18,2520260115040001,5,0.0,0,500,-500.0,-10610.0,18880.0,-29490.0
2026-01-18,2520260115040004,5,0.0,0,500,-500.0,-11110.0,18880.0,-29990.0
2026-01-18,2520260115040005,5,0.0,0,500,-500.0,-11610.0,18880.0,-30490.0
2026-01-18,2520260115040006,5,0.0,0,500,-500.0,-12110.0,18880.0,-30990.0
2026-01-18,2520260115040007,5,0.0,0,500,-500.0,-12610.0,18880.0,-31490.0
2026-01-18,2520260115040009,5,0.0,0,500,-500.0,-13110.0,18880.0,-31990.0
2026-01-18,2520260115040010,5,17610.0,1,500,17110.0,4000.0,18880.0,-14880.0
2026-01-18,2520260115040011,5,0.0,0,500,-500.0,3500.0,18880.0,-15380.0
2026-01-18,6320260117020007,1,0.0,0,100,-100.0,3400.0,18880.0,-15480.0
2026-01-18,7420260117020003,1,0.0,0,100,-100.0,3300.0,18880.0,-15580.0
2026-01-19,2220260119010004,1,0.0,0,100,-100.0,3200.0,18880.0,-15680.0
2026-01-19,2220260119010008,1,0.0,0,100,-100.0,3100.0,18880.0,-15780.0
2026-01-19,4320260119010009,1,0.0,0,100,-100.0,3000.0,18880.0,-15880.0
2026-01-19,4520260117030004,2,0.0,0,200,-200.0,2800.0,18880.0,-16080.0
2026-01-19,6320260117030003,1,0.0,0,100,-100.0,2700.0,18880.0,-16180.0
2026-01-20,2220260119020001,1,0.0,0,100,-100.0,2600.0,18880.0,-16280.0
2026-01-20,2220260119020003,1,0.0,0,100,-100.0,2500.0,18880.0,-16380.0
2026-01-20,4320260119020003,1,0.0,0,100,-100.0,2400.0,18880.0,-16480.0
2026-01-20,5620260120010007,1,0.0,0,100,-100.0,2300.0,18880.0,-16580.0
2026-01-20,8420260118030002,2,0.0,0,200,-200.0,2100.0,18880.0,-16780.0
2026-01-20,8420260118030010,1,0.0,0,100,-100.0,2000.0,18880.0,-16880.0
2026-01-20,8620260120010002,1,0.0,0,100,-100.0,1900.0,18880.0,-16980.0
2026-01-20,8620260120010004,1,0.0,0,100,-100.0,1800.0,18880.0,-17080.0
2026-01-20,8620260120010006,1,0.0,0,100,-100.0,1700.0,18880.0,-17180.0
2026-01-21,2820260119030005,5,0.0,0,500,-500.0,1200.0,18880.0,-17680.0
2026-01-21,4320260119030007,1,0.0,0,100,-100.0,1100.0,18880.0,-17780.0
2026-01-22,1320260122010001,5,0.0,0,500,-500.0,600.0,18880.0,-18280.0
2026-01-22,1320260122010002,5,0.0,0,500,-500.0,100.0,18880.0,-18780.0
2026-01-22,1320260122010003,5,20580.0,1,500,20080.0,20180.0,20180.0,0.0
2026-01-22,1320260122010004,5,0.0,0,500,-500.0,19680.0,20180.0,-500.0
2026-01-22,1320260122010006,5,0.0,0,500,-500.0,19180.0,20180.0,-1000.0
2026-01-22,1320260122010008,5,0.0,0,500,-500.0,18680.0,20180.0,-1500.0
2026-01-22,1320260122010009,5,0.0,0,500,-500.0,18180.0,20180.0,-2000.0
2026-01-22,1320260122010011,5,0.0,0,500,-500.0,17680.0,20180.0,-2500.0
2026-01-22,1320260122010012,5,0.0,0,500,-500.0,17180.0,20180.0,-3000.0
2026-01-22,2620260122010004,1,0.0,0,100,-100.0,17080.0,20180.0,-3100.0
2026-01-22,3120260121020009,1,0.0,0,100,-100.0,16980.0,20180.0,-3200.0
2026-01-22,6120260122010002,1,0.0,0,100,-100.0,16880.0,20180.0,-3300.0
2026-01-23,1320260122020003,5,0.0,0,500,-500.0,16380.0,20180.0,-3800.0
2026-01-23,1320260122020004,5,0.0,0,500,-500.0,15880.0,20180.0,-4300.0
2026-01-23,1320260122020005,5,0.0,0,500,-500.0,15380.0,20180.0,-4800.0
2026-01-23,1320260122020006,5,0.0,0,500,-500.0,14880.0,20180.0,-5300.0
2026-01-23,1320260122020007,5,0.0,0,500,-500.0,14380.0,20180.0,-5800.0
2026-01-23,1320260122020008,5,0.0,0,500,-500.0,13880.0,20180.0,-6300.0
2026-01-23,1320260122020009,5,0.0,0,500,-500.0,13380.0,20180.0,-6800.0
2026-01-23,3120260121030006,1,0.0,0,100,-100.0,13280.0,20180.0,-6900.0
2026-01-23,6120260122020002,1,0.0,0,100,-100.0,13180.0,20180.0,-7000.0
2026-01-23,6120260122020011,2,0.0,0,200,-200.0,12980.0,20180.0,-7200.0
2026-01-24,1320260122030001,5,0.0,0,500,-500.0,12480.0,20180.0,-7700.0
2026-01-24,1320260122030004,5,0.0,0,500,-500.0,11980.0,20180.0,-8200.0
2026-01-24,1320260122030005,5,0.0,0,500,-500.0,11480.0,20180.0,-8700.0
2026-01-24,1320260122030006,5,0.0,0,500,-500.0,10980.0,20180.0,-9200.0
2026-01-24,1320260122030007,5,0.0,0,500,-500.0,10480.0,20180.0,-9700.0
2026-01-24,1320260122030008,5,0.0,0,500,-500.0,9980.0,20180.0,-10200.0
2026-01-24,1320260122030010,5,0.0,0,500,-500.0,9480.0,20180.0,-10700.0
2026-01-24,1320260122030011,5,0.0,0,500,-500.0,8980.0,20180.0,-11200.0
2026-01-24,2720260123020002,1,0.0,0,100,-100.0,8880.0,20180.0,-11300.0
2026-01-24,4820260124010007,1,0.0,0,100,-100.0,8780.0,20180.0,-11400.0
2026-01-24,6120260122030009,1,3000.0,1,100,2900.0,11680.0,20180.0,-8500.0
2026-01-24,8320260123020005,1,0.0,0,100,-100.0,11580.0,20180.0,-8600.0
2026-01-25,1320260122040002,5,0.0,0,500,-500.0,11080.0,20180.0,-9100.0
2026-01-25,1320260122040004,5,0.0,0,500,-500.0,10580.0,20180.0,-9600.0
2026-01-25,1320260122040005,5,0.0,0,500,-500.0,10080.0,20180.0,-10100.0
2026-01-25,1320260122040006,5,0.0,0,500,-500.0,9580.0,20180.0,-10600.0
2026-01-25,1320260122040007,6,0.0,0,600,-600.0,8980.0,20180.0,-11200.0
2026-01-25,1320260122040008,5,0.0,0,500,-500.0,8480.0,20180.0,-11700.0
2026-01-25,1320260122040010,5,0.0,0,500,-500.0,7980.0,20180.0,-12200.0
2026-01-25,1320260122040011,5,0.0,0,500,-500.0,7480.0,20180.0,-12700.0
2026-01-25,1320260122040012,5,0.0,0,500,-500.0,6980.0,20180.0,-13200.0
2026-01-25,2720260123030006,1,0.0,0,100,-100.0,6880.0,20180.0,-13300.0
2026-01-25,3620260125010001,1,0.0,0,100,-100.0,6780.0,20180.0,-13400.0
2026-01-25,3620260125010010,1,0.0,0,100,-100.0,6680.0,20180.0,-13500.0
2026-01-25,3720260125010007,1,0.0,0,100,-100.0,6580.0,20180.0,-13600.0
2026-01-25,3720260125010011,1,0.0,0,100,-100.0,6480.0,20180.0,-13700.0
2026-01-25,4820260124020002,1,0.0,0,100,-100.0,6380.0,20180.0,-13800.0
2026-01-25,4820260124020005,1,0.0,0,100,-100.0,6280.0,20180.0,-13900.0
2026-01-25,4820260124020007,1,0.0,0,100,-100.0,6180.0,20180.0,-14000.0
2026-01-25,4820260124020008,1,0.0,0,100,-100.0,6080.0,20180.0,-14100.0
2026-01-26,2320260126010006,1,0.0,0,100,-100.0,5980.0,20180.0,-14200.0
2026-01-26,3620260125020007,1,0.0,0,100,-100.0,5880.0,20180.0,-14300.0
2026-01-26,3620260125020010,1,0.0,0,100,-100.0,5780.0,20180.0,-14400.0
2026-01-26,3720260125020002,1,0.0,0,100,-100.0,5680.0,20180.0,-14500.0
2026-01-27,2320260126020010,1,0.0,0,100,-100.0,5580.0,20180.0,-14600.0
2026-01-27,3620260125030012,1,0.0,0,100,-100.0,5480.0,20180.0,-14700.0
2026-01-27,3720260125030003,1,0.0,0,100,-100.0,5380.0,20180.0,-14800.0
2026-01-27,3720260125030011,1,0.0,0,100,-100.0,5280.0,20180.0,-14900.0
2026-01-27,8720260127010005,1,0.0,0,100,-100.0,5180.0,20180.0,-15000.0
2026-01-27,8720260127010009,1,0.0,0,100,-100.0,5080.0,20180.0,-15100.0
2026-01-28,2320260126030002,1,0.0,0,100,-100.0,4980.0,20180.0,-15200.0
2026-01-28,8120260126030003,1,0.0,0,100,-100.0,4880.0,20180.0,-15300.0
2026-01-28,8120260126030005,1,0.0,0,100,-100.0,4780.0,20180.0,-15400.0
2026-01-28,8720260127020012,1,0.0,0,100,-100.0,4680.0,20180.0,-15500.0
2026-01-29,2720260129010002,1,0.0,0,100,-100.0,4580.0,20180.0,-15600.0
2026-01-29,2720260129010005,1,0.0,0,100,-100.0,4480.0,20180.0,-15700.0
2026-01-29,3120260127030002,1,0.0,0,100,-100.0,4380.0,20180.0,-15800.0
2026-01-29,3120260127030005,1,0.0,0,100,-100.0,4280.0,20180.0,-15900.0
2026-01-29,3120260127030007,1,3030.0,1,100,2930.0,7210.0,20180.0,-12970.0
2026-01-29,7320260129010001,5,0.0,0,500,-500.0,6710.0,20180.0,-13470.0
2026-01-29,7320260129010002,5,0.0,0,500,-500.0,6210.0,20180.0,-13970.0
2026-01-29,7320260129010007,5,0.0,0,500,-500.0,5710.0,20180.0,-14470.0
2026-01-29,7320260129010008,5,0.0,0,500,-500.0,5210.0,20180.0,-14970.0
2026-01-29,7320260129010009,5,0.0,0,500,-500.0,4710.0,20180.0,-15470.0
2026-01-29,7320260129010012,4,0.0,0,400,-400.0,4310.0,20180.0,-15870.0
2026-01-30,2720260129020004,1,0.0,0,100,-100.0,4210.0,20180.0,-15970.0
2026-01-30,2720260129020008,1,0.0,0,100,-100.0,4110.0,20180.0,-16070.0
2026-01-30,5320260129020009,1,0.0,0,100,-100.0,4010.0,20180.0,-16170.0
2026-01-30,7320260129020002,5,0.0,0,500,-500.0,3510.0,20180.0,-16670.0
2026-01-30,7320260129020007,5,0.0,0,500,-500.0,3010.0,20180.0,-17170.0
2026-01-31,2320260131010004,1,0.0,0,100,-100.0,2910.0,20180.0,-17270.0
2026-01-31,2420260131010001,1,0.0,0,100,-100.0,2810.0,20180.0,-17370.0
2026-01-31,2420260131010007,1,0.0,0,100,-100.0,2710.0,20180.0,-17470.0
2026-01-31,3820260131010001,1,0.0,0,100,-100.0,2610.0,20180.0,-17570.0
2026-01-31,3820260131010011,1,0.0,0,100,-100.0,2510.0,20180.0,-17670.0
2026-01-31,7320260129030005,5,0.0,0,500,-500.0,2010.0,20180.0,-18170.0
2026-01-31,7320260129030006,6,0.0,0,600,-600.0,1410.0,20180.0,-18770.0
2026-01-31,7320260129030008,5,0.0,0,500,-500.0,910.0,20180.0,-19270.0
2026-01-31,7320260129030009,5,0.0,0,500,-500.0,410.0,20180.0,-19770.0
2026-01-31,7320260129030010,5,0.0,0,500,-500.0,-90.0,20180.0,-20270.0
2026-01-31,7320260129030011,6,0.0,0,600,-600.0,-690.0,20180.0,-20870.0
2026-01-31,8620260130020008,1,0.0,0,100,-100.0,-790.0,20180.0,-20970.0
2026-02-01,2320260131020002,1,0.0,0,100,-100.0,-890.0,20180.0,-21070.0
2026-02-01,2420260131020008,1,0.0,0,100,-100.0,-990.0,20180.0,-21170.0
2026-02-01,3720260201010002,1,0.0,0,100,-100.0,-1090.0,20180.0,-21270.0
2026-02-01,7320260129040002,1,0.0,0,100,-100.0,-1190.0,20180.0,-21370.0
2026-02-01,7320260129040004,5,0.0,0,500,-500.0,-1690.0,20180.0,-21870.0
2026-02-01,7320260129040007,5,0.0,0,500,-500.0,-2190.0,20180.0,-22370.0
2026-02-01,7320260129040008,5,0.0,0,500,-500.0,-2690.0,20180.0,-22870.0
2026-02-01,7320260129040012,5,0.0,0,500,-500.0,-3190.0,20180.0,-23370.0
2026-02-02,2420260131030006,1,0.0,0,100,-100.0,-3290.0,20180.0,-23470.0
2026-02-02,3720260201020004,1,0.0,0,100,-100.0,-3390.0,20180.0,-23570.0
2026-02-02,3820260131030003,5,0.0,0,500,-500.0,-3890.0,20180.0,-24070.0
2026-02-02,4720260201020003,1,0.0,0,100,-100.0,-3990.0,20180.0,-24170.0
2026-02-02,4720260201020005,1,0.0,0,100,-100.0,-4090.0,20180.0,-24270.0
2026-02-02,5520260202010002,1,0.0,0,100,-100.0,-4190.0,20180.0,-24370.0
2026-02-02,5520260202010003,1,0.0,0,100,-100.0,-4290.0,20180.0,-24470.0
2026-02-02,8320260201020007,1,0.0,0,100,-100.0,-4390.0,20180.0,-24570.0
2026-02-03,2720260203010011,1,0.0,0,100,-100.0,-4490.0,20180.0,-24670.0
2026-02-03,3720260201030005,1,3070.0,1,100,2970.0,-1520.0,20180.0,-21700.0
2026-02-03,4420260202020003,1,0.0,0,100,-100.0,-1620.0,20180.0,-21800.0
2026-02-03,4420260202020004,1,3060.0,1,100,2960.0,1340.0,20180.0,-18840.0
2026-02-03,4720260201030007,1,0.0,0,100,-100.0,1240.0,20180.0,-18940.0
2026-02-03,4720260201030008,1,0.0,0,100,-100.0,1140.0,20180.0,-19040.0
2026-02-03,5520260202020008,1,0.0,0,100,-100.0,1040.0,20180.0,-19140.0
2026-02-03,6220260203010002,1,0.0,0,100,-100.0,940.0,20180.0,-19240.0
2026-02-03,8720260203010001,1,0.0,0,100,-100.0,840.0,20180.0,-19340.0
2026-02-03,8720260203010002,1,0.0,0,100,-100.0,740.0,20180.0,-19440.0
2026-02-04,2620260204010006,1,0.0,0,100,-100.0,640.0,20180.0,-19540.0
2026-02-04,2720260203020004,1,0.0,0,100,-100.0,540.0,20180.0,-19640.0
2026-02-04,2720260203020011,1,0.0,0,100,-100.0,440.0,20180.0,-19740.0
2026-02-05,3120260204020001,1,0.0,0,100,-100.0,340.0,20180.0,-19840.0
2026-02-05,3120260204020009,5,0.0,0,500,-500.0,-160.0,20180.0,-20340.0
2026-02-05,5320260205010001,2,0.0,0,200,-200.0,-360.0,20180.0,-20540.0
2026-02-05,5320260205010002,5,0.0,0,500,-500.0,-860.0,20180.0,-21040.0
2026-02-05,5320260205010003,5,0.0,0,500,-500.0,-1360.0,20180.0,-21540.0
2026-02-05,5320260205010004,5,0.0,0,500,-500.0,-1860.0,20180.0,-22040.0
2026-02-05,5320260205010005,5,16030.0,1,500,15530.0,13670.0,20180.0,-6510.0
2026-02-05,5320260205010006,3,0.0,0,300,-300.0,13370.0,20180.0,-6810.0
2026-02-05,5320260205010007,5,0.0,0,500,-500.0,12870.0,20180.0,-7310.0
2026-02-05,5320260205010008,2,0.0,0,200,-200.0,12670.0,20180.0,-7510.0
2026-02-05,5320260205010009,5,0.0,0,500,-500.0,12170.0,20180.0,-8010.0
2026-02-05,5320260205010010,3,0.0,0,300,-300.0,11870.0,20180.0,-8310.0
2026-02-05,5320260205010011,4,0.0,0,400,-400.0,11470.0,20180.0,-8710.0
2026-02-05,5320260205010012,5,0.0,0,500,-500.0,10970.0,20180.0,-9210.0
2026-02-05,8720260203030002,1,0.0,0,100,-100.0,10870.0,20180.0,-9310.0
2026-02-06,3120260204030007,1,0.0,0,100,-100.0,10770.0,20180.0,-9410.0
2026-02-06,5320260205020001,5,0.0,0,500,-500.0,10270.0,20180.0,-9910.0
2026-02-06,5320260205020002,5,0.0,0,500,-500.0,9770.0,20180.0,-10410.0
2026-02-06,5320260205020003,5,0.0,0,500,-500.0,9270.0,20180.0,-10910.0
2026-02-06,5320260205020004,5,0.0,0,500,-500.0,8770.0,20180.0,-11410.0
2026-02-06,5320260205020005,5,0.0,0,500,-500.0,8270.0,20180.0,-11910.0
2026-02-06,5320260205020006,5,0.0,0,500,-500.0,7770.0,20180.0,-12410.0
2026-02-06,5320260205020008,5,0.0,0,500,-500.0,7270.0,20180.0,-12910.0
2026-02-06,5320260205020009,6,0.0,0,600,-600.0,6670.0,20180.0,-13510.0
2026-02-06,5320260205020010,5,0.0,0,500,-500.0,6170.0,20180.0,-14010.0
2026-02-06,5320260205020011,6,0.0,0,600,-600.0,5570.0,20180.0,-14610.0
2026-02-07,2220260207010002,1,3000.0,1,100,2900.0,8470.0,20180.0,-11710.0
2026-02-07,2220260207010003,1,0.0,0,100,-100.0,8370.0,20180.0,-11810.0
2026-02-07,3720260207010003,1,0.0,0,100,-100.0,8270.0,20180.0,-11910.0
2026-02-07,3720260207010007,1,0.0,0,100,-100.0,8170.0,20180.0,-12010.0
2026-02-07,4320260207010009,1,0.0,0,100,-100.0,8070.0,20180.0,-12110.0
2026-02-07,5320260205030004,5,0.0,0,500,-500.0,7570.0,20180.0,-12610.0
2026-02-07,5320260205030005,5,0.0,0,500,-500.0,7070.0,20180.0,-13110.0
2026-02-07,5320260205030007,5,0.0,0,500,-500.0,6570.0,20180.0,-13610.0
2026-02-07,5320260205030008,5,0.0,0,500,-500.0,6070.0,20180.0,-14110.0
2026-02-07,5320260205030010,5,0.0,0,500,-500.0,5570.0,20180.0,-14610.0
2026-02-07,5320260205030011,5,0.0,0,500,-500.0,5070.0,20180.0,-15110.0
2026-02-07,5320260205030012,5,0.0,0,500,-500.0,4570.0,20180.0,-15610.0
2026-02-07,7320260205030002,1,0.0,0,100,-100.0,4470.0,20180.0,-15710.0
2026-02-07,8120260207010004,1,0.0,0,100,-100.0,4370.0,20180.0,-15810.0
2026-02-08,2220260207020009,2,0.0,0,200,-200.0,4170.0,20180.0,-16010.0
2026-02-08,4320260207020008,1,0.0,0,100,-100.0,4070.0,20180.0,-16110.0
2026-02-08,4320260207020011,1,0.0,0,100,-100.0,3970.0,20180.0,-16210.0
2026-02-08,5320260205040004,5,0.0,0,500,-500.0,3470.0,20180.0,-16710.0
2026-02-08,5320260205040005,5,0.0,0,500,-500.0,2970.0,20180.0,-17210.0
2026-02-08,5320260205040006,5,0.0,0,500,-500.0,2470.0,20180.0,-17710.0
2026-02-08,5320260205040007,5,0.0,0,500,-500.0,1970.0,20180.0,-18210.0
2026-02-08,5320260205040008,5,0.0,0,500,-500.0,1470.0,20180.0,-18710.0
2026-02-08,5320260205040009,5,0.0,0,500,-500.0,970.0,20180.0,-19210.0
2026-02-08,5320260205040010,5,0.0,0,500,-500.0,470.0,20180.0,-19710.0
2026-02-08,5320260205040012,5,0.0,0,500,-500.0,-30.0,20180.0,-20210.0
2026-02-08,8120260207020003,1,0.0,0,100,-100.0,-130.0,20180.0,-20310.0
2026-02-09,2220260207030009,1,0.0,0,100,-100.0,-230.0,20180.0,-20410.0
2026-02-09,3520260209010006,1,0.0,0,100,-100.0,-330.0,20180.0,-20510.0
2026-02-09,3520260209010009,1,0.0,0,100,-100.0,-430.0,20180.0,-20610.0
2026-02-09,3520260209010010,1,0.0,0,100,-100.0,-530.0,20180.0,-20710.0
2026-02-09,4320260207030009,1,0.0,0,100,-100.0,-630.0,20180.0,-20810.0
2026-02-10,2820260209020003,1,0.0,0,100,-100.0,-730.0,20180.0,-20910.0
2026-02-10,3520260209020001,1,0.0,0,100,-100.0,-830.0,20180.0,-21010.0
2026-02-10,3520260209020009,1,0.0,0,100,-100.0,-930.0,20180.0,-21110.0
2026-02-10,3520260209020010,1,0.0,0,100,-100.0,-1030.0,20180.0,-21210.0
2026-02-10,5620260209020003,2,0.0,0,200,-200.0,-1230.0,20180.0,-21410.0
2026-02-10,5620260209020007,1,0.0,0,100,-100.0,-1330.0,20180.0,-21510.0
2026-02-10,5620260209020010,1,0.0,0,100,-100.0,-1430.0,20180.0,-21610.0
2026-02-10,7420260210010004,1,0.0,0,100,-100.0,-1530.0,20180.0,-21710.0
2026-02-10,7420260210010007,1,0.0,0,100,-100.0,-1630.0,20180.0,-21810.0
2026-02-11,2820260209030002,1,3030.0,1,100,2930.0,1300.0,20180.0,-18880.0
2026-02-11,3520260209030009,1,0.0,0,100,-100.0,1200.0,20180.0,-18980.0
2026-02-11,4220260210020001,1,0.0,0,100,-100.0,1100.0,20180.0,-19080.0
2026-02-11,5620260209030005,1,0.0,0,100,-100.0,1000.0,20180.0,-19180.0
2026-02-11,5620260209030009,1,0.0,0,100,-100.0,900.0,20180.0,-19280.0
2026-02-12,2520260210030005,1,0.0,0,100,-100.0,800.0,20180.0,-19380.0
2026-02-12,2520260210030006,1,0.0,0,100,-100.0,700.0,20180.0,-19480.0
2026-02-12,3820260212010002,5,0.0,0,500,-500.0,200.0,20180.0,-19980.0
2026-02-12,3820260212010003,5,0.0,0,500,-500.0,-300.0,20180.0,-20480.0
2026-02-12,3820260212010004,4,0.0,0,400,-400.0,-700.0,20180.0,-20880.0
2026-02-12,3820260212010005,5,0.0,0,500,-500.0,-1200.0,20180.0,-21380.0
2026-02-12,3820260212010006,5,0.0,0,500,-500.0,-1700.0,20180.0,-21880.0
2026-02-12,3820260212010008,5,0.0,0,500,-500.0,-2200.0,20180.0,-22380.0
2026-02-12,3820260212010009,5,0.0,0,500,-500.0,-2700.0,20180.0,-22880.0
2026-02-12,3820260212010010,5,0.0,0,500,-500.0,-3200.0,20180.0,-23380.0
2026-02-12,3820260212010011,1,0.0,0,100,-100.0,-3300.0,20180.0,-23480.0
2026-02-12,3820260212010012,5,0.0,0,500,-500.0,-3800.0,20180.0,-23980.0
2026-02-12,4220260210030006,1,0.0,0,100,-100.0,-3900.0,20180.0,-24080.0
2026-02-12,4220260210030008,5,0.0,0,500,-500.0,-4400.0,20180.0,-24580.0
2026-02-12,4220260210030009,1,3050.0,1,100,2950.0,-1450.0,20180.0,-21630.0
2026-02-12,7420260210030002,1,0.0,0,100,-100.0,-1550.0,20180.0,-21730.0
2026-02-12,8720260211020001,1,0.0,0,100,-100.0,-1650.0,20180.0,-21830.0
2026-02-13,3820260212020001,5,0.0,0,500,-500.0,-2150.0,20180.0,-22330.0
2026-02-13,3820260212020002,5,0.0,0,500,-500.0,-2650.0,20180.0,-22830.0
2026-02-13,3820260212020003,1,0.0,0,100,-100.0,-2750.0,20180.0,-22930.0
2026-02-13,3820260212020004,5,0.0,0,500,-500.0,-3250.0,20180.0,-23430.0
2026-02-13,3820260212020005,5,0.0,0,500,-500.0,-3750.0,20180.0,-23930.0
2026-02-13,3820260212020006,5,0.0,0,500,-500.0,-4250.0,20180.0,-24430.0
2026-02-13,3820260212020007,5,0.0,0,500,-500.0,-4750.0,20180.0,-24930.0
2026-02-13,3820260212020008,5,0.0,0,500,-500.0,-5250.0,20180.0,-25430.0
2026-02-13,3820260212020009,5,0.0,0,500,-500.0,-5750.0,20180.0,-25930.0
2026-02-13,6120260211030003,1,0.0,0,100,-100.0,-5850.0,20180.0,-26030.0
2026-02-13,6220260213010007,1,0.0,0,100,-100.0,-5950.0,20180.0,-26130.0
2026-02-13,8720260211030006,1,0.0,0,100,-100.0,-6050.0,20180.0,-26230.0
2026-02-13,8720260211030009,1,0.0,0,100,-100.0,-6150.0,20180.0,-26330.0
2026-02-14,1320260213020001,1,0.0,0,100,-100.0,-6250.0,20180.0,-26430.0
2026-02-14,1320260213020009,1,0.0,0,100,-100.0,-6350.0,20180.0,-26530.0
2026-02-14,2420260214010009,1,0.0,0,100,-100.0,-6450.0,20180.0,-26630.0
2026-02-14,3820260212030001,5,0.0,0,500,-500.0,-6950.0,20180.0,-27130.0
2026-02-14,3820260212030002,5,0.0,0,500,-500.0,-7450.0,20180.0,-27630.0
2026-02-14,3820260212030003,5,0.0,0,500,-500.0,-7950.0,20180.0,-28130.0
2026-02-14,3820260212030004,5,0.0,0,500,-500.0,-8450.0,20180.0,-28630.0
2026-02-14,3820260212030007,5,0.0,0,500,-500.0,-8950.0,20180.0,-29130.0
2026-02-14,3820260212030008,5,0.0,0,500,-500.0,-9450.0,20180.0,-29630.0
2026-02-14,3820260212030011,3,0.0,0,300,-300.0,-9750.0,20180.0,-29930.0
2026-02-14,5320260214010002,1,0.0,0,100,-100.0,-9850.0,20180.0,-30030.0
2026-02-14,5320260214010009,1,0.0,0,100,-100.0,-9950.0,20180.0,-30130.0
2026-02-14,6220260213020003,1,0.0,0,100,-100.0,-10050.0,20180.0,-30230.0
2026-02-14,6220260213020007,1,0.0,0,100,-100.0,-10150.0,20180.0,-30330.0
2026-02-15,1320260213030003,1,0.0,0,100,-100.0,-10250.0,20180.0,-30430.0
2026-02-15,2420260214020006,1,0.0,0,100,-100.0,-10350.0,20180.0,-30530.0
2026-02-15,3820260212040003,5,0.0,0,500,-500.0,-10850.0,20180.0,-31030.0
2026-02-15,3820260212040004,5,0.0,0,500,-500.0,-11350.0,20180.0,-31530.0
2026-02-15,3820260212040005,5,0.0,0,500,-500.0,-11850.0,20180.0,-32030.0
2026-02-15,3820260212040006,5,0.0,0,500,-500.0,-12350.0,20180.0,-32530.0
2026-02-15,3820260212040010,5,17340.0,1,500,16840.0,4490.0,20180.0,-15690.0
2026-02-15,3820260212040011,5,0.0,0,500,-500.0,3990.0,20180.0,-16190.0
2026-02-15,4220260214020005,1,0.0,0,100,-100.0,3890.0,20180.0,-16290.0
2026-02-15,5320260214020002,1,0.0,0,100,-100.0,3790.0,20180.0,-16390.0
2026-02-15,6220260213030007,1,0.0,0,100,-100.0,3690.0,20180.0,-16490.0
2026-02-16,2420260214030008,1,0.0,0,100,-100.0,3590.0,20180.0,-16590.0
2026-02-16,2420260214030010,1,0.0,0,100,-100.0,3490.0,20180.0,-16690.0
2026-02-16,2420260214030012,1,0.0,0,100,-100.0,3390.0,20180.0,-16790.0
2026-02-16,3620260216010007,1,0.0,0,100,-100.0,3290.0,20180.0,-16890.0
2026-02-16,4220260214030003,5,0.0,0,500,-500.0,2790.0,20180.0,-17390.0
2026-02-16,4220260214030005,1,3020.0,1,100,2920.0,5710.0,20180.0,-14470.0
2026-02-16,4320260216010006,1,0.0,0,100,-100.0,5610.0,20180.0,-14570.0
2026-02-16,4720260216010001,1,0.0,0,100,-100.0,5510.0,20180.0,-14670.0
2026-02-16,5320260214030007,1,3030.0,1,100,2930.0,8440.0,20180.0,-11740.0
2026-02-16,7320260214030001,1,0.0,0,100,-100.0,8340.0,20180.0,-11840.0
2026-02-16,7320260214030002,1,0.0,0,100,-100.0,8240.0,20180.0,-11940.0
2026-02-17,2620260215030003,1,0.0,0,100,-100.0,8140.0,20180.0,-12040.0
2026-02-17,2620260215030005,1,0.0,0,100,-100.0,8040.0,20180.0,-12140.0
2026-02-17,3620260216020007,1,0.0,0,100,-100.0,7940.0,20180.0,-12240.0
2026-02-17,4320260216020003,1,0.0,0,100,-100.0,7840.0,20180.0,-12340.0
2026-02-17,4320260216020010,5,0.0,0,500,-500.0,7340.0,20180.0,-12840.0
2026-02-17,8320260217010008,1,0.0,0,100,-100.0,7240.0,20180.0,-12940.0
2026-02-18,4320260216030002,1,0.0,0,100,-100.0,7140.0,20180.0,-13040.0
2026-02-18,4720260216030004,1,0.0,0,100,-100.0,7040.0,20180.0,-13140.0
2026-02-18,5520260218010002,1,0.0,0,100,-100.0,6940.0,20180.0,-13240.0
2026-02-18,8320260217020002,1,0.0,0,100,-100.0,6840.0,20180.0,-13340.0
2026-02-18,8320260217020004,1,0.0,0,100,-100.0,6740.0,20180.0,-13440.0
2026-02-19,2320260217030011,1,0.0,0,100,-100.0,6640.0,20180.0,-13540.0
2026-02-19,5520260218020004,1,0.0,0,100,-100.0,6540.0,20180.0,-13640.0
2026-02-19,5520260218020008,1,0.0,0,100,-100.0,6440.0,20180.0,-13740.0
2026-02-20,5520260218030008,1,0.0,0,100,-100.0,6340.0,20180.0,-13840.0
2026-02-20,6220260219020002,1,0.0,0,100,-100.0,6240.0,20180.0,-13940.0
2026-02-20,6220260219020006,1,0.0,0,100,-100.0,6140.0,20180.0,-14040.0
2026-02-20,8720260220010001,5,0.0,0,500,-500.0,5640.0,20180.0,-14540.0
2026-02-20,8720260220010002,5,0.0,0,500,-500.0,5140.0,20180.0,-15040.0
2026-02-20,8720260220010003,5,0.0,0,500,-500.0,4640.0,20180.0,-15540.0
2026-02-20,8720260220010004,5,0.0,0,500,-500.0,4140.0,20180.0,-16040.0
2026-02-20,8720260220010005,5,0.0,0,500,-500.0,3640.0,20180.0,-16540.0
2026-02-20,8720260220010006,5,0.0,0,500,-500.0,3140.0,20180.0,-17040.0
2026-02-20,8720260220010007,5,0.0,0,500,-500.0,2640.0,20180.0,-17540.0
2026-02-20,8720260220010008,5,0.0,0,500,-500.0,2140.0,20180.0,-18040.0
2026-02-20,8720260220010009,5,0.0,0,500,-500.0,1640.0,20180.0,-18540.0
2026-02-20,8720260220010010,4,0.0,0,400,-400.0,1240.0,20180.0,-18940.0
2026-02-20,8720260220010011,5,0.0,0,500,-500.0,740.0,20180.0,-19440.0
2026-02-20,8720260220010012,5,0.0,0,500,-500.0,240.0,20180.0,-19940.0
2026-02-21,3720260220020004,1,0.0,0,100,-100.0,140.0,20180.0,-20040.0
2026-02-21,6220260219030010,5,0.0,0,500,-500.0,-360.0,20180.0,-20540.0
2026-02-21,6320260221010003,1,0.0,0,100,-100.0,-460.0,20180.0,-20640.0
2026-02-21,8720260220020001,5,0.0,0,500,-500.0,-960.0,20180.0,-21140.0
2026-02-21,8720260220020002,5,0.0,0,500,-500.0,-1460.0,20180.0,-21640.0
2026-02-21,8720260220020003,5,0.0,0,500,-500.0,-1960.0,20180.0,-22140.0
2026-02-21,8720260220020004,5,0.0,0,500,-500.0,-2460.0,20180.0,-22640.0
2026-02-21,8720260220020005,5,0.0,0,500,-500.0,-2960.0,20180.0,-23140.0
2026-02-21,8720260220020006,5,0.0,0,500,-500.0,-3460.0,20180.0,-23640.0
2026-02-21,8720260220020007,5,0.0,0,500,-500.0,-3960.0,20180.0,-24140.0
2026-02-21,8720260220020008,5,0.0,0,500,-500.0,-4460.0,20180.0,-24640.0
2026-02-21,8720260220020009,5,0.0,0,500,-500.0,-4960.0,20180.0,-25140.0
2026-02-21,8720260220020010,3,0.0,0,300,-300.0,-5260.0,20180.0,-25440.0
2026-02-21,8720260220020011,5,0.0,0,500,-500.0,-5760.0,20180.0,-25940.0
2026-02-21,8720260220020012,5,0.0,0,500,-500.0,-6260.0,20180.0,-26440.0
2026-02-22,3720260220030001,1,0.0,0,100,-100.0,-6360.0,20180.0,-26540.0
2026-02-22,3720260220030007,1,0.0,0,100,-100.0,-6460.0,20180.0,-26640.0
2026-02-22,4420260220030005,1,0.0,0,100,-100.0,-6560.0,20180.0,-26740.0
2026-02-22,7420260222010008,1,0.0,0,100,-100.0,-6660.0,20180.0,-26840.0
2026-02-22,8720260220030001,5,0.0,0,500,-500.0,-7160.0,20180.0,-27340.0
2026-02-22,8720260220030002,5,0.0,0,500,-500.0,-7660.0,20180.0,-27840.0
2026-02-22,8720260220030003,5,0.0,0,500,-500.0,-8160.0,20180.0,-28340.0
2026-02-22,8720260220030004,5,0.0,0,500,-500.0,-8660.0,20180.0,-28840.0
2026-02-22,8720260220030005,5,0.0,0,500,-500.0,-9160.0,20180.0,-29340.0
2026-02-22,8720260220030006,5,0.0,0,500,-500.0,-9660.0,20180.0,-29840.0
2026-02-22,8720260220030007,5,0.0,0,500,-500.0,-10160.0,20180.0,-30340.0
2026-02-22,8720260220030008,5,0.0,0,500,-500.0,-10660.0,20180.0,-30840.0
2026-02-22,8720260220030009,5,0.0,0,500,-500.0,-11160.0,20180.0,-31340.0
2026-02-22,8720260220030010,5,0.0,0,500,-500.0,-11660.0,20180.0,-31840.0
2026-02-22,8720260220030011,5,0.0,0,500,-500.0,-12160.0,20180.0,-32340.0
2026-02-22,8720260220030012,5,0.0,0,500,-500.0,-12660.0,20180.0,-32840.0
2026-02-23,4520260223010005,1,0.0,0,100,-100.0,-12760.0,20180.0,-32940.0
2026-02-23,6120260223010004,1,0.0,0,100,-100.0,-12860.0,20180.0,-33040.0
2026-02-23,6320260221030011,1,0.0,0,100,-100.0,-12960.0,20180.0,-33140.0
2026-02-23,7420260222020002,1,0.0,0,100,-100.0,-13060.0,20180.0,-33240.0
2026-02-23,7420260222020011,1,0.0,0,100,-100.0,-13160.0,20180.0,-33340.0
2026-02-23,8720260220040001,5,0.0,0,500,-500.0,-13660.0,20180.0,-33840.0
2026-02-23,8720260220040002,5,0.0,0,500,-500.0,-14160.0,20180.0,-34340.0
2026-02-23,8720260220040003,5,0.0,0,500,-500.0,-14660.0,20180.0,-34840.0
2026-02-23,8720260220040004,5,0.0,0,500,-500.0,-15160.0,20180.0,-35340.0
2026-02-23,8720260220040005,5,0.0,0,500,-500.0,-15660.0,20180.0,-35840.0
2026-02-23,8720260220040006,5,0.0,0,500,-500.0,-16160.0,20180.0,-36340.0
2026-02-23,8720260220040007,5,0.0,0,500,-500.0,-16660.0,20180.0,-36840.0
2026-02-23,8720260220040008,5,0.0,0,500,-500.0,-17160.0,20180.0,-37340.0
2026-02-23,8720260220040009,5,0.0,0,500,-500.0,-17660.0,20180.0,-37840.0
2026-02-23,8720260220040010,5,0.0,0,500,-500.0,-18160.0,20180.0,-38340.0
2026-02-23,8720260220040011,5,0.0,0,500,-500.0,-18660.0,20180.0,-38840.0
2026-02-23,8720260220040012,1,0.0,0,100,-100.0,-18760.0,20180.0,-38940.0
2026-02-24,4520260223020006,1,0.0,0,100,-100.0,-18860.0,20180.0,-39040.0
2026-02-25,2220260225010005,1,0.0,0,100,-100.0,-18960.0,20180.0,-39140.0
2026-02-25,2220260225010007,1,0.0,0,100,-100.0,-19060.0,20180.0,-39240.0
2026-02-25,2220260225010012,1,3030.0,1,100,2930.0,-16130.0,20180.0,-36310.0
2026-02-25,3520260223030005,1,0.0,0,100,-100.0,-16230.0,20180.0,-36410.0
2026-02-25,3620260225010007,1,0.0,0,100,-100.0,-16330.0,20180.0,-36510.0
2026-02-25,4520260223030001,1,0.0,0,100,-100.0,-16430.0,20180.0,-36610.0
2026-02-25,4520260223030004,1,0.0,0,100,-100.0,-16530.0,20180.0,-36710.0
2026-02-25,5620260224020010,1,0.0,0,100,-100.0,-16630.0,20180.0,-36810.0
2026-02-26,2320260225020009,1,0.0,0,100,-100.0,-16730.0,20180.0,-36910.0
2026-02-26,5620260224030004,1,0.0,0,100,-100.0,-16830.0,20180.0,-37010.0
2026-02-26,8120260226010007,5,0.0,0,500,-500.0,-17330.0,20180.0,-37510.0
2026-02-27,2220260225030007,1,0.0,0,100,-100.0,-17430.0,20180.0,-37610.0
2026-02-27,2320260225030002,1,0.0,0,100,-100.0,-17530.0,20180.0,-37710.0
2026-02-27,2320260225030005,1,0.0,0,100,-100.0,-17630.0,20180.0,-37810.0
2026-02-27,2320260225030006,1,0.0,0,100,-100.0,-17730.0,20180.0,-37910.0
2026-02-27,4720260226020001,1,0.0,0,100,-100.0,-17830.0,20180.0,-38010.0
2026-02-27,5320260227010001,1,0.0,0,100,-100.0,-17930.0,20180.0,-38110.0
2026-02-27,5320260227010004,1,0.0,0,100,-100.0,-18030.0,20180.0,-38210.0
2026-02-27,7520260227010002,1,0.0,0,100,-100.0,-18130.0,20180.0,-38310.0
2026-02-28,4420260228010001,5,0.0,0,500,-500.0,-18630.0,20180.0,-38810.0
2026-02-28,4420260228010002,5,0.0,0,500,-500.0,-19130.0,20180.0,-39310.0
2026-02-28,4420260228010003,5,0.0,0,500,-500.0,-19630.0,20180.0,-39810.0
2026-02-28,4420260228010005,5,0.0,0,500,-500.0,-20130.0,20180.0,-40310.0
2026-02-28,4420260228010006,5,0.0,0,500,-500.0,-20630.0,20180.0,-40810.0
2026-02-28,4420260228010007,5,0.0,0,500,-500.0,-21130.0,20180.0,-41310.0
2026-02-28,4420260228010008,7,0.0,0,700,-700.0,-21830.0,20180.0,-42010.0
2026-02-28,4420260228010010,5,0.0,0,500,-500.0,-22330.0,20180.0,-42510.0
2026-02-28,4420260228010011,5,0.0,0,500,-500.0,-22830.0,20180.0,-43010.0
2026-02-28,4420260228010012,4,0.0,0,400,-400.0,-23230.0,20180.0,-43410.0
2026-02-28,4720260226030005,1,0.0,0,100,-100.0,-23330.0,20180.0,-43510.0
2026-02-28,5520260228010001,1,0.0,0,100,-100.0,-23430.0,20180.0,-43610.0
2026-02-28,6220260228010004,2,0.0,0,200,-200.0,-23630.0,20180.0,-43810.0
2026-02-28,7520260227020006,2,0.0,0,200,-200.0,-23830.0,20180.0,-44010.0
2026-02-28,7520260227020011,1,0.0,0,100,-100.0,-23930.0,20180.0,-44110.0
2026-03-01,4420260228020001,5,0.0,0,500,-500.0,-24430.0,20180.0,-44610.0
2026-03-01,4420260228020002,5,0.0,0,500,-500.0,-24930.0,20180.0,-45110.0
2026-03-01,4420260228020003,5,16920.0,1,500,16420.0,-8510.0,20180.0,-28690.0
2026-03-01,4420260228020004,5,0.0,0,500,-500.0,-9010.0,20180.0,-29190.0
2026-03-01,4420260228020005,5,0.0,0,500,-500.0,-9510.0,20180.0,-29690.0
2026-03-01,4420260228020007,5,0.0,0,500,-500.0,-10010.0,20180.0,-30190.0
2026-03-01,4420260228020008,5,0.0,0,500,-500.0,-10510.0,20180.0,-30690.0
2026-03-01,4420260228020011,5,0.0,0,500,-500.0,-11010.0,20180.0,-31190.0
2026-03-01,7520260227030008,2,0.0,0,200,-200.0,-11210.0,20180.0,-31390.0
2026-03-01,8320260301010002,1,0.0,0,100,-100.0,-11310.0,20180.0,-31490.0
2026-03-02,4420260228030001,1,0.0,0,100,-100.0,-11410.0,20180.0,-31590.0
2026-03-02,4420260228030002,5,0.0,0,500,-500.0,-11910.0,20180.0,-32090.0
2026-03-02,4420260228030004,5,0.0,0,500,-500.0,-12410.0,20180.0,-32590.0
2026-03-02,4420260228030005,5,0.0,0,500,-500.0,-12910.0,20180.0,-33090.0
2026-03-02,4420260228030006,5,0.0,0,500,-500.0,-13410.0,20180.0,-33590.0
2026-03-02,4420260228030007,5,0.0,0,500,-500.0,-13910.0,20180.0,-34090.0
2026-03-02,4420260228030008,5,0.0,0,500,-500.0,-14410.0,20180.0,-34590.0
2026-03-02,4420260228030009,5,0.0,0,500,-500.0,-14910.0,20180.0,-35090.0
2026-03-02,4420260228030011,3,0.0,0,300,-300.0,-15210.0,20180.0,-35390.0
2026-03-02,4420260228030012,1,0.0,0,100,-100.0,-15310.0,20180.0,-35490.0
2026-03-02,5520260228030001,2,3030.0,1,200,2830.0,-12480.0,20180.0,-32660.0
2026-03-02,6220260228030004,2,0.0,0,200,-200.0,-12680.0,20180.0,-32860.0
2026-03-03,2720260301030004,1,0.0,0,100,-100.0,-12780.0,20180.0,-32960.0
2026-03-03,4420260228040002,4,0.0,0,400,-400.0,-13180.0,20180.0,-33360.0
2026-03-03,4420260228040003,5,0.0,0,500,-500.0,-13680.0,20180.0,-33860.0
2026-03-03,4420260228040004,5,0.0,0,500,-500.0,-14180.0,20180.0,-34360.0
2026-03-03,4420260228040005,5,0.0,0,500,-500.0,-14680.0,20180.0,-34860.0
2026-03-03,4420260228040006,5,0.0,0,500,-500.0,-15180.0,20180.0,-35360.0
2026-03-03,4420260228040007,5,0.0,0,500,-500.0,-15680.0,20180.0,-35860.0
2026-03-03,4420260228040008,5,0.0,0,500,-500.0,-16180.0,20180.0,-36360.0
2026-03-03,4420260228040010,5,0.0,0,500,-500.0,-16680.0,20180.0,-36860.0
2026-03-03,4420260228040012,2,0.0,0,200,-200.0,-16880.0,20180.0,-37060.0
2026-03-04,2420260304010007,1,0.0,0,100,-100.0,-16980.0,20180.0,-37160.0
2026-03-04,2620260304010006,1,0.0,0,100,-100.0,-17080.0,20180.0,-37260.0
2026-03-04,2620260304010009,1,0.0,0,100,-100.0,-17180.0,20180.0,-37360.0
2026-03-04,4520260304010006,1,0.0,0,100,-100.0,-17280.0,20180.0,-37460.0
2026-03-05,2420260304020002,1,0.0,0,100,-100.0,-17380.0,20180.0,-37560.0
2026-03-05,2620260304020006,1,0.0,0,100,-100.0,-17480.0,20180.0,-37660.0
2026-03-05,3120260304020004,1,0.0,0,100,-100.0,-17580.0,20180.0,-37760.0
2026-03-05,3620260303030002,1,0.0,0,100,-100.0,-17680.0,20180.0,-37860.0
2026-03-05,3720260304020002,1,3050.0,1,100,2950.0,-14730.0,20180.0,-34910.0
2026-03-05,3720260304020004,2,0.0,0,200,-200.0,-14930.0,20180.0,-35110.0
2026-03-05,3720260304020010,1,0.0,0,100,-100.0,-15030.0,20180.0,-35210.0
2026-03-05,4520260304020004,1,0.0,0,100,-100.0,-15130.0,20180.0,-35310.0
2026-03-05,4520260304020006,1,0.0,0,100,-100.0,-15230.0,20180.0,-35410.0
2026-03-05,7520260305010001,6,0.0,0,600,-600.0,-15830.0,20180.0,-36010.0
2026-03-05,7520260305010002,6,0.0,0,600,-600.0,-16430.0,20180.0,-36610.0
2026-03-05,7520260305010003,5,0.0,0,500,-500.0,-16930.0,20180.0,-37110.0
2026-03-05,7520260305010004,5,0.0,0,500,-500.0,-17430.0,20180.0,-37610.0
2026-03-05,7520260305010005,5,0.0,0,500,-500.0,-17930.0,20180.0,-38110.0
2026-03-05,7520260305010006,5,0.0,0,500,-500.0,-18430.0,20180.0,-38610.0
2026-03-05,7520260305010008,5,0.0,0,500,-500.0,-18930.0,20180.0,-39110.0
2026-03-05,7520260305010009,5,0.0,0,500,-500.0,-19430.0,20180.0,-39610.0
2026-03-05,7520260305010010,3,0.0,0,300,-300.0,-19730.0,20180.0,-39910.0
2026-03-05,7520260305010011,1,0.0,0,100,-100.0,-19830.0,20180.0,-40010.0
2026-03-05,7520260305010012,5,0.0,0,500,-500.0,-20330.0,20180.0,-40510.0
2026-03-06,2420260304030001,1,0.0,0,100,-100.0,-20430.0,20180.0,-40610.0
2026-03-06,2620260304030007,1,0.0,0,100,-100.0,-20530.0,20180.0,-40710.0
2026-03-06,3720260304030012,1,0.0,0,100,-100.0,-20630.0,20180.0,-40810.0
2026-03-06,7520260305020001,5,0.0,0,500,-500.0,-21130.0,20180.0,-41310.0
2026-03-06,7520260305020002,5,0.0,0,500,-500.0,-21630.0,20180.0,-41810.0
2026-03-06,7520260305020003,5,0.0,0,500,-500.0,-22130.0,20180.0,-42310.0
2026-03-06,7520260305020005,1,0.0,0,100,-100.0,-22230.0,20180.0,-42410.0
2026-03-06,7520260305020006,5,0.0,0,500,-500.0,-22730.0,20180.0,-42910.0
2026-03-06,7520260305020007,2,0.0,0,200,-200.0,-22930.0,20180.0,-43110.0
2026-03-06,7520260305020010,3,0.0,0,300,-300.0,-23230.0,20180.0,-43410.0
2026-03-06,7520260305020012,5,0.0,0,500,-500.0,-23730.0,20180.0,-43910.0
2026-03-06,8120260306010008,1,0.0,0,100,-100.0,-23830.0,20180.0,-44010.0
2026-03-06,8720260304030003,1,0.0,0,100,-100.0,-23930.0,20180.0,-44110.0
2026-03-07,2220260307010007,1,0.0,0,100,-100.0,-24030.0,20180.0,-44210.0
2026-03-07,2220260307010011,5,0.0,0,500,-500.0,-24530.0,20180.0,-44710.0
2026-03-07,7520260305030001,5,0.0,0,500,-500.0,-25030.0,20180.0,-45210.0
2026-03-07,7520260305030002,5,0.0,0,500,-500.0,-25530.0,20180.0,-45710.0
2026-03-07,7520260305030003,5,0.0,0,500,-500.0,-26030.0,20180.0,-46210.0
2026-03-07,7520260305030004,6,0.0,0,600,-600.0,-26630.0,20180.0,-46810.0
2026-03-07,7520260305030005,5,0.0,0,500,-500.0,-27130.0,20180.0,-47310.0
2026-03-07,7520260305030006,5,0.0,0,500,-500.0,-27630.0,20180.0,-47810.0
2026-03-07,7520260305030007,6,0.0,0,600,-600.0,-28230.0,20180.0,-48410.0
2026-03-07,7520260305030008,5,0.0,0,500,-500.0,-28730.0,20180.0,-48910.0
2026-03-07,7520260305030009,5,0.0,0,500,-500.0,-29230.0,20180.0,-49410.0
2026-03-07,7520260305030012,6,0.0,0,600,-600.0,-29830.0,20180.0,-50010.0
2026-03-07,8320260307010007,1,0.0,0,100,-100.0,-29930.0,20180.0,-50110.0
2026-03-08,3620260308010007,1,3040.0,1,100,2940.0,-26990.0,20180.0,-47170.0
2026-03-08,7520260305040002,5,0.0,0,500,-500.0,-27490.0,20180.0,-47670.0
2026-03-08,7520260305040003,5,0.0,0,500,-500.0,-27990.0,20180.0,-48170.0
2026-03-08,7520260305040004,5,0.0,0,500,-500.0,-28490.0,20180.0,-48670.0
2026-03-08,7520260305040005,5,0.0,0,500,-500.0,-28990.0,20180.0,-49170.0
2026-03-08,7520260305040006,6,0.0,0,600,-600.0,-29590.0,20180.0,-49770.0
2026-03-08,7520260305040007,5,0.0,0,500,-500.0,-30090.0,20180.0,-50270.0
2026-03-08,7520260305040008,5,0.0,0,500,-500.0,-30590.0,20180.0,-50770.0
2026-03-08,7520260305040009,5,0.0,0,500,-500.0,-31090.0,20180.0,-51270.0
2026-03-08,7520260305040010,5,0.0,0,500,-500.0,-31590.0,20180.0,-51770.0
2026-03-08,7520260305040011,5,0.0,0,500,-500.0,-32090.0,20180.0,-52270.0
2026-03-09,1320260309010012,1,0.0,0,100,-100.0,-32190.0,20180.0,-52370.0
2026-03-09,2220260307030009,1,0.0,0,100,-100.0,-32290.0,20180.0,-52470.0
2026-03-09,3620260308020002,1,0.0,0,100,-100.0,-32390.0,20180.0,-52570.0
2026-03-09,4320260307030004,1,0.0,0,100,-100.0,-32490.0,20180.0,-52670.0
2026-03-09,4320260307030005,5,0.0,0,500,-500.0,-32990.0,20180.0,-53170.0
2026-03-09,8320260307030005,1,0.0,0,100,-100.0,-33090.0,20180.0,-53270.0
2026-03-10,1320260309020001,1,0.0,0,100,-100.0,-33190.0,20180.0,-53370.0
2026-03-10,1320260309020010,2,0.0,0,200,-200.0,-33390.0,20180.0,-53570.0
2026-03-10,2420260309020106,1,0.0,0,100,-100.0,-33490.0,20180.0,-53670.0
2026-03-10,3620260308030008,1,0.0,0,100,-100.0,-33590.0,20180.0,-53770.0
2026-03-10,7420260310010002,6,0.0,0,600,-600.0,-34190.0,20180.0,-54370.0
2026-03-10,8420260309020007,1,0.0,0,100,-100.0,-34290.0,20180.0,-54470.0
2026-03-11,1320260309030008,1,0.0,0,100,-100.0,-34390.0,20180.0,-54570.0
2026-03-11,3820260310020007,5,0.0,0,500,-500.0,-34890.0,20180.0,-55070.0
2026-03-11,7420260310020003,1,0.0,0,100,-100.0,-34990.0,20180.0,-55170.0
2026-03-12,2320260312010001,5,0.0,0,500,-500.0,-35490.0,20180.0,-55670.0
2026-03-12,2320260312010002,5,0.0,0,500,-500.0,-35990.0,20180.0,-56170.0
2026-03-12,2320260312010003,5,0.0,0,500,-500.0,-36490.0,20180.0,-56670.0
2026-03-12,2320260312010004,5,0.0,0,500,-500.0,-36990.0,20180.0,-57170.0
2026-03-12,2320260312010005,5,0.0,0,500,-500.0,-37490.0,20180.0,-57670.0
2026-03-12,2320260312010006,5,0.0,0,500,-500.0,-37990.0,20180.0,-58170.0
2026-03-12,2320260312010007,5,0.0,0,500,-500.0,-38490.0,20180.0,-58670.0
2026-03-12,2320260312010008,1,0.0,0,100,-100.0,-38590.0,20180.0,-58770.0
2026-03-12,2320260312010009,5,0.0,0,500,-500.0,-39090.0,20180.0,-59270.0
2026-03-12,2320260312010010,1,0.0,0,100,-100.0,-39190.0,20180.0,-59370.0
2026-03-12,2320260312010011,3,0.0,0,300,-300.0,-39490.0,20180.0,-59670.0
2026-03-12,2320260312010012,5,0.0,0,500,-500.0,-39990.0,20180.0,-60170.0
2026-03-12,2420260309040007,1,0.0,0,100,-100.0,-40090.0,20180.0,-60270.0
2026-03-12,2420260309040010,1,0.0,0,100,-100.0,-40190.0,20180.0,-60370.0
2026-03-12,2620260312010004,5,0.0,0,500,-500.0,-40690.0,20180.0,-60870.0
2026-03-12,2620260312010005,5,0.0,0,500,-500.0,-41190.0,20180.0,-61370.0
2026-03-12,2620260312010006,5,0.0,0,500,-500.0,-41690.0,20180.0,-61870.0
2026-03-12,2620260312010007,5,0.0,0,500,-500.0,-42190.0,20180.0,-62370.0
2026-03-12,2620260312010008,5,0.0,0,500,-500.0,-42690.0,20180.0,-62870.0
2026-03-12,2620260312010009,5,0.0,0,500,-500.0,-43190.0,20180.0,-63370.0
2026-03-12,2620260312010010,5,0.0,0,500,-500.0,-43690.0,20180.0,-63870.0
2026-03-12,2620260312010012,5,0.0,0,500,-500.0,-44190.0,20180.0,-64370.0
2026-03-12,3820260310030003,1,0.0,0,100,-100.0,-44290.0,20180.0,-64470.0
2026-03-12,5520260312010001,1,0.0,0,100,-100.0,-44390.0,20180.0,-64570.0
2026-03-12,7420260310030007,1,0.0,0,100,-100.0,-44490.0,20180.0,-64670.0
2026-03-13,2320260312020001,5,18900.0,1,500,18400.0,-26090.0,20180.0,-46270.0
2026-03-13,2320260312020002,5,0.0,0,500,-500.0,-26590.0,20180.0,-46770.0
2026-03-13,2320260312020003,5,0.0,0,500,-500.0,-27090.0,20180.0,-47270.0
2026-03-13,2320260312020004,5,0.0,0,500,-500.0,-27590.0,20180.0,-47770.0
2026-03-13,2320260312020005,5,0.0,0,500,-500.0,-28090.0,20180.0,-48270.0
2026-03-13,2320260312020007,5,0.0,0,500,-500.0,-28590.0,20180.0,-48770.0
2026-03-13,2320260312020008,4,11370.0,1,400,10970.0,-17620.0,20180.0,-37800.0
2026-03-13,2320260312020009,5,0.0,0,500,-500.0,-18120.0,20180.0,-38300.0
2026-03-13,2320260312020010,5,0.0,0,500,-500.0,-18620.0,20180.0,-38800.0
2026-03-13,2320260312020011,5,0.0,0,500,-500.0,-19120.0,20180.0,-39300.0
2026-03-13,2620260312020004,5,0.0,0,500,-500.0,-19620.0,20180.0,-39800.0
2026-03-13,2620260312020005,5,0.0,0,500,-500.0,-20120.0,20180.0,-40300.0
2026-03-13,2620260312020006,5,0.0,0,500,-500.0,-20620.0,20180.0,-40800.0
2026-03-13,2620260312020007,5,0.0,0,500,-500.0,-21120.0,20180.0,-41300.0
2026-03-13,2620260312020008,6,0.0,0,600,-600.0,-21720.0,20180.0,-41900.0
2026-03-13,2620260312020009,5,18020.0,1,500,17520.0,-4200.0,20180.0,-24380.0
2026-03-13,2620260312020010,5,0.0,0,500,-500.0,-4700.0,20180.0,-24880.0
2026-03-13,2620260312020011,5,0.0,0,500,-500.0,-5200.0,20180.0,-25380.0
2026-03-13,2620260312020012,5,0.0,0,500,-500.0,-5700.0,20180.0,-25880.0
2026-03-13,4420260313010009,1,0.0,0,100,-100.0,-5800.0,20180.0,-25980.0
2026-03-13,5520260312020004,1,3390.0,1,100,3290.0,-2510.0,20180.0,-22690.0
2026-03-13,7520260313010006,1,0.0,0,100,-100.0,-2610.0,20180.0,-22790.0
2026-03-13,7520260313010007,1,0.0,0,100,-100.0,-2710.0,20180.0,-22890.0
2026-03-14,2320260312030001,5,0.0,0,500,-500.0,-3210.0,20180.0,-23390.0
2026-03-14,2320260312030003,5,0.0,0,500,-500.0,-3710.0,20180.0,-23890.0
2026-03-14,2320260312030004,5,0.0,0,500,-500.0,-4210.0,20180.0,-24390.0
2026-03-14,2320260312030005,5,0.0,0,500,-500.0,-4710.0,20180.0,-24890.0
2026-03-14,2320260312030006,5,13690.0,1,500,13190.0,8480.0,20180.0,-11700.0
2026-03-14,2320260312030007,4,0.0,0,400,-400.0,8080.0,20180.0,-12100.0
2026-03-14,2320260312030008,5,0.0,0,500,-500.0,7580.0,20180.0,-12600.0
2026-03-14,2320260312030009,5,0.0,0,500,-500.0,7080.0,20180.0,-13100.0
2026-03-14,2320260312030010,5,0.0,0,500,-500.0,6580.0,20180.0,-13600.0
2026-03-14,2320260312030011,6,0.0,0,600,-600.0,5980.0,20180.0,-14200.0
2026-03-14,2620260312030004,5,16950.0,1,500,16450.0,22430.0,22430.0,0.0
2026-03-14,2620260312030005,4,0.0,0,400,-400.0,22030.0,22430.0,-400.0
2026-03-14,2620260312030007,5,0.0,0,500,-500.0,21530.0,22430.0,-900.0
2026-03-14,2620260312030008,5,0.0,0,500,-500.0,21030.0,22430.0,-1400.0
2026-03-14,2620260312030009,5,0.0,0,500,-500.0,20530.0,22430.0,-1900.0
2026-03-14,2620260312030010,5,0.0,0,500,-500.0,20030.0,22430.0,-2400.0
2026-03-14,2620260312030011,5,0.0,0,500,-500.0,19530.0,22430.0,-2900.0
2026-03-14,2620260312030012,5,0.0,0,500,-500.0,19030.0,22430.0,-3400.0
2026-03-14,4320260314010001,1,0.0,0,100,-100.0,18930.0,22430.0,-3500.0
2026-03-14,4320260314010002,1,0.0,0,100,-100.0,18830.0,22430.0,-3600.0
2026-03-14,4320260314010007,1,0.0,0,100,-100.0,18730.0,22430.0,-3700.0
2026-03-14,4420260313020005,1,0.0,0,100,-100.0,18630.0,22430.0,-3800.0
2026-03-14,5320260314010006,1,0.0,0,100,-100.0,18530.0,22430.0,-3900.0
2026-03-14,5520260312030005,1,0.0,0,100,-100.0,18430.0,22430.0,-4000.0
2026-03-14,7520260313020003,5,18290.0,1,500,17790.0,36220.0,36220.0,0.0
2026-03-15,2320260312040002,5,11470.0,1,500,10970.0,47190.0,47190.0,0.0
2026-03-15,2320260312040003,5,0.0,0,500,-500.0,46690.0,47190.0,-500.0
2026-03-15,2320260312040004,5,0.0,0,500,-500.0,46190.0,47190.0,-1000.0
2026-03-15,2320260312040005,5,0.0,0,500,-500.0,45690.0,47190.0,-1500.0
2026-03-15,2320260312040006,5,0.0,0,500,-500.0,45190.0,47190.0,-2000.0
2026-03-15,2320260312040007,5,0.0,0,500,-500.0,44690.0,47190.0,-2500.0
2026-03-15,2320260312040008,5,0.0,0,500,-500.0,44190.0,47190.0,-3000.0
2026-03-15,2320260312040010,5,0.0,0,500,-500.0,43690.0,47190.0,-3500.0
2026-03-15,2320260312040011,5,0.0,0,500,-500.0,43190.0,47190.0,-4000.0
2026-03-15,2320260312040012,5,0.0,0,500,-500.0,42690.0,47190.0,-4500.0
2026-03-15,2620260312040003,5,18840.0,1,500,18340.0,61030.0,61030.0,0.0
2026-03-15,2620260312040004,5,0.0,0,500,-500.0,60530.0,61030.0,-500.0
2026-03-15,2620260312040005,5,0.0,0,500,-500.0,60030.0,61030.0,-1000.0
2026-03-15,2620260312040006,5,0.0,0,500,-500.0,59530.0,61030.0,-1500.0
2026-03-15,2620260312040007,5,0.0,0,500,-500.0,59030.0,61030.0,-2000.0
2026-03-15,2620260312040008,5,0.0,0,500,-500.0,58530.0,61030.0,-2500.0
2026-03-15,2620260312040009,5,0.0,0,500,-500.0,58030.0,61030.0,-3000.0
2026-03-15,2620260312040010,5,0.0,0,500,-500.0,57530.0,61030.0,-3500.0
2026-03-15,2620260312040012,5,0.0,0,500,-500.0,57030.0,61030.0,-4000.0
2026-03-15,4320260314020004,1,0.0,0,100,-100.0,56930.0,61030.0,-4100.0
2026-03-15,4420260313030002,1,0.0,0,100,-100.0,56830.0,61030.0,-4200.0
2026-03-15,5320260314020002,1,0.0,0,100,-100.0,56730.0,61030.0,-4300.0
2026-03-15,6220260313030008,1,0.0,0,100,-100.0,56630.0,61030.0,-4400.0
2026-03-16,4320260314030001,6,0.0,0,600,-600.0,56030.0,61030.0,-5000.0
2026-03-16,5320260314030007,2,0.0,0,200,-200.0,55830.0,61030.0,-5200.0
2026-03-16,5320260314030008,1,0.0,0,100,-100.0,55730.0,61030.0,-5300.0
2026-03-16,6120260316010011,1,0.0,0,100,-100.0,55630.0,61030.0,-5400.0
2026-03-17,3120260316020002,1,0.0,0,100,-100.0,55530.0,61030.0,-5500.0
2026-03-17,3620260316020009,1,0.0,0,100,-100.0,55430.0,61030.0,-5600.0
2026-03-17,4220260317010006,1,0.0,0,100,-100.0,55330.0,61030.0,-5700.0
2026-03-17,6120260316020009,5,0.0,0,500,-500.0,54830.0,61030.0,-6200.0
2026-03-17,6120260316020010,1,0.0,0,100,-100.0,54730.0,61030.0,-6300.0
2026-03-17,7420260316020002,1,0.0,0,100,-100.0,54630.0,61030.0,-6400.0
2026-03-18,3120260316030008,1,0.0,0,100,-100.0,54530.0,61030.0,-6500.0
2026-03-18,3620260316030011,1,0.0,0,100,-100.0,54430.0,61030.0,-6600.0
2026-03-18,3620260316030012,1,0.0,0,100,-100.0,54330.0,61030.0,-6700.0
2026-03-18,5520260317020005,1,0.0,0,100,-100.0,54230.0,61030.0,-6800.0
2026-03-18,5520260317020006,1,0.0,0,100,-100.0,54130.0,61030.0,-6900.0
2026-03-18,6120260316030001,1,0.0,0,100,-100.0,54030.0,61030.0,-7000.0
2026-03-19,1320260319010001,1,0.0,0,100,-100.0,53930.0,61030.0,-7100.0
2026-03-19,4220260317030012,1,0.0,0,100,-100.0,53830.0,61030.0,-7200.0
2026-03-19,5520260317030001,5,0.0,0,500,-500.0,53330.0,61030.0,-7700.0
2026-03-19,6320260319010001,5,0.0,0,500,-500.0,52830.0,61030.0,-8200.0
2026-03-19,6320260319010002,5,0.0,0,500,-500.0,52330.0,61030.0,-8700.0
2026-03-19,6320260319010003,5,19750.0,1,500,19250.0,71580.0,71580.0,0.0
2026-03-19,6320260319010004,5,0.0,0,500,-500.0,71080.0,71580.0,-500.0
2026-03-19,6320260319010005,5,0.0,0,500,-500.0,70580.0,71580.0,-1000.0
2026-03-19,6320260319010006,5,0.0,0,500,-500.0,70080.0,71580.0,-1500.0
2026-03-19,6320260319010007,5,0.0,0,500,-500.0,69580.0,71580.0,-2000.0
2026-03-19,6320260319010008,5,0.0,0,500,-500.0,69080.0,71580.0,-2500.0
2026-03-19,6320260319010009,5,0.0,0,500,-500.0,68580.0,71580.0,-3000.0
2026-03-20,2220260320010008,1,0.0,0,100,-100.0,68480.0,71580.0,-3100.0
2026-03-20,2220260320010011,1,0.0,0,100,-100.0,68380.0,71580.0,-3200.0
2026-03-20,6320260319020001,5,0.0,0,500,-500.0,67880.0,71580.0,-3700.0
2026-03-20,6320260319020002,5,0.0,0,500,-500.0,67380.0,71580.0,-4200.0
2026-03-20,6320260319020003,5,0.0,0,500,-500.0,66880.0,71580.0,-4700.0
2026-03-20,6320260319020004,5,0.0,0,500,-500.0,66380.0,71580.0,-5200.0
2026-03-20,6320260319020005,5,0.0,0,500,-500.0,65880.0,71580.0,-5700.0
2026-03-20,6320260319020006,5,0.0,0,500,-500.0,65380.0,71580.0,-6200.0
2026-03-20,6320260319020007,5,0.0,0,500,-500.0,64880.0,71580.0,-6700.0
2026-03-20,6320260319020008,4,0.0,0,400,-400.0,64480.0,71580.0,-7100.0
2026-03-20,6320260319020009,5,0.0,0,500,-500.0,63980.0,71580.0,-7600.0
2026-03-20,6320260319020010,5,0.0,0,500,-500.0,63480.0,71580.0,-8100.0
2026-03-20,6320260319020011,5,0.0,0,500,-500.0,62980.0,71580.0,-8600.0
2026-03-20,6320260319020012,1,0.0,0,100,-100.0,62880.0,71580.0,-8700.0
2026-03-21,1320260319030002,1,0.0,0,100,-100.0,62780.0,71580.0,-8800.0
2026-03-21,2220260320020002,1,0.0,0,100,-100.0,62680.0,71580.0,-8900.0
2026-03-21,6320260319030001,5,0.0,0,500,-500.0,62180.0,71580.0,-9400.0
2026-03-21,6320260319030002,5,0.0,0,500,-500.0,61680.0,71580.0,-9900.0
2026-03-21,6320260319030003,5,0.0,0,500,-500.0,61180.0,71580.0,-10400.0
2026-03-21,6320260319030004,5,0.0,0,500,-500.0,60680.0,71580.0,-10900.0
2026-03-21,6320260319030005,5,0.0,0,500,-500.0,60180.0,71580.0,-11400.0
2026-03-21,6320260319030006,5,0.0,0,500,-500.0,59680.0,71580.0,-11900.0
2026-03-21,6320260319030007,5,0.0,0,500,-500.0,59180.0,71580.0,-12400.0
2026-03-21,6320260319030008,5,0.0,0,500,-500.0,58680.0,71580.0,-12900.0
2026-03-21,6320260319030009,5,0.0,0,500,-500.0,58180.0,71580.0,-13400.0
2026-03-21,6320260319030010,5,0.0,0,500,-500.0,57680.0,71580.0,-13900.0
2026-03-21,6320260319030012,4,0.0,0,400,-400.0,57280.0,71580.0,-14300.0
2026-03-21,8120260319030007,1,0.0,0,100,-100.0,57180.0,71580.0,-14400.0
2026-03-21,8720260320020010,1,0.0,0,100,-100.0,57080.0,71580.0,-14500.0
2026-03-22,4720260322010002,2,0.0,0,200,-200.0,56880.0,71580.0,-14700.0
2026-03-22,6320260319040001,5,0.0,0,500,-500.0,56380.0,71580.0,-15200.0
2026-03-22,6320260319040002,5,0.0,0,500,-500.0,55880.0,71580.0,-15700.0
2026-03-22,6320260319040003,5,0.0,0,500,-500.0,55380.0,71580.0,-16200.0
2026-03-22,6320260319040004,5,0.0,0,500,-500.0,54880.0,71580.0,-16700.0
2026-03-22,6320260319040005,5,17550.0,1,500,17050.0,71930.0,71930.0,0.0
2026-03-22,6320260319040006,5,0.0,0,500,-500.0,71430.0,71930.0,-500.0
2026-03-22,6320260319040007,5,0.0,0,500,-500.0,70930.0,71930.0,-1000.0
2026-03-22,6320260319040008,4,0.0,0,400,-400.0,70530.0,71930.0,-1400.0
2026-03-22,6320260319040009,5,10820.0,1,500,10320.0,80850.0,80850.0,0.0
2026-03-22,6320260319040010,5,0.0,0,500,-500.0,80350.0,80850.0,-500.0
2026-03-22,6320260319040011,2,0.0,0,200,-200.0,80150.0,80850.0,-700.0
2026-03-22,6320260319040012,3,0.0,0,300,-300.0,79850.0,80850.0,-1000.0
2026-03-22,8720260320030008,1,0.0,0,100,-100.0,79750.0,80850.0,-1100.0
2026-03-23,2620260322020007,1,0.0,0,100,-100.0,79650.0,80850.0,-1200.0
2026-03-23,4320260322020003,5,0.0,0,500,-500.0,79150.0,80850.0,-1700.0
2026-03-23,6220260323010002,1,0.0,0,100,-100.0,79050.0,80850.0,-1800.0
2026-03-24,2820260322030004,1,0.0,0,100,-100.0,78950.0,80850.0,-1900.0
2026-03-24,3820260323020004,1,0.0,0,100,-100.0,78850.0,80850.0,-2000.0
2026-03-24,6220260323020001,1,0.0,0,100,-100.0,78750.0,80850.0,-2100.0
2026-03-24,6220260323020004,2,0.0,0,200,-200.0,78550.0,80850.0,-2300.0
2026-03-25,4420260325010005,1,0.0,0,100,-100.0,78450.0,80850.0,-2400.0
2026-03-25,5620260325010002,1,0.0,0,100,-100.0,78350.0,80850.0,-2500.0
2026-03-25,5620260325010006,1,0.0,0,100,-100.0,78250.0,80850.0,-2600.0
2026-03-26,2320260324030003,1,0.0,0,100,-100.0,78150.0,80850.0,-2700.0
2026-03-26,3620260326010002,1,0.0,0,100,-100.0,78050.0,80850.0,-2800.0
2026-03-26,4420260325020004,1,0.0,0,100,-100.0,77950.0,80850.0,-2900.0
2026-03-26,5620260325020005,1,0.0,0,100,-100.0,77850.0,80850.0,-3000.0
2026-03-26,6120260326010003,1,0.0,0,100,-100.0,77750.0,80850.0,-3100.0
2026-03-26,6120260326010011,5,0.0,0,500,-500.0,77250.0,80850.0,-3600.0
2026-03-26,8620260324030002,1,0.0,0,100,-100.0,77150.0,80850.0,-3700.0
2026-03-26,8620260324030003,1,0.0,0,100,-100.0,77050.0,80850.0,-3800.0
2026-03-26,8620260324030010,1,0.0,0,100,-100.0,76950.0,80850.0,-3900.0
2026-03-27,3620260326020003,1,0.0,0,100,-100.0,76850.0,80850.0,-4000.0
2026-03-27,5620260325030006,1,0.0,0,100,-100.0,76750.0,80850.0,-4100.0
2026-03-27,6120260326020006,1,0.0,0,100,-100.0,76650.0,80850.0,-4200.0
2026-03-27,6120260326020007,1,0.0,0,100,-100.0,76550.0,80850.0,-4300.0
2026-03-28,4520260328010001,5,0.0,0,500,-500.0,76050.0,80850.0,-4800.0
2026-03-28,4520260328010002,5,0.0,0,500,-500.0,75550.0,80850.0,-5300.0
2026-03-28,4520260328010003,5,0.0,0,500,-500.0,75050.0,80850.0,-5800.0
2026-03-28,4520260328010004,5,0.0,0,500,-500.0,74550.0,80850.0,-6300.0
2026-03-28,4520260328010005,5,0.0,0,500,-500.0,74050.0,80850.0,-6800.0
2026-03-28,4520260328010010,2,0.0,0,200,-200.0,73850.0,80850.0,-7000.0
2026-03-28,4520260328010011,2,0.0,0,200,-200.0,73650.0,80850.0,-7200.0
2026-03-28,4520260328010012,6,0.0,0,600,-600.0,73050.0,80850.0,-7800.0
2026-03-28,8120260326030008,1,0.0,0,100,-100.0,72950.0,80850.0,-7900.0
2026-03-28,8120260326030009,1,0.0,0,100,-100.0,72850.0,80850.0,-8000.0
2026-03-29,2820260328020002,1,0.0,0,100,-100.0,72750.0,80850.0,-8100.0
2026-03-29,3520260329010006,1,0.0,0,100,-100.0,72650.0,80850.0,-8200.0
2026-03-29,3720260329010006,1,0.0,0,100,-100.0,72550.0,80850.0,-8300.0
2026-03-29,3720260329010012,1,0.0,0,100,-100.0,72450.0,80850.0,-8400.0
2026-03-29,4520260328020001,5,0.0,0,500,-500.0,71950.0,80850.0,-8900.0
2026-03-29,4520260328020002,6,0.0,0,600,-600.0,71350.0,80850.0,-9500.0
2026-03-29,4520260328020003,5,0.0,0,500,-500.0,70850.0,80850.0,-10000.0
2026-03-29,4520260328020004,5,0.0,0,500,-500.0,70350.0,80850.0,-10500.0
2026-03-29,4520260328020006,5,0.0,0,500,-500.0,69850.0,80850.0,-11000.0
2026-03-29,4520260328020007,5,0.0,0,500,-500.0,69350.0,80850.0,-11500.0
2026-03-29,4520260328020008,5,0.0,0,500,-500.0,68850.0,80850.0,-12000.0
2026-03-29,4520260328020009,5,0.0,0,500,-500.0,68350.0,80850.0,-12500.0
2026-03-29,8320260327030011,1,0.0,0,100,-100.0,68250.0,80850.0,-12600.0
2026-03-30,2820260328030001,1,0.0,0,100,-100.0,68150.0,80850.0,-12700.0
2026-03-30,3520260329020001,2,0.0,0,200,-200.0,67950.0,80850.0,-12900.0
2026-03-30,3720260329020012,1,0.0,0,100,-100.0,67850.0,80850.0,-13000.0
2026-03-30,4520260328030004,5,0.0,0,500,-500.0,67350.0,80850.0,-13500.0
2026-03-30,4520260328030005,5,0.0,0,500,-500.0,66850.0,80850.0,-14000.0
2026-03-30,4520260328030006,5,0.0,0,500,-500.0,66350.0,80850.0,-14500.0
2026-03-30,4520260328030007,6,0.0,0,600,-600.0,65750.0,80850.0,-15100.0
2026-03-30,4520260328030008,5,0.0,0,500,-500.0,65250.0,80850.0,-15600.0
2026-03-30,4520260328030009,5,0.0,0,500,-500.0,64750.0,80850.0,-16100.0
2026-03-30,4520260328030010,5,0.0,0,500,-500.0,64250.0,80850.0,-16600.0
2026-03-30,4520260328030011,5,0.0,0,500,-500.0,63750.0,80850.0,-17100.0
2026-03-30,4520260328030012,5,0.0,0,500,-500.0,63250.0,80850.0,-17600.0
2026-03-31,3520260329030008,1,0.0,0,100,-100.0,63150.0,80850.0,-17700.0
2026-03-31,3720260329030002,1,0.0,0,100,-100.0,63050.0,80850.0,-17800.0
2026-03-31,4520260328040001,1,0.0,0,100,-100.0,62950.0,80850.0,-17900.0
2026-03-31,4520260328040004,6,0.0,0,600,-600.0,62350.0,80850.0,-18500.0
2026-03-31,4520260328040007,5,0.0,0,500,-500.0,61850.0,80850.0,-19000.0
2026-03-31,4520260328040008,5,0.0,0,500,-500.0,61350.0,80850.0,-19500.0
2026-03-31,4520260328040009,5,0.0,0,500,-500.0,60850.0,80850.0,-20000.0
2026-03-31,4520260328040010,5,0.0,0,500,-500.0,60350.0,80850.0,-20500.0
2026-03-31,4520260328040011,5,0.0,0,500,-500.0,59850.0,80850.0,-21000.0
2026-03-31,4520260328040012,5,11240.0,1,500,10740.0,70590.0,80850.0,-10260.0
2026-04-01,2420260401010005,1,0.0,0,100,-100.0,70490.0,80850.0,-10360.0
2026-04-01,2720260401010011,1,0.0,0,100,-100.0,70390.0,80850.0,-10460.0
2026-04-01,4220260401010005,1,0.0,0,100,-100.0,70290.0,80850.0,-10560.0
2026-04-01,5620260401010001,1,0.0,0,100,-100.0,70190.0,80850.0,-10660.0
2026-04-02,2720260401020004,1,0.0,0,100,-100.0,70090.0,80850.0,-10760.0
2026-04-02,2720260401020012,1,0.0,0,100,-100.0,69990.0,80850.0,-10860.0
2026-04-02,3620260401020006,1,0.0,0,100,-100.0,69890.0,80850.0,-10960.0
2026-04-02,3720260402010001,6,11630.0,1,600,11030.0,80920.0,80920.0,0.0
2026-04-02,3720260402010002,5,0.0,0,500,-500.0,80420.0,80920.0,-500.0
2026-04-02,3720260402010003,5,0.0,0,500,-500.0,79920.0,80920.0,-1000.0
2026-04-02,3720260402010004,5,0.0,0,500,-500.0,79420.0,80920.0,-1500.0
2026-04-02,3720260402010005,5,0.0,0,500,-500.0,78920.0,80920.0,-2000.0
2026-04-02,3720260402010006,5,0.0,0,500,-500.0,78420.0,80920.0,-2500.0
2026-04-02,3720260402010007,6,0.0,0,600,-600.0,77820.0,80920.0,-3100.0
2026-04-02,3720260402010008,5,0.0,0,500,-500.0,77320.0,80920.0,-3600.0
2026-04-02,3720260402010009,5,0.0,0,500,-500.0,76820.0,80920.0,-4100.0
2026-04-02,3720260402010012,5,0.0,0,500,-500.0,76320.0,80920.0,-4600.0
2026-04-02,5620260401020002,1,0.0,0,100,-100.0,76220.0,80920.0,-4700.0
2026-04-02,5620260401020003,1,0.0,0,100,-100.0,76120.0,80920.0,-4800.0
2026-04-02,5620260401020005,1,0.0,0,100,-100.0,76020.0,80920.0,-4900.0
2026-04-02,5620260401020011,1,0.0,0,100,-100.0,75920.0,80920.0,-5000.0
2026-04-02,8420260402010006,1,0.0,0,100,-100.0,75820.0,80920.0,-5100.0
2026-04-03,2420260401030007,1,0.0,0,100,-100.0,75720.0,80920.0,-5200.0
2026-04-03,3720260402020001,5,0.0,0,500,-500.0,75220.0,80920.0,-5700.0
2026-04-03,3720260402020002,5,0.0,0,500,-500.0,74720.0,80920.0,-6200.0
2026-04-03,3720260402020006,5,0.0,0,500,-500.0,74220.0,80920.0,-6700.0
2026-04-03,3720260402020008,5,0.0,0,500,-500.0,73720.0,80920.0,-7200.0
2026-04-03,3720260402020009,3,0.0,0,300,-300.0,73420.0,80920.0,-7500.0
2026-04-03,5620260401030002,1,0.0,0,100,-100.0,73320.0,80920.0,-7600.0
2026-04-03,8420260402020002,1,0.0,0,100,-100.0,73220.0,80920.0,-7700.0
2026-04-03,8420260402020007,1,0.0,0,100,-100.0,73120.0,80920.0,-7800.0
2026-04-04,3720260402030001,1,0.0,0,100,-100.0,73020.0,80920.0,-7900.0
2026-04-04,3720260402030003,5,0.0,0,500,-500.0,72520.0,80920.0,-8400.0
2026-04-04,3720260402030004,5,0.0,0,500,-500.0,72020.0,80920.0,-8900.0
2026-04-04,3720260402030005,5,0.0,0,500,-500.0,71520.0,80920.0,-9400.0
2026-04-04,3720260402030007,5,0.0,0,500,-500.0,71020.0,80920.0,-9900.0
2026-04-04,3720260402030008,5,0.0,0,500,-500.0,70520.0,80920.0,-10400.0
2026-04-04,3720260402030009,5,0.0,0,500,-500.0,70020.0,80920.0,-10900.0
2026-04-04,3720260402030012,3,0.0,0,300,-300.0,69720.0,80920.0,-11200.0
2026-04-05,2220260405010005,1,0.0,0,100,-100.0,69620.0,80920.0,-11300.0
2026-04-05,3720260402040001,2,0.0,0,200,-200.0,69420.0,80920.0,-11500.0
2026-04-05,3720260402040002,6,0.0,0,600,-600.0,68820.0,80920.0,-12100.0
2026-04-05,3720260402040004,5,0.0,0,500,-500.0,68320.0,80920.0,-12600.0
2026-04-05,3720260402040005,5,0.0,0,500,-500.0,67820.0,80920.0,-13100.0
2026-04-05,3720260402040006,5,0.0,0,500,-500.0,67320.0,80920.0,-13600.0
2026-04-05,3720260402040010,5,0.0,0,500,-500.0,66820.0,80920.0,-14100.0
2026-04-05,3720260402040011,5,0.0,0,500,-500.0,66320.0,80920.0,-14600.0
2026-04-05,4520260404020006,1,0.0,0,100,-100.0,66220.0,80920.0,-14700.0
2026-04-06,1320260404030005,1,0.0,0,100,-100.0,66120.0,80920.0,-14800.0
2026-04-06,2220260405020012,1,0.0,0,100,-100.0,66020.0,80920.0,-14900.0
2026-04-06,4520260404030008,1,0.0,0,100,-100.0,65920.0,80920.0,-15000.0
2026-04-06,4720260404030005,2,0.0,0,200,-200.0,65720.0,80920.0,-15200.0
2026-04-06,7420260405020001,1,0.0,0,100,-100.0,65620.0,80920.0,-15300.0
2026-04-06,7420260405020004,1,0.0,0,100,-100.0,65520.0,80920.0,-15400.0
2026-04-06,8720260404030006,1,0.0,0,100,-100.0,65420.0,80920.0,-15500.0
2026-04-07,2220260405030012,1,0.0,0,100,-100.0,65320.0,80920.0,-15600.0
2026-04-07,3520260407010005,1,0.0,0,100,-100.0,65220.0,80920.0,-15700.0
2026-04-08,3520260407020004,1,0.0,0,100,-100.0,65120.0,80920.0,-15800.0
2026-04-08,4220260406030008,1,0.0,0,100,-100.0,65020.0,80920.0,-15900.0
2026-04-08,5320260407020007,1,0.0,0,100,-100.0,64920.0,80920.0,-16000.0
2026-04-08,6120260407020004,1,0.0,0,100,-100.0,64820.0,80920.0,-16100.0
2026-04-08,6120260407020006,1,0.0,0,100,-100.0,64720.0,80920.0,-16200.0
2026-04-09,1120260409010008,1,0.0,0,100,-100.0,64620.0,80920.0,-16300.0
2026-04-09,2620260409010001,5,0.0,0,500,-500.0,64120.0,80920.0,-16800.0
2026-04-09,2620260409010002,5,0.0,0,500,-500.0,63620.0,80920.0,-17300.0
2026-04-09,2620260409010003,5,0.0,0,500,-500.0,63120.0,80920.0,-17800.0
2026-04-09,2620260409010004,5,0.0,0,500,-500.0,62620.0,80920.0,-18300.0
2026-04-09,2620260409010005,5,0.0,0,500,-500.0,62120.0,80920.0,-18800.0
2026-04-09,2620260409010006,5,0.0,0,500,-500.0,61620.0,80920.0,-19300.0
2026-04-09,2620260409010007,5,0.0,0,500,-500.0,61120.0,80920.0,-19800.0
2026-04-09,2620260409010008,5,14120.0,1,500,13620.0,74740.0,80920.0,-6180.0
2026-04-09,2620260409010009,5,0.0,0,500,-500.0,74240.0,80920.0,-6680.0
2026-04-09,2620260409010010,5,0.0,0,500,-500.0,73740.0,80920.0,-7180.0
2026-04-09,2620260409010012,5,0.0,0,500,-500.0,73240.0,80920.0,-7680.0
2026-04-09,3620260409010003,1,0.0,0,100,-100.0,73140.0,80920.0,-7780.0
2026-04-09,3620260409010006,1,0.0,0,100,-100.0,73040.0,80920.0,-7880.0
2026-04-09,4420260408020001,1,0.0,0,100,-100.0,72940.0,80920.0,-7980.0
2026-04-09,4420260408020012,1,0.0,0,100,-100.0,72840.0,80920.0,-8080.0
2026-04-09,5320260407030004,5,0.0,0,500,-500.0,72340.0,80920.0,-8580.0
2026-04-09,8120260407030002,1,0.0,0,100,-100.0,72240.0,80920.0,-8680.0
2026-04-10,1120260409020008,1,0.0,0,100,-100.0,72140.0,80920.0,-8780.0
2026-04-10,2620260409020001,6,0.0,0,600,-600.0,71540.0,80920.0,-9380.0
2026-04-10,2620260409020002,5,0.0,0,500,-500.0,71040.0,80920.0,-9880.0
2026-04-10,2620260409020003,5,0.0,0,500,-500.0,70540.0,80920.0,-10380.0
2026-04-10,2620260409020005,5,0.0,0,500,-500.0,70040.0,80920.0,-10880.0
2026-04-10,2620260409020006,5,0.0,0,500,-500.0,69540.0,80920.0,-11380.0
2026-04-10,2620260409020009,5,0.0,0,500,-500.0,69040.0,80920.0,-11880.0
2026-04-10,3620260409020011,1,0.0,0,100,-100.0,68940.0,80920.0,-11980.0
2026-04-10,8620260410010002,1,0.0,0,100,-100.0,68840.0,80920.0,-12080.0
2026-04-11,2620260409030001,1,0.0,0,100,-100.0,68740.0,80920.0,-12180.0
2026-04-11,2620260409030004,5,0.0,0,500,-500.0,68240.0,80920.0,-12680.0
2026-04-11,2620260409030005,5,0.0,0,500,-500.0,67740.0,80920.0,-13180.0
2026-04-11,2620260409030006,5,0.0,0,500,-500.0,67240.0,80920.0,-13680.0
2026-04-11,2620260409030007,5,0.0,0,500,-500.0,66740.0,80920.0,-14180.0
2026-04-11,2620260409030008,5,0.0,0,500,-500.0,66240.0,80920.0,-14680.0
2026-04-11,2620260409030009,5,0.0,0,500,-500.0,65740.0,80920.0,-15180.0
2026-04-11,2620260409030010,5,0.0,0,500,-500.0,65240.0,80920.0,-15680.0
2026-04-11,2620260409030012,5,0.0,0,500,-500.0,64740.0,80920.0,-16180.0
2026-04-11,6320260410020004,1,0.0,0,100,-100.0,64640.0,80920.0,-16280.0
2026-04-12,1220260412010002,1,0.0,0,100,-100.0,64540.0,80920.0,-16380.0
2026-04-12,2620260409040001,1,0.0,0,100,-100.0,64440.0,80920.0,-16480.0
2026-04-12,2620260409040004,5,0.0,0,500,-500.0,63940.0,80920.0,-16980.0
2026-04-12,2620260409040005,5,0.0,0,500,-500.0,63440.0,80920.0,-17480.0
2026-04-12,2620260409040007,5,0.0,0,500,-500.0,62940.0,80920.0,-17980.0
2026-04-12,2620260409040008,5,0.0,0,500,-500.0,62440.0,80920.0,-18480.0
2026-04-12,2620260409040009,5,0.0,0,500,-500.0,61940.0,80920.0,-18980.0
2026-04-12,2620260409040010,5,0.0,0,500,-500.0,61440.0,80920.0,-19480.0
2026-04-12,2620260409040011,5,0.0,0,500,-500.0,60940.0,80920.0,-19980.0
2026-04-12,2620260409040012,5,0.0,0,500,-500.0,60440.0,80920.0,-20480.0
2026-04-12,4220260411020006,1,0.0,0,100,-100.0,60340.0,80920.0,-20580.0
2026-04-12,4620260412010002,1,0.0,0,100,-100.0,60240.0,80920.0,-20680.0
2026-04-13,1220260412020004,1,0.0,0,100,-100.0,60140.0,80920.0,-20780.0
2026-04-14,1220260412030008,1,0.0,0,100,-100.0,60040.0,80920.0,-20880.0
2026-04-14,1220260412030012,1,0.0,0,100,-100.0,59940.0,80920.0,-20980.0
2026-04-14,3720260413020001,1,0.0,0,100,-100.0,59840.0,80920.0,-21080.0
2026-04-14,3720260413020009,1,0.0,0,100,-100.0,59740.0,80920.0,-21180.0
2026-04-14,3720260413020011,1,0.0,0,100,-100.0,59640.0,80920.0,-21280.0
2026-04-14,4420260413020001,1,0.0,0,100,-100.0,59540.0,80920.0,-21380.0
2026-04-14,4420260413020008,5,0.0,0,500,-500.0,59040.0,80920.0,-21880.0
2026-04-14,7320260413020002,1,0.0,0,100,-100.0,58940.0,80920.0,-21980.0
2026-04-14,7320260413020004,1,0.0,0,100,-100.0,58840.0,80920.0,-22080.0
2026-04-14,7320260413020006,1,0.0,0,100,-100.0,58740.0,80920.0,-22180.0
2026-04-14,8720260414010003,1,0.0,0,100,-100.0,58640.0,80920.0,-22280.0
2026-04-15,1120260415010005,1,0.0,0,100,-100.0,58540.0,80920.0,-22380.0
2026-04-15,2320260414020007,1,0.0,0,100,-100.0,58440.0,80920.0,-22480.0
2026-04-15,3720260413030003,1,0.0,0,100,-100.0,58340.0,80920.0,-22580.0
2026-04-15,3720260413030009,1,0.0,0,100,-100.0,58240.0,80920.0,-22680.0
2026-04-15,4520260415010002,1,0.0,0,100,-100.0,58140.0,80920.0,-22780.0
2026-04-15,7320260413030009,1,0.0,0,100,-100.0,58040.0,80920.0,-22880.0
2026-04-15,7420260415010002,1,3070.0,1,100,2970.0,61010.0,80920.0,-19910.0
2026-04-15,7420260415010004,1,0.0,0,100,-100.0,60910.0,80920.0,-20010.0
2026-04-16,1120260415020009,1,0.0,0,100,-100.0,60810.0,80920.0,-20110.0
2026-04-16,4320260416010006,5,0.0,0,500,-500.0,60310.0,80920.0,-20610.0
2026-04-16,4520260415020007,1,3010.0,1,100,2910.0,63220.0,80920.0,-17700.0
2026-04-16,4520260415020012,1,0.0,0,100,-100.0,63120.0,80920.0,-17800.0
2026-04-16,7420260415020007,1,0.0,0,100,-100.0,63020.0,80920.0,-17900.0
2026-04-16,8720260414030003,1,0.0,0,100,-100.0,62920.0,80920.0,-18000.0
2026-04-17,1120260415030001,1,0.0,0,100,-100.0,62820.0,80920.0,-18100.0
2026-04-17,1120260415030010,1,0.0,0,100,-100.0,62720.0,80920.0,-18200.0
2026-04-17,2720260417010003,1,0.0,0,100,-100.0,62620.0,80920.0,-18300.0
2026-04-17,2720260417010007,1,0.0,0,100,-100.0,62520.0,80920.0,-18400.0
2026-04-17,2720260417010009,1,0.0,0,100,-100.0,62420.0,80920.0,-18500.0
2026-04-17,3120260416020001,1,0.0,0,100,-100.0,62320.0,80920.0,-18600.0
2026-04-17,3120260416020004,1,0.0,0,100,-100.0,62220.0,80920.0,-18700.0
2026-04-17,4520260415030005,2,0.0,0,200,-200.0,62020.0,80920.0,-18900.0
2026-04-18,3720260418010006,1,0.0,0,100,-100.0,61920.0,80920.0,-19000.0
2026-04-18,8420260418010002,5,0.0,0,500,-500.0,61420.0,80920.0,-19500.0
2026-04-18,8420260418010003,5,0.0,0,500,-500.0,60920.0,80920.0,-20000.0
2026-04-18,8420260418010004,5,0.0,0,500,-500.0,60420.0,80920.0,-20500.0
2026-04-18,8420260418010005,5,0.0,0,500,-500.0,59920.0,80920.0,-21000.0
2026-04-18,8420260418010006,5,0.0,0,500,-500.0,59420.0,80920.0,-21500.0
2026-04-18,8420260418010008,5,0.0,0,500,-500.0,58920.0,80920.0,-22000.0
2026-04-18,8420260418010010,4,0.0,0,400,-400.0,58520.0,80920.0,-22400.0
2026-04-18,8420260418010011,2,0.0,0,200,-200.0,58320.0,80920.0,-22600.0
2026-04-18,8420260418010012,5,0.0,0,500,-500.0,57820.0,80920.0,-23100.0
2026-04-19,1120260419010006,1,0.0,0,100,-100.0,57720.0,80920.0,-23200.0
2026-04-19,2520260417030003,1,0.0,0,100,-100.0,57620.0,80920.0,-23300.0
2026-04-19,3720260418020002,1,0.0,0,100,-100.0,57520.0,80920.0,-23400.0
2026-04-19,3720260418020006,1,0.0,0,100,-100.0,57420.0,80920.0,-23500.0
2026-04-19,6320260418020007,1,0.0,0,100,-100.0,57320.0,80920.0,-23600.0
2026-04-19,8420260418020001,5,0.0,0,500,-500.0,56820.0,80920.0,-24100.0
2026-04-19,8420260418020003,5,0.0,0,500,-500.0,56320.0,80920.0,-24600.0
2026-04-19,8420260418020004,5,0.0,0,500,-500.0,55820.0,80920.0,-25100.0
2026-04-19,8420260418020005,5,0.0,0,500,-500.0,55320.0,80920.0,-25600.0
2026-04-19,8420260418020006,1,0.0,0,100,-100.0,55220.0,80920.0,-25700.0
2026-04-19,8420260418020007,5,0.0,0,500,-500.0,54720.0,80920.0,-26200.0
2026-04-19,8420260418020008,5,0.0,0,500,-500.0,54220.0,80920.0,-26700.0
2026-04-19,8420260418020009,5,0.0,0,500,-500.0,53720.0,80920.0,-27200.0
2026-04-19,8420260418020010,4,0.0,0,400,-400.0,53320.0,80920.0,-27600.0
2026-04-19,8420260418020011,2,0.0,0,200,-200.0,53120.0,80920.0,-27800.0
2026-04-20,1120260419020005,1,3030.0,1,100,2930.0,56050.0,80920.0,-24870.0
2026-04-20,3720260418030003,1,0.0,0,100,-100.0,55950.0,80920.0,-24970.0
2026-04-20,4420260419020004,1,0.0,0,100,-100.0,55850.0,80920.0,-25070.0
2026-04-20,8420260418030001,5,0.0,0,500,-500.0,55350.0,80920.0,-25570.0
2026-04-20,8420260418030002,5,0.0,0,500,-500.0,54850.0,80920.0,-26070.0
2026-04-20,8420260418030004,5,0.0,0,500,-500.0,54350.0,80920.0,-26570.0
2026-04-20,8420260418030005,5,0.0,0,500,-500.0,53850.0,80920.0,-27070.0
2026-04-20,8420260418030006,5,0.0,0,500,-500.0,53350.0,80920.0,-27570.0
2026-04-20,8420260418030007,5,0.0,0,500,-500.0,52850.0,80920.0,-28070.0
2026-04-20,8420260418030008,5,15080.0,1,500,14580.0,67430.0,80920.0,-13490.0
2026-04-20,8420260418030009,5,0.0,0,500,-500.0,66930.0,80920.0,-13990.0
2026-04-20,8420260418030010,6,0.0,0,600,-600.0,66330.0,80920.0,-14590.0
2026-04-20,8420260418030012,5,0.0,0,500,-500.0,65830.0,80920.0,-15090.0
2026-04-21,2320260419030005,1,0.0,0,100,-100.0,65730.0,80920.0,-15190.0
2026-04-21,3820260421010005,5,0.0,0,500,-500.0,65230.0,80920.0,-15690.0
2026-04-21,8420260418040002,1,0.0,0,100,-100.0,65130.0,80920.0,-15790.0
2026-04-21,8420260418040004,5,0.0,0,500,-500.0,64630.0,80920.0,-16290.0
2026-04-21,8420260418040005,5,0.0,0,500,-500.0,64130.0,80920.0,-16790.0
2026-04-21,8420260418040006,5,0.0,0,500,-500.0,63630.0,80920.0,-17290.0
2026-04-21,8420260418040008,5,0.0,0,500,-500.0,63130.0,80920.0,-17790.0
2026-04-21,8420260418040009,5,0.0,0,500,-500.0,62630.0,80920.0,-18290.0
2026-04-21,8420260418040010,5,0.0,0,500,-500.0,62130.0,80920.0,-18790.0
2026-04-21,8420260418040011,5,0.0,0,500,-500.0,61630.0,80920.0,-19290.0
2026-04-21,8420260418040012,5,0.0,0,500,-500.0,61130.0,80920.0,-19790.0
2026-04-22,7320260420030005,1,0.0,0,100,-100.0,61030.0,80920.0,-19890.0
2026-04-22,7520260420030002,1,0.0,0,100,-100.0,60930.0,80920.0,-19990.0
2026-04-22,7520260420030005,2,3060.0,1,200,2860.0,63790.0,80920.0,-17130.0
2026-04-22,7520260420030006,1,0.0,0,100,-100.0,63690.0,80920.0,-17230.0
2026-04-23,2220260422020011,2,0.0,0,200,-200.0,63490.0,80920.0,-17430.0
2026-04-23,3520260423010011,1,0.0,0,100,-100.0,63390.0,80920.0,-17530.0
2026-04-23,4220260423010001,1,0.0,0,100,-100.0,63290.0,80920.0,-17630.0
2026-04-23,4220260423010003,5,0.0,0,500,-500.0,62790.0,80920.0,-18130.0
2026-04-23,4220260423010004,5,0.0,0,500,-500.0,62290.0,80920.0,-18630.0
2026-04-23,4220260423010005,5,0.0,0,500,-500.0,61790.0,80920.0,-19130.0
2026-04-23,4220260423010008,5,0.0,0,500,-500.0,61290.0,80920.0,-19630.0
2026-04-23,4220260423010010,5,0.0,0,500,-500.0,60790.0,80920.0,-20130.0
2026-04-23,4220260423010011,5,0.0,0,500,-500.0,60290.0,80920.0,-20630.0
2026-04-23,4220260423010012,5,0.0,0,500,-500.0,59790.0,80920.0,-21130.0
2026-04-23,8120260422020005,1,0.0,0,100,-100.0,59690.0,80920.0,-21230.0
2026-04-24,2220260422030009,1,0.0,0,100,-100.0,59590.0,80920.0,-21330.0
2026-04-24,3120260424010007,5,0.0,0,500,-500.0,59090.0,80920.0,-21830.0
2026-04-24,3120260424010008,5,0.0,0,500,-500.0,58590.0,80920.0,-22330.0
2026-04-24,3120260424010011,1,0.0,0,100,-100.0,58490.0,80920.0,-22430.0
2026-04-24,3520260423020005,1,0.0,0,100,-100.0,58390.0,80920.0,-22530.0
2026-04-24,4220260423020001,5,19920.0,1,500,19420.0,77810.0,80920.0,-3110.0
2026-04-24,4220260423020002,5,0.0,0,500,-500.0,77310.0,80920.0,-3610.0
2026-04-24,4220260423020006,5,0.0,0,500,-500.0,76810.0,80920.0,-4110.0
2026-04-24,4220260423020007,5,0.0,0,500,-500.0,76310.0,80920.0,-4610.0
2026-04-24,4220260423020008,6,0.0,0,600,-600.0,75710.0,80920.0,-5210.0
2026-04-24,4220260423020009,5,0.0,0,500,-500.0,75210.0,80920.0,-5710.0
2026-04-24,4220260423020011,5,0.0,0,500,-500.0,74710.0,80920.0,-6210.0
2026-04-24,4220260423020012,5,0.0,0,500,-500.0,74210.0,80920.0,-6710.0
2026-04-24,5520260423020002,1,0.0,0,100,-100.0,74110.0,80920.0,-6810.0
2026-04-24,5520260423020005,1,0.0,0,100,-100.0,74010.0,80920.0,-6910.0
2026-04-24,6120260423020008,1,0.0,0,100,-100.0,73910.0,80920.0,-7010.0
2026-04-25,1120260425010002,1,0.0,0,100,-100.0,73810.0,80920.0,-7110.0
2026-04-25,3120260424020008,5,0.0,0,500,-500.0,73310.0,80920.0,-7610.0
2026-04-25,3120260424020009,5,0.0,0,500,-500.0,72810.0,80920.0,-8110.0
2026-04-25,3120260424020010,3,0.0,0,300,-300.0,72510.0,80920.0,-8410.0
2026-04-25,3520260423030007,1,3060.0,1,100,2960.0,75470.0,80920.0,-5450.0
2026-04-25,3520260423030011,1,0.0,0,100,-100.0,75370.0,80920.0,-5550.0
2026-04-25,4220260423030004,5,0.0,0,500,-500.0,74870.0,80920.0,-6050.0
2026-04-25,4220260423030005,5,0.0,0,500,-500.0,74370.0,80920.0,-6550.0
2026-04-25,4220260423030006,5,0.0,0,500,-500.0,73870.0,80920.0,-7050.0
2026-04-25,4220260423030007,5,0.0,0,500,-500.0,73370.0,80920.0,-7550.0
2026-04-25,4220260423030009,5,0.0,0,500,-500.0,72870.0,80920.0,-8050.0
2026-04-25,4220260423030010,5,0.0,0,500,-500.0,72370.0,80920.0,-8550.0
2026-04-25,4220260423030011,5,0.0,0,500,-500.0,71870.0,80920.0,-9050.0
2026-04-25,4220260423030012,5,0.0,0,500,-500.0,71370.0,80920.0,-9550.0
2026-04-25,5320260425010005,1,0.0,0,100,-100.0,71270.0,80920.0,-9650.0
2026-04-25,5320260425010008,1,0.0,0,100,-100.0,71170.0,80920.0,-9750.0
2026-04-25,5520260423030001,5,0.0,0,500,-500.0,70670.0,80920.0,-10250.0
2026-04-25,5520260423030004,1,0.0,0,100,-100.0,70570.0,80920.0,-10350.0
2026-04-25,6120260423030010,1,0.0,0,100,-100.0,70470.0,80920.0,-10450.0
2026-04-26,1120260425020003,1,0.0,0,100,-100.0,70370.0,80920.0,-10550.0
2026-04-26,3120260424030008,5,0.0,0,500,-500.0,69870.0,80920.0,-11050.0
2026-04-26,3120260424030011,5,0.0,0,500,-500.0,69370.0,80920.0,-11550.0
2026-04-26,4220260423040002,1,0.0,0,100,-100.0,69270.0,80920.0,-11650.0
2026-04-26,4220260423040004,4,0.0,0,400,-400.0,68870.0,80920.0,-12050.0
2026-04-26,4220260423040005,5,0.0,0,500,-500.0,68370.0,80920.0,-12550.0
2026-04-26,4220260423040006,5,0.0,0,500,-500.0,67870.0,80920.0,-13050.0
2026-04-26,4220260423040007,5,0.0,0,500,-500.0,67370.0,80920.0,-13550.0
2026-04-26,4220260423040008,5,17250.0,1,500,16750.0,84120.0,84120.0,0.0
2026-04-26,4220260423040010,5,0.0,0,500,-500.0,83620.0,84120.0,-500.0
2026-04-26,4220260423040011,5,0.0,0,500,-500.0,83120.0,84120.0,-1000.0
2026-04-26,4220260423040012,5,0.0,0,500,-500.0,82620.0,84120.0,-1500.0
2026-04-27,1120260425030008,1,0.0,0,100,-100.0,82520.0,84120.0,-1600.0
2026-04-27,4320260427010003,1,0.0,0,100,-100.0,82420.0,84120.0,-1700.0
2026-04-27,4320260427010005,1,0.0,0,100,-100.0,82320.0,84120.0,-1800.0
2026-04-27,4320260427010007,1,0.0,0,100,-100.0,82220.0,84120.0,-1900.0
2026-04-27,4320260427010011,1,0.0,0,100,-100.0,82120.0,84120.0,-2000.0
2026-04-27,4520260427010004,1,0.0,0,100,-100.0,82020.0,84120.0,-2100.0
2026-04-27,4520260427010007,1,0.0,0,100,-100.0,81920.0,84120.0,-2200.0
2026-04-27,5320260425030004,1,0.0,0,100,-100.0,81820.0,84120.0,-2300.0
2026-04-27,5320260425030005,1,0.0,0,100,-100.0,81720.0,84120.0,-2400.0
2026-04-27,8720260426020004,1,0.0,0,100,-100.0,81620.0,84120.0,-2500.0
2026-04-28,2520260427020003,1,0.0,0,100,-100.0,81520.0,84120.0,-2600.0
2026-04-28,2520260427020010,1,0.0,0,100,-100.0,81420.0,84120.0,-2700.0
2026-04-28,6120260428010003,1,0.0,0,100,-100.0,81320.0,84120.0,-2800.0
2026-04-28,8720260426030002,1,0.0,0,100,-100.0,81220.0,84120.0,-2900.0
2026-04-29,2520260427030008,1,0.0,0,100,-100.0,81120.0,84120.0,-3000.0
2026-04-29,2720260428020002,1,0.0,0,100,-100.0,81020.0,84120.0,-3100.0
2026-04-29,2720260428020003,1,0.0,0,100,-100.0,80920.0,84120.0,-3200.0
2026-04-29,2720260428020009,1,0.0,0,100,-100.0,80820.0,84120.0,-3300.0
2026-04-29,3720260428020004,1,0.0,0,100,-100.0,80720.0,84120.0,-3400.0
2026-04-29,3720260428020005,1,0.0,0,100,-100.0,80620.0,84120.0,-3500.0
2026-04-29,3720260428020007,1,0.0,0,100,-100.0,80520.0,84120.0,-3600.0
2026-04-29,4520260427030002,1,0.0,0,100,-100.0,80420.0,84120.0,-3700.0
2026-04-29,4520260427030004,1,0.0,0,100,-100.0,80320.0,84120.0,-3800.0
2026-04-29,4520260427030006,1,0.0,0,100,-100.0,80220.0,84120.0,-3900.0
2026-04-30,1120260430010002,1,0.0,0,100,-100.0,80120.0,84120.0,-4000.0
2026-04-30,2720260428030008,1,0.0,0,100,-100.0,80020.0,84120.0,-4100.0
2026-04-30,3720260428030006,1,0.0,0,100,-100.0,79920.0,84120.0,-4200.0
2026-04-30,4620260430010003,1,0.0,0,100,-100.0,79820.0,84120.0,-4300.0
2026-04-30,4620260430010008,1,0.0,0,100,-100.0,79720.0,84120.0,-4400.0
2026-04-30,6120260428030001,1,0.0,0,100,-100.0,79620.0,84120.0,-4500.0
2026-04-30,6220260428030006,1,0.0,0,100,-100.0,79520.0,84120.0,-4600.0
2026-05-01,2320260430020006,1,0.0,0,100,-100.0,79420.0,84120.0,-4700.0
2026-05-01,2620260501010005,1,0.0,0,100,-100.0,79320.0,84120.0,-4800.0
2026-05-01,3520260501010001,3,0.0,0,300,-300.0,79020.0,84120.0,-5100.0
2026-05-01,3520260501010002,5,0.0,0,500,-500.0,78520.0,84120.0,-5600.0
2026-05-01,3520260501010003,5,0.0,0,500,-500.0,78020.0,84120.0,-6100.0
2026-05-01,3520260501010004,5,0.0,0,500,-500.0,77520.0,84120.0,-6600.0
2026-05-01,3520260501010005,6,0.0,0,600,-600.0,76920.0,84120.0,-7200.0
2026-05-01,3520260501010006,6,0.0,0,600,-600.0,76320.0,84120.0,-7800.0
2026-05-01,3520260501010007,5,0.0,0,500,-500.0,75820.0,84120.0,-8300.0
2026-05-01,3520260501010008,5,0.0,0,500,-500.0,75320.0,84120.0,-8800.0
2026-05-01,3520260501010009,5,0.0,0,500,-500.0,74820.0,84120.0,-9300.0
2026-05-01,3520260501010010,4,0.0,0,400,-400.0,74420.0,84120.0,-9700.0
2026-05-01,3520260501010011,5,0.0,0,500,-500.0,73920.0,84120.0,-10200.0
2026-05-01,7520260501010003,1,0.0,0,100,-100.0,73820.0,84120.0,-10300.0
2026-05-01,7520260501010004,1,0.0,0,100,-100.0,73720.0,84120.0,-10400.0
2026-05-02,2320260430030002,1,0.0,0,100,-100.0,73620.0,84120.0,-10500.0
2026-05-02,2320260430030003,5,0.0,0,500,-500.0,73120.0,84120.0,-11000.0
2026-05-02,2620260501020005,1,0.0,0,100,-100.0,73020.0,84120.0,-11100.0
2026-05-02,3520260501020001,5,0.0,0,500,-500.0,72520.0,84120.0,-11600.0
2026-05-02,3520260501020002,5,0.0,0,500,-500.0,72020.0,84120.0,-12100.0
2026-05-02,3520260501020003,6,0.0,0,600,-600.0,71420.0,84120.0,-12700.0
2026-05-02,3520260501020004,5,0.0,0,500,-500.0,70920.0,84120.0,-13200.0
2026-05-02,3520260501020005,5,0.0,0,500,-500.0,70420.0,84120.0,-13700.0
2026-05-02,3520260501020006,5,0.0,0,500,-500.0,69920.0,84120.0,-14200.0
2026-05-02,3520260501020007,5,0.0,0,500,-500.0,69420.0,84120.0,-14700.0
2026-05-02,3520260501020008,5,0.0,0,500,-500.0,68920.0,84120.0,-15200.0
2026-05-02,3520260501020009,3,0.0,0,300,-300.0,68620.0,84120.0,-15500.0
2026-05-02,3520260501020010,5,0.0,0,500,-500.0,68120.0,84120.0,-16000.0
2026-05-02,3520260501020011,3,0.0,0,300,-300.0,67820.0,84120.0,-16300.0
2026-05-02,4620260430030002,5,0.0,0,500,-500.0,67320.0,84120.0,-16800.0
2026-05-02,5320260501020004,1,0.0,0,100,-100.0,67220.0,84120.0,-16900.0
2026-05-02,5320260501020007,1,0.0,0,100,-100.0,67120.0,84120.0,-17000.0
2026-05-02,5320260501020009,1,0.0,0,100,-100.0,67020.0,84120.0,-17100.0
2026-05-03,2720260503010003,1,3030.0,1,100,2930.0,69950.0,84120.0,-14170.0
2026-05-03,2720260503010004,1,0.0,0,100,-100.0,69850.0,84120.0,-14270.0
2026-05-03,3520260501030001,5,0.0,0,500,-500.0,69350.0,84120.0,-14770.0
2026-05-03,3520260501030002,5,0.0,0,500,-500.0,68850.0,84120.0,-15270.0
2026-05-03,3520260501030003,6,0.0,0,600,-600.0,68250.0,84120.0,-15870.0
2026-05-03,3520260501030004,5,0.0,0,500,-500.0,67750.0,84120.0,-16370.0
2026-05-03,3520260501030005,5,0.0,0,500,-500.0,67250.0,84120.0,-16870.0
2026-05-03,3520260501030006,5,0.0,0,500,-500.0,66750.0,84120.0,-17370.0
2026-05-03,3520260501030007,5,0.0,0,500,-500.0,66250.0,84120.0,-17870.0
2026-05-03,3520260501030009,5,0.0,0,500,-500.0,65750.0,84120.0,-18370.0
2026-05-03,3520260501030010,5,0.0,0,500,-500.0,65250.0,84120.0,-18870.0
2026-05-03,3520260501030011,5,0.0,0,500,-500.0,64750.0,84120.0,-19370.0
2026-05-03,7520260501030005,1,0.0,0,100,-100.0,64650.0,84120.0,-19470.0
2026-05-03,8320260501030001,1,0.0,0,100,-100.0,64550.0,84120.0,-19570.0
2026-05-04,1220260504010002,1,0.0,0,100,-100.0,64450.0,84120.0,-19670.0
2026-05-04,2720260503020008,5,0.0,0,500,-500.0,63950.0,84120.0,-20170.0
2026-05-04,2720260503020011,1,0.0,0,100,-100.0,63850.0,84120.0,-20270.0
2026-05-04,3520260501040001,5,0.0,0,500,-500.0,63350.0,84120.0,-20770.0
2026-05-04,3520260501040002,5,0.0,0,500,-500.0,62850.0,84120.0,-21270.0
2026-05-04,3520260501040003,5,14190.0,1,500,13690.0,76540.0,84120.0,-7580.0
2026-05-04,3520260501040004,5,0.0,0,500,-500.0,76040.0,84120.0,-8080.0
2026-05-04,3520260501040005,5,0.0,0,500,-500.0,75540.0,84120.0,-8580.0
2026-05-04,3520260501040006,5,0.0,0,500,-500.0,75040.0,84120.0,-9080.0
2026-05-04,3520260501040007,5,0.0,0,500,-500.0,74540.0,84120.0,-9580.0
2026-05-04,3520260501040008,5,0.0,0,500,-500.0,74040.0,84120.0,-10080.0
2026-05-04,3520260501040009,5,0.0,0,500,-500.0,73540.0,84120.0,-10580.0
2026-05-04,3520260501040010,5,0.0,0,500,-500.0,73040.0,84120.0,-11080.0
2026-05-04,3520260501040011,1,0.0,0,100,-100.0,72940.0,84120.0,-11180.0
2026-05-04,4720260504010003,1,0.0,0,100,-100.0,72840.0,84120.0,-11280.0
2026-05-04,4720260504010011,1,0.0,0,100,-100.0,72740.0,84120.0,-11380.0
2026-05-04,5620260504010012,5,0.0,0,500,-500.0,72240.0,84120.0,-11880.0
2026-05-04,7420260504010003,1,0.0,0,100,-100.0,72140.0,84120.0,-11980.0
2026-05-05,1220260504020002,2,0.0,0,200,-200.0,71940.0,84120.0,-12180.0
2026-05-05,2120260504020006,1,0.0,0,100,-100.0,71840.0,84120.0,-12280.0
2026-05-05,3520260501050001,5,0.0,0,500,-500.0,71340.0,84120.0,-12780.0
2026-05-05,3520260501050002,5,0.0,0,500,-500.0,70840.0,84120.0,-13280.0
2026-05-05,3520260501050003,5,0.0,0,500,-500.0,70340.0,84120.0,-13780.0
2026-05-05,3520260501050005,5,0.0,0,500,-500.0,69840.0,84120.0,-14280.0
2026-05-05,3520260501050006,5,0.0,0,500,-500.0,69340.0,84120.0,-14780.0
2026-05-05,3520260501050007,3,0.0,0,300,-300.0,69040.0,84120.0,-15080.0
2026-05-05,3520260501050008,5,0.0,0,500,-500.0,68540.0,84120.0,-15580.0
2026-05-05,3520260501050009,4,0.0,0,400,-400.0,68140.0,84120.0,-15980.0
2026-05-05,3520260501050010,5,0.0,0,500,-500.0,67640.0,84120.0,-16480.0
2026-05-05,3520260501050011,5,0.0,0,500,-500.0,67140.0,84120.0,-16980.0
2026-05-05,4720260504020003,1,0.0,0,100,-100.0,67040.0,84120.0,-17080.0
2026-05-05,5620260504020003,1,0.0,0,100,-100.0,66940.0,84120.0,-17180.0
2026-05-06,1220260504030005,1,0.0,0,100,-100.0,66840.0,84120.0,-17280.0
2026-05-06,3520260501060001,5,0.0,0,500,-500.0,66340.0,84120.0,-17780.0
2026-05-06,3520260501060002,5,0.0,0,500,-500.0,65840.0,84120.0,-18280.0
2026-05-06,3520260501060003,5,0.0,0,500,-500.0,65340.0,84120.0,-18780.0
2026-05-06,3520260501060004,5,0.0,0,500,-500.0,64840.0,84120.0,-19280.0
2026-05-06,3520260501060005,5,0.0,0,500,-500.0,64340.0,84120.0,-19780.0
2026-05-06,3520260501060006,5,13230.0,1,500,12730.0,77070.0,84120.0,-7050.0
2026-05-06,3520260501060007,5,0.0,0,500,-500.0,76570.0,84120.0,-7550.0
2026-05-06,3520260501060008,5,0.0,0,500,-500.0,76070.0,84120.0,-8050.0
2026-05-06,3520260501060009,5,14900.0,1,500,14400.0,90470.0,90470.0,0.0
2026-05-06,3520260501060010,5,0.0,0,500,-500.0,89970.0,90470.0,-500.0
2026-05-06,3520260501060011,5,0.0,0,500,-500.0,89470.0,90470.0,-1000.0
2026-05-06,4320260505020005,1,0.0,0,100,-100.0,89370.0,90470.0,-1100.0
2026-05-06,4720260504030003,1,0.0,0,100,-100.0,89270.0,90470.0,-1200.0
2026-05-06,4720260504030008,1,0.0,0,100,-100.0,89170.0,90470.0,-1300.0
2026-05-06,5620260504030003,1,0.0,0,100,-100.0,89070.0,90470.0,-1400.0
2026-05-06,5620260504030009,1,0.0,0,100,-100.0,88970.0,90470.0,-1500.0
2026-05-06,5620260504030011,1,0.0,0,100,-100.0,88870.0,90470.0,-1600.0
2026-05-06,6220260506010006,1,0.0,0,100,-100.0,88770.0,90470.0,-1700.0
2026-05-06,6220260506010011,1,0.0,0,100,-100.0,88670.0,90470.0,-1800.0
2026-05-07,5320260507010005,1,0.0,0,100,-100.0,88570.0,90470.0,-1900.0
2026-05-07,6220260506020002,1,0.0,0,100,-100.0,88470.0,90470.0,-2000.0
2026-05-08,1120260507020007,1,0.0,0,100,-100.0,88370.0,90470.0,-2100.0
2026-05-08,5320260507020004,1,0.0,0,100,-100.0,88270.0,90470.0,-2200.0
2026-05-08,6220260506030012,1,0.0,0,100,-100.0,88170.0,90470.0,-2300.0
2026-05-09,2320260508020001,1,0.0,0,100,-100.0,88070.0,90470.0,-2400.0
2026-05-09,2420260508020002,2,0.0,0,200,-200.0,87870.0,90470.0,-2600.0
2026-05-09,4720260509010004,5,0.0,0,500,-500.0,87370.0,90470.0,-3100.0
2026-05-09,4720260509010005,5,0.0,0,500,-500.0,86870.0,90470.0,-3600.0
2026-05-09,4720260509010006,6,0.0,0,600,-600.0,86270.0,90470.0,-4200.0
2026-05-09,4720260509010007,6,0.0,0,600,-600.0,85670.0,90470.0,-4800.0
2026-05-09,4720260509010008,5,0.0,0,500,-500.0,85170.0,90470.0,-5300.0
2026-05-09,4720260509010009,5,0.0,0,500,-500.0,84670.0,90470.0,-5800.0
2026-05-09,4720260509010010,5,0.0,0,500,-500.0,84170.0,90470.0,-6300.0
2026-05-09,4720260509010011,5,0.0,0,500,-500.0,83670.0,90470.0,-6800.0
2026-05-09,4720260509010012,5,0.0,0,500,-500.0,83170.0,90470.0,-7300.0
2026-05-09,5320260507030001,1,0.0,0,100,-100.0,83070.0,90470.0,-7400.0
2026-05-09,5320260507030004,5,0.0,0,500,-500.0,82570.0,90470.0,-7900.0
2026-05-09,5320260507030005,5,0.0,0,500,-500.0,82070.0,90470.0,-8400.0
2026-05-09,7520260508020002,1,0.0,0,100,-100.0,81970.0,90470.0,-8500.0
2026-05-09,8720260507030012,1,0.0,0,100,-100.0,81870.0,90470.0,-8600.0
2026-05-10,2320260508030005,1,0.0,0,100,-100.0,81770.0,90470.0,-8700.0
2026-05-10,2420260508030002,1,0.0,0,100,-100.0,81670.0,90470.0,-8800.0
2026-05-10,3620260510010003,1,0.0,0,100,-100.0,81570.0,90470.0,-8900.0
2026-05-10,4720260509020004,5,0.0,0,500,-500.0,81070.0,90470.0,-9400.0
2026-05-10,4720260509020005,5,0.0,0,500,-500.0,80570.0,90470.0,-9900.0
2026-05-10,4720260509020007,5,0.0,0,500,-500.0,80070.0,90470.0,-10400.0
2026-05-10,4720260509020008,5,0.0,0,500,-500.0,79570.0,90470.0,-10900.0
2026-05-10,4720260509020009,5,0.0,0,500,-500.0,79070.0,90470.0,-11400.0
2026-05-10,4720260509020010,5,0.0,0,500,-500.0,78570.0,90470.0,-11900.0
2026-05-10,4720260509020011,5,0.0,0,500,-500.0,78070.0,90470.0,-12400.0
2026-05-10,4720260509020012,5,0.0,0,500,-500.0,77570.0,90470.0,-12900.0
2026-05-10,7520260508030009,1,0.0,0,100,-100.0,77470.0,90470.0,-13000.0
2026-05-11,1320260510020002,1,0.0,0,100,-100.0,77370.0,90470.0,-13100.0
2026-05-11,2720260511010002,1,0.0,0,100,-100.0,77270.0,90470.0,-13200.0
2026-05-11,3720260511010004,1,0.0,0,100,-100.0,77170.0,90470.0,-13300.0
2026-05-11,3720260511010008,1,0.0,0,100,-100.0,77070.0,90470.0,-13400.0
2026-05-11,3720260511010009,1,0.0,0,100,-100.0,76970.0,90470.0,-13500.0
2026-05-11,4720260509030004,5,0.0,0,500,-500.0,76470.0,90470.0,-14000.0
2026-05-11,4720260509030005,5,0.0,0,500,-500.0,75970.0,90470.0,-14500.0
2026-05-11,4720260509030006,5,0.0,0,500,-500.0,75470.0,90470.0,-15000.0
2026-05-11,4720260509030007,5,0.0,0,500,-500.0,74970.0,90470.0,-15500.0
2026-05-11,4720260509030008,5,0.0,0,500,-500.0,74470.0,90470.0,-16000.0
2026-05-11,4720260509030009,5,0.0,0,500,-500.0,73970.0,90470.0,-16500.0
2026-05-11,4720260509030010,6,0.0,0,600,-600.0,73370.0,90470.0,-17100.0
2026-05-11,4720260509030011,5,0.0,0,500,-500.0,72870.0,90470.0,-17600.0
2026-05-11,4720260509030012,5,0.0,0,500,-500.0,72370.0,90470.0,-18100.0
2026-05-11,5620260511010005,1,0.0,0,100,-100.0,72270.0,90470.0,-18200.0
2026-05-12,2720260511020003,1,0.0,0,100,-100.0,72170.0,90470.0,-18300.0
2026-05-12,3620260510030004,1,0.0,0,100,-100.0,72070.0,90470.0,-18400.0
2026-05-12,3620260510030007,1,0.0,0,100,-100.0,71970.0,90470.0,-18500.0
2026-05-12,3720260511020002,1,0.0,0,100,-100.0,71870.0,90470.0,-18600.0
2026-05-12,3720260511020003,1,0.0,0,100,-100.0,71770.0,90470.0,-18700.0
2026-05-12,3720260511020007,1,0.0,0,100,-100.0,71670.0,90470.0,-18800.0
2026-05-12,4720260509040004,5,0.0,0,500,-500.0,71170.0,90470.0,-19300.0
2026-05-12,4720260509040006,5,0.0,0,500,-500.0,70670.0,90470.0,-19800.0
2026-05-12,4720260509040007,5,0.0,0,500,-500.0,70170.0,90470.0,-20300.0
2026-05-12,4720260509040008,5,0.0,0,500,-500.0,69670.0,90470.0,-20800.0
2026-05-12,4720260509040009,5,0.0,0,500,-500.0,69170.0,90470.0,-21300.0
2026-05-12,4720260509040010,5,0.0,0,500,-500.0,68670.0,90470.0,-21800.0
2026-05-12,4720260509040012,5,0.0,0,500,-500.0,68170.0,90470.0,-22300.0
2026-05-13,3720260511030002,1,0.0,0,100,-100.0,68070.0,90470.0,-22400.0
2026-05-13,3720260511030006,2,0.0,0,200,-200.0,67870.0,90470.0,-22600.0
2026-05-13,4420260513010001,1,0.0,0,100,-100.0,67770.0,90470.0,-22700.0
2026-05-14,1120260514010001,5,0.0,0,500,-500.0,67270.0,90470.0,-23200.0
2026-05-14,1120260514010002,1,0.0,0,100,-100.0,67170.0,90470.0,-23300.0
2026-05-14,1120260514010003,5,0.0,0,500,-500.0,66670.0,90470.0,-23800.0
2026-05-14,1120260514010004,5,0.0,0,500,-500.0,66170.0,90470.0,-24300.0
2026-05-14,1120260514010006,5,0.0,0,500,-500.0,65670.0,90470.0,-24800.0
2026-05-14,1120260514010007,5,0.0,0,500,-500.0,65170.0,90470.0,-25300.0
2026-05-14,1120260514010009,3,0.0,0,300,-300.0,64870.0,90470.0,-25600.0
2026-05-14,1120260514010010,5,0.0,0,500,-500.0,64370.0,90470.0,-26100.0
2026-05-14,1120260514010011,5,0.0,0,500,-500.0,63870.0,90470.0,-26600.0
2026-05-14,1120260514010012,5,0.0,0,500,-500.0,63370.0,90470.0,-27100.0
2026-05-14,8120260513020003,1,0.0,0,100,-100.0,63270.0,90470.0,-27200.0
2026-05-14,8120260513020007,1,0.0,0,100,-100.0,63170.0,90470.0,-27300.0
2026-05-15,1120260514020001,5,0.0,0,500,-500.0,62670.0,90470.0,-27800.0
2026-05-15,1120260514020003,5,0.0,0,500,-500.0,62170.0,90470.0,-28300.0
2026-05-15,1120260514020004,6,0.0,0,600,-600.0,61570.0,90470.0,-28900.0
2026-05-15,1120260514020005,5,0.0,0,500,-500.0,61070.0,90470.0,-29400.0
2026-05-15,1120260514020007,5,0.0,0,500,-500.0,60570.0,90470.0,-29900.0
2026-05-15,1120260514020008,6,0.0,0,600,-600.0,59970.0,90470.0,-30500.0
2026-05-15,1120260514020009,1,0.0,0,100,-100.0,59870.0,90470.0,-30600.0
2026-05-15,1120260514020011,5,0.0,0,500,-500.0,59370.0,90470.0,-31100.0
2026-05-15,1120260514020012,5,0.0,0,500,-500.0,58870.0,90470.0,-31600.0
2026-05-15,2420260515010008,5,0.0,0,500,-500.0,58370.0,90470.0,-32100.0
2026-05-15,2420260515010009,5,0.0,0,500,-500.0,57870.0,90470.0,-32600.0
2026-05-15,3620260515010004,1,0.0,0,100,-100.0,57770.0,90470.0,-32700.0
2026-05-15,3620260515010010,1,0.0,0,100,-100.0,57670.0,90470.0,-32800.0
2026-05-16,1120260514030001,5,0.0,0,500,-500.0,57170.0,90470.0,-33300.0
2026-05-16,1120260514030002,5,0.0,0,500,-500.0,56670.0,90470.0,-33800.0
2026-05-16,1120260514030003,5,0.0,0,500,-500.0,56170.0,90470.0,-34300.0
2026-05-16,1120260514030004,5,0.0,0,500,-500.0,55670.0,90470.0,-34800.0
2026-05-16,1120260514030005,5,0.0,0,500,-500.0,55170.0,90470.0,-35300.0
2026-05-16,1120260514030006,5,11940.0,1,500,11440.0,66610.0,90470.0,-23860.0
2026-05-16,1120260514030007,5,0.0,0,500,-500.0,66110.0,90470.0,-24360.0
2026-05-16,1120260514030008,5,0.0,0,500,-500.0,65610.0,90470.0,-24860.0
2026-05-16,1120260514030009,5,0.0,0,500,-500.0,65110.0,90470.0,-25360.0
2026-05-16,1120260514030011,5,0.0,0,500,-500.0,64610.0,90470.0,-25860.0
2026-05-16,1120260514030012,5,0.0,0,500,-500.0,64110.0,90470.0,-26360.0
2026-05-16,2420260515020001,1,3050.0,1,100,2950.0,67060.0,90470.0,-23410.0
2026-05-16,2420260515020011,5,0.0,0,500,-500.0,66560.0,90470.0,-23910.0
2026-05-16,3620260515020010,1,0.0,0,100,-100.0,66460.0,90470.0,-24010.0
2026-05-16,4320260516010001,1,0.0,0,100,-100.0,66360.0,90470.0,-24110.0
2026-05-16,4320260516010002,1,0.0,0,100,-100.0,66260.0,90470.0,-24210.0
2026-05-16,5620260516010004,5,0.0,0,500,-500.0,65760.0,90470.0,-24710.0
2026-05-17,1120260514040003,5,0.0,0,500,-500.0,65260.0,90470.0,-25210.0
2026-05-17,1120260514040004,5,0.0,0,500,-500.0,64760.0,90470.0,-25710.0
2026-05-17,1120260514040005,5,0.0,0,500,-500.0,64260.0,90470.0,-26210.0
2026-05-17,1120260514040007,5,0.0,0,500,-500.0,63760.0,90470.0,-26710.0
2026-05-17,1120260514040008,1,0.0,0,100,-100.0,63660.0,90470.0,-26810.0
2026-05-17,1120260514040009,5,0.0,0,500,-500.0,63160.0,90470.0,-27310.0
2026-05-17,1120260514040010,5,0.0,0,500,-500.0,62660.0,90470.0,-27810.0
2026-05-17,1120260514040011,6,0.0,0,600,-600.0,62060.0,90470.0,-28410.0
2026-05-17,1120260514040012,5,0.0,0,500,-500.0,61560.0,90470.0,-28910.0
2026-05-17,2420260515030006,5,0.0,0,500,-500.0,61060.0,90470.0,-29410.0
2026-05-17,2420260515030011,2,0.0,0,200,-200.0,60860.0,90470.0,-29610.0
2026-05-17,3620260515030007,1,0.0,0,100,-100.0,60760.0,90470.0,-29710.0
2026-05-17,5620260516020003,1,0.0,0,100,-100.0,60660.0,90470.0,-29810.0
2026-05-17,5620260516020004,5,0.0,0,500,-500.0,60160.0,90470.0,-30310.0
2026-05-17,8320260517010002,1,0.0,0,100,-100.0,60060.0,90470.0,-30410.0
2026-05-18,5520260517020009,1,0.0,0,100,-100.0,59960.0,90470.0,-30510.0
2026-05-18,7420260518010004,1,0.0,0,100,-100.0,59860.0,90470.0,-30610.0
2026-05-18,7420260518010005,1,0.0,0,100,-100.0,59760.0,90470.0,-30710.0
2026-05-18,7420260518010008,1,0.0,0,100,-100.0,59660.0,90470.0,-30810.0
2026-05-18,8320260517020004,1,0.0,0,100,-100.0,59560.0,90470.0,-30910.0
2026-05-19,2720260518020003,1,0.0,0,100,-100.0,59460.0,90470.0,-31010.0
2026-05-19,5520260517030012,1,0.0,0,100,-100.0,59360.0,90470.0,-31110.0
2026-05-19,6320260517030003,1,0.0,0,100,-100.0,59260.0,90470.0,-31210.0
2026-05-20,1220260519020009,1,0.0,0,100,-100.0,59160.0,90470.0,-31310.0
2026-05-20,2720260518030001,1,0.0,0,100,-100.0,59060.0,90470.0,-31410.0
2026-05-20,7520260520010003,1,0.0,0,100,-100.0,58960.0,90470.0,-31510.0
2026-05-20,7520260520010005,1,0.0,0,100,-100.0,58860.0,90470.0,-31610.0
2026-05-20,7520260520010011,1,0.0,0,100,-100.0,58760.0,90470.0,-31710.0
2026-05-21,2420260521010003,1,0.0,0,100,-100.0,58660.0,90470.0,-31810.0
2026-05-21,3720260519030005,1,0.0,0,100,-100.0,58560.0,90470.0,-31910.0
2026-05-21,3720260519030008,1,0.0,0,100,-100.0,58460.0,90470.0,-32010.0
2026-05-21,7520260520020010,1,0.0,0,100,-100.0,58360.0,90470.0,-32110.0
2026-05-22,2420260521020007,1,3000.0,1,100,2900.0,61260.0,90470.0,-29210.0
2026-05-22,3520260522010002,1,0.0,0,100,-100.0,61160.0,90470.0,-29310.0
2026-05-22,3520260522010007,6,0.0,0,600,-600.0,60560.0,90470.0,-29910.0
2026-05-22,3520260522010009,2,0.0,0,200,-200.0,60360.0,90470.0,-30110.0
2026-05-22,3520260522010010,2,0.0,0,200,-200.0,60160.0,90470.0,-30310.0
2026-05-22,3520260522010011,2,0.0,0,200,-200.0,59960.0,90470.0,-30510.0
2026-05-22,5320260520030007,1,0.0,0,100,-100.0,59860.0,90470.0,-30610.0
2026-05-22,5320260520030010,5,0.0,0,500,-500.0,59360.0,90470.0,-31110.0
2026-05-22,6220260522010007,1,0.0,0,100,-100.0,59260.0,90470.0,-31210.0
2026-05-22,7520260520030006,1,0.0,0,100,-100.0,59160.0,90470.0,-31310.0
2026-05-23,2420260521030006,1,0.0,0,100,-100.0,59060.0,90470.0,-31410.0
2026-05-23,2420260521030012,1,0.0,0,100,-100.0,58960.0,90470.0,-31510.0
2026-05-23,2520260522020006,1,0.0,0,100,-100.0,58860.0,90470.0,-31610.0
2026-05-23,3520260522020008,3,0.0,0,300,-300.0,58560.0,90470.0,-31910.0
2026-05-23,3520260522020009,4,0.0,0,400,-400.0,58160.0,90470.0,-32310.0
2026-05-23,4320260522020004,1,0.0,0,100,-100.0,58060.0,90470.0,-32410.0
2026-05-23,4320260522020009,1,0.0,0,100,-100.0,57960.0,90470.0,-32510.0
2026-05-23,8420260523010001,5,0.0,0,500,-500.0,57460.0,90470.0,-33010.0
2026-05-23,8420260523010002,5,0.0,0,500,-500.0,56960.0,90470.0,-33510.0
2026-05-23,8420260523010003,5,0.0,0,500,-500.0,56460.0,90470.0,-34010.0
2026-05-23,8420260523010004,5,0.0,0,500,-500.0,55960.0,90470.0,-34510.0
2026-05-23,8420260523010005,5,0.0,0,500,-500.0,55460.0,90470.0,-35010.0
2026-05-23,8420260523010006,5,0.0,0,500,-500.0,54960.0,90470.0,-35510.0
2026-05-23,8420260523010007,5,13000.0,1,500,12500.0,67460.0,90470.0,-23010.0
2026-05-23,8420260523010008,5,0.0,0,500,-500.0,66960.0,90470.0,-23510.0
2026-05-23,8420260523010009,5,0.0,0,500,-500.0,66460.0,90470.0,-24010.0
2026-05-23,8420260523010010,4,0.0,0,400,-400.0,66060.0,90470.0,-24410.0
2026-05-23,8420260523010011,2,0.0,0,200,-200.0,65860.0,90470.0,-24610.0
2026-05-23,8420260523010012,3,0.0,0,300,-300.0,65560.0,90470.0,-24910.0
2026-05-24,1120260523020011,1,0.0,0,100,-100.0,65460.0,90470.0,-25010.0
2026-05-24,2520260522030006,3,0.0,0,300,-300.0,65160.0,90470.0,-25310.0
2026-05-24,3520260522030004,6,3000.0,1,600,2400.0,67560.0,90470.0,-22910.0
2026-05-24,3520260522030005,4,0.0,0,400,-400.0,67160.0,90470.0,-23310.0
2026-05-24,3520260522030006,1,0.0,0,100,-100.0,67060.0,90470.0,-23410.0
2026-05-24,3520260522030007,5,0.0,0,500,-500.0,66560.0,90470.0,-23910.0
2026-05-24,3520260522030010,1,0.0,0,100,-100.0,66460.0,90470.0,-24010.0
2026-05-24,4320260522030003,5,0.0,0,500,-500.0,65960.0,90470.0,-24510.0
2026-05-24,6220260522030004,1,0.0,0,100,-100.0,65860.0,90470.0,-24610.0
2026-05-24,8420260523020001,5,0.0,0,500,-500.0,65360.0,90470.0,-25110.0
2026-05-24,8420260523020002,5,0.0,0,500,-500.0,64860.0,90470.0,-25610.0
2026-05-24,8420260523020003,5,0.0,0,500,-500.0,64360.0,90470.0,-26110.0
2026-05-24,8420260523020004,5,0.0,0,500,-500.0,63860.0,90470.0,-26610.0
2026-05-24,8420260523020005,5,0.0,0,500,-500.0,63360.0,90470.0,-27110.0
2026-05-24,8420260523020006,5,0.0,0,500,-500.0,62860.0,90470.0,-27610.0
2026-05-24,8420260523020007,5,0.0,0,500,-500.0,62360.0,90470.0,-28110.0
2026-05-24,8420260523020008,5,0.0,0,500,-500.0,61860.0,90470.0,-28610.0
2026-05-24,8420260523020009,5,0.0,0,500,-500.0,61360.0,90470.0,-29110.0
2026-05-24,8420260523020010,5,0.0,0,500,-500.0,60860.0,90470.0,-29610.0
2026-05-24,8420260523020011,5,0.0,0,500,-500.0,60360.0,90470.0,-30110.0
2026-05-24,8420260523020012,1,0.0,0,100,-100.0,60260.0,90470.0,-30210.0
2026-05-25,1120260523030005,1,0.0,0,100,-100.0,60160.0,90470.0,-30310.0
2026-05-25,2720260525010003,1,0.0,0,100,-100.0,60060.0,90470.0,-30410.0
2026-05-25,8620260525010003,1,0.0,0,100,-100.0,59960.0,90470.0,-30510.0
2026-05-26,2720260525020007,1,0.0,0,100,-100.0,59860.0,90470.0,-30610.0
2026-05-26,3820260524030004,1,0.0,0,100,-100.0,59760.0,90470.0,-30710.0
2026-05-26,7520260526010002,1,0.0,0,100,-100.0,59660.0,90470.0,-30810.0
2026-05-26,7520260526010003,1,0.0,0,100,-100.0,59560.0,90470.0,-30910.0
2026-05-26,8620260525020009,1,3020.0,1,100,2920.0,62480.0,90470.0,-27990.0
2026-05-27,2220260526020003,1,0.0,0,100,-100.0,62380.0,90470.0,-28090.0
2026-05-27,2220260526020007,5,0.0,0,500,-500.0,61880.0,90470.0,-28590.0
2026-05-27,2220260526020011,1,0.0,0,100,-100.0,61780.0,90470.0,-28690.0
2026-05-27,7520260526020002,5,0.0,0,500,-500.0,61280.0,90470.0,-29190.0
2026-05-27,7520260526020007,2,0.0,0,200,-200.0,61080.0,90470.0,-29390.0
2026-05-27,8620260525030009,1,0.0,0,100,-100.0,60980.0,90470.0,-29490.0
2026-05-28,2220260526030004,1,0.0,0,100,-100.0,60880.0,90470.0,-29590.0
2026-05-28,2220260526030010,2,0.0,0,200,-200.0,60680.0,90470.0,-29790.0
2026-05-28,3720260528010004,1,0.0,0,100,-100.0,60580.0,90470.0,-29890.0
2026-05-28,3720260528010011,1,0.0,0,100,-100.0,60480.0,90470.0,-29990.0
2026-05-28,6220260528010011,1,0.0,0,100,-100.0,60380.0,90470.0,-30090.0
2026-05-28,8120260528010002,1,0.0,0,100,-100.0,60280.0,90470.0,-30190.0
2026-05-29,1220260528020008,1,0.0,0,100,-100.0,60180.0,90470.0,-30290.0
2026-05-29,4320260528020001,1,0.0,0,100,-100.0,60080.0,90470.0,-30390.0
2026-05-29,8120260528020006,1,0.0,0,100,-100.0,59980.0,90470.0,-30490.0
2026-05-29,8120260528020008,1,0.0,0,100,-100.0,59880.0,90470.0,-30590.0
2026-05-29,8720260529010007,1,0.0,0,100,-100.0,59780.0,90470.0,-30690.0
2026-05-29,8720260529010010,2,0.0,0,200,-200.0,59580.0,90470.0,-30890.0
2026-05-30,1120260530010004,1,0.0,0,100,-100.0,59480.0,90470.0,-30990.0
2026-05-30,2420260530010003,5,0.0,0,500,-500.0,58980.0,90470.0,-31490.0
2026-05-30,2420260530010004,5,0.0,0,500,-500.0,58480.0,90470.0,-31990.0
2026-05-30,2420260530010006,5,0.0,0,500,-500.0,57980.0,90470.0,-32490.0
2026-05-30,2420260530010007,2,0.0,0,200,-200.0,57780.0,90470.0,-32690.0
2026-05-30,2420260530010009,5,0.0,0,500,-500.0,57280.0,90470.0,-33190.0
2026-05-30,2420260530010010,5,0.0,0,500,-500.0,56780.0,90470.0,-33690.0
2026-05-30,2420260530010011,5,0.0,0,500,-500.0,56280.0,90470.0,-34190.0
2026-05-30,2420260530010012,5,0.0,0,500,-500.0,55780.0,90470.0,-34690.0
2026-05-30,8120260528030002,6,0.0,0,600,-600.0,55180.0,90470.0,-35290.0
2026-05-31,2420260530020001,5,0.0,0,500,-500.0,54680.0,90470.0,-35790.0
2026-05-31,2420260530020003,6,0.0,0,600,-600.0,54080.0,90470.0,-36390.0
2026-05-31,2420260530020005,6,0.0,0,600,-600.0,53480.0,90470.0,-36990.0
2026-05-31,3120260531010009,1,0.0,0,100,-100.0,53380.0,90470.0,-37090.0
2026-05-31,3120260531010012,1,0.0,0,100,-100.0,53280.0,90470.0,-37190.0
2026-05-31,8720260529030011,5,0.0,0,500,-500.0,52780.0,90470.0,-37690.0
2026-06-01,1120260530030009,1,0.0,0,100,-100.0,52680.0,90470.0,-37790.0
2026-06-01,2420260530030004,5,0.0,0,500,-500.0,52180.0,90470.0,-38290.0
2026-06-01,2420260530030005,5,0.0,0,500,-500.0,51680.0,90470.0,-38790.0
2026-06-01,2420260530030006,5,0.0,0,500,-500.0,51180.0,90470.0,-39290.0
2026-06-01,2420260530030007,5,0.0,0,500,-500.0,50680.0,90470.0,-39790.0
2026-06-01,2420260530030008,5,0.0,0,500,-500.0,50180.0,90470.0,-40290.0
2026-06-01,2420260530030010,5,0.0,0,500,-500.0,49680.0,90470.0,-40790.0
2026-06-01,3620260531020007,1,0.0,0,100,-100.0,49580.0,90470.0,-40890.0
2026-06-01,5520260601010001,1,3040.0,1,100,2940.0,52520.0,90470.0,-37950.0
2026-06-01,5520260601010002,1,0.0,0,100,-100.0,52420.0,90470.0,-38050.0
2026-06-01,5620260531020004,1,0.0,0,100,-100.0,52320.0,90470.0,-38150.0
2026-06-02,2420260530040005,5,0.0,0,500,-500.0,51820.0,90470.0,-38650.0
2026-06-02,2420260530040006,5,0.0,0,500,-500.0,51320.0,90470.0,-39150.0
2026-06-02,2420260530040007,5,0.0,0,500,-500.0,50820.0,90470.0,-39650.0
2026-06-02,2420260530040009,5,0.0,0,500,-500.0,50320.0,90470.0,-40150.0
2026-06-02,2420260530040010,5,0.0,0,500,-500.0,49820.0,90470.0,-40650.0
2026-06-02,2420260530040011,5,0.0,0,500,-500.0,49320.0,90470.0,-41150.0
2026-06-02,2420260530040012,5,0.0,0,500,-500.0,48820.0,90470.0,-41650.0
2026-06-02,3620260531030002,1,0.0,0,100,-100.0,48720.0,90470.0,-41750.0
2026-06-02,4220260601020004,1,0.0,0,100,-100.0,48620.0,90470.0,-41850.0
2026-06-02,4220260601020007,1,0.0,0,100,-100.0,48520.0,90470.0,-41950.0
2026-06-02,4220260601020008,1,0.0,0,100,-100.0,48420.0,90470.0,-42050.0
2026-06-02,7420260531030101,1,0.0,0,100,-100.0,48320.0,90470.0,-42150.0
2026-06-02,8620260601020003,1,0.0,0,100,-100.0,48220.0,90470.0,-42250.0
2026-06-03,2220260603010001,1,0.0,0,100,-100.0,48120.0,90470.0,-42350.0
2026-06-03,2220260603010004,1,0.0,0,100,-100.0,48020.0,90470.0,-42450.0
2026-06-03,3520260603010007,1,0.0,0,100,-100.0,47920.0,90470.0,-42550.0
2026-06-03,4220260601030002,1,0.0,0,100,-100.0,47820.0,90470.0,-42650.0
2026-06-03,5520260601030003,1,0.0,0,100,-100.0,47720.0,90470.0,-42750.0
2026-06-03,8620260601030006,1,0.0,0,100,-100.0,47620.0,90470.0,-42850.0
2026-06-04,2220260603020002,1,0.0,0,100,-100.0,47520.0,90470.0,-42950.0
2026-06-04,4520260603020001,5,0.0,0,500,-500.0,47020.0,90470.0,-43450.0
2026-06-04,8320260604010001,5,0.0,0,500,-500.0,46520.0,90470.0,-43950.0
2026-06-04,8320260604010002,5,0.0,0,500,-500.0,46020.0,90470.0,-44450.0
2026-06-04,8320260604010003,5,0.0,0,500,-500.0,45520.0,90470.0,-44950.0
2026-06-04,8320260604010005,5,0.0,0,500,-500.0,45020.0,90470.0,-45450.0
2026-06-04,8320260604010006,5,0.0,0,500,-500.0,44520.0,90470.0,-45950.0
2026-06-04,8320260604010008,5,0.0,0,500,-500.0,44020.0,90470.0,-46450.0
2026-06-04,8320260604010009,1,0.0,0,100,-100.0,43920.0,90470.0,-46550.0
2026-06-04,8320260604010012,5,0.0,0,500,-500.0,43420.0,90470.0,-47050.0
2026-06-05,2220260603030001,1,0.0,0,100,-100.0,43320.0,90470.0,-47150.0
2026-06-05,8320260604020001,5,0.0,0,500,-500.0,42820.0,90470.0,-47650.0
2026-06-05,8320260604020002,5,0.0,0,500,-500.0,42320.0,90470.0,-48150.0
2026-06-05,8320260604020003,5,0.0,0,500,-500.0,41820.0,90470.0,-48650.0
2026-06-05,8320260604020004,5,0.0,0,500,-500.0,41320.0,90470.0,-49150.0
2026-06-05,8320260604020005,5,0.0,0,500,-500.0,40820.0,90470.0,-49650.0
2026-06-05,8320260604020010,5,0.0,0,500,-500.0,40320.0,90470.0,-50150.0
2026-06-05,8320260604020011,5,0.0,0,500,-500.0,39820.0,90470.0,-50650.0
2026-06-06,2120260604030001,1,0.0,0,100,-100.0,39720.0,90470.0,-50750.0
2026-06-06,5320260606010003,1,0.0,0,100,-100.0,39620.0,90470.0,-50850.0
2026-06-06,5320260606010006,1,0.0,0,100,-100.0,39520.0,90470.0,-50950.0
2026-06-06,8320260604030003,5,0.0,0,500,-500.0,39020.0,90470.0,-51450.0
2026-06-06,8320260604030004,5,0.0,0,500,-500.0,38520.0,90470.0,-51950.0
2026-06-06,8320260604030005,5,0.0,0,500,-500.0,38020.0,90470.0,-52450.0
2026-06-06,8320260604030006,5,0.0,0,500,-500.0,37520.0,90470.0,-52950.0
2026-06-06,8320260604030007,5,0.0,0,500,-500.0,37020.0,90470.0,-53450.0
2026-06-06,8320260604030008,5,0.0,0,500,-500.0,36520.0,90470.0,-53950.0
2026-06-06,8320260604030009,5,0.0,0,500,-500.0,36020.0,90470.0,-54450.0
2026-06-06,8320260604030011,5,0.0,0,500,-500.0,35520.0,90470.0,-54950.0
2026-06-06,8320260604030012,5,0.0,0,500,-500.0,35020.0,90470.0,-55450.0
2026-06-07,1120260605030003,1,0.0,0,100,-100.0,34920.0,90470.0,-55550.0
2026-06-07,1120260605030004,1,0.0,0,100,-100.0,34820.0,90470.0,-55650.0
2026-06-07,3720260607010002,2,3000.0,1,200,2800.0,37620.0,90470.0,-52850.0
2026-06-07,3720260607010004,1,0.0,0,100,-100.0,37520.0,90470.0,-52950.0
2026-06-07,4720260607010008,1,0.0,0,100,-100.0,37420.0,90470.0,-53050.0
2026-06-07,5320260606020002,1,0.0,0,100,-100.0,37320.0,90470.0,-53150.0
2026-06-07,5320260606020006,5,0.0,0,500,-500.0,36820.0,90470.0,-53650.0
2026-06-07,5320260606020008,1,0.0,0,100,-100.0,36720.0,90470.0,-53750.0
2026-06-07,8320260604040001,5,0.0,0,500,-500.0,36220.0,90470.0,-54250.0
2026-06-07,8320260604040002,5,0.0,0,500,-500.0,35720.0,90470.0,-54750.0
2026-06-07,8320260604040003,5,0.0,0,500,-500.0,35220.0,90470.0,-55250.0
2026-06-07,8320260604040004,5,0.0,0,500,-500.0,34720.0,90470.0,-55750.0
2026-06-07,8320260604040005,5,0.0,0,500,-500.0,34220.0,90470.0,-56250.0
2026-06-07,8320260604040006,5,0.0,0,500,-500.0,33720.0,90470.0,-56750.0
2026-06-07,8320260604040007,5,0.0,0,500,-500.0,33220.0,90470.0,-57250.0
2026-06-07,8320260604040008,5,0.0,0,500,-500.0,32720.0,90470.0,-57750.0
2026-06-07,8320260604040010,5,0.0,0,500,-500.0,32220.0,90470.0,-58250.0
2026-06-07,8320260604040012,5,0.0,0,500,-500.0,31720.0,90470.0,-58750.0
2026-06-08,3720260607020005,1,0.0,0,100,-100.0,31620.0,90470.0,-58850.0
2026-06-09,1320260608020011,1,0.0,0,100,-100.0,31520.0,90470.0,-58950.0
2026-06-09,3720260607030007,1,0.0,0,100,-100.0,31420.0,90470.0,-59050.0
2026-06-09,3720260607030008,1,0.0,0,100,-100.0,31320.0,90470.0,-59150.0
2026-06-09,4720260607030002,1,0.0,0,100,-100.0,31220.0,90470.0,-59250.0
2026-06-10,1320260608030005,1,0.0,0,100,-100.0,31120.0,90470.0,-59350.0
2026-06-10,1320260608030009,1,0.0,0,100,-100.0,31020.0,90470.0,-59450.0
2026-06-10,2220260609020005,1,3060.0,1,100,2960.0,33980.0,90470.0,-56490.0
2026-06-10,2220260609020009,1,0.0,0,100,-100.0,33880.0,90470.0,-56590.0
2026-06-10,4420260608030003,1,0.0,0,100,-100.0,33780.0,90470.0,-56690.0
2026-06-10,4420260608030005,1,0.0,0,100,-100.0,33680.0,90470.0,-56790.0
2026-06-11,1220260610020002,1,3050.0,1,100,2950.0,36630.0,90470.0,-53840.0
2026-06-11,2220260609030002,1,0.0,0,100,-100.0,36530.0,90470.0,-53940.0
2026-06-11,2720260610020006,1,0.0,0,100,-100.0,36430.0,90470.0,-54040.0
2026-06-11,4320260611010001,5,0.0,0,500,-500.0,35930.0,90470.0,-54540.0
2026-06-11,4320260611010002,5,0.0,0,500,-500.0,35430.0,90470.0,-55040.0
2026-06-11,4320260611010003,5,0.0,0,500,-500.0,34930.0,90470.0,-55540.0
2026-06-11,4320260611010004,5,0.0,0,500,-500.0,34430.0,90470.0,-56040.0
2026-06-11,4320260611010005,5,0.0,0,500,-500.0,33930.0,90470.0,-56540.0
2026-06-11,4320260611010006,5,0.0,0,500,-500.0,33430.0,90470.0,-57040.0
2026-06-11,4320260611010007,5,0.0,0,500,-500.0,32930.0,90470.0,-57540.0
2026-06-11,4320260611010008,5,0.0,0,500,-500.0,32430.0,90470.0,-58040.0
2026-06-11,4320260611010010,5,0.0,0,500,-500.0,31930.0,90470.0,-58540.0
2026-06-11,4320260611010012,5,0.0,0,500,-500.0,31430.0,90470.0,-59040.0
2026-06-11,6120260611010004,5,0.0,0,500,-500.0,30930.0,90470.0,-59540.0
2026-06-11,6120260611010005,5,0.0,0,500,-500.0,30430.0,90470.0,-60040.0
2026-06-11,6120260611010007,5,0.0,0,500,-500.0,29930.0,90470.0,-60540.0
2026-06-11,6120260611010009,5,0.0,0,500,-500.0,29430.0,90470.0,-61040.0
2026-06-11,6120260611010010,5,17630.0,1,500,17130.0,46560.0,90470.0,-43910.0
2026-06-11,6120260611010011,5,0.0,0,500,-500.0,46060.0,90470.0,-44410.0
2026-06-11,6120260611010012,5,19680.0,1,500,19180.0,65240.0,90470.0,-25230.0
2026-06-12,1220260610030004,1,0.0,0,100,-100.0,65140.0,90470.0,-25330.0
2026-06-12,4320260611020003,5,0.0,0,500,-500.0,64640.0,90470.0,-25830.0
2026-06-12,4320260611020006,5,0.0,0,500,-500.0,64140.0,90470.0,-26330.0
2026-06-12,4320260611020007,5,0.0,0,500,-500.0,63640.0,90470.0,-26830.0
2026-06-12,4320260611020008,5,0.0,0,500,-500.0,63140.0,90470.0,-27330.0
2026-06-12,4320260611020010,5,0.0,0,500,-500.0,62640.0,90470.0,-27830.0
2026-06-12,4320260611020011,5,0.0,0,500,-500.0,62140.0,90470.0,-28330.0
2026-06-12,4320260611020012,5,0.0,0,500,-500.0,61640.0,90470.0,-28830.0
2026-06-12,6120260611020004,5,0.0,0,500,-500.0,61140.0,90470.0,-29330.0
2026-06-12,6120260611020005,5,0.0,0,500,-500.0,60640.0,90470.0,-29830.0
2026-06-12,6120260611020006,5,0.0,0,500,-500.0,60140.0,90470.0,-30330.0
2026-06-12,6120260611020007,5,0.0,0,500,-500.0,59640.0,90470.0,-30830.0
2026-06-12,6120260611020008,5,20190.0,1,500,19690.0,79330.0,90470.0,-11140.0
2026-06-12,6120260611020009,7,3020.0,1,700,2320.0,81650.0,90470.0,-8820.0
2026-06-12,6120260611020010,5,0.0,0,500,-500.0,81150.0,90470.0,-9320.0
2026-06-12,6120260611020011,5,0.0,0,500,-500.0,80650.0,90470.0,-9820.0
2026-06-12,6120260611020012,5,15600.0,1,500,15100.0,95750.0,95750.0,0.0
2026-06-12,8420260612010006,1,0.0,0,100,-100.0,95650.0,95750.0,-100.0
2026-06-13,3720260613010001,2,0.0,0,200,-200.0,95450.0,95750.0,-300.0
2026-06-13,3720260613010003,1,0.0,0,100,-100.0,95350.0,95750.0,-400.0
2026-06-13,4320260611030004,5,0.0,0,500,-500.0,94850.0,95750.0,-900.0
2026-06-13,4320260611030006,5,0.0,0,500,-500.0,94350.0,95750.0,-1400.0
2026-06-13,4320260611030007,5,0.0,0,500,-500.0,93850.0,95750.0,-1900.0
2026-06-13,4320260611030008,5,0.0,0,500,-500.0,93350.0,95750.0,-2400.0
2026-06-13,4320260611030009,5,0.0,0,500,-500.0,92850.0,95750.0,-2900.0
2026-06-13,4320260611030010,5,0.0,0,500,-500.0,92350.0,95750.0,-3400.0
2026-06-13,4320260611030011,5,0.0,0,500,-500.0,91850.0,95750.0,-3900.0
2026-06-13,4320260611030012,5,0.0,0,500,-500.0,91350.0,95750.0,-4400.0
2026-06-13,6120260611030004,5,0.0,0,500,-500.0,90850.0,95750.0,-4900.0
2026-06-13,6120260611030005,5,0.0,0,500,-500.0,90350.0,95750.0,-5400.0
2026-06-13,6120260611030007,5,0.0,0,500,-500.0,89850.0,95750.0,-5900.0
2026-06-13,6120260611030008,5,0.0,0,500,-500.0,89350.0,95750.0,-6400.0
2026-06-13,6120260611030009,5,0.0,0,500,-500.0,88850.0,95750.0,-6900.0
2026-06-13,6120260611030010,5,0.0,0,500,-500.0,88350.0,95750.0,-7400.0
2026-06-13,6120260611030011,5,0.0,0,500,-500.0,87850.0,95750.0,-7900.0
2026-06-13,6120260611030012,5,0.0,0,500,-500.0,87350.0,95750.0,-8400.0
2026-06-14,1120260614010007,1,0.0,0,100,-100.0,87250.0,95750.0,-8500.0
2026-06-14,1120260614010008,1,0.0,0,100,-100.0,87150.0,95750.0,-8600.0
2026-06-14,2120260612030001,1,0.0,0,100,-100.0,87050.0,95750.0,-8700.0
2026-06-14,2120260612030002,5,0.0,0,500,-500.0,86550.0,95750.0,-9200.0
2026-06-14,3720260613020011,1,0.0,0,100,-100.0,86450.0,95750.0,-9300.0
2026-06-14,4320260611040004,5,0.0,0,500,-500.0,85950.0,95750.0,-9800.0
2026-06-14,4320260611040005,5,0.0,0,500,-500.0,85450.0,95750.0,-10300.0
2026-06-14,4320260611040006,5,0.0,0,500,-500.0,84950.0,95750.0,-10800.0
2026-06-14,4320260611040007,5,0.0,0,500,-500.0,84450.0,95750.0,-11300.0
2026-06-14,4320260611040008,5,0.0,0,500,-500.0,83950.0,95750.0,-11800.0
2026-06-14,4320260611040009,5,0.0,0,500,-500.0,83450.0,95750.0,-12300.0
2026-06-14,4320260611040010,5,0.0,0,500,-500.0,82950.0,95750.0,-12800.0
2026-06-14,4320260611040011,5,0.0,0,500,-500.0,82450.0,95750.0,-13300.0
2026-06-14,4320260611040012,5,0.0,0,500,-500.0,81950.0,95750.0,-13800.0
2026-06-14,5320260613020007,1,0.0,0,100,-100.0,81850.0,95750.0,-13900.0
2026-06-14,5320260613020009,1,0.0,0,100,-100.0,81750.0,95750.0,-14000.0
2026-06-14,5320260613020011,1,0.0,0,100,-100.0,81650.0,95750.0,-14100.0
2026-06-14,6120260611040003,5,0.0,0,500,-500.0,81150.0,95750.0,-14600.0
2026-06-14,6120260611040005,5,0.0,0,500,-500.0,80650.0,95750.0,-15100.0
2026-06-14,6120260611040006,5,0.0,0,500,-500.0,80150.0,95750.0,-15600.0
2026-06-14,6120260611040007,5,0.0,0,500,-500.0,79650.0,95750.0,-16100.0
2026-06-14,6120260611040009,5,0.0,0,500,-500.0,79150.0,95750.0,-16600.0
2026-06-14,6120260611040010,5,0.0,0,500,-500.0,78650.0,95750.0,-17100.0
2026-06-14,6120260611040011,5,0.0,0,500,-500.0,78150.0,95750.0,-17600.0
2026-06-14,6120260611040012,6,18570.0,1,600,17970.0,96120.0,96120.0,0.0
2026-06-15,1120260614020009,1,0.0,0,100,-100.0,96020.0,96120.0,-100.0
2026-06-15,3620260614020006,1,0.0,0,100,-100.0,95920.0,96120.0,-200.0
2026-06-15,3720260613030001,1,0.0,0,100,-100.0,95820.0,96120.0,-300.0
2026-06-15,3720260613030003,1,0.0,0,100,-100.0,95720.0,96120.0,-400.0
2026-06-15,8620260615010003,1,0.0,0,100,-100.0,95620.0,96120.0,-500.0
2026-06-16,5620260616010001,5,0.0,0,500,-500.0,95120.0,96120.0,-1000.0
2026-06-16,5620260616010002,1,0.0,0,100,-100.0,95020.0,96120.0,-1100.0
2026-06-16,5620260616010003,5,0.0,0,500,-500.0,94520.0,96120.0,-1600.0
2026-06-16,5620260616010004,5,0.0,0,500,-500.0,94020.0,96120.0,-2100.0
2026-06-16,5620260616010005,3,15310.0,1,300,15010.0,109030.0,109030.0,0.0
2026-06-16,5620260616010006,5,0.0,0,500,-500.0,108530.0,109030.0,-500.0
2026-06-16,5620260616010008,4,0.0,0,400,-400.0,108130.0,109030.0,-900.0
2026-06-16,5620260616010009,5,0.0,0,500,-500.0,107630.0,109030.0,-1400.0
2026-06-16,5620260616010010,5,0.0,0,500,-500.0,107130.0,109030.0,-1900.0
2026-06-16,5620260616010011,5,0.0,0,500,-500.0,106630.0,109030.0,-2400.0
2026-06-16,5620260616010012,6,0.0,0,600,-600.0,106030.0,109030.0,-3000.0
2026-06-16,8620260615020001,1,0.0,0,100,-100.0,105930.0,109030.0,-3100.0
2026-06-17,2720260617010007,1,0.0,0,100,-100.0,105830.0,109030.0,-3200.0
2026-06-17,3120260615030008,1,0.0,0,100,-100.0,105730.0,109030.0,-3300.0
2026-06-17,3120260615030009,1,0.0,0,100,-100.0,105630.0,109030.0,-3400.0
2026-06-17,4620260616020011,1,0.0,0,100,-100.0,105530.0,109030.0,-3500.0
2026-06-17,5620260616020001,5,0.0,0,500,-500.0,105030.0,109030.0,-4000.0
2026-06-17,5620260616020002,5,0.0,0,500,-500.0,104530.0,109030.0,-4500.0
2026-06-17,5620260616020003,5,0.0,0,500,-500.0,104030.0,109030.0,-5000.0
2026-06-17,5620260616020004,5,0.0,0,500,-500.0,103530.0,109030.0,-5500.0
2026-06-17,5620260616020005,5,0.0,0,500,-500.0,103030.0,109030.0,-6000.0
2026-06-17,5620260616020006,5,0.0,0,500,-500.0,102530.0,109030.0,-6500.0
2026-06-17,5620260616020007,4,0.0,0,400,-400.0,102130.0,109030.0,-6900.0
2026-06-17,5620260616020008,5,0.0,0,500,-500.0,101630.0,109030.0,-7400.0
2026-06-17,5620260616020009,5,0.0,0,500,-500.0,101130.0,109030.0,-7900.0
2026-06-17,5620260616020010,5,0.0,0,500,-500.0,100630.0,109030.0,-8400.0
2026-06-17,5620260616020012,2,0.0,0,200,-200.0,100430.0,109030.0,-8600.0
2026-06-18,1220260617020002,1,0.0,0,100,-100.0,100330.0,109030.0,-8700.0
2026-06-18,4620260616030003,1,0.0,0,100,-100.0,100230.0,109030.0,-8800.0
2026-06-18,5620260616030001,5,0.0,0,500,-500.0,99730.0,109030.0,-9300.0
2026-06-18,5620260616030002,5,0.0,0,500,-500.0,99230.0,109030.0,-9800.0
2026-06-18,5620260616030003,5,0.0,0,500,-500.0,98730.0,109030.0,-10300.0
2026-06-18,5620260616030004,5,0.0,0,500,-500.0,98230.0,109030.0,-10800.0
2026-06-18,5620260616030005,5,0.0,0,500,-500.0,97730.0,109030.0,-11300.0
2026-06-18,5620260616030006,5,20890.0,1,500,20390.0,118120.0,118120.0,0.0
2026-06-18,5620260616030007,5,0.0,0,500,-500.0,117620.0,118120.0,-500.0
2026-06-18,5620260616030008,5,0.0,0,500,-500.0,117120.0,118120.0,-1000.0
2026-06-18,5620260616030009,5,0.0,0,500,-500.0,116620.0,118120.0,-1500.0
2026-06-18,5620260616030010,5,0.0,0,500,-500.0,116120.0,118120.0,-2000.0
2026-06-18,5620260616030011,5,0.0,0,500,-500.0,115620.0,118120.0,-2500.0
2026-06-18,8120260618010007,2,0.0,0,200,-200.0,115420.0,118120.0,-2700.0
2026-06-18,8720260618010004,1,0.0,0,100,-100.0,115320.0,118120.0,-2800.0
2026-06-18,8720260618010006,1,0.0,0,100,-100.0,115220.0,118120.0,-2900.0
2026-06-19,1220260617030002,1,0.0,0,100,-100.0,115120.0,118120.0,-3000.0
2026-06-19,2720260617030002,1,0.0,0,100,-100.0,115020.0,118120.0,-3100.0
2026-06-19,2720260617030004,1,0.0,0,100,-100.0,114920.0,118120.0,-3200.0
2026-06-19,3520260619010007,1,0.0,0,100,-100.0,114820.0,118120.0,-3300.0
2026-06-19,5620260616040001,5,0.0,0,500,-500.0,114320.0,118120.0,-3800.0
2026-06-19,5620260616040002,5,0.0,0,500,-500.0,113820.0,118120.0,-4300.0
2026-06-19,5620260616040003,5,0.0,0,500,-500.0,113320.0,118120.0,-4800.0
2026-06-19,5620260616040004,5,0.0,0,500,-500.0,112820.0,118120.0,-5300.0
2026-06-19,5620260616040005,5,0.0,0,500,-500.0,112320.0,118120.0,-5800.0
2026-06-19,5620260616040006,6,0.0,0,600,-600.0,111720.0,118120.0,-6400.0
2026-06-19,5620260616040007,5,0.0,0,500,-500.0,111220.0,118120.0,-6900.0
2026-06-19,5620260616040008,5,0.0,0,500,-500.0,110720.0,118120.0,-7400.0
2026-06-19,5620260616040009,5,0.0,0,500,-500.0,110220.0,118120.0,-7900.0
2026-06-19,5620260616040010,5,0.0,0,500,-500.0,109720.0,118120.0,-8400.0
2026-06-19,5620260616040011,4,0.0,0,400,-400.0,109320.0,118120.0,-8800.0
2026-06-19,5620260616040012,5,0.0,0,500,-500.0,108820.0,118120.0,-9300.0
2026-06-19,7520260619010002,1,0.0,0,100,-100.0,108720.0,118120.0,-9400.0
2026-06-19,8120260618020005,1,0.0,0,100,-100.0,108620.0,118120.0,-9500.0
2026-06-19,8120260618020011,1,0.0,0,100,-100.0,108520.0,118120.0,-9600.0
2026-06-19,8720260618020005,1,0.0,0,100,-100.0,108420.0,118120.0,-9700.0
2026-06-19,8720260618020006,1,0.0,0,100,-100.0,108320.0,118120.0,-9800.0
2026-06-20,3520260619020005,1,0.0,0,100,-100.0,108220.0,118120.0,-9900.0
2026-06-20,5620260616050001,5,0.0,0,500,-500.0,107720.0,118120.0,-10400.0
2026-06-20,5620260616050002,6,0.0,0,600,-600.0,107120.0,118120.0,-11000.0
2026-06-20,5620260616050003,5,0.0,0,500,-500.0,106620.0,118120.0,-11500.0
2026-06-20,5620260616050004,5,0.0,0,500,-500.0,106120.0,118120.0,-12000.0
2026-06-20,5620260616050005,5,0.0,0,500,-500.0,105620.0,118120.0,-12500.0
2026-06-20,5620260616050006,5,0.0,0,500,-500.0,105120.0,118120.0,-13000.0
2026-06-20,5620260616050007,5,0.0,0,500,-500.0,104620.0,118120.0,-13500.0
2026-06-20,5620260616050008,5,0.0,0,500,-500.0,104120.0,118120.0,-14000.0
2026-06-20,5620260616050009,5,0.0,0,500,-500.0,103620.0,118120.0,-14500.0
2026-06-20,5620260616050010,5,0.0,0,500,-500.0,103120.0,118120.0,-15000.0
2026-06-20,5620260616050011,5,0.0,0,500,-500.0,102620.0,118120.0,-15500.0
2026-06-20,5620260616050012,5,0.0,0,500,-500.0,102120.0,118120.0,-16000.0
2026-06-20,7520260619020002,1,0.0,0,100,-100.0,102020.0,118120.0,-16100.0
2026-06-20,7520260619020007,1,0.0,0,100,-100.0,101920.0,118120.0,-16200.0
2026-06-20,8720260618030005,1,0.0,0,100,-100.0,101820.0,118120.0,-16300.0
2026-06-21,1120260620020005,1,0.0,0,100,-100.0,101720.0,118120.0,-16400.0
2026-06-21,3520260619030001,1,0.0,0,100,-100.0,101620.0,118120.0,-16500.0
2026-06-21,3520260619030006,1,0.0,0,100,-100.0,101520.0,118120.0,-16600.0
2026-06-21,5620260616060001,5,0.0,0,500,-500.0,101020.0,118120.0,-17100.0
2026-06-21,5620260616060002,5,0.0,0,500,-500.0,100520.0,118120.0,-17600.0
2026-06-21,5620260616060003,5,0.0,0,500,-500.0,100020.0,118120.0,-18100.0
2026-06-21,5620260616060004,5,0.0,0,500,-500.0,99520.0,118120.0,-18600.0
2026-06-21,5620260616060005,5,0.0,0,500,-500.0,99020.0,118120.0,-19100.0
2026-06-21,5620260616060006,5,0.0,0,500,-500.0,98520.0,118120.0,-19600.0
2026-06-21,5620260616060007,5,0.0,0,500,-500.0,98020.0,118120.0,-20100.0
2026-06-21,5620260616060008,5,0.0,0,500,-500.0,97520.0,118120.0,-20600.0
2026-06-21,5620260616060009,5,0.0,0,500,-500.0,97020.0,118120.0,-21100.0
2026-06-21,5620260616060010,5,0.0,0,500,-500.0,96520.0,118120.0,-21600.0
2026-06-21,5620260616060011,5,0.0,0,500,-500.0,96020.0,118120.0,-22100.0
2026-06-21,5620260616060012,4,0.0,0,400,-400.0,95620.0,118120.0,-22500.0
2026-06-21,7520260619030001,1,0.0,0,100,-100.0,95520.0,118120.0,-22600.0
2026-06-22,1120260620030011,1,0.0,0,100,-100.0,95420.0,118120.0,-22700.0
2026-06-22,2420260621020009,1,0.0,0,100,-100.0,95320.0,118120.0,-22800.0
2026-06-22,3620260622010011,1,0.0,0,100,-100.0,95220.0,118120.0,-22900.0
2026-06-22,4320260622010001,1,0.0,0,100,-100.0,95120.0,118120.0,-23000.0
2026-06-22,4320260622010002,1,0.0,0,100,-100.0,95020.0,118120.0,-23100.0
2026-06-23,2420260621030001,6,0.0,0,600,-600.0,94420.0,118120.0,-23700.0
2026-06-23,2420260621030003,1,0.0,0,100,-100.0,94320.0,118120.0,-23800.0
2026-06-23,3620260622020009,1,0.0,0,100,-100.0,94220.0,118120.0,-23900.0
2026-06-23,4320260622020005,1,0.0,0,100,-100.0,94120.0,118120.0,-24000.0
2026-06-23,8420260621030008,5,0.0,0,500,-500.0,93620.0,118120.0,-24500.0
2026-06-24,2720260623020008,1,0.0,0,100,-100.0,93520.0,118120.0,-24600.0
2026-06-24,5520260623020006,1,0.0,0,100,-100.0,93420.0,118120.0,-24700.0
2026-06-25,2720260623030003,1,0.0,0,100,-100.0,93320.0,118120.0,-24800.0
2026-06-25,4420260625010007,1,0.0,0,100,-100.0,93220.0,118120.0,-24900.0
2026-06-26,1220260625020003,1,0.0,0,100,-100.0,93120.0,118120.0,-25000.0
2026-06-26,3120260625020002,1,0.0,0,100,-100.0,93020.0,118120.0,-25100.0
2026-06-26,3120260625020010,1,0.0,0,100,-100.0,92920.0,118120.0,-25200.0
2026-06-26,4620260625020007,1,0.0,0,100,-100.0,92820.0,118120.0,-25300.0
2026-06-26,8120260626010003,1,0.0,0,100,-100.0,92720.0,118120.0,-25400.0
