rule,race_count,tickets,avg_tickets_per_race,bet,return,profit,roi,roi_without_max_hit,hit_count,hit_rate_per_ticket,hit_rate_per_race,avg_score,min_score,avg_odds,median_odds,avg_direct_expected_return,avg_hit_payout,max_hit_payout,max_hit_share
odds_10plus_score>=0.9_top1,7599,7599,1.0,759900,3933520,3173620,5.176365311225161,5.171956836425846,2333,0.3070140808001053,0.3070140808001053,0.9440034553320434,0.9000051206590312,17.832530596131072,17.2,1674.9036221969136,1686.0351478782684,3350,0.0008516544977526491
odds_all_top1_by_direct_ticket_score,13326,13326,1.0,1332600,6770520,5437920,5.0806843764070235,5.070883986192406,4925,0.3695782680474261,0.3695782680474261,0.9126040780765862,0.000851392312311,20.634248836860273,16.9,1758.8225336783391,1374.7248730964468,13060,0.0019289508043695315
odds_all_score>=0.5_top1,13294,13294,1.0,1329400,6730080,5400680,5.062494358357154,5.054084549420791,4921,0.37016699262825337,0.37016699262825337,0.9141605681101846,0.512674283556173,20.49896945990673,16.9,1757.0483064349112,1367.624466571835,11180,0.0016611986781732164
odds_10plus_score>=0.8_top1,10148,10148,1.0,1014800,5130340,4115540,5.055518328734726,5.05070949940875,2718,0.267836026803311,0.267836026803311,0.9189190132225536,0.8000362375774834,21.571669294442252,20.2,1944.8242503263318,1887.542310522443,4880,0.0009512040137690679
odds_all_score>=0.6_top1,13264,13264,1.0,1326400,6689660,5363260,5.043471049457177,5.037296441495778,4916,0.370627261761158,0.370627261761158,0.9149500001227672,0.6007753749738057,20.372466827503015,16.9,1751.2359170597856,1360.793327908869,8190,0.001224277467016261
odds_all_score>=0.7_top1,13037,13037,1.0,1303700,6562630,5258930,5.0338498120733295,5.027606044335354,4895,0.3754698166756156,0.3754698166756156,0.9193133881261664,0.7000582856215776,19.62171511850886,16.5,1708.4328503865627,1340.6802860061287,8140,0.0012403563815116805
odds_all_score>=0.8_top1,11435,11435,1.0,1143500,5685590,4542090,4.9720944468736334,4.967826847398339,4688,0.409969392216878,0.409969392216878,0.9410688554341046,0.8000362375774834,16.21859204197639,14.3,1479.3640461061607,1212.7965017064846,4880,0.0008583102193439907
odds_10plus_score>=0.7_top1,12607,12607,1.0,1260700,6161290,4900590,4.887197588641231,4.880740858253351,2960,0.23479019592289999,0.23479019592289999,0.8883989878837609,0.7000582856215776,25.98450860632982,23.4,2220.3858436151068,2081.516891891892,8140,0.0013211519016309897
odds_all_score>=0.9_top1,9578,9578,1.0,957800,4658170,3700370,4.863405721444978,4.859908122781374,4356,0.4547922321987889,0.4547922321987889,0.9596985454047445,0.900031846888769,13.02803299227396,12.1,1233.3359869183882,1069.3686868686868,3350,0.0007191665396496907
odds_10plus_score>=0.6_top1,13084,13084,1.0,1308400,6350760,5042360,4.853836747172118,4.846369611739529,2991,0.2285998165698563,0.2285998165698563,0.8801565889663505,0.6003670513974793,27.328385814735555,24.1,2290.739377273526,2123.2898696088264,9770,0.001538398553873867
odds_10plus_score>=0.9_top2,7599,10183,1.3400447427293065,1018300,4935190,3916890,4.846499067072572,4.8431699891976825,2827,0.2776195620151232,0.3720226345571786,0.9408192149143183,0.9000051206590312,18.6771285475793,18.3,1748.338871919291,1745.7339936328262,3390,0.0006869036450471005
odds_10plus_score>=0.5_top1,13207,13207,1.0,1320700,6397730,5077030,4.844196259559324,4.835731051714999,2997,0.22692511546906943,0.22692511546906943,0.8771456571529472,0.5006546707228078,27.841144847429394,24.3,2312.0034259045797,2134.711378044711,11180,0.0017474948145670417
odds_10plus_top1_by_direct_ticket_score,13326,13326,1.0,1332600,6448190,5115590,4.838803842113162,4.8290034518985445,3002,0.22527390064535494,0.22527390064535494,0.8724721118465049,0.000851392312311,28.529768872880084,24.5,2324.9004578971926,2147.9646902065288,13060,0.0020253745624741206
odds_10plus_score>=0.9_top3,7599,10795,1.4205816554809843,1079500,5175210,4095710,4.7940805928670684,4.790940250115795,2930,0.2714219546086151,0.385577049611791,0.9398617140072524,0.9000051206590312,18.94266790180639,18.6,1771.339625643616,1766.283276450512,3390,0.0006550458821960848
odds_10plus_score>=0.9,7599,10927,1.4379523621529149,1092700,5211730,4119030,4.769589091241878,4.766486684359843,2946,0.26960739452731763,0.38768258981444925,0.9396266263975055,0.9000051206590312,19.00489612885513,18.7,1776.6897164014924,1769.0868974881196,3390,0.0006504557987462896
odds_10plus_score>=0.9_top10,7599,10927,1.4379523621529149,1092700,5211730,4119030,4.769589091241878,4.766486684359843,2946,0.26960739452731763,0.38768258981444925,0.9396266263975055,0.9000051206590312,19.00489612885513,18.7,1776.6897164014924,1769.0868974881196,3390,0.0006504557987462896
odds_10plus_score>=0.9_top5,7599,10924,1.4375575733649164,1092400,5209090,4116690,4.768482240937385,4.765378982057855,2945,0.26958989381179055,0.38755099355178313,0.9396347810503418,0.9000051206590312,19.003460270963018,18.7,1776.572249694305,1768.7911714770798,3390,0.0006507854538892589
odds_10plus_score>=0.95_top1,3377,3377,1.0,337700,1577770,1240070,4.672105419010957,4.662185371631626,1193,0.35327213503109267,0.35327213503109267,0.9610013215635981,0.950012886681164,13.5245188036719,13.1,1298.6598409229728,1322.523051131601,3350,0.002123249903344594
odds_10plus_score>=0.95_top2,3377,3824,1.1323660053301747,382400,1715250,1332850,4.48548640167364,4.476725941422594,1289,0.337081589958159,0.38169973349126446,0.9605724038720002,0.950012886681164,13.663179916317992,13.2,1311.3913405080527,1330.6826997672615,3350,0.0019530680658796094
odds_10plus_score>=0.8_top2,10148,15626,1.5398108001576665,1562600,6983530,5420930,4.469173172916934,4.465391014975042,3472,0.2221937795981057,0.34213638155301535,0.9057426763808768,0.800013643138211,23.764776654294128,23.1,2109.167229559835,2011.3853686635944,5910,0.0008462768828944674
odds_10plus_score>=0.95,3377,3857,1.1421379923008588,385700,1725380,1339680,4.473373087892144,4.464687581021519,1295,0.33575317604355714,0.38347645839502514,0.9605237865171434,0.950012886681164,13.681643764583873,13.3,1313.0939074575704,1332.3397683397684,3350,0.0019416012704447717
odds_10plus_score>=0.95_top5,3377,3857,1.1421379923008588,385700,1725380,1339680,4.473373087892144,4.464687581021519,1295,0.33575317604355714,0.38347645839502514,0.9605237865171434,0.950012886681164,13.681643764583873,13.3,1313.0939074575704,1332.3397683397684,3350,0.0019416012704447717
odds_10plus_score>=0.95_top10,3377,3857,1.1421379923008588,385700,1725380,1339680,4.473373087892144,4.464687581021519,1295,0.33575317604355714,0.38347645839502514,0.9605237865171434,0.950012886681164,13.681643764583873,13.3,1313.0939074575704,1332.3397683397684,3350,0.0019416012704447717
odds_10plus_score>=0.95_top3,3377,3854,1.1412496298489785,385400,1723840,1338440,4.472859366891541,4.4641670991178,1294,0.33575505967825636,0.38318033757773173,0.960527497699887,0.950012886681164,13.680902957965749,13.25,1313.0275515583046,1332.1792890262752,3350,0.0019433358084276963
odds_all_score>=0.9_top2,9578,13783,1.4390269367300064,1378300,6114540,4736240,4.436291083218458,4.433831531596895,5235,0.3798157150112457,0.54656504489455,0.9544474943202523,0.9000051206590312,14.545055503156062,14.1,1370.5680800885762,1168.0114613180515,3390,0.0005544161948404949
odds_all_top2_by_direct_ticket_score,13326,26652,2.0,2665200,11792120,9126920,4.424478463154735,4.412119165541047,6597,0.2475236380009005,0.495047276001801,0.8638777569697793,0.0002498632652266,29.398622992645954,26.4,2317.161877854739,1787.4973472790662,32940,0.002793390840663087
odds_all_score>=0.5_top2,13294,26420,1.987362720024071,2642000,11642580,9000580,4.406729750189251,4.394261922785768,6584,0.24920514761544285,0.4952610200090266,0.868402502595193,0.5006546707228078,28.6215821347464,26.2,2301.5159934645217,1768.3140947752127,32940,0.0028292698010234847
odds_all_score>=0.6_top2,13264,26102,1.9678829915560916,2610200,11484180,8873980,4.399731821316374,4.387112098689755,6564,0.2514749827599418,0.49487334137515077,0.8721784592458842,0.6002516726131829,27.918090567772584,25.9,2270.9873884001586,1749.5703839122486,32940,0.0028682936004137865
odds_all_score>=0.8_top2,11435,18498,1.6176650634018364,1849800,8036770,6186970,4.3446696940209755,4.3414747540274625,5841,0.3157638663639312,0.5108001749016179,0.9254630549188592,0.800013643138211,19.30368147907882,18.4,1729.8790495615876,1375.9236432117789,5910,0.0007353700553829461
odds_all_score>=0.7_top2,13037,24732,1.8970622075630896,2473200,10760680,8287480,4.3509137958919615,4.3375950185993855,6449,0.26075529678149767,0.49466901894607657,0.8837806850146,0.7000317298417742,25.87046336729743,24.5,2159.3176240130883,1668.5811753760272,32940,0.003061144834713048
odds_all_score>=0.9_top3,9578,15063,1.5726665274587597,1506300,6509120,5002820,4.321264024430724,4.319013476731063,5429,0.36041957113456813,0.5668197953643767,0.952540341188238,0.9000051206590312,15.101042289052646,14.9,1420.3528889277623,1198.9537668078835,3390,0.0005208077282336168
odds_10plus_score>=0.8_top3,10148,17812,1.75522270398108,1781200,7686280,5905080,4.3152256905457,4.311902088479677,3716,0.20862339995508647,0.3661805281828932,0.8998839317405652,0.8000017257731068,24.70427240062879,24.4,2177.5623899211737,2068.4284176533906,5920,0.0007702035314872735
odds_all_score>=0.9_top5,9578,15367,1.6044059302568385,1536700,6591280,5054580,4.289243183445045,4.28703715754539,5466,0.3556972733780178,0.5706828147838797,0.9520139809173853,0.9000051206590312,15.2524435478623,15.2,1433.8242183222735,1205.8690084156603,3390,0.0005143158840164581
odds_all_score>=0.9,9578,15374,1.6051367717686365,1537400,6593920,5056520,4.28900741511643,4.2868023936516195,5467,0.3556003642513334,0.5707872207141366,0.9519967936503763,0.9000051206590312,15.256179263691948,15.2,1434.1466123038851,1206.1313334552772,3390,0.000514109967970494
odds_all_score>=0.9_top10,9578,15374,1.6051367717686365,1537400,6593920,5056520,4.28900741511643,4.2868023936516195,5467,0.3556003642513334,0.5707872207141366,0.9519967936503763,0.9000051206590312,15.256179263691948,15.2,1434.1466123038854,1206.1313334552772,3390,0.000514109967970494
odds_10plus_score>=0.7_top2,12607,23410,1.8569048941064488,2341000,10029590,7688590,4.2843186672362235,4.2702477573686455,4151,0.1773173857325929,0.32926152137701276,0.8568733437125501,0.7000317298417742,31.027069628363947,30.3,2553.7315068087255,2416.1864610937123,32940,0.0032842818101238434
odds_10plus_score>=0.6_top2,13084,25472,1.9468052583307858,2547200,10867810,8320610,4.266571136934673,4.253639290201005,4283,0.16814541457286433,0.3273463772546622,0.8410279086880916,0.6002516726131829,33.75935537060302,31.7,2692.5810851784245,2537.429371935559,32940,0.0030309694409453238
odds_10plus_score>=0.5_top2,13207,26100,1.9762247293102142,2610000,11075910,8465910,4.24364367816092,4.231022988505747,4310,0.16513409961685824,0.32634209131521164,0.8342001297685059,0.5003894371929033,34.97967816091954,32.1,2740.6379808233623,2569.816705336427,32940,0.002974021999095334
odds_10plus_score>=0.8_top5,10148,18695,1.842234923137564,1869500,7914320,6044820,4.233388606579299,4.230221984487831,3789,0.20267451190157795,0.3733740638549468,0.8970438428860349,0.8000017257731068,25.14654720513506,25.0,2208.8070854856433,2088.7622063869094,5920,0.0007480111999514803
odds_10plus_score>=0.8,10148,18752,1.8478517934568388,1875200,7916960,6041760,4.221928327645051,4.21877133105802,3790,0.2021117747440273,0.37347260543949545,0.8968090226055865,0.8000017257731068,25.181100682593858,25.0,2211.160258447278,2088.9076517150397,5920,0.0007477617671429438
odds_10plus_score>=0.8_top10,10148,18752,1.8478517934568388,1875200,7916960,6041760,4.221928327645051,4.21877133105802,3790,0.2021117747440273,0.37347260543949545,0.8968090226055865,0.8000017257731068,25.181100682593858,25.0,2211.160258447278,2088.9076517150397,5920,0.0007477617671429438
odds_10plus_top2_by_direct_ticket_score,13326,26652,2.0,2665200,11260290,8595090,4.22493246285457,4.212573165240882,4327,0.16235179348641754,0.3247035869728351,0.824411512393227,0.0002498632652266,36.904299864925704,32.5,2774.356969328945,2602.3318696556507,32940,0.002925324303370517
odds_all_score>=0.8_top3,11435,21723,1.89969392216878,2172300,8988790,6816490,4.137913731989136,4.135188509874327,6205,0.28564194632417256,0.5426322693484915,0.9176052006605447,0.8000017257731068,20.753781706025872,20.5,1843.531154874525,1448.6365834004835,5920,0.0006585980982979912
odds_all_score>=0.5_top3,13294,39115,2.942304799157515,3911500,16141260,12229760,4.126616387575099,4.1181950658315225,7605,0.19442669052793046,0.5720625846246427,0.8301349869158938,0.5003894371929033,35.41502236993481,33.4,2706.7993036989765,2122.4536489151874,32940,0.002040732879589326
odds_all_top3_by_direct_ticket_score,13326,39978,3.0,3997800,16492770,12494970,4.125461503827105,4.117221972084646,7635,0.1909800390214618,0.5729401170643854,0.8201867293506487,0.0001296827014009,37.51191905548051,33.9,2748.4135862344683,2160.1532416502946,32940,0.0019972387900880203
odds_all_score>=0.6_top3,13264,37934,2.8599215922798553,3793400,15638010,11844610,4.12242579216534,4.113742289239205,7541,0.19879263984815732,0.5685313630880579,0.8386402408436043,0.6000272220969043,33.818155216955766,32.7,2641.296644946685,2073.731600583477,32940,0.0021064061220065723
odds_100plus_expected>=300_top2,13306,26612,2.0,2661200,11331990,8670790,4.258225612505637,4.110292349316098,91,0.003419509995490756,0.006839019990981512,0.12109921279780167,0.0046232099168636,1839.0951375319403,1543.8000000000002,16005.045569671238,124527.36263736263,393680,0.03474058836973912
odds_100plus_expected>=500_top2,13306,26612,2.0,2661200,11331990,8670790,4.258225612505637,4.110292349316098,91,0.003419509995490756,0.006839019990981512,0.12109921279780167,0.0046232099168636,1839.0951375319403,1543.8000000000002,16005.045569671238,124527.36263736263,393680,0.03474058836973912
odds_100plus_expected>=800_top2,13306,26612,2.0,2661200,11331990,8670790,4.258225612505637,4.110292349316098,91,0.003419509995490756,0.006839019990981512,0.12109921279780167,0.0046232099168636,1839.0951375319403,1543.8000000000002,16005.045569671238,124527.36263736263,393680,0.03474058836973912
odds_100plus_expected>=1000_top2,13306,26612,2.0,2661200,11331990,8670790,4.258225612505637,4.110292349316098,91,0.003419509995490756,0.006839019990981512,0.12109921279780167,0.0046232099168636,1839.0951375319403,1543.8000000000002,16005.045569671238,124527.36263736263,393680,0.03474058836973912
odds_100plus_expected>=200_top2,13307,26613,1.9999248515818742,2661300,11331990,8670690,4.2580656070341565,4.110137902528839,91,0.0034193815052793747,0.006838506049447659,0.1210946930445546,0.0008150196338287,1839.1353586593018,1543.9,16004.453080451412,124527.36263736263,393680,0.03474058836973912
odds_100plus_expected>=150_top2,13308,26615,1.9999248572287347,2661500,11331990,8670490,4.257745632162314,4.109829043772309,91,0.003419124553823032,0.006837992185151788,0.12108563468067861,0.0004439615574002,1839.228371219237,1543.9,16003.2627922133,124527.36263736263,393680,0.03474058836973912
odds_100plus_expected>=100_top2,13311,26619,1.9997746224926751,2661900,11331990,8670090,4.257105826665164,4.109211465494572,91,0.0034186107667455575,0.0068364510555179924,0.12106753785656502,0.0004086509338696,1839.2521957999923,1544.4,16000.876378580302,124527.36263736263,393680,0.03474058836973912
odds_100plus_expected>=80_top2,13312,26623,1.9999248798076923,2662300,11331990,8669690,4.256466213424482,4.1085940727942,91,0.0034180971340570182,0.0068359375,0.12104948131291988,0.0003993368521374,1839.1873079667957,1544.4,15998.485342634161,124527.36263736263,393680,0.03474058836973912
odds_100plus_expected>=50_top2,13317,26629,1.9996245400615755,2662900,11331990,8669090,4.25550715385482,4.107668331518269,91,0.003417326974351271,0.006833370879327175,0.12102229909313127,0.0001154516203323,1839.3455818844118,1544.4,15994.895948724838,124527.36263736263,393680,0.03474058836973912
odds_100plus_top2_by_direct_expected_return,13326,26652,2.0,2665200,11331990,8666790,4.251834759117514,4.104123517934864,91,0.003414377907849317,0.006828755815698634,0.12091806255024165,1.941874750968996e-05,1840.360246885787,1544.5,15981.1170225405,124527.36263736263,393680,0.03474058836973912
odds_30plus_expected>=500_top2,13306,26612,2.0,2661200,11267640,8606440,4.234044791823238,4.086111528633699,91,0.003419509995490756,0.006839019990981512,0.12285098678893826,0.0046232099168636,1837.5481136329474,1543.3,16008.374205566965,123820.21978021978,393680,0.03493899343607002
odds_30plus_expected>=800_top2,13306,26612,2.0,2661200,11267640,8606440,4.234044791823238,4.086111528633699,91,0.003419509995490756,0.006839019990981512,0.12285098678893826,0.0046232099168636,1837.5481136329474,1543.3,16008.374205566965,123820.21978021978,393680,0.03493899343607002
odds_30plus_expected>=1000_top2,13306,26612,2.0,2661200,11267640,8606440,4.234044791823238,4.086111528633699,91,0.003419509995490756,0.006839019990981512,0.12285098678893826,0.0046232099168636,1837.5481136329474,1543.3,16008.374205566965,123820.21978021978,393680,0.03493899343607002
odds_50plus_expected>=300_top2,13306,26612,2.0,2661200,11267640,8606440,4.234044791823238,4.086111528633699,91,0.003419509995490756,0.006839019990981512,0.12283178957142266,0.0046232099168636,1837.5540245002255,1543.3,16008.357423107529,123820.21978021978,393680,0.03493899343607002
odds_50plus_expected>=500_top2,13306,26612,2.0,2661200,11267640,8606440,4.234044791823238,4.086111528633699,91,0.003419509995490756,0.006839019990981512,0.12283178957142266,0.0046232099168636,1837.5540245002255,1543.3,16008.357423107529,123820.21978021978,393680,0.03493899343607002
odds_50plus_expected>=800_top2,13306,26612,2.0,2661200,11267640,8606440,4.234044791823238,4.086111528633699,91,0.003419509995490756,0.006839019990981512,0.12283178957142266,0.0046232099168636,1837.5540245002255,1543.3,16008.357423107529,123820.21978021978,393680,0.03493899343607002
odds_50plus_expected>=1000_top2,13306,26612,2.0,2661200,11267640,8606440,4.234044791823238,4.086111528633699,91,0.003419509995490756,0.006839019990981512,0.12283178957142266,0.0046232099168636,1837.5540245002255,1543.3,16008.357423107529,123820.21978021978,393680,0.03493899343607002
odds_30plus_expected>=300_top2,13308,26614,1.9998497144574692,2661400,11267640,8606240,4.233726610054858,4.085804463816037,91,0.0034192530247238295,0.006837992185151788,0.12285034661452958,0.0046232099168636,1837.4123393702562,1543.3,16007.197660756985,123820.21978021978,393680,0.03493899343607002
odds_50plus_expected>=200_top2,13308,26614,1.9998497144574692,2661400,11267640,8606240,4.233726610054858,4.085804463816037,91,0.0034192530247238295,0.006837992185151788,0.12282417264941956,0.0008150196338287,1837.52723754415,1543.3,16007.1716731146,123820.21978021978,393680,0.03493899343607002
odds_all_expected>=800_top2,13308,26615,1.9999248572287347,2661500,11267640,8606140,4.233567537103137,4.085650948713131,91,0.003419124553823032,0.006837992185151788,0.12290766721772166,0.0046232099168636,1837.3432575615254,1543.3,16006.7099102338,123820.21978021978,393680,0.03493899343607002
odds_all_expected>=1000_top2,13308,26615,1.9999248572287347,2661500,11267640,8606140,4.233567537103137,4.085650948713131,91,0.003419124553823032,0.006837992185151788,0.12290766721772166,0.0046232099168636,1837.3432575615254,1543.3,16006.7099102338,123820.21978021978,393680,0.03493899343607002
odds_10plus_expected>=800_top2,13308,26615,1.9999248572287347,2661500,11267640,8606140,4.233567537103137,4.085650948713131,91,0.003419124553823032,0.006837992185151788,0.12290766721772166,0.0046232099168636,1837.3432575615254,1543.3,16006.7099102338,123820.21978021978,393680,0.03493899343607002
odds_10plus_expected>=1000_top2,13308,26615,1.9999248572287347,2661500,11267640,8606140,4.233567537103137,4.085650948713131,91,0.003419124553823032,0.006837992185151788,0.12290766721772166,0.0046232099168636,1837.3432575615254,1543.3,16006.7099102338,123820.21978021978,393680,0.03493899343607002
odds_50plus_expected>=150_top2,13310,26617,1.9997746055597296,2661700,11267640,8605940,4.2332494270578955,4.085343953112672,91,0.003418867640981328,0.006836964688204357,0.12281125634686119,0.0004439615574002,1837.5542134725927,1543.3,16005.386684225181,123820.21978021978,393680,0.03493899343607002
odds_all_expected>=500_top2,13311,26618,1.9996994966569004,2661800,11267640,8605840,4.23309038996168,4.085190472612518,91,0.0034187391990382447,0.0068364510555179924,0.12293438754138832,0.0046232099168636,1837.1380531970844,1543.2,16004.967087030294,123820.21978021978,393680,0.03493899343607002
odds_10plus_expected>=500_top2,13311,26618,1.9996994966569004,2661800,11267640,8605840,4.23309038996168,4.085190472612518,91,0.0034187391990382447,0.0068364510555179924,0.12293438754138832,0.0046232099168636,1837.1380531970844,1543.2,16004.967087030294,123820.21978021978,393680,0.03493899343607002
odds_30plus_expected>=200_top2,13311,26618,1.9996994966569004,2661800,11267640,8605840,4.23309038996168,4.085190472612518,91,0.0034187391990382447,0.0068364510555179924,0.1228380358065082,0.0008150196338287,1837.2505071755954,1543.25,16004.827512470174,123820.21978021978,393680,0.03493899343607002
odds_50plus_expected>=100_top2,13311,26620,1.99984974832845,2662000,11267640,8605640,4.232772351615327,4.084883546205861,91,0.0034184823441021786,0.0068364510555179924,0.12279834641991115,0.0004439615574002,1837.4771262208867,1543.3,16003.5971168879,123820.21978021978,393680,0.03493899343607002
odds_30plus_expected>=150_top2,13312,26622,1.9998497596153846,2662200,11267640,8605440,4.232454361054767,4.084576665915408,91,0.0034182255277589962,0.0068359375,0.12282193208349482,0.0004439615574002,1837.2100555931183,1543.25,16002.447852331035,123820.21978021978,393680,0.03493899343607002
odds_10plus_expected>=300_top2,13316,26624,1.99939921898468,2662400,11267640,8605240,4.2321364182692305,4.0842698317307695,91,0.00341796875,0.0068338840492640435,0.12294279623066331,0.0046232099168636,1836.7296349158653,1543.05,16001.445678476575,123820.21978021978,393680,0.03493899343607002
odds_30plus_expected>=100_top2,13314,26624,1.9996995643683342,2662400,11267640,8605240,4.2321364182692305,4.0842698317307695,91,0.00341796875,0.006834910620399579,0.1228141385894495,0.0004439615574002,1837.1421987680287,1543.25,16001.25437920464,123820.21978021978,393680,0.03493899343607002
odds_50plus_expected>=80_top2,13313,26624,1.9998497709006235,2662400,11267640,8605240,4.2321364182692305,4.0842698317307695,91,0.00341796875,0.00683542402163299,0.12278053476764793,0.0003993368521374,1837.3991210937502,1543.3,16001.20623679923,123820.21978021978,393680,0.03493899343607002
odds_all_expected>=300_top2,13317,26626,1.9993992640985208,2662600,11267640,8605040,4.231818523247953,4.083963043641553,91,0.003417712010816495,0.006833370879327175,0.12298402510114025,0.0046232099168636,1836.592139262375,1542.95,16000.2732381731,123820.21978021978,393680,0.03493899343607002
odds_10plus_expected>=200_top2,13319,26629,1.9993242735941137,2662900,11267640,8604740,4.231341770250479,4.083502947913928,91,0.003417326974351271,0.006832344770628425,0.12293111374026117,0.0008150196338287,1836.4987419730369,1542.9,15998.483701659057,123820.21978021978,393680,0.03493899343607002
odds_30plus_expected>=80_top2,13316,26629,1.999774707119255,2662900,11267640,8604740,4.231341770250479,4.083502947913928,91,0.003417326974351271,0.0068338840492640435,0.12279286650103428,0.0003993368521374,1836.9963949078074,1543.2,15998.266856052242,123820.21978021978,393680,0.03493899343607002
odds_all_expected>=200_top2,13319,26630,1.9993993543058788,2663000,11267640,8604640,4.231182876455126,4.083349605707848,91,0.003417198648141194,0.006832344770628425,0.12297446205012372,0.0008150196338287,1836.4287758167482,1542.85,15997.902662397948,123820.21978021978,393680,0.03493899343607002
odds_50plus_expected>=50_top2,13317,26631,1.9997747240369452,2663100,11267640,8604540,4.231023994592768,4.083196275017836,91,0.0034170703315684727,0.006833370879327175,0.1227487177488046,0.0001154516203323,1837.490807705306,1543.3,15997.017603122018,123820.21978021978,393680,0.03493899343607002
odds_all_expected>=150_top2,13319,26632,1.9995495157294092,2663200,11267640,8604440,4.230865124662061,4.083042955842595,91,0.0034169420246320218,0.006832344770628425,0.12296612896581458,0.0004439615574002,1836.4258298287775,1542.85,15996.713921170809,123820.21978021978,393680,0.03493899343607002
odds_10plus_expected>=150_top2,13319,26632,1.9995495157294092,2663200,11267640,8604440,4.230865124662061,4.083042955842595,91,0.0034169420246320218,0.006832344770628425,0.1229181926660471,0.0004439615574002,1836.5258185641333,1542.95,15996.700696801918,123820.21978021978,393680,0.03493899343607002
odds_all_expected>=100_top2,13319,26633,1.9996245964411743,2663300,11267640,8604340,4.23070626666166,4.082889648180828,91,0.003416813727330755,0.006832344770628425,0.12296153564895415,0.0004439615574002,1836.4258701610781,1542.9,15996.1176486918,123820.21978021978,393680,0.03493899343607002
odds_10plus_expected>=100_top2,13319,26633,1.9996245964411743,2663300,11267640,8604340,4.23070626666166,4.082889648180828,91,0.003416813727330755,0.006832344770628425,0.12291360114907023,0.0004439615574002,1836.5258551421166,1543.0,15996.104424819448,123820.21978021978,393680,0.03493899343607002
odds_all_expected>=80_top2,13320,26636,1.9996996996996996,2663600,11267640,8604040,4.230229764228863,4.082429794263403,91,0.0034164288932272114,0.006831831831831832,0.12294943251661981,0.0004439615574002,1836.2889585523353,1542.85,15994.326196683622,123820.21978021978,393680,0.03493899343607002
odds_10plus_expected>=80_top2,13320,26636,1.9996996996996996,2663600,11267640,8604040,4.230229764228863,4.082429794263403,91,0.0034164288932272114,0.006831831831831832,0.12290150341557582,0.0004439615574002,1836.3889322721127,1542.95,15994.312974300668,123820.21978021978,393680,0.03493899343607002
odds_30plus_expected>=50_top2,13322,26637,1.9994745533703648,2663700,11267640,8603940,4.230070953936254,4.082276532642565,91,0.003416300634455832,0.006830806185257469,0.12275750297273494,0.0001154516203323,1836.984052258137,1543.2,15993.48064047097,123820.21978021978,393680,0.03493899343607002
odds_all_expected>=50_top2,13324,26643,1.9996247373161213,2664300,11267640,8603340,4.229118342528994,4.08135720451901,91,0.003415531284014563,0.006829780846592615,0.12291828119896235,0.0001154516203323,1836.343737567091,1542.8,15990.140610543844,123820.21978021978,393680,0.03493899343607002
odds_10plus_expected>=50_top2,13324,26643,1.9996247373161213,2664300,11267640,8603340,4.229118342528994,4.08135720451901,91,0.003415531284014563,0.006829780846592615,0.1228703646904833,0.0001154516203323,1836.4436850204554,1542.9,15990.127391634847,123820.21978021978,393680,0.03493899343607002
odds_all_top2_by_direct_expected_return,13326,26652,2.0,2665200,11267640,8602440,4.227690229626295,4.079978988443644,91,0.003414377907849317,0.006828755815698634,0.12287838229987201,1.941874750968996e-05,1836.6765345940266,1542.75,15984.753042329126,123820.21978021978,393680,0.03493899343607002
odds_10plus_top2_by_direct_expected_return,13326,26652,2.0,2665200,11267640,8602440,4.227690229626295,4.079978988443644,91,0.003414377907849317,0.006828755815698634,0.12283048197211395,1.941874750968996e-05,1836.776448296563,1542.85,15984.73982788397,123820.21978021978,393680,0.03493899343607002
odds_30plus_top2_by_direct_expected_return,13326,26652,2.0,2665200,11267640,8602440,4.227690229626295,4.079978988443644,91,0.003414377907849317,0.006828755815698634,0.12269032864276105,1.941874750968996e-05,1837.5183550953025,1543.2,15984.498871245893,123820.21978021978,393680,0.03493899343607002
odds_50plus_top2_by_direct_expected_return,13326,26652,2.0,2665200,11267640,8602440,4.227690229626295,4.079978988443644,91,0.003414377907849317,0.006828755815698634,0.12265317019418506,1.941874750968996e-05,1837.9695332432839,1543.3,15984.435511377518,123820.21978021978,393680,0.03493899343607002
odds_all_score>=0.95_top1,6386,6386,1.0,638600,2597650,1959050,4.067726276229251,4.062480425931725,3356,0.5255245850297526,0.5255245850297526,0.9743779758952099,0.950012886681164,8.89732226746007,8.4,861.6832204426969,774.0315852205006,3350,0.0012896271630127231
odds_all_score>=0.7_top3,13037,33941,2.603436373398788,3394100,13810000,10415900,4.068825314516366,4.059120238060164,7260,0.21390059220411892,0.5568765820357444,0.8595980721686866,0.7000317298417742,29.99130844701099,30.5,2438.31202029556,1902.2038567493114,32940,0.002385228095582911
odds_10plus_score>=0.6_top3,13084,36548,2.793335371446041,3654800,14773180,11118380,4.042130896355478,4.033118091277225,5133,0.14044544161103206,0.3923112198104555,0.8126876392222887,0.6000272220969043,38.66374630622743,36.5,2976.967237989374,2878.0790960451977,32940,0.0022297162831563687
odds_10plus_score>=0.7_top3,12607,31528,2.500832870627429,3152800,12741400,9588600,4.041296625222025,4.030848769347881,4821,0.15291169753869577,0.3824065995082097,0.8370988664250595,0.7000317298417742,34.229075742197416,33.650000000000006,2755.1349362223987,2642.895664799834,32940,0.002585273203886543
odds_all_score>=0.8_top5,11435,23115,2.0214254481853957,2311500,9296510,6985010,4.021851611507679,4.019290504001731,6310,0.27298291152931,0.5518146042850897,0.9135391186836002,0.8000017257731068,21.462119835604586,21.4,1897.2032352792005,1473.29793977813,5920,0.0006367981102585809
odds_all_score>=0.8,11435,23199,2.0287713161346743,2319900,9299150,6979250,4.008427087374455,4.0058752532436745,6311,0.2720375878270615,0.5519020550940096,0.9132144209162162,0.8000017257731068,21.51291003922583,21.5,1900.8732554353285,1473.4828077959119,5920,0.0006366173252394036
odds_all_score>=0.8_top10,11435,23199,2.0287713161346743,2319900,9299150,6979250,4.008427087374455,4.0058752532436745,6311,0.2720375878270615,0.5519020550940096,0.9132144209162162,0.8000017257731068,21.51291003922583,21.5,1900.8732554353287,1473.4828077959119,5920,0.0006366173252394036
odds_10plus_score>=0.5_top3,13207,38290,2.899220110547437,3829000,15334490,11505490,4.004828937059284,3.9962261687124574,5206,0.13596239226952206,0.39418490194593775,0.8010273924324061,0.5000269802273916,40.825716897362234,37.5,3058.8748870763893,2945.541682673838,32940,0.0021480988281970905
odds_100plus_expected>=500_top3,13306,39915,2.999774537802495,3991500,16275370,12283870,4.077507202805963,3.9788776149317298,138,0.003457346862081924,0.01037126108522471,0.1209735029753924,0.0038846807093186,1792.3515720906928,1505.4,14905.331308200448,117937.46376811594,393680,0.024188697399813337
odds_100plus_expected>=800_top3,13306,39915,2.999774537802495,3991500,16275370,12283870,4.077507202805963,3.9788776149317298,138,0.003457346862081924,0.01037126108522471,0.1209735029753924,0.0038846807093186,1792.3515720906928,1505.4,14905.331308200448,117937.46376811594,393680,0.024188697399813337
odds_100plus_expected>=1000_top3,13306,39915,2.999774537802495,3991500,16275370,12283870,4.077507202805963,3.9788776149317298,138,0.003457346862081924,0.01037126108522471,0.1209735029753924,0.0038846807093186,1792.3515720906928,1505.4,14905.331308200448,117937.46376811594,393680,0.024188697399813337
odds_100plus_expected>=300_top3,13306,39916,2.99984969186833,3991600,16275370,12283770,4.077405050606274,3.9787779336606874,138,0.003457260246517687,0.01037126108522471,0.12097080336092272,0.0038846807093186,1792.31434011424,1505.35,14904.968028642748,117937.46376811594,393680,0.024188697399813337
odds_100plus_expected>=200_top3,13307,39917,2.9996994063274967,3991700,16275370,12283670,4.077302903524814,3.9786782573840718,138,0.0034571736352932334,0.010370481701360186,0.12096779322028772,0.0008150196338287,1792.3423278302478,1505.4,14904.600570214856,117937.46376811594,393680,0.024188697399813337
odds_100plus_expected>=150_top3,13308,39919,2.999624286143673,3991900,16275370,12283470,4.077098624715048,3.9784789198126207,138,0.0034570004258623714,0.010369702434625788,0.12096176013942621,0.0004439615574002,1792.4066860392295,1505.4,14903.862079359951,117937.46376811594,393680,0.024188697399813337
odds_100plus_expected>=100_top3,13311,39924,2.999323867478026,3992400,16275370,12282970,4.0765880172327424,3.9779806632601944,138,0.0034565674782085962,0.010367365336939374,0.12094668513337317,0.0003310813937004,1792.468993587817,1505.8000000000002,14902.01066920003,117937.46376811594,393680,0.024188697399813337
odds_100plus_expected>=80_top3,13312,39929,2.9994741586538463,3992900,16275370,12282470,4.076077537629292,3.9774825314934006,138,0.0034561346389841967,0.010366586538461538,0.12093164042602406,0.0003310813937004,1792.432144556588,1505.9,14900.155451176046,117937.46376811594,393680,0.024188697399813337
odds_100plus_expected>=50_top3,13317,39938,2.999023804160096,3993800,16275370,12281570,4.075158996444489,3.9765862086233663,138,0.0034553558014923133,0.010362694300518135,0.12090447375900455,0.0001154516203323,1792.6367244228554,1505.9,14896.812968012011,117937.46376811594,393680,0.024188697399813337
odds_100plus_top3_by_direct_expected_return,13326,39976,2.9998499174546,3997600,16275370,12277770,4.071285271162697,3.972806183710226,138,0.0034520712427456475,0.010355695632597929,0.12078977896734933,7.901670971187696e-06,1793.8420452271362,1506.15,14882.676836064737,117937.46376811594,393680,0.024188697399813337
odds_30plus_expected>=500_top3,13306,39918,3.0,3991800,16237240,12245440,4.067648679793577,3.9690265043338844,142,0.003557292449521519,0.010671877348564557,0.12334611513123103,0.0043180555061342,1788.710711959517,1504.15,14909.029496097686,114346.76056338029,393680,0.024245499850959893
odds_30plus_expected>=800_top3,13306,39918,3.0,3991800,16237240,12245440,4.067648679793577,3.9690265043338844,142,0.003557292449521519,0.010671877348564557,0.12334611513123103,0.0043180555061342,1788.710711959517,1504.15,14909.029496097686,114346.76056338029,393680,0.024245499850959893
odds_30plus_expected>=1000_top3,13306,39918,3.0,3991800,16237240,12245440,4.067648679793577,3.9690265043338844,142,0.003557292449521519,0.010671877348564557,0.12334611513123103,0.0043180555061342,1788.710711959517,1504.15,14909.029496097686,114346.76056338029,393680,0.024245499850959893
odds_30plus_expected>=300_top3,13308,39920,2.9996994289149383,3992000,16237240,12245240,4.067444889779559,3.9688276553106214,142,0.0035571142284569137,0.010670273519687407,0.12334566353157181,0.0043180555061342,1788.622640280561,1504.1,14908.300190632914,114346.76056338029,393680,0.024245499850959893
odds_all_expected>=800_top3,13308,39921,2.9997745716862037,3992100,16237240,12245140,4.067343002429799,3.968728238270584,142,0.003557025124621127,0.010670273519687407,0.12338386629545646,0.0043180555061342,1788.5778061671804,1504.1,14908.00253820175,114346.76056338029,393680,0.024245499850959893
odds_all_expected>=1000_top3,13308,39921,2.9997745716862037,3992100,16237240,12245140,4.067343002429799,3.968728238270584,142,0.003557025124621127,0.010670273519687407,0.12338386629545646,0.0043180555061342,1788.5778061671804,1504.1,14908.00253820175,114346.76056338029,393680,0.024245499850959893
odds_10plus_expected>=800_top3,13308,39921,2.9997745716862037,3992100,16237240,12245140,4.067343002429799,3.968728238270584,142,0.003557025124621127,0.010670273519687407,0.12338386629545646,0.0043180555061342,1788.5778061671804,1504.1,14908.00253820175,114346.76056338029,393680,0.024245499850959893
odds_10plus_expected>=1000_top3,13308,39921,2.9997745716862037,3992100,16237240,12245140,4.067343002429799,3.968728238270584,142,0.003557025124621127,0.010670273519687407,0.12338386629545646,0.0043180555061342,1788.5778061671804,1504.1,14908.00253820175,114346.76056338029,393680,0.024245499850959893
odds_all_expected>=500_top3,13311,39924,2.999323867478026,3992400,16237240,12244840,4.0670373710049095,3.9684300170323614,142,0.003556757839895802,0.010667868680039065,0.12340164540020863,0.0043180555061342,1788.4446573489631,1504.05,14906.92312867578,114346.76056338029,393680,0.024245499850959893
odds_10plus_expected>=500_top3,13311,39924,2.999323867478026,3992400,16237240,12244840,4.0670373710049095,3.9684300170323614,142,0.003556757839895802,0.010667868680039065,0.12340164540020863,0.0043180555061342,1788.4446573489631,1504.05,14906.92312867578,114346.76056338029,393680,0.024245499850959893
odds_30plus_expected>=200_top3,13311,39924,2.999323867478026,3992400,16237240,12244840,4.0670373710049095,3.9684300170323614,142,0.003556757839895802,0.010667868680039065,0.123337406083531,0.0008150196338287,1788.5196323013724,1504.1,14906.830071977021,114346.76056338029,393680,0.024245499850959893
odds_30plus_expected>=150_top3,13312,39929,2.9994741586538463,3992900,16237240,12244340,4.0665280873550556,3.967933081219164,142,0.0035563124546069275,0.010667067307692308,0.12332475597358296,0.0004439615574002,1788.4536427158205,1504.1,14904.984498104584,114346.76056338029,393680,0.024245499850959893
odds_10plus_expected>=300_top3,13316,39930,2.99864824271553,3993000,16237240,12244240,4.066426245930378,3.967833708990734,142,0.0035562233909341347,0.010663863021928507,0.12340718182385266,0.0043180555061342,1788.1796543951914,1503.9,14904.740165550713,114346.76056338029,393680,0.024245499850959893
odds_50plus_expected>=300_top3,13306,39918,3.0,3991800,16232350,12240550,4.066423668520467,3.9678014930607746,141,0.0035322410942431985,0.010596723282729596,0.12327225034769437,0.0043180555061342,1788.7272007615613,1504.15,14909.000574666761,115123.04964539007,393680,0.024252803814604786
odds_50plus_expected>=500_top3,13306,39918,3.0,3991800,16232350,12240550,4.066423668520467,3.9678014930607746,141,0.0035322410942431985,0.010596723282729596,0.12327225034769437,0.0043180555061342,1788.7272007615613,1504.15,14909.000574666761,115123.04964539007,393680,0.024252803814604786
odds_50plus_expected>=800_top3,13306,39918,3.0,3991800,16232350,12240550,4.066423668520467,3.9678014930607746,141,0.0035322410942431985,0.010596723282729596,0.12327225034769437,0.0043180555061342,1788.7272007615613,1504.15,14909.000574666761,115123.04964539007,393680,0.024252803814604786
odds_50plus_expected>=1000_top3,13306,39918,3.0,3991800,16232350,12240550,4.066423668520467,3.9678014930607746,141,0.0035322410942431985,0.010596723282729596,0.12327225034769437,0.0043180555061342,1788.7272007615613,1504.15,14909.000574666761,115123.04964539007,393680,0.024252803814604786
odds_all_expected>=300_top3,13317,39932,2.9985732522339865,3993200,16237240,12244040,4.066222578383251,3.9676349794650907,142,0.0035560452769708506,0.010663062251257792,0.12343464929691014,0.0043180555061342,1788.0904061905237,1503.8000000000002,14904.01333031845,114346.76056338029,393680,0.024245499850959893
odds_50plus_expected>=200_top3,13308,39920,2.9996994289149383,3992000,16232350,12240350,4.066219939879759,3.9676027054108216,141,0.003532064128256513,0.010595130748422003,0.12326715020531606,0.0008150196338287,1788.7117885771543,1504.15,14908.265132867788,115123.04964539007,393680,0.024252803814604786
odds_30plus_expected>=100_top3,13314,39933,2.9993240198287516,3993300,16237240,12243940,4.066120752260035,3.96753562216713,142,0.0035559562266796883,0.010665464924140004,0.1233142842024938,0.0004439615574002,1788.3612275561568,1504.1,14903.503229073918,114346.76056338029,393680,0.024245499850959893
odds_50plus_expected>=150_top3,13310,39923,2.999474079639369,3992300,16232350,12240050,4.065914385191494,3.9673045612804647,141,0.0035317987125216043,0.010593538692712247,0.12325850551033161,0.0004439615574002,1788.7334418756107,1504.2,14907.157642708005,115123.04964539007,393680,0.024252803814604786
odds_10plus_expected>=200_top3,13319,39936,2.998423305052932,3993600,16237240,12243640,4.065815304487179,3.967237580128205,142,0.0035556891025641025,0.01066146107065095,0.12339729875220327,0.0008150196338287,1787.9883188100962,1503.7,14902.534795491043,114346.76056338029,393680,0.024245499850959893
odds_30plus_expected>=80_top3,13316,39938,2.99924902373085,3993800,16237240,12243440,4.065611698132105,3.967038910310982,142,0.0035555110421152786,0.010663863021928507,0.12330003824199318,0.0003993368521374,1788.2701186839602,1504.05,14901.64870460413,114346.76056338029,393680,0.024245499850959893
odds_all_expected>=200_top3,13319,39939,2.9986485471882274,3993900,16237240,12243340,4.065509902601467,3.9669395828638674,142,0.003555422018578332,0.01066146107065095,0.12343920577433093,0.0008150196338287,1787.8544229950678,1503.6,14901.441728424094,114346.76056338029,393680,0.024245499850959893
odds_10plus_expected>=150_top3,13319,39940,2.9987236278999925,3994000,16237240,12243240,4.065408112168252,3.966840260390586,142,0.003555332999499249,0.01066146107065095,0.12338678378121884,0.0004439615574002,1787.9661417125685,1503.7,14901.05944646624,114346.76056338029,393680,0.024245499850959893
odds_50plus_expected>=100_top3,13311,39928,2.999624370821125,3992800,16232350,12239550,4.065405229412943,3.9668077539571227,141,0.0035313564415948707,0.010592742844264142,0.12324372102123009,0.0004086509338696,1788.7110749348826,1504.3,14905.306617772112,115123.04964539007,393680,0.024252803814604786
odds_all_expected>=150_top3,13319,39943,2.9989488700352878,3994300,16237240,12242940,4.0651027714493155,3.966542322810004,142,0.0035550659690058335,0.01066146107065095,0.12342868739641223,0.0004439615574002,1787.832260971885,1503.6,14899.966599671063,114346.76056338029,393680,0.024245499850959893
odds_10plus_expected>=100_top3,13319,39943,2.9989488700352878,3994300,16237240,12242940,4.0651027714493155,3.966542322810004,142,0.0035550659690058335,0.01066146107065095,0.12337937784060599,0.0004439615574002,1787.879415667326,1503.7,14899.948926795852,114346.76056338029,393680,0.024245499850959893
odds_all_expected>=100_top3,13319,39945,2.9990990314588184,3994500,16237240,12242740,4.064899236450119,3.9663437226186007,142,0.0035548879709600702,0.01066146107065095,0.12342346252481157,0.0004439615574002,1787.7895055701588,1503.6,14899.226330150175,114346.76056338029,393680,0.024245499850959893
odds_50plus_expected>=80_top3,13313,39933,2.99954931270187,3993300,16232350,12239050,4.0648962011369045,3.966311071043999,141,0.003530914281421381,0.010591151506046722,0.12322872640190967,0.0003993368521374,1788.6657751734156,1504.3,14903.451489463292,115123.04964539007,393680,0.024252803814604786
odds_10plus_expected>=80_top3,13320,39948,2.999099099099099,3994800,16237240,12242440,4.064593972163813,3.9660458596175028,142,0.0035546210073095024,0.01066066066066066,0.12336512729893521,0.0003993368521374,1787.7883899068788,1503.65,14898.095311426796,114346.76056338029,393680,0.024245499850959893
odds_all_expected>=80_top3,13320,39950,2.999249249249249,3995000,16237240,12242240,4.064390488110138,3.9658473091364206,142,0.0035544430538172714,0.01066066066066066,0.12340920717907729,0.0003993368521374,1787.6984956195245,1503.55,14897.372898015508,114346.76056338029,393680,0.024245499850959893
odds_30plus_expected>=50_top3,13322,39950,2.9987989791322622,3995000,16237240,12242240,4.064390488110138,3.9658473091364206,142,0.0035544430538172714,0.010659060201170995,0.12326482406663965,0.0001154516203323,1788.265719649562,1503.95,14897.192049142106,114346.76056338029,393680,0.024245499850959893
odds_50plus_expected>=50_top3,13317,39943,2.9993992640985208,3994300,16232350,12238050,4.063878526900834,3.9653180782615225,141,0.003530030293167764,0.010587970263572877,0.12319845350929051,0.0001154516203323,1788.7946073154244,1504.3,14899.736805636765,115123.04964539007,393680,0.024252803814604786
odds_10plus_expected>=50_top3,13324,39958,2.9989492644851397,3995800,16237240,12241440,4.063576755593373,3.96505330597127,142,0.0035537314179888884,0.010657460222155508,0.12333569497489509,0.0001154516203323,1787.7268431853447,1503.5,14894.382746925043,114346.76056338029,393680,0.024245499850959893
odds_all_expected>=50_top3,13324,39960,2.999099369558691,3996000,16237240,12241240,4.0633733733733735,3.964854854854855,142,0.0035535535535535533,0.010657460222155508,0.12337976529712542,0.0001154516203323,1787.6369744744745,1503.5,14893.660700111934,114346.76056338029,393680,0.024245499850959893
odds_all_top3_by_direct_expected_return,13326,39978,3.0,3997800,16237240,12239440,4.061543849117014,3.9630696883285808,142,0.003551953574465956,0.010655860723397869,0.12332588351076189,1.941874750968996e-05,1788.1487718245032,1503.5,14886.968654196105,114346.76056338029,393680,0.024245499850959893
odds_10plus_top3_by_direct_expected_return,13326,39978,3.0,3997800,16237240,12239440,4.061543849117014,3.9630696883285808,142,0.003551953574465956,0.010655860723397869,0.12327568475808633,1.941874750968996e-05,1788.1950072539896,1503.5,14886.947084080333,114346.76056338029,393680,0.024245499850959893
odds_30plus_top3_by_direct_expected_return,13326,39978,3.0,3997800,16237240,12239440,4.061543849117014,3.9630696883285808,142,0.003551953574465956,0.010655860723397869,0.12318039250521085,1.941874750968996e-05,1788.8645505027766,1503.9,14886.780159573065,114346.76056338029,393680,0.024245499850959893
odds_50plus_top3_by_direct_expected_return,13326,39978,3.0,3997800,16232350,12234550,4.0603206763720046,3.961846515583571,141,0.0035269398168992945,0.010580819450697884,0.12309172205574896,1.941874750968996e-05,1789.4807469108011,1504.3,14886.71603267638,115123.04964539007,393680,0.024252803814604786
odds_10plus_top3_by_direct_ticket_score,13326,39978,3.0,3997800,15751830,11754030,3.940124568512682,3.9318850367702236,5240,0.1310720896493071,0.39321626894792133,0.7826477842190016,0.0001296827014009,45.258614738105955,38.4,3132.218387013598,3006.0744274809163,32940,0.0020911855955784184
odds_all_score>=0.95_top2,6386,8021,1.2560288130284998,802100,3040280,2238180,3.7904001994763745,3.786223662884927,3763,0.4691434983169181,0.5892577513310366,0.9726701655647508,0.950012886681164,9.451016082782695,9.2,913.9451039873583,807.9404730268403,3350,0.001101872195981949
odds_30plus_score>=0.9_top1,259,259,1.0,25900,100440,74540,3.877992277992278,3.747104247104247,33,0.1274131274131274,0.1274131274131274,0.9087180460862166,0.9000122335862817,30.35598455598456,30.4,2758.50780273345,3043.6363636363635,3390,0.03375149342891278
odds_30_500_score>=0.9_top1,259,259,1.0,25900,100440,74540,3.877992277992278,3.747104247104247,33,0.1274131274131274,0.1274131274131274,0.9087180460862166,0.9000122335862817,30.35598455598456,30.4,2758.50780273345,3043.6363636363635,3390,0.03375149342891278
odds_10plus_score>=0.7_top5,12607,40219,3.1902117871024034,4021900,15089720,11067820,3.7518884109500483,3.743698252069917,5325,0.13240010940102936,0.4223843896248116,0.8188231165457794,0.7000142473232887,37.463793232054506,37.1,2952.9750269506007,2833.750234741784,32940,0.0021829430897326125
odds_all_score>=0.95_top3,6386,8270,1.2950203570310053,827000,3097990,2270990,3.7460580411124544,3.7420072551390566,3809,0.46058041112454656,0.5964610084559975,0.9723129623673079,0.950012886681164,9.570423216444981,9.4,925.1700036494341,813.3342084536624,3350,0.0010813462922733773
odds_all_score>=0.95,6386,8300,1.2997181334168493,830000,3105960,2275960,3.742120481927711,3.7380843373493975,3814,0.45951807228915664,0.5972439711869715,0.9722543961901531,0.950012886681164,9.59267469879518,9.4,927.2559202365272,814.3576297850026,3350,0.0010785715205604708
odds_all_score>=0.95_top5,6386,8300,1.2997181334168493,830000,3105960,2275960,3.742120481927711,3.7380843373493975,3814,0.45951807228915664,0.5972439711869715,0.972254396190153,0.950012886681164,9.59267469879518,9.4,927.2559202365272,814.3576297850026,3350,0.0010785715205604708
odds_all_score>=0.95_top10,6386,8300,1.2997181334168493,830000,3105960,2275960,3.742120481927711,3.7380843373493975,3814,0.45951807228915664,0.5972439711869715,0.972254396190153,0.950012886681164,9.59267469879518,9.4,927.2559202365272,814.3576297850026,3350,0.0010785715205604708
odds_all_score>=0.5_top5,13294,61229,4.6057619978937865,6122900,22814380,16691480,3.726074245863888,3.7121298730993484,8709,0.14223652190955266,0.6551075673236046,0.7777482824459598,0.5000002401310523,45.56425060020578,42.8,3246.398969683259,2619.632564014238,85380,0.0037423765186693657
odds_all_score>=0.6_top5,13264,56188,4.236127864897467,5618800,20942070,15323270,3.7271428062931586,3.711947390901972,8490,0.15109987897771765,0.6400784077201448,0.7976991764729096,0.6000261417465336,41.57693101729906,40.4,3091.011304397844,2466.6749116607775,85380,0.0040769608734953135
odds_all_score>=0.7_top5,13037,44119,3.3841374549359515,4411900,16385620,11973720,3.7139599718941954,3.706493800856774,7827,0.17740655953217435,0.6003681828641558,0.8362592014805653,0.7000142473232887,34.13215168068179,34.8,2705.251892931833,2093.4738724926538,32940,0.0020102992746078574
odds_10plus_score>=0.6_top5,13084,53240,4.06909202078875,5324000,19817670,14493670,3.7223271975957926,3.7062903831705483,6012,0.11292261457550713,0.45949250993579943,0.779023204409331,0.6000261417465336,45.18290946656649,43.1,3334.271115078163,3296.352295409182,85380,0.004308276401817166
odds_30plus_score>=0.9,259,263,1.0154440154440154,26300,100440,74140,3.8190114068441066,3.6901140684410647,33,0.12547528517110265,0.1274131274131274,0.908637593481339,0.9000122335862817,30.356653992395437,30.4,2758.323989543431,3043.6363636363635,3390,0.03375149342891278
odds_30plus_score>=0.9_top2,259,263,1.0154440154440154,26300,100440,74140,3.8190114068441066,3.6901140684410647,33,0.12547528517110265,0.1274131274131274,0.908637593481339,0.9000122335862817,30.356653992395437,30.4,2758.323989543431,3043.6363636363635,3390,0.03375149342891278
odds_30plus_score>=0.9_top3,259,263,1.0154440154440154,26300,100440,74140,3.8190114068441066,3.6901140684410647,33,0.12547528517110265,0.1274131274131274,0.908637593481339,0.9000122335862817,30.356653992395437,30.4,2758.323989543431,3043.6363636363635,3390,0.03375149342891278
odds_30plus_score>=0.9_top5,259,263,1.0154440154440154,26300,100440,74140,3.8190114068441066,3.6901140684410647,33,0.12547528517110265,0.1274131274131274,0.908637593481339,0.9000122335862817,30.356653992395437,30.4,2758.323989543431,3043.6363636363635,3390,0.03375149342891278
odds_30plus_score>=0.9_top10,259,263,1.0154440154440154,26300,100440,74140,3.8190114068441066,3.6901140684410647,33,0.12547528517110265,0.1274131274131274,0.908637593481339,0.9000122335862817,30.356653992395437,30.4,2758.323989543431,3043.6363636363635,3390,0.03375149342891278
odds_30_500_score>=0.9,259,263,1.0154440154440154,26300,100440,74140,3.8190114068441066,3.6901140684410647,33,0.12547528517110265,0.1274131274131274,0.908637593481339,0.9000122335862817,30.356653992395437,30.4,2758.323989543431,3043.6363636363635,3390,0.03375149342891278
odds_30_500_score>=0.9_top2,259,263,1.0154440154440154,26300,100440,74140,3.8190114068441066,3.6901140684410647,33,0.12547528517110265,0.1274131274131274,0.908637593481339,0.9000122335862817,30.356653992395437,30.4,2758.323989543431,3043.6363636363635,3390,0.03375149342891278
odds_30_500_score>=0.9_top3,259,263,1.0154440154440154,26300,100440,74140,3.8190114068441066,3.6901140684410647,33,0.12547528517110265,0.1274131274131274,0.908637593481339,0.9000122335862817,30.356653992395437,30.4,2758.323989543431,3043.6363636363635,3390,0.03375149342891278
odds_30_500_score>=0.9_top5,259,263,1.0154440154440154,26300,100440,74140,3.8190114068441066,3.6901140684410647,33,0.12547528517110265,0.1274131274131274,0.908637593481339,0.9000122335862817,30.356653992395437,30.4,2758.323989543431,3043.6363636363635,3390,0.03375149342891278
odds_30_500_score>=0.9_top10,259,263,1.0154440154440154,26300,100440,74140,3.8190114068441066,3.6901140684410647,33,0.12547528517110265,0.1274131274131274,0.908637593481339,0.9000122335862817,30.356653992395437,30.4,2758.323989543431,3043.6363636363635,3390,0.03375149342891278
odds_10plus_score>=0.5_top5,13207,59073,4.472855304005452,5907300,21856320,15949020,3.6998831953684426,3.6854298918287545,6250,0.10580129670069237,0.47323389111834635,0.756866067728602,0.5000002401310523,49.63572190340765,46.1,3497.400160410613,3497.0112,85380,0.003906421575086748
odds_all_top5_by_direct_ticket_score,13326,66630,5.0,6663000,24515170,17852170,3.679299114512982,3.666485066786733,8840,0.13267297013357346,0.6633648506678673,0.7451002675623708,8.196950517511168e-05,54.271320726399516,45.6,3396.856853654548,2773.2092760180994,85380,0.0034827415025064073
odds_30plus_expected>=500_top5,13306,66530,5.0,6653000,25027810,18374810,3.7618833608898243,3.664028257928754,261,0.003923042236584999,0.019615211182924995,0.1272534488779743,0.0029286917584053,1707.130133774237,1431.7,13392.3600311477,95891.99233716475,651030,0.026012263957573594
odds_30plus_expected>=800_top5,13306,66530,5.0,6653000,25027810,18374810,3.7618833608898243,3.664028257928754,261,0.003923042236584999,0.019615211182924995,0.1272534488779743,0.0029286917584053,1707.130133774237,1431.7,13392.3600311477,95891.99233716475,651030,0.026012263957573594
odds_30plus_expected>=1000_top5,13306,66530,5.0,6653000,25027810,18374810,3.7618833608898243,3.664028257928754,261,0.003923042236584999,0.019615211182924995,0.1272534488779743,0.0029286917584053,1707.130133774237,1431.7,13392.3600311477,95891.99233716475,651030,0.026012263957573594
odds_30plus_expected>=300_top5,13308,66532,4.999398857829877,6653200,25027810,18374610,3.761770275957434,3.6639181145914748,261,0.003922924307100343,0.019612263300270515,0.1272530604554725,0.0029286917584053,1707.0797420789997,1431.7,13391.968031279608,95891.99233716475,651030,0.026012263957573594
odds_all_expected>=800_top5,13308,66533,4.999474000601142,6653300,25027810,18374510,3.7617137360407615,3.663863045406039,261,0.003922865345016758,0.019612263300270515,0.12730132291279145,0.0029286917584053,1707.0373303473461,1431.7,13391.825353328864,95891.99233716475,651030,0.026012263957573594
odds_all_expected>=1000_top5,13308,66533,4.999474000601142,6653300,25027810,18374510,3.7617137360407615,3.663863045406039,261,0.003922865345016758,0.019612263300270515,0.12730132291279145,0.0029286917584053,1707.0373303473461,1431.7,13391.825353328864,95891.99233716475,651030,0.026012263957573594
odds_10plus_expected>=800_top5,13308,66533,4.999474000601142,6653300,25027810,18374510,3.7617137360407615,3.663863045406039,261,0.003922865345016758,0.019612263300270515,0.12730132291279145,0.0029286917584053,1707.0373303473461,1431.7,13391.825353328864,95891.99233716475,651030,0.026012263957573594
odds_10plus_expected>=1000_top5,13308,66533,4.999474000601142,6653300,25027810,18374510,3.7617137360407615,3.663863045406039,261,0.003922865345016758,0.019612263300270515,0.12730132291279145,0.0029286917584053,1707.0373303473461,1431.7,13391.825353328864,95891.99233716475,651030,0.026012263957573594
odds_all_expected>=500_top5,13311,66536,4.998572609120276,6653600,25027810,18374210,3.7615441264879164,3.663697847781652,261,0.003922688469400024,0.0196078431372549,0.1273118143852015,0.0029286917584053,1706.9611127810508,1431.7,13391.246030640994,95891.99233716475,651030,0.026012263957573594
odds_10plus_expected>=500_top5,13311,66536,4.998572609120276,6653600,25027810,18374210,3.7615441264879164,3.663697847781652,261,0.003922688469400024,0.0196078431372549,0.1273118143852015,0.0029286917584053,1706.9611127810508,1431.7,13391.246030640994,95891.99233716475,651030,0.026012263957573594
odds_30plus_expected>=200_top5,13311,66536,4.998572609120276,6653600,25027810,18374210,3.7615441264879164,3.663697847781652,261,0.003922688469400024,0.0196078431372549,0.12724787078456837,0.0008150196338287,1707.0228357580859,1431.7,13391.177065658283,95891.99233716475,651030,0.026012263957573594
odds_30plus_expected>=150_top5,13312,66541,4.998572716346154,6654100,25027810,18373710,3.7612614778858147,3.6634225515095955,261,0.003922393712147398,0.019606370192307692,0.1272399860433769,0.0004439615574002,1706.9893614463263,1431.7,13390.183487952496,95891.99233716475,651030,0.026012263957573594
odds_10plus_expected>=300_top5,13316,66542,4.9971462901772306,6654200,25027810,18373610,3.761204953262601,3.663367497219801,261,0.003922334766012443,0.019600480624812257,0.12731478406423422,0.0029286917584053,1706.8094391512127,1431.6,13390.072761803329,95891.99233716475,651030,0.026012263957573594
odds_all_expected>=300_top5,13317,66544,4.9969212285049185,6654400,25027810,18373410,3.7610919091127677,3.6632573936042316,261,0.003922216879057466,0.01959900878576256,0.1273311494154252,0.0029286917584053,1706.7583283241165,1431.6,13389.682123283144,95891.99233716475,651030,0.026012263957573594
odds_10plus_expected>=200_top5,13319,66548,4.996471206547038,6654800,25027810,18373010,3.7608658411973312,3.6630372062270844,261,0.003921981126405001,0.019596065770703507,0.12730850084065373,0.0008150196338287,1706.7019534771894,1431.6,13388.885864311587,95891.99233716475,651030,0.026012263957573594
odds_30plus_expected>=100_top5,13314,66549,4.9984227129337535,6654900,25027810,18372910,3.7608093284647404,3.66298216351861,261,0.003921922192670063,0.019603424966200992,0.12722619321680062,0.0003310813937004,1706.9580384378428,1431.7,13388.588431728162,95891.99233716475,651030,0.026012263957573594
odds_all_expected>=200_top5,13319,66551,4.996696448682333,6655100,25027810,18372710,3.760696308094544,3.662872083064116,261,0.0039218043305134405,0.019596065770703507,0.12733347403340056,0.0008150196338287,1706.6252633318807,1431.5,13388.298118691037,95891.99233716475,651030,0.026012263957573594
odds_10plus_expected>=150_top5,13319,66553,4.996846610105864,6655300,25027810,18372510,3.7605832945171516,3.66276200922573,261,0.003921686475440626,0.019596065770703507,0.12730061296611916,0.0004439615574002,1706.6685093083709,1431.6,13387.892637888826,95891.99233716475,651030,0.026012263957573594
odds_all_expected>=150_top5,13319,66556,4.9970718522411595,6655600,25027810,18372210,3.760413786886231,3.6625969108720478,261,0.003921509706112146,0.019596065770703507,0.12732558463830673,0.0004439615574002,1706.5918264318768,1431.5,13387.304981192,95891.99233716475,651030,0.026012263957573594
odds_30plus_expected>=80_top5,13316,66556,4.99819765695404,6655600,25027810,18372210,3.760413786886231,3.6625969108720478,261,0.003921509706112146,0.019600480624812257,0.12721388792841157,0.0003310813937004,1706.8867464991888,1431.7,13387.189754979827,95891.99233716475,651030,0.026012263957573594
odds_10plus_expected>=100_top5,13319,66559,4.997297094376455,6655900,25027810,18371910,3.760244294535675,3.662431827401253,261,0.0039213329527186406,0.019596065770703507,0.1272906290069611,0.0004439615574002,1706.5917967517541,1431.6,13386.696833894817,95891.99233716475,651030,0.026012263957573594
odds_all_expected>=100_top5,13319,66562,4.99752233651175,6656200,25027810,18371610,3.7600748174634178,3.662266758811334,261,0.003921156215257955,0.019596065770703507,0.12731559887814875,0.0004439615574002,1706.5151242450647,1431.5,13386.109284066055,95891.99233716475,651030,0.026012263957573594
odds_10plus_expected>=80_top5,13320,66566,4.997447447447447,6656600,25027810,18371210,3.7598488717964127,3.662046690502659,261,0.003920920590091037,0.019594594594594596,0.12727831879116697,0.0003993368521374,1706.520554036595,1431.55,13385.298566183414,95891.99233716475,651030,0.026012263957573594
odds_all_expected>=80_top5,13320,66568,4.997597597597598,6656800,25027810,18371010,3.7597359091455353,3.6619366662660737,261,0.003920802788126427,0.019594594594594596,0.1273051920230422,0.0003993368521374,1706.4415635140008,1431.5,13384.910916026,95891.99233716475,651030,0.026012263957573594
odds_50plus_expected>=300_top5,13306,66530,5.0,6653000,25011480,18358480,3.7594288290996545,3.661573726138584,257,0.00386291898391703,0.01931459491958515,0.12690577975468176,0.0029286917584053,1707.4657763415003,1431.85,13392.122407887562,97320.93385214008,651030,0.026029247369607877
odds_50plus_expected>=500_top5,13306,66530,5.0,6653000,25011480,18358480,3.7594288290996545,3.661573726138584,257,0.00386291898391703,0.01931459491958515,0.12690577975468176,0.0029286917584053,1707.4657763415003,1431.85,13392.122407887562,97320.93385214008,651030,0.026029247369607877
odds_50plus_expected>=800_top5,13306,66530,5.0,6653000,25011480,18358480,3.7594288290996545,3.661573726138584,257,0.00386291898391703,0.01931459491958515,0.12690577975468176,0.0029286917584053,1707.4657763415003,1431.85,13392.122407887562,97320.93385214008,651030,0.026029247369607877
odds_50plus_expected>=1000_top5,13306,66530,5.0,6653000,25011480,18358480,3.7594288290996545,3.661573726138584,257,0.00386291898391703,0.01931459491958515,0.12690577975468176,0.0029286917584053,1707.4657763415003,1431.85,13392.122407887562,97320.93385214008,651030,0.026029247369607877
odds_30plus_expected>=50_top5,13322,66575,4.997372766851824,6657500,25027810,18370310,3.7593405933158093,3.661551633496057,261,0.003920390536988359,0.019591652904969222,0.1271793054573496,7.120309502326525e-05,1706.938250093879,1431.7,13383.387208280865,95891.99233716475,651030,0.026012263957573594
odds_50plus_expected>=200_top5,13308,66532,4.999398857829877,6653200,25011480,18358280,3.7593158179522637,3.6614636565863043,257,0.003862802861780797,0.019311692215208898,0.1269026103814094,0.0008150196338287,1707.458971622678,1431.85,13391.726732418894,97320.93385214008,651030,0.026029247369607877
odds_50plus_expected>=150_top5,13310,66535,4.9988730277986475,6653500,25011480,18357980,3.759146313970091,3.6612985646652136,257,0.0038626286916660403,0.01930879038317055,0.12689725938511587,0.0004439615574002,1707.4756278650336,1431.9,13391.130584309663,97320.93385214008,651030,0.026029247369607877
odds_10plus_expected>=50_top5,13324,66583,4.997223056139298,6658300,25027810,18369510,3.7588889055764985,3.6611116951774476,261,0.003919919498971209,0.01958871209846893,0.12724746127053074,0.0001154516203323,1706.5027304266855,1431.5,13381.897395435697,95891.99233716475,651030,0.026012263957573594
odds_all_expected>=50_top5,13324,66585,4.997373161212849,6658500,25027810,18369310,3.758776000600736,3.6610017271157167,261,0.003919801757152512,0.01958871209846893,0.12727432856818807,0.0001154516203323,1706.4237606067434,1431.5,13381.509946410582,95891.99233716475,651030,0.026012263957573594
odds_50plus_expected>=100_top5,13311,66542,4.999023364134926,6654200,25011480,18357280,3.7587508641158967,3.6609134080730965,257,0.003862222355805356,0.01930733979415521,0.1268845116101206,0.0003310813937004,1707.4702173063629,1431.9,13389.734754921965,97320.93385214008,651030,0.026029247369607877
odds_50plus_expected>=80_top5,13313,66548,4.9987230526553,6654800,25011480,18356680,3.758411973312496,3.6605833383422492,257,0.0038618741359620124,0.019304439269886578,0.12687336316592157,0.0003310813937004,1707.429760473643,1431.9,13388.53545930071,97320.93385214008,651030,0.026029247369607877
odds_50plus_expected>=50_top5,13317,66566,4.998573252233987,6656600,25011480,18354880,3.7573956674578612,3.6595934861641077,257,0.003860829853078148,0.019298640835022904,0.1268398026860622,7.120309502326525e-05,1707.6318721269117,1431.9,13384.932381811714,97320.93385214008,651030,0.026029247369607877
odds_all_top5_by_direct_expected_return,13326,66630,5.0,6663000,25027810,18364810,3.7562374305868227,3.6585291910550803,261,0.0039171544349392165,0.019585772174696082,0.12719003457872696,1.941874750968996e-05,1706.777987393066,1431.4,13372.490718094085,95891.99233716475,651030,0.026012263957573594
odds_10plus_top5_by_direct_expected_return,13326,66630,5.0,6663000,25027810,18364810,3.7562374305868227,3.6585291910550803,261,0.0039171544349392165,0.019585772174696082,0.12715942220369722,1.941874750968996e-05,1706.88558607234,1431.5,13372.477004129065,95891.99233716475,651030,0.026012263957573594
odds_30plus_top5_by_direct_expected_return,13326,66630,5.0,6663000,25027810,18364810,3.7562374305868227,3.6585291910550803,261,0.0039171544349392165,0.019585772174696082,0.12707631185343526,1.941874750968996e-05,1707.411371754465,1431.6,13372.361294765771,95891.99233716475,651030,0.026012263957573594
odds_50plus_top5_by_direct_expected_return,13326,66630,5.0,6663000,25011480,18348480,3.753786582620441,3.6560783430886987,257,0.0038571214167792286,0.019285607083896143,0.1267190427868942,7.901670971187696e-06,1708.441421281705,1431.9,13372.097922956746,97320.93385214008,651030,0.026029247369607877
odds_100plus_expected>=1000_top5,13306,66510,4.9984969186833,6651000,24958490,18307490,3.752592091414825,3.6547075627725154,241,0.003623515260863028,0.018112129866225762,0.12341450565287977,0.0029286917584053,1713.8920658547588,1435.1,13388.294833898957,103562.19917012448,651030,0.026084510721602148
odds_100plus_expected>=800_top5,13306,66512,4.99864722681497,6651200,24958490,18307290,3.752479251864325,3.6545976665864806,241,0.0036234063026220832,0.018112129866225762,0.1234114614774548,0.0029286917584053,1713.8534865888862,1435.1,13387.919073897083,103562.19917012448,651030,0.026084510721602148
odds_100plus_expected>=500_top5,13306,66514,4.9987975349466405,6651400,24958490,18307090,3.7523664190997383,3.6544877770093516,241,0.003623297350933638,0.018112129866225762,0.12340811604824839,0.0029286917584053,1713.8165619268125,1435.05,13387.53419606211,103562.19917012448,651030,0.026084510721602148
odds_100plus_expected>=300_top5,13306,66516,4.9989478430783105,6651600,24958490,18306890,3.7522535931204524,3.6543778940405316,241,0.0036231884057971015,0.018112129866225762,0.12340477245444192,0.0029286917584053,1713.774049852667,1435.0,13387.14268849936,103562.19917012448,651030,0.026084510721602148
odds_100plus_expected>=200_top5,13307,66518,4.998722476891861,6651800,24958490,18306690,3.7521407739258548,3.654268017679425,241,0.0036230794672118824,0.018110768768317426,0.12340113522735244,0.0008150196338287,1713.7764514868156,1435.0,13386.747871873484,103562.19917012448,651030,0.026084510721602148
odds_100plus_expected>=150_top5,13308,66520,4.998497144574692,6652000,24958490,18306490,3.7520279615153336,3.654158147925436,241,0.0036229705351773903,0.01810940787496243,0.12339744158275044,0.0004439615574002,1713.8174353577874,1435.05,13386.350335628138,103562.19917012448,651030,0.026084510721602148
odds_100plus_expected>=100_top5,13311,66525,4.997746224926752,6652500,24958490,18305990,3.7517459601653513,3.6538835024426906,241,0.003622698233746712,0.018105326421756444,0.12338821147453732,0.0003310813937004,1713.8607350620068,1435.1,13385.353294808809,103562.19917012448,651030,0.026084510721602148
odds_100plus_expected>=80_top5,13312,66532,4.997896634615385,6653200,24958490,18305290,3.7513512294835567,3.6534990681175974,241,0.0036223170805026153,0.018103966346153848,0.1233753063524841,0.0003310813937004,1713.8514038357482,1435.1,13383.954188201225,103562.19917012448,651030,0.026084510721602148
odds_100plus_expected>=50_top5,13317,66548,4.997221596455658,6654800,24958490,18303690,3.7504492997535612,3.6526206647833144,241,0.003621446174190058,0.018097169032064278,0.12334580242163724,7.120309502326525e-05,1714.1338357275952,1435.15,13380.75181889226,103562.19917012448,651030,0.026084510721602148
odds_100plus_top5_by_direct_expected_return,13326,66617,4.999024463454901,6661700,24958490,18296790,3.7465646906945675,3.648837383850969,241,0.003617695182911269,0.018084946720696382,0.12321833521243816,7.901670971187696e-06,1715.276336370596,1435.3,13366.914896288034,103562.19917012448,651030,0.026084510721602148
odds_10plus_score>=0.7,12607,43301,3.434679146505909,4330100,15827500,11497400,3.6552273619546893,3.647620147340708,5462,0.12614027389667676,0.43325136828745936,0.8126223659862686,0.7000125010865242,38.685501489572985,38.4,3026.225214101808,2897.7480776272428,32940,0.0020811878060338017
odds_10plus_score>=0.7_top10,12607,43291,3.433885936384548,4329100,15816540,11487440,3.6535399967660713,3.6459310249243493,5460,0.12612321267699983,0.4330927262631871,0.8126439930151985,0.7000125010865242,38.68024762652745,38.4,3025.9047755582237,2896.802197802198,32940,0.002082629955729888
odds_all_score>=0.7,13037,47750,3.6626524507171894,4775000,17209690,12434690,3.604123560209424,3.5972251308900525,7983,0.16718324607329843,0.6123341259492214,0.828430308211592,0.7000125010865242,35.64420104712042,36.3,2799.4519924420188,2155.792308655894,32940,0.0019140379634961467
odds_all_score>=0.7_top10,13037,47740,3.6618854030835313,4774000,17198730,12424730,3.6025827398408046,3.5956828655215753,7981,0.1671763720150817,0.6121807164224898,0.8284532310254098,0.7000125010865242,35.638799748638455,36.3,2799.113914578447,2154.959278285929,32940,0.001915257696353161
odds_50plus_score>=0.7_top1,6680,6680,1.0,668000,2402700,1734700,3.5968562874251497,3.5842814371257483,415,0.06212574850299401,0.06212574850299401,0.7371006684217166,0.7000142473232887,58.327679640718564,56.7,4293.808924894414,5789.638554216867,8400,0.0034960669247097015
odds_50_500_score>=0.7_top1,6680,6680,1.0,668000,2402700,1734700,3.5968562874251497,3.5842814371257483,415,0.06212574850299401,0.06212574850299401,0.7371006684217166,0.7000142473232887,58.327679640718564,56.7,4293.808924894414,5789.638554216867,8400,0.0034960669247097015
odds_50_1000_score>=0.7_top1,6680,6680,1.0,668000,2402700,1734700,3.5968562874251497,3.5842814371257483,415,0.06212574850299401,0.06212574850299401,0.7371006684217166,0.7000142473232887,58.327679640718564,56.7,4293.808924894414,5789.638554216867,8400,0.0034960669247097015
odds_10plus_top5_by_direct_ticket_score,13326,66630,5.0,6663000,23865090,17202090,3.5817334533993694,3.56891940567312,6401,0.09606783731052079,0.48033918655260394,0.7123102578987951,8.196950517511168e-05,62.46273300315173,50.0,3684.11336513101,3728.337759725043,85380,0.0035776106438316388
odds_50plus_score>=0.6_top1,11352,11352,1.0,1135200,4026550,2891350,3.5469961240310077,3.5375704721634955,651,0.05734672304439746,0.05734672304439746,0.7057790890883386,0.600181560089793,62.80128611698379,60.1,4404.117296058665,6185.176651305684,10700,0.0026573617613093094
odds_50_500_score>=0.6_top1,11352,11352,1.0,1135200,4026550,2891350,3.5469961240310077,3.5375704721634955,651,0.05734672304439746,0.05734672304439746,0.7057790890883386,0.600181560089793,62.80128611698379,60.1,4404.117296058665,6185.176651305684,10700,0.0026573617613093094
odds_50_1000_score>=0.6_top1,11352,11352,1.0,1135200,4026550,2891350,3.5469961240310077,3.5375704721634955,651,0.05734672304439746,0.05734672304439746,0.7057790890883386,0.600181560089793,62.80128611698379,60.1,4404.117296058665,6185.176651305684,10700,0.0026573617613093094
odds_10plus_score>=0.6_top10,13084,66714,5.0988994191378785,6671400,23479770,16808370,3.5194666786581528,3.5066687651767245,6544,0.09809035584734838,0.5001528584530724,0.7560282972395004,0.6000133209781857,50.252552687591816,48.9,3595.6274132217727,3587.984413202934,85380,0.0036363218208696254
odds_50plus_score>=0.5_top1,12566,12566,1.0,1256600,4413030,3156430,3.5118812669107116,3.5024988063027216,701,0.05578545280916759,0.05578545280916759,0.6916260434132809,0.5003501058659824,64.9904583797549,61.2,4438.673410014358,6295.335235378031,11790,0.0026716337754332056
odds_50_500_score>=0.5_top1,12566,12566,1.0,1256600,4413030,3156430,3.5118812669107116,3.5024988063027216,701,0.05578545280916759,0.05578545280916759,0.6916260434132809,0.5003501058659824,64.9904583797549,61.2,4438.673410014358,6295.335235378031,11790,0.0026716337754332056
odds_50_1000_score>=0.5_top1,12566,12566,1.0,1256600,4413030,3156430,3.5118812669107116,3.5024988063027216,701,0.05578545280916759,0.05578545280916759,0.6916260434132809,0.5003501058659824,64.9904583797549,61.2,4438.673410014358,6295.335235378031,11790,0.0026716337754332056
odds_10plus_score>=0.6,13084,67447,5.154922042188933,6744700,23665330,16920630,3.5087298174863224,3.496070989072902,6569,0.09739499162305218,0.5020635891164782,0.7546714403634344,0.6000133209781857,50.58193396296352,49.2,3611.6673549267134,3602.5772568123,85380,0.0036078093988125247
odds_all_score>=0.6_top10,13264,71115,5.361504825090471,7111500,24861960,17750460,3.4960219363003584,3.484016030373339,9065,0.12746959150671447,0.6834288299155609,0.770264913488823,0.6000133209781857,47.47033818463053,46.8,3406.971634359318,2742.632101489244,85380,0.0034341620692817463
odds_all_score>=0.6,13264,71896,5.420386007237636,7189600,25047520,17857920,3.4838544564370757,3.4719789696227883,9090,0.12643262490263715,0.6853136308805791,0.7687564090592616,0.6000133209781857,47.82587904751308,47.1,3424.827288458691,2755.5027502750277,85380,0.003408720703686433
odds_100plus_expected>=300_top1,13306,13306,1.0,1330600,4864910,3534310,3.6561776642116337,3.467495866526379,44,0.0033067788967383136,0.0033067788967383136,0.1242762397737664,0.0050049898780224,1892.695152562754,1567.1999999999998,17612.545719171732,110566.13636363637,251060,0.05160629898600385
odds_100plus_expected>=500_top1,13306,13306,1.0,1330600,4864910,3534310,3.6561776642116337,3.467495866526379,44,0.0033067788967383136,0.0033067788967383136,0.1242762397737664,0.0050049898780224,1892.695152562754,1567.1999999999998,17612.545719171732,110566.13636363637,251060,0.05160629898600385
odds_100plus_expected>=800_top1,13306,13306,1.0,1330600,4864910,3534310,3.6561776642116337,3.467495866526379,44,0.0033067788967383136,0.0033067788967383136,0.1242762397737664,0.0050049898780224,1892.695152562754,1567.1999999999998,17612.545719171732,110566.13636363637,251060,0.05160629898600385
odds_100plus_expected>=1000_top1,13306,13306,1.0,1330600,4864910,3534310,3.6561776642116337,3.467495866526379,44,0.0033067788967383136,0.0033067788967383136,0.1242762397737664,0.0050049898780224,1892.695152562754,1567.1999999999998,17612.545719171732,110566.13636363637,251060,0.05160629898600385
odds_100plus_expected>=200_top1,13307,13307,1.0,1330700,4864910,3534210,3.6559029082437813,3.4672352896971517,44,0.0033065303975351318,0.0033065303975351318,0.12426696185837299,0.0008150196338287,1892.7715638385814,1567.3,17611.239984163338,110566.13636363637,251060,0.05160629898600385
odds_100plus_expected>=150_top1,13308,13308,1.0,1330800,4864910,3534110,3.655628193567779,3.4669747520288547,44,0.0033062819356777877,0.0033062819356777877,0.12425765745498397,0.0004439615574002,1892.8936579501053,1567.35,17609.928361675604,110566.13636363637,251060,0.05160629898600385
odds_100plus_expected>=100_top1,13311,13311,1.0,1331100,4864910,3533810,3.6548042971978063,3.4661933739012847,44,0.003305536774096612,0.003305536774096612,0.12422981894205061,0.0004439615574002,1892.8435955225002,1567.4,17605.987079476443,110566.13636363637,251060,0.05160629898600385
odds_100plus_expected>=80_top1,13312,13312,1.0,1331200,4864910,3533710,3.654529747596154,3.4659329927884617,44,0.0033052884615384615,0.0033052884615384615,0.12422052269514937,0.0004439615574002,1892.8344426081733,1567.5,17604.670875948246,110566.13636363637,251060,0.05160629898600385
odds_100plus_expected>=50_top1,13317,13317,1.0,1331700,4864910,3533210,3.6531576180821506,3.4646316738004055,44,0.003304047458136217,0.003304047458136217,0.12417402904801061,0.0001154516203323,1893.1750093864985,1567.6,17598.08690181704,110566.13636363637,251060,0.05160629898600385
odds_100plus_top1_by_direct_expected_return,13326,13326,1.0,1332600,4864910,3532310,3.65069037970884,3.4622917604682577,44,0.0033018159987993397,0.0033018159987993397,0.12409034687540871,1.941874750968996e-05,1893.7818400120066,1567.65,17586.221219615254,110566.13636363637,251060,0.05160629898600385
odds_50_500_top1_by_direct_ticket_score,13325,13325,1.0,1332500,4588230,3255730,3.4433245778611634,3.4311969981238275,717,0.05380863039399625,0.05380863039399625,0.6745197716386019,0.000851392312311,68.27374859287055,62.1,4449.775010880359,6399.205020920502,16160,0.0035220553459612966
odds_50plus_top1_by_direct_ticket_score,13326,13326,1.0,1332600,4588230,3255630,3.4430661864025214,3.430939516734204,717,0.05380459252588924,0.05380459252588924,0.6744865253201947,0.000851392312311,68.56438541197659,62.1,4453.603331600387,6399.205020920502,16160,0.0035220553459612966
odds_50_1000_top1_by_direct_ticket_score,13326,13326,1.0,1332600,4588230,3255630,3.4430661864025214,3.430939516734204,717,0.05380459252588924,0.05380459252588924,0.6744745963518981,0.000851392312311,68.41640402221222,62.1,4450.711578836027,6399.205020920502,16160,0.0035220553459612966
odds_30plus_expected>=500_top1,13306,13306,1.0,1330600,4806790,3476190,3.612498121148354,3.4238163234630994,40,0.0030061626333984666,0.0030061626333984666,0.1254920261801225,0.0050049898780224,1891.635344957162,1566.35,17615.07681640818,120169.75,251060,0.05223028257943451
odds_30plus_expected>=800_top1,13306,13306,1.0,1330600,4806790,3476190,3.612498121148354,3.4238163234630994,40,0.0030061626333984666,0.0030061626333984666,0.1254920261801225,0.0050049898780224,1891.635344957162,1566.35,17615.07681640818,120169.75,251060,0.05223028257943451
odds_30plus_expected>=1000_top1,13306,13306,1.0,1330600,4806790,3476190,3.612498121148354,3.4238163234630994,40,0.0030061626333984666,0.0030061626333984666,0.1254920261801225,0.0050049898780224,1891.635344957162,1566.35,17615.07681640818,120169.75,251060,0.05223028257943451
odds_50plus_expected>=300_top1,13306,13306,1.0,1330600,4806790,3476190,3.612498121148354,3.4238163234630994,40,0.0030061626333984666,0.0030061626333984666,0.1254920261801225,0.0050049898780224,1891.635344957162,1566.35,17615.07681640818,120169.75,251060,0.05223028257943451
odds_50plus_expected>=500_top1,13306,13306,1.0,1330600,4806790,3476190,3.612498121148354,3.4238163234630994,40,0.0030061626333984666,0.0030061626333984666,0.1254920261801225,0.0050049898780224,1891.635344957162,1566.35,17615.07681640818,120169.75,251060,0.05223028257943451
odds_50plus_expected>=800_top1,13306,13306,1.0,1330600,4806790,3476190,3.612498121148354,3.4238163234630994,40,0.0030061626333984666,0.0030061626333984666,0.1254920261801225,0.0050049898780224,1891.635344957162,1566.35,17615.07681640818,120169.75,251060,0.05223028257943451
odds_50plus_expected>=1000_top1,13306,13306,1.0,1330600,4806790,3476190,3.612498121148354,3.4238163234630994,40,0.0030061626333984666,0.0030061626333984666,0.1254920261801225,0.0050049898780224,1891.635344957162,1566.35,17615.07681640818,120169.75,251060,0.05223028257943451
odds_all_expected>=800_top1,13308,13308,1.0,1330800,4806790,3475990,3.611955214908326,3.423301773369402,40,0.003005710850616171,0.003005710850616171,0.12557132480045055,0.0050049898780224,1891.3540126239855,1566.05,17612.619297198482,120169.75,251060,0.05223028257943451
odds_all_expected>=1000_top1,13308,13308,1.0,1330800,4806790,3475990,3.611955214908326,3.423301773369402,40,0.003005710850616171,0.003005710850616171,0.12557132480045055,0.0050049898780224,1891.3540126239855,1566.05,17612.619297198482,120169.75,251060,0.05223028257943451
odds_10plus_expected>=800_top1,13308,13308,1.0,1330800,4806790,3475990,3.611955214908326,3.423301773369402,40,0.003005710850616171,0.003005710850616171,0.12557132480045055,0.0050049898780224,1891.3540126239855,1566.05,17612.619297198482,120169.75,251060,0.05223028257943451
odds_10plus_expected>=1000_top1,13308,13308,1.0,1330800,4806790,3475990,3.611955214908326,3.423301773369402,40,0.003005710850616171,0.003005710850616171,0.12557132480045055,0.0050049898780224,1891.3540126239855,1566.05,17612.619297198482,120169.75,251060,0.05223028257943451
odds_30plus_expected>=300_top1,13308,13308,1.0,1330800,4806790,3475990,3.611955214908326,3.423301773369402,40,0.003005710850616171,0.003005710850616171,0.12549034901747638,0.0050049898780224,1891.3556883077847,1566.05,17612.48243943234,120169.75,251060,0.05223028257943451
odds_50plus_expected>=200_top1,13308,13308,1.0,1330800,4806790,3475990,3.611955214908326,3.423301773369402,40,0.003005710850616171,0.003005710850616171,0.12547639368572763,0.0008150196338287,1891.5736474301173,1566.35,17612.46402792768,120169.75,251060,0.05223028257943451
odds_50plus_expected>=150_top1,13310,13310,1.0,1331000,4806790,3475790,3.611412471825695,3.422787377911345,40,0.003005259203606311,0.003005259203606311,0.12545934405653214,0.0004439615574002,1891.5594665664914,1566.35,17609.84286496057,120169.75,251060,0.05223028257943451
odds_all_expected>=500_top1,13311,13311,1.0,1331100,4806790,3475690,3.611141161445421,3.4225302381488993,40,0.00300503343099692,0.00300503343099692,0.12562415708973088,0.0050049898780224,1890.931492750357,1565.8,17608.772238661048,120169.75,251060,0.05223028257943451
odds_10plus_expected>=500_top1,13311,13311,1.0,1331100,4806790,3475690,3.611141161445421,3.4225302381488993,40,0.00300503343099692,0.00300503343099692,0.12562415708973088,0.0050049898780224,1890.931492750357,1565.8,17608.772238661048,120169.75,251060,0.05223028257943451
odds_30plus_expected>=200_top1,13311,13311,1.0,1331100,4806790,3475690,3.611141161445421,3.4225302381488993,40,0.00300503343099692,0.00300503343099692,0.12546938082268208,0.0008150196338287,1891.1550071369545,1566.0,17608.564074814218,120169.75,251060,0.05223028257943451
odds_50plus_expected>=100_top1,13311,13311,1.0,1331100,4806790,3475690,3.611141161445421,3.4225302381488993,40,0.00300503343099692,0.00300503343099692,0.12544996632209934,0.0004439615574002,1891.555405303884,1566.6,17608.52863959228,120169.75,251060,0.05223028257943451
odds_30plus_expected>=150_top1,13312,13312,1.0,1331200,4806790,3475590,3.610869891826923,3.4222731370192307,40,0.0030048076923076925,0.0030048076923076925,0.1254599888891435,0.0004439615574002,1891.277185997596,1566.05,17607.253047458646,120169.75,251060,0.05223028257943451
odds_50plus_expected>=80_top1,13313,13313,1.0,1331300,4806790,3475490,3.6105986629610154,3.422016074513633,40,0.0030045819875309846,0.0030045819875309846,0.1254323117999579,0.0004439615574002,1891.4088860512281,1566.6,17605.89679546195,120169.75,251060,0.05223028257943451
odds_30plus_expected>=100_top1,13314,13314,1.0,1331400,4806790,3475390,3.610327474838516,3.421759050623404,40,0.0030043563166591556,0.0030043563166591556,0.1254440079593648,0.0004439615574002,1891.1333708877876,1566.05,17604.625389436456,120169.75,251060,0.05223028257943451
odds_10plus_expected>=300_top1,13316,13316,1.0,1331600,4806790,3475190,3.6097852207870234,3.4212451186542507,40,0.0030039050765995794,0.0030039050765995794,0.12563574694778754,0.0050049898780224,1890.2312931811355,1565.55,17602.30665882303,120169.75,251060,0.05223028257943451
odds_30plus_expected>=80_top1,13316,13316,1.0,1331600,4806790,3475190,3.6097852207870234,3.4212451186542507,40,0.0030039050765995794,0.0030039050765995794,0.12542750378836665,0.0004439615574002,1890.9845824571944,1566.05,17601.994520993783,120169.75,251060,0.05223028257943451
odds_all_expected>=300_top1,13317,13317,1.0,1331700,4806790,3475090,3.6095141548396787,3.4209882105579337,40,0.003003679507396561,0.003003679507396561,0.12566808847435493,0.0050049898780224,1890.0899977472404,1565.5,17601.020793785676,120169.75,251060,0.05223028257943451
odds_50plus_expected>=50_top1,13317,13317,1.0,1331700,4806790,3475090,3.6095141548396787,3.4209882105579337,40,0.003003679507396561,0.003003679507396561,0.12539472415587574,0.0001154516203323,1891.8158143726064,1566.9,17600.628538992223,120169.75,251060,0.05223028257943451
odds_all_expected>=100_top1,13319,13319,1.0,1331900,4806790,3474890,3.6089721450559353,3.4204745100983556,40,0.003003228470605901,0.003003228470605901,0.12566086190579046,0.0050049898780224,1889.8108266386364,1565.3,17598.410486297606,120169.75,251060,0.05223028257943451
odds_all_expected>=150_top1,13319,13319,1.0,1331900,4806790,3474890,3.6089721450559353,3.4204745100983556,40,0.003003228470605901,0.003003228470605901,0.12566086190579046,0.0050049898780224,1889.8108266386364,1565.3,17598.410486297606,120169.75,251060,0.05223028257943451
odds_all_expected>=200_top1,13319,13319,1.0,1331900,4806790,3474890,3.6089721450559353,3.4204745100983556,40,0.003003228470605901,0.003003228470605901,0.12566086190579046,0.0050049898780224,1889.8108266386364,1565.3,17598.410486297606,120169.75,251060,0.05223028257943451
odds_10plus_expected>=100_top1,13319,13319,1.0,1331900,4806790,3474890,3.6089721450559353,3.4204745100983556,40,0.003003228470605901,0.003003228470605901,0.12561915360662296,0.0008150196338287,1890.0286282753962,1565.5,17598.39236842134,120169.75,251060,0.05223028257943451
odds_10plus_expected>=150_top1,13319,13319,1.0,1331900,4806790,3474890,3.6089721450559353,3.4204745100983556,40,0.003003228470605901,0.003003228470605901,0.12561915360662296,0.0008150196338287,1890.0286282753962,1565.5,17598.39236842134,120169.75,251060,0.05223028257943451
odds_10plus_expected>=200_top1,13319,13319,1.0,1331900,4806790,3474890,3.6089721450559353,3.4204745100983556,40,0.003003228470605901,0.003003228470605901,0.12561915360662296,0.0008150196338287,1890.0286282753962,1565.5,17598.39236842134,120169.75,251060,0.05223028257943451
odds_all_expected>=80_top1,13320,13320,1.0,1332000,4806790,3474790,3.6087012012012014,3.4202177177177178,40,0.003003003003003003,0.003003003003003003,0.12565372822957493,0.0050049898780224,1889.671201201201,1565.05,17597.09618527642,120169.75,251060,0.05223028257943451
odds_10plus_expected>=80_top1,13320,13320,1.0,1332000,4806790,3474790,3.6087012012012014,3.4202177177177178,40,0.003003003003003003,0.003003003003003003,0.12561202306166114,0.0008150196338287,1889.8889864864866,1565.4,17597.078068760362,120169.75,251060,0.05223028257943451
odds_30plus_expected>=50_top1,13322,13322,1.0,1332200,4806790,3474590,3.608159435520192,3.41970424861132,40,0.0030025521693439424,0.0030025521693439424,0.12537327781673632,0.0001154516203323,1891.1134889656207,1566.05,17594.095359753635,120169.75,251060,0.05223028257943451
odds_all_expected>=50_top1,13324,13324,1.0,1332400,4806790,3474390,3.6076178324827377,3.4191909336535575,40,0.003002101471029721,0.003002101471029721,0.1256170623182091,0.0001154516203323,1889.844851395977,1565.05,17591.83339428399,120169.75,251060,0.05223028257943451
odds_10plus_expected>=50_top1,13324,13324,1.0,1332400,4806790,3474390,3.6076178324827377,3.4191909336535575,40,0.003002101471029721,0.003002101471029721,0.1255753696706099,0.0001154516203323,1890.06257129991,1565.4,17591.81528320669,120169.75,251060,0.05223028257943451
odds_all_top1_by_direct_expected_return,13326,13326,1.0,1332600,4806790,3474190,3.6070763920156086,3.4186777727750264,40,0.0030016509079994,0.0030016509079994,0.12559900588778058,0.0001154516203323,1889.7525664115265,1565.05,17589.199787508453,120169.75,251060,0.05223028257943451
odds_10plus_top1_by_direct_expected_return,13326,13326,1.0,1332600,4806790,3474190,3.6070763920156086,3.4186777727750264,40,0.0030016509079994,0.0030016509079994,0.12555731949752005,0.0001154516203323,1889.9702536395018,1565.4,17589.18167914931,120169.75,251060,0.05223028257943451
odds_30plus_top1_by_direct_expected_return,13326,13326,1.0,1332600,4806790,3474190,3.6070763920156086,3.4186777727750264,40,0.0030016509079994,0.0030016509079994,0.1253364685145552,1.941874750968996e-05,1891.5821251688428,1566.05,17588.82550672276,120169.75,251060,0.05223028257943451
odds_50plus_top1_by_direct_expected_return,13326,13326,1.0,1332600,4806790,3474190,3.6070763920156086,3.4186777727750264,40,0.0030016509079994,0.0030016509079994,0.12531049118912518,1.941874750968996e-05,1892.4148206513582,1567.0,17588.762415325058,120169.75,251060,0.05223028257943451
odds_all_expected>=1000_top10,13308,133045,9.997370003005711,13304500,45984520,32680020,3.4563132774625127,3.4073802097034838,676,0.005080987635762336,0.050796513375413285,0.14422267851225,0.0014039643965742,1505.7287241159008,1161.8,11200.046219522192,68024.43786982249,651030,0.014157590423907872
odds_10plus_expected>=1000_top10,13308,133045,9.997370003005711,13304500,45984520,32680020,3.4563132774625127,3.4073802097034838,676,0.005080987635762336,0.050796513375413285,0.14422267851225,0.0014039643965742,1505.7287241159008,1161.8,11200.046219522192,68024.43786982249,651030,0.014157590423907872
odds_all_expected>=800_top10,13308,133053,9.997971145175834,13305300,45984520,32679220,3.4561054617332942,3.407175336144243,676,0.005080682134187129,0.050796513375413285,0.14421502862460758,0.0014039643965742,1505.67623804048,1161.7,11199.429543387789,68024.43786982249,651030,0.014157590423907872
odds_10plus_expected>=800_top10,13308,133053,9.997971145175834,13305300,45984520,32679220,3.4561054617332942,3.407175336144243,676,0.005080682134187129,0.050796513375413285,0.14421502862460758,0.0014039643965742,1505.67623804048,1161.7,11199.429543387789,68024.43786982249,651030,0.014157590423907872
odds_10plus_expected>=500_top10,13311,133060,9.996243708211253,13306000,45984520,32678520,3.4559236434691116,3.4069960919885767,676,0.005080414850443409,0.050785064983847945,0.14421582254715207,0.0014039643965742,1505.6196069442356,1161.7,11198.869553215012,68024.43786982249,651030,0.014157590423907872
odds_all_expected>=500_top10,13311,133062,9.996393959882804,13306200,45985100,32678900,3.4559152876102868,3.406988471539583,677,0.00508785378244728,0.05086019081962287,0.1442357931979249,0.0014039643965742,1505.5933083825587,1161.65,11198.7106613599,67924.8153618907,651030,0.014157411857319
odds_10plus_expected>=300_top10,13316,133068,9.99309101832382,13306800,45984520,32677720,3.455715874590435,3.406791264616587,676,0.005080109417741305,0.05076599579453289,0.14421456128550084,0.0014039643965742,1505.5347183394956,1161.6,11198.218896529037,68024.43786982249,651030,0.014157590423907872
odds_all_expected>=300_top10,13317,133072,9.992640985206878,13307200,45985100,32677900,3.455655584946495,3.406732445593363,677,0.005087471444030299,0.05083727566268679,0.14424246011944686,0.0014039643965742,1505.4858895936036,1161.55,11197.897626023836,67924.8153618907,651030,0.014157411857319
odds_10plus_expected>=200_top10,13319,133075,9.991365718147009,13307500,45984520,32677020,3.455534097313545,3.4066120608679316,676,0.005079842194251362,0.05075456115323973,0.14420960396268506,0.0008150196338287,1505.483821904941,1161.5,11197.642093922304,68024.43786982249,651030,0.014157590423907872
odds_all_expected>=200_top10,13319,133080,9.991741121705834,13308000,45985100,32677100,3.455447850916742,3.406527652539826,677,0.005087165614667869,0.05082964186500488,0.14424167966761015,0.0008150196338287,1505.423713555756,1161.5,11197.2387174526,67924.8153618907,651030,0.014157411857319
odds_10plus_expected>=150_top10,13319,133080,9.991741121705834,13308000,45984520,32676520,3.4554042681094077,3.4064840697324916,676,0.005079651337541328,0.05075456115323973,0.144205024257023,0.0004439615574002,1505.4746565975354,1161.5,11197.227711751713,68024.43786982249,651030,0.014157590423907872
odds_all_expected>=150_top10,13319,133085,9.99211652526466,13308500,45985100,32676600,3.4553180298305595,3.406399669384228,677,0.005086974489987602,0.05082964186500488,0.14423709892892406,0.0004439615574002,1505.4145508509598,1161.5,11196.82436600518,67924.8153618907,651030,0.014157411857319
odds_10plus_expected>=100_top10,13319,133089,9.99241684811172,13308900,45984520,32675620,3.4551706001247284,3.4062537099234347,676,0.005079307831601409,0.05075456115323973,0.14419612709571042,0.0003310813937004,1505.460420470512,1161.5,11196.47867229485,68024.43786982249,651030,0.014157590423907872
odds_all_expected>=100_top10,13319,133094,9.992792251670545,13309400,45985100,32675700,3.455084376455738,3.406169323936466,677,0.005086630501750643,0.05082964186500488,0.14422819993292144,0.0003310813937004,1505.4003193231854,1161.5,11196.0753819626,67924.8153618907,651030,0.014157411857319
odds_10plus_expected>=80_top10,13320,133099,9.992417417417418,13309900,45984520,32674620,3.4549110060932087,3.4059977911178896,676,0.00507892621281903,0.05075075075075075,0.14418585424493624,0.0003310813937004,1505.43376584347,1161.5,11195.644151007782,68024.43786982249,651030,0.014157590423907872
odds_all_expected>=80_top10,13320,133104,9.992792792792793,13310400,45985100,32674700,3.4548247986536844,3.4059134210842648,677,0.00508624834715711,0.05082582582582582,0.1442179250584356,0.0003310813937004,1505.373670212766,1161.5,11195.24092232289,67924.8153618907,651030,0.014157411857319
odds_30plus_expected>=1000_top10,13306,133032,9.997895686156621,13303200,45958420,32655220,3.4546890973600335,3.4057512478200733,664,0.004991280293463227,0.04990229971441455,0.1439595067404614,0.0014039643965742,1506.2818261771604,1162.05,11200.890503936318,69214.48795180723,651030,0.01416563058521159
odds_30plus_expected>=800_top10,13306,133044,9.998797534946641,13304400,45958420,32654020,3.454377499173206,3.405444063618051,664,0.004990830101319864,0.04990229971441455,0.14394810304105604,0.0014039643965742,1506.2230855957428,1161.9,11199.964808922427,69214.48795180723,651030,0.01416563058521159
odds_30plus_expected>=500_top10,13306,133049,9.999173305275816,13304900,45958420,32653520,3.454247683184391,3.4053160865545777,664,0.004990642545227698,0.04990229971441455,0.14394309253792784,0.0014039643965742,1506.1908492359958,1161.9,11199.564727403684,69214.48795180723,651030,0.01416563058521159
odds_10plus_expected>=50_top10,13324,133126,9.991444010807566,13312600,45984520,32671920,3.4542102970118536,3.4053070023887146,676,0.005077896128479786,0.05073551486040228,0.14415759327203648,7.120309502326525e-05,1505.4957694214504,1161.5,11193.386184133637,68024.43786982249,651030,0.014157590423907872
odds_all_expected>=50_top10,13324,133131,9.991819273491444,13313100,45985100,32672000,3.4541241333723924,3.4052226754099344,677,0.005085216816519068,0.05081056739717803,0.14418965864272312,7.120309502326525e-05,1505.4356836499387,1161.5,11192.983122029096,67924.8153618907,651030,0.014157411857319
odds_30plus_expected>=300_top10,13308,133054,9.9980462879471,13305400,45958420,32653020,3.454117876952215,3.4051881191095346,664,0.00499045500323177,0.049894800120228434,0.14393962028468413,0.0014039643965742,1506.1457122672,1161.85,11199.157680112208,69214.48795180723,651030,0.01416563058521159
odds_30plus_expected>=200_top10,13311,133059,9.996168582375478,13305900,45958420,32652520,3.4539880804755785,3.4050601612818374,664,0.0049902674753304925,0.04988355495454887,0.1439354722574996,0.0008150196338287,1506.1170713743527,1161.8,11198.745976568956,69214.48795180723,651030,0.01416563058521159
odds_30plus_expected>=150_top10,13312,133064,9.99579326923077,13306400,45958420,32652020,3.453858293753382,3.4049322130704023,664,0.004990079961522275,0.049879807692307696,0.14393090230190692,0.0004439615574002,1506.1078811699633,1161.8,11198.33150309247,69214.48795180723,651030,0.01416563058521159
odds_30plus_expected>=100_top10,13314,133073,9.994967703169596,13307300,45958420,32651120,3.453624702231106,3.404701930519339,664,0.004989742472176925,0.049872314856541984,0.14392202261027653,0.0003310813937004,1506.093600504986,1161.8,11197.582298923357,69214.48795180723,651030,0.01416563058521159
odds_30plus_expected>=80_top10,13316,133084,9.994292580354461,13308400,45958420,32650020,3.4533392443870037,3.4044205163656036,664,0.004989330047188242,0.04986482427155302,0.143910814403882,0.0003310813937004,1506.0559706651438,1161.8,11196.66412252039,69214.48795180723,651030,0.01416563058521159
odds_30plus_expected>=50_top10,13322,133112,9.99189310914277,13311200,45958420,32647220,3.4526128373099345,3.4037043993028426,664,0.0049882805457058714,0.049842366011109446,0.14388152706070936,7.120309502326525e-05,1506.1275392150972,1161.8,11194.322138841557,69214.48795180723,651030,0.01416563058521159
odds_10plus_score>=0.5_top10,13207,85104,6.44385553115772,8510400,29074230,20563830,3.416317681895093,3.403369994359842,7144,0.08394435044181237,0.5409252669039146,0.7115167617112519,0.5000002401310523,60.14370534874977,57.4,3954.4586942211067,4069.741041433371,110190,0.003789954196551379
odds_10plus_top10_by_direct_expected_return,13326,133257,9.9997748761819,13325700,45984520,32658820,3.45081459135355,3.4019593717403214,676,0.005072904237676069,0.050727900345189855,0.1440174218496794,7.901670971187696e-06,1506.2528407513303,1161.5,11182.404153352003,68024.43786982249,651030,0.014157590423907872
odds_all_top10_by_direct_expected_return,13326,133259,9.9999249587273,13325900,45985100,32659200,3.450806324525923,3.4019518381497686,677,0.0050803322852490266,0.05080294161788984,0.14405268339286936,7.901670971187696e-06,1506.1451579255433,1161.4,11182.25311511432,67924.8153618907,651030,0.014157411857319
odds_50plus_expected>=1000_top10,13306,132989,9.994664061325718,13298900,45874480,32575580,3.4494943190790215,3.40054064621886,644,0.004842505771154005,0.04839921839771532,0.14281134581464264,0.0013895266920479,1508.569893750611,1163.2,11202.541855818581,71233.66459627329,651030,0.014191550509128388
odds_50plus_expected>=800_top10,13306,133006,9.995941680444911,13300600,45874480,32573880,3.449053426161226,3.4001060102551763,644,0.004841886832172984,0.04839921839771532,0.14279520166569626,0.0013895266920479,1508.47901448055,1163.1,11201.228374351256,71233.66459627329,651030,0.014191550509128388
odds_30plus_top10_by_direct_expected_return,13326,133253,9.9994747110911,13325300,45958420,32633120,3.448959498097604,3.4001028119441963,664,0.004983002258860963,0.049827405072790036,0.14373088147382945,7.901670971187696e-06,1506.982204528228,1161.8,11182.499909661456,69214.48795180723,651030,0.01416563058521159
odds_50plus_expected>=500_top10,13306,133013,9.996467758905757,13301300,45874480,32573180,3.4488719147752476,3.3999270747972004,644,0.004841632020930285,0.04839921839771532,0.14278833970354138,0.0013895266920479,1508.430834580079,1163.0,11200.67121319886,71233.66459627329,651030,0.014191550509128388
odds_50plus_expected>=300_top10,13306,133017,9.996768375169097,13301700,45874480,32572780,3.448768202560575,3.3998248344196607,644,0.0048414864265469825,0.04839921839771532,0.1427843712629437,0.0013895266920479,1508.3990452348196,1163.0,11200.346575124253,71233.66459627329,651030,0.014191550509128388
odds_50plus_expected>=200_top10,13308,133020,9.995491433724077,13302000,45874480,32572480,3.448690422492858,3.3997481581717035,644,0.004841377236505789,0.04839194469492035,0.14278150437944423,0.0008150196338287,1508.3923906179523,1162.95,11200.0994909858,71233.66459627329,651030,0.014191550509128388
odds_50plus_expected>=150_top10,13310,133023,9.994214876033057,13302300,45874480,32572180,3.44861264593341,3.399671485382227,644,0.00484126805138961,0.04838467317806161,0.14277846982737136,0.0004439615574002,1508.4052111289022,1163.0,11199.850738268427,71233.66459627329,651030,0.014191550509128388
odds_50plus_expected>=100_top10,13311,133030,9.993989933138007,13303000,45874480,32571480,3.448431180936631,3.3994925956551154,644,0.004841013305269488,0.04838103823905041,0.1427712576878778,0.0003310813937004,1508.4129797789972,1163.0,11199.267844784295,71233.66459627329,651030,0.014191550509128388
odds_50plus_expected>=80_top10,13313,133039,9.993164575978367,13303900,45874480,32570580,3.4481978968573124,3.3992626222385915,644,0.00484068581393426,0.048373769999248854,0.14276188009095508,0.0003310813937004,1508.3973015431566,1163.0,11198.516195352513,71233.66459627329,651030,0.014191550509128388
odds_50plus_expected>=50_top10,13317,133065,9.992115341293085,13306500,45874480,32567980,3.447524142336452,3.398598429339045,644,0.004839739976703115,0.04835924006908463,0.14273454085139445,7.120309502326525e-05,1508.4969578777288,1163.0,11196.340449182371,71233.66459627329,651030,0.014191550509128388
odds_all_score>=0.5_top10,13294,89315,6.718444411012487,8931500,30436060,21504560,3.4077209875160945,3.395383754128646,9663,0.10819011364272518,0.7268692643297728,0.72541142375973,0.5000002401310523,57.348102782287405,55.1,3783.1135246577965,3149.752664803891,110190,0.003620376619049903
odds_50plus_top10_by_direct_expected_return,13326,133218,9.9968482665466,13321800,45874480,32552680,3.4435646834511853,3.394695161314537,644,0.004834181567055503,0.04832657961879033,0.14257163733832304,6.343633944286871e-06,1509.5420911588524,1163.1,11183.504296873907,71233.66459627329,651030,0.014191550509128388
odds_100plus_expected>=500_top10,13306,132834,9.9830151811213,13283400,45532970,32249570,3.427809898068266,3.3787991026393844,579,0.004358823795112697,0.043514204118442805,0.1361533185280785,0.0013895266920479,1524.2732109249137,1171.2,11198.10891071671,78640.70811744386,651030,0.014297991104028575
odds_100plus_expected>=300_top10,13306,132839,9.983390951450474,13283900,45532970,32249070,3.427680876850925,3.378671926166261,579,0.004358659730952507,0.043514204118442805,0.13614856749054735,0.0013895266920479,1524.2337694502369,1171.2,11197.70237811067,78640.70811744386,651030,0.014297991104028575
odds_100plus_expected>=200_top10,13307,132841,9.982791012249193,13284100,45532970,32248870,3.4276292710834757,3.3786210582576164,579,0.004358594108746547,0.043510934094837306,0.13614655434203443,0.0008150196338287,1524.2378256712911,1171.2,11197.537643339783,78640.70811744386,651030,0.014297991104028575
odds_100plus_expected>=150_top10,13308,132844,9.982266305981364,13284400,45532970,32248570,3.4275518653458192,3.378544759266508,579,0.004358495679142453,0.04350766456266907,0.13614353203550603,0.0004439615574002,1524.2522620517298,1171.2,11197.288731210772,78640.70811744386,651030,0.014297991104028575
odds_100plus_expected>=100_top10,13311,132849,9.980392156862745,13284900,45532970,32248070,3.427422863551852,3.3784176019390437,579,0.004358331639681141,0.043497858913680416,0.13613843027786282,0.0003310813937004,1524.28107927045,1171.2,11196.871845630272,78640.70811744386,651030,0.014297991104028575
odds_100plus_expected>=80_top10,13312,132856,9.98016826923077,13285600,45532970,32247370,3.4272422773529234,3.378239597759981,579,0.004358102005178539,0.04349459134615385,0.13613129582317454,0.0003310813937004,1524.2863950442586,1171.25,11196.286505181431,78640.70811744386,651030,0.014297991104028575
odds_100plus_expected>=50_top10,13317,132879,9.97814823158369,13287900,45532970,32245070,3.4266490566605707,3.3776548589318103,579,0.004357347662158806,0.043478260869565216,0.13610792974086058,7.120309502326525e-05,1524.4275130005494,1171.3,11194.359389237889,78640.70811744386,651030,0.014297991104028575
odds_100plus_expected>=1000_top10,13306,132789,9.979633248158725,13278900,45499060,32220160,3.426417850876202,3.3773904464978273,578,0.004352770184277312,0.04343905005260785,0.13619419664983676,0.0013895266920479,1524.5706203074049,1171.6,11201.63117736453,78718.09688581315,651030,0.014308647255569676
odds_100plus_expected>=800_top10,13306,132814,9.981512099804599,13281400,45499060,32217660,3.4257728853885885,3.376754709593868,578,0.004351950848555122,0.04343905005260785,0.13617173178163441,0.0013895266920479,1524.4200415618839,1171.4,11199.695030146617,78718.09688581315,651030,0.014308647255569676
odds_100plus_top10_by_direct_expected_return,13326,133041,9.983565961278703,13304100,45532970,32228870,3.422476529791568,3.3735419908148616,579,0.004352041851759984,0.04344889689329131,0.1359424978031386,4.532612586325651e-06,1525.869194458851,1171.6,11180.750638809706,78640.70811744386,651030,0.014297991104028575
odds_50plus_score>=0.7_top2,6680,9334,1.3973053892215568,933400,3152280,2218880,3.3772016284551105,3.3672701949860726,540,0.057853010499250054,0.08083832335329341,0.7334300065992755,0.7000142473232887,58.93898650096422,57.4,4317.190987163214,5837.555555555556,9270,0.0029407286154783203
odds_50_500_score>=0.7_top2,6680,9334,1.3973053892215568,933400,3152280,2218880,3.3772016284551105,3.3672701949860726,540,0.057853010499250054,0.08083832335329341,0.7334300065992755,0.7000142473232887,58.93898650096422,57.4,4317.190987163214,5837.555555555556,9270,0.0029407286154783203
odds_50_1000_score>=0.7_top2,6680,9334,1.3973053892215568,933400,3152280,2218880,3.3772016284551105,3.3672701949860726,540,0.057853010499250054,0.08083832335329341,0.7334300065992755,0.7000142473232887,58.93898650096422,57.4,4317.190987163214,5837.555555555556,9270,0.0029407286154783203
odds_50plus_score>=0.7_top5,6680,10507,1.5729041916167665,1050700,3546610,2495910,3.3754734938612354,3.3666508042257544,604,0.05748548586656515,0.09041916167664671,0.7315751296133358,0.7000125010865242,59.29984772056724,57.8,4332.452366670785,5871.8708609271525,9270,0.002613763565771258
odds_50_500_score>=0.7_top5,6680,10507,1.5729041916167665,1050700,3546610,2495910,3.3754734938612354,3.3666508042257544,604,0.05748548586656515,0.09041916167664671,0.7315751296133358,0.7000125010865242,59.29984772056724,57.8,4332.452366670785,5871.8708609271525,9270,0.002613763565771258
odds_50_1000_score>=0.7_top5,6680,10507,1.5729041916167665,1050700,3546610,2495910,3.3754734938612354,3.3666508042257544,604,0.05748548586656515,0.09041916167664671,0.7315751296133358,0.7000125010865242,59.29984772056724,57.8,4332.452366670785,5871.8708609271525,9270,0.002613763565771258
odds_50plus_score>=0.7,6680,10520,1.5748502994011977,1052000,3546610,2494610,3.371302281368821,3.362490494296578,604,0.05741444866920152,0.09041916167664671,0.7315505220447953,0.7000125010865242,59.31237642585551,57.8,4333.202407057546,5871.8708609271525,9270,0.002613763565771258
odds_50plus_score>=0.7_top10,6680,10520,1.5748502994011977,1052000,3546610,2494610,3.371302281368821,3.362490494296578,604,0.05741444866920152,0.09041916167664671,0.7315505220447952,0.7000125010865242,59.31237642585551,57.8,4333.202407057546,5871.8708609271525,9270,0.002613763565771258
odds_50_500_score>=0.7,6680,10520,1.5748502994011977,1052000,3546610,2494610,3.371302281368821,3.362490494296578,604,0.05741444866920152,0.09041916167664671,0.7315505220447953,0.7000125010865242,59.31237642585551,57.8,4333.202407057546,5871.8708609271525,9270,0.002613763565771258
odds_50_500_score>=0.7_top10,6680,10520,1.5748502994011977,1052000,3546610,2494610,3.371302281368821,3.362490494296578,604,0.05741444866920152,0.09041916167664671,0.7315505220447952,0.7000125010865242,59.31237642585551,57.8,4333.202407057546,5871.8708609271525,9270,0.002613763565771258
odds_50_1000_score>=0.7,6680,10520,1.5748502994011977,1052000,3546610,2494610,3.371302281368821,3.362490494296578,604,0.05741444866920152,0.09041916167664671,0.7315505220447953,0.7000125010865242,59.31237642585551,57.8,4333.202407057546,5871.8708609271525,9270,0.002613763565771258
odds_50_1000_score>=0.7_top10,6680,10520,1.5748502994011977,1052000,3546610,2494610,3.371302281368821,3.362490494296578,604,0.05741444866920152,0.09041916167664671,0.7315505220447952,0.7000125010865242,59.31237642585551,57.8,4333.202407057546,5871.8708609271525,9270,0.002613763565771258
odds_10plus_score>=0.5,13207,89395,6.7687589914439314,8939500,30095600,21156100,3.3665864981262934,3.3542603053862075,7248,0.0810783600872532,0.5487998788521239,0.7039549829157045,0.5000002401310523,62.14643436433805,59.4,4032.6856209219554,4152.262693156733,110190,0.0036613325535958747
odds_all_score>=0.5,13294,93845,7.0591996389348575,9384500,31477790,22093290,3.354231978262028,3.3424902765197935,9769,0.10409718152272364,0.7348427862193471,0.7171484700638047,0.5000002401310523,59.486161223293735,57.2,3869.5472765470568,3222.2120994984134,110190,0.0035005634131239837
odds_50plus_score>=0.7_top3,6680,10204,1.5275449101796408,1020400,3418780,2398380,3.3504312034496277,3.3413465307722463,584,0.057232457859662876,0.08742514970059881,0.7321123865742842,0.7000125010865242,59.18455507644061,57.7,4327.2995136622085,5854.075342465753,9270,0.00271149357373098
odds_50_500_score>=0.7_top3,6680,10204,1.5275449101796408,1020400,3418780,2398380,3.3504312034496277,3.3413465307722463,584,0.057232457859662876,0.08742514970059881,0.7321123865742842,0.7000125010865242,59.18455507644061,57.7,4327.2995136622085,5854.075342465753,9270,0.00271149357373098
odds_50_1000_score>=0.7_top3,6680,10204,1.5275449101796408,1020400,3418780,2398380,3.3504312034496277,3.3413465307722463,584,0.057232457859662876,0.08742514970059881,0.7321123865742842,0.7000125010865242,59.18455507644061,57.7,4327.2995136622085,5854.075342465753,9270,0.00271149357373098
odds_30plus_score>=0.6_top2,12729,24188,1.9002278262235839,2418800,8092360,5673560,3.3456093930874813,3.3319910699520423,1811,0.07487183727468166,0.14227354858983424,0.7583637307495249,0.6000460429507323,46.84283115594509,43.1,3486.7534876178283,4468.44837106571,32940,0.004070506008136069
odds_30_500_score>=0.6_top2,12729,24188,1.9002278262235839,2418800,8092360,5673560,3.3456093930874813,3.3319910699520423,1811,0.07487183727468166,0.14227354858983424,0.7583637307495249,0.6000460429507323,46.84283115594509,43.1,3486.7534876178283,4468.44837106571,32940,0.004070506008136069
odds_50plus_score>=0.6_top3,11352,25703,2.2641825229034533,2570300,8629030,6058730,3.3572073298836713,3.3239894175777147,1304,0.05073337742675952,0.11486962649753348,0.6852549234304662,0.6000261417465336,66.96324164494416,64.4,4554.007858728502,6617.354294478528,85380,0.00989450726211405
odds_50_500_score>=0.6_top3,11352,25703,2.2641825229034533,2570300,8629030,6058730,3.3572073298836713,3.3239894175777147,1304,0.05073337742675952,0.11486962649753348,0.6852549234304662,0.6000261417465336,66.96324164494416,64.4,4554.007858728502,6617.354294478528,85380,0.00989450726211405
odds_50_1000_score>=0.6_top3,11352,25703,2.2641825229034533,2570300,8629030,6058730,3.3572073298836713,3.3239894175777147,1304,0.05073337742675952,0.11486962649753348,0.6852549234304662,0.6000261417465336,66.96324164494416,64.4,4554.007858728502,6617.354294478528,85380,0.00989450726211405
odds_30plus_score>=0.6_top1,12729,12729,1.0,1272900,4235740,2962840,3.3276298216670597,3.3199544347552834,1036,0.08138895435619452,0.08138895435619452,0.779498631396172,0.6003670513974793,42.68461780186975,39.3,3275.809837242099,4088.5521235521237,9770,0.0023065627257574826
odds_30_500_score>=0.6_top1,12729,12729,1.0,1272900,4235740,2962840,3.3276298216670597,3.3199544347552834,1036,0.08138895435619452,0.08138895435619452,0.779498631396172,0.6003670513974793,42.68461780186975,39.3,3275.809837242099,4088.5521235521237,9770,0.0023065627257574826
odds_30_500_top1_by_direct_ticket_score,13325,13325,1.0,1332500,4437200,3104700,3.329981238273921,3.317853658536585,1059,0.07947467166979362,0.07947467166979362,0.7660049303884907,0.000851392312311,45.075377110694184,39.9,3327.3141767587413,4189.9905571293675,16160,0.003641936356260705
odds_30plus_top1_by_direct_ticket_score,13326,13326,1.0,1332600,4437200,3104600,3.329731352243734,3.3176046825754164,1059,0.07946870778928411,0.07946870778928411,0.765955101792868,0.000851392312311,45.20580819450698,39.9,3328.1796002658148,4189.9905571293675,16160,0.003641936356260705
odds_50plus_score>=0.6_top5,11352,31085,2.7382840028188866,3108500,10378850,7270350,3.3388611870677174,3.3113945632941935,1536,0.0494129001125945,0.13530655391120508,0.6782289148655525,0.6000261417465336,68.65676371240149,66.4,4619.185387439415,6757.063802083333,85380,0.008226344922607032
odds_50_500_score>=0.6_top5,11352,31085,2.7382840028188866,3108500,10378850,7270350,3.3388611870677174,3.3113945632941935,1536,0.0494129001125945,0.13530655391120508,0.6782289148655525,0.6000261417465336,68.65676371240149,66.4,4619.185387439415,6757.063802083333,85380,0.008226344922607032
odds_50_1000_score>=0.6_top5,11352,31085,2.7382840028188866,3108500,10378850,7270350,3.3388611870677174,3.3113945632941935,1536,0.0494129001125945,0.13530655391120508,0.6782289148655525,0.6000261417465336,68.65676371240149,66.4,4619.185387439415,6757.063802083333,85380,0.008226344922607032
odds_30plus_score>=0.5_top1,13076,13076,1.0,1307600,4338830,3031230,3.3181630468033037,3.3096130315081065,1050,0.08029978586723768,0.08029978586723768,0.773620486564282,0.5006546707228078,43.7759483022331,39.6,3312.51621734317,4132.219047619048,11180,0.002576731515178055
odds_30_500_score>=0.5_top1,13076,13076,1.0,1307600,4338830,3031230,3.3181630468033037,3.3096130315081065,1050,0.08029978586723768,0.08029978586723768,0.773620486564282,0.5006546707228078,43.7759483022331,39.6,3312.51621734317,4132.219047619048,11180,0.002576731515178055
odds_30plus_score>=0.5_top2,13076,25510,1.9509024166411746,2551000,8462650,5911650,3.317385339082713,3.3044727557820464,1859,0.0728733829870639,0.14216885897828083,0.7478990783515449,0.5000269802273916,48.869086632693055,44.1,3552.9538977764637,4552.259279182356,32940,0.0038923977713836684
odds_30_500_score>=0.5_top2,13076,25510,1.9509024166411746,2551000,8462650,5911650,3.317385339082713,3.3044727557820464,1859,0.0728733829870639,0.14216885897828083,0.7478990783515449,0.5000269802273916,48.869086632693055,44.1,3552.9538977764637,4552.259279182356,32940,0.0038923977713836684
odds_30plus_score>=0.7_top1,11493,11493,1.0,1149300,3803290,2653990,3.3092230053075786,3.3021404333072306,964,0.08387714260854433,0.08387714260854433,0.7920084054421006,0.7000582856215776,40.470790916209864,38.2,3178.2862710226605,3945.3215767634856,8140,0.002140252255284241
odds_30_500_score>=0.7_top1,11493,11493,1.0,1149300,3803290,2653990,3.3092230053075786,3.3021404333072306,964,0.08387714260854433,0.08387714260854433,0.7920084054421006,0.7000582856215776,40.470790916209864,38.2,3178.2862710226605,3945.3215767634856,8140,0.002140252255284241
odds_30plus_score>=0.6_top3,12729,33788,2.6544111870531855,3378800,11172400,7793600,3.3066177341067835,3.296868710784894,2367,0.07005445720374097,0.18595333490454866,0.7435247193433874,0.6000272220969043,50.15796732567775,46.7,3653.089084709145,4720.067596113224,32940,0.0029483369732555224
odds_30_500_score>=0.6_top3,12729,33788,2.6544111870531855,3378800,11172400,7793600,3.3066177341067835,3.296868710784894,2367,0.07005445720374097,0.18595333490454866,0.7435247193433874,0.6000272220969043,50.15796732567775,46.7,3653.089084709145,4720.067596113224,32940,0.0029483369732555224
odds_50plus_score>=0.6_top10,11352,32899,2.8980796335447496,3289900,10929410,7639510,3.3221100945317485,3.2961579379312442,1606,0.04881607343688258,0.14147286821705427,0.6756625659635516,0.6000133209781857,69.33981276026627,67.2,4646.2304038648645,6805.361145703611,85380,0.007811949592887448
odds_50_500_score>=0.6_top10,11352,32899,2.8980796335447496,3289900,10929410,7639510,3.3221100945317485,3.2961579379312442,1606,0.04881607343688258,0.14147286821705427,0.6756625659635516,0.6000133209781857,69.33981276026627,67.2,4646.2304038648645,6805.361145703611,85380,0.007811949592887448
odds_50_1000_score>=0.6_top10,11352,32899,2.8980796335447496,3289900,10929410,7639510,3.3221100945317485,3.2961579379312442,1606,0.04881607343688258,0.14147286821705427,0.6756625659635516,0.6000133209781857,69.33981276026627,67.2,4646.2304038648645,6805.361145703611,85380,0.007811949592887448
odds_50plus_score>=0.6,11352,32926,2.9004580690627204,3292600,10929410,7636810,3.3193858956447793,3.2934550203486608,1606,0.04877604324849663,0.14147286821705427,0.6756138694264905,0.6000133209781857,69.35332867642593,67.2,4646.7550753745345,6805.361145703611,85380,0.007811949592887448
odds_50_500_score>=0.6,11352,32926,2.9004580690627204,3292600,10929410,7636810,3.3193858956447793,3.2934550203486608,1606,0.04877604324849663,0.14147286821705427,0.6756138694264905,0.6000133209781857,69.35332867642593,67.2,4646.7550753745345,6805.361145703611,85380,0.007811949592887448
odds_50_1000_score>=0.6,11352,32926,2.9004580690627204,3292600,10929410,7636810,3.3193858956447793,3.2934550203486608,1606,0.04877604324849663,0.14147286821705427,0.6756138694264905,0.6000133209781857,69.35332867642593,67.2,4646.7550753745345,6805.361145703611,85380,0.007811949592887448
odds_50plus_score>=0.6_top2,11352,19939,1.756430584918957,1993900,6576360,4582460,3.2982396308741664,3.292136014845278,1026,0.05145694367821857,0.09038054968287526,0.6929781525807698,0.6000261417465336,65.20216660815487,62.5,4486.496236152759,6409.707602339181,12170,0.001850567791300963
odds_50_500_score>=0.6_top2,11352,19939,1.756430584918957,1993900,6576360,4582460,3.2982396308741664,3.292136014845278,1026,0.05145694367821857,0.09038054968287526,0.6929781525807698,0.6000261417465336,65.20216660815487,62.5,4486.496236152759,6409.707602339181,12170,0.001850567791300963
odds_50_1000_score>=0.6_top2,11352,19939,1.756430584918957,1993900,6576360,4582460,3.2982396308741664,3.292136014845278,1026,0.05145694367821857,0.09038054968287526,0.6929781525807698,0.6000261417465336,65.20216660815487,62.5,4486.496236152759,6409.707602339181,12170,0.001850567791300963
odds_30_500_top2_by_direct_ticket_score,13325,26650,2.0,2665000,8746000,6081000,3.2818011257035646,3.2694409005628517,1884,0.07069418386491558,0.14138836772983115,0.7318790363311898,0.0002498632652266,52.292123827392125,45.0,3597.595916079009,4642.250530785563,32940,0.003766293162588612
odds_30plus_top2_by_direct_ticket_score,13326,26652,2.0,2665200,8746000,6080800,3.2815548551703437,3.2691955575566563,1884,0.07068887888338586,0.14137775776677172,0.7318378801630485,0.0002498632652266,52.53540072039622,45.0,3600.3945298926233,4642.250530785563,32940,0.003766293162588612
odds_30plus_score>=0.5_top3,13076,36837,2.817145916182319,3683700,12066770,8383070,3.2757200640660207,3.26677796780411,2478,0.06726932160599397,0.18950749464668093,0.7280156856384682,0.5000269802273916,53.27138203436762,48.5,3753.2657993417383,4869.5601291364,32940,0.002729810877310167
odds_30_500_score>=0.5_top3,13076,36837,2.817145916182319,3683700,12066770,8383070,3.2757200640660207,3.26677796780411,2478,0.06726932160599397,0.18950749464668093,0.7280156856384682,0.5000269802273916,53.27138203436762,48.5,3753.2657993417383,4869.5601291364,32940,0.002729810877310167
odds_30plus_score>=0.7_top2,11493,19982,1.738623509962586,1998200,6557290,4559090,3.2815984385947354,3.265113602242018,1573,0.0787208487638875,0.13686591838510398,0.7789273367320185,0.7000317298417742,42.869672705434894,40.7,3309.875524940155,4168.652256834075,32940,0.005023416685856505
odds_30_500_score>=0.7_top2,11493,19982,1.738623509962586,1998200,6557290,4559090,3.2815984385947354,3.265113602242018,1573,0.0787208487638875,0.13686591838510398,0.7789273367320185,0.7000317298417742,42.869672705434894,40.7,3309.875524940155,4168.652256834075,32940,0.005023416685856505
odds_30plus_score>=0.7_top3,11493,25319,2.202993126250761,2531900,8266610,5734710,3.2649828192266677,3.2519728267309134,1927,0.07610885106046843,0.1676672757330549,0.7720321747346053,0.7000142473232887,44.394901062443225,42.3,3396.6214152056073,4289.885832900883,32940,0.003984704733863095
odds_30_500_score>=0.7_top3,11493,25319,2.202993126250761,2531900,8266610,5734710,3.2649828192266677,3.2519728267309134,1927,0.07610885106046843,0.1676672757330549,0.7720321747346053,0.7000142473232887,44.394901062443225,42.3,3396.6214152056073,4289.885832900883,32940,0.003984704733863095
odds_50plus_score>=0.5_top3,12566,32811,2.611093426706987,3281100,10747010,7465910,3.2754289719911007,3.249407210996312,1547,0.04714882204138856,0.12310997930924718,0.6571490782522807,0.500016425242308,72.09156685257994,68.3,4654.115398559947,6947.000646412411,85380,0.00794453527074042
odds_50_500_score>=0.5_top3,12566,32811,2.611093426706987,3281100,10747010,7465910,3.2754289719911007,3.249407210996312,1547,0.04714882204138856,0.12310997930924718,0.6571490782522807,0.500016425242308,72.09156685257994,68.3,4654.115398559947,6947.000646412411,85380,0.00794453527074042
odds_50_1000_score>=0.5_top3,12566,32811,2.611093426706987,3281100,10747010,7465910,3.2754289719911007,3.249407210996312,1547,0.04714882204138856,0.12310997930924718,0.6571490782522807,0.500016425242308,72.09156685257994,68.3,4654.115398559947,6947.000646412411,85380,0.00794453527074042
odds_30plus_score>=0.6_top5,12729,46515,3.6542540655196794,4651500,15108610,10457110,3.248115661614533,3.2297602923788027,2974,0.06393636461356551,0.23363972032367036,0.7263613156335258,0.6000261417465336,54.41118993872944,51.5,3863.6435242613798,5080.232010759919,85380,0.005651082396064231
odds_30_500_score>=0.6_top5,12729,46515,3.6542540655196794,4651500,15108610,10457110,3.248115661614533,3.2297602923788027,2974,0.06393636461356551,0.23363972032367036,0.7263613156335258,0.6000261417465336,54.41118993872944,51.5,3863.6435242613798,5080.232010759919,85380,0.005651082396064231
odds_50plus_score>=0.5_top5,12566,45095,3.5886519178736274,4509500,14668330,10158830,3.252761947000776,3.228326865506154,2001,0.044372990353697746,0.1592392169345854,0.6392045557543111,0.5000002401310523,76.60349040913627,73.5,4794.941912310509,7330.499750124937,110190,0.007512102604727328
odds_50_500_score>=0.5_top5,12566,45095,3.5886519178736274,4509500,14668330,10158830,3.252761947000776,3.228326865506154,2001,0.044372990353697746,0.1592392169345854,0.6392045557543111,0.5000002401310523,76.60349040913627,73.5,4794.941912310509,7330.499750124937,110190,0.007512102604727328
odds_50_1000_score>=0.5_top5,12566,45095,3.5886519178736274,4509500,14668330,10158830,3.252761947000776,3.228326865506154,2001,0.044372990353697746,0.1592392169345854,0.6392045557543111,0.5000002401310523,76.60349040913627,73.5,4794.941912310509,7330.499750124937,110190,0.007512102604727328
odds_30plus_score>=0.5_top5,13076,54902,4.198684613031508,5490200,17737490,12247290,3.2307547994608576,3.2152034534261045,3279,0.05972460019671415,0.25076475986540225,0.7000213842153966,0.5000002401310523,60.06773888018651,55.8,4043.8698070801265,5409.420555047271,85380,0.004813533369152005
odds_30_500_score>=0.5_top5,13076,54902,4.198684613031508,5490200,17737490,12247290,3.2307547994608576,3.2152034534261045,3279,0.05972460019671415,0.25076475986540225,0.7000213842153966,0.5000002401310523,60.06773888018651,55.8,4043.8698070801265,5409.420555047271,85380,0.004813533369152005
odds_50plus_score>=0.5_top2,12566,23672,1.8838134649053,2367200,7609200,5242000,3.2144305508617776,3.2088416694829336,1151,0.048622845555931056,0.09159637116027375,0.6715384065446728,0.5000269802273916,68.86589219330854,64.9,4553.120663299127,6610.947002606429,13230,0.0017386847500394259
odds_50_500_score>=0.5_top2,12566,23672,1.8838134649053,2367200,7609200,5242000,3.2144305508617776,3.2088416694829336,1151,0.048622845555931056,0.09159637116027375,0.6715384065446728,0.5000269802273916,68.86589219330854,64.9,4553.120663299127,6610.947002606429,13230,0.0017386847500394259
odds_50_1000_score>=0.5_top2,12566,23672,1.8838134649053,2367200,7609200,5242000,3.2144305508617776,3.2088416694829336,1151,0.048622845555931056,0.09159637116027375,0.6715384065446728,0.5000269802273916,68.86589219330854,64.9,4553.120663299127,6610.947002606429,13230,0.0017386847500394259
odds_30plus_score>=0.6_top10,12729,54706,4.297745305994186,5470600,17574390,12103790,3.2125159945892587,3.1969089313786423,3317,0.06063320293934852,0.260586063319978,0.715313646491308,0.6000133209781857,57.3436643147004,55.0,4003.5591946383915,5298.278564968345,85380,0.004858205604860254
odds_30_500_score>=0.6_top10,12729,54706,4.297745305994186,5470600,17574390,12103790,3.2125159945892587,3.1969089313786423,3317,0.06063320293934852,0.260586063319978,0.715313646491308,0.6000133209781857,57.3436643147004,55.0,4003.5591946383915,5298.278564968345,85380,0.004858205604860254
odds_30plus_score>=0.6,12729,55032,4.323356115955692,5503200,17665010,12161810,3.20995239133595,3.1944377816543104,3329,0.060492077336822214,0.261528792521015,0.7147926812468554,0.6000133209781857,57.49334932402966,55.2,4010.477489388073,5306.401321718234,85380,0.004833283422992684
odds_30_500_score>=0.6,12729,55032,4.323356115955692,5503200,17665010,12161810,3.20995239133595,3.1944377816543104,3329,0.060492077336822214,0.261528792521015,0.7147926812468554,0.6000133209781857,57.49334932402966,55.2,4010.477489388073,5306.401321718234,85380,0.004833283422992684
odds_all_top10_by_direct_ticket_score,13326,133259,9.9999249587273,13325900,42595280,29269380,3.1964280086148027,3.1872248778694123,10457,0.07847124772060424,0.7847065886237431,0.6014389582623034,3.4323584620133306e-05,104.48727515589943,77.7,4401.964181994235,4073.374772879411,122640,0.002879192248530823
odds_30_500_top3_by_direct_ticket_score,13325,39973,2.9998499061913697,3997300,12729760,8732460,3.1845895979786354,3.176349035599029,2531,0.06331773947414505,0.18994371482176362,0.7000060686635202,0.0001296827014009,59.93462337077528,50.5,3836.044641797222,5029.537732121691,32940,0.002587637158909516
odds_30plus_score>=0.7_top5,11493,29821,2.5947098233707475,2982100,9492180,6510080,3.1830522115287883,3.1720063042822173,2163,0.07253277891418798,0.1882015139650222,0.766344191783104,0.7000125010865242,45.79843398947051,44.0,3477.0869400575125,4388.432732316228,32940,0.0034702249641283666
odds_30_500_score>=0.7_top5,11493,29821,2.5947098233707475,2982100,9492180,6510080,3.1830522115287883,3.1720063042822173,2163,0.07253277891418798,0.1882015139650222,0.766344191783104,0.7000125010865242,45.79843398947051,44.0,3477.0869400575125,4388.432732316228,32940,0.0034702249641283666
odds_30plus_top3_by_direct_ticket_score,13326,39978,3.0,3997800,12712740,8714940,3.179933963680024,3.1716944319375657,2530,0.063284806643654,0.18985441993096203,0.6999604469945397,0.0001296827014009,60.78181749962479,50.5,3846.463529122962,5024.798418972332,32940,0.002591101524926963
odds_30plus_score>=0.7,11493,30889,2.6876359523188027,3088900,9827180,6738280,3.1814497070154424,3.1707857165981417,2222,0.07193499303959339,0.19333507352301402,0.7648489096227833,0.7000125010865242,46.216303538476474,44.4,3501.316715685087,4422.6732673267325,32940,0.0033519280200423724
odds_30_500_score>=0.7,11493,30889,2.6876359523188027,3088900,9827180,6738280,3.1814497070154424,3.1707857165981417,2222,0.07193499303959339,0.19333507352301402,0.7648489096227833,0.7000125010865242,46.216303538476474,44.4,3501.316715685087,4422.6732673267325,32940,0.0033519280200423724
odds_30plus_score>=0.7_top10,11493,30887,2.6874619333507352,3088700,9821890,6733190,3.179943018098229,3.169278337164503,2221,0.07190727490529997,0.19324806403898026,0.7648512453144776,0.7000125010865242,46.21592579402338,44.4,3501.2978699670875,4422.282755515534,32940,0.003353733344600683
odds_30_500_score>=0.7_top10,11493,30887,2.6874619333507352,3088700,9821890,6733190,3.179943018098229,3.169278337164503,2221,0.07190727490529997,0.19324806403898026,0.7648512453144776,0.7000125010865242,46.21592579402338,44.4,3501.2978699670875,4422.282755515534,32940,0.003353733344600683
odds_50plus_score>=0.5_top10,12566,54094,4.304790705077193,5409400,17142540,11733140,3.169027988316634,3.1486578918179466,2258,0.041742152549266096,0.17969123030399492,0.6258373633549698,0.5000002401310523,80.46408289274225,77.5,4915.789597572363,7591.913197519929,110190,0.0064278689155749386
odds_50_500_score>=0.5_top10,12566,54094,4.304790705077193,5409400,17142540,11733140,3.169027988316634,3.1486578918179466,2258,0.041742152549266096,0.17969123030399492,0.6258373633549698,0.5000002401310523,80.46408289274225,77.5,4915.789597572363,7591.913197519929,110190,0.0064278689155749386
odds_50_1000_score>=0.5_top10,12566,54094,4.304790705077193,5409400,17142540,11733140,3.169027988316634,3.1486578918179466,2258,0.041742152549266096,0.17969123030399492,0.6258373633549698,0.5000002401310523,80.46408289274225,77.5,4915.789597572363,7591.913197519929,110190,0.0064278689155749386
odds_50plus_score>=0.5,12566,54680,4.351424478752189,5468000,17304740,11836740,3.164729334308705,3.1445775420629114,2273,0.04156912948061448,0.1808849275823651,0.6248291962493521,0.5000002401310523,80.81504206291149,77.8,4927.274010527389,7613.1720193576775,110190,0.006367619507718694
odds_50_500_score>=0.5,12566,54680,4.351424478752189,5468000,17304740,11836740,3.164729334308705,3.1445775420629114,2273,0.04156912948061448,0.1808849275823651,0.6248291962493521,0.5000002401310523,80.81504206291149,77.8,4927.274010527389,7613.1720193576775,110190,0.006367619507718694
odds_50_1000_score>=0.5,12566,54680,4.351424478752189,5468000,17304740,11836740,3.164729334308705,3.1445775420629114,2273,0.04156912948061448,0.1808849275823651,0.6248291962493521,0.5000002401310523,80.81504206291149,77.8,4927.274010527389,7613.1720193576775,110190,0.006367619507718694
odds_30plus_score>=0.5_top10,13076,74377,5.688054450902417,7437700,23336150,15898450,3.1375492423733142,3.1227341785767107,3935,0.05290614033908332,0.3009330070357908,0.6714672408729192,0.5000002401310523,67.68653884937548,64.5,4339.63759242248,5930.406607369759,110190,0.004721858575643369
odds_30_500_score>=0.5_top10,13076,74377,5.688054450902417,7437700,23336150,15898450,3.1375492423733142,3.1227341785767107,3935,0.05290614033908332,0.3009330070357908,0.6714672408729192,0.5000002401310523,67.68653884937548,64.5,4339.63759242248,5930.406607369759,110190,0.004721858575643369
odds_30plus_score>=0.5,13076,76979,5.887044967880086,7697900,24095280,16397380,3.130110809441536,3.115796515932917,4008,0.05206614791046909,0.3065157540532273,0.6672681001500804,0.5000002401310523,68.95300926226633,65.8,4385.731118568002,6011.796407185629,110190,0.0045730948135900475
odds_30_500_score>=0.5,13076,76979,5.887044967880086,7697900,24095280,16397380,3.130110809441536,3.115796515932917,4008,0.05206614791046909,0.3065157540532273,0.6672681001500804,0.5000002401310523,68.95300926226633,65.8,4385.731118568002,6011.796407185629,110190,0.0045730948135900475
odds_10plus_top10_by_direct_ticket_score,13326,133257,9.9997748761819,13325700,41615100,28289400,3.12292037191292,3.113717103041491,7960,0.059734197828256674,0.5973285306918805,0.5776928645979833,3.4323584620133306e-05,114.84005793316673,82.5,4575.3686712999,5228.027638190954,122640,0.0029470072161306834
odds_30plus_score>=0.8_top1,4845,4845,1.0,484500,1503440,1018940,3.1030753353973166,3.090877192982456,435,0.08978328173374613,0.08978328173374613,0.8326845249473257,0.800013643138211,34.89104231166151,33.8,2898.2801792057,3456.183908045977,5910,0.003930984941201511
odds_30_500_score>=0.8_top1,4845,4845,1.0,484500,1503440,1018940,3.1030753353973166,3.090877192982456,435,0.08978328173374613,0.08978328173374613,0.8326845249473257,0.800013643138211,34.89104231166151,33.8,2898.2801792057,3456.183908045977,5910,0.003930984941201511
odds_30plus_top5_by_direct_ticket_score,13326,66630,5.0,6663000,20612140,13949140,3.0935224373405372,3.080708389614288,3493,0.052423833108209514,0.2621191655410476,0.6410749006808861,8.196950517511168e-05,78.62164040222123,62.5,4257.746921872466,5900.98482679645,85380,0.004142219100006113
odds_30_500_top5_by_direct_ticket_score,13325,66592,4.997523452157599,6659200,20560590,13901390,3.087546552138395,3.074725192215281,3493,0.05245374819798174,0.2621388367729831,0.6412842851062815,1.825891546543702e-05,76.24692005045652,62.5,4230.615218390186,5886.226739192671,85380,0.0041526045701995905
odds_50_500_top2_by_direct_ticket_score,13325,26650,2.0,2665000,8212710,5547710,3.0816923076923075,3.074705440900563,1202,0.04510318949343339,0.09020637898686679,0.6397047797696856,0.0002477642554458,76.01750469043152,67.1,4588.723011913438,6832.537437603994,18620,0.002267217520160824
odds_50_1000_top2_by_direct_ticket_score,13326,26652,2.0,2665200,8212710,5547510,3.081461053579469,3.0744747110911,1202,0.04509980489269098,0.09019960978538195,0.6396782978408471,0.0002477642554458,76.23331457301516,67.1,4591.779547624141,6832.537437603994,18620,0.002267217520160824
odds_50_500_top3_by_direct_ticket_score,13325,39973,2.9998499061913697,3997300,12361950,8364650,3.092574988116979,3.0712155705100943,1677,0.04195331848998074,0.12585365853658537,0.6078563254496506,0.0001296827014009,84.34574838015659,73.5,4721.5498120280145,7371.466905187835,85380,0.006906677344593693
odds_50_1000_top3_by_direct_ticket_score,13326,39978,3.0,3997800,12361950,8364150,3.0921882035119315,3.070831457301516,1677,0.041948071439291613,0.12584421431787482,0.6078298511751781,0.0001296827014009,84.8508779828906,73.5,4728.2041750047765,7371.466905187835,85380,0.006906677344593693
odds_50plus_top3_by_direct_ticket_score,13326,39978,3.0,3997800,12351450,8353650,3.0895617589674322,3.068205012757016,1676,0.04192305768172495,0.12576917304517485,0.607861053278145,0.0001296827014009,86.00102556406023,73.5,4741.747659754285,7369.600238663485,85380,0.006912548729096584
odds_50plus_top2_by_direct_ticket_score,13326,26652,2.0,2665200,8195690,5530490,3.0750750412727,3.068088698784331,1201,0.045062284256340984,0.09012456851268197,0.6396943347993186,0.0002477642554458,76.71664040222122,67.1,4599.927974983322,6824.054954204829,18620,0.0022719258537109138
odds_30plus_score>=0.8_top2,4845,6079,1.2546955624355005,607900,1870640,1262740,3.0772166474749136,3.0674946537259418,539,0.08866589899654548,0.11124871001031991,0.8294933336648277,0.8000017257731068,35.25848001316006,34.3,2918.079982507422,3470.575139146568,5910,0.0031593465338066117
odds_30_500_score>=0.8_top2,4845,6079,1.2546955624355005,607900,1870640,1262740,3.0772166474749136,3.0674946537259418,539,0.08866589899654548,0.11124871001031991,0.8294933336648277,0.8000017257731068,35.25848001316006,34.3,2918.079982507422,3470.575139146568,5910,0.0031593465338066117
odds_30plus_score>=0.8_top3,4845,6314,1.3031991744066047,631400,1923060,1291660,3.0457079505859994,3.0363319607222046,553,0.08758314855875832,0.11413828689370485,0.8288063890956815,0.8000017257731068,35.376211593284765,34.45,2925.398141598633,3477.50452079566,5920,0.0030784270901583932
odds_30_500_score>=0.8_top3,4845,6314,1.3031991744066047,631400,1923060,1291660,3.0457079505859994,3.0363319607222046,553,0.08758314855875832,0.11413828689370485,0.8288063890956815,0.8000017257731068,35.376211593284765,34.45,2925.398141598633,3477.50452079566,5920,0.0030784270901583932
odds_30plus_score>=0.8_top5,4845,6365,1.3137254901960784,636500,1930610,1294110,3.0331657501963867,3.023864886095837,555,0.08719560094265515,0.11455108359133127,0.8286441217402268,0.8000017257731068,35.4019638648861,34.5,2926.9528844880756,3478.5765765765764,5920,0.003066388343580526
odds_30_500_score>=0.8_top5,4845,6365,1.3137254901960784,636500,1930610,1294110,3.0331657501963867,3.023864886095837,555,0.08719560094265515,0.11455108359133127,0.8286441217402268,0.8000017257731068,35.4019638648861,34.5,2926.9528844880756,3478.5765765765764,5920,0.003066388343580526
odds_30plus_score>=0.8,4845,6366,1.3139318885448916,636600,1930610,1294010,3.0326892868363178,3.0233898837574613,555,0.08718190386427899,0.11455108359133127,0.8286417126691341,0.8000017257731068,35.401445177505494,34.5,2926.903208980032,3478.5765765765764,5920,0.003066388343580526
odds_30plus_score>=0.8_top10,4845,6366,1.3139318885448916,636600,1930610,1294010,3.0326892868363178,3.0233898837574613,555,0.08718190386427899,0.11455108359133127,0.8286417126691341,0.8000017257731068,35.4014451775055,34.5,2926.903208980032,3478.5765765765764,5920,0.003066388343580526
odds_30_500_score>=0.8,4845,6366,1.3139318885448916,636600,1930610,1294010,3.0326892868363178,3.0233898837574613,555,0.08718190386427899,0.11455108359133127,0.8286417126691341,0.8000017257731068,35.401445177505494,34.5,2926.903208980032,3478.5765765765764,5920,0.003066388343580526
odds_30_500_score>=0.8_top10,4845,6366,1.3139318885448916,636600,1930610,1294010,3.0326892868363178,3.0233898837574613,555,0.08718190386427899,0.11455108359133127,0.8286417126691341,0.8000017257731068,35.4014451775055,34.5,2926.903208980032,3478.5765765765764,5920,0.003066388343580526
odds_50_1000_top5_by_direct_ticket_score,13326,66627,4.9997748761819,6662700,19990560,13327860,3.000369219685713,2.983830879373227,2394,0.03593137917060651,0.17964880684376408,0.5522609973096626,3.4323584620133306e-05,103.34803458057544,86.2,4966.391087916499,8350.275689223057,110190,0.005512101712008068
odds_50plus_top5_by_direct_ticket_score,13326,66630,5.0,6663000,19990560,13327560,3.000234128770824,2.9836965330932013,2394,0.03592976136875282,0.17964880684376408,0.5523212496046627,8.196950517511168e-05,106.10950923007654,86.2,5000.560062714753,8350.275689223057,110190,0.005512101712008068
odds_50_500_top5_by_direct_ticket_score,13325,66568,4.995722326454033,6656800,19948290,13291490,2.996678584304771,2.9801255858670834,2394,0.035963225573849296,0.17966228893058162,0.5525747460853038,1.825891546543702e-05,101.81200276409086,86.2,4951.18074343608,8332.619047619048,110190,0.005523781737682779
odds_all_top20_by_direct_expected_return,13326,265823,19.94769623292811,26582300,78641980,52059680,2.958433995553432,2.9339428868081394,1939,0.007294327428401606,0.1455050277652709,0.17112264211514405,2.130386201692704e-06,1253.1264931928388,694.3,9054.484533218763,40558.00928313564,651030,0.008278402959844094
odds_10plus_top20_by_direct_expected_return,13326,265714,19.939516734203814,26571400,78606940,52035540,2.9583288799235268,2.9338277245459405,1867,0.007026351641238324,0.14010205613087198,0.1707528914839358,2.130386201692704e-06,1253.7560655441564,694.8,9057.977222036592,42103.34226031066,651030,0.008282093158695656
odds_30plus_top20_by_direct_expected_return,13326,265515,19.924583520936515,26551500,78429290,51877790,2.953855337739864,2.9293358190686027,1773,0.006677588836788882,0.1330481764970734,0.16964815792806132,2.130386201692704e-06,1256.703063480406,696.5,9063.132328737842,44235.3581500282,651030,0.00830085290839685
odds_100plus_score>=0.5_top5,5783,9794,1.6935846446481064,979400,2978030,1998630,3.040667755768838,2.9281600980191955,250,0.025525832142127832,0.04323015735777278,0.5363443318732574,0.5000002401310523,115.90096998162142,110.7,6204.7893610489,11912.12,110190,0.03700097044019033
odds_100_1000_score>=0.5_top5,5783,9794,1.6935846446481064,979400,2978030,1998630,3.040667755768838,2.9281600980191955,250,0.025525832142127832,0.04323015735777278,0.5363443318732574,0.5000002401310523,115.90096998162142,110.7,6204.7893610489,11912.12,110190,0.03700097044019033
odds_50plus_top20_by_direct_expected_return,13326,265195,19.90057031367252,26519500,78137450,51617950,2.9464149022417465,2.9218657968664568,1691,0.006376439978129301,0.12689479213567462,0.16670968702293443,2.130386201692704e-06,1266.9181877486378,701.4,9067.912742375136,46207.83560023655,651030,0.008331856235390327
odds_100plus_score>=0.5,5783,9862,1.7053432474494208,986200,2978030,1991830,3.019701886027175,2.9079699858040966,250,0.025349827621172175,0.04323015735777278,0.5361571629580336,0.5000002401310523,116.01504765767592,110.8,6208.474605041857,11912.12,110190,0.03700097044019033
odds_100plus_score>=0.5_top10,5783,9862,1.7053432474494208,986200,2978030,1991830,3.019701886027175,2.9079699858040966,250,0.025349827621172175,0.04323015735777278,0.5361571629580335,0.5000002401310523,116.01504765767592,110.8,6208.474605041856,11912.12,110190,0.03700097044019033
odds_100_1000_score>=0.5,5783,9862,1.7053432474494208,986200,2978030,1991830,3.019701886027175,2.9079699858040966,250,0.025349827621172175,0.04323015735777278,0.5361571629580336,0.5000002401310523,116.01504765767592,110.8,6208.474605041857,11912.12,110190,0.03700097044019033
odds_100_1000_score>=0.5_top10,5783,9862,1.7053432474494208,986200,2978030,1991830,3.019701886027175,2.9079699858040966,250,0.025349827621172175,0.04323015735777278,0.5361571629580335,0.5000002401310523,116.01504765767592,110.8,6208.474605041856,11912.12,110190,0.03700097044019033
odds_100plus_score>=0.5_top3,5783,9280,1.6047034411205257,928000,2788300,1860300,3.0046336206896553,2.8858943965517243,235,0.025323275862068964,0.040636347916306416,0.5374738568565884,0.5000002401310523,115.41168103448275,110.1,6192.131651945471,11865.106382978724,110190,0.039518703152458486
odds_100_1000_score>=0.5_top3,5783,9280,1.6047034411205257,928000,2788300,1860300,3.0046336206896553,2.8858943965517243,235,0.025323275862068964,0.040636347916306416,0.5374738568565884,0.5000002401310523,115.41168103448275,110.1,6192.131651945471,11865.106382978724,110190,0.039518703152458486
odds_100plus_score>=0.6_top1,327,327,1.0,32700,106320,73620,3.251376146788991,2.879204892966361,10,0.03058103975535168,0.03058103975535168,0.6197105891976287,0.6000995675797837,108.42048929663609,105.1,6718.994444089166,10632.0,12170,0.11446576373212942
odds_100_1000_score>=0.6_top1,327,327,1.0,32700,106320,73620,3.251376146788991,2.879204892966361,10,0.03058103975535168,0.03058103975535168,0.6197105891976287,0.6000995675797837,108.42048929663609,105.1,6718.994444089166,10632.0,12170,0.11446576373212942
odds_100plus_top20_by_direct_expected_return,13326,264481,19.84699084496473,26448100,76617350,50169250,2.8968942948642815,2.872278916065804,1440,0.005444625511851513,0.1080594326879784,0.15372527016986856,1.5160490568725183e-06,1302.3917759687843,722.7,9055.730417803914,53206.493055555555,651030,0.008497161543697347
odds_100plus_score>=0.5_top2,5783,8264,1.429016081618537,826400,2465430,1639030,2.983337366892546,2.85,208,0.02516940948693127,0.035967490921666956,0.5394777280960217,0.5000002401310523,114.72497579864472,109.5,6178.591832201039,11853.028846153846,110190,0.04469402903347489
odds_100_1000_score>=0.5_top2,5783,8264,1.429016081618537,826400,2465430,1639030,2.983337366892546,2.85,208,0.02516940948693127,0.035967490921666956,0.5394777280960217,0.5000002401310523,114.72497579864472,109.5,6178.591832201039,11853.028846153846,110190,0.04469402903347489
odds_30plus_top10_by_direct_ticket_score,13326,133253,9.9994747110911,13325300,37854400,24529100,2.8407915769250973,2.8235762046633095,4857,0.03644946080013208,0.3644754615038271,0.5235512995358252,3.4323584620133306e-05,134.03735525654207,96.3,4956.568760236679,7793.782170063825,229400,0.006060061710131451
odds_30_500_top10_by_direct_ticket_score,13325,131952,9.902589118198874,13195200,37193140,23997940,2.8186870983387897,2.8103363344246395,4854,0.03678610403783194,0.36427767354596624,0.5276054000757722,1.1117716509794324e-05,117.09927852552444,95.6,4844.670842660414,7662.369180057684,110190,0.0029626431110683312
odds_all_top30_by_direct_expected_return,13326,395511,29.679648806843765,39551100,110831750,71280650,2.802241909833102,2.785781432121989,3961,0.010014892126894069,0.2972384811646406,0.18983005401545214,1.5160490568725183e-06,1147.1986341719953,548.2,7880.712797572596,27980.749810653877,651030,0.005874038802058074
odds_10plus_top30_by_direct_expected_return,13326,395026,29.64325378958427,39502600,110664610,71162010,2.801451296876661,2.7849706095294993,3627,0.009181674117653015,0.27217469608284556,0.18874678149754573,1.5160490568725183e-06,1149.0865008885492,549.3,7889.714945088868,30511.334436173147,651030,0.005882910534813253
odds_30plus_top30_by_direct_expected_return,13326,394188,29.580369203061682,39418800,109970440,70551640,2.7897967467299867,2.773281023268085,3257,0.00826255492303165,0.24440942518385111,0.18599498805004136,1.5160490568725183e-06,1156.2644489431439,552.7,7901.7847641211265,33764.335277863065,651030,0.005920045423115521
odds_50plus_top30_by_direct_expected_return,13326,392664,29.466006303466905,39266400,109143460,69877060,2.779563698225455,2.762983874253815,2979,0.007586638958498869,0.22354795137325528,0.18024467605281744,1.5160490568725183e-06,1173.4986591589757,561.3,7915.761533563067,36637.61664988251,651030,0.00596490160748065
odds_100plus_score>=0.6,327,344,1.0519877675840978,34400,106320,71920,3.0906976744186045,2.7369186046511627,10,0.029069767441860465,0.03058103975535168,0.6197139237912996,0.6000995675797837,108.46627906976742,105.0,6721.681686754036,10632.0,12170,0.11446576373212942
odds_100plus_score>=0.6_top2,327,344,1.0519877675840978,34400,106320,71920,3.0906976744186045,2.7369186046511627,10,0.029069767441860465,0.03058103975535168,0.6197139237912996,0.6000995675797837,108.46627906976742,105.0,6721.681686754036,10632.0,12170,0.11446576373212942
odds_100plus_score>=0.6_top3,327,344,1.0519877675840978,34400,106320,71920,3.0906976744186045,2.7369186046511627,10,0.029069767441860465,0.03058103975535168,0.6197139237912996,0.6000995675797837,108.46627906976742,105.0,6721.681686754036,10632.0,12170,0.11446576373212942
odds_100plus_score>=0.6_top5,327,344,1.0519877675840978,34400,106320,71920,3.0906976744186045,2.7369186046511627,10,0.029069767441860465,0.03058103975535168,0.6197139237912996,0.6000995675797837,108.46627906976742,105.0,6721.681686754036,10632.0,12170,0.11446576373212942
odds_100plus_score>=0.6_top10,327,344,1.0519877675840978,34400,106320,71920,3.0906976744186045,2.7369186046511627,10,0.029069767441860465,0.03058103975535168,0.6197139237912996,0.6000995675797837,108.46627906976742,105.0,6721.681686754036,10632.0,12170,0.11446576373212942
odds_100_1000_score>=0.6,327,344,1.0519877675840978,34400,106320,71920,3.0906976744186045,2.7369186046511627,10,0.029069767441860465,0.03058103975535168,0.6197139237912996,0.6000995675797837,108.46627906976742,105.0,6721.681686754036,10632.0,12170,0.11446576373212942
odds_100_1000_score>=0.6_top2,327,344,1.0519877675840978,34400,106320,71920,3.0906976744186045,2.7369186046511627,10,0.029069767441860465,0.03058103975535168,0.6197139237912996,0.6000995675797837,108.46627906976742,105.0,6721.681686754036,10632.0,12170,0.11446576373212942
odds_100_1000_score>=0.6_top3,327,344,1.0519877675840978,34400,106320,71920,3.0906976744186045,2.7369186046511627,10,0.029069767441860465,0.03058103975535168,0.6197139237912996,0.6000995675797837,108.46627906976742,105.0,6721.681686754036,10632.0,12170,0.11446576373212942
odds_100_1000_score>=0.6_top5,327,344,1.0519877675840978,34400,106320,71920,3.0906976744186045,2.7369186046511627,10,0.029069767441860465,0.03058103975535168,0.6197139237912996,0.6000995675797837,108.46627906976742,105.0,6721.681686754036,10632.0,12170,0.11446576373212942
odds_100_1000_score>=0.6_top10,327,344,1.0519877675840978,34400,106320,71920,3.0906976744186045,2.7369186046511627,10,0.029069767441860465,0.03058103975535168,0.6197139237912996,0.6000995675797837,108.46627906976742,105.0,6721.681686754036,10632.0,12170,0.11446576373212942
odds_100plus_top30_by_direct_expected_return,13326,388756,29.172745009755367,38875600,106046570,67170970,2.727843943244606,2.711097449299818,2329,0.005990904320447787,0.17477112411826504,0.15898592357033076,1.5160490568725183e-06,1228.089148720534,596.0,7909.92187847275,45533.09145556032,651030,0.006139095305015523
odds_all_top20_by_direct_ticket_score,13326,265823,19.94769623292811,26582300,72247230,45664930,2.717869785533983,2.709239982996204,11852,0.044586059144618786,0.8893891640402222,0.4322323764741109,1.2067853248077654e-05,249.40577677627596,145.8,5395.049420771702,6095.783833952076,229400,0.003175208239817637
odds_50plus_top10_by_direct_ticket_score,13326,133218,9.9968482665466,13321800,36302460,22980660,2.725041661036797,2.7078217658274406,3445,0.025859868786500324,0.2585171844514483,0.45126123903930154,3.384889470717796e-05,166.695486345689,120.0,5469.923887296693,10537.724238026125,229400,0.006319130990021062
odds_100plus_score>=0.5_top1,5783,5783,1.0,578300,1672950,1094650,2.892875670067439,2.70233442849732,140,0.024208888120352757,0.024208888120352757,0.5440941808717552,0.5000002401310523,113.57049974061904,108.4,6169.053659957235,11949.642857142857,110190,0.0658656863624137
odds_100_1000_score>=0.5_top1,5783,5783,1.0,578300,1672950,1094650,2.892875670067439,2.70233442849732,140,0.024208888120352757,0.024208888120352757,0.5440941808717552,0.5000002401310523,113.57049974061904,108.4,6169.053659957235,11949.642857142857,110190,0.0658656863624137
odds_all_top30_by_direct_ticket_score,13326,395511,29.679648806843765,39551100,107451740,67900640,2.7167825926459694,2.7003221149348566,12544,0.03171593204740197,0.9413177247486118,0.3379676076216723,1.5160490568725183e-06,481.20800306439014,222.7,5912.724564738244,8565.986926020409,651030,0.006058813007588337
odds_all_top50_by_direct_expected_return,13326,586858,44.038571214167796,58685800,159040260,100354460,2.710029683500949,2.6989361992168464,10777,0.018363897228971915,0.8087197958877382,0.2251797146959182,1.3730244733451562e-06,1036.8659299183107,455.1,6735.2818765494885,14757.377748909716,651030,0.004093491798869041
odds_10plus_top20_by_direct_ticket_score,13326,265714,19.939516734203814,26571400,71891910,45320510,2.7056124253897047,2.6965963404261726,9345,0.03516939265526092,0.7012606933813598,0.41790922385776985,1.2067853248077654e-05,266.7883498799461,150.8,5495.66682480659,7693.088282504013,239570,0.003332363822299338
odds_10plus_top50_by_direct_expected_return,13326,583220,43.76557106408524,58322000,157915180,99593180,2.7076434278659853,2.696480744830424,8646,0.014824594492644285,0.6488068437640703,0.22044640971000007,1.3730244733451562e-06,1043.3191257158533,459.6,6773.717307300312,18264.536201711773,651030,0.004122656225956238
odds_50_500_top10_by_direct_ticket_score,13325,131270,9.85140712945591,13127000,35394610,22267610,2.696321322465148,2.687927173002209,3438,0.02619029481221909,0.25801125703564726,0.45633182421563606,1.1117716509794324e-05,142.7882326502628,118.9,5317.274756297401,10295.116346713205,110190,0.0031131858777367514
odds_all_expected>=800,13308,656293,49.315674782085964,65629300,177459520,111830220,2.703967892389527,2.685071759107594,11156,0.01699850524079946,0.8382927562368501,0.22898366745903548,0.0008001012962008,1073.3988922630595,446.4,6490.316858145992,15907.092147723199,1240140,0.006988297950991866
odds_10plus_expected>=800,13308,655351,49.24489029155395,65535100,177122370,111587270,2.702709998153661,2.6837867036137886,10782,0.016452252304490267,0.8101893597835889,0.22791146565055673,0.0008001012962008,1074.9287864060634,447.4,6498.377999533537,16427.59877573734,1240140,0.007001600080215729
odds_50_1000_top10_by_direct_ticket_score,13326,133026,9.982440342188204,13302600,35797280,22494680,2.690998752123645,2.682715409017786,3442,0.025874641047614753,0.25829206063334836,0.45154543076277354,1.2067853248077654e-05,152.9918512170553,119.9,5352.736474683684,10400.139453805927,110190,0.0030781668327872955
odds_all_expected>=500,13311,660105,49.59093982420554,66010500,178209400,112198900,2.6997129244589875,2.680925913301672,12169,0.018434945955567675,0.914206295545038,0.23055746402276764,0.0005014560317376,1081.360048174154,445.8,6456.634556199585,14644.539403402086,1240140,0.006958892179649334
odds_all_expected>=300,13317,661742,49.69152211459037,66174200,178493620,112319420,2.6973294728156896,2.6785889364737314,12871,0.01945017846834567,0.9665089734925284,0.23156745497859157,0.0003061916863872,1083.1850039743588,445.2,6441.671525513501,13867.890606790459,1240140,0.006947811355946504
odds_all_expected>=200,13319,662195,49.71807192732187,66219500,178568440,112348940,2.6966141393396206,2.6778864231835033,13160,0.01987330016082876,0.9880621668293416,0.2319458708902283,0.0002009297833442,1083.1619699635305,444.9,6437.440013856122,13569.030395136779,1240140,0.006944900229850247
odds_all_expected>=150,13319,662349,49.7296343569337,66234900,178589900,112355000,2.696311159222706,2.6775877973696645,13279,0.020048343094048605,0.9969967715293941,0.2320880611500692,0.0002009297833442,1083.036087168547,444.8,6435.984960411338,13449.047368024701,1240140,0.006944065705843387
odds_10plus_expected>=500,13311,657226,49.37465254300954,65722600,177211450,111488850,2.696354830758369,2.6774855224838943,10784,0.016408358768521026,0.8101570129967696,0.2272804639096732,0.0005014560317376,1086.0644654958871,449.0,6481.738816460175,16432.8125,1240140,0.00699808054163543
odds_all_expected>=100,13319,662390,49.73271266611607,66239000,178593640,112354640,2.69620072766799,2.6774785247361828,13305,0.020086353960657617,0.998948870035288,0.23211275032649123,0.0001393654795295,1083.036211144492,444.8,6435.594920608956,13423.046974821496,1240140,0.00694392028741897
odds_all_expected>=80,13320,662401,49.72980480480481,66240100,178593640,112353540,2.6961559538708424,2.677434061844713,13305,0.02008602040153925,0.9988738738738738,0.23210903395084462,0.0001393654795295,1083.0356762746433,444.8,6435.489527158083,13423.046974821496,1240140,0.00694392028741897
odds_all_expected>=50,13324,662435,49.71742719903933,66243500,178593640,112350140,2.6960175715353203,2.6772966404250984,13305,0.020084989470665046,0.9985740018012609,0.2320973649623054,7.120309502326525e-05,1083.0621750058497,444.8,6435.162407984573,13423.046974821496,1240140,0.00694392028741897
odds_10plus_top30_by_direct_ticket_score,13326,395026,29.64325378958427,39502600,106358220,66855620,2.6924359409254075,2.6759552535782456,10025,0.025378076379782597,0.7522887588173496,0.3279817046364621,1.5160490568725183e-06,504.65646919443276,228.6,5977.017616887941,10609.298753117208,651030,0.006121106577375966
odds_10plus_expected>=300,13316,657808,49.399819765695405,65780800,177211450,111430650,2.693969212901029,2.675116599372461,10784,0.016393841364045435,0.8098528086512466,0.22708391993575155,0.0003061916863872,1089.6238996789336,449.5,6476.3701179501795,16432.8125,1240140,0.00699808054163543
odds_10plus_expected>=200,13319,657902,49.39575043171409,65790200,177211450,111421250,2.6935843028292967,2.6747343829324124,10784,0.016391499037850622,0.809670395675351,0.22705230311859553,0.0002009297833442,1090.1894466045094,449.5,6475.481281106249,16432.8125,1240140,0.00699808054163543
odds_10plus_expected>=150,13319,657925,49.397477288084694,65792500,177211450,111418950,2.6934901394535853,2.6746408785195883,10784,0.0163909260174032,0.809670395675351,0.22704457892383625,0.0002009297833442,1090.2777799901205,449.5,6475.2611218961465,16432.8125,1240140,0.00699808054163543
odds_10plus_expected>=100,13319,657940,49.39860349876117,65794000,177211450,111417450,2.6934287321032313,2.6745799009028177,10784,0.016390552329999697,0.809670395675351,0.2270395814411286,0.0001393654795295,1090.3204815028726,449.6,6475.116251294838,16432.8125,1240140,0.00699808054163543
odds_10plus_expected>=80,13320,657951,49.39572072072072,65795100,177211450,111416350,2.69338370182582,2.6745351857509148,10784,0.016390278303399494,0.8096096096096096,0.227035924746197,0.0001393654795295,1090.319821232888,449.6,6475.0094842834815,16432.8125,1240140,0.00699808054163543
odds_10plus_expected>=50,13324,657985,49.38344341038727,65798500,177211450,111412950,2.693244526850916,2.6743969847336944,10784,0.016389431370016035,0.8093665565896128,0.22702443898176466,7.120309502326525e-05,1090.346122783954,449.6,6474.6781106682065,16432.8125,1240140,0.00699808054163543
odds_all_top100_by_direct_ticket_score,13326,659797,49.512006603631995,65979700,177510930,111531230,2.6903870432875565,2.6715912621609372,13300,0.020157715176031415,0.9980489269098004,0.2328926346778357,1.3730244733451562e-06,1063.3469809653577,441.1,6425.4334851228305,13346.686466165413,1240140,0.00698627402830913
odds_all_expected>=1000,13308,653253,49.08724075743913,65325300,175650260,110324960,2.6888550071718003,2.6698709382123007,10717,0.01640558864635907,0.8053050796513376,0.22836823310028959,0.0010000111184665,1064.7194087130101,446.1,6516.320916899765,16389.872165718018,1240140,0.007060279899386428
odds_10plus_expected>=1000,13308,653253,49.08724075743913,65325300,175650260,110324960,2.6888550071718003,2.6698709382123007,10717,0.01640558864635907,0.8053050796513376,0.22836823310028959,0.0010000111184665,1064.7194087130101,446.1,6516.320916899765,16389.872165718018,1240140,0.007060279899386428
odds_all_top75_by_direct_expected_return,13326,639647,47.9999249587273,63964700,171546650,107581950,2.681895639313559,2.6697195484384357,12754,0.019939122672348968,0.9570763920156086,0.23248224575374576,1.3730244733451562e-06,1040.084114675751,442.5,6528.247680302919,13450.419476242747,778840,0.004540106146054149
odds_10plus_top100_by_direct_ticket_score,13326,655360,49.17904847666217,65536000,176128740,110592740,2.687511291503906,2.6685882568359376,10779,0.01644744873046875,0.8088698784331382,0.22780032011128845,1.3730244733451562e-06,1070.6527481079102,445.8,6464.997098888181,16339.988867241858,1240140,0.007041099595670758
odds_10plus_top75_by_direct_expected_return,13326,635319,47.675146330481766,63531900,170212630,106680730,2.6791679455517623,2.666908907178913,10304,0.01621862402981809,0.7732252739006453,0.22737439190755193,1.3730244733451562e-06,1047.1285360582638,447.2,6568.70530764864,16519.082880434784,778840,0.004575688654831313
odds_all_top100_by_direct_expected_return,13326,659797,49.512006603631995,65979700,177092750,111113050,2.6840490332632614,2.665253252136642,13209,0.020019793966932254,0.9912201710941018,0.2316792866615779,1.3730244733451562e-06,1079.043603562914,444.6,6443.402767205346,13406.976304035128,1240140,0.007002771146757843
odds_30plus_top50_by_direct_expected_return,13326,574903,43.14145279903947,57490300,153743320,96253020,2.6742480035762557,2.662923832368243,6384,0.011104481973480743,0.4790634849167042,0.2098305468308532,1.3730244733451562e-06,1058.8584945634304,470.5,6844.9588569761445,24082.600250626565,651030,0.004234525441495604
odds_10plus_top100_by_direct_expected_return,13326,655360,49.17904847666217,65536000,175716080,110180080,2.681214599609375,2.6622915649414063,10696,0.01632080078125,0.8026414527990394,0.22659798392655423,1.3730244733451562e-06,1086.3081800842285,449.4,6483.018991676737,16428.20493642483,1240140,0.007057635248862825
odds_all_top75_by_direct_ticket_score,13326,639647,47.9999249587273,63964700,170561710,106597010,2.6664974587545944,2.6563195012248944,13267,0.020741127528152246,0.9955725649107009,0.23918227293245947,1.3730244733451562e-06,957.31555029571,420.3,6412.137914744771,12856.087284239089,651030,0.003816976272107028
odds_10plus_top75_by_direct_ticket_score,13326,635319,47.675146330481766,63531900,169179520,105647620,2.66290666578522,2.652659372693088,10746,0.016914337521780398,0.8063935164340387,0.23393494005836935,1.3730244733451562e-06,965.0418471665414,425.1,6452.662077344208,15743.487809417458,651030,0.0038481608175741366
odds_all_top50_by_direct_ticket_score,13326,586858,44.038571214167796,58685800,156269300,97583500,2.6628128099131305,2.6517193256290277,13139,0.022388720951235223,0.9859672820051028,0.2551053399784431,1.3730244733451562e-06,860.2010755583121,370.8,6316.003541506177,11893.545931958291,651030,0.004166077406118796
odds_100_1000_expected>=100_top1,13306,13306,1.0,1330600,3623050,2292450,2.7228693822335788,2.6480986021343753,84,0.006312941530136781,0.006312941530136781,0.21090077733644275,0.030675490110876,554.0565759807605,517.6,9840.26620593314,43131.54761904762,99490,0.027460288983039153
odds_100_1000_expected>=150_top1,13306,13306,1.0,1330600,3623050,2292450,2.7228693822335788,2.6480986021343753,84,0.006312941530136781,0.006312941530136781,0.21090077733644275,0.030675490110876,554.0565759807605,517.6,9840.26620593314,43131.54761904762,99490,0.027460288983039153
odds_100_1000_expected>=200_top1,13306,13306,1.0,1330600,3623050,2292450,2.7228693822335788,2.6480986021343753,84,0.006312941530136781,0.006312941530136781,0.21090077733644275,0.030675490110876,554.0565759807605,517.6,9840.26620593314,43131.54761904762,99490,0.027460288983039153
odds_100_1000_expected>=300_top1,13306,13306,1.0,1330600,3623050,2292450,2.7228693822335788,2.6480986021343753,84,0.006312941530136781,0.006312941530136781,0.21090077733644275,0.030675490110876,554.0565759807605,517.6,9840.26620593314,43131.54761904762,99490,0.027460288983039153
odds_100_1000_expected>=500_top1,13306,13306,1.0,1330600,3623050,2292450,2.7228693822335788,2.6480986021343753,84,0.006312941530136781,0.006312941530136781,0.21090077733644275,0.030675490110876,554.0565759807605,517.6,9840.26620593314,43131.54761904762,99490,0.027460288983039153
odds_100_1000_expected>=800_top1,13306,13306,1.0,1330600,3623050,2292450,2.7228693822335788,2.6480986021343753,84,0.006312941530136781,0.006312941530136781,0.21090077733644275,0.030675490110876,554.0565759807605,517.6,9840.26620593314,43131.54761904762,99490,0.027460288983039153
odds_100_1000_expected>=1000_top1,13306,13306,1.0,1330600,3623050,2292450,2.7228693822335788,2.6480986021343753,84,0.006312941530136781,0.006312941530136781,0.21090077733644275,0.030675490110876,554.0565759807605,517.6,9840.26620593314,43131.54761904762,99490,0.027460288983039153
odds_100_1000_expected>=80_top1,13307,13307,1.0,1330700,3623050,2292350,2.722664762906741,2.647899601713384,84,0.00631246712256707,0.00631246712256707,0.21088507591282993,0.0019619333207316,554.0463440294582,517.6,9839.532886852021,43131.54761904762,99490,0.027460288983039153
odds_100_1000_expected>=50_top1,13309,13309,1.0,1330900,3623050,2292150,2.722255616500113,2.6475016905853184,84,0.006311518521301375,0.006311518521301375,0.2108540429632261,0.0019619333207316,553.9831542565181,517.5,9838.062478665355,43131.54761904762,99490,0.027460288983039153
odds_10plus_top50_by_direct_ticket_score,13326,583220,43.76557106408524,58322000,154925000,96603000,2.6563732382291416,2.6452105551935805,10619,0.01820753746442166,0.7968632748011406,0.2492668388260129,1.3730244733451562e-06,868.9289633414492,375.9,6360.35455564836,14589.415199171297,651030,0.004202226883976118
odds_50plus_top50_by_direct_expected_return,13326,560291,42.04494972234729,56029100,148854850,92825750,2.6567417645473514,2.645122266822062,5120,0.009138108590000553,0.3842113162239232,0.19378232133105147,1.3730244733451562e-06,1087.9386934646461,490.7,6942.325419818202,29073.212890625,651030,0.0043735894396454
odds_100_1000_top1_by_direct_expected_return,13326,13326,1.0,1332600,3623050,2290450,2.718782830556806,2.644124268347591,84,0.006303466906798739,0.006303466906798739,0.21058555864231657,3.620140577564885e-05,553.9858547200961,517.6,9825.532596291927,43131.54761904762,99490,0.027460288983039153
odds_30plus_expected>=800,13306,642935,48.31917931760108,64293500,171122050,106828550,2.661576209103564,2.642287478516491,7542,0.011730579296507422,0.5668119645272809,0.21432583746298095,0.0008001012962008,1095.3020263323663,461.3,6588.264420301012,22689.21373640944,1240140,0.007247108131301606
odds_30plus_expected>=500,13306,644807,48.45986772884413,64480700,171211130,106730430,2.655230634903157,2.635997903248569,7544,0.011699624848985821,0.5669622726589508,0.21372150983569585,0.0005014560317376,1106.5979552020992,462.9,6571.071515072082,22695.00662778367,1240140,0.007243337509658397
odds_30plus_expected>=300,13308,645385,48.49601743312294,64538500,171211130,106672630,2.652852638347653,2.633637131324713,7544,0.011689146788351139,0.5668770664262098,0.21353359902899335,0.0003061916863872,1110.2141109570257,463.3,6565.5572068524225,22695.00662778367,1240140,0.007243337509658397
odds_30plus_expected>=200,13311,645477,48.49199909848997,64547700,171211130,106663430,2.652474526590413,2.633261758358547,7544,0.011687480731304137,0.5667493050860191,0.21350372653110375,0.0002009297833442,1110.7909146259276,463.5,6564.6579732500095,22695.00662778367,1240140,0.007243337509658397
odds_30plus_expected>=150,13312,645500,48.49008413461539,64550000,171211130,106661130,2.652380015491867,2.633167931835786,7544,0.011687064291247095,0.5667067307692307,0.21349633640937557,0.0002009297833442,1110.8802142525174,463.5,6564.43039879265,22695.00662778367,1240140,0.007243337509658397
odds_30plus_expected>=100,13314,645515,48.483926693705875,64551500,171211130,106659630,2.6523183814473716,2.633106744227477,7544,0.01168679271589351,0.5666216013219167,0.21349155755817156,0.0001393654795295,1110.9232589482815,463.5,6564.280667643754,22695.00662778367,1240140,0.007243337509658397
odds_30plus_expected>=80,13316,645526,48.477470711925505,64552600,171211130,106658530,2.6522731849685375,2.6330618751219936,7544,0.011686593568655639,0.5665364974466807,0.2134880613429545,0.0001393654795295,1110.9222348906164,463.5,6564.170326200546,22695.00662778367,1240140,0.007243337509658397
odds_30plus_expected>=50,13322,645560,48.45818946104188,64556000,171211130,106655130,2.6521334964991636,2.6329231984633497,7544,0.011685978065555486,0.5662813391382675,0.21347706804511335,7.120309502326525e-05,1110.947957587211,463.5,6563.827878810882,22695.00662778367,1240140,0.007243337509658397
odds_30plus_expected>=1000,13306,641003,48.17398166240794,64100300,169711920,105611620,2.647599465213111,2.6282525978817572,7538,0.011759695352439849,0.5665113482639411,0.21494306952182524,0.0010000111184665,1084.683197426533,459.7,6605.393372478811,22514.184133722472,1240140,0.0073073240818912425
odds_50plus_expected>=800,13306,620584,46.639410792123854,62058400,164318260,102259860,2.647800458922563,2.6278170239645235,5804,0.0093524808889691,0.43619419810611754,0.1942916654601234,0.0008001012962008,1133.3144057855181,486.6,6715.511356888304,28311.20951068229,1240140,0.0075471831310774595
odds_30plus_top75_by_direct_expected_return,13326,623606,46.79618790334684,62360600,164568070,102207470,2.638975090040827,2.6264857939147475,7233,0.011598669672838298,0.5427735254389915,0.21406357990705907,1.3730244733451562e-06,1067.164066574087,460.8,6657.460197772944,22752.39458039541,778840,0.004732631305696178
odds_100_1000_top1_by_direct_ticket_score,13326,13326,1.0,1332600,3610210,2277610,2.7091475311421283,2.6264595527540147,290,0.021761969082995648,0.021761969082995648,0.47206063934303305,0.0001115624930262,126.78017409575267,116.4,5821.979659671142,12449.0,110190,0.03052177020173342
odds_30plus_top100_by_direct_ticket_score,13326,643135,48.26166891790485,64313500,170128420,105814920,2.6452987319925056,2.6260159997512185,7539,0.011722266709166816,0.5657361548851868,0.2141526713475532,1.3730244733451562e-06,1092.2960919558102,459.7,6554.178201260725,22566.44382544104,1240140,0.0072894346517765815
odds_50plus_expected>=500,13306,622456,46.7800992033669,62245600,164407340,102161740,2.6412684591360676,2.6213451231894305,5806,0.009327566928425462,0.4363445062377875,0.19372588938217172,0.0005014560317376,1144.9016261390361,488.0,6697.318405246354,28316.799862211505,1240140,0.007543093878898594
odds_30plus_top100_by_direct_expected_return,13326,643135,48.26166891790485,64313500,169789690,105476190,2.6400318751117573,2.6207491428704706,7494,0.011652296951650898,0.5623592976136875,0.21317167041442187,1.3730244733451562e-06,1106.8653556407287,463.2,6571.219462365769,22656.75073392047,1240140,0.0073039770553795106
odds_50plus_expected>=300,13306,623032,46.82338794528784,62303200,164407340,102104140,2.6388265771260544,2.61892166052466,5806,0.009318943489258978,0.4363445062377875,0.19355004197793788,0.0003061916863872,1148.6155627640312,488.6,6691.509502877143,28316.799862211505,1240140,0.007543093878898594
odds_50plus_expected>=200,13308,623122,46.82311391644124,62312200,164407340,102095140,2.638445440860698,2.618543399205934,5806,0.00931759751701914,0.4362789299669372,0.19352247564507008,0.0002009297833442,1149.210948578288,488.7,6690.580117910437,28316.799862211505,1240140,0.007543093878898594
odds_50plus_expected>=150,13310,623143,46.81765589782119,62314300,164407340,102093040,2.6383565249068033,2.6184551539534264,5806,0.009317283512773151,0.43621337340345606,0.1935160395439642,0.0002009297833442,1149.3055987149019,488.7,6690.360672090177,28316.799862211505,1240140,0.007543093878898594
odds_50plus_expected>=100,13311,623156,46.815115318157915,62315600,164407340,102091740,2.6383014847004604,2.618400528920527,5806,0.009317089139798061,0.43618060250920293,0.1935120729671403,0.0001393654795295,1149.3528516134002,488.7,6690.223641495122,28316.799862211505,1240140,0.007543093878898594
odds_50plus_expected>=80,13313,623165,46.808758356493655,62316500,164407340,102090840,2.63826338128746,2.618362712925148,5806,0.009316954578642896,0.43611507549012246,0.1935093381321375,0.0001393654795295,1149.35469017034,488.7,6690.128293889071,28316.799862211505,1240140,0.007543093878898594
odds_50plus_expected>=50,13317,623194,46.796876173312306,62319400,164407340,102087940,2.638140611109863,2.6182408688145267,5806,0.009316521019136898,0.4359840804986108,0.19350047398893824,7.120309502326525e-05,1149.3881349948813,488.7,6689.819879928776,28316.799862211505,1240140,0.007543093878898594
odds_100plus_top1_by_direct_ticket_score,13326,13326,1.0,1332600,3593190,2260590,2.696375506528591,2.6136875281404772,289,0.021686927810295662,0.021686927810295662,0.4720826954174305,0.0001115624930262,127.78713042173194,116.4,5835.686558848337,12433.18339100346,110190,0.03066634383375218
odds_50plus_expected>=1000,13306,618652,46.49421313693071,61865200,162908130,101042930,2.6332757349850966,2.613229893381093,5800,0.009375222257424206,0.4358935818427777,0.19486863212491368,0.0010000111184665,1122.4306435605154,485.1,6733.656535137648,28087.608620689654,1240140,0.00761251141977997
odds_50plus_top75_by_direct_expected_return,13326,602978,45.24823653009155,60297800,158211780,97913980,2.62384000742979,2.6109234499434475,5608,0.009300505159392217,0.42083145730151583,0.19462060668089612,1.3730244733451562e-06,1105.5676376252534,485.4,6780.246622767847,28211.800998573468,778840,0.00492276870913152
odds_50plus_top100_by_direct_ticket_score,13326,621290,46.62239231577367,62129000,163413490,101284490,2.6302288786235093,2.6102681517487807,5802,0.009338634132208791,0.43538946420531294,0.19397924687722998,1.3730244733451562e-06,1133.9282758454185,485.6,6680.10873629538,28165.027576697692,1240140,0.007588969552024132
odds_30plus_top75_by_direct_ticket_score,13326,623606,46.79618790334684,62360600,163279160,100918560,2.6183064306629507,2.607866665811426,7507,0.01203804966597499,0.5633348341587874,0.21982066724706817,1.3730244733451562e-06,987.5794840011162,438.7,6544.571971459282,21750.254429199413,651030,0.0039872204144117355
odds_50plus_top100_by_direct_expected_return,13326,621290,46.62239231577367,62129000,163054680,100925680,2.6244536367879734,2.6044929099132452,5774,0.009293566611405301,0.43328830856971334,0.1933982926504774,1.3730244733451562e-06,1145.7165434821097,488.2,6694.705521251044,28239.466574298578,1240140,0.007605669460085414
odds_30plus_top50_by_direct_ticket_score,13326,574903,43.14145279903947,57490300,149838330,92348030,2.60632367547221,2.5949995042641976,7387,0.012849124113111255,0.5543298814347891,0.2331856232103397,1.3730244733451562e-06,894.0922186873264,391.9,6462.896623440375,20284.05712738595,651030,0.004344882914805577
odds_100plus_top50_by_direct_expected_return,13326,525163,39.408899894942216,52516300,136853460,84337160,2.6059234942294105,2.5935267716880284,3367,0.006411342764056112,0.2526639651808495,0.1592352582071885,1.3730244733451562e-06,1164.1194086407459,545.5,7086.917389198184,40645.518265518265,651030,0.004757132190885053
odds_50plus_top75_by_direct_ticket_score,13326,602978,45.24823653009155,60297800,156549120,96251320,2.596265867079728,2.5854689557496293,5770,0.00956917167790533,0.4329881434789134,0.19888921303769672,1.3730244733451562e-06,1031.2830977249582,465.2,6676.562544196856,27131.563258232236,651030,0.004158630850176609
odds_100plus_expected>=800,13306,571898,42.98045994288291,57189800,149029130,91839330,2.60586905357249,2.584184417501023,3670,0.006417228246995093,0.27581542161430933,0.1573896821894231,0.0008001012962008,1223.4826491786996,545.5,6897.677375993371,40607.392370572205,1240140,0.008321460374894491
odds_50_1000_expected>=300_top1,13306,13306,1.0,1330600,3536620,2206020,2.6579137231324212,2.5831429430332182,83,0.006237787464301819,0.006237787464301819,0.2156293040554431,0.0415670742480092,551.0743649481437,516.55,9848.031260527829,42609.87951807229,99490,0.028131379678902457
odds_50_1000_expected>=500_top1,13306,13306,1.0,1330600,3536620,2206020,2.6579137231324212,2.5831429430332182,83,0.006237787464301819,0.006237787464301819,0.2156293040554431,0.0415670742480092,551.0743649481437,516.55,9848.031260527829,42609.87951807229,99490,0.028131379678902457
odds_50_1000_expected>=800_top1,13306,13306,1.0,1330600,3536620,2206020,2.6579137231324212,2.5831429430332182,83,0.006237787464301819,0.006237787464301819,0.2156293040554431,0.0415670742480092,551.0743649481437,516.55,9848.031260527829,42609.87951807229,99490,0.028131379678902457
odds_50_1000_expected>=1000_top1,13306,13306,1.0,1330600,3536620,2206020,2.6579137231324212,2.5831429430332182,83,0.006237787464301819,0.006237787464301819,0.2156293040554431,0.0415670742480092,551.0743649481437,516.55,9848.031260527829,42609.87951807229,99490,0.028131379678902457
odds_50_1000_expected>=200_top1,13307,13307,1.0,1330700,3536620,2205920,2.6577139851206133,2.582948823927256,83,0.006237318704441271,0.006237318704441271,0.21561626599226308,0.0415670742480092,551.0369129029834,516.5,9847.30788210379,42609.87951807229,99490,0.028131379678902457
odds_50_1000_expected>=100_top1,13308,13308,1.0,1330800,3536620,2205820,2.6575142771265403,2.5827547339945895,83,0.006236850015028554,0.006236850015028554,0.2156018357243964,0.0235782612222569,551.0012774271115,516.5,9846.58153503166,42609.87951807229,99490,0.028131379678902457
odds_50_1000_expected>=150_top1,13308,13308,1.0,1330800,3536620,2205820,2.6575142771265403,2.5827547339945895,83,0.006236850015028554,0.006236850015028554,0.2156018357243964,0.0235782612222569,551.0012774271115,516.5,9846.58153503166,42609.87951807229,99490,0.028131379678902457
odds_50_1000_expected>=80_top1,13309,13309,1.0,1330900,3536620,2205720,2.6573145991434366,2.582560673228642,83,0.0062363813960477875,0.0062363813960477875,0.21558679216465917,0.0153870991822171,550.9644977083177,516.5,9845.848801477296,42609.87951807229,99490,0.028131379678902457
odds_50_1000_expected>=50_top1,13311,13311,1.0,1331100,3536620,2205520,2.6569153331830817,2.5821726391706106,83,0.006235444369318608,0.006235444369318608,0.21555554200364682,0.0055195336634706,550.8933213131996,516.4,9844.377532440541,42609.87951807229,99490,0.028131379678902457
odds_50_1000_top1_by_direct_expected_return,13326,13326,1.0,1332600,3536620,2204020,2.653924658562209,2.579266096352994,83,0.0062284256340987545,0.0062284256340987545,0.2153158530033039,8.196950517511168e-05,550.5660963529942,516.25,9833.320842679648,42609.87951807229,99490,0.028131379678902457
odds_100plus_expected>=500,13306,573769,43.121073200060124,57376900,149118210,91741310,2.5989241314884564,2.5773102067208233,3672,0.006399788068020405,0.27596572974597927,0.15689642824864547,0.0005014560317376,1235.7609260869792,547.0,6877.3573769260065,40609.53431372549,1240140,0.00831648931408176
odds_50plus_top50_by_direct_ticket_score,13326,560291,42.04494972234729,56029100,144987970,88958870,2.5877261994213723,2.576106701696083,5667,0.010114386988190066,0.42525889239081494,0.20946640243474918,1.3730244733451562e-06,937.6469249015245,422.2,6611.535919239679,25584.607376036703,651030,0.00449023460360194
odds_100plus_top100_by_direct_ticket_score,13326,573756,43.05538045925259,57375600,149026320,91650720,2.5973814652918663,2.575767050802083,3671,0.006398190171431758,0.2754765120816449,0.15683765251895646,1.3730244733451562e-06,1231.8328109858546,545.8,6860.172175992837,40595.56524107872,1240140,0.008321617282101578
odds_100plus_expected>=300,13306,574345,43.16436194198106,57434500,149118210,91683710,2.5963177184444888,2.5747254698830844,3672,0.006393369838685808,0.27596572974597927,0.15674260991586333,0.0003061916863872,1239.698570545578,547.5,6870.875498423397,40609.53431372549,1240140,0.00831648931408176
odds_30_500_top20_by_direct_ticket_score,13325,242392,18.19076923076923,24239200,62517480,38278280,2.5791890821479257,2.574643140037625,6114,0.025223604739430344,0.4588367729831144,0.41124632305904646,3.1594342455866743e-06,178.1273301099046,151.2,5343.271750583722,10225.299313052012,110190,0.0017625470508408209
odds_100plus_expected>=200,13307,574434,43.16780641767491,57443400,149118210,91674810,2.5959154576504875,2.574326554486677,3672,0.006392379281170683,0.27594499135793193,0.15671867346925492,0.0002009297833442,1240.3322160596344,547.5,6869.850812701634,40609.53431372549,1240140,0.00831648931408176
odds_100plus_expected>=150,13308,574454,43.166065524496545,57445400,149118210,91672810,2.5958250791186064,2.5742369275868913,3672,0.006392156726213065,0.27592425608656446,0.1567132690485468,0.0002009297833442,1240.433582845624,547.6,6869.617857510097,40609.53431372549,1240140,0.00831648931408176
odds_100plus_expected>=100,13311,574465,43.15716324844114,57446500,149118210,91671710,2.595775373608488,2.5741876354521165,3672,0.00639203432759176,0.27586206896551724,0.15671028018463745,0.0001393654795295,1240.486848807151,547.6,6869.488631936757,40609.53431372549,1240140,0.00831648931408176
odds_100plus_expected>=80,13312,574472,43.15444711538461,57447200,149118210,91671010,2.5957437438204125,2.5741562687128354,3672,0.006391956440000557,0.27584134615384615,0.1567083795557793,0.0001393654795295,1240.4915362280494,547.6,6869.405992037552,40609.53431372549,1240140,0.00831648931408176
odds_100plus_expected>=50,13317,574495,43.13997146504468,57449500,149118210,91668710,2.595639822800895,2.574053211951366,3672,0.00639170053699336,0.2757377787790043,0.15670215124295211,7.120309502326525e-05,1240.5355381683044,547.6,6869.133483159913,40609.53431372549,1240140,0.00831648931408176
odds_30plus_top30_by_direct_ticket_score,13326,394188,29.580369203061682,39418800,102074590,62655790,2.5894900402853462,2.5729743168234447,6817,0.017293778603103088,0.5115563559957977,0.30235497761623714,1.5160490568725183e-06,544.07733568754,245.8,6137.991960011284,14973.535279448437,651030,0.00637798300242989
odds_100plus_top100_by_direct_expected_return,13326,573756,43.05538045925259,57375600,148715330,91339730,2.5919612169633086,2.570346802473525,3661,0.006380761159796151,0.27472609935464504,0.15666334214134442,1.3730244733451562e-06,1238.6219872210486,547.3,6868.62625297202,40621.50505326413,1240140,0.008339019252420043
odds_100_1000_top3_by_direct_ticket_score,13326,39976,2.9998499174546,3997600,10385000,6387400,2.5978086852111266,2.5702446467880726,775,0.019386631979187514,0.05815698634248837,0.42490716295100933,3.4323584620133306e-05,145.19554982989797,128.3,5813.4411621169465,13400.0,110190,0.010610495907558979
odds_100plus_expected>=1000,13306,569971,42.83563805801894,56997100,147619000,90621900,2.589938786359306,2.5681808372706683,3666,0.006431906184700625,0.2755148053509695,0.1578904880633209,0.0010000111184665,1211.9649154079768,544.1,6917.937306564998,40267.0485542826,1240140,0.008400951097081
odds_100plus_top3_by_direct_ticket_score,13326,39976,2.9998499174546,3997600,10374500,6376900,2.595182109265559,2.5676180708425056,774,0.01936161697018211,0.058081945069788386,0.4250020177592705,8.196950517511168e-05,148.95241895137084,128.3,5862.705503948759,13403.74677002584,110190,0.010621234758301604
odds_100plus_top75_by_direct_expected_return,13326,558554,41.91460303166742,55855400,143841130,87985730,2.5752412479366362,2.561297385749632,3573,0.006396874787397458,0.26812246735704637,0.15812588479789574,1.3730244733451562e-06,1200.6361089527602,544.2,6950.62690518045,40257.80296669465,778840,0.0054145848270240925
odds_30plus_top20_by_direct_ticket_score,13326,265515,19.924583520936515,26551500,68040210,41488710,2.5625749957629513,2.5535521533623338,6165,0.02321902717360601,0.46262944619540747,0.3828404970861354,1.2067853248077654e-05,295.8525194433459,165.3,5727.158504297238,11036.530413625303,239570,0.0035210061814917974
odds_50plus_top30_by_direct_ticket_score,13326,392664,29.466006303466905,39266400,100435380,61168980,2.5577944502169796,2.5412146262453397,5157,0.0131333659311778,0.3869878433138226,0.26552219031364505,1.5160490568725183e-06,607.530059032659,278.2,6370.913379765356,19475.543920884236,651030,0.00648207832737826
odds_100plus_top75_by_direct_ticket_score,13326,558554,41.91460303166742,55855400,142486230,86630830,2.550983969320782,2.5370401071337776,3643,0.006522198390844932,0.2733753564460453,0.16030516315928678,1.3730244733451562e-06,1135.9888461992932,527.2,6865.88806385587,39112.33324183365,778840,0.005466072054822421
odds_100_1000_expected>=500_top2,13306,26611,1.999924845934165,2661100,6845920,4184820,2.572590282214122,2.535056931344181,162,0.0060877080906392095,0.012174958665263792,0.21104114649194802,0.0182979366612303,530.9577204915262,497.3,9264.69118115236,42258.765432098764,99880,0.014589711828359081
odds_100_1000_expected>=800_top2,13306,26611,1.999924845934165,2661100,6845920,4184820,2.572590282214122,2.535056931344181,162,0.0060877080906392095,0.012174958665263792,0.21104114649194802,0.0182979366612303,530.9577204915262,497.3,9264.69118115236,42258.765432098764,99880,0.014589711828359081
odds_100_1000_expected>=1000_top2,13306,26611,1.999924845934165,2661100,6845920,4184820,2.572590282214122,2.535056931344181,162,0.0060877080906392095,0.012174958665263792,0.21104114649194802,0.0182979366612303,530.9577204915262,497.3,9264.69118115236,42258.765432098764,99880,0.014589711828359081
odds_100_1000_expected>=100_top2,13306,26612,2.0,2661200,6845920,4184720,2.572493611904404,2.5349616714264243,162,0.006087479332631896,0.012174958665263792,0.2110337127983253,0.0132156918032848,530.9492747632647,497.3,9264.358247637474,42258.765432098764,99880,0.014589711828359081
odds_100_1000_expected>=150_top2,13306,26612,2.0,2661200,6845920,4184720,2.572493611904404,2.5349616714264243,162,0.006087479332631896,0.012174958665263792,0.2110337127983253,0.0132156918032848,530.9492747632647,497.3,9264.358247637474,42258.765432098764,99880,0.014589711828359081
odds_100_1000_expected>=200_top2,13306,26612,2.0,2661200,6845920,4184720,2.572493611904404,2.5349616714264243,162,0.006087479332631896,0.012174958665263792,0.2110337127983253,0.0132156918032848,530.9492747632647,497.3,9264.358247637474,42258.765432098764,99880,0.014589711828359081
odds_100_1000_expected>=300_top2,13306,26612,2.0,2661200,6845920,4184720,2.572493611904404,2.5349616714264243,162,0.006087479332631896,0.012174958665263792,0.2110337127983253,0.0132156918032848,530.9492747632647,497.3,9264.358247637474,42258.765432098764,99880,0.014589711828359081
odds_100_1000_expected>=80_top2,13307,26613,1.9999248515818742,2661300,6845920,4184620,2.5723969488595797,2.5348664186675687,162,0.00608725059181603,0.012174043736379349,0.21102585679639096,0.0019619333207316,530.945026866569,497.3,9264.01321441859,42258.765432098764,99880,0.014589711828359081
odds_100_1000_expected>=50_top2,13309,26616,1.999849725749493,2661600,6845920,4184320,2.572107003306282,2.534580703336339,162,0.006086564472497746,0.012172214291081224,0.2110026104778084,0.0019619333207316,530.8991358581304,497.15,9262.975334243816,42258.765432098764,99880,0.014589711828359081
odds_100plus_top2_by_direct_ticket_score,13326,26652,2.0,2665200,6860120,4194920,2.5739606783731053,2.5326166891790485,535,0.020073540447245984,0.04014708089449197,0.4459688251983658,9.516391161255971e-05,138.41938316073842,122.4,5837.8469402295095,12822.654205607476,110190,0.01606240124079462
odds_100_1000_top2_by_direct_ticket_score,13326,26652,2.0,2665200,6860120,4194920,2.5739606783731053,2.5326166891790485,535,0.020073540447245984,0.04014708089449197,0.44592074173452856,8.196950517511168e-05,136.0520373705538,122.4,5807.868620308908,12822.654205607476,110190,0.01606240124079462
odds_50_1000_expected>=300_top2,13306,26612,2.0,2661200,6836180,4174980,2.5688336088982413,2.5313016684202614,171,0.006425672628889223,0.012851345257778446,0.21742050753436917,0.0205957016653691,526.7654366451226,493.65,9275.54167073003,39977.66081871345,99880,0.014610498845846658
odds_50_1000_expected>=500_top2,13306,26612,2.0,2661200,6836180,4174980,2.5688336088982413,2.5313016684202614,171,0.006425672628889223,0.012851345257778446,0.21742050753436917,0.0205957016653691,526.7654366451226,493.65,9275.54167073003,39977.66081871345,99880,0.014610498845846658
odds_50_1000_expected>=800_top2,13306,26612,2.0,2661200,6836180,4174980,2.5688336088982413,2.5313016684202614,171,0.006425672628889223,0.012851345257778446,0.21742050753436917,0.0205957016653691,526.7654366451226,493.65,9275.54167073003,39977.66081871345,99880,0.014610498845846658
odds_50_1000_expected>=1000_top2,13306,26612,2.0,2661200,6836180,4174980,2.5688336088982413,2.5313016684202614,171,0.006425672628889223,0.012851345257778446,0.21742050753436917,0.0205957016653691,526.7654366451226,493.65,9275.54167073003,39977.66081871345,99880,0.014610498845846658
odds_50_1000_expected>=200_top2,13307,26613,1.9999248515818742,2661300,6836180,4174880,2.5687370833803027,2.5312065531882912,171,0.006425431180250254,0.012850379499511535,0.21741392095223958,0.0205957016653691,526.7476233419758,493.6,9275.201479579131,39977.66081871345,99880,0.014610498845846658
odds_100_1000_top2_by_direct_expected_return,13326,26652,2.0,2665200,6845920,4180720,2.568632748011406,2.531157136425034,162,0.006078343088698784,0.012156686177397569,0.21071840338441844,2.620749696286124e-05,530.91252063635,497.3,9250.484450640315,42258.765432098764,99880,0.014589711828359081
odds_50_1000_expected>=150_top2,13308,26614,1.9998497144574692,2661400,6836180,4174780,2.5686405651161044,2.5311114451040804,171,0.0064251897497557674,0.01284941388638413,0.21740663773063704,0.0205957016653691,526.7307169159089,493.55,9274.859775196725,39977.66081871345,99880,0.014610498845846658
odds_50_1000_expected>=100_top2,13308,26616,2.0,2661600,6836180,4174580,2.5684475503456565,2.5309212503757137,171,0.006424706943192065,0.01284941388638413,0.21739169374346626,0.0137098438618715,526.696498346859,493.5,9274.172342984952,39977.66081871345,99880,0.014610498845846658
odds_50_1000_expected>=80_top2,13309,26617,1.9999248628747464,2661700,6836180,4174480,2.5683510538377727,2.530826163729947,171,0.006424465567118759,0.012848448418363514,0.21738410443608525,0.0137098438618715,526.6790209264756,493.5,9273.827467841886,39977.66081871345,99880,0.014610498845846658
odds_50_1000_expected>=50_top2,13311,26620,1.99984974832845,2662000,6836180,4174180,2.5680616078136738,2.5305409466566493,171,0.00642374154770849,0.012846517917511832,0.2173605718841152,0.0055195336634706,526.6278700225395,493.5,9272.78890028698,39977.66081871345,99880,0.014610498845846658
odds_50_1000_top2_by_direct_expected_return,13326,26652,2.0,2665200,6836180,4170980,2.564978238030917,2.5275026264445444,171,0.0064160288158487165,0.012832057631697433,0.21710243630286905,8.196950517511168e-05,526.2687490619841,493.3,9261.678559706212,39977.66081871345,99880,0.014610498845846658
odds_100plus_top50_by_direct_ticket_score,13326,525163,39.408899894942216,52516300,132808480,80292180,2.528900170042444,2.5165034475010617,3567,0.006792176905075186,0.2676722197208465,0.16710789864521422,1.3730244733451562e-06,1031.5357704179467,491.0,6822.302928391017,37232.54275301374,651030,0.004902021316711101
odds_100plus_top5_by_direct_ticket_score,13326,66617,4.999024463454901,6661700,16991880,10330180,2.5506822582824205,2.5162466037197713,1165,0.017488028581293065,0.08742308269548252,0.39072618153144534,5.630591350947533e-05,171.3790353813591,141.8,5929.167990410426,14585.304721030043,229400,0.013500566152774148
odds_100_1000_top5_by_direct_ticket_score,13326,66610,4.998499174546001,6661000,16860590,10199590,2.531240054045939,2.5146974928689385,1165,0.017489866386428465,0.08742308269548252,0.3905738943634718,1.825891546543702e-05,164.81608917579945,141.8,5847.989016045232,14472.609442060086,110190,0.006535358489827461
odds_100_1000_expected>=1000_top3,13306,39911,2.9994739215391553,3991100,10098650,6107550,2.530292400591316,2.505266718448548,259,0.0064894390017789585,0.019464903051255072,0.21139753184705892,0.0165228440099801,513.6080303675678,476.9,8867.126831729061,38990.92664092664,99880,0.009890430899179594
odds_100_1000_expected>=500_top3,13306,39914,2.9996993837366603,3991400,10098650,6107250,2.5301022197725107,2.50507841859999,259,0.006488951245177131,0.019464903051255072,0.21138362289170784,0.0116843980680268,513.6061206594177,476.9,8866.531422418391,38990.92664092664,99880,0.009890430899179594
odds_100_1000_expected>=800_top3,13306,39914,2.9996993837366603,3991400,10098650,6107250,2.5301022197725107,2.50507841859999,259,0.006488951245177131,0.019464903051255072,0.21138362289170784,0.0116843980680268,513.6061206594177,476.9,8866.531422418391,38990.92664092664,99880,0.009890430899179594
odds_100_1000_expected>=100_top3,13306,39916,2.99984969186833,3991600,10098650,6107050,2.5299754484417276,2.504952901092294,259,0.006488626114841166,0.019464903051255072,0.21137364309665524,0.0111980546601203,513.5954153722818,476.9,8866.105540278486,38990.92664092664,99880,0.009890430899179594
odds_100_1000_expected>=150_top3,13306,39916,2.99984969186833,3991600,10098650,6107050,2.5299754484417276,2.504952901092294,259,0.006488626114841166,0.019464903051255072,0.21137364309665524,0.0111980546601203,513.5954153722818,476.9,8866.105540278486,38990.92664092664,99880,0.009890430899179594
odds_100_1000_expected>=200_top3,13306,39916,2.99984969186833,3991600,10098650,6107050,2.5299754484417276,2.504952901092294,259,0.006488626114841166,0.019464903051255072,0.21137364309665524,0.0111980546601203,513.5954153722818,476.9,8866.105540278486,38990.92664092664,99880,0.009890430899179594
odds_100_1000_expected>=300_top3,13306,39916,2.99984969186833,3991600,10098650,6107050,2.5299754484417276,2.504952901092294,259,0.006488626114841166,0.019464903051255072,0.21137364309665524,0.0111980546601203,513.5954153722818,476.9,8866.105540278486,38990.92664092664,99880,0.009890430899179594
odds_100_1000_expected>=80_top3,13307,39917,2.9996994063274967,3991700,10098650,6106950,2.529912067540146,2.5048901470551392,259,0.006488463561890923,0.0194634402945818,0.21136839691809034,0.0019619333207316,513.5930180123756,476.9,8865.885480746285,38990.92664092664,99880,0.009890430899179594
odds_100_1000_expected>=50_top3,13309,39921,2.9995491772484786,3992100,10098650,6106550,2.5296585756869816,2.5046391623456326,259,0.0064878134315272664,0.01946051544067924,0.21134759576215215,0.0007170864680792,513.5712031261742,476.9,8865.002800291903,38990.92664092664,99880,0.009890430899179594
odds_100_1000_top3_by_direct_expected_return,13326,39976,2.9998499174546,3997600,10098650,6101050,2.5261782069241545,2.5011932159295576,259,0.00647888733239944,0.019435689629296114,0.21105753959427964,2.620749696286124e-05,513.5218330998599,476.9,8852.825797722491,38990.92664092664,99880,0.009890430899179594
odds_50_1000_expected>=1000_top3,13306,39916,2.99984969186833,3991600,10078190,6086590,2.524849684337108,2.4998271369876743,278,0.006964625713999399,0.020892830302119345,0.21897248980560396,0.0205957016653691,508.7225648862611,474.05,8881.248263849186,36252.482014388486,99880,0.009910509724464413
odds_50_1000_expected>=300_top3,13306,39918,3.0,3991800,10078190,6086390,2.5247231825241747,2.499701888872188,278,0.006964276767373115,0.020892830302119345,0.21896320580274758,0.0205957016653691,508.7125858008918,474.0,8880.849591593178,36252.482014388486,99880,0.009910509724464413
odds_50_1000_expected>=500_top3,13306,39918,3.0,3991800,10078190,6086390,2.5247231825241747,2.499701888872188,278,0.006964276767373115,0.020892830302119345,0.21896320580274758,0.0205957016653691,508.7125858008918,474.0,8880.849591593178,36252.482014388486,99880,0.009910509724464413
odds_50_1000_expected>=800_top3,13306,39918,3.0,3991800,10078190,6086390,2.5247231825241747,2.499701888872188,278,0.006964276767373115,0.020892830302119345,0.21896320580274758,0.0205957016653691,508.7125858008918,474.0,8880.849591593178,36252.482014388486,99880,0.009910509724464413
odds_50_1000_expected>=200_top3,13307,39919,2.9998497031637483,3991900,10078190,6086290,2.5246599363711515,2.4996392695207796,278,0.006964102307172024,0.02089126023897197,0.21895877604728062,0.0205957016653691,508.7011623537663,474.0,8880.632681975709,36252.482014388486,99880,0.009910509724464413
odds_50_1000_expected>=150_top3,13308,39920,2.9996994289149383,3992000,10078190,6086190,2.5245966933867736,2.499576653306613,278,0.006963927855711423,0.020889690411782385,0.21895388174580704,0.0205957016653691,508.69034318637273,474.0,8880.414757335533,36252.482014388486,99880,0.009910509724464413
odds_50_1000_expected>=100_top3,13308,39922,2.9998497144574694,3992200,10078190,6085990,2.524470216923,2.4994514302890636,278,0.006963578979009068,0.020889690411782385,0.21894384107523526,0.0137098438618715,508.66843344521817,474.0,8879.976207019597,36252.482014388486,99880,0.009910509724464413
odds_50_1000_expected>=80_top3,13309,39925,2.9998497257494927,3992500,10078190,6085690,2.524280525986224,2.4992636192861615,278,0.006963055729492799,0.02088812082049741,0.21892824612751846,0.0019619333207316,508.64352661239826,474.0,8879.31558510783,36252.482014388486,99880,0.009910509724464413
odds_50_1000_expected>=50_top3,13311,39929,2.9996994966569,3992900,10078190,6085290,2.524027649077112,2.4990132485161163,278,0.006962358185779759,0.020884982345428592,0.2189072546557656,0.0019619333207316,508.59940143755165,474.0,8878.432061396998,36252.482014388486,99880,0.009910509724464413
odds_50_1000_expected>=1000_top5,13306,66514,4.9987975349466405,6651400,16711910,10060510,2.5125402170971527,2.497523829569715,496,0.007457076705655952,0.03727641665414099,0.22158012782330477,0.0134269585934367,485.0420257389422,448.1,8331.921910841564,33693.36693548387,99880,0.005976575986826162
odds_50_1000_expected>=800_top5,13306,66520,4.999248459341651,6652000,16711910,10059910,2.5123135898977753,2.4972985568250152,496,0.007456404088995791,0.03727641665414099,0.22156212603079675,0.010466009399862,485.0473872519542,448.1,8331.254652086058,33693.36693548387,99880,0.005976575986826162
odds_50_1000_expected>=500_top5,13306,66524,4.99954907560499,6652400,16711910,10059510,2.5121625278095125,2.4971483975708013,496,0.007455955745294931,0.03727641665414099,0.22154963085925455,0.010466009399862,485.0472957128254,448.1,8330.792973073576,33693.36693548387,99880,0.005976575986826162
odds_50_500_top20_by_direct_ticket_score,13325,236158,17.722926829268292,23615800,59081540,35465740,2.5017801641274064,2.497114220140753,4498,0.019046570516349223,0.3375609756097561,0.3640800592065484,3.1594342455866743e-06,199.6483354364451,173.2,5607.701292592544,13135.068919519787,110190,0.0018650495569343657
odds_50_1000_expected>=300_top5,13306,66527,4.999774537802495,6652700,16711910,10059210,2.5120492431644297,2.497035789980008,496,0.0074556195229004765,0.03727641665414099,0.22154008006469508,0.0047427108381095,485.05053136320583,448.1,8330.437206845756,33693.36693548387,99880,0.005976575986826162
odds_50_1000_expected>=200_top5,13307,66528,4.99947396107312,6652800,16711910,10059110,2.512011483886484,2.4969982563732565,496,0.007455507455507456,0.03727361539039603,0.22153738333124834,0.0047427108381095,485.04403258778257,448.1,8330.315327296768,33693.36693548387,99880,0.005976575986826162
odds_50_1000_expected>=150_top5,13308,66529,4.99917342951608,6652900,16711910,10059010,2.5119737257436605,2.496960723894843,496,0.0074553953914834135,0.037270814547640516,0.22153440779994454,0.0047427108381095,485.0378962557682,448.1,8330.19283583769,33693.36693548387,99880,0.005976575986826162
odds_50_1000_expected>=100_top5,13308,66531,4.999323715058611,6653100,16711910,10058810,2.5118982128631764,2.496885662322827,496,0.007455171273541657,0.037270814547640516,0.22152830531083909,0.0047427108381095,485.0254603117344,448.1,8329.946223553641,33693.36693548387,99880,0.005976575986826162
odds_50_1000_expected>=80_top5,13309,66534,4.99917349162221,6653400,16711910,10058510,2.5117849520545885,2.496773078426068,496,0.007454835121892566,0.03726801412577955,0.22151883073122114,0.0019619333207316,485.01158054528514,448.1,8329.574605435433,33693.36693548387,99880,0.005976575986826162
odds_50_1000_expected>=50_top5,13311,66543,4.9990984899707005,6654300,16711910,10057610,2.5114452309033255,2.49643538764408,496,0.007453826848804532,0.037262414544361806,0.22148997269761533,0.0007170864680792,484.9667342921118,448.0,8328.45618213817,33693.36693548387,99880,0.005976575986826162
odds_50_1000_top3_by_direct_expected_return,13326,39978,3.0,3997800,10078190,6080390,2.520934013707539,2.4959502726499574,278,0.006953824603531942,0.02086147381059583,0.2186413499943604,3.29311051065835e-05,508.334178798339,473.8,8867.571410011718,36252.482014388486,99880,0.009910509724464413
odds_50_1000_top5_by_direct_expected_return,13326,66627,4.9997748761819,6662700,16711910,10049210,2.508278925960947,2.4932880063637866,496,0.007444429435514131,0.037220471259192554,0.22121256543131354,2.620749696286124e-05,484.7576192834736,447.8,8317.975136088307,33693.36693548387,99880,0.005976575986826162
odds_30_500_top30_by_direct_ticket_score,13325,307750,23.095684803001877,30775000,76738970,45963970,2.493548984565394,2.4899684809098295,6589,0.021410235580828593,0.494484052532833,0.3651506796645807,3.1594342455866743e-06,210.26004516653128,187.4,5472.861763783592,11646.52754590985,110190,0.0014359066847000944
odds_50plus_top20_by_direct_ticket_score,13326,265195,19.90057031367252,26519500,66201700,39682200,2.496340428741115,2.4873066988442467,4561,0.01719866513320387,0.34226324478463155,0.3336393137868835,1.2067853248077654e-05,343.38904315692224,192.4,6051.8319338571855,14514.733611050207,239570,0.003618789245593391
odds_100plus_top30_by_direct_ticket_score,13326,388756,29.172745009755367,38875600,96817080,57941480,2.490433073701756,2.4736865797569685,3186,0.008195371904227845,0.23908149482215219,0.20141704791999704,1.5160490568725183e-06,749.403036866312,358.0,6707.779154862369,30388.28625235405,651030,0.006724330045896861
odds_100_1000_expected>=1000_top5,13306,66483,4.996467758905757,6648300,16492090,9843790,2.4806476843704406,2.4656242949325393,443,0.006663357550050389,0.03329325116488802,0.21122667101574036,0.0119041579179646,492.19811681181653,453.2,8312.57765827676,37228.194130925505,99880,0.006056236656481986
odds_100_1000_expected>=800_top5,13306,66496,4.997444761761611,6649600,16492090,9842490,2.4801627165543794,2.4651422641963427,443,0.006662054860442733,0.03329325116488802,0.21119009104284533,0.0095906828101172,492.1994556063523,453.2,8311.134231272063,37228.194130925505,99880,0.006056236656481986
odds_100_1000_expected>=500_top5,13306,66505,4.998121148354126,6650500,16492090,9841590,2.4798270806706264,2.464808661002932,443,0.006661153296744606,0.03329325116488802,0.2111635935060816,0.0095906828101172,492.19683031351025,453.2,8310.100018257932,37228.194130925505,99880,0.006056236656481986
odds_100_1000_expected>=300_top5,13306,66509,4.998421764617466,6650900,16492090,9841190,2.4796779383241367,2.464660421897788,443,0.006660752680088409,0.03329325116488802,0.21115150201265304,0.0047427108381095,492.19675983701455,453.2,8309.625087133922,37228.194130925505,99880,0.006056236656481986
odds_100_1000_expected>=100_top5,13306,66510,4.9984969186833,6651000,16492090,9841090,2.4796406555405204,2.4646233649075326,443,0.006660652533453616,0.03329325116488802,0.21114838822452678,0.0040534537373654,492.19955044354236,453.2,8309.504280007282,37228.194130925505,99880,0.006056236656481986
odds_100_1000_expected>=150_top5,13306,66510,4.9984969186833,6651000,16492090,9841090,2.4796406555405204,2.4646233649075326,443,0.006660652533453616,0.03329325116488802,0.21114838822452678,0.0040534537373654,492.19955044354236,453.2,8309.504280007282,37228.194130925505,99880,0.006056236656481986
odds_100_1000_expected>=200_top5,13306,66510,4.9984969186833,6651000,16492090,9841090,2.4796406555405204,2.4646233649075326,443,0.006660652533453616,0.03329325116488802,0.21114838822452678,0.0040534537373654,492.19955044354236,453.2,8309.504280007282,37228.194130925505,99880,0.006056236656481986
odds_100_1000_expected>=80_top5,13307,66511,4.998196437964981,6651100,16492090,9840990,2.479603373878005,2.464586309031589,443,0.006660552389830253,0.03329074922972872,0.21114524308379964,0.0019619333207316,492.1984333418532,453.2,8309.380578437818,37228.194130925505,99880,0.006056236656481986
odds_100_1000_expected>=50_top5,13309,66516,4.997821023367646,6651600,16492090,9840490,2.479416982380179,2.4644010463647845,443,0.006660051716880149,0.033285746487339396,0.21112967531334914,0.0007170864680792,492.18090684947987,453.2,8308.760226573171,37228.194130925505,99880,0.006056236656481986
odds_50_1000_top20_by_direct_ticket_score,13326,258245,19.379033468407624,25824500,63673990,37849490,2.465642703634146,2.461375825282193,4555,0.01763828922147573,0.34181299714843166,0.3405127796174557,3.6709071950251855e-06,246.86212898604037,187.7,5676.804937372624,13978.922063666301,110190,0.0017305339275895857
odds_100_1000_top5_by_direct_expected_return,13326,66610,4.998499174546001,6661000,16492090,9831090,2.475918030325777,2.4609232847920732,443,0.006650653055096832,0.03324328380609335,0.21083233979916347,1.5446773609917904e-05,492.19450382825397,453.2,8297.053229819523,37228.194130925505,99880,0.006056236656481986
odds_30_500_expected>=1000,13305,338058,25.408342728297633,33805800,82998770,49192970,2.4551636109779977,2.4519041111288598,6769,0.020023191286702283,0.5087561067267944,0.34666602740151814,0.0206231998355848,225.5186124866147,205.8,5502.894430300865,12261.599940907076,110190,0.0013276100356667936
odds_30_500_expected>=800,13305,338374,25.43209319804585,33837400,82998770,49161370,2.4528707879447,2.449614332070431,6769,0.020004492070903792,0.5087561067267944,0.346372537843603,0.0164920084496407,225.6142806480403,205.9,5498.605070570827,12261.599940907076,110190,0.0013276100356667936
odds_30_500_expected>=500,13305,338664,25.453889515219842,33866400,83032680,49166280,2.451771667493445,2.4485180001417333,6770,0.019990314884369167,0.5088312664411875,0.3460939007884279,0.0109488096828572,225.72039602674033,206.0,5494.468405528825,12264.7976366322,110190,0.001327067848466411
odds_30_500_expected>=300,13307,338742,25.45592545276922,33874200,83032680,49158480,2.4512071133783233,2.4479541952282267,6770,0.019985711839689203,0.5087547907116555,0.34601777688412194,0.0067916687834281,225.74627297471233,206.1,5493.298175921002,12264.7976366322,110190,0.001327067848466411
odds_30_500_expected>=200,13309,338756,25.453152002404387,33875600,83032680,49157080,2.4511058106719883,2.447853026957456,6770,0.01998488587656012,0.5086783379667894,0.34600423643146644,0.0045319060557604,225.74823471761385,206.1,5493.081459724904,12264.7976366322,110190,0.001327067848466411
odds_30_500_expected>=150,13309,338761,25.453527688030658,33876100,83032680,49156580,2.4510696331632036,2.4478168974586803,6770,0.019984590906273154,0.5086783379667894,0.3459994832121529,0.0034927524933691,225.74770797110645,206.1,5493.002952300488,12264.7976366322,110190,0.001327067848466411
odds_30_500_expected>=100,13311,338765,25.45000375629179,33876500,83032680,49156180,2.4510406919250807,2.4477879946275443,6770,0.019984354936312784,0.5086019081962286,0.3459957247917863,0.0034927524933691,225.7456475728012,206.1,5492.939517512803,12264.7976366322,110190,0.001327067848466411
odds_30_500_top50_by_direct_ticket_score,13325,338243,25.384090056285178,33824300,82903730,49079430,2.4510109595763994,2.447753242491345,6767,0.02000632681238045,0.5078424015009381,0.34617103944166405,3.1594342455866743e-06,225.20789698530348,205.5,5486.803248207861,12251.179252253583,110190,0.0013291319944229289
odds_30_500_expected>=80,13312,338770,25.448467548076923,33877000,83032680,49155680,2.451004516338519,2.44775186704844,6770,0.0199840599816985,0.5085637019230769,0.34599087896340236,0.0019619333207316,225.74408920506536,206.1,5492.859770180493,12264.7976366322,110190,0.001327067848466411
odds_30_500_expected>=50,13317,338785,25.440039047833597,33878500,83032680,49154180,2.4508959959856544,2.447643490709447,6770,0.019983175170093126,0.5083727566268679,0.34597601774671466,0.0019619333207316,225.73719290995766,206.1,5492.619212160453,12264.7976366322,110190,0.001327067848466411
odds_30_500_top50_by_direct_expected_return,13325,338243,25.384090056285178,33824300,82822580,48998280,2.4486117968442804,2.4453540797592264,6739,0.01992354608964561,0.5057410881801125,0.34528916029480555,3.1594342455866743e-06,225.8838893931286,206.3,5490.680917866422,12290.040065291587,110190,0.0013304342849498288
odds_30_500_top75_by_direct_ticket_score,13325,339237,25.458686679174484,33923700,83032680,49108980,2.4476304176726007,2.444382246040379,6770,0.01995654955090394,0.5080675422138837,0.3455161035681264,3.1594342455866743e-06,225.751088177292,206.1,5485.311879965269,12264.7976366322,110190,0.001327067848466411
odds_30_500_top100_by_direct_ticket_score,13325,339237,25.458686679174484,33923700,83032680,49108980,2.4476304176726007,2.444382246040379,6770,0.01995654955090394,0.5080675422138837,0.3455161035681264,3.1594342455866743e-06,225.751088177292,206.1,5485.311879965269,12264.7976366322,110190,0.001327067848466411
odds_30_500_top75_by_direct_expected_return,13325,339237,25.458686679174484,33923700,83032680,49108980,2.4476304176726007,2.444382246040379,6770,0.01995654955090394,0.5080675422138837,0.3455161035681264,3.1594342455866743e-06,225.751088177292,206.1,5485.311879965269,12264.7976366322,110190,0.001327067848466411
odds_30_500_top100_by_direct_expected_return,13325,339237,25.458686679174484,33923700,83032680,49108980,2.4476304176726007,2.444382246040379,6770,0.01995654955090394,0.5080675422138837,0.3455161035681264,3.1594342455866743e-06,225.751088177292,206.1,5485.311879965269,12264.7976366322,110190,0.001327067848466411
odds_50_500_top30_by_direct_ticket_score,13325,292763,21.970956848030017,29276300,71575820,42299520,2.444838316317294,2.441074521028955,4899,0.01673367194625004,0.3676547842401501,0.32922714068297476,3.1594342455866743e-06,227.0966727352842,205.6,5666.116376431074,14610.291896305369,110190,0.0015394863796181447
odds_30_500_top30_by_direct_expected_return,13325,307750,23.095684803001877,30775000,75185920,44410920,2.443084321689683,2.4395038180341184,5768,0.018742485783915516,0.43287054409005626,0.3360343015346106,3.1594342455866743e-06,231.6587311129163,213.6,5637.616041128989,13035.00693481276,110190,0.0014655669572175216
odds_50_500_expected>=1000_top5,13305,66425,4.992484028560692,6642500,16132570,9490070,2.4286894994354533,2.4206985321791494,710,0.010688746706812195,0.053363397219090565,0.2880244151925718,0.0221001136982649,295.3576680466692,289.0,7425.845553218602,22721.929577464787,53080,0.003290238319127083
odds_30_500_expected>=1000_top5,13305,66467,4.995640736565201,6646700,16140670,9493970,2.428373478568312,2.4203875607444294,729,0.010967848706877097,0.054791431792559186,0.29077580596844793,0.0237993700020091,294.26406938781656,288.2,7425.855320953022,22140.836762688614,53080,0.0032885871528257503
odds_30_500_expected>=800_top5,13305,66480,4.996617812852311,6648000,16140670,9492670,2.4278986161251503,2.419914259927798,729,0.010965703971119133,0.054791431792559186,0.29072477714111244,0.0191298785826351,294.2722803850782,288.2,7424.58036842996,22140.836762688614,53080,0.0032885871528257503
odds_50_500_expected>=800_top5,13305,66448,4.994212701991732,6644800,16132570,9487770,2.4278488442090054,2.419860642908741,710,0.01068504695400915,0.053363397219090565,0.28793695586349033,0.0191298785826351,295.36364676137737,289.1,7423.590325513104,22721.929577464787,53080,0.003290238319127083
odds_30_500_expected>=500_top5,13305,66490,4.997369409996242,6649000,16140670,9491670,2.4275334636787487,2.41955030831704,729,0.010964054745074447,0.054791431792559186,0.2906840131425504,0.0126337985569255,294.28337494360056,288.2,7423.564181317688,22140.836762688614,53080,0.0032885871528257503
odds_30_500_expected>=300_top5,13307,66494,4.996918914856843,6649400,16140670,9491270,2.427387433452642,2.419404758324059,729,0.010963395193551297,0.05478319681370707,0.29067033444659857,0.0113047802790886,294.2774521009414,288.2,7423.141350779846,22140.836762688614,53080,0.0032885871528257503
odds_30_500_expected>=200_top5,13309,66497,4.996393417987828,6649700,16140670,9490970,2.427277922312285,2.419295607320631,729,0.010962900581981141,0.054774964309865504,0.2906596706012457,0.0113047802790886,294.26616839857434,288.2,7422.8170298259665,22140.836762688614,53080,0.0032885871528257503
odds_50_500_expected>=500_top5,13305,66465,4.9954904171364145,6646500,16132570,9486070,2.427227864289476,2.4192417061611375,710,0.010682313999849544,0.053363397219090565,0.2878685207702294,0.0126337985569255,295.37918904686677,289.1,7421.863531974568,22721.929577464787,53080,0.003290238319127083
odds_30_500_expected>=150_top5,13309,66500,4.996618829363588,6650000,16140670,9490670,2.4271684210526314,2.4191864661654137,729,0.010962406015037594,0.054774964309865504,0.29064821948465874,0.0113047802790886,294.255207518797,288.2,7422.489877877312,22140.836762688614,53080,0.0032885871528257503
odds_50_500_expected>=300_top5,13305,66468,4.995715896279594,6646800,16132570,9485770,2.427118312571463,2.419132514894385,710,0.010681831858939641,0.053363397219090565,0.28785603420699957,0.0091282054676021,295.381887524824,289.1,7421.546426227617,22721.929577464787,53080,0.003290238319127083
odds_50_500_expected>=200_top5,13306,66469,4.995415601984067,6646900,16132570,9485670,2.4270817975296755,2.4190961199957877,710,0.010681671154974499,0.053359386742822784,0.2878523373823612,0.0091282054676021,295.3782364711369,289.1,7421.438112399301,22721.929577464787,53080,0.003290238319127083
odds_50_500_expected>=150_top5,13307,66470,4.9951153528218235,6647000,16132570,9485570,2.4270452835865806,2.419059726192267,710,0.010681510455844742,0.0533553768693169,0.28784836154249116,0.0091282054676021,295.3749480968858,289.1,7421.329185709574,22721.929577464787,53080,0.003290238319127083
odds_30_500_expected>=100_top5,13311,66504,4.996168582375479,6650400,16140670,9490270,2.4270224347407674,2.4190409599422593,729,0.010961746661854926,0.05476673427991886,0.2906324036507151,0.0113047802790886,294.2405915433658,288.2,7422.050694767238,22140.836762688614,53080,0.0032885871528257503
odds_50_500_expected>=100_top5,13307,66472,4.995265649658075,6647200,16132570,9485370,2.426972258996269,2.418986941870261,710,0.010681189072090504,0.0533553768693169,0.2878402583921397,0.0091282054676021,295.36820766638584,289.1,7421.109700293615,22721.929577464787,53080,0.003290238319127083
odds_50_500_expected>=80_top5,13308,66475,4.995115719867749,6647500,16132570,9485070,2.4268627303497556,2.4188777735990974,710,0.010680707032719068,0.05335136759843703,0.2878277827616088,0.0019619333207316,295.3628747649492,289.1,7420.7787679084,22721.929577464787,53080,0.003290238319127083
odds_30_500_expected>=80_top5,13312,66509,4.9961688701923075,6650900,16140670,9489770,2.4268399765445277,2.4188591017756997,729,0.010960922581906209,0.054762620192307696,0.2906118830493542,0.0019619333207316,294.22750454825666,288.2,7421.49946772048,22140.836762688614,53080,0.0032885871528257503
odds_50_500_expected>=50_top5,13310,66484,4.99504132231405,6648400,16132570,9484170,2.426534203718188,2.418550327898442,710,0.010679261175621202,0.05334335086401202,0.2877899894875834,0.0019619333207316,295.33312676734255,289.05,7419.782365905445,22721.929577464787,53080,0.003290238319127083
odds_30_500_expected>=50_top5,13317,66520,4.99511902080048,6652000,16140670,9488670,2.426438665063139,2.4184591100420927,729,0.010959110042092603,0.05474205902230232,0.29056579466005406,0.0019619333207316,294.187990078172,288.2,7420.282218923663,22140.836762688614,53080,0.0032885871528257503
odds_30_500_top5_by_direct_expected_return,13325,66592,4.997523452157599,6659200,16140670,9481470,2.423815172993753,2.4158442455550215,729,0.010947260932244114,0.05470919324577861,0.2902546450914603,1.586403279695833e-05,293.99417647765495,288.0,7412.27718028894,22140.836762688614,53080,0.0032885871528257503
odds_50_500_top5_by_direct_expected_return,13325,66568,4.995722326454033,6656800,16132570,9475770,2.4234722389135923,2.415498437687778,710,0.010665785362336257,0.05328330206378987,0.2874288288457978,1.586403279695833e-05,295.1318876937868,288.85,7410.43608211247,22721.929577464787,53080,0.003290238319127083
odds_50_500_expected>=1000,13305,315707,23.72844795189778,31570700,76194980,44624280,2.4134713516013266,2.4099810900613545,5031,0.015935661863690068,0.37812852311161216,0.31665417776592214,0.0206231998355848,238.66163879799942,220.2,5676.182663531661,15145.096402305704,110190,0.001446158263969621
odds_50_500_expected>=800,13305,316023,23.752198421645996,31602300,76194980,44592680,2.4110580559009946,2.407571284368543,5031,0.015919727361616086,0.37812852311161216,0.31636994057057527,0.0164920084496407,238.7509311031159,220.3,5671.416659503496,15145.096402305704,110190,0.001446158263969621
odds_50_500_expected>=500,13305,316313,23.773994738819994,31631300,76228890,44597590,2.4099196049482634,2.4064360301347083,5032,0.015908293367645338,0.37820368282600525,0.3160991215196837,0.0109488096828572,238.8525008456813,220.5,5666.829257497967,15148.825516693163,110190,0.0014455149484663885
odds_50_500_top50_by_direct_ticket_score,13325,316136,23.725028142589117,31613600,76179080,44565480,2.4096932965559126,2.4062077713389174,5031,0.015914036996735582,0.3775609756097561,0.31600749400455913,3.1594342455866743e-06,238.48903921097252,220.1,5658.988919547783,15141.935996819719,110190,0.0014464601042700961
odds_50_500_expected>=300,13305,316389,23.779706877113867,31638900,76228890,44589990,2.409340716649441,2.4058579786275756,5032,0.01590447202652431,0.37820368282600525,0.31602628954089096,0.0067916687834281,238.87828369507162,220.5,5665.5674544941,15148.825516693163,110190,0.0014455149484663885
odds_50_500_expected>=200,13306,316401,23.77882158424771,31640100,76228890,44588790,2.4092493386556932,2.4057667327220837,5032,0.01590386882468766,0.3781752592815271,0.31601473540022923,0.0045319060557604,238.88106074253875,220.5,5665.362096212278,15148.825516693163,110190,0.0014455149484663885
odds_50_500_expected>=150,13307,316404,23.777260088675135,31640400,76228890,44588490,2.4092264952402624,2.4057439223271513,5032,0.015903718031377606,0.3781468400090178,0.3160118431174217,0.0034927524933691,238.88155554291345,220.5,5665.310081389298,15148.825516693163,110190,0.0014455149484663885
odds_50_500_expected>=100,13307,316406,23.777410385511384,31640600,76228890,44588290,2.409211266537297,2.405728715637504,5032,0.015903617504092842,0.3781468400090178,0.31600996274987714,0.0034927524933691,238.8804965771825,220.5,5665.275070686716,15148.825516693163,110190,0.0014455149484663885
odds_50_500_expected>=80,13308,316409,23.7758491133153,31640900,76228890,44587990,2.4091884238438226,2.405705905963484,5032,0.015903466715548546,0.3781184250075143,0.3160070746314841,0.0019619333207316,238.87991175977928,220.5,5665.222192208486,15148.825516693163,110190,0.0014455149484663885
odds_50_500_expected>=50,13310,316419,23.773027798647632,31641900,76228890,44586990,2.4091122846605293,2.405629876840518,5032,0.01590296410771793,0.37806160781367393,0.3159973437504691,0.0019619333207316,238.87503847746189,220.5,5665.04503395485,15148.825516693163,110190,0.0014455149484663885
odds_50_500_top50_by_direct_expected_return,13325,316136,23.725028142589117,31613600,76087870,44474270,2.406808145861275,2.4033226206442797,5020,0.015879241845281777,0.37673545966228894,0.31555853962228425,3.1594342455866743e-06,238.91971176961815,220.6,5661.175593812177,15156.946215139442,110190,0.0014481940419675304
odds_100plus_top10_by_direct_ticket_score,13326,133041,9.983565961278703,13304100,32200860,18896760,2.42037116377658,2.4031283589269474,1884,0.014161048097954767,0.14137775776677172,0.3281764636368686,2.5808459245652907e-05,241.48282258852532,176.0,6143.424460166148,17091.751592356686,229400,0.007124033333271223
odds_50_500_top75_by_direct_ticket_score,13325,316855,23.778986866791744,31685500,76228890,44543390,2.405797288980764,2.4023196730365624,5032,0.015881081251676636,0.3776360225140713,0.3155633640027428,3.1594342455866743e-06,238.88114784365087,220.6,5657.260446963011,15148.825516693163,110190,0.0014455149484663885
odds_50_500_top100_by_direct_ticket_score,13325,316855,23.778986866791744,31685500,76228890,44543390,2.405797288980764,2.4023196730365624,5032,0.015881081251676636,0.3776360225140713,0.3155633640027428,3.1594342455866743e-06,238.88114784365087,220.6,5657.260446963011,15148.825516693163,110190,0.0014455149484663885
odds_50_500_top75_by_direct_expected_return,13325,316855,23.778986866791744,31685500,76228890,44543390,2.405797288980764,2.4023196730365624,5032,0.015881081251676636,0.3776360225140713,0.3155633640027428,3.1594342455866743e-06,238.88114784365087,220.6,5657.260446963011,15148.825516693163,110190,0.0014455149484663885
odds_50_500_top100_by_direct_expected_return,13325,316855,23.778986866791744,31685500,76228890,44543390,2.405797288980764,2.4023196730365624,5032,0.015881081251676636,0.3776360225140713,0.3155633640027428,3.1594342455866743e-06,238.88114784365087,220.6,5657.260446963011,15148.825516693163,110190,0.0014455149484663885
odds_50_500_top30_by_direct_expected_return,13325,292763,21.970956848030017,29276300,70386350,41110050,2.404209206764516,2.400445411476177,4521,0.015442525182485492,0.33928705440900564,0.3125378626462195,3.1594342455866743e-06,242.0313277292554,224.5,5768.927742139349,15568.75691218757,110190,0.0015655024020992706
odds_30_500_top20_by_direct_expected_return,13325,242392,18.19076923076923,24239200,58275640,34036440,2.404189907257665,2.3996439651473644,3901,0.016093765470807618,0.2927579737335835,0.318810194948992,3.1594342455866743e-06,244.66711525132843,230.0,5959.806203586702,14938.641374006666,110190,0.0018908415248635622
odds_30_500_expected>=1000_top10,13305,131535,9.886133032694476,13153500,31352940,18199440,2.3836195689360244,2.3771285209259894,1648,0.012528984680883416,0.12386320931980459,0.2990788387733531,0.0209270823969368,270.6951024442164,260.6,6704.157768900375,19024.84223300971,85380,0.0027231895956168705
odds_30_500_expected>=800_top10,13305,131640,9.894024802705749,13164000,31352940,18188940,2.381718322698268,2.375232452142206,1648,0.012518991188088727,0.12386320931980459,0.2988661074865685,0.018165944859302,270.7368406259496,260.7,6699.537902839143,19024.84223300971,85380,0.0027231895956168705
odds_100_1000_top10_by_direct_ticket_score,13326,132645,9.953849617289508,13264500,31599980,18335480,2.3822971088243055,2.373989973236835,1883,0.014195785743902898,0.14130271649407175,0.3284447781393711,1.1117716509794324e-05,216.7225413698217,175.6,5923.531552867811,16781.72065852363,110190,0.0034870275234351413
odds_30_500_expected>=500_top10,13305,131728,9.900638857572341,13172800,31352940,18180140,2.380127231871736,2.3736456941576582,1648,0.01251062796064618,0.12386320931980459,0.2986799980150293,0.0113557756766452,270.7979419713349,260.75,6695.506396859871,19024.84223300971,85380,0.0027231895956168705
odds_30_500_expected>=300_top10,13307,131751,9.900879236492072,13175100,31352940,18177840,2.3797117289432337,2.373231322722408,1648,0.01250844395867963,0.12384459307131584,0.2986315006484627,0.0068140342968664,270.8091422455996,260.8,6694.409942608964,19024.84223300971,85380,0.0027231895956168705
odds_30_500_expected>=200_top10,13309,131756,9.899767074911713,13175600,31352940,18177340,2.3796214214153437,2.3731412611190383,1648,0.012507969276541487,0.12382598241791269,0.2986215195921569,0.0053872797013157,270.80522936336865,260.8,6694.164855231643,19024.84223300971,85380,0.0027231895956168705
odds_30_500_expected>=150_top10,13309,131761,9.900142760537982,13176100,31352940,18176840,2.3795311207413423,2.373051206350893,1648,0.012507494630429338,0.12382598241791269,0.2986110969956096,0.0034927524933691,270.8021652841129,260.8,6693.917432469369,19024.84223300971,85380,0.0027231895956168705
odds_30_500_expected>=100_top10,13311,131765,9.89895575088273,13176500,31352940,18176440,2.379458885136417,2.3729791674572156,1648,0.012507114939475582,0.1238073773570731,0.29860287274994024,0.0034927524933691,270.7955003225439,260.8,6693.717886734383,19024.84223300971,85380,0.0027231895956168705
odds_30_500_expected>=80_top10,13312,131770,9.898587740384615,13177000,31352940,18175940,2.37936859679745,2.3728891249905137,1648,0.012506640358199895,0.12379807692307693,0.2985922128347744,0.0019619333207316,270.7897844729453,260.8,6693.467299380563,19024.84223300971,85380,0.0027231895956168705
odds_30_500_expected>=50_top10,13317,131785,9.895997597056395,13178500,31352940,18174440,2.379097772887658,2.372619038585575,1648,0.012505216830443526,0.1237515957047383,0.2985594035066746,0.0019619333207316,270.76692870964075,260.7,6692.712231946808,19024.84223300971,85380,0.0027231895956168705
odds_30_500_top10_by_direct_expected_return,13325,131952,9.902589118198874,13195200,31352940,18157740,2.3760867588213896,2.369616224081484,1648,0.012489390081241664,0.12367729831144465,0.2981836748148094,1.1117716509794324e-05,270.6404851764278,260.6,6684.258769886828,19024.84223300971,85380,0.0027231895956168705
odds_50_500_top20_by_direct_expected_return,13325,236158,17.722926829268292,23615800,56027700,32411900,2.372466738370074,2.367800794383421,3320,0.014058384640791335,0.24915572232645403,0.304597243807222,3.1594342455866743e-06,251.07447768019716,236.3,6034.593037683308,16875.81325301205,110190,0.0019667057544750185
odds_50_500_expected>=1000_top10,13305,130789,9.830063885757234,13078900,30997760,17918860,2.370058644075572,2.3635305721429174,1551,0.011858795464450374,0.1165727170236753,0.2932010869735649,0.0209270823969368,273.27114742065464,262.5,6721.608530870064,19985.660863958736,85380,0.002754392575463517
odds_50_1000_expected>=1000_top10,13306,132641,9.96851044641515,13264100,31449050,18184950,2.3709901161782554,2.3634600161337747,1110,0.00836845319320572,0.08342101307680745,0.22568447577057743,0.0108515877626824,450.26836573910026,406.6,7505.082339469214,28332.477477477478,99880,0.0031759305924980246
odds_50_1000_expected>=800_top10,13306,132729,9.975124004208627,13272900,31449050,18176150,2.3694181377091668,2.3618930301591967,1110,0.008362904866306534,0.08342101307680745,0.2255510575863999,0.0086379940576085,450.300388762064,406.6,7500.708537641876,28332.477477477478,99880,0.0031759305924980246
odds_50_500_expected>=800_top10,13305,130915,9.839534009770762,13091500,30997760,17906260,2.3677775655959974,2.361255776648971,1551,0.011847381889011955,0.1165727170236753,0.29295001443926255,0.0164920084496407,273.31907955543676,262.6,6716.017810174499,19985.660863958736,85380,0.002754392575463517
odds_50_1000_expected>=500_top10,13306,132808,9.98106117540959,13280800,31449050,18168250,2.368008704294922,2.3604880730076503,1110,0.008357930245165953,0.08342101307680745,0.22542551206860048,0.0051042605718742,450.36096394795493,406.7,7496.635897089766,28332.477477477478,99880,0.0031759305924980246
odds_50_1000_expected>=300_top10,13306,132825,9.982338794528784,13282500,31449050,18166550,2.367705627705628,2.3601859589685676,1110,0.008356860530773575,0.08342101307680745,0.22539760419854338,0.0046294366921776,450.3870973084886,406.8,7495.730813294338,28332.477477477478,99880,0.0031759305924980246
odds_50_1000_expected>=200_top10,13307,132827,9.98173893439543,13282700,31449050,18166350,2.3676699767366576,2.3601504212246005,1110,0.008356734700023339,0.08341474411963629,0.2253945580561376,0.0040534537373654,450.3858153839205,406.8,7495.621688764231,28332.477477477478,99880,0.0031759305924980246
odds_50_1000_expected>=150_top10,13308,132828,9.981064021641117,13282800,31449050,18166250,2.3676521516547715,2.3601326527539372,1110,0.008356671786069202,0.08340847610459874,0.22539303867545854,0.0040534537373654,450.38300283072846,406.75,7495.566621002596,28332.477477477478,99880,0.0031759305924980246
odds_50_1000_expected>=100_top10,13308,132830,9.981214307183649,13283000,31449050,18166050,2.367616502296168,2.3600971166152225,1110,0.008356545961002786,0.08340847610459874,0.2253899240028362,0.0040534537373654,450.37729579161334,406.7,7495.455666327898,28332.477477477478,99880,0.0031759305924980246
odds_50_1000_expected>=80_top10,13309,132833,9.980689758809827,13283300,31449050,18165750,2.3675630302710924,2.360043814413587,1110,0.00835635723050748,0.08340220903148246,0.22538509111841457,0.0019619333207316,450.37112615088114,406.7,7495.288375306803,28332.477477477478,99880,0.0031759305924980246
odds_50_1000_expected>=50_top10,13311,132844,9.98001652768387,13284400,31449050,18164650,2.367366986841709,2.3598483936045285,1110,0.008355665291620247,0.08338967771016452,0.22536704375602412,0.0007170864680792,450.34632124898377,406.7,7494.672660987213,28332.477477477478,99880,0.0031759305924980246
odds_50_500_expected>=500_top10,13305,131035,9.848553175497933,13103500,30997760,17894260,2.3656091883847825,2.3590933719998475,1551,0.011836532224214904,0.1165727170236753,0.2927008199409482,0.0113557756766452,273.39329950013354,262.7,6710.478000769613,19985.660863958736,85380,0.002754392575463517
odds_50_500_expected>=300_top10,13305,131066,9.850883126644119,13106600,30997760,17891160,2.3650496696320937,2.3585353943814567,1551,0.01183373262325851,0.1165727170236753,0.29263441318579153,0.0068140342968664,273.41397082385976,262.7,6708.988701611736,19985.660863958736,85380,0.002754392575463517
odds_50_500_expected>=200_top10,13306,131070,9.850443408988426,13107000,30997760,17890760,2.3649774929427023,2.3584634164950025,1551,0.011833371480888075,0.11656395611002555,0.29262598707767223,0.0053872797013157,273.41343022812237,262.7,6708.791064801961,19985.660863958736,85380,0.002754392575463517
odds_50_500_expected>=150_top10,13307,131073,9.849928609002781,13107300,30997760,17890460,2.364923363316625,2.3584094359631655,1551,0.01183310063857545,0.1165551965131134,0.29261954056615214,0.0034927524933691,273.4138342755564,262.7,6708.641621476822,19985.660863958736,85380,0.002754392575463517
odds_50_500_expected>=100_top10,13307,131075,9.850078905839032,13107500,30997760,17890260,2.364887278275796,2.3583734503147054,1551,0.011832920083921419,0.1165551965131134,0.2926153584187693,0.0034927524933691,273.4107510967004,262.7,6708.541188446564,19985.660863958736,85380,0.002754392575463517
odds_50_500_expected>=80_top10,13308,131078,9.84956417192666,13107800,30997760,17889960,2.364833152779261,2.358319473901036,1551,0.01183264926227132,0.11654643823264202,0.2926089222293277,0.0019619333207316,273.4085491081646,262.7,6708.389667788852,19985.660863958736,85380,0.002754392575463517
odds_50_500_expected>=50_top10,13310,131088,9.848835462058602,13108800,30997760,17888960,2.3646527523495666,2.3581395703649455,1551,0.011831746612962286,0.11652892561983472,0.29258721883835476,0.0019619333207316,273.39415202001703,262.7,6707.882467189154,19985.660863958736,85380,0.002754392575463517
odds_100plus_top20_by_direct_ticket_score,13326,264481,19.84699084496473,26448100,62576620,36128520,2.3660157062322056,2.3569575886358565,2718,0.01027673065361973,0.20396217919855922,0.24886487057513176,1.1117716509794324e-05,452.07522808821807,258.7,6525.131200762289,23023.038999264165,239570,0.0038284266551948634
odds_50_1000_top10_by_direct_expected_return,13326,133026,9.982440342188204,13302600,31449050,18146450,2.3641280651902634,2.3566197585434425,1110,0.00834423345812097,0.08329581269698334,0.22506014472493446,8.631054935495771e-06,450.223862252492,406.6,7484.437110612698,28332.477477477478,99880,0.0031759305924980246
odds_50_500_top10_by_direct_expected_return,13325,131270,9.85140712945591,13127000,30997760,17870760,2.3613742667783955,2.354870115030091,1551,0.011815342424011579,0.11639774859287054,0.2921831210145133,1.1117716509794324e-05,273.28749980955286,262.6,6698.598328516099,19985.660863958736,85380,0.002754392575463517
odds_30_500_expected>=500_top2,13305,26610,2.0,2661000,6306980,3645980,2.370154077414506,2.350206689214581,255,0.009582863585118376,0.019165727170236752,0.2863063548736292,0.0458010894853419,320.2110108981586,331.5,8227.215882539625,24733.254901960783,53080,0.008416072351585068
odds_30_500_expected>=800_top2,13305,26610,2.0,2661000,6306980,3645980,2.370154077414506,2.350206689214581,255,0.009582863585118376,0.019165727170236752,0.2863063548736292,0.0458010894853419,320.2110108981586,331.5,8227.215882539625,24733.254901960783,53080,0.008416072351585068
odds_30_500_expected>=1000_top2,13305,26610,2.0,2661000,6306980,3645980,2.370154077414506,2.350206689214581,255,0.009582863585118376,0.019165727170236752,0.2863063548736292,0.0458010894853419,320.2110108981586,331.5,8227.215882539625,24733.254901960783,53080,0.008416072351585068
odds_30_500_expected>=300_top2,13307,26612,1.9998497031637483,2661200,6306980,3645780,2.3699759506989326,2.350030061626334,255,0.009582143393957613,0.019162846622078605,0.2862934303156147,0.0458010894853419,320.18926048399226,331.45,8226.624034992403,24733.254901960783,53080,0.008416072351585068
odds_30_500_expected>=200_top2,13309,26615,1.9997745886242393,2661500,6306980,3645480,2.3697088108209656,2.3497651700169078,255,0.00958106331016344,0.019159966939664888,0.2862672802869829,0.0421317973191612,320.15814766109344,331.4,8225.723158850273,24733.254901960783,53080,0.008416072351585068
odds_30_500_expected>=150_top2,13309,26617,1.9999248628747464,2661700,6306980,3645280,2.369530751023782,2.34958860878386,255,0.00958034338956306,0.019159966939664888,0.28624808215184594,0.0235782612222569,320.13853552241045,331.4,8225.117800124819,24733.254901960783,53080,0.008416072351585068
odds_30_500_expected>=100_top2,13311,26619,1.9997746224926751,2661900,6306980,3645080,2.3693527179833955,2.3494120740824225,255,0.009579623577144146,0.019157088122605363,0.2862293442721405,0.0235782612222569,320.1168225703445,331.4,8224.50843337765,24733.254901960783,53080,0.008416072351585068
odds_30_500_expected>=80_top2,13312,26622,1.9998497596153846,2662200,6306980,3644780,2.3690857185786194,2.3491473217639545,255,0.009578544061302681,0.01915564903846154,0.28619970161467967,0.0153870991822171,320.0856584779506,331.35,8223.592093522906,24733.254901960783,53080,0.008416072351585068
odds_50_500_expected>=300_top2,13305,26610,2.0,2661000,6303980,3642980,2.3690266816986094,2.3490792934986846,254,0.009545283727921834,0.019090567455843668,0.28535986667748453,0.0310607812662603,320.47532130777904,331.65,8226.259007008299,24818.818897637797,53080,0.008420077474865085
odds_50_500_expected>=500_top2,13305,26610,2.0,2661000,6303980,3642980,2.3690266816986094,2.3490792934986846,254,0.009545283727921834,0.019090567455843668,0.28535986667748453,0.0310607812662603,320.47532130777904,331.65,8226.259007008299,24818.818897637797,53080,0.008420077474865085
odds_50_500_expected>=800_top2,13305,26610,2.0,2661000,6303980,3642980,2.3690266816986094,2.3490792934986846,254,0.009545283727921834,0.019090567455843668,0.28535986667748453,0.0310607812662603,320.47532130777904,331.65,8226.259007008299,24818.818897637797,53080,0.008420077474865085
odds_50_500_expected>=1000_top2,13305,26610,2.0,2661000,6303980,3642980,2.3690266816986094,2.3490792934986846,254,0.009545283727921834,0.019090567455843668,0.28535986667748453,0.0310607812662603,320.47532130777904,331.65,8226.259007008299,24818.818897637797,53080,0.008420077474865085
odds_50_500_expected>=200_top2,13306,26611,1.999924845934165,2661100,6303980,3642880,2.3689376573597385,2.348991018751644,254,0.009544925031002217,0.019089132722080265,0.2853507265448567,0.0310607812662603,320.46525872759383,331.6,8225.958220700564,24818.818897637797,53080,0.008420077474865085
odds_50_500_expected>=150_top2,13307,26612,1.9998497031637483,2661200,6303980,3642780,2.3688486397114086,2.3489027506388096,254,0.009544566361040133,0.019087698203952806,0.28534088991231044,0.0235782612222569,320.45610251014585,331.6,8225.65591808616,24818.818897637797,53080,0.008420077474865085
odds_50_500_expected>=100_top2,13307,26614,2.0,2661400,6303980,3642580,2.3686706244833546,2.3487262343127675,254,0.009543849101976403,0.019087698203952806,0.2853208396505347,0.0137098438618715,320.4373825805967,331.6,8225.047280225099,24818.818897637797,53080,0.008420077474865085
odds_50_500_expected>=80_top2,13308,26615,1.9999248572287347,2661500,6303980,3642480,2.368581626902123,2.348637986098065,254,0.009543490512868683,0.019086263901412683,0.285310697484821,0.0137098438618715,320.42765357880893,331.6,8224.741797729503,24818.818897637797,53080,0.008420077474865085
odds_30_500_expected>=50_top2,13317,26629,1.9996245400615755,2662900,6306980,3644080,2.3684629539224153,2.3485297983401554,255,0.009576026136918396,0.019148456859653076,0.28612782041607104,0.0055195336634706,320.014942356078,331.3,8221.445634927715,24733.254901960783,53080,0.008416072351585068
odds_50_500_expected>=50_top2,13310,26618,1.9998497370398196,2661800,6303980,3642180,2.368314674280562,2.34837328123826,254,0.00954241490720565,0.019083395942900074,0.2852795074512877,0.0055195336634706,320.3997445337741,331.6,8223.821390061714,24818.818897637797,53080,0.008420077474865085
odds_50_1000_top30_by_direct_ticket_score,13326,359410,26.970583821101606,35941000,84512420,48571420,2.351420939873682,2.3483550819398458,5084,0.014145404969255168,0.3815098304067237,0.28471496803468854,3.1594342455866743e-06,319.55521243148496,251.9,5769.0398364785315,16623.214004720692,110190,0.0013038320284758146
odds_30_500_top2_by_direct_expected_return,13325,26650,2.0,2665000,6306980,3641980,2.366596622889306,2.3466791744840525,255,0.009568480300187617,0.019136960600375234,0.2859063673607639,0.0002498632652266,319.8137073170732,331.05,8214.986238935971,24733.254901960783,53080,0.008416072351585068
odds_50_500_top2_by_direct_expected_return,13325,26650,2.0,2665000,6303980,3638980,2.365470919324578,2.3455534709193246,254,0.00953095684803002,0.01906191369606004,0.28494013478362934,0.0001654450937684,320.12075797373353,331.25,8213.968140975749,24818.818897637797,53080,0.008420077474865085
odds_50_1000_top20_by_direct_expected_return,13326,258245,19.379033468407624,25824500,59977460,34152960,2.3225022749714417,2.3186346299057097,2478,0.00959553911982807,0.1859522737505628,0.2303574909409601,3.6709071950251855e-06,419.1106848148077,364.0,6613.40178332677,24203.979015334946,99880,0.001665292261459555
odds_50_1000_expected>=1000,13306,468062,35.17676236284383,46806200,108524560,61718360,2.318593690579453,2.3162395152778905,5509,0.011769808273262943,0.41402374868480385,0.24165358546232396,0.0102272498620287,396.29651819630726,334.45,5776.36570119158,19699.502632056636,110190,0.0010153462036611805
odds_50_1000_expected>=800,13306,468883,35.238463850894334,46888300,108621840,61733540,2.3166086209139594,2.3142585677023906,5510,0.01175133242194748,0.4140989027506388,0.24126599247798322,0.0081091362518587,396.6173215919536,334.9,5767.835170951803,19713.582577132485,110190,0.0010144368756780403
odds_50_1000_expected>=500,13306,469619,35.29377724334886,46961900,108710920,61749020,2.3148748240595034,2.3125284539168987,5512,0.011737174177365056,0.41424921088230876,0.24090985664380887,0.0051042605718742,396.90820963376694,335.3,5759.844069724406,19722.590711175617,110190,0.0010136056248995042
odds_50_1000_expected>=300,13306,469836,35.31008567563505,46983600,108710920,61727320,2.313805668360875,2.3114603819205,5512,0.011731753207502192,0.41424921088230876,0.24080242275098765,0.0031611408980979,397.0000123447331,335.4,5757.373929335571,19722.590711175617,110190,0.0010136056248995042
odds_50_1000_expected>=200,13307,469869,35.30991207635079,46986900,108710920,61724020,2.313643164371346,2.311298042645929,5512,0.011730929259006234,0.4142180807094011,0.2407859789343151,0.0024198749596076,397.00970781217745,335.4,5756.987306259574,19722.590711175617,110190,0.0010136056248995042
odds_50_1000_expected>=150,13308,469879,35.30801021941689,46987900,108710920,61723020,2.313593925244584,2.311248853428223,5512,0.011730679600492892,0.41418695521490834,0.24078096132438967,0.0020423526916002,397.0142119566952,335.4,5756.868628403783,19722.590711175617,110190,0.0010136056248995042
odds_50_1000_expected>=100,13308,469883,35.308310790501956,46988300,108710920,61722620,2.3135742301807047,2.311229178327371,5512,0.011730579740062952,0.41418695521490834,0.2407789973913401,0.0015465288502168,397.0140415805637,335.4,5756.8206287827,19722.590711175617,110190,0.0010136056248995042
odds_50_1000_expected>=80,13309,469886,35.305883236907356,46988600,108710920,61722320,2.313559459102846,2.31121442222156,5512,0.01173050484585623,0.4141558343977759,0.2407775329217527,0.0015465288502168,397.0126381718119,335.4,5756.784437316913,19722.590711175617,110190,0.0010136056248995042
odds_50_1000_expected>=50,13311,469897,35.30140485312899,46989700,108710920,61721220,2.313505300097681,2.3111603181122673,5512,0.01173023024194664,0.4140936067913756,0.24077207044663745,0.0007170864680792,397.0068746980721,335.4,5756.651066791556,19722.590711175617,110190,0.0010136056248995042
odds_50_1000_top100_by_direct_ticket_score,13326,470502,35.30706888788834,47050200,108710920,61660720,2.310530454705825,2.3081884880404333,5512,0.01171514680065122,0.4136274951223173,0.24045973315715122,3.1594342455866743e-06,396.96356742373035,335.4,5748.985746007086,19722.590711175617,110190,0.0010136056248995042
odds_50_1000_top100_by_direct_expected_return,13326,470502,35.30706888788834,47050200,108710920,61660720,2.310530454705825,2.3081884880404333,5512,0.01171514680065122,0.4136274951223173,0.24045016740667957,3.1594342455866743e-06,396.9863320453473,335.4,5749.030357002626,19722.590711175617,110190,0.0010136056248995042
odds_100_1000_expected>=1000_top10,13306,132125,9.92973094844431,13212500,30583130,17370630,2.314711825922422,2.307152317880795,953,0.00721286660359508,0.07162182474071847,0.2098478929071008,0.0108515877626824,462.4038357615894,417.8,7486.946054551263,32091.427072402937,99880,0.003265852775696928
odds_50_1000_top75_by_direct_expected_return,13326,469135,35.20448746810746,46913500,108327880,61414380,2.3090982339838213,2.3067494431240476,5495,0.011713046351263495,0.41235179348641754,0.24056018448321803,3.1594342455866743e-06,396.8304805652957,335.2,5754.383403489445,19713.89990900819,110190,0.0010171896653013055
odds_50_500_expected>=1000_top3,13305,39905,2.999248402856069,3990500,9255310,5264810,2.3193359228166894,2.3060343315374014,390,0.009773211377020424,0.029312288613303268,0.28635183302230743,0.0301898550464316,309.9722967046736,310.3,7895.553652142373,23731.5641025641,53080,0.005735086128935714
odds_50_500_expected>=800_top3,13305,39911,2.9996993611424276,3991100,9255310,5264210,2.318987246623738,2.305687655032447,390,0.009771742126230864,0.029312288613303268,0.2863129192914642,0.0213153783109685,309.9793866352635,310.3,7894.505499797114,23731.5641025641,53080,0.005735086128935714
odds_50_500_expected>=300_top3,13305,39913,2.999849680571214,3991300,9255310,5264010,2.318871044521835,2.3055721193596073,390,0.009771252474131235,0.029312288613303268,0.28629940417720684,0.014189618237285,309.98224889133866,310.3,7894.140605284176,23731.5641025641,53080,0.005735086128935714
odds_50_500_expected>=500_top3,13305,39913,2.999849680571214,3991300,9255310,5264010,2.318871044521835,2.3055721193596073,390,0.009771252474131235,0.029312288613303268,0.28629940417720684,0.014189618237285,309.98224889133866,310.3,7894.140605284176,23731.5641025641,53080,0.005735086128935714
odds_50_500_expected>=200_top3,13306,39914,2.9996993837366603,3991400,9255310,5263910,2.318812947837851,2.30551435586511,390,0.009771007666482938,0.02931008567563505,0.28629328683474914,0.014189618237285,309.9758029763992,310.3,7893.948389369122,23731.5641025641,53080,0.005735086128935714
odds_50_500_expected>=150_top3,13307,39915,2.9995491094912454,3991500,9255310,5263810,2.318754854064888,2.305456595264938,390,0.00977076287110109,0.029307883069061395,0.28628670497265185,0.014189618237285,309.9699611674809,310.3,7893.7551570669,23731.5641025641,53080,0.005735086128935714
odds_50_500_expected>=100_top3,13307,39917,2.9996994063274967,3991700,9255310,5263610,2.318638675251146,2.3053410827466996,390,0.009770273317133052,0.029307883069061395,0.2862732894029191,0.0137098438618715,309.9580053611243,310.3,7893.365987376987,23731.5641025641,53080,0.005735086128935714
odds_50_500_expected>=80_top3,13308,39920,2.9996994289149383,3992000,9255310,5263310,2.3184644288577156,2.3051678356713428,390,0.009769539078156312,0.029305680793507663,0.2862526326736462,0.0019619333207316,309.94802855711424,310.3,7892.779426776578,23731.5641025641,53080,0.005735086128935714
odds_50_500_expected>=50_top3,13310,39924,2.9995492111194593,3992400,9255310,5262910,2.3182321410680293,2.304936880072137,390,0.009768560264502554,0.029301277235161533,0.28622489331832596,0.0019619333207316,309.9238052299369,310.3,7891.994633829566,23731.5641025641,53080,0.005735086128935714
odds_100_1000_expected>=500_top10,13306,132401,9.95047347061476,13240100,30617040,17376940,2.312447791179825,2.3049040415102606,954,0.007205383645138632,0.07169697880655343,0.20944984666084987,0.0051042605718742,462.53312814857895,418.0,7472.970676505165,32093.333333333332,99880,0.0032622356700713066
odds_100_1000_expected>=800_top10,13306,132264,9.940177363595371,13226400,30583130,17356730,2.312279229419948,2.3047276658803604,953,0.007205286396903163,0.07162182474071847,0.2096515755602844,0.0086379940576085,462.4476252041372,417.8,7480.028598366168,32091.427072402937,99880,0.003265852775696928
odds_100_1000_expected>=300_top10,13306,132441,9.95347963324816,13244100,30617040,17372940,2.3117493827440145,2.3042079114473615,954,0.007203207465965977,0.07169697880655343,0.2093888097727322,0.0044504393555706,462.5830709523486,418.0,7470.838675231629,32093.333333333332,99880,0.0032622356700713066
odds_100_1000_expected>=200_top10,13306,132444,9.953705095445663,13244400,30617040,17372640,2.311697019117514,2.3041557186433512,954,0.007203044305517803,0.07169697880655343,0.2093841975248116,0.0040534537373654,462.5843465917671,418.0,7470.675377116882,32093.333333333332,99880,0.0032622356700713066
odds_100_1000_expected>=100_top10,13306,132445,9.953780249511498,13244500,30617040,17372540,2.3116795651024953,2.304138321567443,954,0.007202989920344294,0.07169697880655343,0.20938266072950423,0.0040534537373654,462.5833961266941,418.0,7470.6204567347095,32093.333333333332,99880,0.0032622356700713066
odds_100_1000_expected>=150_top10,13306,132445,9.953780249511498,13244500,30617040,17372540,2.3116795651024953,2.304138321567443,954,0.007202989920344294,0.07169697880655343,0.20938266072950423,0.0040534537373654,462.5833961266941,418.0,7470.6204567347095,32093.333333333332,99880,0.0032622356700713066
odds_100_1000_expected>=80_top10,13307,132446,9.953107387089501,13244600,30617040,17372440,2.3116621113510414,2.3041209247542396,954,0.0072029355359920265,0.07169159089201173,0.20938109465180157,0.0019619333207316,462.5830587560213,418.0,7470.564670744469,32093.333333333332,99880,0.0032622356700713066
odds_100_1000_expected>=50_top10,13309,132451,9.951987376962958,13245100,30617040,17371940,2.3115748465470247,2.30403394462858,954,0.007202663626548686,0.07168081749192276,0.209373343218614,0.0007170864680792,462.575375044356,418.0,7470.284799357388,32093.333333333332,99880,0.0032622356700713066
odds_50_1000_top75_by_direct_ticket_score,13326,469135,35.20448746810746,46913500,108174000,61260500,2.3058181546889487,2.303469363829175,5504,0.011732230594604964,0.4130271649407174,0.24097793712320753,3.1594342455866743e-06,395.8120338495316,334.2,5751.527193437082,19653.706395348836,110190,0.0010186366409673305
odds_50_500_top3_by_direct_expected_return,13325,39973,2.9998499061913697,3997300,9255310,5258010,2.3153903885122458,2.302111425212018,390,0.009756585695344357,0.02926829268292683,0.2858766537568126,7.333155838612512e-05,309.6800215145223,310.1,7882.339631718858,23731.5641025641,53080,0.005735086128935714
odds_100_1000_top10_by_direct_expected_return,13326,132645,9.953849617289508,13264500,30617040,17352540,2.3081940517923782,2.3006641788231748,954,0.007192129367861585,0.07158937415578569,0.20906762425055792,8.631054935495771e-06,462.60130046364355,418.0,7459.374965083434,32093.333333333332,99880,0.0032622356700713066
odds_50_1000_top50_by_direct_expected_return,13326,452923,33.9879183550953,45292300,104308520,59016220,2.3030077960271393,2.300574932162862,5258,0.01160903729773052,0.3945670118565211,0.24071592809204553,3.1594342455866743e-06,396.83673229224394,334.9,5810.577480495634,19838.06009889692,110190,0.0010563854227823384
odds_30_500_expected>=1000_top3,13305,39910,2.9996242014280345,3991000,9233200,5242200,2.3135053871210225,2.300205462290153,394,0.009872212478075671,0.02961292747087561,0.28777877922448325,0.0310607812662603,309.53343773490354,310.2,7896.3030488282775,23434.51776649746,53080,0.005748819477537582
odds_30_500_expected>=800_top3,13305,39912,2.9997745208568207,3991200,9233200,5242000,2.313389456804971,2.3000901984365605,394,0.009871717779114051,0.02961292747087561,0.28776604592610533,0.0213153783109685,309.53343856484264,310.2,7895.953672483187,23434.51776649746,53080,0.005748819477537582
odds_30_500_expected>=500_top3,13305,39913,2.999849680571214,3991300,9233200,5241900,2.3133314960038085,2.3000325708415805,394,0.00987147044822489,0.02961292747087561,0.28775931231598,0.0190074649934265,309.5352090797485,310.2,7895.773949339014,23434.51776649746,53080,0.005748819477537582
odds_30_500_expected>=300_top3,13307,39915,2.9995491094912454,3991500,9233200,5241700,2.3132155831141175,2.2999173243141677,394,0.009870975823625203,0.02960847674156459,0.2877506224937887,0.0190074649934265,309.52124264061126,310.2,7895.3959620394935,23434.51776649746,53080,0.005748819477537582
odds_30_500_expected>=200_top3,13309,39918,2.9993237658727177,3991800,9233200,5241400,2.313041735557894,2.299744476176161,394,0.0098702339796583,0.029604027349913593,0.2877330776621696,0.0190074649934265,309.50130016533893,310.1,7894.820203376638,23434.51776649746,53080,0.005748819477537582
odds_30_500_expected>=150_top3,13309,39921,2.9995491772484786,3992100,9233200,5241100,2.3128679141304076,2.299571654016683,394,0.009869492247188198,0.029604027349913593,0.28771422243624306,0.0190074649934265,309.4818967460735,310.1,7894.239766661469,23434.51776649746,53080,0.005748819477537582
odds_50_1000_top50_by_direct_ticket_score,13326,452923,33.9879183550953,45292300,104257080,58964780,2.3018720621385973,2.2994391982743205,5447,0.012026326770775607,0.40874981239681824,0.24681018116229642,3.1594342455866743e-06,384.2691638534585,321.0,5765.963213904391,19140.27538094364,110190,0.0010569066388584833
odds_30_500_expected>=100_top3,13311,39924,2.999323867478026,3992400,9233200,5240800,2.312694118825769,2.299398857829877,394,0.00986875062618976,0.029599579295319662,0.2876947925124122,0.0137098438618715,309.46228584310194,310.1,7893.655177160376,23434.51776649746,53080,0.005748819477537582
odds_30_500_expected>=80_top3,13312,39927,2.999323918269231,3992700,9233200,5240500,2.3125203496380897,2.2992260876098882,394,0.009868009116637865,0.029597355769230768,0.28767491766151826,0.0137098438618715,309.44230721065946,310.1,7893.06905148491,23434.51776649746,53080,0.005748819477537582
odds_30_500_expected>=50_top3,13317,39935,2.9987985281970415,3993500,9233200,5239700,2.3120570927757607,2.2987654939276325,394,0.00986603230249155,0.029586243147856125,0.2876197877559476,0.0055195336634706,309.39087016401646,310.0,7891.499744484752,23434.51776649746,53080,0.005748819477537582
odds_30_500_top3_by_direct_expected_return,13325,39973,2.9998499061913697,3997300,9233200,5235900,2.3098591549295775,2.29658019162935,394,0.009856653240937633,0.02956848030018762,0.287350258056486,0.0001296827014009,309.1680234158057,309.8,7884.017937750946,23434.51776649746,53080,0.005748819477537582
odds_50_1000_top30_by_direct_expected_return,13326,359410,26.970583821101606,35941000,82596590,46655590,2.298116079129685,2.2950502211958486,3807,0.010592359700620462,0.28568212516884284,0.2353907056629007,3.1594342455866743e-06,405.4782259814696,346.1,6154.704530506165,21695.978460730235,110190,0.0013340744454462346
odds_100_1000_top20_by_direct_ticket_score,13326,253957,19.05725649107009,25395700,57720760,32325060,2.272855640915588,2.2685167173970395,2698,0.010623845769165646,0.2024613537445595,0.2558957296828899,3.1594342455866743e-06,312.4972428403234,249.8,5986.603906467406,21393.906597479614,110190,0.001909018522971631
odds_100_1000_top20_by_direct_expected_return,13326,253957,19.05725649107009,25395700,57234850,31839150,2.253722086809972,2.249789137531157,1948,0.007670589903015077,0.14618039921957077,0.205111303679256,3.1594342455866743e-06,439.8488649653288,386.4,6609.2003518433785,29381.33983572895,99880,0.00174509062223453
odds_100_1000_expected>=1000,13306,419381,31.51818728393206,41938100,93235430,51297330,2.223167716229395,2.220540272449157,3375,0.008047574878213367,0.25364497219299564,0.19682816076375245,0.0102272498620287,433.692115761086,378.5,5915.69681176619,27625.312592592592,110190,0.001181846858002371
odds_100_1000_expected>=800,13306,420197,31.57951300165339,42019700,93332710,51313010,2.2211655485403274,2.218543207114758,3376,0.008034326756259563,0.2537201262588306,0.19648419169559916,0.0081091362518587,433.98123380224035,378.9,5905.965189028193,27645.94490521327,110190,0.0011806150276789348
odds_100_1000_expected>=500,13306,420932,31.634751240042085,42093200,93421790,51328590,2.219403371565954,2.2167856090770006,3378,0.008025049176589093,0.2538704343905005,0.1961654388493553,0.0051042605718742,434.24130429618083,379.3,5896.820987060475,27655.947306098282,110190,0.0011794892818902314
odds_100_1000_expected>=300,13306,421149,31.651059672328273,42114900,93421790,51306890,2.2182598082863785,2.215643394618057,3378,0.00802091421325944,0.2538704343905005,0.19606863992117038,0.0031611408980979,434.3244837337854,379.4,5893.994707357115,27655.947306098282,110190,0.0011794892818902314
odds_100_1000_expected>=200,13306,421181,31.65346460243499,42118100,93421790,51303690,2.2180912719234724,2.215475057041984,3378,0.008020304809571182,0.2538704343905005,0.19605416564996603,0.0024198749596076,434.333281653256,379.4,5893.566153543826,27655.947306098282,110190,0.0011794892818902314
odds_100_1000_expected>=150,13306,421190,31.654140989027507,42119000,93421790,51302790,2.2180438756855576,2.215427716707424,3378,0.008020133431467983,0.2538704343905005,0.19605003954180372,0.0020423526916002,434.33826918967685,379.4,5893.444076724417,27655.947306098282,110190,0.0011794892818902314
odds_100_1000_expected>=100,13306,421192,31.654291297159176,42119200,93421790,51302590,2.2180333434633135,2.2154171969078233,3378,0.008020095348439666,0.2538704343905005,0.19604911630703226,0.0015465288502168,434.3394482801192,379.4,5893.4166150361725,27655.947306098282,110190,0.0011794892818902314
odds_100_1000_expected>=80,13307,421193,31.651987675659427,42119300,93421790,51302490,2.2180280773897003,2.2154119370454874,3378,0.008020076307061133,0.2538513564289472,0.19604865550359304,0.0015465288502168,434.3394092494414,379.4,5893.4028174958,27655.947306098282,110190,0.0011794892818902314
odds_100_1000_expected>=50,13309,421198,31.647606882560673,42119800,93421790,51301990,2.2180017473967113,2.215385638108443,3378,0.008019981101524699,0.2538132091066196,0.19604637623616686,0.0007170864680792,434.33732828740875,379.4,5893.333530756965,27655.947306098282,110190,0.0011794892818902314
odds_100_1000_top100_by_direct_ticket_score,13326,421751,31.64873180249137,42175100,93421790,51246690,2.215093503038523,2.212480823993304,3378,0.008009465300615767,0.2534894191805493,0.19578815716045678,3.1594342455866743e-06,434.31076820209086,379.4,5885.503392840716,27655.947306098282,110190,0.0011794892818902314
odds_100_1000_top100_by_direct_expected_return,13326,421751,31.64873180249137,42175100,93421790,51246690,2.215093503038523,2.212480823993304,3378,0.008009465300615767,0.2534894191805493,0.19578763318492676,3.1594342455866743e-06,434.3169498116187,379.4,5885.514542755389,27655.947306098282,110190,0.0011794892818902314
odds_100_1000_top75_by_direct_expected_return,13326,420999,31.592300765420983,42099900,93204750,51104850,2.2138948073510862,2.211277461466654,3372,0.008009520212637084,0.2530391715443494,0.19592592826336636,3.1594342455866743e-06,434.1629184392362,379.2,5888.955286424418,27640.79181494662,110190,0.0011822358839007668
odds_100_1000_top75_by_direct_ticket_score,13326,420999,31.592300765420983,42099900,93136820,51036920,2.2122812643260437,2.2096639184416116,3374,0.00801427081774541,0.25318925408974935,0.19603058758186986,3.1594342455866743e-06,433.6546937166121,378.7,5887.537442626504,27604.273858921162,110190,0.0011830981560246527
odds_100_1000_top50_by_direct_expected_return,13326,410862,30.831607384061233,41086200,90855490,49769290,2.2113383569178944,2.2086564345205932,3293,0.008014856569845836,0.24711091100105056,0.19711085493593175,3.1594342455866743e-06,433.23658819749704,377.7,5927.933482934575,27590.491952626784,110190,0.0012128050820044006
odds_100_1000_top30_by_direct_ticket_score,13326,344106,25.822152183701036,34410600,76082840,41672240,2.21102915961942,2.2078269486727926,3087,0.008971072867081655,0.23165240882485366,0.21998361128799787,3.1594342455866743e-06,379.24570917101124,314.7,5959.537692933582,24646.206673145447,110190,0.001448289785186778
odds_100_1000_top30_by_direct_expected_return,13326,344106,25.822152183701036,34410600,76080050,41669450,2.2109480799521077,2.207745869005481,2722,0.007910353205117028,0.20426234428935916,0.20108738224054346,3.1594342455866743e-06,434.1767376912928,378.5,6188.4941544457315,27950.05510653931,110190,0.0014483428967252256
odds_100_1000_top50_by_direct_ticket_score,13326,410862,30.831607384061233,41086200,90596040,49509840,2.2050235845612396,2.2023416621639385,3337,0.008121948488786989,0.2504127269998499,0.1990426640466961,3.1594342455866743e-06,426.21525183638306,369.5,5903.53179854847,27148.94815702727,110190,0.0012162783273970915
odds_30_500_expected>=500_top1,13305,13305,1.0,1330500,2744220,1413720,2.0625479143179257,2.022653137918076,105,0.007891770011273957,0.007891770011273957,0.28522295943162235,0.0458010894853419,334.52416384817735,353.2,8699.723087786828,26135.428571428572,53080,0.019342472542288883
odds_30_500_expected>=800_top1,13305,13305,1.0,1330500,2744220,1413720,2.0625479143179257,2.022653137918076,105,0.007891770011273957,0.007891770011273957,0.28522295943162235,0.0458010894853419,334.52416384817735,353.2,8699.723087786828,26135.428571428572,53080,0.019342472542288883
odds_30_500_expected>=1000_top1,13305,13305,1.0,1330500,2744220,1413720,2.0625479143179257,2.022653137918076,105,0.007891770011273957,0.007891770011273957,0.28522295943162235,0.0458010894853419,334.52416384817735,353.2,8699.723087786828,26135.428571428572,53080,0.019342472542288883
odds_50_500_expected>=300_top1,13305,13305,1.0,1330500,2744220,1413720,2.0625479143179257,2.022653137918076,105,0.007891770011273957,0.007891770011273957,0.2846668439014144,0.0457414278746422,334.6956858323938,353.2,8699.286089595444,26135.428571428572,53080,0.019342472542288883
odds_50_500_expected>=500_top1,13305,13305,1.0,1330500,2744220,1413720,2.0625479143179257,2.022653137918076,105,0.007891770011273957,0.007891770011273957,0.2846668439014144,0.0457414278746422,334.6956858323938,353.2,8699.286089595444,26135.428571428572,53080,0.019342472542288883
odds_50_500_expected>=800_top1,13305,13305,1.0,1330500,2744220,1413720,2.0625479143179257,2.022653137918076,105,0.007891770011273957,0.007891770011273957,0.2846668439014144,0.0457414278746422,334.6956858323938,353.2,8699.286089595444,26135.428571428572,53080,0.019342472542288883
odds_50_500_expected>=1000_top1,13305,13305,1.0,1330500,2744220,1413720,2.0625479143179257,2.022653137918076,105,0.007891770011273957,0.007891770011273957,0.2846668439014144,0.0457414278746422,334.6956858323938,353.2,8699.286089595444,26135.428571428572,53080,0.019342472542288883
odds_50_500_expected>=200_top1,13306,13306,1.0,1330600,2744220,1413620,2.062392905456185,2.0225011273109876,105,0.007891176912670975,0.007891176912670975,0.28464861640655625,0.0421317973191612,334.6744927100557,353.2,8698.648989676782,26135.428571428572,53080,0.019342472542288883
odds_30_500_expected>=300_top1,13307,13307,1.0,1330700,2744220,1413520,2.0622379198917864,2.0223491395506126,105,0.007890583903208837,0.007890583903208837,0.2851972750890208,0.0458010894853419,334.47851506725783,353.2,8698.468465307142,26135.428571428572,53080,0.019342472542288883
odds_50_500_expected>=100_top1,13307,13307,1.0,1330700,2744220,1413520,2.0622379198917864,2.0223491395506126,105,0.007890583903208837,0.007890583903208837,0.2846289973823446,0.0235782612222569,334.6551138498534,353.2,8698.008907919548,26135.428571428572,53080,0.019342472542288883
odds_50_500_expected>=150_top1,13307,13307,1.0,1330700,2744220,1413520,2.0622379198917864,2.0223491395506126,105,0.007890583903208837,0.007890583903208837,0.2846289973823446,0.0235782612222569,334.6551138498534,353.2,8698.008907919548,26135.428571428572,53080,0.019342472542288883
odds_50_500_expected>=80_top1,13308,13308,1.0,1330800,2744220,1413420,2.062082957619477,2.0221971746318004,105,0.007889990982867448,0.007889990982867448,0.28460876579997313,0.0153870991822171,334.63458821761344,353.2,8697.362426235752,26135.428571428572,53080,0.019342472542288883
odds_30_500_expected>=150_top1,13309,13309,1.0,1330900,2744220,1413320,2.061928018634007,2.0220452325494027,105,0.007889398151626719,0.007889398151626719,0.2851616716504705,0.0421317973191612,334.4352618528815,353.1,8697.194592664071,26135.428571428572,53080,0.019342472542288883
odds_30_500_expected>=200_top1,13309,13309,1.0,1330900,2744220,1413320,2.061928018634007,2.0220452325494027,105,0.007889398151626719,0.007889398151626719,0.2851616716504705,0.0421317973191612,334.4352618528815,353.1,8697.194592664071,26135.428571428572,53080,0.019342472542288883
odds_50_500_expected>=50_top1,13310,13310,1.0,1331000,2744220,1413220,2.0617731029301276,2.021893313298272,105,0.007888805409466567,0.007888805409466567,0.28456714184501397,0.0055195336634706,334.5959128474831,353.2,8696.063621622849,26135.428571428572,53080,0.019342472542288883
odds_30_500_expected>=100_top1,13311,13311,1.0,1331100,2744220,1413120,2.061618210502592,2.0217414168732626,105,0.007888212756366914,0.007888212756366914,0.28512436334915,0.036194986740364,334.3896927353316,353.1,8695.905066180112,26135.428571428572,53080,0.019342472542288883
odds_30_500_expected>=80_top1,13312,13312,1.0,1331200,2744220,1413020,2.061463341346154,2.0215895432692306,105,0.007887620192307692,0.007887620192307692,0.28510524645697494,0.0306402947147912,334.36682692307687,353.1,8695.258733233746,26135.428571428572,53080,0.019342472542288883
odds_30_500_expected>=50_top1,13317,13317,1.0,1331700,2744220,1412520,2.0606893444469474,2.020830517383795,105,0.007884658706915973,0.007884658706915973,0.2850034728842934,0.0096831574300101,334.2574153337839,353.1,8692.016141722635,26135.428571428572,53080,0.019342472542288883
odds_30_500_top1_by_direct_expected_return,13325,13325,1.0,1332500,2744220,1411720,2.059452157598499,2.0196172607879923,105,0.007879924953095686,0.007879924953095686,0.2848363140027271,0.000851392312311,334.0863789868668,353.0,8686.815622958555,26135.428571428572,53080,0.019342472542288883
odds_50_500_top1_by_direct_expected_return,13325,13325,1.0,1332500,2744220,1411720,2.059452157598499,2.0196172607879923,105,0.007879924953095686,0.007879924953095686,0.2842502595476408,0.0004667756449367,334.3114896810506,353.0,8686.29775555137,26135.428571428572,53080,0.019342472542288883
odds_50plus_score>=0.8_top1,57,57,1.0,5700,17230,11530,3.0228070175438595,1.9842105263157894,3,0.05263157894736842,0.05263157894736842,0.807203503490194,0.8000362375774834,54.14912280701754,52.5,4369.967803111585,5743.333333333333,5920,0.3435867672663958
odds_50_500_score>=0.8_top1,57,57,1.0,5700,17230,11530,3.0228070175438595,1.9842105263157894,3,0.05263157894736842,0.05263157894736842,0.807203503490194,0.8000362375774834,54.14912280701754,52.5,4369.967803111585,5743.333333333333,5920,0.3435867672663958
odds_50_1000_score>=0.8_top1,57,57,1.0,5700,17230,11530,3.0228070175438595,1.9842105263157894,3,0.05263157894736842,0.05263157894736842,0.807203503490194,0.8000362375774834,54.14912280701754,52.5,4369.967803111585,5743.333333333333,5920,0.3435867672663958
odds_50plus_score>=0.8,57,58,1.0175438596491229,5800,17230,11430,2.970689655172414,1.95,3,0.05172413793103448,0.05263157894736842,0.8072166774547254,0.8000362375774834,54.087931034482764,52.4,4365.111737933301,5743.333333333333,5920,0.3435867672663958
odds_50plus_score>=0.8_top2,57,58,1.0175438596491229,5800,17230,11430,2.970689655172414,1.95,3,0.05172413793103448,0.05263157894736842,0.8072166774547254,0.8000362375774834,54.08793103448275,52.4,4365.111737933301,5743.333333333333,5920,0.3435867672663958
odds_50plus_score>=0.8_top3,57,58,1.0175438596491229,5800,17230,11430,2.970689655172414,1.95,3,0.05172413793103448,0.05263157894736842,0.8072166774547254,0.8000362375774834,54.08793103448275,52.4,4365.111737933301,5743.333333333333,5920,0.3435867672663958
odds_50plus_score>=0.8_top5,57,58,1.0175438596491229,5800,17230,11430,2.970689655172414,1.95,3,0.05172413793103448,0.05263157894736842,0.8072166774547254,0.8000362375774834,54.08793103448275,52.4,4365.111737933301,5743.333333333333,5920,0.3435867672663958
odds_50plus_score>=0.8_top10,57,58,1.0175438596491229,5800,17230,11430,2.970689655172414,1.95,3,0.05172413793103448,0.05263157894736842,0.8072166774547254,0.8000362375774834,54.08793103448275,52.4,4365.111737933301,5743.333333333333,5920,0.3435867672663958
odds_50_500_score>=0.8,57,58,1.0175438596491229,5800,17230,11430,2.970689655172414,1.95,3,0.05172413793103448,0.05263157894736842,0.8072166774547254,0.8000362375774834,54.087931034482764,52.4,4365.111737933301,5743.333333333333,5920,0.3435867672663958
odds_50_500_score>=0.8_top2,57,58,1.0175438596491229,5800,17230,11430,2.970689655172414,1.95,3,0.05172413793103448,0.05263157894736842,0.8072166774547254,0.8000362375774834,54.08793103448275,52.4,4365.111737933301,5743.333333333333,5920,0.3435867672663958
odds_50_500_score>=0.8_top3,57,58,1.0175438596491229,5800,17230,11430,2.970689655172414,1.95,3,0.05172413793103448,0.05263157894736842,0.8072166774547254,0.8000362375774834,54.08793103448275,52.4,4365.111737933301,5743.333333333333,5920,0.3435867672663958
odds_50_500_score>=0.8_top5,57,58,1.0175438596491229,5800,17230,11430,2.970689655172414,1.95,3,0.05172413793103448,0.05263157894736842,0.8072166774547254,0.8000362375774834,54.08793103448275,52.4,4365.111737933301,5743.333333333333,5920,0.3435867672663958
odds_50_500_score>=0.8_top10,57,58,1.0175438596491229,5800,17230,11430,2.970689655172414,1.95,3,0.05172413793103448,0.05263157894736842,0.8072166774547254,0.8000362375774834,54.08793103448275,52.4,4365.111737933301,5743.333333333333,5920,0.3435867672663958
odds_50_1000_score>=0.8,57,58,1.0175438596491229,5800,17230,11430,2.970689655172414,1.95,3,0.05172413793103448,0.05263157894736842,0.8072166774547254,0.8000362375774834,54.087931034482764,52.4,4365.111737933301,5743.333333333333,5920,0.3435867672663958
odds_50_1000_score>=0.8_top2,57,58,1.0175438596491229,5800,17230,11430,2.970689655172414,1.95,3,0.05172413793103448,0.05263157894736842,0.8072166774547254,0.8000362375774834,54.08793103448275,52.4,4365.111737933301,5743.333333333333,5920,0.3435867672663958
odds_50_1000_score>=0.8_top3,57,58,1.0175438596491229,5800,17230,11430,2.970689655172414,1.95,3,0.05172413793103448,0.05263157894736842,0.8072166774547254,0.8000362375774834,54.08793103448275,52.4,4365.111737933301,5743.333333333333,5920,0.3435867672663958
odds_50_1000_score>=0.8_top5,57,58,1.0175438596491229,5800,17230,11430,2.970689655172414,1.95,3,0.05172413793103448,0.05263157894736842,0.8072166774547254,0.8000362375774834,54.08793103448275,52.4,4365.111737933301,5743.333333333333,5920,0.3435867672663958
odds_50_1000_score>=0.8_top10,57,58,1.0175438596491229,5800,17230,11430,2.970689655172414,1.95,3,0.05172413793103448,0.05263157894736842,0.8072166774547254,0.8000362375774834,54.08793103448275,52.4,4365.111737933301,5743.333333333333,5920,0.3435867672663958
odds_100plus_score>=0.7,2,2,1.0,200,0,-200,0.0,0.0,0,0.0,0.0,0.7100365797904422,0.7075185787595382,112.9,112.9,8013.417284648553,0.0,0,0.0
odds_100plus_score>=0.7_top1,2,2,1.0,200,0,-200,0.0,0.0,0,0.0,0.0,0.7100365797904422,0.7075185787595382,112.9,112.9,8013.417284648553,0.0,0,0.0
odds_100plus_score>=0.7_top2,2,2,1.0,200,0,-200,0.0,0.0,0,0.0,0.0,0.7100365797904422,0.7075185787595382,112.9,112.9,8013.417284648553,0.0,0,0.0
odds_100plus_score>=0.7_top3,2,2,1.0,200,0,-200,0.0,0.0,0,0.0,0.0,0.7100365797904422,0.7075185787595382,112.9,112.9,8013.417284648553,0.0,0,0.0
odds_100plus_score>=0.7_top5,2,2,1.0,200,0,-200,0.0,0.0,0,0.0,0.0,0.7100365797904422,0.7075185787595382,112.9,112.9,8013.417284648553,0.0,0,0.0
odds_100plus_score>=0.7_top10,2,2,1.0,200,0,-200,0.0,0.0,0,0.0,0.0,0.7100365797904422,0.7075185787595382,112.9,112.9,8013.417284648553,0.0,0,0.0
odds_100_1000_score>=0.7,2,2,1.0,200,0,-200,0.0,0.0,0,0.0,0.0,0.7100365797904422,0.7075185787595382,112.9,112.9,8013.417284648553,0.0,0,0.0
odds_100_1000_score>=0.7_top1,2,2,1.0,200,0,-200,0.0,0.0,0,0.0,0.0,0.7100365797904422,0.7075185787595382,112.9,112.9,8013.417284648553,0.0,0,0.0
odds_100_1000_score>=0.7_top2,2,2,1.0,200,0,-200,0.0,0.0,0,0.0,0.0,0.7100365797904422,0.7075185787595382,112.9,112.9,8013.417284648553,0.0,0,0.0
odds_100_1000_score>=0.7_top3,2,2,1.0,200,0,-200,0.0,0.0,0,0.0,0.0,0.7100365797904422,0.7075185787595382,112.9,112.9,8013.417284648553,0.0,0,0.0
odds_100_1000_score>=0.7_top5,2,2,1.0,200,0,-200,0.0,0.0,0,0.0,0.0,0.7100365797904422,0.7075185787595382,112.9,112.9,8013.417284648553,0.0,0,0.0
odds_100_1000_score>=0.7_top10,2,2,1.0,200,0,-200,0.0,0.0,0,0.0,0.0,0.7100365797904422,0.7075185787595382,112.9,112.9,8013.417284648553,0.0,0,0.0
