rule,race_count,tickets,avg_tickets_per_race,bet,return,profit,roi,roi_without_max_hit,hit_count,hit_rate_per_ticket,hit_rate_per_race,avg_score,min_score,avg_odds,median_odds,avg_expected,max_hit_payout,max_hit_share,month_min_roi,month_mean_roi,month_count,plus_months
odds_30_500_score>=0.9_expected>=0_top2_by_direct_ticket_score,854,890,1.0421545667447307,89000,100440,11440,1.1285393258426966,1.0904494382022472,33,0.03707865168539326,0.03864168618266979,0.9084757893599266,0.9000122335862817,30.352584269662923,30.4,2757.4611594817316,3390,0.03375149342891278,0.8627586206896551,1.1404282870447588,6,3
odds_30_500_score>=0.9_expected>=0_top2_by_direct_expected_return,854,890,1.0421545667447307,89000,100440,11440,1.1285393258426966,1.0904494382022472,33,0.03707865168539326,0.03864168618266979,0.9084677567375031,0.9000122335862817,30.353258426966296,30.4,2757.4976820799166,3390,0.03375149342891278,0.8627586206896551,1.1404282870447588,6,3
odds_30_500_score>=0.9_expected>=500_top2_by_direct_ticket_score,854,890,1.0421545667447307,89000,100440,11440,1.1285393258426966,1.0904494382022472,33,0.03707865168539326,0.03864168618266979,0.9084757893599266,0.9000122335862817,30.352584269662923,30.4,2757.4611594817316,3390,0.03375149342891278,0.8627586206896551,1.1404282870447588,6,3
odds_30_500_score>=0.9_expected>=500_top2_by_direct_expected_return,854,890,1.0421545667447307,89000,100440,11440,1.1285393258426966,1.0904494382022472,33,0.03707865168539326,0.03864168618266979,0.9084677567375031,0.9000122335862817,30.353258426966296,30.4,2757.4976820799166,3390,0.03375149342891278,0.8627586206896551,1.1404282870447588,6,3
odds_30_500_score>=0.9_expected>=1000_top2_by_direct_ticket_score,854,890,1.0421545667447307,89000,100440,11440,1.1285393258426966,1.0904494382022472,33,0.03707865168539326,0.03864168618266979,0.9084757893599266,0.9000122335862817,30.352584269662923,30.4,2757.4611594817316,3390,0.03375149342891278,0.8627586206896551,1.1404282870447588,6,3
odds_30_500_score>=0.9_expected>=1000_top2_by_direct_expected_return,854,890,1.0421545667447307,89000,100440,11440,1.1285393258426966,1.0904494382022472,33,0.03707865168539326,0.03864168618266979,0.9084677567375031,0.9000122335862817,30.353258426966296,30.4,2757.4976820799166,3390,0.03375149342891278,0.8627586206896551,1.1404282870447588,6,3
odds_30_500_score>=0.9_expected>=1500_top2_by_direct_ticket_score,854,890,1.0421545667447307,89000,100440,11440,1.1285393258426966,1.0904494382022472,33,0.03707865168539326,0.03864168618266979,0.9084757893599266,0.9000122335862817,30.352584269662923,30.4,2757.4611594817316,3390,0.03375149342891278,0.8627586206896551,1.1404282870447588,6,3
odds_30_500_score>=0.9_expected>=1500_top2_by_direct_expected_return,854,890,1.0421545667447307,89000,100440,11440,1.1285393258426966,1.0904494382022472,33,0.03707865168539326,0.03864168618266979,0.9084677567375031,0.9000122335862817,30.353258426966296,30.4,2757.4976820799166,3390,0.03375149342891278,0.8627586206896551,1.1404282870447588,6,3
odds_30_500_score>=0.9_expected>=2000_top2_by_direct_ticket_score,854,890,1.0421545667447307,89000,100440,11440,1.1285393258426966,1.0904494382022472,33,0.03707865168539326,0.03864168618266979,0.9084757893599266,0.9000122335862817,30.352584269662923,30.4,2757.4611594817316,3390,0.03375149342891278,0.8627586206896551,1.1404282870447588,6,3
odds_30_500_score>=0.9_expected>=2000_top2_by_direct_expected_return,854,890,1.0421545667447307,89000,100440,11440,1.1285393258426966,1.0904494382022472,33,0.03707865168539326,0.03864168618266979,0.9084677567375031,0.9000122335862817,30.353258426966296,30.4,2757.4976820799166,3390,0.03375149342891278,0.8627586206896551,1.1404282870447588,6,3
odds_30plus_score>=0.9_expected>=0_top2_by_direct_ticket_score,854,890,1.0421545667447307,89000,100440,11440,1.1285393258426966,1.0904494382022472,33,0.03707865168539326,0.03864168618266979,0.9084757893599266,0.9000122335862817,30.352584269662923,30.4,2757.4611594817316,3390,0.03375149342891278,0.8627586206896551,1.1404282870447588,6,3
odds_30plus_score>=0.9_expected>=0_top2_by_direct_expected_return,854,890,1.0421545667447307,89000,100440,11440,1.1285393258426966,1.0904494382022472,33,0.03707865168539326,0.03864168618266979,0.9084677567375031,0.9000122335862817,30.353258426966296,30.4,2757.4976820799166,3390,0.03375149342891278,0.8627586206896551,1.1404282870447588,6,3
odds_30plus_score>=0.9_expected>=500_top2_by_direct_ticket_score,854,890,1.0421545667447307,89000,100440,11440,1.1285393258426966,1.0904494382022472,33,0.03707865168539326,0.03864168618266979,0.9084757893599266,0.9000122335862817,30.352584269662923,30.4,2757.4611594817316,3390,0.03375149342891278,0.8627586206896551,1.1404282870447588,6,3
odds_30plus_score>=0.9_expected>=500_top2_by_direct_expected_return,854,890,1.0421545667447307,89000,100440,11440,1.1285393258426966,1.0904494382022472,33,0.03707865168539326,0.03864168618266979,0.9084677567375031,0.9000122335862817,30.353258426966296,30.4,2757.4976820799166,3390,0.03375149342891278,0.8627586206896551,1.1404282870447588,6,3
odds_30plus_score>=0.9_expected>=1000_top2_by_direct_ticket_score,854,890,1.0421545667447307,89000,100440,11440,1.1285393258426966,1.0904494382022472,33,0.03707865168539326,0.03864168618266979,0.9084757893599266,0.9000122335862817,30.352584269662923,30.4,2757.4611594817316,3390,0.03375149342891278,0.8627586206896551,1.1404282870447588,6,3
odds_30plus_score>=0.9_expected>=1000_top2_by_direct_expected_return,854,890,1.0421545667447307,89000,100440,11440,1.1285393258426966,1.0904494382022472,33,0.03707865168539326,0.03864168618266979,0.9084677567375031,0.9000122335862817,30.353258426966296,30.4,2757.4976820799166,3390,0.03375149342891278,0.8627586206896551,1.1404282870447588,6,3
odds_30plus_score>=0.9_expected>=1500_top2_by_direct_ticket_score,854,890,1.0421545667447307,89000,100440,11440,1.1285393258426966,1.0904494382022472,33,0.03707865168539326,0.03864168618266979,0.9084757893599266,0.9000122335862817,30.352584269662923,30.4,2757.4611594817316,3390,0.03375149342891278,0.8627586206896551,1.1404282870447588,6,3
odds_30plus_score>=0.9_expected>=1500_top2_by_direct_expected_return,854,890,1.0421545667447307,89000,100440,11440,1.1285393258426966,1.0904494382022472,33,0.03707865168539326,0.03864168618266979,0.9084677567375031,0.9000122335862817,30.353258426966296,30.4,2757.4976820799166,3390,0.03375149342891278,0.8627586206896551,1.1404282870447588,6,3
odds_30plus_score>=0.9_expected>=2000_top2_by_direct_ticket_score,854,890,1.0421545667447307,89000,100440,11440,1.1285393258426966,1.0904494382022472,33,0.03707865168539326,0.03864168618266979,0.9084757893599266,0.9000122335862817,30.352584269662923,30.4,2757.4611594817316,3390,0.03375149342891278,0.8627586206896551,1.1404282870447588,6,3
odds_30plus_score>=0.9_expected>=2000_top2_by_direct_expected_return,854,890,1.0421545667447307,89000,100440,11440,1.1285393258426966,1.0904494382022472,33,0.03707865168539326,0.03864168618266979,0.9084677567375031,0.9000122335862817,30.353258426966296,30.4,2757.4976820799166,3390,0.03375149342891278,0.8627586206896551,1.1404282870447588,6,3
odds_30_500_score>=0.9_expected>=0_top3_by_direct_ticket_score,854,892,1.044496487119438,89200,100440,11240,1.1260089686098655,1.0880044843049328,33,0.03699551569506727,0.03864168618266979,0.9084630142445594,0.9000122335862817,30.353139013452914,30.4,2757.4724594582135,3390,0.03375149342891278,0.8510204081632653,1.1384719182903604,6,3
odds_30_500_score>=0.9_expected>=0_top5_by_direct_ticket_score,854,892,1.044496487119438,89200,100440,11240,1.1260089686098655,1.0880044843049328,33,0.03699551569506727,0.03864168618266979,0.9084630142445594,0.9000122335862817,30.353139013452914,30.4,2757.4724594582135,3390,0.03375149342891278,0.8510204081632653,1.1384719182903604,6,3
odds_30_500_score>=0.9_expected>=0_top10_by_direct_ticket_score,854,892,1.044496487119438,89200,100440,11240,1.1260089686098655,1.0880044843049328,33,0.03699551569506727,0.03864168618266979,0.9084630142445594,0.9000122335862817,30.353139013452914,30.4,2757.4724594582135,3390,0.03375149342891278,0.8510204081632653,1.1384719182903604,6,3
odds_30_500_score>=0.9_expected>=0_top3_by_direct_expected_return,854,892,1.044496487119438,89200,100440,11240,1.1260089686098655,1.0880044843049328,33,0.03699551569506727,0.03864168618266979,0.9084630142445594,0.9000122335862817,30.353139013452914,30.4,2757.472459458214,3390,0.03375149342891278,0.8510204081632653,1.1384719182903604,6,3
odds_30_500_score>=0.9_expected>=0_top5_by_direct_expected_return,854,892,1.044496487119438,89200,100440,11240,1.1260089686098655,1.0880044843049328,33,0.03699551569506727,0.03864168618266979,0.9084630142445594,0.9000122335862817,30.353139013452914,30.4,2757.472459458214,3390,0.03375149342891278,0.8510204081632653,1.1384719182903604,6,3
odds_30_500_score>=0.9_expected>=0_top10_by_direct_expected_return,854,892,1.044496487119438,89200,100440,11240,1.1260089686098655,1.0880044843049328,33,0.03699551569506727,0.03864168618266979,0.9084630142445594,0.9000122335862817,30.353139013452914,30.4,2757.472459458214,3390,0.03375149342891278,0.8510204081632653,1.1384719182903604,6,3
odds_30_500_score>=0.9_expected>=500_top3_by_direct_ticket_score,854,892,1.044496487119438,89200,100440,11240,1.1260089686098655,1.0880044843049328,33,0.03699551569506727,0.03864168618266979,0.9084630142445594,0.9000122335862817,30.353139013452914,30.4,2757.4724594582135,3390,0.03375149342891278,0.8510204081632653,1.1384719182903604,6,3
odds_30_500_score>=0.9_expected>=500_top5_by_direct_ticket_score,854,892,1.044496487119438,89200,100440,11240,1.1260089686098655,1.0880044843049328,33,0.03699551569506727,0.03864168618266979,0.9084630142445594,0.9000122335862817,30.353139013452914,30.4,2757.4724594582135,3390,0.03375149342891278,0.8510204081632653,1.1384719182903604,6,3
odds_30_500_score>=0.9_expected>=500_top10_by_direct_ticket_score,854,892,1.044496487119438,89200,100440,11240,1.1260089686098655,1.0880044843049328,33,0.03699551569506727,0.03864168618266979,0.9084630142445594,0.9000122335862817,30.353139013452914,30.4,2757.4724594582135,3390,0.03375149342891278,0.8510204081632653,1.1384719182903604,6,3
odds_30_500_score>=0.9_expected>=500_top3_by_direct_expected_return,854,892,1.044496487119438,89200,100440,11240,1.1260089686098655,1.0880044843049328,33,0.03699551569506727,0.03864168618266979,0.9084630142445594,0.9000122335862817,30.353139013452914,30.4,2757.472459458214,3390,0.03375149342891278,0.8510204081632653,1.1384719182903604,6,3
odds_30_500_score>=0.9_expected>=500_top5_by_direct_expected_return,854,892,1.044496487119438,89200,100440,11240,1.1260089686098655,1.0880044843049328,33,0.03699551569506727,0.03864168618266979,0.9084630142445594,0.9000122335862817,30.353139013452914,30.4,2757.472459458214,3390,0.03375149342891278,0.8510204081632653,1.1384719182903604,6,3
odds_30_500_score>=0.9_expected>=500_top10_by_direct_expected_return,854,892,1.044496487119438,89200,100440,11240,1.1260089686098655,1.0880044843049328,33,0.03699551569506727,0.03864168618266979,0.9084630142445594,0.9000122335862817,30.353139013452914,30.4,2757.472459458214,3390,0.03375149342891278,0.8510204081632653,1.1384719182903604,6,3
odds_30_500_score>=0.9_expected>=1000_top3_by_direct_ticket_score,854,892,1.044496487119438,89200,100440,11240,1.1260089686098655,1.0880044843049328,33,0.03699551569506727,0.03864168618266979,0.9084630142445594,0.9000122335862817,30.353139013452914,30.4,2757.4724594582135,3390,0.03375149342891278,0.8510204081632653,1.1384719182903604,6,3
odds_30_500_score>=0.9_expected>=1000_top5_by_direct_ticket_score,854,892,1.044496487119438,89200,100440,11240,1.1260089686098655,1.0880044843049328,33,0.03699551569506727,0.03864168618266979,0.9084630142445594,0.9000122335862817,30.353139013452914,30.4,2757.4724594582135,3390,0.03375149342891278,0.8510204081632653,1.1384719182903604,6,3
odds_30_500_score>=0.9_expected>=1000_top10_by_direct_ticket_score,854,892,1.044496487119438,89200,100440,11240,1.1260089686098655,1.0880044843049328,33,0.03699551569506727,0.03864168618266979,0.9084630142445594,0.9000122335862817,30.353139013452914,30.4,2757.4724594582135,3390,0.03375149342891278,0.8510204081632653,1.1384719182903604,6,3
odds_30_500_score>=0.9_expected>=1000_top3_by_direct_expected_return,854,892,1.044496487119438,89200,100440,11240,1.1260089686098655,1.0880044843049328,33,0.03699551569506727,0.03864168618266979,0.9084630142445594,0.9000122335862817,30.353139013452914,30.4,2757.472459458214,3390,0.03375149342891278,0.8510204081632653,1.1384719182903604,6,3
odds_30_500_score>=0.9_expected>=1000_top5_by_direct_expected_return,854,892,1.044496487119438,89200,100440,11240,1.1260089686098655,1.0880044843049328,33,0.03699551569506727,0.03864168618266979,0.9084630142445594,0.9000122335862817,30.353139013452914,30.4,2757.472459458214,3390,0.03375149342891278,0.8510204081632653,1.1384719182903604,6,3
odds_30_500_score>=0.9_expected>=1000_top10_by_direct_expected_return,854,892,1.044496487119438,89200,100440,11240,1.1260089686098655,1.0880044843049328,33,0.03699551569506727,0.03864168618266979,0.9084630142445594,0.9000122335862817,30.353139013452914,30.4,2757.472459458214,3390,0.03375149342891278,0.8510204081632653,1.1384719182903604,6,3
odds_30_500_score>=0.9_expected>=1500_top3_by_direct_ticket_score,854,892,1.044496487119438,89200,100440,11240,1.1260089686098655,1.0880044843049328,33,0.03699551569506727,0.03864168618266979,0.9084630142445594,0.9000122335862817,30.353139013452914,30.4,2757.4724594582135,3390,0.03375149342891278,0.8510204081632653,1.1384719182903604,6,3
odds_30_500_score>=0.9_expected>=1500_top5_by_direct_ticket_score,854,892,1.044496487119438,89200,100440,11240,1.1260089686098655,1.0880044843049328,33,0.03699551569506727,0.03864168618266979,0.9084630142445594,0.9000122335862817,30.353139013452914,30.4,2757.4724594582135,3390,0.03375149342891278,0.8510204081632653,1.1384719182903604,6,3
odds_30_500_score>=0.9_expected>=1500_top10_by_direct_ticket_score,854,892,1.044496487119438,89200,100440,11240,1.1260089686098655,1.0880044843049328,33,0.03699551569506727,0.03864168618266979,0.9084630142445594,0.9000122335862817,30.353139013452914,30.4,2757.4724594582135,3390,0.03375149342891278,0.8510204081632653,1.1384719182903604,6,3
odds_30_500_score>=0.9_expected>=1500_top3_by_direct_expected_return,854,892,1.044496487119438,89200,100440,11240,1.1260089686098655,1.0880044843049328,33,0.03699551569506727,0.03864168618266979,0.9084630142445594,0.9000122335862817,30.353139013452914,30.4,2757.472459458214,3390,0.03375149342891278,0.8510204081632653,1.1384719182903604,6,3
odds_30_500_score>=0.9_expected>=1500_top5_by_direct_expected_return,854,892,1.044496487119438,89200,100440,11240,1.1260089686098655,1.0880044843049328,33,0.03699551569506727,0.03864168618266979,0.9084630142445594,0.9000122335862817,30.353139013452914,30.4,2757.472459458214,3390,0.03375149342891278,0.8510204081632653,1.1384719182903604,6,3
odds_30_500_score>=0.9_expected>=1500_top10_by_direct_expected_return,854,892,1.044496487119438,89200,100440,11240,1.1260089686098655,1.0880044843049328,33,0.03699551569506727,0.03864168618266979,0.9084630142445594,0.9000122335862817,30.353139013452914,30.4,2757.472459458214,3390,0.03375149342891278,0.8510204081632653,1.1384719182903604,6,3
odds_30_500_score>=0.9_expected>=2000_top3_by_direct_ticket_score,854,892,1.044496487119438,89200,100440,11240,1.1260089686098655,1.0880044843049328,33,0.03699551569506727,0.03864168618266979,0.9084630142445594,0.9000122335862817,30.353139013452914,30.4,2757.4724594582135,3390,0.03375149342891278,0.8510204081632653,1.1384719182903604,6,3
odds_30_500_score>=0.9_expected>=2000_top5_by_direct_ticket_score,854,892,1.044496487119438,89200,100440,11240,1.1260089686098655,1.0880044843049328,33,0.03699551569506727,0.03864168618266979,0.9084630142445594,0.9000122335862817,30.353139013452914,30.4,2757.4724594582135,3390,0.03375149342891278,0.8510204081632653,1.1384719182903604,6,3
odds_30_500_score>=0.9_expected>=2000_top10_by_direct_ticket_score,854,892,1.044496487119438,89200,100440,11240,1.1260089686098655,1.0880044843049328,33,0.03699551569506727,0.03864168618266979,0.9084630142445594,0.9000122335862817,30.353139013452914,30.4,2757.4724594582135,3390,0.03375149342891278,0.8510204081632653,1.1384719182903604,6,3
odds_30_500_score>=0.9_expected>=2000_top3_by_direct_expected_return,854,892,1.044496487119438,89200,100440,11240,1.1260089686098655,1.0880044843049328,33,0.03699551569506727,0.03864168618266979,0.9084630142445594,0.9000122335862817,30.353139013452914,30.4,2757.472459458214,3390,0.03375149342891278,0.8510204081632653,1.1384719182903604,6,3
odds_30_500_score>=0.9_expected>=2000_top5_by_direct_expected_return,854,892,1.044496487119438,89200,100440,11240,1.1260089686098655,1.0880044843049328,33,0.03699551569506727,0.03864168618266979,0.9084630142445594,0.9000122335862817,30.353139013452914,30.4,2757.472459458214,3390,0.03375149342891278,0.8510204081632653,1.1384719182903604,6,3
odds_30_500_score>=0.9_expected>=2000_top10_by_direct_expected_return,854,892,1.044496487119438,89200,100440,11240,1.1260089686098655,1.0880044843049328,33,0.03699551569506727,0.03864168618266979,0.9084630142445594,0.9000122335862817,30.353139013452914,30.4,2757.472459458214,3390,0.03375149342891278,0.8510204081632653,1.1384719182903604,6,3
odds_30plus_score>=0.9_expected>=0_top3_by_direct_ticket_score,854,892,1.044496487119438,89200,100440,11240,1.1260089686098655,1.0880044843049328,33,0.03699551569506727,0.03864168618266979,0.9084630142445594,0.9000122335862817,30.353139013452914,30.4,2757.4724594582135,3390,0.03375149342891278,0.8510204081632653,1.1384719182903604,6,3
odds_30plus_score>=0.9_expected>=0_top5_by_direct_ticket_score,854,892,1.044496487119438,89200,100440,11240,1.1260089686098655,1.0880044843049328,33,0.03699551569506727,0.03864168618266979,0.9084630142445594,0.9000122335862817,30.353139013452914,30.4,2757.4724594582135,3390,0.03375149342891278,0.8510204081632653,1.1384719182903604,6,3
odds_30plus_score>=0.9_expected>=0_top10_by_direct_ticket_score,854,892,1.044496487119438,89200,100440,11240,1.1260089686098655,1.0880044843049328,33,0.03699551569506727,0.03864168618266979,0.9084630142445594,0.9000122335862817,30.353139013452914,30.4,2757.4724594582135,3390,0.03375149342891278,0.8510204081632653,1.1384719182903604,6,3
odds_30plus_score>=0.9_expected>=0_top3_by_direct_expected_return,854,892,1.044496487119438,89200,100440,11240,1.1260089686098655,1.0880044843049328,33,0.03699551569506727,0.03864168618266979,0.9084630142445594,0.9000122335862817,30.353139013452914,30.4,2757.472459458214,3390,0.03375149342891278,0.8510204081632653,1.1384719182903604,6,3
odds_30plus_score>=0.9_expected>=0_top5_by_direct_expected_return,854,892,1.044496487119438,89200,100440,11240,1.1260089686098655,1.0880044843049328,33,0.03699551569506727,0.03864168618266979,0.9084630142445594,0.9000122335862817,30.353139013452914,30.4,2757.472459458214,3390,0.03375149342891278,0.8510204081632653,1.1384719182903604,6,3
odds_30plus_score>=0.9_expected>=0_top10_by_direct_expected_return,854,892,1.044496487119438,89200,100440,11240,1.1260089686098655,1.0880044843049328,33,0.03699551569506727,0.03864168618266979,0.9084630142445594,0.9000122335862817,30.353139013452914,30.4,2757.472459458214,3390,0.03375149342891278,0.8510204081632653,1.1384719182903604,6,3
odds_30plus_score>=0.9_expected>=500_top3_by_direct_ticket_score,854,892,1.044496487119438,89200,100440,11240,1.1260089686098655,1.0880044843049328,33,0.03699551569506727,0.03864168618266979,0.9084630142445594,0.9000122335862817,30.353139013452914,30.4,2757.4724594582135,3390,0.03375149342891278,0.8510204081632653,1.1384719182903604,6,3
odds_30plus_score>=0.9_expected>=500_top5_by_direct_ticket_score,854,892,1.044496487119438,89200,100440,11240,1.1260089686098655,1.0880044843049328,33,0.03699551569506727,0.03864168618266979,0.9084630142445594,0.9000122335862817,30.353139013452914,30.4,2757.4724594582135,3390,0.03375149342891278,0.8510204081632653,1.1384719182903604,6,3
odds_30plus_score>=0.9_expected>=500_top10_by_direct_ticket_score,854,892,1.044496487119438,89200,100440,11240,1.1260089686098655,1.0880044843049328,33,0.03699551569506727,0.03864168618266979,0.9084630142445594,0.9000122335862817,30.353139013452914,30.4,2757.4724594582135,3390,0.03375149342891278,0.8510204081632653,1.1384719182903604,6,3
odds_30plus_score>=0.9_expected>=500_top3_by_direct_expected_return,854,892,1.044496487119438,89200,100440,11240,1.1260089686098655,1.0880044843049328,33,0.03699551569506727,0.03864168618266979,0.9084630142445594,0.9000122335862817,30.353139013452914,30.4,2757.472459458214,3390,0.03375149342891278,0.8510204081632653,1.1384719182903604,6,3
odds_30plus_score>=0.9_expected>=500_top5_by_direct_expected_return,854,892,1.044496487119438,89200,100440,11240,1.1260089686098655,1.0880044843049328,33,0.03699551569506727,0.03864168618266979,0.9084630142445594,0.9000122335862817,30.353139013452914,30.4,2757.472459458214,3390,0.03375149342891278,0.8510204081632653,1.1384719182903604,6,3
odds_30plus_score>=0.9_expected>=500_top10_by_direct_expected_return,854,892,1.044496487119438,89200,100440,11240,1.1260089686098655,1.0880044843049328,33,0.03699551569506727,0.03864168618266979,0.9084630142445594,0.9000122335862817,30.353139013452914,30.4,2757.472459458214,3390,0.03375149342891278,0.8510204081632653,1.1384719182903604,6,3
odds_30plus_score>=0.9_expected>=1000_top3_by_direct_ticket_score,854,892,1.044496487119438,89200,100440,11240,1.1260089686098655,1.0880044843049328,33,0.03699551569506727,0.03864168618266979,0.9084630142445594,0.9000122335862817,30.353139013452914,30.4,2757.4724594582135,3390,0.03375149342891278,0.8510204081632653,1.1384719182903604,6,3
odds_30plus_score>=0.9_expected>=1000_top5_by_direct_ticket_score,854,892,1.044496487119438,89200,100440,11240,1.1260089686098655,1.0880044843049328,33,0.03699551569506727,0.03864168618266979,0.9084630142445594,0.9000122335862817,30.353139013452914,30.4,2757.4724594582135,3390,0.03375149342891278,0.8510204081632653,1.1384719182903604,6,3
odds_30plus_score>=0.9_expected>=1000_top10_by_direct_ticket_score,854,892,1.044496487119438,89200,100440,11240,1.1260089686098655,1.0880044843049328,33,0.03699551569506727,0.03864168618266979,0.9084630142445594,0.9000122335862817,30.353139013452914,30.4,2757.4724594582135,3390,0.03375149342891278,0.8510204081632653,1.1384719182903604,6,3
odds_30plus_score>=0.9_expected>=1000_top3_by_direct_expected_return,854,892,1.044496487119438,89200,100440,11240,1.1260089686098655,1.0880044843049328,33,0.03699551569506727,0.03864168618266979,0.9084630142445594,0.9000122335862817,30.353139013452914,30.4,2757.472459458214,3390,0.03375149342891278,0.8510204081632653,1.1384719182903604,6,3
odds_30plus_score>=0.9_expected>=1000_top5_by_direct_expected_return,854,892,1.044496487119438,89200,100440,11240,1.1260089686098655,1.0880044843049328,33,0.03699551569506727,0.03864168618266979,0.9084630142445594,0.9000122335862817,30.353139013452914,30.4,2757.472459458214,3390,0.03375149342891278,0.8510204081632653,1.1384719182903604,6,3
odds_30plus_score>=0.9_expected>=1000_top10_by_direct_expected_return,854,892,1.044496487119438,89200,100440,11240,1.1260089686098655,1.0880044843049328,33,0.03699551569506727,0.03864168618266979,0.9084630142445594,0.9000122335862817,30.353139013452914,30.4,2757.472459458214,3390,0.03375149342891278,0.8510204081632653,1.1384719182903604,6,3
odds_30plus_score>=0.9_expected>=1500_top3_by_direct_ticket_score,854,892,1.044496487119438,89200,100440,11240,1.1260089686098655,1.0880044843049328,33,0.03699551569506727,0.03864168618266979,0.9084630142445594,0.9000122335862817,30.353139013452914,30.4,2757.4724594582135,3390,0.03375149342891278,0.8510204081632653,1.1384719182903604,6,3
odds_30plus_score>=0.9_expected>=1500_top5_by_direct_ticket_score,854,892,1.044496487119438,89200,100440,11240,1.1260089686098655,1.0880044843049328,33,0.03699551569506727,0.03864168618266979,0.9084630142445594,0.9000122335862817,30.353139013452914,30.4,2757.4724594582135,3390,0.03375149342891278,0.8510204081632653,1.1384719182903604,6,3
odds_30plus_score>=0.9_expected>=1500_top10_by_direct_ticket_score,854,892,1.044496487119438,89200,100440,11240,1.1260089686098655,1.0880044843049328,33,0.03699551569506727,0.03864168618266979,0.9084630142445594,0.9000122335862817,30.353139013452914,30.4,2757.4724594582135,3390,0.03375149342891278,0.8510204081632653,1.1384719182903604,6,3
odds_30plus_score>=0.9_expected>=1500_top3_by_direct_expected_return,854,892,1.044496487119438,89200,100440,11240,1.1260089686098655,1.0880044843049328,33,0.03699551569506727,0.03864168618266979,0.9084630142445594,0.9000122335862817,30.353139013452914,30.4,2757.472459458214,3390,0.03375149342891278,0.8510204081632653,1.1384719182903604,6,3
odds_30plus_score>=0.9_expected>=1500_top5_by_direct_expected_return,854,892,1.044496487119438,89200,100440,11240,1.1260089686098655,1.0880044843049328,33,0.03699551569506727,0.03864168618266979,0.9084630142445594,0.9000122335862817,30.353139013452914,30.4,2757.472459458214,3390,0.03375149342891278,0.8510204081632653,1.1384719182903604,6,3
odds_30plus_score>=0.9_expected>=1500_top10_by_direct_expected_return,854,892,1.044496487119438,89200,100440,11240,1.1260089686098655,1.0880044843049328,33,0.03699551569506727,0.03864168618266979,0.9084630142445594,0.9000122335862817,30.353139013452914,30.4,2757.472459458214,3390,0.03375149342891278,0.8510204081632653,1.1384719182903604,6,3
odds_30plus_score>=0.9_expected>=2000_top3_by_direct_ticket_score,854,892,1.044496487119438,89200,100440,11240,1.1260089686098655,1.0880044843049328,33,0.03699551569506727,0.03864168618266979,0.9084630142445594,0.9000122335862817,30.353139013452914,30.4,2757.4724594582135,3390,0.03375149342891278,0.8510204081632653,1.1384719182903604,6,3
odds_30plus_score>=0.9_expected>=2000_top5_by_direct_ticket_score,854,892,1.044496487119438,89200,100440,11240,1.1260089686098655,1.0880044843049328,33,0.03699551569506727,0.03864168618266979,0.9084630142445594,0.9000122335862817,30.353139013452914,30.4,2757.4724594582135,3390,0.03375149342891278,0.8510204081632653,1.1384719182903604,6,3
odds_30plus_score>=0.9_expected>=2000_top10_by_direct_ticket_score,854,892,1.044496487119438,89200,100440,11240,1.1260089686098655,1.0880044843049328,33,0.03699551569506727,0.03864168618266979,0.9084630142445594,0.9000122335862817,30.353139013452914,30.4,2757.4724594582135,3390,0.03375149342891278,0.8510204081632653,1.1384719182903604,6,3
odds_30plus_score>=0.9_expected>=2000_top3_by_direct_expected_return,854,892,1.044496487119438,89200,100440,11240,1.1260089686098655,1.0880044843049328,33,0.03699551569506727,0.03864168618266979,0.9084630142445594,0.9000122335862817,30.353139013452914,30.4,2757.472459458214,3390,0.03375149342891278,0.8510204081632653,1.1384719182903604,6,3
odds_30plus_score>=0.9_expected>=2000_top5_by_direct_expected_return,854,892,1.044496487119438,89200,100440,11240,1.1260089686098655,1.0880044843049328,33,0.03699551569506727,0.03864168618266979,0.9084630142445594,0.9000122335862817,30.353139013452914,30.4,2757.472459458214,3390,0.03375149342891278,0.8510204081632653,1.1384719182903604,6,3
odds_30plus_score>=0.9_expected>=2000_top10_by_direct_expected_return,854,892,1.044496487119438,89200,100440,11240,1.1260089686098655,1.0880044843049328,33,0.03699551569506727,0.03864168618266979,0.9084630142445594,0.9000122335862817,30.353139013452914,30.4,2757.472459458214,3390,0.03375149342891278,0.8510204081632653,1.1384719182903604,6,3
odds_30_500_score>=0.9_expected>=0_top1_by_direct_expected_return,854,854,1.0,85400,94410,9010,1.1055035128805621,1.065807962529274,31,0.03629976580796253,0.03629976580796253,0.9086059460031211,0.9000122335862817,30.35655737704918,30.4,2758.216426562529,3390,0.03590721321893867,0.6970588235294117,1.103506457012664,6,5
odds_30_500_score>=0.9_expected>=500_top1_by_direct_expected_return,854,854,1.0,85400,94410,9010,1.1055035128805621,1.065807962529274,31,0.03629976580796253,0.03629976580796253,0.9086059460031211,0.9000122335862817,30.35655737704918,30.4,2758.216426562529,3390,0.03590721321893867,0.6970588235294117,1.103506457012664,6,5
odds_30_500_score>=0.9_expected>=1000_top1_by_direct_expected_return,854,854,1.0,85400,94410,9010,1.1055035128805621,1.065807962529274,31,0.03629976580796253,0.03629976580796253,0.9086059460031211,0.9000122335862817,30.35655737704918,30.4,2758.216426562529,3390,0.03590721321893867,0.6970588235294117,1.103506457012664,6,5
odds_30_500_score>=0.9_expected>=1500_top1_by_direct_expected_return,854,854,1.0,85400,94410,9010,1.1055035128805621,1.065807962529274,31,0.03629976580796253,0.03629976580796253,0.9086059460031211,0.9000122335862817,30.35655737704918,30.4,2758.216426562529,3390,0.03590721321893867,0.6970588235294117,1.103506457012664,6,5
odds_30_500_score>=0.9_expected>=2000_top1_by_direct_expected_return,854,854,1.0,85400,94410,9010,1.1055035128805621,1.065807962529274,31,0.03629976580796253,0.03629976580796253,0.9086059460031211,0.9000122335862817,30.35655737704918,30.4,2758.216426562529,3390,0.03590721321893867,0.6970588235294117,1.103506457012664,6,5
odds_30plus_score>=0.9_expected>=0_top1_by_direct_expected_return,854,854,1.0,85400,94410,9010,1.1055035128805621,1.065807962529274,31,0.03629976580796253,0.03629976580796253,0.9086059460031211,0.9000122335862817,30.35655737704918,30.4,2758.216426562529,3390,0.03590721321893867,0.6970588235294117,1.103506457012664,6,5
odds_30plus_score>=0.9_expected>=500_top1_by_direct_expected_return,854,854,1.0,85400,94410,9010,1.1055035128805621,1.065807962529274,31,0.03629976580796253,0.03629976580796253,0.9086059460031211,0.9000122335862817,30.35655737704918,30.4,2758.216426562529,3390,0.03590721321893867,0.6970588235294117,1.103506457012664,6,5
odds_30plus_score>=0.9_expected>=1000_top1_by_direct_expected_return,854,854,1.0,85400,94410,9010,1.1055035128805621,1.065807962529274,31,0.03629976580796253,0.03629976580796253,0.9086059460031211,0.9000122335862817,30.35655737704918,30.4,2758.216426562529,3390,0.03590721321893867,0.6970588235294117,1.103506457012664,6,5
odds_30plus_score>=0.9_expected>=1500_top1_by_direct_expected_return,854,854,1.0,85400,94410,9010,1.1055035128805621,1.065807962529274,31,0.03629976580796253,0.03629976580796253,0.9086059460031211,0.9000122335862817,30.35655737704918,30.4,2758.216426562529,3390,0.03590721321893867,0.6970588235294117,1.103506457012664,6,5
odds_30plus_score>=0.9_expected>=2000_top1_by_direct_expected_return,854,854,1.0,85400,94410,9010,1.1055035128805621,1.065807962529274,31,0.03629976580796253,0.03629976580796253,0.9086059460031211,0.9000122335862817,30.35655737704918,30.4,2758.216426562529,3390,0.03590721321893867,0.6970588235294117,1.103506457012664,6,5
odds_30_500_score>=0.9_expected>=0_top1_by_direct_ticket_score,854,854,1.0,85400,94350,8950,1.10480093676815,1.0651053864168618,31,0.03629976580796253,0.03629976580796253,0.9086500135559717,0.9000122335862817,30.353161592505852,30.4,2758.04180946521,3390,0.035930047694753574,0.6970588235294117,1.116250121730013,6,4
odds_30_500_score>=0.9_expected>=500_top1_by_direct_ticket_score,854,854,1.0,85400,94350,8950,1.10480093676815,1.0651053864168618,31,0.03629976580796253,0.03629976580796253,0.9086500135559717,0.9000122335862817,30.353161592505852,30.4,2758.04180946521,3390,0.035930047694753574,0.6970588235294117,1.116250121730013,6,4
odds_30_500_score>=0.9_expected>=1000_top1_by_direct_ticket_score,854,854,1.0,85400,94350,8950,1.10480093676815,1.0651053864168618,31,0.03629976580796253,0.03629976580796253,0.9086500135559717,0.9000122335862817,30.353161592505852,30.4,2758.04180946521,3390,0.035930047694753574,0.6970588235294117,1.116250121730013,6,4
odds_30_500_score>=0.9_expected>=1500_top1_by_direct_ticket_score,854,854,1.0,85400,94350,8950,1.10480093676815,1.0651053864168618,31,0.03629976580796253,0.03629976580796253,0.9086500135559717,0.9000122335862817,30.353161592505852,30.4,2758.04180946521,3390,0.035930047694753574,0.6970588235294117,1.116250121730013,6,4
odds_30_500_score>=0.9_expected>=2000_top1_by_direct_ticket_score,854,854,1.0,85400,94350,8950,1.10480093676815,1.0651053864168618,31,0.03629976580796253,0.03629976580796253,0.9086500135559717,0.9000122335862817,30.353161592505852,30.4,2758.04180946521,3390,0.035930047694753574,0.6970588235294117,1.116250121730013,6,4
odds_30plus_score>=0.9_expected>=0_top1_by_direct_ticket_score,854,854,1.0,85400,94350,8950,1.10480093676815,1.0651053864168618,31,0.03629976580796253,0.03629976580796253,0.9086500135559717,0.9000122335862817,30.353161592505852,30.4,2758.04180946521,3390,0.035930047694753574,0.6970588235294117,1.116250121730013,6,4
odds_30plus_score>=0.9_expected>=500_top1_by_direct_ticket_score,854,854,1.0,85400,94350,8950,1.10480093676815,1.0651053864168618,31,0.03629976580796253,0.03629976580796253,0.9086500135559717,0.9000122335862817,30.353161592505852,30.4,2758.04180946521,3390,0.035930047694753574,0.6970588235294117,1.116250121730013,6,4
odds_30plus_score>=0.9_expected>=1000_top1_by_direct_ticket_score,854,854,1.0,85400,94350,8950,1.10480093676815,1.0651053864168618,31,0.03629976580796253,0.03629976580796253,0.9086500135559717,0.9000122335862817,30.353161592505852,30.4,2758.04180946521,3390,0.035930047694753574,0.6970588235294117,1.116250121730013,6,4
odds_30plus_score>=0.9_expected>=1500_top1_by_direct_ticket_score,854,854,1.0,85400,94350,8950,1.10480093676815,1.0651053864168618,31,0.03629976580796253,0.03629976580796253,0.9086500135559717,0.9000122335862817,30.353161592505852,30.4,2758.04180946521,3390,0.035930047694753574,0.6970588235294117,1.116250121730013,6,4
odds_30plus_score>=0.9_expected>=2000_top1_by_direct_ticket_score,854,854,1.0,85400,94350,8950,1.10480093676815,1.0651053864168618,31,0.03629976580796253,0.03629976580796253,0.9086500135559717,0.9000122335862817,30.353161592505852,30.4,2758.04180946521,3390,0.035930047694753574,0.6970588235294117,1.116250121730013,6,4
odds_30_500_score>=0.7_expected>=5000_top2_by_direct_ticket_score,2971,3848,1.2951868057892966,384800,388950,4150,1.0107848232848233,0.9866943866943867,52,0.013513513513513514,0.017502524402558062,0.7238716350567852,0.7000192588491508,75.61735966735966,74.6,5467.423995464513,9270,0.023833397608947166,0.6375896700143472,1.033845391327701,6,2
odds_50_500_score>=0.7_expected>=5000_top2_by_direct_ticket_score,2971,3848,1.2951868057892966,384800,388950,4150,1.0107848232848233,0.9866943866943867,52,0.013513513513513514,0.017502524402558062,0.7238716350567852,0.7000192588491508,75.61735966735966,74.6,5467.423995464513,9270,0.023833397608947166,0.6375896700143472,1.033845391327701,6,2
odds_50_1000_score>=0.7_expected>=5000_top2_by_direct_ticket_score,2971,3848,1.2951868057892966,384800,388950,4150,1.0107848232848233,0.9866943866943867,52,0.013513513513513514,0.017502524402558062,0.7238716350567852,0.7000192588491508,75.61735966735966,74.6,5467.423995464513,9270,0.023833397608947166,0.6375896700143472,1.033845391327701,6,2
odds_30plus_score>=0.7_expected>=5000_top2_by_direct_ticket_score,2971,3848,1.2951868057892966,384800,388950,4150,1.0107848232848233,0.9866943866943867,52,0.013513513513513514,0.017502524402558062,0.7238716350567852,0.7000192588491508,75.61735966735966,74.6,5467.423995464513,9270,0.023833397608947166,0.6375896700143472,1.033845391327701,6,2
odds_50plus_score>=0.7_expected>=5000_top2_by_direct_ticket_score,2971,3848,1.2951868057892966,384800,388950,4150,1.0107848232848233,0.9866943866943867,52,0.013513513513513514,0.017502524402558062,0.7238716350567852,0.7000192588491508,75.61735966735966,74.6,5467.423995464513,9270,0.023833397608947166,0.6375896700143472,1.033845391327701,6,2
odds_30_500_score>=0.6_expected>=5000_top2_by_direct_ticket_score,10608,18970,1.7882730015082957,1897000,1880830,-16170,0.9914760147601476,0.9860885608856088,231,0.012177121771217712,0.02177601809954751,0.6682089411795687,0.6000030084261291,82.62384290985767,81.6,5502.276695941653,10220,0.005433771260560497,0.8692728932156982,0.9921639027677354,6,2
odds_50_500_score>=0.6_expected>=5000_top2_by_direct_ticket_score,10608,18970,1.7882730015082957,1897000,1880830,-16170,0.9914760147601476,0.9860885608856088,231,0.012177121771217712,0.02177601809954751,0.6682089411795687,0.6000030084261291,82.62384290985767,81.6,5502.276695941653,10220,0.005433771260560497,0.8692728932156982,0.9921639027677354,6,2
odds_50_1000_score>=0.6_expected>=5000_top2_by_direct_ticket_score,10608,18970,1.7882730015082957,1897000,1880830,-16170,0.9914760147601476,0.9860885608856088,231,0.012177121771217712,0.02177601809954751,0.6682089411795687,0.6000030084261291,82.62384290985767,81.6,5502.276695941653,10220,0.005433771260560497,0.8692728932156982,0.9921639027677354,6,2
odds_30plus_score>=0.6_expected>=5000_top2_by_direct_ticket_score,10608,18970,1.7882730015082957,1897000,1880830,-16170,0.9914760147601476,0.9860885608856088,231,0.012177121771217712,0.02177601809954751,0.6682089411795687,0.6000030084261291,82.62384290985767,81.6,5502.276695941653,10220,0.005433771260560497,0.8692728932156982,0.9921639027677354,6,2
odds_50plus_score>=0.6_expected>=5000_top2_by_direct_ticket_score,10608,18970,1.7882730015082957,1897000,1880830,-16170,0.9914760147601476,0.9860885608856088,231,0.012177121771217712,0.02177601809954751,0.6682089411795687,0.6000030084261291,82.62384290985767,81.6,5502.276695941653,10220,0.005433771260560497,0.8692728932156982,0.9921639027677354,6,2
odds_30_500_score>=0.6_expected>=5000_top2_by_direct_expected_return,10608,18970,1.7882730015082957,1897000,1874770,-22230,0.9882814971006852,0.9818661043753295,214,0.011280969952556669,0.02017345399698341,0.6465759688092255,0.6000030084261291,89.33978386926728,89.6,5761.810768034317,12170,0.0064914629527888755,0.7051414663827198,0.9851877432984163,6,4
odds_50_500_score>=0.6_expected>=5000_top2_by_direct_expected_return,10608,18970,1.7882730015082957,1897000,1874770,-22230,0.9882814971006852,0.9818661043753295,214,0.011280969952556669,0.02017345399698341,0.6465759688092255,0.6000030084261291,89.33978386926728,89.6,5761.810768034317,12170,0.0064914629527888755,0.7051414663827198,0.9851877432984163,6,4
odds_50_1000_score>=0.6_expected>=5000_top2_by_direct_expected_return,10608,18970,1.7882730015082957,1897000,1874770,-22230,0.9882814971006852,0.9818661043753295,214,0.011280969952556669,0.02017345399698341,0.6465759688092255,0.6000030084261291,89.33978386926728,89.6,5761.810768034317,12170,0.0064914629527888755,0.7051414663827198,0.9851877432984163,6,4
odds_30plus_score>=0.6_expected>=5000_top2_by_direct_expected_return,10608,18970,1.7882730015082957,1897000,1874770,-22230,0.9882814971006852,0.9818661043753295,214,0.011280969952556669,0.02017345399698341,0.6465759688092255,0.6000030084261291,89.33978386926728,89.6,5761.810768034317,12170,0.0064914629527888755,0.7051414663827198,0.9851877432984163,6,4
odds_50plus_score>=0.6_expected>=5000_top2_by_direct_expected_return,10608,18970,1.7882730015082957,1897000,1874770,-22230,0.9882814971006852,0.9818661043753295,214,0.011280969952556669,0.02017345399698341,0.6465759688092255,0.6000030084261291,89.33978386926728,89.6,5761.810768034317,12170,0.0064914629527888755,0.7051414663827198,0.9851877432984163,6,4
odds_50_500_score>=0.6_expected>=0_top2_by_direct_expected_return,13162,26013,1.976371372131895,2601300,2509890,-91410,0.964859877753431,0.9601814477376697,307,0.011801791411986314,0.023324722686521804,0.6513797372442582,0.6000030084261291,83.4535732133933,84.8,5412.321970073217,12170,0.00484881807569256,0.6689893143365984,0.9632401980860582,6,3
odds_50_500_score>=0.6_expected>=500_top2_by_direct_expected_return,13162,26013,1.976371372131895,2601300,2509890,-91410,0.964859877753431,0.9601814477376697,307,0.011801791411986314,0.023324722686521804,0.6513797372442582,0.6000030084261291,83.4535732133933,84.8,5412.321970073217,12170,0.00484881807569256,0.6689893143365984,0.9632401980860582,6,3
odds_50_500_score>=0.6_expected>=1000_top2_by_direct_expected_return,13162,26013,1.976371372131895,2601300,2509890,-91410,0.964859877753431,0.9601814477376697,307,0.011801791411986314,0.023324722686521804,0.6513797372442582,0.6000030084261291,83.4535732133933,84.8,5412.321970073217,12170,0.00484881807569256,0.6689893143365984,0.9632401980860582,6,3
odds_50_500_score>=0.6_expected>=1500_top2_by_direct_expected_return,13162,26013,1.976371372131895,2601300,2509890,-91410,0.964859877753431,0.9601814477376697,307,0.011801791411986314,0.023324722686521804,0.6513797372442582,0.6000030084261291,83.4535732133933,84.8,5412.321970073217,12170,0.00484881807569256,0.6689893143365984,0.9632401980860582,6,3
odds_50_500_score>=0.6_expected>=2000_top2_by_direct_expected_return,13162,26013,1.976371372131895,2601300,2509890,-91410,0.964859877753431,0.9601814477376697,307,0.011801791411986314,0.023324722686521804,0.6513797372442582,0.6000030084261291,83.4535732133933,84.8,5412.321970073217,12170,0.00484881807569256,0.6689893143365984,0.9632401980860582,6,3
odds_50_500_score>=0.6_expected>=3000_top2_by_direct_expected_return,13162,26013,1.976371372131895,2601300,2509890,-91410,0.964859877753431,0.9601814477376697,307,0.011801791411986314,0.023324722686521804,0.6513797372442582,0.6000030084261291,83.4535732133933,84.8,5412.321970073217,12170,0.00484881807569256,0.6689893143365984,0.9632401980860582,6,3
odds_50_1000_score>=0.6_expected>=0_top2_by_direct_expected_return,13162,26013,1.976371372131895,2601300,2509890,-91410,0.964859877753431,0.9601814477376697,307,0.011801791411986314,0.023324722686521804,0.6513797372442582,0.6000030084261291,83.4535732133933,84.8,5412.321970073217,12170,0.00484881807569256,0.6689893143365984,0.9632401980860582,6,3
odds_50_1000_score>=0.6_expected>=500_top2_by_direct_expected_return,13162,26013,1.976371372131895,2601300,2509890,-91410,0.964859877753431,0.9601814477376697,307,0.011801791411986314,0.023324722686521804,0.6513797372442582,0.6000030084261291,83.4535732133933,84.8,5412.321970073217,12170,0.00484881807569256,0.6689893143365984,0.9632401980860582,6,3
odds_50_1000_score>=0.6_expected>=1000_top2_by_direct_expected_return,13162,26013,1.976371372131895,2601300,2509890,-91410,0.964859877753431,0.9601814477376697,307,0.011801791411986314,0.023324722686521804,0.6513797372442582,0.6000030084261291,83.4535732133933,84.8,5412.321970073217,12170,0.00484881807569256,0.6689893143365984,0.9632401980860582,6,3
odds_50_1000_score>=0.6_expected>=1500_top2_by_direct_expected_return,13162,26013,1.976371372131895,2601300,2509890,-91410,0.964859877753431,0.9601814477376697,307,0.011801791411986314,0.023324722686521804,0.6513797372442582,0.6000030084261291,83.4535732133933,84.8,5412.321970073217,12170,0.00484881807569256,0.6689893143365984,0.9632401980860582,6,3
odds_50_1000_score>=0.6_expected>=2000_top2_by_direct_expected_return,13162,26013,1.976371372131895,2601300,2509890,-91410,0.964859877753431,0.9601814477376697,307,0.011801791411986314,0.023324722686521804,0.6513797372442582,0.6000030084261291,83.4535732133933,84.8,5412.321970073217,12170,0.00484881807569256,0.6689893143365984,0.9632401980860582,6,3
odds_50_1000_score>=0.6_expected>=3000_top2_by_direct_expected_return,13162,26013,1.976371372131895,2601300,2509890,-91410,0.964859877753431,0.9601814477376697,307,0.011801791411986314,0.023324722686521804,0.6513797372442582,0.6000030084261291,83.4535732133933,84.8,5412.321970073217,12170,0.00484881807569256,0.6689893143365984,0.9632401980860582,6,3
odds_50plus_score>=0.6_expected>=0_top2_by_direct_expected_return,13162,26013,1.976371372131895,2601300,2509890,-91410,0.964859877753431,0.9601814477376697,307,0.011801791411986314,0.023324722686521804,0.6513797372442582,0.6000030084261291,83.4535732133933,84.8,5412.321970073217,12170,0.00484881807569256,0.6689893143365984,0.9632401980860582,6,3
odds_50plus_score>=0.6_expected>=500_top2_by_direct_expected_return,13162,26013,1.976371372131895,2601300,2509890,-91410,0.964859877753431,0.9601814477376697,307,0.011801791411986314,0.023324722686521804,0.6513797372442582,0.6000030084261291,83.4535732133933,84.8,5412.321970073217,12170,0.00484881807569256,0.6689893143365984,0.9632401980860582,6,3
odds_50plus_score>=0.6_expected>=1000_top2_by_direct_expected_return,13162,26013,1.976371372131895,2601300,2509890,-91410,0.964859877753431,0.9601814477376697,307,0.011801791411986314,0.023324722686521804,0.6513797372442582,0.6000030084261291,83.4535732133933,84.8,5412.321970073217,12170,0.00484881807569256,0.6689893143365984,0.9632401980860582,6,3
odds_50plus_score>=0.6_expected>=1500_top2_by_direct_expected_return,13162,26013,1.976371372131895,2601300,2509890,-91410,0.964859877753431,0.9601814477376697,307,0.011801791411986314,0.023324722686521804,0.6513797372442582,0.6000030084261291,83.4535732133933,84.8,5412.321970073217,12170,0.00484881807569256,0.6689893143365984,0.9632401980860582,6,3
odds_50plus_score>=0.6_expected>=2000_top2_by_direct_expected_return,13162,26013,1.976371372131895,2601300,2509890,-91410,0.964859877753431,0.9601814477376697,307,0.011801791411986314,0.023324722686521804,0.6513797372442582,0.6000030084261291,83.4535732133933,84.8,5412.321970073217,12170,0.00484881807569256,0.6689893143365984,0.9632401980860582,6,3
odds_50plus_score>=0.6_expected>=3000_top2_by_direct_expected_return,13162,26013,1.976371372131895,2601300,2509890,-91410,0.964859877753431,0.9601814477376697,307,0.011801791411986314,0.023324722686521804,0.6513797372442582,0.6000030084261291,83.4535732133933,84.8,5412.321970073217,12170,0.00484881807569256,0.6689893143365984,0.9632401980860582,6,3
odds_30_500_score>=0.6_expected>=5000_top3_by_direct_expected_return,10608,25377,2.3922511312217196,2537700,2448370,-89330,0.9647988335894708,0.9600031524608897,283,0.01115183039760413,0.026677978883861236,0.6476136141088118,0.6000030084261291,88.16482247704616,88.1,5694.047591028683,12170,0.004970653945277879,0.7488909008601177,0.9651806194960878,6,2
odds_50_500_score>=0.6_expected>=5000_top3_by_direct_expected_return,10608,25377,2.3922511312217196,2537700,2448370,-89330,0.9647988335894708,0.9600031524608897,283,0.01115183039760413,0.026677978883861236,0.6476136141088118,0.6000030084261291,88.16482247704616,88.1,5694.047591028683,12170,0.004970653945277879,0.7488909008601177,0.9651806194960878,6,2
odds_50_1000_score>=0.6_expected>=5000_top3_by_direct_expected_return,10608,25377,2.3922511312217196,2537700,2448370,-89330,0.9647988335894708,0.9600031524608897,283,0.01115183039760413,0.026677978883861236,0.6476136141088118,0.6000030084261291,88.16482247704616,88.1,5694.047591028683,12170,0.004970653945277879,0.7488909008601177,0.9651806194960878,6,2
odds_30plus_score>=0.6_expected>=5000_top3_by_direct_expected_return,10608,25377,2.3922511312217196,2537700,2448370,-89330,0.9647988335894708,0.9600031524608897,283,0.01115183039760413,0.026677978883861236,0.6476136141088118,0.6000030084261291,88.16482247704616,88.1,5694.047591028683,12170,0.004970653945277879,0.7488909008601177,0.9651806194960878,6,2
odds_50plus_score>=0.6_expected>=5000_top3_by_direct_expected_return,10608,25377,2.3922511312217196,2537700,2448370,-89330,0.9647988335894708,0.9600031524608897,283,0.01115183039760413,0.026677978883861236,0.6476136141088118,0.6000030084261291,88.16482247704616,88.1,5694.047591028683,12170,0.004970653945277879,0.7488909008601177,0.9651806194960878,6,2
odds_50_500_score>=0.7_expected>=0_top1_by_direct_ticket_score,11410,11410,1.0,1141000,1100650,-40350,0.9646362839614373,0.9575021910604733,196,0.01717791411042945,0.01717791411042945,0.749444943661037,0.7000142473232887,56.62179666958808,54.7,4239.570638243156,8140,0.0073956298550856316,0.6396491228070176,0.9623135762618417,6,2
odds_50_500_score>=0.7_expected>=500_top1_by_direct_ticket_score,11410,11410,1.0,1141000,1100650,-40350,0.9646362839614373,0.9575021910604733,196,0.01717791411042945,0.01717791411042945,0.749444943661037,0.7000142473232887,56.62179666958808,54.7,4239.570638243156,8140,0.0073956298550856316,0.6396491228070176,0.9623135762618417,6,2
odds_50_500_score>=0.7_expected>=1000_top1_by_direct_ticket_score,11410,11410,1.0,1141000,1100650,-40350,0.9646362839614373,0.9575021910604733,196,0.01717791411042945,0.01717791411042945,0.749444943661037,0.7000142473232887,56.62179666958808,54.7,4239.570638243156,8140,0.0073956298550856316,0.6396491228070176,0.9623135762618417,6,2
odds_50_500_score>=0.7_expected>=1500_top1_by_direct_ticket_score,11410,11410,1.0,1141000,1100650,-40350,0.9646362839614373,0.9575021910604733,196,0.01717791411042945,0.01717791411042945,0.749444943661037,0.7000142473232887,56.62179666958808,54.7,4239.570638243156,8140,0.0073956298550856316,0.6396491228070176,0.9623135762618417,6,2
odds_50_500_score>=0.7_expected>=2000_top1_by_direct_ticket_score,11410,11410,1.0,1141000,1100650,-40350,0.9646362839614373,0.9575021910604733,196,0.01717791411042945,0.01717791411042945,0.749444943661037,0.7000142473232887,56.62179666958808,54.7,4239.570638243156,8140,0.0073956298550856316,0.6396491228070176,0.9623135762618417,6,2
odds_50_500_score>=0.7_expected>=3000_top1_by_direct_ticket_score,11410,11410,1.0,1141000,1100650,-40350,0.9646362839614373,0.9575021910604733,196,0.01717791411042945,0.01717791411042945,0.749444943661037,0.7000142473232887,56.62179666958808,54.7,4239.570638243156,8140,0.0073956298550856316,0.6396491228070176,0.9623135762618417,6,2
odds_50_1000_score>=0.7_expected>=0_top1_by_direct_ticket_score,11410,11410,1.0,1141000,1100650,-40350,0.9646362839614373,0.9575021910604733,196,0.01717791411042945,0.01717791411042945,0.749444943661037,0.7000142473232887,56.62179666958808,54.7,4239.570638243156,8140,0.0073956298550856316,0.6396491228070176,0.9623135762618417,6,2
odds_50_1000_score>=0.7_expected>=500_top1_by_direct_ticket_score,11410,11410,1.0,1141000,1100650,-40350,0.9646362839614373,0.9575021910604733,196,0.01717791411042945,0.01717791411042945,0.749444943661037,0.7000142473232887,56.62179666958808,54.7,4239.570638243156,8140,0.0073956298550856316,0.6396491228070176,0.9623135762618417,6,2
odds_50_1000_score>=0.7_expected>=1000_top1_by_direct_ticket_score,11410,11410,1.0,1141000,1100650,-40350,0.9646362839614373,0.9575021910604733,196,0.01717791411042945,0.01717791411042945,0.749444943661037,0.7000142473232887,56.62179666958808,54.7,4239.570638243156,8140,0.0073956298550856316,0.6396491228070176,0.9623135762618417,6,2
odds_50_1000_score>=0.7_expected>=1500_top1_by_direct_ticket_score,11410,11410,1.0,1141000,1100650,-40350,0.9646362839614373,0.9575021910604733,196,0.01717791411042945,0.01717791411042945,0.749444943661037,0.7000142473232887,56.62179666958808,54.7,4239.570638243156,8140,0.0073956298550856316,0.6396491228070176,0.9623135762618417,6,2
odds_50_1000_score>=0.7_expected>=2000_top1_by_direct_ticket_score,11410,11410,1.0,1141000,1100650,-40350,0.9646362839614373,0.9575021910604733,196,0.01717791411042945,0.01717791411042945,0.749444943661037,0.7000142473232887,56.62179666958808,54.7,4239.570638243156,8140,0.0073956298550856316,0.6396491228070176,0.9623135762618417,6,2
odds_50_1000_score>=0.7_expected>=3000_top1_by_direct_ticket_score,11410,11410,1.0,1141000,1100650,-40350,0.9646362839614373,0.9575021910604733,196,0.01717791411042945,0.01717791411042945,0.749444943661037,0.7000142473232887,56.62179666958808,54.7,4239.570638243156,8140,0.0073956298550856316,0.6396491228070176,0.9623135762618417,6,2
odds_50plus_score>=0.7_expected>=0_top1_by_direct_ticket_score,11410,11410,1.0,1141000,1100650,-40350,0.9646362839614373,0.9575021910604733,196,0.01717791411042945,0.01717791411042945,0.749444943661037,0.7000142473232887,56.62179666958808,54.7,4239.570638243156,8140,0.0073956298550856316,0.6396491228070176,0.9623135762618417,6,2
odds_50plus_score>=0.7_expected>=500_top1_by_direct_ticket_score,11410,11410,1.0,1141000,1100650,-40350,0.9646362839614373,0.9575021910604733,196,0.01717791411042945,0.01717791411042945,0.749444943661037,0.7000142473232887,56.62179666958808,54.7,4239.570638243156,8140,0.0073956298550856316,0.6396491228070176,0.9623135762618417,6,2
odds_50plus_score>=0.7_expected>=1000_top1_by_direct_ticket_score,11410,11410,1.0,1141000,1100650,-40350,0.9646362839614373,0.9575021910604733,196,0.01717791411042945,0.01717791411042945,0.749444943661037,0.7000142473232887,56.62179666958808,54.7,4239.570638243156,8140,0.0073956298550856316,0.6396491228070176,0.9623135762618417,6,2
odds_50plus_score>=0.7_expected>=1500_top1_by_direct_ticket_score,11410,11410,1.0,1141000,1100650,-40350,0.9646362839614373,0.9575021910604733,196,0.01717791411042945,0.01717791411042945,0.749444943661037,0.7000142473232887,56.62179666958808,54.7,4239.570638243156,8140,0.0073956298550856316,0.6396491228070176,0.9623135762618417,6,2
odds_50plus_score>=0.7_expected>=2000_top1_by_direct_ticket_score,11410,11410,1.0,1141000,1100650,-40350,0.9646362839614373,0.9575021910604733,196,0.01717791411042945,0.01717791411042945,0.749444943661037,0.7000142473232887,56.62179666958808,54.7,4239.570638243156,8140,0.0073956298550856316,0.6396491228070176,0.9623135762618417,6,2
odds_50plus_score>=0.7_expected>=3000_top1_by_direct_ticket_score,11410,11410,1.0,1141000,1100650,-40350,0.9646362839614373,0.9575021910604733,196,0.01717791411042945,0.01717791411042945,0.749444943661037,0.7000142473232887,56.62179666958808,54.7,4239.570638243156,8140,0.0073956298550856316,0.6396491228070176,0.9623135762618417,6,2
odds_30_500_score>=0.6_expected>=5000_top3_by_direct_ticket_score,10608,25377,2.3922511312217196,2537700,2433100,-104600,0.9587815738660992,0.9546124443393624,295,0.011624699531071443,0.02780920060331825,0.6624738875550013,0.6000030084261291,83.5901722031761,82.5,5519.327539887112,10580,0.004348362171715096,0.8453466912733983,0.957530454342324,6,2
odds_50_500_score>=0.6_expected>=5000_top3_by_direct_ticket_score,10608,25377,2.3922511312217196,2537700,2433100,-104600,0.9587815738660992,0.9546124443393624,295,0.011624699531071443,0.02780920060331825,0.6624738875550013,0.6000030084261291,83.5901722031761,82.5,5519.327539887112,10580,0.004348362171715096,0.8453466912733983,0.957530454342324,6,2
odds_50_1000_score>=0.6_expected>=5000_top3_by_direct_ticket_score,10608,25377,2.3922511312217196,2537700,2433100,-104600,0.9587815738660992,0.9546124443393624,295,0.011624699531071443,0.02780920060331825,0.6624738875550013,0.6000030084261291,83.5901722031761,82.5,5519.327539887112,10580,0.004348362171715096,0.8453466912733983,0.957530454342324,6,2
odds_30plus_score>=0.6_expected>=5000_top3_by_direct_ticket_score,10608,25377,2.3922511312217196,2537700,2433100,-104600,0.9587815738660992,0.9546124443393624,295,0.011624699531071443,0.02780920060331825,0.6624738875550013,0.6000030084261291,83.5901722031761,82.5,5519.327539887112,10580,0.004348362171715096,0.8453466912733983,0.957530454342324,6,2
odds_50plus_score>=0.6_expected>=5000_top3_by_direct_ticket_score,10608,25377,2.3922511312217196,2537700,2433100,-104600,0.9587815738660992,0.9546124443393624,295,0.011624699531071443,0.02780920060331825,0.6624738875550013,0.6000030084261291,83.5901722031761,82.5,5519.327539887112,10580,0.004348362171715096,0.8453466912733983,0.957530454342324,6,2
odds_30_500_score>=0.6_expected>=3000_top2_by_direct_expected_return,13244,26382,1.991996375717306,2638200,2518590,-119610,0.954662269729361,0.9500492760215298,309,0.011712531271321356,0.02333131984294775,0.6527099895946288,0.6000030084261291,82.91209915851717,84.6,5383.373952713673,12170,0.004832068736872615,0.6568524590163934,0.9533731674409113,6,3
odds_30plus_score>=0.6_expected>=3000_top2_by_direct_expected_return,13244,26382,1.991996375717306,2638200,2518590,-119610,0.954662269729361,0.9500492760215298,309,0.011712531271321356,0.02333131984294775,0.6527099895946288,0.6000030084261291,82.91209915851717,84.6,5383.373952713673,12170,0.004832068736872615,0.6568524590163934,0.9533731674409113,6,3
odds_30_500_score>=0.6_expected>=5000_top5_by_direct_ticket_score,10608,33388,3.1474358974358974,3338800,3173520,-165280,0.9504971846172278,0.9468521624535762,381,0.011411285491793459,0.03591628959276018,0.6562971185969292,0.6000030084261291,84.73401821013539,83.9,5543.070285133859,12170,0.003834858453704404,0.8358752753770547,0.9500726244548701,6,3
odds_50_500_score>=0.6_expected>=5000_top5_by_direct_ticket_score,10608,33388,3.1474358974358974,3338800,3173520,-165280,0.9504971846172278,0.9468521624535762,381,0.011411285491793459,0.03591628959276018,0.6562971185969292,0.6000030084261291,84.73401821013539,83.9,5543.070285133859,12170,0.003834858453704404,0.8358752753770547,0.9500726244548701,6,3
odds_50_1000_score>=0.6_expected>=5000_top5_by_direct_ticket_score,10608,33388,3.1474358974358974,3338800,3173520,-165280,0.9504971846172278,0.9468521624535762,381,0.011411285491793459,0.03591628959276018,0.6562971185969292,0.6000030084261291,84.73401821013539,83.9,5543.070285133859,12170,0.003834858453704404,0.8358752753770547,0.9500726244548701,6,3
odds_30plus_score>=0.6_expected>=5000_top5_by_direct_ticket_score,10608,33388,3.1474358974358974,3338800,3173520,-165280,0.9504971846172278,0.9468521624535762,381,0.011411285491793459,0.03591628959276018,0.6562971185969292,0.6000030084261291,84.73401821013539,83.9,5543.070285133859,12170,0.003834858453704404,0.8358752753770547,0.9500726244548701,6,3
odds_50plus_score>=0.6_expected>=5000_top5_by_direct_ticket_score,10608,33388,3.1474358974358974,3338800,3173520,-165280,0.9504971846172278,0.9468521624535762,381,0.011411285491793459,0.03591628959276018,0.6562971185969292,0.6000030084261291,84.73401821013539,83.9,5543.070285133859,12170,0.003834858453704404,0.8358752753770547,0.9500726244548701,6,3
odds_30_500_score>=0.6_expected>=2000_top2_by_direct_expected_return,13294,26568,1.9984955619076274,2656800,2526220,-130580,0.9508506473953628,0.9462699488105992,311,0.01170581150255947,0.023394012336392357,0.653153987269468,0.6000030084261291,82.60008657031014,84.4,5364.706571068091,12170,0.0048174743292349834,0.6525732899022801,0.9494951537216266,6,3
odds_30plus_score>=0.6_expected>=2000_top2_by_direct_expected_return,13294,26568,1.9984955619076274,2656800,2526220,-130580,0.9508506473953628,0.9462699488105992,311,0.01170581150255947,0.023394012336392357,0.653153987269468,0.6000030084261291,82.60008657031014,84.4,5364.706571068091,12170,0.0048174743292349834,0.6525732899022801,0.9494951537216266,6,3
odds_30_500_score>=0.6_expected>=0_top2_by_direct_expected_return,13295,26569,1.998420458819105,2656900,2526220,-130680,0.9508148594226354,0.9462343332455116,311,0.011705370920998156,0.023392252726588944,0.653152542831753,0.6000030084261291,82.59816703677218,84.4,5364.577773893536,12170,0.0048174743292349834,0.6524316109422492,0.9494715405616215,6,3
odds_30_500_score>=0.6_expected>=500_top2_by_direct_expected_return,13295,26569,1.998420458819105,2656900,2526220,-130680,0.9508148594226354,0.9462343332455116,311,0.011705370920998156,0.023392252726588944,0.653152542831753,0.6000030084261291,82.59816703677218,84.4,5364.577773893536,12170,0.0048174743292349834,0.6524316109422492,0.9494715405616215,6,3
odds_30_500_score>=0.6_expected>=1000_top2_by_direct_expected_return,13295,26569,1.998420458819105,2656900,2526220,-130680,0.9508148594226354,0.9462343332455116,311,0.011705370920998156,0.023392252726588944,0.653152542831753,0.6000030084261291,82.59816703677218,84.4,5364.577773893536,12170,0.0048174743292349834,0.6524316109422492,0.9494715405616215,6,3
odds_30_500_score>=0.6_expected>=1500_top2_by_direct_expected_return,13295,26569,1.998420458819105,2656900,2526220,-130680,0.9508148594226354,0.9462343332455116,311,0.011705370920998156,0.023392252726588944,0.653152542831753,0.6000030084261291,82.59816703677218,84.4,5364.577773893536,12170,0.0048174743292349834,0.6524316109422492,0.9494715405616215,6,3
odds_30plus_score>=0.6_expected>=0_top2_by_direct_expected_return,13295,26569,1.998420458819105,2656900,2526220,-130680,0.9508148594226354,0.9462343332455116,311,0.011705370920998156,0.023392252726588944,0.653152542831753,0.6000030084261291,82.59816703677218,84.4,5364.577773893536,12170,0.0048174743292349834,0.6524316109422492,0.9494715405616215,6,3
odds_30plus_score>=0.6_expected>=500_top2_by_direct_expected_return,13295,26569,1.998420458819105,2656900,2526220,-130680,0.9508148594226354,0.9462343332455116,311,0.011705370920998156,0.023392252726588944,0.653152542831753,0.6000030084261291,82.59816703677218,84.4,5364.577773893536,12170,0.0048174743292349834,0.6524316109422492,0.9494715405616215,6,3
odds_30plus_score>=0.6_expected>=1000_top2_by_direct_expected_return,13295,26569,1.998420458819105,2656900,2526220,-130680,0.9508148594226354,0.9462343332455116,311,0.011705370920998156,0.023392252726588944,0.653152542831753,0.6000030084261291,82.59816703677218,84.4,5364.577773893536,12170,0.0048174743292349834,0.6524316109422492,0.9494715405616215,6,3
odds_30plus_score>=0.6_expected>=1500_top2_by_direct_expected_return,13295,26569,1.998420458819105,2656900,2526220,-130680,0.9508148594226354,0.9462343332455116,311,0.011705370920998156,0.023392252726588944,0.653152542831753,0.6000030084261291,82.59816703677218,84.4,5364.577773893536,12170,0.0048174743292349834,0.6524316109422492,0.9494715405616215,6,3
odds_30_500_score>=0.6_expected>=5000_top1_by_direct_ticket_score,10608,10608,1.0,1060800,1007100,-53700,0.9493778280542986,0.9401112368024133,126,0.011877828054298642,0.011877828054298642,0.677264091753631,0.6002571897683353,81.1306749622926,80.3,5474.565989696909,9830,0.009760699036838447,0.7036085292509568,0.9530109411386016,6,2
odds_50_500_score>=0.6_expected>=5000_top1_by_direct_ticket_score,10608,10608,1.0,1060800,1007100,-53700,0.9493778280542986,0.9401112368024133,126,0.011877828054298642,0.011877828054298642,0.677264091753631,0.6002571897683353,81.1306749622926,80.3,5474.565989696909,9830,0.009760699036838447,0.7036085292509568,0.9530109411386016,6,2
odds_50_1000_score>=0.6_expected>=5000_top1_by_direct_ticket_score,10608,10608,1.0,1060800,1007100,-53700,0.9493778280542986,0.9401112368024133,126,0.011877828054298642,0.011877828054298642,0.677264091753631,0.6002571897683353,81.1306749622926,80.3,5474.565989696909,9830,0.009760699036838447,0.7036085292509568,0.9530109411386016,6,2
odds_30plus_score>=0.6_expected>=5000_top1_by_direct_ticket_score,10608,10608,1.0,1060800,1007100,-53700,0.9493778280542986,0.9401112368024133,126,0.011877828054298642,0.011877828054298642,0.677264091753631,0.6002571897683353,81.1306749622926,80.3,5474.565989696909,9830,0.009760699036838447,0.7036085292509568,0.9530109411386016,6,2
odds_50plus_score>=0.6_expected>=5000_top1_by_direct_ticket_score,10608,10608,1.0,1060800,1007100,-53700,0.9493778280542986,0.9401112368024133,126,0.011877828054298642,0.011877828054298642,0.677264091753631,0.6002571897683353,81.1306749622926,80.3,5474.565989696909,9830,0.009760699036838447,0.7036085292509568,0.9530109411386016,6,2
odds_30_500_score>=0.5_expected>=5000_top3_by_direct_expected_return,12136,33244,2.739288068556361,3324400,3111390,-213010,0.9359252797497293,0.929852003369029,301,0.009054265431356035,0.0248022412656559,0.5792488548153194,0.5000000026788737,107.28320900012032,101.3,6128.41190309133,20190,0.006489061159160375,0.7291675106339882,0.9311971597007586,6,1
odds_50_500_score>=0.5_expected>=5000_top3_by_direct_expected_return,12136,33244,2.739288068556361,3324400,3111390,-213010,0.9359252797497293,0.929852003369029,301,0.009054265431356035,0.0248022412656559,0.5792488548153194,0.5000000026788737,107.28320900012032,101.3,6128.41190309133,20190,0.006489061159160375,0.7291675106339882,0.9311971597007586,6,1
odds_50_1000_score>=0.5_expected>=5000_top3_by_direct_expected_return,12136,33244,2.739288068556361,3324400,3111390,-213010,0.9359252797497293,0.929852003369029,301,0.009054265431356035,0.0248022412656559,0.5792488548153194,0.5000000026788737,107.28320900012032,101.3,6128.41190309133,20190,0.006489061159160375,0.7291675106339882,0.9311971597007586,6,1
odds_30_500_score>=0.7_expected>=5000_top5_by_direct_ticket_score,2971,4169,1.4032312352743184,416900,396870,-20030,0.9519549052530583,0.9297193571599904,53,0.012712880786759414,0.017839111410299563,0.7229880120420489,0.7000192588491508,75.84425521707846,74.9,5477.1921917552845,9270,0.02335777458613652,0.6222760290556901,0.9775550624401809,6,2
odds_30_500_score>=0.7_expected>=5000_top5_by_direct_expected_return,2971,4169,1.4032312352743184,416900,396870,-20030,0.9519549052530583,0.9297193571599904,53,0.012712880786759414,0.017839111410299563,0.7228762001386233,0.7000192588491508,75.88834252818421,74.9,5479.551760776981,9270,0.02335777458613652,0.6222760290556901,0.9775550624401809,6,2
odds_50_500_score>=0.7_expected>=5000_top5_by_direct_ticket_score,2971,4169,1.4032312352743184,416900,396870,-20030,0.9519549052530583,0.9297193571599904,53,0.012712880786759414,0.017839111410299563,0.7229880120420489,0.7000192588491508,75.84425521707846,74.9,5477.1921917552845,9270,0.02335777458613652,0.6222760290556901,0.9775550624401809,6,2
odds_50_500_score>=0.7_expected>=5000_top5_by_direct_expected_return,2971,4169,1.4032312352743184,416900,396870,-20030,0.9519549052530583,0.9297193571599904,53,0.012712880786759414,0.017839111410299563,0.7228762001386233,0.7000192588491508,75.88834252818421,74.9,5479.551760776981,9270,0.02335777458613652,0.6222760290556901,0.9775550624401809,6,2
odds_50_1000_score>=0.7_expected>=5000_top5_by_direct_ticket_score,2971,4169,1.4032312352743184,416900,396870,-20030,0.9519549052530583,0.9297193571599904,53,0.012712880786759414,0.017839111410299563,0.7229880120420489,0.7000192588491508,75.84425521707846,74.9,5477.1921917552845,9270,0.02335777458613652,0.6222760290556901,0.9775550624401809,6,2
odds_50_1000_score>=0.7_expected>=5000_top5_by_direct_expected_return,2971,4169,1.4032312352743184,416900,396870,-20030,0.9519549052530583,0.9297193571599904,53,0.012712880786759414,0.017839111410299563,0.7228762001386233,0.7000192588491508,75.88834252818421,74.9,5479.551760776981,9270,0.02335777458613652,0.6222760290556901,0.9775550624401809,6,2
odds_30plus_score>=0.7_expected>=5000_top5_by_direct_ticket_score,2971,4169,1.4032312352743184,416900,396870,-20030,0.9519549052530583,0.9297193571599904,53,0.012712880786759414,0.017839111410299563,0.7229880120420489,0.7000192588491508,75.84425521707846,74.9,5477.1921917552845,9270,0.02335777458613652,0.6222760290556901,0.9775550624401809,6,2
odds_30plus_score>=0.7_expected>=5000_top5_by_direct_expected_return,2971,4169,1.4032312352743184,416900,396870,-20030,0.9519549052530583,0.9297193571599904,53,0.012712880786759414,0.017839111410299563,0.7228762001386233,0.7000192588491508,75.88834252818421,74.9,5479.551760776981,9270,0.02335777458613652,0.6222760290556901,0.9775550624401809,6,2
odds_50plus_score>=0.7_expected>=5000_top5_by_direct_ticket_score,2971,4169,1.4032312352743184,416900,396870,-20030,0.9519549052530583,0.9297193571599904,53,0.012712880786759414,0.017839111410299563,0.7229880120420489,0.7000192588491508,75.84425521707846,74.9,5477.1921917552845,9270,0.02335777458613652,0.6222760290556901,0.9775550624401809,6,2
odds_50plus_score>=0.7_expected>=5000_top5_by_direct_expected_return,2971,4169,1.4032312352743184,416900,396870,-20030,0.9519549052530583,0.9297193571599904,53,0.012712880786759414,0.017839111410299563,0.7228762001386233,0.7000192588491508,75.88834252818421,74.9,5479.551760776981,9270,0.02335777458613652,0.6222760290556901,0.9775550624401809,6,2
odds_30_500_score>=0.7_expected>=5000_top3_by_direct_ticket_score,2971,4087,1.3756311006395152,408700,388950,-19750,0.9516760459995106,0.9289943724002936,52,0.012723268901394667,0.017502524402558062,0.7232134071355681,0.7000192588491508,75.76853437729386,74.8,5473.429285303056,9270,0.023833397608947166,0.593324432576769,0.9772085478406577,6,2
odds_30_500_score>=0.7_expected>=5000_top3_by_direct_expected_return,2971,4087,1.3756311006395152,408700,388950,-19750,0.9516760459995106,0.9289943724002936,52,0.012723268901394667,0.017502524402558062,0.7226850604999464,0.7000192588491508,75.968387570345,75.0,5483.982755217405,9270,0.023833397608947166,0.593324432576769,0.9772085478406577,6,2
odds_50_500_score>=0.7_expected>=5000_top3_by_direct_ticket_score,2971,4087,1.3756311006395152,408700,388950,-19750,0.9516760459995106,0.9289943724002936,52,0.012723268901394667,0.017502524402558062,0.7232134071355681,0.7000192588491508,75.76853437729386,74.8,5473.429285303056,9270,0.023833397608947166,0.593324432576769,0.9772085478406577,6,2
odds_50_500_score>=0.7_expected>=5000_top3_by_direct_expected_return,2971,4087,1.3756311006395152,408700,388950,-19750,0.9516760459995106,0.9289943724002936,52,0.012723268901394667,0.017502524402558062,0.7226850604999464,0.7000192588491508,75.968387570345,75.0,5483.982755217405,9270,0.023833397608947166,0.593324432576769,0.9772085478406577,6,2
odds_50_1000_score>=0.7_expected>=5000_top3_by_direct_ticket_score,2971,4087,1.3756311006395152,408700,388950,-19750,0.9516760459995106,0.9289943724002936,52,0.012723268901394667,0.017502524402558062,0.7232134071355681,0.7000192588491508,75.76853437729386,74.8,5473.429285303056,9270,0.023833397608947166,0.593324432576769,0.9772085478406577,6,2
odds_50_1000_score>=0.7_expected>=5000_top3_by_direct_expected_return,2971,4087,1.3756311006395152,408700,388950,-19750,0.9516760459995106,0.9289943724002936,52,0.012723268901394667,0.017502524402558062,0.7226850604999464,0.7000192588491508,75.968387570345,75.0,5483.982755217405,9270,0.023833397608947166,0.593324432576769,0.9772085478406577,6,2
odds_30plus_score>=0.7_expected>=5000_top3_by_direct_ticket_score,2971,4087,1.3756311006395152,408700,388950,-19750,0.9516760459995106,0.9289943724002936,52,0.012723268901394667,0.017502524402558062,0.7232134071355681,0.7000192588491508,75.76853437729386,74.8,5473.429285303056,9270,0.023833397608947166,0.593324432576769,0.9772085478406577,6,2
odds_30plus_score>=0.7_expected>=5000_top3_by_direct_expected_return,2971,4087,1.3756311006395152,408700,388950,-19750,0.9516760459995106,0.9289943724002936,52,0.012723268901394667,0.017502524402558062,0.7226850604999464,0.7000192588491508,75.968387570345,75.0,5483.982755217405,9270,0.023833397608947166,0.593324432576769,0.9772085478406577,6,2
odds_50plus_score>=0.7_expected>=5000_top3_by_direct_ticket_score,2971,4087,1.3756311006395152,408700,388950,-19750,0.9516760459995106,0.9289943724002936,52,0.012723268901394667,0.017502524402558062,0.7232134071355681,0.7000192588491508,75.76853437729386,74.8,5473.429285303056,9270,0.023833397608947166,0.593324432576769,0.9772085478406577,6,2
odds_50plus_score>=0.7_expected>=5000_top3_by_direct_expected_return,2971,4087,1.3756311006395152,408700,388950,-19750,0.9516760459995106,0.9289943724002936,52,0.012723268901394667,0.017502524402558062,0.7226850604999464,0.7000192588491508,75.968387570345,75.0,5483.982755217405,9270,0.023833397608947166,0.593324432576769,0.9772085478406577,6,2
odds_30_500_score>=0.6_expected>=5000_top10_by_direct_ticket_score,10608,39187,3.6940987933634992,3918700,3649030,-269670,0.9311838109577155,0.9280781891953964,435,0.011100620103605787,0.04100678733031674,0.6519417546436025,0.6000030084261291,85.5817107714293,84.8,5561.228332117766,12170,0.0033351328983318856,0.8192539454806312,0.9312312038429827,6,1
odds_50_500_score>=0.6_expected>=5000_top10_by_direct_ticket_score,10608,39187,3.6940987933634992,3918700,3649030,-269670,0.9311838109577155,0.9280781891953964,435,0.011100620103605787,0.04100678733031674,0.6519417546436025,0.6000030084261291,85.5817107714293,84.8,5561.228332117766,12170,0.0033351328983318856,0.8192539454806312,0.9312312038429827,6,1
odds_50_1000_score>=0.6_expected>=5000_top10_by_direct_ticket_score,10608,39187,3.6940987933634992,3918700,3649030,-269670,0.9311838109577155,0.9280781891953964,435,0.011100620103605787,0.04100678733031674,0.6519417546436025,0.6000030084261291,85.5817107714293,84.8,5561.228332117766,12170,0.0033351328983318856,0.8192539454806312,0.9312312038429827,6,1
odds_30plus_score>=0.6_expected>=5000_top10_by_direct_ticket_score,10608,39187,3.6940987933634992,3918700,3649030,-269670,0.9311838109577155,0.9280781891953964,435,0.011100620103605787,0.04100678733031674,0.6519417546436025,0.6000030084261291,85.5817107714293,84.8,5561.228332117766,12170,0.0033351328983318856,0.8192539454806312,0.9312312038429827,6,1
odds_50plus_score>=0.6_expected>=5000_top10_by_direct_ticket_score,10608,39187,3.6940987933634992,3918700,3649030,-269670,0.9311838109577155,0.9280781891953964,435,0.011100620103605787,0.04100678733031674,0.6519417546436025,0.6000030084261291,85.5817107714293,84.8,5561.228332117766,12170,0.0033351328983318856,0.8192539454806312,0.9312312038429827,6,1
odds_30_500_score>=0.5_expected>=5000_top5_by_direct_expected_return,12136,50168,4.133816743572841,5016800,4763400,-253400,0.9494897145590815,0.9275255142720459,464,0.009248923616648062,0.03823335530652604,0.5836775575818737,0.5000000026788737,103.7077838462765,98.6,5971.89893214028,110190,0.023132636352185414,0.7710914454277286,0.9458045622192026,6,3
odds_50_500_score>=0.5_expected>=5000_top5_by_direct_expected_return,12136,50168,4.133816743572841,5016800,4763400,-253400,0.9494897145590815,0.9275255142720459,464,0.009248923616648062,0.03823335530652604,0.5836775575818737,0.5000000026788737,103.7077838462765,98.6,5971.89893214028,110190,0.023132636352185414,0.7710914454277286,0.9458045622192026,6,3
odds_50_1000_score>=0.5_expected>=5000_top5_by_direct_expected_return,12136,50168,4.133816743572841,5016800,4763400,-253400,0.9494897145590815,0.9275255142720459,464,0.009248923616648062,0.03823335530652604,0.5836775575818737,0.5000000026788737,103.7077838462765,98.6,5971.89893214028,110190,0.023132636352185414,0.7710914454277286,0.9458045622192026,6,3
odds_30plus_score>=0.5_expected>=5000_top5_by_direct_expected_return,12136,50168,4.133816743572841,5016800,4763400,-253400,0.9494897145590815,0.9275255142720459,464,0.009248923616648062,0.03823335530652604,0.5836749968079497,0.5000000026788737,103.74951164088662,98.6,5973.980122938746,110190,0.023132636352185414,0.7710914454277286,0.9458045622192026,6,3
odds_50plus_score>=0.5_expected>=5000_top5_by_direct_expected_return,12136,50168,4.133816743572841,5016800,4763400,-253400,0.9494897145590815,0.9275255142720459,464,0.009248923616648062,0.03823335530652604,0.5836749968079497,0.5000000026788737,103.74951164088662,98.6,5973.980122938746,110190,0.023132636352185414,0.7710914454277286,0.9458045622192026,6,3
odds_30plus_score>=0.5_expected>=5000_top3_by_direct_expected_return,12136,33244,2.739288068556361,3324400,3103300,-221100,0.933491757911202,0.9274184815305018,300,0.009024184815305017,0.024719841793012523,0.5792397984607306,0.5000000026788737,107.34654373721574,101.3,6131.526600181454,20190,0.0065059775078142625,0.7127810411180879,0.9284660814481086,6,1
odds_50plus_score>=0.5_expected>=5000_top3_by_direct_expected_return,12136,33244,2.739288068556361,3324400,3103300,-221100,0.933491757911202,0.9274184815305018,300,0.009024184815305017,0.024719841793012523,0.5792397984607306,0.5000000026788737,107.34654373721574,101.3,6131.526600181454,20190,0.0065059775078142625,0.7127810411180879,0.9284660814481086,6,1
odds_30_500_score>=0.7_expected>=5000_top10_by_direct_ticket_score,2971,4184,1.408280040390441,418400,396870,-21530,0.9485420650095602,0.9263862332695985,53,0.012667304015296367,0.017839111410299563,0.7229276409639535,0.7000192588491508,75.86835564053537,74.9,5478.46257448748,9270,0.02335777458613652,0.6163069544364509,0.9752012296271223,6,2
odds_30_500_score>=0.7_expected>=5000_top10_by_direct_expected_return,2971,4184,1.408280040390441,418400,396870,-21530,0.9485420650095602,0.9263862332695985,53,0.012667304015296367,0.017839111410299563,0.7229276409639535,0.7000192588491508,75.86835564053537,74.9,5478.46257448748,9270,0.02335777458613652,0.6163069544364509,0.9752012296271223,6,2
odds_50_500_score>=0.7_expected>=5000_top10_by_direct_ticket_score,2971,4184,1.408280040390441,418400,396870,-21530,0.9485420650095602,0.9263862332695985,53,0.012667304015296367,0.017839111410299563,0.7229276409639535,0.7000192588491508,75.86835564053537,74.9,5478.46257448748,9270,0.02335777458613652,0.6163069544364509,0.9752012296271223,6,2
odds_50_500_score>=0.7_expected>=5000_top10_by_direct_expected_return,2971,4184,1.408280040390441,418400,396870,-21530,0.9485420650095602,0.9263862332695985,53,0.012667304015296367,0.017839111410299563,0.7229276409639535,0.7000192588491508,75.86835564053537,74.9,5478.46257448748,9270,0.02335777458613652,0.6163069544364509,0.9752012296271223,6,2
odds_50_1000_score>=0.7_expected>=5000_top10_by_direct_ticket_score,2971,4184,1.408280040390441,418400,396870,-21530,0.9485420650095602,0.9263862332695985,53,0.012667304015296367,0.017839111410299563,0.7229276409639535,0.7000192588491508,75.86835564053537,74.9,5478.46257448748,9270,0.02335777458613652,0.6163069544364509,0.9752012296271223,6,2
odds_50_1000_score>=0.7_expected>=5000_top10_by_direct_expected_return,2971,4184,1.408280040390441,418400,396870,-21530,0.9485420650095602,0.9263862332695985,53,0.012667304015296367,0.017839111410299563,0.7229276409639535,0.7000192588491508,75.86835564053537,74.9,5478.46257448748,9270,0.02335777458613652,0.6163069544364509,0.9752012296271223,6,2
odds_30plus_score>=0.7_expected>=5000_top10_by_direct_ticket_score,2971,4184,1.408280040390441,418400,396870,-21530,0.9485420650095602,0.9263862332695985,53,0.012667304015296367,0.017839111410299563,0.7229276409639535,0.7000192588491508,75.86835564053537,74.9,5478.46257448748,9270,0.02335777458613652,0.6163069544364509,0.9752012296271223,6,2
odds_30plus_score>=0.7_expected>=5000_top10_by_direct_expected_return,2971,4184,1.408280040390441,418400,396870,-21530,0.9485420650095602,0.9263862332695985,53,0.012667304015296367,0.017839111410299563,0.7229276409639535,0.7000192588491508,75.86835564053537,74.9,5478.46257448748,9270,0.02335777458613652,0.6163069544364509,0.9752012296271223,6,2
odds_50plus_score>=0.7_expected>=5000_top10_by_direct_ticket_score,2971,4184,1.408280040390441,418400,396870,-21530,0.9485420650095602,0.9263862332695985,53,0.012667304015296367,0.017839111410299563,0.7229276409639535,0.7000192588491508,75.86835564053537,74.9,5478.46257448748,9270,0.02335777458613652,0.6163069544364509,0.9752012296271223,6,2
odds_50plus_score>=0.7_expected>=5000_top10_by_direct_expected_return,2971,4184,1.408280040390441,418400,396870,-21530,0.9485420650095602,0.9263862332695985,53,0.012667304015296367,0.017839111410299563,0.7229276409639535,0.7000192588491508,75.86835564053537,74.9,5478.46257448748,9270,0.02335777458613652,0.6163069544364509,0.9752012296271223,6,2
odds_30_500_score>=0.6_expected>=5000_top5_by_direct_expected_return,10608,33388,3.1474358974358974,3338800,3104500,-234300,0.9298250868575536,0.926180064693902,364,0.010902120522343357,0.03431372549019608,0.6494339638208547,0.6000030084261291,86.80665808074758,86.3,5620.709090536264,12170,0.003920115960702206,0.7526012540247415,0.9293570355241955,6,2
odds_50_500_score>=0.6_expected>=5000_top5_by_direct_expected_return,10608,33388,3.1474358974358974,3338800,3104500,-234300,0.9298250868575536,0.926180064693902,364,0.010902120522343357,0.03431372549019608,0.6494339638208547,0.6000030084261291,86.80665808074758,86.3,5620.709090536264,12170,0.003920115960702206,0.7526012540247415,0.9293570355241955,6,2
odds_50_1000_score>=0.6_expected>=5000_top5_by_direct_expected_return,10608,33388,3.1474358974358974,3338800,3104500,-234300,0.9298250868575536,0.926180064693902,364,0.010902120522343357,0.03431372549019608,0.6494339638208547,0.6000030084261291,86.80665808074758,86.3,5620.709090536264,12170,0.003920115960702206,0.7526012540247415,0.9293570355241955,6,2
odds_30plus_score>=0.6_expected>=5000_top5_by_direct_expected_return,10608,33388,3.1474358974358974,3338800,3104500,-234300,0.9298250868575536,0.926180064693902,364,0.010902120522343357,0.03431372549019608,0.6494339638208547,0.6000030084261291,86.80665808074758,86.3,5620.709090536264,12170,0.003920115960702206,0.7526012540247415,0.9293570355241955,6,2
odds_50plus_score>=0.6_expected>=5000_top5_by_direct_expected_return,10608,33388,3.1474358974358974,3338800,3104500,-234300,0.9298250868575536,0.926180064693902,364,0.010902120522343357,0.03431372549019608,0.6494339638208547,0.6000030084261291,86.80665808074758,86.3,5620.709090536264,12170,0.003920115960702206,0.7526012540247415,0.9293570355241955,6,2
odds_30_500_score>=0.6_expected>=5000_top10_by_direct_expected_return,10608,39187,3.6940987933634992,3918700,3614280,-304420,0.9223160742082833,0.9192104524459642,430,0.010973026769081583,0.040535444947209655,0.6511593541422819,0.6000030084261291,85.81425472733305,85.0,5569.785756020742,12170,0.00336719899952411,0.8073744619799139,0.9223024239468772,6,1
odds_50_500_score>=0.6_expected>=5000_top10_by_direct_expected_return,10608,39187,3.6940987933634992,3918700,3614280,-304420,0.9223160742082833,0.9192104524459642,430,0.010973026769081583,0.040535444947209655,0.6511593541422819,0.6000030084261291,85.81425472733305,85.0,5569.785756020742,12170,0.00336719899952411,0.8073744619799139,0.9223024239468772,6,1
odds_50_1000_score>=0.6_expected>=5000_top10_by_direct_expected_return,10608,39187,3.6940987933634992,3918700,3614280,-304420,0.9223160742082833,0.9192104524459642,430,0.010973026769081583,0.040535444947209655,0.6511593541422819,0.6000030084261291,85.81425472733305,85.0,5569.785756020742,12170,0.00336719899952411,0.8073744619799139,0.9223024239468772,6,1
odds_30plus_score>=0.6_expected>=5000_top10_by_direct_expected_return,10608,39187,3.6940987933634992,3918700,3614280,-304420,0.9223160742082833,0.9192104524459642,430,0.010973026769081583,0.040535444947209655,0.6511593541422819,0.6000030084261291,85.81425472733305,85.0,5569.785756020742,12170,0.00336719899952411,0.8073744619799139,0.9223024239468772,6,1
odds_50plus_score>=0.6_expected>=5000_top10_by_direct_expected_return,10608,39187,3.6940987933634992,3918700,3614280,-304420,0.9223160742082833,0.9192104524459642,430,0.010973026769081583,0.040535444947209655,0.6511593541422819,0.6000030084261291,85.81425472733305,85.0,5569.785756020742,12170,0.00336719899952411,0.8073744619799139,0.9223024239468772,6,1
odds_50_500_score>=0.5_expected>=3000_top1_by_direct_ticket_score,13288,13288,1.0,1328800,1226950,-101850,0.9233518964479229,0.91671432871764,216,0.01625526791089705,0.01625526791089705,0.7373232682090041,0.5037785478979175,57.4639223359422,55.2,4226.14452808327,8820,0.0071885569909124255,0.572618025751073,0.9211528165285067,6,2
odds_50_1000_score>=0.5_expected>=3000_top1_by_direct_ticket_score,13288,13288,1.0,1328800,1226950,-101850,0.9233518964479229,0.91671432871764,216,0.01625526791089705,0.01625526791089705,0.7373232682090041,0.5037785478979175,57.4639223359422,55.2,4226.14452808327,8820,0.0071885569909124255,0.572618025751073,0.9211528165285067,6,2
odds_50plus_score>=0.5_expected>=3000_top1_by_direct_ticket_score,13288,13288,1.0,1328800,1226950,-101850,0.9233518964479229,0.91671432871764,216,0.01625526791089705,0.01625526791089705,0.7373232682090041,0.5037785478979175,57.4639223359422,55.2,4226.14452808327,8820,0.0071885569909124255,0.572618025751073,0.9211528165285067,6,2
odds_50_500_score>=0.5_expected>=0_top1_by_direct_ticket_score,13295,13295,1.0,1329500,1226950,-102550,0.9228657389996239,0.9162316660398646,216,0.01624670928920647,0.01624670928920647,0.7372207213886447,0.5037785478979175,57.46094020308387,55.2,4225.3979505013485,8820,0.0071885569909124255,0.5721269296740995,0.9207105030582508,6,2
odds_50_500_score>=0.5_expected>=500_top1_by_direct_ticket_score,13295,13295,1.0,1329500,1226950,-102550,0.9228657389996239,0.9162316660398646,216,0.01624670928920647,0.01624670928920647,0.7372207213886447,0.5037785478979175,57.46094020308387,55.2,4225.3979505013485,8820,0.0071885569909124255,0.5721269296740995,0.9207105030582508,6,2
odds_50_500_score>=0.5_expected>=1000_top1_by_direct_ticket_score,13295,13295,1.0,1329500,1226950,-102550,0.9228657389996239,0.9162316660398646,216,0.01624670928920647,0.01624670928920647,0.7372207213886447,0.5037785478979175,57.46094020308387,55.2,4225.3979505013485,8820,0.0071885569909124255,0.5721269296740995,0.9207105030582508,6,2
odds_50_500_score>=0.5_expected>=1500_top1_by_direct_ticket_score,13295,13295,1.0,1329500,1226950,-102550,0.9228657389996239,0.9162316660398646,216,0.01624670928920647,0.01624670928920647,0.7372207213886447,0.5037785478979175,57.46094020308387,55.2,4225.3979505013485,8820,0.0071885569909124255,0.5721269296740995,0.9207105030582508,6,2
odds_50_500_score>=0.5_expected>=2000_top1_by_direct_ticket_score,13295,13295,1.0,1329500,1226950,-102550,0.9228657389996239,0.9162316660398646,216,0.01624670928920647,0.01624670928920647,0.7372207213886447,0.5037785478979175,57.46094020308387,55.2,4225.3979505013485,8820,0.0071885569909124255,0.5721269296740995,0.9207105030582508,6,2
odds_50_1000_score>=0.5_expected>=0_top1_by_direct_ticket_score,13295,13295,1.0,1329500,1226950,-102550,0.9228657389996239,0.9162316660398646,216,0.01624670928920647,0.01624670928920647,0.7372207213886447,0.5037785478979175,57.46094020308387,55.2,4225.3979505013485,8820,0.0071885569909124255,0.5721269296740995,0.9207105030582508,6,2
odds_50_1000_score>=0.5_expected>=500_top1_by_direct_ticket_score,13295,13295,1.0,1329500,1226950,-102550,0.9228657389996239,0.9162316660398646,216,0.01624670928920647,0.01624670928920647,0.7372207213886447,0.5037785478979175,57.46094020308387,55.2,4225.3979505013485,8820,0.0071885569909124255,0.5721269296740995,0.9207105030582508,6,2
odds_50_1000_score>=0.5_expected>=1000_top1_by_direct_ticket_score,13295,13295,1.0,1329500,1226950,-102550,0.9228657389996239,0.9162316660398646,216,0.01624670928920647,0.01624670928920647,0.7372207213886447,0.5037785478979175,57.46094020308387,55.2,4225.3979505013485,8820,0.0071885569909124255,0.5721269296740995,0.9207105030582508,6,2
odds_50_1000_score>=0.5_expected>=1500_top1_by_direct_ticket_score,13295,13295,1.0,1329500,1226950,-102550,0.9228657389996239,0.9162316660398646,216,0.01624670928920647,0.01624670928920647,0.7372207213886447,0.5037785478979175,57.46094020308387,55.2,4225.3979505013485,8820,0.0071885569909124255,0.5721269296740995,0.9207105030582508,6,2
odds_50_1000_score>=0.5_expected>=2000_top1_by_direct_ticket_score,13295,13295,1.0,1329500,1226950,-102550,0.9228657389996239,0.9162316660398646,216,0.01624670928920647,0.01624670928920647,0.7372207213886447,0.5037785478979175,57.46094020308387,55.2,4225.3979505013485,8820,0.0071885569909124255,0.5721269296740995,0.9207105030582508,6,2
odds_50plus_score>=0.5_expected>=0_top1_by_direct_ticket_score,13295,13295,1.0,1329500,1226950,-102550,0.9228657389996239,0.9162316660398646,216,0.01624670928920647,0.01624670928920647,0.7372207213886447,0.5037785478979175,57.46094020308387,55.2,4225.3979505013485,8820,0.0071885569909124255,0.5721269296740995,0.9207105030582508,6,2
odds_50plus_score>=0.5_expected>=500_top1_by_direct_ticket_score,13295,13295,1.0,1329500,1226950,-102550,0.9228657389996239,0.9162316660398646,216,0.01624670928920647,0.01624670928920647,0.7372207213886447,0.5037785478979175,57.46094020308387,55.2,4225.3979505013485,8820,0.0071885569909124255,0.5721269296740995,0.9207105030582508,6,2
odds_50plus_score>=0.5_expected>=1000_top1_by_direct_ticket_score,13295,13295,1.0,1329500,1226950,-102550,0.9228657389996239,0.9162316660398646,216,0.01624670928920647,0.01624670928920647,0.7372207213886447,0.5037785478979175,57.46094020308387,55.2,4225.3979505013485,8820,0.0071885569909124255,0.5721269296740995,0.9207105030582508,6,2
odds_50plus_score>=0.5_expected>=1500_top1_by_direct_ticket_score,13295,13295,1.0,1329500,1226950,-102550,0.9228657389996239,0.9162316660398646,216,0.01624670928920647,0.01624670928920647,0.7372207213886447,0.5037785478979175,57.46094020308387,55.2,4225.3979505013485,8820,0.0071885569909124255,0.5721269296740995,0.9207105030582508,6,2
odds_50plus_score>=0.5_expected>=2000_top1_by_direct_ticket_score,13295,13295,1.0,1329500,1226950,-102550,0.9228657389996239,0.9162316660398646,216,0.01624670928920647,0.01624670928920647,0.7372207213886447,0.5037785478979175,57.46094020308387,55.2,4225.3979505013485,8820,0.0071885569909124255,0.5721269296740995,0.9207105030582508,6,2
odds_30_500_score>=0.5_expected>=5000_top2_by_direct_expected_return,12136,23208,1.912326961107449,2320800,2145540,-175260,0.9244829369183041,0.9157833505687694,200,0.008617718028266115,0.016479894528675015,0.5756344633425056,0.5000000026788737,110.30145208548777,104.8,6258.92139458439,20190,0.009410218406554993,0.7155787641427328,0.9182950918199154,6,2
odds_50_500_score>=0.5_expected>=5000_top2_by_direct_expected_return,12136,23208,1.912326961107449,2320800,2145540,-175260,0.9244829369183041,0.9157833505687694,200,0.008617718028266115,0.016479894528675015,0.5756344633425056,0.5000000026788737,110.30145208548777,104.8,6258.92139458439,20190,0.009410218406554993,0.7155787641427328,0.9182950918199154,6,2
odds_50_1000_score>=0.5_expected>=5000_top2_by_direct_expected_return,12136,23208,1.912326961107449,2320800,2145540,-175260,0.9244829369183041,0.9157833505687694,200,0.008617718028266115,0.016479894528675015,0.5756344633425056,0.5000000026788737,110.30145208548777,104.8,6258.92139458439,20190,0.009410218406554993,0.7155787641427328,0.9182950918199154,6,2
odds_30plus_score>=0.5_expected>=5000_top2_by_direct_expected_return,12136,23208,1.912326961107449,2320800,2145540,-175260,0.9244829369183041,0.9157833505687694,200,0.008617718028266115,0.016479894528675015,0.5756260909493055,0.5000000026788737,110.3910117200965,104.8,6263.354297415858,20190,0.009410218406554993,0.7155787641427328,0.9182950918199154,6,2
odds_50plus_score>=0.5_expected>=5000_top2_by_direct_expected_return,12136,23208,1.912326961107449,2320800,2145540,-175260,0.9244829369183041,0.9157833505687694,200,0.008617718028266115,0.016479894528675015,0.5756260909493055,0.5000000026788737,110.3910117200965,104.8,6263.354297415858,20190,0.009410218406554993,0.7155787641427328,0.9182950918199154,6,2
odds_50_500_score>=0.6_expected>=0_top1_by_direct_ticket_score,13162,13162,1.0,1316200,1208620,-107580,0.9182647014131591,0.9115635921592463,213,0.016182950919313176,0.016182950919313176,0.7389329615699385,0.60047199981058,57.345593374867036,55.2,4228.600989761572,8820,0.007297579057106452,0.5778258986574275,0.9165722992520338,6,2
odds_50_500_score>=0.6_expected>=500_top1_by_direct_ticket_score,13162,13162,1.0,1316200,1208620,-107580,0.9182647014131591,0.9115635921592463,213,0.016182950919313176,0.016182950919313176,0.7389329615699385,0.60047199981058,57.345593374867036,55.2,4228.600989761572,8820,0.007297579057106452,0.5778258986574275,0.9165722992520338,6,2
odds_50_500_score>=0.6_expected>=1000_top1_by_direct_ticket_score,13162,13162,1.0,1316200,1208620,-107580,0.9182647014131591,0.9115635921592463,213,0.016182950919313176,0.016182950919313176,0.7389329615699385,0.60047199981058,57.345593374867036,55.2,4228.600989761572,8820,0.007297579057106452,0.5778258986574275,0.9165722992520338,6,2
odds_50_500_score>=0.6_expected>=1500_top1_by_direct_ticket_score,13162,13162,1.0,1316200,1208620,-107580,0.9182647014131591,0.9115635921592463,213,0.016182950919313176,0.016182950919313176,0.7389329615699385,0.60047199981058,57.345593374867036,55.2,4228.600989761572,8820,0.007297579057106452,0.5778258986574275,0.9165722992520338,6,2
odds_50_500_score>=0.6_expected>=2000_top1_by_direct_ticket_score,13162,13162,1.0,1316200,1208620,-107580,0.9182647014131591,0.9115635921592463,213,0.016182950919313176,0.016182950919313176,0.7389329615699385,0.60047199981058,57.345593374867036,55.2,4228.600989761572,8820,0.007297579057106452,0.5778258986574275,0.9165722992520338,6,2
odds_50_500_score>=0.6_expected>=3000_top1_by_direct_ticket_score,13162,13162,1.0,1316200,1208620,-107580,0.9182647014131591,0.9115635921592463,213,0.016182950919313176,0.016182950919313176,0.7389329615699385,0.60047199981058,57.345593374867036,55.2,4228.600989761572,8820,0.007297579057106452,0.5778258986574275,0.9165722992520338,6,2
odds_50_1000_score>=0.6_expected>=0_top1_by_direct_ticket_score,13162,13162,1.0,1316200,1208620,-107580,0.9182647014131591,0.9115635921592463,213,0.016182950919313176,0.016182950919313176,0.7389329615699385,0.60047199981058,57.345593374867036,55.2,4228.600989761572,8820,0.007297579057106452,0.5778258986574275,0.9165722992520338,6,2
odds_50_1000_score>=0.6_expected>=500_top1_by_direct_ticket_score,13162,13162,1.0,1316200,1208620,-107580,0.9182647014131591,0.9115635921592463,213,0.016182950919313176,0.016182950919313176,0.7389329615699385,0.60047199981058,57.345593374867036,55.2,4228.600989761572,8820,0.007297579057106452,0.5778258986574275,0.9165722992520338,6,2
odds_50_1000_score>=0.6_expected>=1000_top1_by_direct_ticket_score,13162,13162,1.0,1316200,1208620,-107580,0.9182647014131591,0.9115635921592463,213,0.016182950919313176,0.016182950919313176,0.7389329615699385,0.60047199981058,57.345593374867036,55.2,4228.600989761572,8820,0.007297579057106452,0.5778258986574275,0.9165722992520338,6,2
odds_50_1000_score>=0.6_expected>=1500_top1_by_direct_ticket_score,13162,13162,1.0,1316200,1208620,-107580,0.9182647014131591,0.9115635921592463,213,0.016182950919313176,0.016182950919313176,0.7389329615699385,0.60047199981058,57.345593374867036,55.2,4228.600989761572,8820,0.007297579057106452,0.5778258986574275,0.9165722992520338,6,2
odds_50_1000_score>=0.6_expected>=2000_top1_by_direct_ticket_score,13162,13162,1.0,1316200,1208620,-107580,0.9182647014131591,0.9115635921592463,213,0.016182950919313176,0.016182950919313176,0.7389329615699385,0.60047199981058,57.345593374867036,55.2,4228.600989761572,8820,0.007297579057106452,0.5778258986574275,0.9165722992520338,6,2
odds_50_1000_score>=0.6_expected>=3000_top1_by_direct_ticket_score,13162,13162,1.0,1316200,1208620,-107580,0.9182647014131591,0.9115635921592463,213,0.016182950919313176,0.016182950919313176,0.7389329615699385,0.60047199981058,57.345593374867036,55.2,4228.600989761572,8820,0.007297579057106452,0.5778258986574275,0.9165722992520338,6,2
odds_50plus_score>=0.6_expected>=0_top1_by_direct_ticket_score,13162,13162,1.0,1316200,1208620,-107580,0.9182647014131591,0.9115635921592463,213,0.016182950919313176,0.016182950919313176,0.7389329615699385,0.60047199981058,57.345593374867036,55.2,4228.600989761572,8820,0.007297579057106452,0.5778258986574275,0.9165722992520338,6,2
odds_50plus_score>=0.6_expected>=500_top1_by_direct_ticket_score,13162,13162,1.0,1316200,1208620,-107580,0.9182647014131591,0.9115635921592463,213,0.016182950919313176,0.016182950919313176,0.7389329615699385,0.60047199981058,57.345593374867036,55.2,4228.600989761572,8820,0.007297579057106452,0.5778258986574275,0.9165722992520338,6,2
odds_50plus_score>=0.6_expected>=1000_top1_by_direct_ticket_score,13162,13162,1.0,1316200,1208620,-107580,0.9182647014131591,0.9115635921592463,213,0.016182950919313176,0.016182950919313176,0.7389329615699385,0.60047199981058,57.345593374867036,55.2,4228.600989761572,8820,0.007297579057106452,0.5778258986574275,0.9165722992520338,6,2
odds_50plus_score>=0.6_expected>=1500_top1_by_direct_ticket_score,13162,13162,1.0,1316200,1208620,-107580,0.9182647014131591,0.9115635921592463,213,0.016182950919313176,0.016182950919313176,0.7389329615699385,0.60047199981058,57.345593374867036,55.2,4228.600989761572,8820,0.007297579057106452,0.5778258986574275,0.9165722992520338,6,2
odds_50plus_score>=0.6_expected>=2000_top1_by_direct_ticket_score,13162,13162,1.0,1316200,1208620,-107580,0.9182647014131591,0.9115635921592463,213,0.016182950919313176,0.016182950919313176,0.7389329615699385,0.60047199981058,57.345593374867036,55.2,4228.600989761572,8820,0.007297579057106452,0.5778258986574275,0.9165722992520338,6,2
odds_50plus_score>=0.6_expected>=3000_top1_by_direct_ticket_score,13162,13162,1.0,1316200,1208620,-107580,0.9182647014131591,0.9115635921592463,213,0.016182950919313176,0.016182950919313176,0.7389329615699385,0.60047199981058,57.345593374867036,55.2,4228.600989761572,8820,0.007297579057106452,0.5778258986574275,0.9165722992520338,6,2
odds_50_500_score>=0.6_expected>=0_top3_by_direct_expected_return,13162,38370,2.9152104543382467,3837000,3574130,-262870,0.9314907479801928,0.9092389887933281,439,0.011441230127703936,0.03335359367877222,0.6545534050865931,0.6000030084261291,80.99442533229085,81.9,5274.399066930666,85380,0.023888330866532553,0.8067427385892116,0.9322999996305751,6,2
odds_50_500_score>=0.6_expected>=500_top3_by_direct_expected_return,13162,38370,2.9152104543382467,3837000,3574130,-262870,0.9314907479801928,0.9092389887933281,439,0.011441230127703936,0.03335359367877222,0.6545534050865931,0.6000030084261291,80.99442533229085,81.9,5274.399066930666,85380,0.023888330866532553,0.8067427385892116,0.9322999996305751,6,2
odds_50_500_score>=0.6_expected>=1000_top3_by_direct_expected_return,13162,38370,2.9152104543382467,3837000,3574130,-262870,0.9314907479801928,0.9092389887933281,439,0.011441230127703936,0.03335359367877222,0.6545534050865931,0.6000030084261291,80.99442533229085,81.9,5274.399066930666,85380,0.023888330866532553,0.8067427385892116,0.9322999996305751,6,2
odds_50_500_score>=0.6_expected>=1500_top3_by_direct_expected_return,13162,38370,2.9152104543382467,3837000,3574130,-262870,0.9314907479801928,0.9092389887933281,439,0.011441230127703936,0.03335359367877222,0.6545534050865931,0.6000030084261291,80.99442533229085,81.9,5274.399066930666,85380,0.023888330866532553,0.8067427385892116,0.9322999996305751,6,2
odds_50_500_score>=0.6_expected>=2000_top3_by_direct_expected_return,13162,38370,2.9152104543382467,3837000,3574130,-262870,0.9314907479801928,0.9092389887933281,439,0.011441230127703936,0.03335359367877222,0.6545534050865931,0.6000030084261291,80.99442533229085,81.9,5274.399066930666,85380,0.023888330866532553,0.8067427385892116,0.9322999996305751,6,2
odds_50_500_score>=0.6_expected>=3000_top3_by_direct_expected_return,13162,38370,2.9152104543382467,3837000,3574130,-262870,0.9314907479801928,0.9092389887933281,439,0.011441230127703936,0.03335359367877222,0.6545534050865931,0.6000030084261291,80.99442533229085,81.9,5274.399066930666,85380,0.023888330866532553,0.8067427385892116,0.9322999996305751,6,2
odds_50_1000_score>=0.6_expected>=0_top3_by_direct_expected_return,13162,38370,2.9152104543382467,3837000,3574130,-262870,0.9314907479801928,0.9092389887933281,439,0.011441230127703936,0.03335359367877222,0.6545534050865931,0.6000030084261291,80.99442533229085,81.9,5274.399066930666,85380,0.023888330866532553,0.8067427385892116,0.9322999996305751,6,2
odds_50_1000_score>=0.6_expected>=500_top3_by_direct_expected_return,13162,38370,2.9152104543382467,3837000,3574130,-262870,0.9314907479801928,0.9092389887933281,439,0.011441230127703936,0.03335359367877222,0.6545534050865931,0.6000030084261291,80.99442533229085,81.9,5274.399066930666,85380,0.023888330866532553,0.8067427385892116,0.9322999996305751,6,2
odds_50_1000_score>=0.6_expected>=1000_top3_by_direct_expected_return,13162,38370,2.9152104543382467,3837000,3574130,-262870,0.9314907479801928,0.9092389887933281,439,0.011441230127703936,0.03335359367877222,0.6545534050865931,0.6000030084261291,80.99442533229085,81.9,5274.399066930666,85380,0.023888330866532553,0.8067427385892116,0.9322999996305751,6,2
odds_50_1000_score>=0.6_expected>=1500_top3_by_direct_expected_return,13162,38370,2.9152104543382467,3837000,3574130,-262870,0.9314907479801928,0.9092389887933281,439,0.011441230127703936,0.03335359367877222,0.6545534050865931,0.6000030084261291,80.99442533229085,81.9,5274.399066930666,85380,0.023888330866532553,0.8067427385892116,0.9322999996305751,6,2
odds_50_1000_score>=0.6_expected>=2000_top3_by_direct_expected_return,13162,38370,2.9152104543382467,3837000,3574130,-262870,0.9314907479801928,0.9092389887933281,439,0.011441230127703936,0.03335359367877222,0.6545534050865931,0.6000030084261291,80.99442533229085,81.9,5274.399066930666,85380,0.023888330866532553,0.8067427385892116,0.9322999996305751,6,2
odds_50_1000_score>=0.6_expected>=3000_top3_by_direct_expected_return,13162,38370,2.9152104543382467,3837000,3574130,-262870,0.9314907479801928,0.9092389887933281,439,0.011441230127703936,0.03335359367877222,0.6545534050865931,0.6000030084261291,80.99442533229085,81.9,5274.399066930666,85380,0.023888330866532553,0.8067427385892116,0.9322999996305751,6,2
odds_50plus_score>=0.6_expected>=0_top3_by_direct_expected_return,13162,38370,2.9152104543382467,3837000,3574130,-262870,0.9314907479801928,0.9092389887933281,439,0.011441230127703936,0.03335359367877222,0.6545534050865931,0.6000030084261291,80.99442533229085,81.9,5274.399066930666,85380,0.023888330866532553,0.8067427385892116,0.9322999996305751,6,2
odds_50plus_score>=0.6_expected>=500_top3_by_direct_expected_return,13162,38370,2.9152104543382467,3837000,3574130,-262870,0.9314907479801928,0.9092389887933281,439,0.011441230127703936,0.03335359367877222,0.6545534050865931,0.6000030084261291,80.99442533229085,81.9,5274.399066930666,85380,0.023888330866532553,0.8067427385892116,0.9322999996305751,6,2
odds_50plus_score>=0.6_expected>=1000_top3_by_direct_expected_return,13162,38370,2.9152104543382467,3837000,3574130,-262870,0.9314907479801928,0.9092389887933281,439,0.011441230127703936,0.03335359367877222,0.6545534050865931,0.6000030084261291,80.99442533229085,81.9,5274.399066930666,85380,0.023888330866532553,0.8067427385892116,0.9322999996305751,6,2
odds_50plus_score>=0.6_expected>=1500_top3_by_direct_expected_return,13162,38370,2.9152104543382467,3837000,3574130,-262870,0.9314907479801928,0.9092389887933281,439,0.011441230127703936,0.03335359367877222,0.6545534050865931,0.6000030084261291,80.99442533229085,81.9,5274.399066930666,85380,0.023888330866532553,0.8067427385892116,0.9322999996305751,6,2
odds_50plus_score>=0.6_expected>=2000_top3_by_direct_expected_return,13162,38370,2.9152104543382467,3837000,3574130,-262870,0.9314907479801928,0.9092389887933281,439,0.011441230127703936,0.03335359367877222,0.6545534050865931,0.6000030084261291,80.99442533229085,81.9,5274.399066930666,85380,0.023888330866532553,0.8067427385892116,0.9322999996305751,6,2
odds_50plus_score>=0.6_expected>=3000_top3_by_direct_expected_return,13162,38370,2.9152104543382467,3837000,3574130,-262870,0.9314907479801928,0.9092389887933281,439,0.011441230127703936,0.03335359367877222,0.6545534050865931,0.6000030084261291,80.99442533229085,81.9,5274.399066930666,85380,0.023888330866532553,0.8067427385892116,0.9322999996305751,6,2
odds_30_500_score>=0.5_expected>=5000_top2_by_direct_ticket_score,12136,23208,1.912326961107449,2320800,2120170,-200630,0.9135513615994485,0.9074672526714926,255,0.010987590486039298,0.021011865524060647,0.64890796721268,0.5000251660170684,85.54784557049292,83.9,5507.810123066966,14120,0.0066598433144512,0.7658007566204288,0.9127526427230283,6,2
odds_50_500_score>=0.5_expected>=5000_top2_by_direct_ticket_score,12136,23208,1.912326961107449,2320800,2120170,-200630,0.9135513615994485,0.9074672526714926,255,0.010987590486039298,0.021011865524060647,0.64890796721268,0.5000251660170684,85.54784557049292,83.9,5507.810123066966,14120,0.0066598433144512,0.7658007566204288,0.9127526427230283,6,2
odds_50_1000_score>=0.5_expected>=5000_top2_by_direct_ticket_score,12136,23208,1.912326961107449,2320800,2120170,-200630,0.9135513615994485,0.9074672526714926,255,0.010987590486039298,0.021011865524060647,0.64890796721268,0.5000251660170684,85.54784557049292,83.9,5507.810123066966,14120,0.0066598433144512,0.7658007566204288,0.9127526427230283,6,2
odds_30plus_score>=0.5_expected>=5000_top2_by_direct_ticket_score,12136,23208,1.912326961107449,2320800,2120170,-200630,0.9135513615994485,0.9074672526714926,255,0.010987590486039298,0.021011865524060647,0.64890796721268,0.5000251660170684,85.54784557049292,83.9,5507.810123066966,14120,0.0066598433144512,0.7658007566204288,0.9127526427230283,6,2
odds_50plus_score>=0.5_expected>=5000_top2_by_direct_ticket_score,12136,23208,1.912326961107449,2320800,2120170,-200630,0.9135513615994485,0.9074672526714926,255,0.010987590486039298,0.021011865524060647,0.64890796721268,0.5000251660170684,85.54784557049292,83.9,5507.810123066966,14120,0.0066598433144512,0.7658007566204288,0.9127526427230283,6,2
odds_30_500_score>=0.6_expected>=3000_top3_by_direct_expected_return,13244,39295,2.9670039263062518,3929500,3649730,-279770,0.9288026466471562,0.9070746914365695,457,0.011629978368749204,0.03450619148293567,0.6567442447721906,0.6000030084261291,80.14235398905713,81.6,5229.093188952877,85380,0.023393511300835952,0.8230166787527193,0.9293224411369642,6,2
odds_30plus_score>=0.6_expected>=3000_top3_by_direct_expected_return,13244,39295,2.9670039263062518,3929500,3649730,-279770,0.9288026466471562,0.9070746914365695,457,0.011629978368749204,0.03450619148293567,0.6567442447721906,0.6000030084261291,80.14235398905713,81.6,5229.093188952877,85380,0.023393511300835952,0.8230166787527193,0.9293224411369642,6,2
odds_30_500_score>=0.6_expected>=2000_top3_by_direct_expected_return,13294,39783,2.992553031442756,3978300,3681750,-296550,0.9254581102480959,0.9039966819998492,466,0.011713545986979363,0.035053407552279224,0.6576206230383362,0.6000030084261291,79.62500565568209,81.4,5198.533457866799,85380,0.023190059075168058,0.813810411587552,0.9260497308729604,6,2
odds_30plus_score>=0.6_expected>=2000_top3_by_direct_expected_return,13294,39783,2.992553031442756,3978300,3681750,-296550,0.9254581102480959,0.9039966819998492,466,0.011713545986979363,0.035053407552279224,0.6576206230383362,0.6000030084261291,79.62500565568209,81.4,5198.533457866799,85380,0.023190059075168058,0.813810411587552,0.9260497308729604,6,2
odds_30_500_score>=0.6_expected>=0_top3_by_direct_expected_return,13295,39784,2.992403159082362,3978400,3681750,-296650,0.925434848180173,0.9039739593806555,466,0.011713251558415443,0.03505077096652877,0.6576195461254712,0.6000030084261291,79.62379851196461,81.4,5198.451619966699,85380,0.023190059075168058,0.813810411587552,0.9260294469758922,6,2
odds_30_500_score>=0.6_expected>=500_top3_by_direct_expected_return,13295,39784,2.992403159082362,3978400,3681750,-296650,0.925434848180173,0.9039739593806555,466,0.011713251558415443,0.03505077096652877,0.6576195461254712,0.6000030084261291,79.62379851196461,81.4,5198.451619966699,85380,0.023190059075168058,0.813810411587552,0.9260294469758922,6,2
odds_30_500_score>=0.6_expected>=1000_top3_by_direct_expected_return,13295,39784,2.992403159082362,3978400,3681750,-296650,0.925434848180173,0.9039739593806555,466,0.011713251558415443,0.03505077096652877,0.6576195461254712,0.6000030084261291,79.62379851196461,81.4,5198.451619966699,85380,0.023190059075168058,0.813810411587552,0.9260294469758922,6,2
odds_30_500_score>=0.6_expected>=1500_top3_by_direct_expected_return,13295,39784,2.992403159082362,3978400,3681750,-296650,0.925434848180173,0.9039739593806555,466,0.011713251558415443,0.03505077096652877,0.6576195461254712,0.6000030084261291,79.62379851196461,81.4,5198.451619966699,85380,0.023190059075168058,0.813810411587552,0.9260294469758922,6,2
odds_30plus_score>=0.6_expected>=0_top3_by_direct_expected_return,13295,39784,2.992403159082362,3978400,3681750,-296650,0.925434848180173,0.9039739593806555,466,0.011713251558415443,0.03505077096652877,0.6576195461254712,0.6000030084261291,79.62379851196461,81.4,5198.451619966699,85380,0.023190059075168058,0.813810411587552,0.9260294469758922,6,2
odds_30plus_score>=0.6_expected>=500_top3_by_direct_expected_return,13295,39784,2.992403159082362,3978400,3681750,-296650,0.925434848180173,0.9039739593806555,466,0.011713251558415443,0.03505077096652877,0.6576195461254712,0.6000030084261291,79.62379851196461,81.4,5198.451619966699,85380,0.023190059075168058,0.813810411587552,0.9260294469758922,6,2
odds_30plus_score>=0.6_expected>=1000_top3_by_direct_expected_return,13295,39784,2.992403159082362,3978400,3681750,-296650,0.925434848180173,0.9039739593806555,466,0.011713251558415443,0.03505077096652877,0.6576195461254712,0.6000030084261291,79.62379851196461,81.4,5198.451619966699,85380,0.023190059075168058,0.813810411587552,0.9260294469758922,6,2
odds_30plus_score>=0.6_expected>=1500_top3_by_direct_expected_return,13295,39784,2.992403159082362,3978400,3681750,-296650,0.925434848180173,0.9039739593806555,466,0.011713251558415443,0.03505077096652877,0.6576195461254712,0.6000030084261291,79.62379851196461,81.4,5198.451619966699,85380,0.023190059075168058,0.813810411587552,0.9260294469758922,6,2
odds_50_500_score>=0.5_expected>=3000_top3_by_direct_expected_return,13288,39628,2.982239614689946,3962800,3596920,-365880,0.9076713434944989,0.9025764610881195,368,0.009286363177551226,0.027694160144491272,0.5838468736736027,0.5000000026788737,102.01629908145756,97.3,5862.360139884964,20190,0.005613135682750798,0.762597490674805,0.905286544015708,6,0
odds_50_1000_score>=0.5_expected>=3000_top3_by_direct_expected_return,13288,39628,2.982239614689946,3962800,3596920,-365880,0.9076713434944989,0.9025764610881195,368,0.009286363177551226,0.027694160144491272,0.5838468736736027,0.5000000026788737,102.01629908145756,97.3,5862.360139884964,20190,0.005613135682750798,0.762597490674805,0.905286544015708,6,0
odds_30_500_score>=0.5_expected>=0_top2_by_direct_expected_return,13305,26606,1.9996993611424276,2660600,2420990,-239610,0.9099413666090356,0.9023528527399834,238,0.008945350672780576,0.017888012025554303,0.579442783819133,0.5000000026788737,105.77418251522215,99.3,6030.207620610355,20190,0.008339563566970536,0.7440060698027314,0.9047000467458265,6,2
odds_30_500_score>=0.5_expected>=500_top2_by_direct_expected_return,13305,26606,1.9996993611424276,2660600,2420990,-239610,0.9099413666090356,0.9023528527399834,238,0.008945350672780576,0.017888012025554303,0.579442783819133,0.5000000026788737,105.77418251522215,99.3,6030.207620610355,20190,0.008339563566970536,0.7440060698027314,0.9047000467458265,6,2
odds_30_500_score>=0.5_expected>=1000_top2_by_direct_expected_return,13305,26606,1.9996993611424276,2660600,2420990,-239610,0.9099413666090356,0.9023528527399834,238,0.008945350672780576,0.017888012025554303,0.579442783819133,0.5000000026788737,105.77418251522215,99.3,6030.207620610355,20190,0.008339563566970536,0.7440060698027314,0.9047000467458265,6,2
odds_30_500_score>=0.5_expected>=1500_top2_by_direct_expected_return,13305,26606,1.9996993611424276,2660600,2420990,-239610,0.9099413666090356,0.9023528527399834,238,0.008945350672780576,0.017888012025554303,0.579442783819133,0.5000000026788737,105.77418251522215,99.3,6030.207620610355,20190,0.008339563566970536,0.7440060698027314,0.9047000467458265,6,2
odds_30_500_score>=0.5_expected>=2000_top2_by_direct_expected_return,13305,26606,1.9996993611424276,2660600,2420990,-239610,0.9099413666090356,0.9023528527399834,238,0.008945350672780576,0.017888012025554303,0.579442783819133,0.5000000026788737,105.77418251522215,99.3,6030.207620610355,20190,0.008339563566970536,0.7440060698027314,0.9047000467458265,6,2
odds_30plus_score>=0.5_expected>=0_top2_by_direct_expected_return,13305,26606,1.9996993611424276,2660600,2420990,-239610,0.9099413666090356,0.9023528527399834,238,0.008945350672780576,0.017888012025554303,0.5794354807107595,0.5000000026788737,105.85230399158085,99.3,6034.074372805825,20190,0.008339563566970536,0.7440060698027314,0.9047000467458265,6,2
odds_30plus_score>=0.5_expected>=500_top2_by_direct_expected_return,13305,26606,1.9996993611424276,2660600,2420990,-239610,0.9099413666090356,0.9023528527399834,238,0.008945350672780576,0.017888012025554303,0.5794354807107595,0.5000000026788737,105.85230399158085,99.3,6034.074372805825,20190,0.008339563566970536,0.7440060698027314,0.9047000467458265,6,2
odds_30plus_score>=0.5_expected>=1000_top2_by_direct_expected_return,13305,26606,1.9996993611424276,2660600,2420990,-239610,0.9099413666090356,0.9023528527399834,238,0.008945350672780576,0.017888012025554303,0.5794354807107595,0.5000000026788737,105.85230399158085,99.3,6034.074372805825,20190,0.008339563566970536,0.7440060698027314,0.9047000467458265,6,2
odds_30plus_score>=0.5_expected>=1500_top2_by_direct_expected_return,13305,26606,1.9996993611424276,2660600,2420990,-239610,0.9099413666090356,0.9023528527399834,238,0.008945350672780576,0.017888012025554303,0.5794354807107595,0.5000000026788737,105.85230399158085,99.3,6034.074372805825,20190,0.008339563566970536,0.7440060698027314,0.9047000467458265,6,2
odds_30plus_score>=0.5_expected>=2000_top2_by_direct_expected_return,13305,26606,1.9996993611424276,2660600,2420990,-239610,0.9099413666090356,0.9023528527399834,238,0.008945350672780576,0.017888012025554303,0.5794354807107595,0.5000000026788737,105.85230399158085,99.3,6034.074372805825,20190,0.008339563566970536,0.7440060698027314,0.9047000467458265,6,2
odds_50_500_score>=0.5_expected>=3000_top2_by_direct_expected_return,13288,26517,1.9955599036724865,2651700,2412800,-238900,0.9099068522080175,0.9022928687257231,236,0.008899950974846325,0.017760385310054184,0.5789505569071937,0.5000000026788737,105.98997624165631,99.3,6040.25417070152,20190,0.008367871352785146,0.7460816637078367,0.9046575777520394,6,2
odds_50_1000_score>=0.5_expected>=3000_top2_by_direct_expected_return,13288,26517,1.9955599036724865,2651700,2412800,-238900,0.9099068522080175,0.9022928687257231,236,0.008899950974846325,0.017760385310054184,0.5789505569071937,0.5000000026788737,105.98997624165631,99.3,6040.25417070152,20190,0.008367871352785146,0.7460816637078367,0.9046575777520394,6,2
odds_50plus_score>=0.5_expected>=3000_top2_by_direct_expected_return,13288,26517,1.9955599036724865,2651700,2412800,-238900,0.9099068522080175,0.9022928687257231,236,0.008899950974846325,0.017760385310054184,0.578943229287124,0.5000000026788737,106.06835992005128,99.3,6044.13390102217,20190,0.008367871352785146,0.7460816637078367,0.9046575777520394,6,2
odds_50_500_score>=0.5_expected>=0_top3_by_direct_expected_return,13295,39653,2.982549830763445,3965300,3596920,-368380,0.9070990845585454,0.9020074143192193,368,0.009280508410460747,0.027679578789018427,0.5838160796358817,0.5000000026788737,101.98528232416211,97.3,5860.444368193816,20190,0.005613135682750798,0.7623389830508475,0.9047175229538055,6,0
odds_50_500_score>=0.5_expected>=500_top3_by_direct_expected_return,13295,39653,2.982549830763445,3965300,3596920,-368380,0.9070990845585454,0.9020074143192193,368,0.009280508410460747,0.027679578789018427,0.5838160796358817,0.5000000026788737,101.98528232416211,97.3,5860.444368193816,20190,0.005613135682750798,0.7623389830508475,0.9047175229538055,6,0
odds_50_500_score>=0.5_expected>=1000_top3_by_direct_expected_return,13295,39653,2.982549830763445,3965300,3596920,-368380,0.9070990845585454,0.9020074143192193,368,0.009280508410460747,0.027679578789018427,0.5838160796358817,0.5000000026788737,101.98528232416211,97.3,5860.444368193816,20190,0.005613135682750798,0.7623389830508475,0.9047175229538055,6,0
odds_50_500_score>=0.5_expected>=1500_top3_by_direct_expected_return,13295,39653,2.982549830763445,3965300,3596920,-368380,0.9070990845585454,0.9020074143192193,368,0.009280508410460747,0.027679578789018427,0.5838160796358817,0.5000000026788737,101.98528232416211,97.3,5860.444368193816,20190,0.005613135682750798,0.7623389830508475,0.9047175229538055,6,0
odds_50_500_score>=0.5_expected>=2000_top3_by_direct_expected_return,13295,39653,2.982549830763445,3965300,3596920,-368380,0.9070990845585454,0.9020074143192193,368,0.009280508410460747,0.027679578789018427,0.5838160796358817,0.5000000026788737,101.98528232416211,97.3,5860.444368193816,20190,0.005613135682750798,0.7623389830508475,0.9047175229538055,6,0
odds_50_1000_score>=0.5_expected>=0_top3_by_direct_expected_return,13295,39653,2.982549830763445,3965300,3596920,-368380,0.9070990845585454,0.9020074143192193,368,0.009280508410460747,0.027679578789018427,0.5838160796358817,0.5000000026788737,101.98528232416211,97.3,5860.444368193816,20190,0.005613135682750798,0.7623389830508475,0.9047175229538055,6,0
odds_50_1000_score>=0.5_expected>=500_top3_by_direct_expected_return,13295,39653,2.982549830763445,3965300,3596920,-368380,0.9070990845585454,0.9020074143192193,368,0.009280508410460747,0.027679578789018427,0.5838160796358817,0.5000000026788737,101.98528232416211,97.3,5860.444368193816,20190,0.005613135682750798,0.7623389830508475,0.9047175229538055,6,0
odds_50_1000_score>=0.5_expected>=1000_top3_by_direct_expected_return,13295,39653,2.982549830763445,3965300,3596920,-368380,0.9070990845585454,0.9020074143192193,368,0.009280508410460747,0.027679578789018427,0.5838160796358817,0.5000000026788737,101.98528232416211,97.3,5860.444368193816,20190,0.005613135682750798,0.7623389830508475,0.9047175229538055,6,0
odds_50_1000_score>=0.5_expected>=1500_top3_by_direct_expected_return,13295,39653,2.982549830763445,3965300,3596920,-368380,0.9070990845585454,0.9020074143192193,368,0.009280508410460747,0.027679578789018427,0.5838160796358817,0.5000000026788737,101.98528232416211,97.3,5860.444368193816,20190,0.005613135682750798,0.7623389830508475,0.9047175229538055,6,0
odds_50_1000_score>=0.5_expected>=2000_top3_by_direct_expected_return,13295,39653,2.982549830763445,3965300,3596920,-368380,0.9070990845585454,0.9020074143192193,368,0.009280508410460747,0.027679578789018427,0.5838160796358817,0.5000000026788737,101.98528232416211,97.3,5860.444368193816,20190,0.005613135682750798,0.7623389830508475,0.9047175229538055,6,0
odds_50_500_score>=0.5_expected>=0_top2_by_direct_expected_return,13295,26530,1.9954870251974426,2653000,2412800,-240200,0.9094609875612514,0.9018507350169619,236,0.008895589898228421,0.01775103422339225,0.5789295630196523,0.5000000026788737,105.96384093479081,99.3,6038.676734612777,20190,0.008367871352785146,0.7458924949290061,0.9042156716830458,6,2
odds_50_500_score>=0.5_expected>=500_top2_by_direct_expected_return,13295,26530,1.9954870251974426,2653000,2412800,-240200,0.9094609875612514,0.9018507350169619,236,0.008895589898228421,0.01775103422339225,0.5789295630196523,0.5000000026788737,105.96384093479081,99.3,6038.676734612777,20190,0.008367871352785146,0.7458924949290061,0.9042156716830458,6,2
odds_50_500_score>=0.5_expected>=1000_top2_by_direct_expected_return,13295,26530,1.9954870251974426,2653000,2412800,-240200,0.9094609875612514,0.9018507350169619,236,0.008895589898228421,0.01775103422339225,0.5789295630196523,0.5000000026788737,105.96384093479081,99.3,6038.676734612777,20190,0.008367871352785146,0.7458924949290061,0.9042156716830458,6,2
odds_50_500_score>=0.5_expected>=1500_top2_by_direct_expected_return,13295,26530,1.9954870251974426,2653000,2412800,-240200,0.9094609875612514,0.9018507350169619,236,0.008895589898228421,0.01775103422339225,0.5789295630196523,0.5000000026788737,105.96384093479081,99.3,6038.676734612777,20190,0.008367871352785146,0.7458924949290061,0.9042156716830458,6,2
odds_50_500_score>=0.5_expected>=2000_top2_by_direct_expected_return,13295,26530,1.9954870251974426,2653000,2412800,-240200,0.9094609875612514,0.9018507350169619,236,0.008895589898228421,0.01775103422339225,0.5789295630196523,0.5000000026788737,105.96384093479081,99.3,6038.676734612777,20190,0.008367871352785146,0.7458924949290061,0.9042156716830458,6,2
odds_50_1000_score>=0.5_expected>=0_top2_by_direct_expected_return,13295,26530,1.9954870251974426,2653000,2412800,-240200,0.9094609875612514,0.9018507350169619,236,0.008895589898228421,0.01775103422339225,0.5789295630196523,0.5000000026788737,105.96384093479081,99.3,6038.676734612777,20190,0.008367871352785146,0.7458924949290061,0.9042156716830458,6,2
odds_50_1000_score>=0.5_expected>=500_top2_by_direct_expected_return,13295,26530,1.9954870251974426,2653000,2412800,-240200,0.9094609875612514,0.9018507350169619,236,0.008895589898228421,0.01775103422339225,0.5789295630196523,0.5000000026788737,105.96384093479081,99.3,6038.676734612777,20190,0.008367871352785146,0.7458924949290061,0.9042156716830458,6,2
odds_50_1000_score>=0.5_expected>=1000_top2_by_direct_expected_return,13295,26530,1.9954870251974426,2653000,2412800,-240200,0.9094609875612514,0.9018507350169619,236,0.008895589898228421,0.01775103422339225,0.5789295630196523,0.5000000026788737,105.96384093479081,99.3,6038.676734612777,20190,0.008367871352785146,0.7458924949290061,0.9042156716830458,6,2
odds_50_1000_score>=0.5_expected>=1500_top2_by_direct_expected_return,13295,26530,1.9954870251974426,2653000,2412800,-240200,0.9094609875612514,0.9018507350169619,236,0.008895589898228421,0.01775103422339225,0.5789295630196523,0.5000000026788737,105.96384093479081,99.3,6038.676734612777,20190,0.008367871352785146,0.7458924949290061,0.9042156716830458,6,2
odds_50_1000_score>=0.5_expected>=2000_top2_by_direct_expected_return,13295,26530,1.9954870251974426,2653000,2412800,-240200,0.9094609875612514,0.9018507350169619,236,0.008895589898228421,0.01775103422339225,0.5789295630196523,0.5000000026788737,105.96384093479081,99.3,6038.676734612777,20190,0.008367871352785146,0.7458924949290061,0.9042156716830458,6,2
odds_50plus_score>=0.5_expected>=0_top2_by_direct_expected_return,13295,26530,1.9954870251974426,2653000,2412800,-240200,0.9094609875612514,0.9018507350169619,236,0.008895589898228421,0.01775103422339225,0.5789222389901992,0.5000000026788737,106.04218620429702,99.3,6042.554563821698,20190,0.008367871352785146,0.7458924949290061,0.9042156716830458,6,2
odds_50plus_score>=0.5_expected>=500_top2_by_direct_expected_return,13295,26530,1.9954870251974426,2653000,2412800,-240200,0.9094609875612514,0.9018507350169619,236,0.008895589898228421,0.01775103422339225,0.5789222389901992,0.5000000026788737,106.04218620429702,99.3,6042.554563821698,20190,0.008367871352785146,0.7458924949290061,0.9042156716830458,6,2
odds_50plus_score>=0.5_expected>=1000_top2_by_direct_expected_return,13295,26530,1.9954870251974426,2653000,2412800,-240200,0.9094609875612514,0.9018507350169619,236,0.008895589898228421,0.01775103422339225,0.5789222389901992,0.5000000026788737,106.04218620429702,99.3,6042.554563821698,20190,0.008367871352785146,0.7458924949290061,0.9042156716830458,6,2
odds_50plus_score>=0.5_expected>=1500_top2_by_direct_expected_return,13295,26530,1.9954870251974426,2653000,2412800,-240200,0.9094609875612514,0.9018507350169619,236,0.008895589898228421,0.01775103422339225,0.5789222389901992,0.5000000026788737,106.04218620429702,99.3,6042.554563821698,20190,0.008367871352785146,0.7458924949290061,0.9042156716830458,6,2
odds_50plus_score>=0.5_expected>=2000_top2_by_direct_expected_return,13295,26530,1.9954870251974426,2653000,2412800,-240200,0.9094609875612514,0.9018507350169619,236,0.008895589898228421,0.01775103422339225,0.5789222389901992,0.5000000026788737,106.04218620429702,99.3,6042.554563821698,20190,0.008367871352785146,0.7458924949290061,0.9042156716830458,6,2
odds_30_500_score>=0.5_expected>=3000_top2_by_direct_expected_return,13294,26559,1.9978185647660598,2655900,2412800,-243100,0.9084679393049437,0.9008659964607101,236,0.00888587672728642,0.017752369489995486,0.5793208044863427,0.5000000026788737,105.88459279340339,99.3,6036.024153284931,20190,0.008367871352785146,0.7447594936708861,0.9032191278377288,6,2
odds_30plus_score>=0.5_expected>=3000_top2_by_direct_expected_return,13294,26559,1.9978185647660598,2655900,2412800,-243100,0.9084679393049437,0.9008659964607101,236,0.00888587672728642,0.017752369489995486,0.5793134884540604,0.5000000026788737,105.96285251703753,99.3,6039.897748258863,20190,0.008367871352785146,0.7447594936708861,0.9032191278377288,6,2
odds_50plus_score>=0.5_expected>=3000_top3_by_direct_expected_return,13288,39628,2.982239614689946,3962800,3588830,-373970,0.9056298576763905,0.9005349752700111,367,0.009261128495003533,0.027618904274533413,0.5838392762815579,0.5000000026788737,102.06943070556173,97.3,5864.973064838636,20190,0.005625788906133754,0.7488809766022381,0.903000458336947,6,0
odds_50plus_score>=0.5_expected>=0_top3_by_direct_expected_return,13295,39653,2.982549830763445,3965300,3588830,-376470,0.9050588858346152,0.8999672155952891,367,0.009255289637606233,0.02760436254230914,0.5838084870337596,0.5000000026788737,102.03838045040729,97.3,5863.055645778465,20190,0.005625788906133754,0.7486271186440678,0.9024322122193422,6,0
odds_50plus_score>=0.5_expected>=500_top3_by_direct_expected_return,13295,39653,2.982549830763445,3965300,3588830,-376470,0.9050588858346152,0.8999672155952891,367,0.009255289637606233,0.02760436254230914,0.5838084870337596,0.5000000026788737,102.03838045040729,97.3,5863.055645778465,20190,0.005625788906133754,0.7486271186440678,0.9024322122193422,6,0
odds_50plus_score>=0.5_expected>=1000_top3_by_direct_expected_return,13295,39653,2.982549830763445,3965300,3588830,-376470,0.9050588858346152,0.8999672155952891,367,0.009255289637606233,0.02760436254230914,0.5838084870337596,0.5000000026788737,102.03838045040729,97.3,5863.055645778465,20190,0.005625788906133754,0.7486271186440678,0.9024322122193422,6,0
odds_50plus_score>=0.5_expected>=1500_top3_by_direct_expected_return,13295,39653,2.982549830763445,3965300,3588830,-376470,0.9050588858346152,0.8999672155952891,367,0.009255289637606233,0.02760436254230914,0.5838084870337596,0.5000000026788737,102.03838045040729,97.3,5863.055645778465,20190,0.005625788906133754,0.7486271186440678,0.9024322122193422,6,0
odds_50plus_score>=0.5_expected>=2000_top3_by_direct_expected_return,13295,39653,2.982549830763445,3965300,3588830,-376470,0.9050588858346152,0.8999672155952891,367,0.009255289637606233,0.02760436254230914,0.5838084870337596,0.5000000026788737,102.03838045040729,97.3,5863.055645778465,20190,0.005625788906133754,0.7486271186440678,0.9024322122193422,6,0
odds_30_500_score>=0.5_expected>=5000_top1_by_direct_ticket_score,12136,12136,1.0,1213600,1099950,-113650,0.9063529993408043,0.8980883322346737,136,0.01120632827949901,0.01120632827949901,0.6629206887102017,0.5006318972907496,83.20435069215557,81.4,5475.936946209912,10030,0.00911859629983181,0.6647172547124215,0.9096406836161549,6,2
odds_50_500_score>=0.5_expected>=5000_top1_by_direct_ticket_score,12136,12136,1.0,1213600,1099950,-113650,0.9063529993408043,0.8980883322346737,136,0.01120632827949901,0.01120632827949901,0.6629206887102017,0.5006318972907496,83.20435069215557,81.4,5475.936946209912,10030,0.00911859629983181,0.6647172547124215,0.9096406836161549,6,2
odds_50_1000_score>=0.5_expected>=5000_top1_by_direct_ticket_score,12136,12136,1.0,1213600,1099950,-113650,0.9063529993408043,0.8980883322346737,136,0.01120632827949901,0.01120632827949901,0.6629206887102017,0.5006318972907496,83.20435069215557,81.4,5475.936946209912,10030,0.00911859629983181,0.6647172547124215,0.9096406836161549,6,2
odds_30plus_score>=0.5_expected>=5000_top1_by_direct_ticket_score,12136,12136,1.0,1213600,1099950,-113650,0.9063529993408043,0.8980883322346737,136,0.01120632827949901,0.01120632827949901,0.6629206887102017,0.5006318972907496,83.20435069215557,81.4,5475.936946209912,10030,0.00911859629983181,0.6647172547124215,0.9096406836161549,6,2
odds_50plus_score>=0.5_expected>=5000_top1_by_direct_ticket_score,12136,12136,1.0,1213600,1099950,-113650,0.9063529993408043,0.8980883322346737,136,0.01120632827949901,0.01120632827949901,0.6629206887102017,0.5006318972907496,83.20435069215557,81.4,5475.936946209912,10030,0.00911859629983181,0.6647172547124215,0.9096406836161549,6,2
odds_50_500_score>=0.5_expected>=3000_top5_by_direct_expected_return,13288,65100,4.899157134256472,6510000,5951570,-558430,0.9142196620583717,0.8972933947772658,630,0.00967741935483871,0.04741119807344973,0.5912909290043965,0.5000000026788737,96.6671167434716,94.5,5621.564011057646,110190,0.018514442407633617,0.7809985558077162,0.9122456139924858,6,1
odds_50_1000_score>=0.5_expected>=3000_top5_by_direct_expected_return,13288,65100,4.899157134256472,6510000,5951570,-558430,0.9142196620583717,0.8972933947772658,630,0.00967741935483871,0.04741119807344973,0.5912909290043965,0.5000000026788737,96.6671167434716,94.5,5621.564011057646,110190,0.018514442407633617,0.7809985558077162,0.9122456139924858,6,1
odds_50plus_score>=0.5_expected>=3000_top5_by_direct_expected_return,13288,65100,4.899157134256472,6510000,5951570,-558430,0.9142196620583717,0.8972933947772658,630,0.00967741935483871,0.04741119807344973,0.5912889555956988,0.5000000026788737,96.69927342549923,94.5,5623.167838707069,110190,0.018514442407633617,0.7809985558077162,0.9122456139924858,6,1
odds_50_500_score>=0.5_expected>=0_top5_by_direct_expected_return,13295,65170,4.9018427980443775,6517000,5956600,-560400,0.914009513579868,0.8971014270369803,631,0.009682369188276814,0.047461451673561486,0.5912306224247686,0.5000000026788737,96.62054166027312,94.4,5618.586304813804,110190,0.018498808044857804,0.7854581057404927,0.9121310353108356,6,0
odds_50_500_score>=0.5_expected>=500_top5_by_direct_expected_return,13295,65170,4.9018427980443775,6517000,5956600,-560400,0.914009513579868,0.8971014270369803,631,0.009682369188276814,0.047461451673561486,0.5912306224247686,0.5000000026788737,96.62054166027312,94.4,5618.586304813804,110190,0.018498808044857804,0.7854581057404927,0.9121310353108356,6,0
odds_50_500_score>=0.5_expected>=1000_top5_by_direct_expected_return,13295,65170,4.9018427980443775,6517000,5956600,-560400,0.914009513579868,0.8971014270369803,631,0.009682369188276814,0.047461451673561486,0.5912306224247686,0.5000000026788737,96.62054166027312,94.4,5618.586304813804,110190,0.018498808044857804,0.7854581057404927,0.9121310353108356,6,0
odds_50_500_score>=0.5_expected>=1500_top5_by_direct_expected_return,13295,65170,4.9018427980443775,6517000,5956600,-560400,0.914009513579868,0.8971014270369803,631,0.009682369188276814,0.047461451673561486,0.5912306224247686,0.5000000026788737,96.62054166027312,94.4,5618.586304813804,110190,0.018498808044857804,0.7854581057404927,0.9121310353108356,6,0
odds_50_500_score>=0.5_expected>=2000_top5_by_direct_expected_return,13295,65170,4.9018427980443775,6517000,5956600,-560400,0.914009513579868,0.8971014270369803,631,0.009682369188276814,0.047461451673561486,0.5912306224247686,0.5000000026788737,96.62054166027312,94.4,5618.586304813804,110190,0.018498808044857804,0.7854581057404927,0.9121310353108356,6,0
odds_50_1000_score>=0.5_expected>=0_top5_by_direct_expected_return,13295,65170,4.9018427980443775,6517000,5956600,-560400,0.914009513579868,0.8971014270369803,631,0.009682369188276814,0.047461451673561486,0.5912306224247686,0.5000000026788737,96.62054166027312,94.4,5618.586304813804,110190,0.018498808044857804,0.7854581057404927,0.9121310353108356,6,0
odds_50_1000_score>=0.5_expected>=500_top5_by_direct_expected_return,13295,65170,4.9018427980443775,6517000,5956600,-560400,0.914009513579868,0.8971014270369803,631,0.009682369188276814,0.047461451673561486,0.5912306224247686,0.5000000026788737,96.62054166027312,94.4,5618.586304813804,110190,0.018498808044857804,0.7854581057404927,0.9121310353108356,6,0
odds_50_1000_score>=0.5_expected>=1000_top5_by_direct_expected_return,13295,65170,4.9018427980443775,6517000,5956600,-560400,0.914009513579868,0.8971014270369803,631,0.009682369188276814,0.047461451673561486,0.5912306224247686,0.5000000026788737,96.62054166027312,94.4,5618.586304813804,110190,0.018498808044857804,0.7854581057404927,0.9121310353108356,6,0
odds_50_1000_score>=0.5_expected>=1500_top5_by_direct_expected_return,13295,65170,4.9018427980443775,6517000,5956600,-560400,0.914009513579868,0.8971014270369803,631,0.009682369188276814,0.047461451673561486,0.5912306224247686,0.5000000026788737,96.62054166027312,94.4,5618.586304813804,110190,0.018498808044857804,0.7854581057404927,0.9121310353108356,6,0
odds_50_1000_score>=0.5_expected>=2000_top5_by_direct_expected_return,13295,65170,4.9018427980443775,6517000,5956600,-560400,0.914009513579868,0.8971014270369803,631,0.009682369188276814,0.047461451673561486,0.5912306224247686,0.5000000026788737,96.62054166027312,94.4,5618.586304813804,110190,0.018498808044857804,0.7854581057404927,0.9121310353108356,6,0
odds_50plus_score>=0.5_expected>=0_top5_by_direct_expected_return,13295,65170,4.9018427980443775,6517000,5956600,-560400,0.914009513579868,0.8971014270369803,631,0.009682369188276814,0.047461451673561486,0.5912286511357365,0.5000000026788737,96.65266380236305,94.4,5620.1884097697275,110190,0.018498808044857804,0.7854581057404927,0.9121310353108356,6,0
odds_50plus_score>=0.5_expected>=500_top5_by_direct_expected_return,13295,65170,4.9018427980443775,6517000,5956600,-560400,0.914009513579868,0.8971014270369803,631,0.009682369188276814,0.047461451673561486,0.5912286511357365,0.5000000026788737,96.65266380236305,94.4,5620.1884097697275,110190,0.018498808044857804,0.7854581057404927,0.9121310353108356,6,0
odds_50plus_score>=0.5_expected>=1000_top5_by_direct_expected_return,13295,65170,4.9018427980443775,6517000,5956600,-560400,0.914009513579868,0.8971014270369803,631,0.009682369188276814,0.047461451673561486,0.5912286511357365,0.5000000026788737,96.65266380236305,94.4,5620.1884097697275,110190,0.018498808044857804,0.7854581057404927,0.9121310353108356,6,0
odds_50plus_score>=0.5_expected>=1500_top5_by_direct_expected_return,13295,65170,4.9018427980443775,6517000,5956600,-560400,0.914009513579868,0.8971014270369803,631,0.009682369188276814,0.047461451673561486,0.5912286511357365,0.5000000026788737,96.65266380236305,94.4,5620.1884097697275,110190,0.018498808044857804,0.7854581057404927,0.9121310353108356,6,0
odds_50plus_score>=0.5_expected>=2000_top5_by_direct_expected_return,13295,65170,4.9018427980443775,6517000,5956600,-560400,0.914009513579868,0.8971014270369803,631,0.009682369188276814,0.047461451673561486,0.5912286511357365,0.5000000026788737,96.65266380236305,94.4,5620.1884097697275,110190,0.018498808044857804,0.7854581057404927,0.9121310353108356,6,0
odds_30_500_score>=0.7_expected>=5000_top2_by_direct_expected_return,2971,3848,1.2951868057892966,384800,354000,-30800,0.91995841995842,0.8958679833679833,47,0.012214137214137215,0.015819589363850556,0.7222509358412111,0.7000192588491508,76.19100831600832,75.3,5497.069309589403,9270,0.0261864406779661,0.3962864721485411,0.9497066482833597,6,2
odds_50_500_score>=0.7_expected>=5000_top2_by_direct_expected_return,2971,3848,1.2951868057892966,384800,354000,-30800,0.91995841995842,0.8958679833679833,47,0.012214137214137215,0.015819589363850556,0.7222509358412111,0.7000192588491508,76.19100831600832,75.3,5497.069309589403,9270,0.0261864406779661,0.3962864721485411,0.9497066482833597,6,2
odds_50_1000_score>=0.7_expected>=5000_top2_by_direct_expected_return,2971,3848,1.2951868057892966,384800,354000,-30800,0.91995841995842,0.8958679833679833,47,0.012214137214137215,0.015819589363850556,0.7222509358412111,0.7000192588491508,76.19100831600832,75.3,5497.069309589403,9270,0.0261864406779661,0.3962864721485411,0.9497066482833597,6,2
odds_30plus_score>=0.7_expected>=5000_top2_by_direct_expected_return,2971,3848,1.2951868057892966,384800,354000,-30800,0.91995841995842,0.8958679833679833,47,0.012214137214137215,0.015819589363850556,0.7222509358412111,0.7000192588491508,76.19100831600832,75.3,5497.069309589403,9270,0.0261864406779661,0.3962864721485411,0.9497066482833597,6,2
odds_50plus_score>=0.7_expected>=5000_top2_by_direct_expected_return,2971,3848,1.2951868057892966,384800,354000,-30800,0.91995841995842,0.8958679833679833,47,0.012214137214137215,0.015819589363850556,0.7222509358412111,0.7000192588491508,76.19100831600832,75.3,5497.069309589403,9270,0.0261864406779661,0.3962864721485411,0.9497066482833597,6,2
odds_50_500_score>=0.6_expected>=0_top1_by_direct_expected_return,13162,13162,1.0,1316200,1190060,-126140,0.9041635009876918,0.8949171858380185,140,0.01063668135541711,0.01063668135541711,0.6480366264042381,0.600012537524648,86.7831864458289,89.1,5603.912065473912,12170,0.010226375140749207,0.6393970362800204,0.8980626762190559,6,2
odds_50_500_score>=0.6_expected>=500_top1_by_direct_expected_return,13162,13162,1.0,1316200,1190060,-126140,0.9041635009876918,0.8949171858380185,140,0.01063668135541711,0.01063668135541711,0.6480366264042381,0.600012537524648,86.7831864458289,89.1,5603.912065473912,12170,0.010226375140749207,0.6393970362800204,0.8980626762190559,6,2
odds_50_500_score>=0.6_expected>=1000_top1_by_direct_expected_return,13162,13162,1.0,1316200,1190060,-126140,0.9041635009876918,0.8949171858380185,140,0.01063668135541711,0.01063668135541711,0.6480366264042381,0.600012537524648,86.7831864458289,89.1,5603.912065473912,12170,0.010226375140749207,0.6393970362800204,0.8980626762190559,6,2
odds_50_500_score>=0.6_expected>=1500_top1_by_direct_expected_return,13162,13162,1.0,1316200,1190060,-126140,0.9041635009876918,0.8949171858380185,140,0.01063668135541711,0.01063668135541711,0.6480366264042381,0.600012537524648,86.7831864458289,89.1,5603.912065473912,12170,0.010226375140749207,0.6393970362800204,0.8980626762190559,6,2
odds_50_500_score>=0.6_expected>=2000_top1_by_direct_expected_return,13162,13162,1.0,1316200,1190060,-126140,0.9041635009876918,0.8949171858380185,140,0.01063668135541711,0.01063668135541711,0.6480366264042381,0.600012537524648,86.7831864458289,89.1,5603.912065473912,12170,0.010226375140749207,0.6393970362800204,0.8980626762190559,6,2
odds_50_500_score>=0.6_expected>=3000_top1_by_direct_expected_return,13162,13162,1.0,1316200,1190060,-126140,0.9041635009876918,0.8949171858380185,140,0.01063668135541711,0.01063668135541711,0.6480366264042381,0.600012537524648,86.7831864458289,89.1,5603.912065473912,12170,0.010226375140749207,0.6393970362800204,0.8980626762190559,6,2
odds_50_1000_score>=0.6_expected>=0_top1_by_direct_expected_return,13162,13162,1.0,1316200,1190060,-126140,0.9041635009876918,0.8949171858380185,140,0.01063668135541711,0.01063668135541711,0.6480366264042381,0.600012537524648,86.7831864458289,89.1,5603.912065473912,12170,0.010226375140749207,0.6393970362800204,0.8980626762190559,6,2
odds_50_1000_score>=0.6_expected>=500_top1_by_direct_expected_return,13162,13162,1.0,1316200,1190060,-126140,0.9041635009876918,0.8949171858380185,140,0.01063668135541711,0.01063668135541711,0.6480366264042381,0.600012537524648,86.7831864458289,89.1,5603.912065473912,12170,0.010226375140749207,0.6393970362800204,0.8980626762190559,6,2
odds_50_1000_score>=0.6_expected>=1000_top1_by_direct_expected_return,13162,13162,1.0,1316200,1190060,-126140,0.9041635009876918,0.8949171858380185,140,0.01063668135541711,0.01063668135541711,0.6480366264042381,0.600012537524648,86.7831864458289,89.1,5603.912065473912,12170,0.010226375140749207,0.6393970362800204,0.8980626762190559,6,2
odds_50_1000_score>=0.6_expected>=1500_top1_by_direct_expected_return,13162,13162,1.0,1316200,1190060,-126140,0.9041635009876918,0.8949171858380185,140,0.01063668135541711,0.01063668135541711,0.6480366264042381,0.600012537524648,86.7831864458289,89.1,5603.912065473912,12170,0.010226375140749207,0.6393970362800204,0.8980626762190559,6,2
odds_50_1000_score>=0.6_expected>=2000_top1_by_direct_expected_return,13162,13162,1.0,1316200,1190060,-126140,0.9041635009876918,0.8949171858380185,140,0.01063668135541711,0.01063668135541711,0.6480366264042381,0.600012537524648,86.7831864458289,89.1,5603.912065473912,12170,0.010226375140749207,0.6393970362800204,0.8980626762190559,6,2
odds_50_1000_score>=0.6_expected>=3000_top1_by_direct_expected_return,13162,13162,1.0,1316200,1190060,-126140,0.9041635009876918,0.8949171858380185,140,0.01063668135541711,0.01063668135541711,0.6480366264042381,0.600012537524648,86.7831864458289,89.1,5603.912065473912,12170,0.010226375140749207,0.6393970362800204,0.8980626762190559,6,2
odds_50plus_score>=0.6_expected>=0_top1_by_direct_expected_return,13162,13162,1.0,1316200,1190060,-126140,0.9041635009876918,0.8949171858380185,140,0.01063668135541711,0.01063668135541711,0.6480366264042381,0.600012537524648,86.7831864458289,89.1,5603.912065473912,12170,0.010226375140749207,0.6393970362800204,0.8980626762190559,6,2
odds_50plus_score>=0.6_expected>=500_top1_by_direct_expected_return,13162,13162,1.0,1316200,1190060,-126140,0.9041635009876918,0.8949171858380185,140,0.01063668135541711,0.01063668135541711,0.6480366264042381,0.600012537524648,86.7831864458289,89.1,5603.912065473912,12170,0.010226375140749207,0.6393970362800204,0.8980626762190559,6,2
odds_50plus_score>=0.6_expected>=1000_top1_by_direct_expected_return,13162,13162,1.0,1316200,1190060,-126140,0.9041635009876918,0.8949171858380185,140,0.01063668135541711,0.01063668135541711,0.6480366264042381,0.600012537524648,86.7831864458289,89.1,5603.912065473912,12170,0.010226375140749207,0.6393970362800204,0.8980626762190559,6,2
odds_50plus_score>=0.6_expected>=1500_top1_by_direct_expected_return,13162,13162,1.0,1316200,1190060,-126140,0.9041635009876918,0.8949171858380185,140,0.01063668135541711,0.01063668135541711,0.6480366264042381,0.600012537524648,86.7831864458289,89.1,5603.912065473912,12170,0.010226375140749207,0.6393970362800204,0.8980626762190559,6,2
odds_50plus_score>=0.6_expected>=2000_top1_by_direct_expected_return,13162,13162,1.0,1316200,1190060,-126140,0.9041635009876918,0.8949171858380185,140,0.01063668135541711,0.01063668135541711,0.6480366264042381,0.600012537524648,86.7831864458289,89.1,5603.912065473912,12170,0.010226375140749207,0.6393970362800204,0.8980626762190559,6,2
odds_50plus_score>=0.6_expected>=3000_top1_by_direct_expected_return,13162,13162,1.0,1316200,1190060,-126140,0.9041635009876918,0.8949171858380185,140,0.01063668135541711,0.01063668135541711,0.6480366264042381,0.600012537524648,86.7831864458289,89.1,5603.912065473912,12170,0.010226375140749207,0.6393970362800204,0.8980626762190559,6,2
odds_100_1000_score>=0.5_expected>=0_top10_by_direct_ticket_score,9434,31775,3.36813652745389,3177500,2953390,-224110,0.9294697088906373,0.8947915027537372,248,0.007804878048780488,0.026287894848420607,0.5367699681634576,0.5000000026788737,115.7435216365067,110.4,6201.6181581220735,110190,0.03730966787318979,0.7141764827443686,0.9251905835489741,6,2
odds_100_1000_score>=0.5_expected>=500_top10_by_direct_ticket_score,9434,31775,3.36813652745389,3177500,2953390,-224110,0.9294697088906373,0.8947915027537372,248,0.007804878048780488,0.026287894848420607,0.5367699681634576,0.5000000026788737,115.7435216365067,110.4,6201.6181581220735,110190,0.03730966787318979,0.7141764827443686,0.9251905835489741,6,2
odds_100_1000_score>=0.5_expected>=1000_top10_by_direct_ticket_score,9434,31775,3.36813652745389,3177500,2953390,-224110,0.9294697088906373,0.8947915027537372,248,0.007804878048780488,0.026287894848420607,0.5367699681634576,0.5000000026788737,115.7435216365067,110.4,6201.6181581220735,110190,0.03730966787318979,0.7141764827443686,0.9251905835489741,6,2
odds_100_1000_score>=0.5_expected>=1500_top10_by_direct_ticket_score,9434,31775,3.36813652745389,3177500,2953390,-224110,0.9294697088906373,0.8947915027537372,248,0.007804878048780488,0.026287894848420607,0.5367699681634576,0.5000000026788737,115.7435216365067,110.4,6201.6181581220735,110190,0.03730966787318979,0.7141764827443686,0.9251905835489741,6,2
odds_100_1000_score>=0.5_expected>=2000_top10_by_direct_ticket_score,9434,31775,3.36813652745389,3177500,2953390,-224110,0.9294697088906373,0.8947915027537372,248,0.007804878048780488,0.026287894848420607,0.5367699681634576,0.5000000026788737,115.7435216365067,110.4,6201.6181581220735,110190,0.03730966787318979,0.7141764827443686,0.9251905835489741,6,2
odds_100_1000_score>=0.5_expected>=3000_top10_by_direct_ticket_score,9434,31775,3.36813652745389,3177500,2953390,-224110,0.9294697088906373,0.8947915027537372,248,0.007804878048780488,0.026287894848420607,0.5367699681634576,0.5000000026788737,115.7435216365067,110.4,6201.6181581220735,110190,0.03730966787318979,0.7141764827443686,0.9251905835489741,6,2
odds_100_1000_score>=0.5_expected>=5000_top10_by_direct_ticket_score,9434,31775,3.36813652745389,3177500,2953390,-224110,0.9294697088906373,0.8947915027537372,248,0.007804878048780488,0.026287894848420607,0.5367699681634576,0.5000000026788737,115.7435216365067,110.4,6201.6181581220735,110190,0.03730966787318979,0.7141764827443686,0.9251905835489741,6,2
odds_100plus_score>=0.5_expected>=0_top10_by_direct_ticket_score,9434,31777,3.3683485266058937,3177700,2953390,-224310,0.9294112093652642,0.8947351858262265,248,0.00780438682065645,0.026287894848420607,0.5367679292338587,0.5000000026788737,115.8081001982566,110.4,6204.852138187147,110190,0.03730966787318979,0.7140289256198347,0.9251429184944012,6,2
odds_100plus_score>=0.5_expected>=500_top10_by_direct_ticket_score,9434,31777,3.3683485266058937,3177700,2953390,-224310,0.9294112093652642,0.8947351858262265,248,0.00780438682065645,0.026287894848420607,0.5367679292338587,0.5000000026788737,115.8081001982566,110.4,6204.852138187147,110190,0.03730966787318979,0.7140289256198347,0.9251429184944012,6,2
odds_100plus_score>=0.5_expected>=1000_top10_by_direct_ticket_score,9434,31777,3.3683485266058937,3177700,2953390,-224310,0.9294112093652642,0.8947351858262265,248,0.00780438682065645,0.026287894848420607,0.5367679292338587,0.5000000026788737,115.8081001982566,110.4,6204.852138187147,110190,0.03730966787318979,0.7140289256198347,0.9251429184944012,6,2
odds_100plus_score>=0.5_expected>=1500_top10_by_direct_ticket_score,9434,31777,3.3683485266058937,3177700,2953390,-224310,0.9294112093652642,0.8947351858262265,248,0.00780438682065645,0.026287894848420607,0.5367679292338587,0.5000000026788737,115.8081001982566,110.4,6204.852138187147,110190,0.03730966787318979,0.7140289256198347,0.9251429184944012,6,2
odds_100plus_score>=0.5_expected>=2000_top10_by_direct_ticket_score,9434,31777,3.3683485266058937,3177700,2953390,-224310,0.9294112093652642,0.8947351858262265,248,0.00780438682065645,0.026287894848420607,0.5367679292338587,0.5000000026788737,115.8081001982566,110.4,6204.852138187147,110190,0.03730966787318979,0.7140289256198347,0.9251429184944012,6,2
odds_100plus_score>=0.5_expected>=3000_top10_by_direct_ticket_score,9434,31777,3.3683485266058937,3177700,2953390,-224310,0.9294112093652642,0.8947351858262265,248,0.00780438682065645,0.026287894848420607,0.5367679292338587,0.5000000026788737,115.8081001982566,110.4,6204.852138187147,110190,0.03730966787318979,0.7140289256198347,0.9251429184944012,6,2
odds_100plus_score>=0.5_expected>=5000_top10_by_direct_ticket_score,9434,31777,3.3683485266058937,3177700,2953390,-224310,0.9294112093652642,0.8947351858262265,248,0.00780438682065645,0.026287894848420607,0.5367679292338587,0.5000000026788737,115.8081001982566,110.4,6204.852138187147,110190,0.03730966787318979,0.7140289256198347,0.9251429184944012,6,2
odds_100_1000_score>=0.5_expected>=0_top3_by_direct_expected_return,9434,21377,2.2659529361882553,2137700,1932260,-205440,0.9038967114188147,0.8944519811011835,163,0.007625017542218272,0.017277930888276446,0.5366032441271862,0.5000000026788737,119.29772652851196,114.5,6386.769741251672,20190,0.010448904391748523,0.694910514541387,0.8996720158214296,6,1
odds_100_1000_score>=0.5_expected>=500_top3_by_direct_expected_return,9434,21377,2.2659529361882553,2137700,1932260,-205440,0.9038967114188147,0.8944519811011835,163,0.007625017542218272,0.017277930888276446,0.5366032441271862,0.5000000026788737,119.29772652851196,114.5,6386.769741251672,20190,0.010448904391748523,0.694910514541387,0.8996720158214296,6,1
odds_100_1000_score>=0.5_expected>=1000_top3_by_direct_expected_return,9434,21377,2.2659529361882553,2137700,1932260,-205440,0.9038967114188147,0.8944519811011835,163,0.007625017542218272,0.017277930888276446,0.5366032441271862,0.5000000026788737,119.29772652851196,114.5,6386.769741251672,20190,0.010448904391748523,0.694910514541387,0.8996720158214296,6,1
odds_100_1000_score>=0.5_expected>=1500_top3_by_direct_expected_return,9434,21377,2.2659529361882553,2137700,1932260,-205440,0.9038967114188147,0.8944519811011835,163,0.007625017542218272,0.017277930888276446,0.5366032441271862,0.5000000026788737,119.29772652851196,114.5,6386.769741251672,20190,0.010448904391748523,0.694910514541387,0.8996720158214296,6,1
odds_100_1000_score>=0.5_expected>=2000_top3_by_direct_expected_return,9434,21377,2.2659529361882553,2137700,1932260,-205440,0.9038967114188147,0.8944519811011835,163,0.007625017542218272,0.017277930888276446,0.5366032441271862,0.5000000026788737,119.29772652851196,114.5,6386.769741251672,20190,0.010448904391748523,0.694910514541387,0.8996720158214296,6,1
odds_100_1000_score>=0.5_expected>=3000_top3_by_direct_expected_return,9434,21377,2.2659529361882553,2137700,1932260,-205440,0.9038967114188147,0.8944519811011835,163,0.007625017542218272,0.017277930888276446,0.5366032441271862,0.5000000026788737,119.29772652851196,114.5,6386.769741251672,20190,0.010448904391748523,0.694910514541387,0.8996720158214296,6,1
odds_100_1000_score>=0.5_expected>=5000_top3_by_direct_expected_return,9434,21377,2.2659529361882553,2137700,1932260,-205440,0.9038967114188147,0.8944519811011835,163,0.007625017542218272,0.017277930888276446,0.5366032441271862,0.5000000026788737,119.29772652851196,114.5,6386.769741251672,20190,0.010448904391748523,0.694910514541387,0.8996720158214296,6,1
odds_30_500_score>=0.5_expected>=3000_top3_by_direct_expected_return,13294,39775,2.991951256205807,3977500,3577830,-399670,0.8995172847265871,0.894441231929604,365,0.00917661847894406,0.027455995185798103,0.5846033492785679,0.5000000026788737,101.7932093023256,97.2,5853.164703877356,20190,0.005643085333847612,0.7490703177822853,0.8968099702671232,6,0
odds_100plus_score>=0.5_expected>=0_top3_by_direct_expected_return,9434,21378,2.266058935764257,2137800,1932260,-205540,0.9038544297876322,0.8944101412667228,163,0.007624660866311161,0.017277930888276446,0.5366008291659633,0.5000000026788737,119.39423238843673,114.5,6391.610328383732,20190,0.010448904391748523,0.694910514541387,0.899634117242757,6,1
odds_100plus_score>=0.5_expected>=500_top3_by_direct_expected_return,9434,21378,2.266058935764257,2137800,1932260,-205540,0.9038544297876322,0.8944101412667228,163,0.007624660866311161,0.017277930888276446,0.5366008291659633,0.5000000026788737,119.39423238843673,114.5,6391.610328383732,20190,0.010448904391748523,0.694910514541387,0.899634117242757,6,1
odds_100plus_score>=0.5_expected>=1000_top3_by_direct_expected_return,9434,21378,2.266058935764257,2137800,1932260,-205540,0.9038544297876322,0.8944101412667228,163,0.007624660866311161,0.017277930888276446,0.5366008291659633,0.5000000026788737,119.39423238843673,114.5,6391.610328383732,20190,0.010448904391748523,0.694910514541387,0.899634117242757,6,1
odds_100plus_score>=0.5_expected>=1500_top3_by_direct_expected_return,9434,21378,2.266058935764257,2137800,1932260,-205540,0.9038544297876322,0.8944101412667228,163,0.007624660866311161,0.017277930888276446,0.5366008291659633,0.5000000026788737,119.39423238843673,114.5,6391.610328383732,20190,0.010448904391748523,0.694910514541387,0.899634117242757,6,1
odds_100plus_score>=0.5_expected>=2000_top3_by_direct_expected_return,9434,21378,2.266058935764257,2137800,1932260,-205540,0.9038544297876322,0.8944101412667228,163,0.007624660866311161,0.017277930888276446,0.5366008291659633,0.5000000026788737,119.39423238843673,114.5,6391.610328383732,20190,0.010448904391748523,0.694910514541387,0.899634117242757,6,1
odds_100plus_score>=0.5_expected>=3000_top3_by_direct_expected_return,9434,21378,2.266058935764257,2137800,1932260,-205540,0.9038544297876322,0.8944101412667228,163,0.007624660866311161,0.017277930888276446,0.5366008291659633,0.5000000026788737,119.39423238843673,114.5,6391.610328383732,20190,0.010448904391748523,0.694910514541387,0.899634117242757,6,1
odds_100plus_score>=0.5_expected>=5000_top3_by_direct_expected_return,9434,21378,2.266058935764257,2137800,1932260,-205540,0.9038544297876322,0.8944101412667228,163,0.007624660866311161,0.017277930888276446,0.5366008291659633,0.5000000026788737,119.39423238843673,114.5,6391.610328383732,20190,0.010448904391748523,0.694910514541387,0.899634117242757,6,1
odds_100_1000_score>=0.5_expected>=0_top5_by_direct_expected_return,9434,27390,2.903328386686453,2739000,2559690,-179310,0.9345345016429354,0.8943044906900328,211,0.007703541438481198,0.022365910536357853,0.5365799601999208,0.5000000026788737,117.36813800657174,112.3,6284.74801951193,110190,0.04304818161574253,0.7269193857965451,0.9302951582041347,6,2
odds_100_1000_score>=0.5_expected>=500_top5_by_direct_expected_return,9434,27390,2.903328386686453,2739000,2559690,-179310,0.9345345016429354,0.8943044906900328,211,0.007703541438481198,0.022365910536357853,0.5365799601999208,0.5000000026788737,117.36813800657174,112.3,6284.74801951193,110190,0.04304818161574253,0.7269193857965451,0.9302951582041347,6,2
odds_100_1000_score>=0.5_expected>=1000_top5_by_direct_expected_return,9434,27390,2.903328386686453,2739000,2559690,-179310,0.9345345016429354,0.8943044906900328,211,0.007703541438481198,0.022365910536357853,0.5365799601999208,0.5000000026788737,117.36813800657174,112.3,6284.74801951193,110190,0.04304818161574253,0.7269193857965451,0.9302951582041347,6,2
odds_100_1000_score>=0.5_expected>=1500_top5_by_direct_expected_return,9434,27390,2.903328386686453,2739000,2559690,-179310,0.9345345016429354,0.8943044906900328,211,0.007703541438481198,0.022365910536357853,0.5365799601999208,0.5000000026788737,117.36813800657174,112.3,6284.74801951193,110190,0.04304818161574253,0.7269193857965451,0.9302951582041347,6,2
odds_100_1000_score>=0.5_expected>=2000_top5_by_direct_expected_return,9434,27390,2.903328386686453,2739000,2559690,-179310,0.9345345016429354,0.8943044906900328,211,0.007703541438481198,0.022365910536357853,0.5365799601999208,0.5000000026788737,117.36813800657174,112.3,6284.74801951193,110190,0.04304818161574253,0.7269193857965451,0.9302951582041347,6,2
odds_100_1000_score>=0.5_expected>=3000_top5_by_direct_expected_return,9434,27390,2.903328386686453,2739000,2559690,-179310,0.9345345016429354,0.8943044906900328,211,0.007703541438481198,0.022365910536357853,0.5365799601999208,0.5000000026788737,117.36813800657174,112.3,6284.74801951193,110190,0.04304818161574253,0.7269193857965451,0.9302951582041347,6,2
odds_100_1000_score>=0.5_expected>=5000_top5_by_direct_expected_return,9434,27390,2.903328386686453,2739000,2559690,-179310,0.9345345016429354,0.8943044906900328,211,0.007703541438481198,0.022365910536357853,0.5365799601999208,0.5000000026788737,117.36813800657174,112.3,6284.74801951193,110190,0.04304818161574253,0.7269193857965451,0.9302951582041347,6,2
odds_100plus_score>=0.5_expected>=0_top5_by_direct_expected_return,9434,27392,2.9035403858384567,2739200,2559690,-179510,0.9344662675233645,0.8942391939252337,211,0.007702978971962617,0.022365910536357853,0.5365776087451187,0.5000000026788737,117.4429358936916,112.3,6288.493635925664,110190,0.04304818161574253,0.7267450227872392,0.930236505667137,6,2
odds_100plus_score>=0.5_expected>=500_top5_by_direct_expected_return,9434,27392,2.9035403858384567,2739200,2559690,-179510,0.9344662675233645,0.8942391939252337,211,0.007702978971962617,0.022365910536357853,0.5365776087451187,0.5000000026788737,117.4429358936916,112.3,6288.493635925664,110190,0.04304818161574253,0.7267450227872392,0.930236505667137,6,2
odds_100plus_score>=0.5_expected>=1000_top5_by_direct_expected_return,9434,27392,2.9035403858384567,2739200,2559690,-179510,0.9344662675233645,0.8942391939252337,211,0.007702978971962617,0.022365910536357853,0.5365776087451187,0.5000000026788737,117.4429358936916,112.3,6288.493635925664,110190,0.04304818161574253,0.7267450227872392,0.930236505667137,6,2
odds_100plus_score>=0.5_expected>=1500_top5_by_direct_expected_return,9434,27392,2.9035403858384567,2739200,2559690,-179510,0.9344662675233645,0.8942391939252337,211,0.007702978971962617,0.022365910536357853,0.5365776087451187,0.5000000026788737,117.4429358936916,112.3,6288.493635925664,110190,0.04304818161574253,0.7267450227872392,0.930236505667137,6,2
odds_100plus_score>=0.5_expected>=2000_top5_by_direct_expected_return,9434,27392,2.9035403858384567,2739200,2559690,-179510,0.9344662675233645,0.8942391939252337,211,0.007702978971962617,0.022365910536357853,0.5365776087451187,0.5000000026788737,117.4429358936916,112.3,6288.493635925664,110190,0.04304818161574253,0.7267450227872392,0.930236505667137,6,2
odds_100plus_score>=0.5_expected>=3000_top5_by_direct_expected_return,9434,27392,2.9035403858384567,2739200,2559690,-179510,0.9344662675233645,0.8942391939252337,211,0.007702978971962617,0.022365910536357853,0.5365776087451187,0.5000000026788737,117.4429358936916,112.3,6288.493635925664,110190,0.04304818161574253,0.7267450227872392,0.930236505667137,6,2
odds_100plus_score>=0.5_expected>=5000_top5_by_direct_expected_return,9434,27392,2.9035403858384567,2739200,2559690,-179510,0.9344662675233645,0.8942391939252337,211,0.007702978971962617,0.022365910536357853,0.5365776087451187,0.5000000026788737,117.4429358936916,112.3,6288.493635925664,110190,0.04304818161574253,0.7267450227872392,0.930236505667137,6,2
odds_30_500_score>=0.5_expected>=2000_top3_by_direct_expected_return,13305,39897,2.9986471251409244,3989700,3586020,-403680,0.8988194601097826,0.8937589292428002,367,0.009198686618041458,0.027583615182262308,0.5848883011183815,0.5000000026788737,101.60720856204726,97.2,5843.567801953925,20190,0.005630197266049827,0.7475539811066126,0.8961179366314163,6,0
odds_30_500_score>=0.5_expected>=0_top3_by_direct_expected_return,13305,39898,2.9987222848553174,3989800,3586020,-403780,0.8987969321770515,0.8937365281467743,367,0.009198456062960549,0.027583615182262308,0.5848867826347649,0.5000000026788737,101.60559175898541,97.2,5843.470092781811,20190,0.005630197266049827,0.7475539811066126,0.8960944075786103,6,0
odds_30_500_score>=0.5_expected>=500_top3_by_direct_expected_return,13305,39898,2.9987222848553174,3989800,3586020,-403780,0.8987969321770515,0.8937365281467743,367,0.009198456062960549,0.027583615182262308,0.5848867826347649,0.5000000026788737,101.60559175898541,97.2,5843.470092781811,20190,0.005630197266049827,0.7475539811066126,0.8960944075786103,6,0
odds_30_500_score>=0.5_expected>=1000_top3_by_direct_expected_return,13305,39898,2.9987222848553174,3989800,3586020,-403780,0.8987969321770515,0.8937365281467743,367,0.009198456062960549,0.027583615182262308,0.5848867826347649,0.5000000026788737,101.60559175898541,97.2,5843.470092781811,20190,0.005630197266049827,0.7475539811066126,0.8960944075786103,6,0
odds_30_500_score>=0.5_expected>=1500_top3_by_direct_expected_return,13305,39898,2.9987222848553174,3989800,3586020,-403780,0.8987969321770515,0.8937365281467743,367,0.009198456062960549,0.027583615182262308,0.5848867826347649,0.5000000026788737,101.60559175898541,97.2,5843.470092781811,20190,0.005630197266049827,0.7475539811066126,0.8960944075786103,6,0
odds_30_500_score>=0.5_expected>=3000_top5_by_direct_expected_return,13294,65845,4.952986309613359,6584500,5991760,-592740,0.9099794973042752,0.8932447414382262,640,0.009719796491760954,0.04814201895591996,0.593214257018172,0.5000000026788737,96.067260991723,94.2,5595.840557622493,110190,0.018390255951506736,0.7617881200244948,0.9078046713841292,6,1
odds_30plus_score>=0.5_expected>=3000_top5_by_direct_expected_return,13294,65845,4.952986309613359,6584500,5991760,-592740,0.9099794973042752,0.8932447414382262,640,0.009719796491760954,0.04814201895591996,0.5932123059375095,0.5000000026788737,96.09905383856025,94.2,5597.426238843202,110190,0.018390255951506736,0.7617881200244948,0.9078046713841292,6,1
odds_30_500_score>=0.6_expected>=3000_top1_by_direct_expected_return,13244,13244,1.0,1324400,1195040,-129360,0.9023255813953488,0.8931365146481426,141,0.010646330413772274,0.010646330413772274,0.6486688404116301,0.600012537524648,86.5214663243733,88.95,5590.000106759504,12170,0.010183759539429642,0.6358231707317074,0.8960902096471358,6,2
odds_30plus_score>=0.6_expected>=3000_top1_by_direct_expected_return,13244,13244,1.0,1324400,1195040,-129360,0.9023255813953488,0.8931365146481426,141,0.010646330413772274,0.010646330413772274,0.6486688404116301,0.600012537524648,86.5214663243733,88.95,5590.000106759504,12170,0.010183759539429642,0.6358231707317074,0.8960902096471358,6,2
odds_30plus_score>=0.5_expected>=3000_top3_by_direct_expected_return,13294,39775,2.991951256205807,3977500,3569740,-407760,0.8974833438089252,0.8924072910119422,364,0.009151477058453802,0.02738077328117948,0.5845957799648795,0.5000000026788737,101.84614456316783,97.3,5855.767972012218,20190,0.00565587409727319,0.7353955375253549,0.8945308402243014,6,0
odds_30plus_score>=0.5_expected>=2000_top3_by_direct_expected_return,13305,39897,2.9986471251409244,3989700,3577930,-411770,0.8967917387272226,0.8917312078602401,366,0.009173622076847883,0.027508455467869224,0.5848807549507011,0.5000000026788737,101.65998195353033,97.2,5846.163109622774,20190,0.005642927614570436,0.7339068825910932,0.8938434202121631,6,0
odds_30plus_score>=0.5_expected>=0_top3_by_direct_expected_return,13305,39898,2.9987222848553174,3989800,3577930,-411870,0.8967692616171237,0.8917088575868465,366,0.009173392149982456,0.027508455467869224,0.5848792366562208,0.5000000026788737,101.6583638277608,97.2,5846.065335402096,20190,0.005642927614570436,0.7339068825910932,0.8938198911593571,6,0
odds_30plus_score>=0.5_expected>=500_top3_by_direct_expected_return,13305,39898,2.9987222848553174,3989800,3577930,-411870,0.8967692616171237,0.8917088575868465,366,0.009173392149982456,0.027508455467869224,0.5848792366562208,0.5000000026788737,101.6583638277608,97.2,5846.065335402096,20190,0.005642927614570436,0.7339068825910932,0.8938198911593571,6,0
odds_30plus_score>=0.5_expected>=1000_top3_by_direct_expected_return,13305,39898,2.9987222848553174,3989800,3577930,-411870,0.8967692616171237,0.8917088575868465,366,0.009173392149982456,0.027508455467869224,0.5848792366562208,0.5000000026788737,101.6583638277608,97.2,5846.065335402096,20190,0.005642927614570436,0.7339068825910932,0.8938198911593571,6,0
odds_30plus_score>=0.5_expected>=1500_top3_by_direct_expected_return,13305,39898,2.9987222848553174,3989800,3577930,-411870,0.8967692616171237,0.8917088575868465,366,0.009173392149982456,0.027508455467869224,0.5848792366562208,0.5000000026788737,101.6583638277608,97.2,5846.065335402096,20190,0.005642927614570436,0.7339068825910932,0.8938198911593571,6,0
odds_30_500_score>=0.5_expected>=2000_top5_by_direct_expected_return,13305,66392,4.990003757985719,6639200,6030330,-608870,0.9082916616459814,0.8916947825039161,650,0.00979033618508254,0.04885381435550545,0.5941556433098525,0.5000000026788737,95.59962194240269,94.1,5572.227836978306,110190,0.018272631846018378,0.7631168304792786,0.9061328555663851,6,0
odds_30plus_score>=0.5_expected>=2000_top5_by_direct_expected_return,13305,66392,4.990003757985719,6639200,6030330,-608870,0.9082916616459814,0.8916947825039161,650,0.00979033618508254,0.04885381435550545,0.5941537083040354,0.5000000026788737,95.63115284974093,94.1,5573.800453859519,110190,0.018272631846018378,0.7631168304792786,0.9061328555663851,6,0
odds_30_500_score>=0.5_expected>=0_top5_by_direct_expected_return,13305,66393,4.990078917700113,6639300,6030330,-608970,0.9082779811124667,0.8916813519497537,650,0.009790188724714955,0.04885381435550545,0.594154591213976,0.5000000026788737,95.59874083111171,94.1,5572.173206812717,110190,0.018272631846018378,0.7631168304792786,0.9061185526977567,6,0
odds_30_500_score>=0.5_expected>=500_top5_by_direct_expected_return,13305,66393,4.990078917700113,6639300,6030330,-608970,0.9082779811124667,0.8916813519497537,650,0.009790188724714955,0.04885381435550545,0.594154591213976,0.5000000026788737,95.59874083111171,94.1,5572.173206812717,110190,0.018272631846018378,0.7631168304792786,0.9061185526977567,6,0
odds_30_500_score>=0.5_expected>=1000_top5_by_direct_expected_return,13305,66393,4.990078917700113,6639300,6030330,-608970,0.9082779811124667,0.8916813519497537,650,0.009790188724714955,0.04885381435550545,0.594154591213976,0.5000000026788737,95.59874083111171,94.1,5572.173206812717,110190,0.018272631846018378,0.7631168304792786,0.9061185526977567,6,0
odds_30_500_score>=0.5_expected>=1500_top5_by_direct_expected_return,13305,66393,4.990078917700113,6639300,6030330,-608970,0.9082779811124667,0.8916813519497537,650,0.009790188724714955,0.04885381435550545,0.594154591213976,0.5000000026788737,95.59874083111171,94.1,5572.173206812717,110190,0.018272631846018378,0.7631168304792786,0.9061185526977567,6,0
odds_30plus_score>=0.5_expected>=0_top5_by_direct_expected_return,13305,66393,4.990078917700113,6639300,6030330,-608970,0.9082779811124667,0.8916813519497537,650,0.009790188724714955,0.04885381435550545,0.5941526562373035,0.5000000026788737,95.63027126353681,94.1,5573.745800007443,110190,0.018272631846018378,0.7631168304792786,0.9061185526977567,6,0
odds_30plus_score>=0.5_expected>=500_top5_by_direct_expected_return,13305,66393,4.990078917700113,6639300,6030330,-608970,0.9082779811124667,0.8916813519497537,650,0.009790188724714955,0.04885381435550545,0.5941526562373035,0.5000000026788737,95.63027126353681,94.1,5573.745800007443,110190,0.018272631846018378,0.7631168304792786,0.9061185526977567,6,0
odds_30plus_score>=0.5_expected>=1000_top5_by_direct_expected_return,13305,66393,4.990078917700113,6639300,6030330,-608970,0.9082779811124667,0.8916813519497537,650,0.009790188724714955,0.04885381435550545,0.5941526562373035,0.5000000026788737,95.63027126353681,94.1,5573.745800007443,110190,0.018272631846018378,0.7631168304792786,0.9061185526977567,6,0
odds_30plus_score>=0.5_expected>=1500_top5_by_direct_expected_return,13305,66393,4.990078917700113,6639300,6030330,-608970,0.9082779811124667,0.8916813519497537,650,0.009790188724714955,0.04885381435550545,0.5941526562373035,0.5000000026788737,95.63027126353681,94.1,5573.745800007443,110190,0.018272631846018378,0.7631168304792786,0.9061185526977567,6,0
odds_30_500_score>=0.5_expected>=5000_top3_by_direct_ticket_score,12136,33244,2.739288068556361,3324400,2972480,-351920,0.894140295993262,0.8898929130068584,350,0.010528215617855854,0.02883981542518128,0.6384296988063737,0.5000251660170684,87.40218686078691,85.9,5532.359477074715,14120,0.004750242221982991,0.7867828229496656,0.8928406692277089,6,1
odds_50_500_score>=0.5_expected>=5000_top3_by_direct_ticket_score,12136,33244,2.739288068556361,3324400,2972480,-351920,0.894140295993262,0.8898929130068584,350,0.010528215617855854,0.02883981542518128,0.6384296988063737,0.5000251660170684,87.40218686078691,85.9,5532.359477074715,14120,0.004750242221982991,0.7867828229496656,0.8928406692277089,6,1
odds_50_1000_score>=0.5_expected>=5000_top3_by_direct_ticket_score,12136,33244,2.739288068556361,3324400,2972480,-351920,0.894140295993262,0.8898929130068584,350,0.010528215617855854,0.02883981542518128,0.6384296988063737,0.5000251660170684,87.40218686078691,85.9,5532.359477074715,14120,0.004750242221982991,0.7867828229496656,0.8928406692277089,6,1
odds_30plus_score>=0.5_expected>=5000_top3_by_direct_ticket_score,12136,33244,2.739288068556361,3324400,2972480,-351920,0.894140295993262,0.8898929130068584,350,0.010528215617855854,0.02883981542518128,0.6384296988063737,0.5000251660170684,87.40218686078691,85.9,5532.359477074715,14120,0.004750242221982991,0.7867828229496656,0.8928406692277089,6,1
odds_50plus_score>=0.5_expected>=5000_top3_by_direct_ticket_score,12136,33244,2.739288068556361,3324400,2972480,-351920,0.894140295993262,0.8898929130068584,350,0.010528215617855854,0.02883981542518128,0.6384296988063737,0.5000251660170684,87.40218686078691,85.9,5532.359477074715,14120,0.004750242221982991,0.7867828229496656,0.8928406692277089,6,1
odds_30_500_score>=0.6_expected>=2000_top1_by_direct_expected_return,13294,13294,1.0,1329400,1195040,-134360,0.8989318489544156,0.8897773431623288,141,0.010606288551226117,0.010606288551226117,0.6488692123506417,0.600012537524648,86.34354596058373,88.9,5579.233180093114,12170,0.010183759539429642,0.633248987854251,0.8926484937786453,6,2
odds_30plus_score>=0.6_expected>=2000_top1_by_direct_expected_return,13294,13294,1.0,1329400,1195040,-134360,0.8989318489544156,0.8897773431623288,141,0.010606288551226117,0.010606288551226117,0.6488692123506417,0.600012537524648,86.34354596058373,88.9,5579.233180093114,12170,0.010183759539429642,0.633248987854251,0.8926484937786453,6,2
odds_30_500_score>=0.7_expected>=3000_top2_by_direct_expected_return,12822,24958,1.9464982062080798,2495800,2229910,-265890,0.893465021235676,0.8897507813126052,387,0.015506050164275984,0.030182498830135705,0.7335962814157813,0.7000095217138618,59.91445227983011,60.1,4382.398036825164,9270,0.00415711844872663,0.6510638297872341,0.8936554699323763,6,2
odds_30plus_score>=0.7_expected>=3000_top2_by_direct_expected_return,12822,24958,1.9464982062080798,2495800,2229910,-265890,0.893465021235676,0.8897507813126052,387,0.015506050164275984,0.030182498830135705,0.7335962814157813,0.7000095217138618,59.91445227983011,60.1,4382.398036825164,9270,0.00415711844872663,0.6510638297872341,0.8936554699323763,6,2
odds_30_500_score>=0.6_expected>=0_top1_by_direct_expected_return,13295,13295,1.0,1329500,1195040,-134460,0.8988642346746898,0.8897104174501692,141,0.010605490786009779,0.010605490786009779,0.6488666480414477,0.600012537524648,86.33942835652502,88.9,5578.959653298094,12170,0.010183759539429642,0.633248987854251,0.8925909686219811,6,2
odds_30_500_score>=0.6_expected>=500_top1_by_direct_expected_return,13295,13295,1.0,1329500,1195040,-134460,0.8988642346746898,0.8897104174501692,141,0.010605490786009779,0.010605490786009779,0.6488666480414477,0.600012537524648,86.33942835652502,88.9,5578.959653298094,12170,0.010183759539429642,0.633248987854251,0.8925909686219811,6,2
odds_30_500_score>=0.6_expected>=1000_top1_by_direct_expected_return,13295,13295,1.0,1329500,1195040,-134460,0.8988642346746898,0.8897104174501692,141,0.010605490786009779,0.010605490786009779,0.6488666480414477,0.600012537524648,86.33942835652502,88.9,5578.959653298094,12170,0.010183759539429642,0.633248987854251,0.8925909686219811,6,2
odds_30_500_score>=0.6_expected>=1500_top1_by_direct_expected_return,13295,13295,1.0,1329500,1195040,-134460,0.8988642346746898,0.8897104174501692,141,0.010605490786009779,0.010605490786009779,0.6488666480414477,0.600012537524648,86.33942835652502,88.9,5578.959653298094,12170,0.010183759539429642,0.633248987854251,0.8925909686219811,6,2
odds_30plus_score>=0.6_expected>=0_top1_by_direct_expected_return,13295,13295,1.0,1329500,1195040,-134460,0.8988642346746898,0.8897104174501692,141,0.010605490786009779,0.010605490786009779,0.6488666480414477,0.600012537524648,86.33942835652502,88.9,5578.959653298094,12170,0.010183759539429642,0.633248987854251,0.8925909686219811,6,2
odds_30plus_score>=0.6_expected>=500_top1_by_direct_expected_return,13295,13295,1.0,1329500,1195040,-134460,0.8988642346746898,0.8897104174501692,141,0.010605490786009779,0.010605490786009779,0.6488666480414477,0.600012537524648,86.33942835652502,88.9,5578.959653298094,12170,0.010183759539429642,0.633248987854251,0.8925909686219811,6,2
odds_30plus_score>=0.6_expected>=1000_top1_by_direct_expected_return,13295,13295,1.0,1329500,1195040,-134460,0.8988642346746898,0.8897104174501692,141,0.010605490786009779,0.010605490786009779,0.6488666480414477,0.600012537524648,86.33942835652502,88.9,5578.959653298094,12170,0.010183759539429642,0.633248987854251,0.8925909686219811,6,2
odds_30plus_score>=0.6_expected>=1500_top1_by_direct_expected_return,13295,13295,1.0,1329500,1195040,-134460,0.8988642346746898,0.8897104174501692,141,0.010605490786009779,0.010605490786009779,0.6488666480414477,0.600012537524648,86.33942835652502,88.9,5578.959653298094,12170,0.010183759539429642,0.633248987854251,0.8925909686219811,6,2
odds_100_1000_score>=0.5_expected>=0_top2_by_direct_expected_return,9434,16406,1.7390290438838245,1640600,1476480,-164120,0.8999634280141412,0.8876569547726442,122,0.007436303791295867,0.012931948272206912,0.5365947079186599,0.5000000026788737,121.15510788735828,116.3,6484.598776816813,20190,0.013674414824447334,0.7267574530732426,0.8968874705798201,6,1
odds_100_1000_score>=0.5_expected>=500_top2_by_direct_expected_return,9434,16406,1.7390290438838245,1640600,1476480,-164120,0.8999634280141412,0.8876569547726442,122,0.007436303791295867,0.012931948272206912,0.5365947079186599,0.5000000026788737,121.15510788735828,116.3,6484.598776816813,20190,0.013674414824447334,0.7267574530732426,0.8968874705798201,6,1
odds_100_1000_score>=0.5_expected>=1000_top2_by_direct_expected_return,9434,16406,1.7390290438838245,1640600,1476480,-164120,0.8999634280141412,0.8876569547726442,122,0.007436303791295867,0.012931948272206912,0.5365947079186599,0.5000000026788737,121.15510788735828,116.3,6484.598776816813,20190,0.013674414824447334,0.7267574530732426,0.8968874705798201,6,1
odds_100_1000_score>=0.5_expected>=1500_top2_by_direct_expected_return,9434,16406,1.7390290438838245,1640600,1476480,-164120,0.8999634280141412,0.8876569547726442,122,0.007436303791295867,0.012931948272206912,0.5365947079186599,0.5000000026788737,121.15510788735828,116.3,6484.598776816813,20190,0.013674414824447334,0.7267574530732426,0.8968874705798201,6,1
odds_100_1000_score>=0.5_expected>=2000_top2_by_direct_expected_return,9434,16406,1.7390290438838245,1640600,1476480,-164120,0.8999634280141412,0.8876569547726442,122,0.007436303791295867,0.012931948272206912,0.5365947079186599,0.5000000026788737,121.15510788735828,116.3,6484.598776816813,20190,0.013674414824447334,0.7267574530732426,0.8968874705798201,6,1
odds_100_1000_score>=0.5_expected>=3000_top2_by_direct_expected_return,9434,16406,1.7390290438838245,1640600,1476480,-164120,0.8999634280141412,0.8876569547726442,122,0.007436303791295867,0.012931948272206912,0.5365947079186599,0.5000000026788737,121.15510788735828,116.3,6484.598776816813,20190,0.013674414824447334,0.7267574530732426,0.8968874705798201,6,1
odds_100_1000_score>=0.5_expected>=5000_top2_by_direct_expected_return,9434,16406,1.7390290438838245,1640600,1476480,-164120,0.8999634280141412,0.8876569547726442,122,0.007436303791295867,0.012931948272206912,0.5365947079186599,0.5000000026788737,121.15510788735828,116.3,6484.598776816813,20190,0.013674414824447334,0.7267574530732426,0.8968874705798201,6,1
odds_100plus_score>=0.5_expected>=0_top2_by_direct_expected_return,9434,16407,1.739135043459826,1640700,1476480,-164220,0.8999085756079722,0.8876028524410313,122,0.007435850551593832,0.012931948272206912,0.5365886598292587,0.5000000026788737,121.28018528676785,116.3,6490.838945262809,20190,0.013674414824447334,0.7267574530732426,0.8968317735992444,6,1
odds_100plus_score>=0.5_expected>=500_top2_by_direct_expected_return,9434,16407,1.739135043459826,1640700,1476480,-164220,0.8999085756079722,0.8876028524410313,122,0.007435850551593832,0.012931948272206912,0.5365886598292587,0.5000000026788737,121.28018528676785,116.3,6490.838945262809,20190,0.013674414824447334,0.7267574530732426,0.8968317735992444,6,1
odds_100plus_score>=0.5_expected>=1000_top2_by_direct_expected_return,9434,16407,1.739135043459826,1640700,1476480,-164220,0.8999085756079722,0.8876028524410313,122,0.007435850551593832,0.012931948272206912,0.5365886598292587,0.5000000026788737,121.28018528676785,116.3,6490.838945262809,20190,0.013674414824447334,0.7267574530732426,0.8968317735992444,6,1
odds_100plus_score>=0.5_expected>=1500_top2_by_direct_expected_return,9434,16407,1.739135043459826,1640700,1476480,-164220,0.8999085756079722,0.8876028524410313,122,0.007435850551593832,0.012931948272206912,0.5365886598292587,0.5000000026788737,121.28018528676785,116.3,6490.838945262809,20190,0.013674414824447334,0.7267574530732426,0.8968317735992444,6,1
odds_100plus_score>=0.5_expected>=2000_top2_by_direct_expected_return,9434,16407,1.739135043459826,1640700,1476480,-164220,0.8999085756079722,0.8876028524410313,122,0.007435850551593832,0.012931948272206912,0.5365886598292587,0.5000000026788737,121.28018528676785,116.3,6490.838945262809,20190,0.013674414824447334,0.7267574530732426,0.8968317735992444,6,1
odds_100plus_score>=0.5_expected>=3000_top2_by_direct_expected_return,9434,16407,1.739135043459826,1640700,1476480,-164220,0.8999085756079722,0.8876028524410313,122,0.007435850551593832,0.012931948272206912,0.5365886598292587,0.5000000026788737,121.28018528676785,116.3,6490.838945262809,20190,0.013674414824447334,0.7267574530732426,0.8968317735992444,6,1
odds_100plus_score>=0.5_expected>=5000_top2_by_direct_expected_return,9434,16407,1.739135043459826,1640700,1476480,-164220,0.8999085756079722,0.8876028524410313,122,0.007435850551593832,0.012931948272206912,0.5365886598292587,0.5000000026788737,121.28018528676785,116.3,6490.838945262809,20190,0.013674414824447334,0.7267574530732426,0.8968317735992444,6,1
odds_30_500_score>=0.6_expected>=5000_top1_by_direct_expected_return,10608,10608,1.0,1060800,951530,-109270,0.8969928355957768,0.8855203619909502,106,0.009992458521870286,0.009992458521870286,0.6451117300496444,0.600012537524648,91.22778092006034,91.8,5871.802502559493,12170,0.012789927800489738,0.577452229299363,0.8891041894816661,6,1
odds_50_500_score>=0.6_expected>=5000_top1_by_direct_expected_return,10608,10608,1.0,1060800,951530,-109270,0.8969928355957768,0.8855203619909502,106,0.009992458521870286,0.009992458521870286,0.6451117300496444,0.600012537524648,91.22778092006034,91.8,5871.802502559493,12170,0.012789927800489738,0.577452229299363,0.8891041894816661,6,1
odds_50_1000_score>=0.6_expected>=5000_top1_by_direct_expected_return,10608,10608,1.0,1060800,951530,-109270,0.8969928355957768,0.8855203619909502,106,0.009992458521870286,0.009992458521870286,0.6451117300496444,0.600012537524648,91.22778092006034,91.8,5871.802502559493,12170,0.012789927800489738,0.577452229299363,0.8891041894816661,6,1
odds_30plus_score>=0.6_expected>=5000_top1_by_direct_expected_return,10608,10608,1.0,1060800,951530,-109270,0.8969928355957768,0.8855203619909502,106,0.009992458521870286,0.009992458521870286,0.6451117300496444,0.600012537524648,91.22778092006034,91.8,5871.802502559493,12170,0.012789927800489738,0.577452229299363,0.8891041894816661,6,1
odds_50plus_score>=0.6_expected>=5000_top1_by_direct_expected_return,10608,10608,1.0,1060800,951530,-109270,0.8969928355957768,0.8855203619909502,106,0.009992458521870286,0.009992458521870286,0.6451117300496444,0.600012537524648,91.22778092006034,91.8,5871.802502559493,12170,0.012789927800489738,0.577452229299363,0.8891041894816661,6,1
odds_30_500_score>=0.7_expected>=0_top2_by_direct_expected_return,13216,26214,1.9835048426150121,2621400,2328280,-293120,0.8881818875410086,0.8846456092164492,415,0.015831235217822537,0.03140133171912833,0.7356393362536772,0.7000095217138618,58.74834058136874,59.5,4304.201921289001,9270,0.003981479890734791,0.6355042474406447,0.8891225311475747,6,2
odds_30_500_score>=0.7_expected>=500_top2_by_direct_expected_return,13216,26214,1.9835048426150121,2621400,2328280,-293120,0.8881818875410086,0.8846456092164492,415,0.015831235217822537,0.03140133171912833,0.7356393362536772,0.7000095217138618,58.74834058136874,59.5,4304.201921289001,9270,0.003981479890734791,0.6355042474406447,0.8891225311475747,6,2
odds_30_500_score>=0.7_expected>=1000_top2_by_direct_expected_return,13216,26214,1.9835048426150121,2621400,2328280,-293120,0.8881818875410086,0.8846456092164492,415,0.015831235217822537,0.03140133171912833,0.7356393362536772,0.7000095217138618,58.74834058136874,59.5,4304.201921289001,9270,0.003981479890734791,0.6355042474406447,0.8891225311475747,6,2
odds_30_500_score>=0.7_expected>=1500_top2_by_direct_expected_return,13216,26214,1.9835048426150121,2621400,2328280,-293120,0.8881818875410086,0.8846456092164492,415,0.015831235217822537,0.03140133171912833,0.7356393362536772,0.7000095217138618,58.74834058136874,59.5,4304.201921289001,9270,0.003981479890734791,0.6355042474406447,0.8891225311475747,6,2
odds_30_500_score>=0.7_expected>=2000_top2_by_direct_expected_return,13216,26214,1.9835048426150121,2621400,2328280,-293120,0.8881818875410086,0.8846456092164492,415,0.015831235217822537,0.03140133171912833,0.7356393362536772,0.7000095217138618,58.74834058136874,59.5,4304.201921289001,9270,0.003981479890734791,0.6355042474406447,0.8891225311475747,6,2
odds_30plus_score>=0.7_expected>=0_top2_by_direct_expected_return,13216,26214,1.9835048426150121,2621400,2328280,-293120,0.8881818875410086,0.8846456092164492,415,0.015831235217822537,0.03140133171912833,0.7356393362536772,0.7000095217138618,58.74834058136874,59.5,4304.201921289001,9270,0.003981479890734791,0.6355042474406447,0.8891225311475747,6,2
odds_30plus_score>=0.7_expected>=500_top2_by_direct_expected_return,13216,26214,1.9835048426150121,2621400,2328280,-293120,0.8881818875410086,0.8846456092164492,415,0.015831235217822537,0.03140133171912833,0.7356393362536772,0.7000095217138618,58.74834058136874,59.5,4304.201921289001,9270,0.003981479890734791,0.6355042474406447,0.8891225311475747,6,2
odds_30plus_score>=0.7_expected>=1000_top2_by_direct_expected_return,13216,26214,1.9835048426150121,2621400,2328280,-293120,0.8881818875410086,0.8846456092164492,415,0.015831235217822537,0.03140133171912833,0.7356393362536772,0.7000095217138618,58.74834058136874,59.5,4304.201921289001,9270,0.003981479890734791,0.6355042474406447,0.8891225311475747,6,2
odds_30plus_score>=0.7_expected>=1500_top2_by_direct_expected_return,13216,26214,1.9835048426150121,2621400,2328280,-293120,0.8881818875410086,0.8846456092164492,415,0.015831235217822537,0.03140133171912833,0.7356393362536772,0.7000095217138618,58.74834058136874,59.5,4304.201921289001,9270,0.003981479890734791,0.6355042474406447,0.8891225311475747,6,2
odds_30plus_score>=0.7_expected>=2000_top2_by_direct_expected_return,13216,26214,1.9835048426150121,2621400,2328280,-293120,0.8881818875410086,0.8846456092164492,415,0.015831235217822537,0.03140133171912833,0.7356393362536772,0.7000095217138618,58.74834058136874,59.5,4304.201921289001,9270,0.003981479890734791,0.6355042474406447,0.8891225311475747,6,2
odds_100_1000_score>=0.5_expected>=0_top10_by_direct_expected_return,9434,31775,3.36813652745389,3177500,2915630,-261870,0.9175861526357199,0.8829079464988199,244,0.007678992918961448,0.025863896544413824,0.5363758324318805,0.5000000026788737,116.15225491738789,110.8,6218.322580467293,110190,0.03779286123410721,0.7216573672246331,0.913602965466798,6,2
odds_100_1000_score>=0.5_expected>=500_top10_by_direct_expected_return,9434,31775,3.36813652745389,3177500,2915630,-261870,0.9175861526357199,0.8829079464988199,244,0.007678992918961448,0.025863896544413824,0.5363758324318805,0.5000000026788737,116.15225491738789,110.8,6218.322580467293,110190,0.03779286123410721,0.7216573672246331,0.913602965466798,6,2
odds_100_1000_score>=0.5_expected>=1000_top10_by_direct_expected_return,9434,31775,3.36813652745389,3177500,2915630,-261870,0.9175861526357199,0.8829079464988199,244,0.007678992918961448,0.025863896544413824,0.5363758324318805,0.5000000026788737,116.15225491738789,110.8,6218.322580467293,110190,0.03779286123410721,0.7216573672246331,0.913602965466798,6,2
odds_100_1000_score>=0.5_expected>=1500_top10_by_direct_expected_return,9434,31775,3.36813652745389,3177500,2915630,-261870,0.9175861526357199,0.8829079464988199,244,0.007678992918961448,0.025863896544413824,0.5363758324318805,0.5000000026788737,116.15225491738789,110.8,6218.322580467293,110190,0.03779286123410721,0.7216573672246331,0.913602965466798,6,2
odds_100_1000_score>=0.5_expected>=2000_top10_by_direct_expected_return,9434,31775,3.36813652745389,3177500,2915630,-261870,0.9175861526357199,0.8829079464988199,244,0.007678992918961448,0.025863896544413824,0.5363758324318805,0.5000000026788737,116.15225491738789,110.8,6218.322580467293,110190,0.03779286123410721,0.7216573672246331,0.913602965466798,6,2
odds_100_1000_score>=0.5_expected>=3000_top10_by_direct_expected_return,9434,31775,3.36813652745389,3177500,2915630,-261870,0.9175861526357199,0.8829079464988199,244,0.007678992918961448,0.025863896544413824,0.5363758324318805,0.5000000026788737,116.15225491738789,110.8,6218.322580467293,110190,0.03779286123410721,0.7216573672246331,0.913602965466798,6,2
odds_100_1000_score>=0.5_expected>=5000_top10_by_direct_expected_return,9434,31775,3.36813652745389,3177500,2915630,-261870,0.9175861526357199,0.8829079464988199,244,0.007678992918961448,0.025863896544413824,0.5363758324318805,0.5000000026788737,116.15225491738789,110.8,6218.322580467293,110190,0.03779286123410721,0.7216573672246331,0.913602965466798,6,2
odds_100plus_score>=0.5_expected>=0_top10_by_direct_expected_return,9434,31777,3.3683485266058937,3177700,2915630,-262070,0.9175284010447808,0.8828523775057432,244,0.007678509613871668,0.025863896544413824,0.5363738183086342,0.5000000026788737,116.21680775403594,110.8,6221.555509179354,110190,0.03779286123410721,0.7215082644628099,0.9135550428060103,6,2
odds_100plus_score>=0.5_expected>=500_top10_by_direct_expected_return,9434,31777,3.3683485266058937,3177700,2915630,-262070,0.9175284010447808,0.8828523775057432,244,0.007678509613871668,0.025863896544413824,0.5363738183086342,0.5000000026788737,116.21680775403594,110.8,6221.555509179354,110190,0.03779286123410721,0.7215082644628099,0.9135550428060103,6,2
odds_100plus_score>=0.5_expected>=1000_top10_by_direct_expected_return,9434,31777,3.3683485266058937,3177700,2915630,-262070,0.9175284010447808,0.8828523775057432,244,0.007678509613871668,0.025863896544413824,0.5363738183086342,0.5000000026788737,116.21680775403594,110.8,6221.555509179354,110190,0.03779286123410721,0.7215082644628099,0.9135550428060103,6,2
odds_100plus_score>=0.5_expected>=1500_top10_by_direct_expected_return,9434,31777,3.3683485266058937,3177700,2915630,-262070,0.9175284010447808,0.8828523775057432,244,0.007678509613871668,0.025863896544413824,0.5363738183086342,0.5000000026788737,116.21680775403594,110.8,6221.555509179354,110190,0.03779286123410721,0.7215082644628099,0.9135550428060103,6,2
odds_100plus_score>=0.5_expected>=2000_top10_by_direct_expected_return,9434,31777,3.3683485266058937,3177700,2915630,-262070,0.9175284010447808,0.8828523775057432,244,0.007678509613871668,0.025863896544413824,0.5363738183086342,0.5000000026788737,116.21680775403594,110.8,6221.555509179354,110190,0.03779286123410721,0.7215082644628099,0.9135550428060103,6,2
odds_100plus_score>=0.5_expected>=3000_top10_by_direct_expected_return,9434,31777,3.3683485266058937,3177700,2915630,-262070,0.9175284010447808,0.8828523775057432,244,0.007678509613871668,0.025863896544413824,0.5363738183086342,0.5000000026788737,116.21680775403594,110.8,6221.555509179354,110190,0.03779286123410721,0.7215082644628099,0.9135550428060103,6,2
odds_100plus_score>=0.5_expected>=5000_top10_by_direct_expected_return,9434,31777,3.3683485266058937,3177700,2915630,-262070,0.9175284010447808,0.8828523775057432,244,0.007678509613871668,0.025863896544413824,0.5363738183086342,0.5000000026788737,116.21680775403594,110.8,6221.555509179354,110190,0.03779286123410721,0.7215082644628099,0.9135550428060103,6,2
odds_50_500_score>=0.7_expected>=0_top2_by_direct_expected_return,11410,20761,1.81954425942156,2076100,1833610,-242490,0.883199267858003,0.8787341650209527,297,0.014305669283753191,0.02602979842243646,0.7285942387276736,0.7000095217138618,62.90064062424739,62.2,4576.922555694283,9270,0.005055600700257961,0.5910989010989011,0.883311093994255,6,2
odds_50_500_score>=0.7_expected>=500_top2_by_direct_expected_return,11410,20761,1.81954425942156,2076100,1833610,-242490,0.883199267858003,0.8787341650209527,297,0.014305669283753191,0.02602979842243646,0.7285942387276736,0.7000095217138618,62.90064062424739,62.2,4576.922555694283,9270,0.005055600700257961,0.5910989010989011,0.883311093994255,6,2
odds_50_500_score>=0.7_expected>=1000_top2_by_direct_expected_return,11410,20761,1.81954425942156,2076100,1833610,-242490,0.883199267858003,0.8787341650209527,297,0.014305669283753191,0.02602979842243646,0.7285942387276736,0.7000095217138618,62.90064062424739,62.2,4576.922555694283,9270,0.005055600700257961,0.5910989010989011,0.883311093994255,6,2
odds_50_500_score>=0.7_expected>=1500_top2_by_direct_expected_return,11410,20761,1.81954425942156,2076100,1833610,-242490,0.883199267858003,0.8787341650209527,297,0.014305669283753191,0.02602979842243646,0.7285942387276736,0.7000095217138618,62.90064062424739,62.2,4576.922555694283,9270,0.005055600700257961,0.5910989010989011,0.883311093994255,6,2
odds_50_500_score>=0.7_expected>=2000_top2_by_direct_expected_return,11410,20761,1.81954425942156,2076100,1833610,-242490,0.883199267858003,0.8787341650209527,297,0.014305669283753191,0.02602979842243646,0.7285942387276736,0.7000095217138618,62.90064062424739,62.2,4576.922555694283,9270,0.005055600700257961,0.5910989010989011,0.883311093994255,6,2
odds_50_500_score>=0.7_expected>=3000_top2_by_direct_expected_return,11410,20761,1.81954425942156,2076100,1833610,-242490,0.883199267858003,0.8787341650209527,297,0.014305669283753191,0.02602979842243646,0.7285942387276736,0.7000095217138618,62.90064062424739,62.2,4576.922555694283,9270,0.005055600700257961,0.5910989010989011,0.883311093994255,6,2
odds_50_1000_score>=0.7_expected>=0_top2_by_direct_expected_return,11410,20761,1.81954425942156,2076100,1833610,-242490,0.883199267858003,0.8787341650209527,297,0.014305669283753191,0.02602979842243646,0.7285942387276736,0.7000095217138618,62.90064062424739,62.2,4576.922555694283,9270,0.005055600700257961,0.5910989010989011,0.883311093994255,6,2
odds_50_1000_score>=0.7_expected>=500_top2_by_direct_expected_return,11410,20761,1.81954425942156,2076100,1833610,-242490,0.883199267858003,0.8787341650209527,297,0.014305669283753191,0.02602979842243646,0.7285942387276736,0.7000095217138618,62.90064062424739,62.2,4576.922555694283,9270,0.005055600700257961,0.5910989010989011,0.883311093994255,6,2
odds_50_1000_score>=0.7_expected>=1000_top2_by_direct_expected_return,11410,20761,1.81954425942156,2076100,1833610,-242490,0.883199267858003,0.8787341650209527,297,0.014305669283753191,0.02602979842243646,0.7285942387276736,0.7000095217138618,62.90064062424739,62.2,4576.922555694283,9270,0.005055600700257961,0.5910989010989011,0.883311093994255,6,2
odds_50_1000_score>=0.7_expected>=1500_top2_by_direct_expected_return,11410,20761,1.81954425942156,2076100,1833610,-242490,0.883199267858003,0.8787341650209527,297,0.014305669283753191,0.02602979842243646,0.7285942387276736,0.7000095217138618,62.90064062424739,62.2,4576.922555694283,9270,0.005055600700257961,0.5910989010989011,0.883311093994255,6,2
odds_50_1000_score>=0.7_expected>=2000_top2_by_direct_expected_return,11410,20761,1.81954425942156,2076100,1833610,-242490,0.883199267858003,0.8787341650209527,297,0.014305669283753191,0.02602979842243646,0.7285942387276736,0.7000095217138618,62.90064062424739,62.2,4576.922555694283,9270,0.005055600700257961,0.5910989010989011,0.883311093994255,6,2
odds_50_1000_score>=0.7_expected>=3000_top2_by_direct_expected_return,11410,20761,1.81954425942156,2076100,1833610,-242490,0.883199267858003,0.8787341650209527,297,0.014305669283753191,0.02602979842243646,0.7285942387276736,0.7000095217138618,62.90064062424739,62.2,4576.922555694283,9270,0.005055600700257961,0.5910989010989011,0.883311093994255,6,2
odds_50plus_score>=0.7_expected>=0_top2_by_direct_expected_return,11410,20761,1.81954425942156,2076100,1833610,-242490,0.883199267858003,0.8787341650209527,297,0.014305669283753191,0.02602979842243646,0.7285942387276736,0.7000095217138618,62.90064062424739,62.2,4576.922555694283,9270,0.005055600700257961,0.5910989010989011,0.883311093994255,6,2
odds_50plus_score>=0.7_expected>=500_top2_by_direct_expected_return,11410,20761,1.81954425942156,2076100,1833610,-242490,0.883199267858003,0.8787341650209527,297,0.014305669283753191,0.02602979842243646,0.7285942387276736,0.7000095217138618,62.90064062424739,62.2,4576.922555694283,9270,0.005055600700257961,0.5910989010989011,0.883311093994255,6,2
odds_50plus_score>=0.7_expected>=1000_top2_by_direct_expected_return,11410,20761,1.81954425942156,2076100,1833610,-242490,0.883199267858003,0.8787341650209527,297,0.014305669283753191,0.02602979842243646,0.7285942387276736,0.7000095217138618,62.90064062424739,62.2,4576.922555694283,9270,0.005055600700257961,0.5910989010989011,0.883311093994255,6,2
odds_50plus_score>=0.7_expected>=1500_top2_by_direct_expected_return,11410,20761,1.81954425942156,2076100,1833610,-242490,0.883199267858003,0.8787341650209527,297,0.014305669283753191,0.02602979842243646,0.7285942387276736,0.7000095217138618,62.90064062424739,62.2,4576.922555694283,9270,0.005055600700257961,0.5910989010989011,0.883311093994255,6,2
odds_50plus_score>=0.7_expected>=2000_top2_by_direct_expected_return,11410,20761,1.81954425942156,2076100,1833610,-242490,0.883199267858003,0.8787341650209527,297,0.014305669283753191,0.02602979842243646,0.7285942387276736,0.7000095217138618,62.90064062424739,62.2,4576.922555694283,9270,0.005055600700257961,0.5910989010989011,0.883311093994255,6,2
odds_50plus_score>=0.7_expected>=3000_top2_by_direct_expected_return,11410,20761,1.81954425942156,2076100,1833610,-242490,0.883199267858003,0.8787341650209527,297,0.014305669283753191,0.02602979842243646,0.7285942387276736,0.7000095217138618,62.90064062424739,62.2,4576.922555694283,9270,0.005055600700257961,0.5910989010989011,0.883311093994255,6,2
odds_30_500_score>=0.5_expected>=5000_top5_by_direct_ticket_score,12136,50168,4.133816743572841,5016800,4510860,-505940,0.8991508531334715,0.8771866528464359,505,0.01006617764311912,0.041611733684904416,0.6233335519894381,0.5000251660170684,90.3934938606283,88.9,5578.788785224126,110190,0.024427714449129435,0.7860418342719228,0.8974130494500937,6,1
odds_50_500_score>=0.5_expected>=5000_top5_by_direct_ticket_score,12136,50168,4.133816743572841,5016800,4510860,-505940,0.8991508531334715,0.8771866528464359,505,0.01006617764311912,0.041611733684904416,0.6233335519894381,0.5000251660170684,90.3934938606283,88.9,5578.788785224126,110190,0.024427714449129435,0.7860418342719228,0.8974130494500937,6,1
odds_50_1000_score>=0.5_expected>=5000_top5_by_direct_ticket_score,12136,50168,4.133816743572841,5016800,4510860,-505940,0.8991508531334715,0.8771866528464359,505,0.01006617764311912,0.041611733684904416,0.6233335519894381,0.5000251660170684,90.3934938606283,88.9,5578.788785224126,110190,0.024427714449129435,0.7860418342719228,0.8974130494500937,6,1
odds_30plus_score>=0.5_expected>=5000_top5_by_direct_ticket_score,12136,50168,4.133816743572841,5016800,4510860,-505940,0.8991508531334715,0.8771866528464359,505,0.01006617764311912,0.041611733684904416,0.6233335519894381,0.5000251660170684,90.3934938606283,88.9,5578.788785224126,110190,0.024427714449129435,0.7860418342719228,0.8974130494500937,6,1
odds_50plus_score>=0.5_expected>=5000_top5_by_direct_ticket_score,12136,50168,4.133816743572841,5016800,4510860,-505940,0.8991508531334715,0.8771866528464359,505,0.01006617764311912,0.041611733684904416,0.6233335519894381,0.5000251660170684,90.3934938606283,88.9,5578.788785224126,110190,0.024427714449129435,0.7860418342719228,0.8974130494500937,6,1
odds_30_500_score>=0.7_expected>=3000_top1_by_direct_ticket_score,12822,12822,1.0,1282200,1129310,-152890,0.8807596318827016,0.8747621275931992,262,0.02043362969895492,0.02043362969895492,0.7904510871979148,0.7002725173261551,43.275892996412416,41.8,3410.5612478611106,7690,0.006809467728081749,0.7733684210526316,0.8795727370349442,6,0
odds_30plus_score>=0.7_expected>=3000_top1_by_direct_ticket_score,12822,12822,1.0,1282200,1129310,-152890,0.8807596318827016,0.8747621275931992,262,0.02043362969895492,0.02043362969895492,0.7904510871979148,0.7002725173261551,43.275892996412416,41.8,3410.5612478611106,7690,0.006809467728081749,0.7733684210526316,0.8795727370349442,6,0
odds_30_500_score>=0.5_expected>=5000_top10_by_direct_expected_return,12136,75810,6.246704021094265,7581000,6709850,-871150,0.8850877192982456,0.870552697533307,682,0.008996174647144176,0.0561964403427818,0.5893250107947143,0.5000000026788737,99.88092072285977,96.4,5807.291489960581,110190,0.01642212568090196,0.7582635824075483,0.8840112874612182,6,0
odds_50_500_score>=0.5_expected>=5000_top10_by_direct_expected_return,12136,75810,6.246704021094265,7581000,6709850,-871150,0.8850877192982456,0.870552697533307,682,0.008996174647144176,0.0561964403427818,0.5893250107947143,0.5000000026788737,99.88092072285977,96.4,5807.291489960581,110190,0.01642212568090196,0.7582635824075483,0.8840112874612182,6,0
odds_50_1000_score>=0.5_expected>=5000_top10_by_direct_expected_return,12136,75810,6.246704021094265,7581000,6709850,-871150,0.8850877192982456,0.870552697533307,682,0.008996174647144176,0.0561964403427818,0.5893250107947143,0.5000000026788737,99.88092072285977,96.4,5807.291489960581,110190,0.01642212568090196,0.7582635824075483,0.8840112874612182,6,0
odds_30_500_score>=0.5_expected>=5000_top10_by_direct_ticket_score,12136,75810,6.246704021094265,7581000,6709770,-871230,0.8850771666007123,0.8705421448357736,719,0.009484236908059622,0.059245220830586684,0.6034159966888692,0.5000002401310523,95.0272008969793,92.9,5664.627414096864,110190,0.016422321480468034,0.7998246536910398,0.8837281894365242,6,0
odds_50_500_score>=0.5_expected>=5000_top10_by_direct_ticket_score,12136,75810,6.246704021094265,7581000,6709770,-871230,0.8850771666007123,0.8705421448357736,719,0.009484236908059622,0.059245220830586684,0.6034159966888692,0.5000002401310523,95.0272008969793,92.9,5664.627414096864,110190,0.016422321480468034,0.7998246536910398,0.8837281894365242,6,0
odds_50_1000_score>=0.5_expected>=5000_top10_by_direct_ticket_score,12136,75810,6.246704021094265,7581000,6709770,-871230,0.8850771666007123,0.8705421448357736,719,0.009484236908059622,0.059245220830586684,0.6034159966888692,0.5000002401310523,95.0272008969793,92.9,5664.627414096864,110190,0.016422321480468034,0.7998246536910398,0.8837281894365242,6,0
odds_30plus_score>=0.5_expected>=5000_top10_by_direct_expected_return,12136,75811,6.246786420566909,7581100,6709850,-871250,0.8850760443735078,0.8705412143356505,682,0.008996055981321971,0.0561964403427818,0.5893231712797018,0.5000000026788737,99.90850008573953,96.4,5808.665566814298,110190,0.01642212568090196,0.7582058890664232,0.8840016719043639,6,0
odds_50plus_score>=0.5_expected>=5000_top10_by_direct_expected_return,12136,75811,6.246786420566909,7581100,6709850,-871250,0.8850760443735078,0.8705412143356505,682,0.008996055981321971,0.0561964403427818,0.5893231712797018,0.5000000026788737,99.90850008573953,96.4,5808.665566814298,110190,0.01642212568090196,0.7582058890664232,0.8840016719043639,6,0
odds_30plus_score>=0.5_expected>=5000_top10_by_direct_ticket_score,12136,75811,6.246786420566909,7581100,6709770,-871330,0.8850654918151719,0.8705306617773146,719,0.009484111804355568,0.059245220830586684,0.6034146760805303,0.5000002401310523,95.04159290868078,92.9,5665.3401300540045,110190,0.016422321480468034,0.7998246536910398,0.8837173976382067,6,0
odds_50plus_score>=0.5_expected>=5000_top10_by_direct_ticket_score,12136,75811,6.246786420566909,7581100,6709770,-871330,0.8850654918151719,0.8705306617773146,719,0.009484111804355568,0.059245220830586684,0.6034146760805303,0.5000002401310523,95.04159290868078,92.9,5665.3401300540045,110190,0.016422321480468034,0.7998246536910398,0.8837173976382067,6,0
odds_30_500_score>=0.7_expected>=5000_top1_by_direct_expected_return,2971,2971,1.0,297100,266240,-30860,0.8961292494109727,0.8649276337933356,35,0.011780545270952542,0.011780545270952542,0.7210566587908498,0.7000192588491508,76.92679232581622,76.0,5541.5082959997035,9270,0.034818209134615384,0.2643598615916955,0.932481270493212,6,3
odds_50_500_score>=0.7_expected>=5000_top1_by_direct_expected_return,2971,2971,1.0,297100,266240,-30860,0.8961292494109727,0.8649276337933356,35,0.011780545270952542,0.011780545270952542,0.7210566587908498,0.7000192588491508,76.92679232581622,76.0,5541.5082959997035,9270,0.034818209134615384,0.2643598615916955,0.932481270493212,6,3
odds_50_1000_score>=0.7_expected>=5000_top1_by_direct_expected_return,2971,2971,1.0,297100,266240,-30860,0.8961292494109727,0.8649276337933356,35,0.011780545270952542,0.011780545270952542,0.7210566587908498,0.7000192588491508,76.92679232581622,76.0,5541.5082959997035,9270,0.034818209134615384,0.2643598615916955,0.932481270493212,6,3
odds_30plus_score>=0.7_expected>=5000_top1_by_direct_expected_return,2971,2971,1.0,297100,266240,-30860,0.8961292494109727,0.8649276337933356,35,0.011780545270952542,0.011780545270952542,0.7210566587908498,0.7000192588491508,76.92679232581622,76.0,5541.5082959997035,9270,0.034818209134615384,0.2643598615916955,0.932481270493212,6,3
odds_50plus_score>=0.7_expected>=5000_top1_by_direct_expected_return,2971,2971,1.0,297100,266240,-30860,0.8961292494109727,0.8649276337933356,35,0.011780545270952542,0.011780545270952542,0.7210566587908498,0.7000192588491508,76.92679232581622,76.0,5541.5082959997035,9270,0.034818209134615384,0.2643598615916955,0.932481270493212,6,3
odds_30_500_score>=0.5_expected>=3000_top1_by_direct_ticket_score,13294,13294,1.0,1329400,1156410,-172990,0.8698736272002408,0.8640890627350685,267,0.02008424853317286,0.02008424853317286,0.7857647137791123,0.5037785478979175,43.812742590642394,42.0,3425.3573106278277,7690,0.006649890609731843,0.769585020242915,0.8689250057475549,6,0
odds_30plus_score>=0.5_expected>=3000_top1_by_direct_ticket_score,13294,13294,1.0,1329400,1156410,-172990,0.8698736272002408,0.8640890627350685,267,0.02008424853317286,0.02008424853317286,0.7857647137791123,0.5037785478979175,43.812742590642394,42.0,3425.3573106278277,7690,0.006649890609731843,0.769585020242915,0.8689250057475549,6,0
odds_30_500_score>=0.7_expected>=0_top3_by_direct_expected_return,13216,38825,2.9377269975786926,3882500,3361640,-520860,0.8658441725692209,0.8634565357372826,625,0.016097875080489377,0.047291162227602906,0.7397798732867511,0.7000033015822704,56.26685383129426,56.5,4142.067641202391,9270,0.002757582608488714,0.7025033132086586,0.8658006605541083,6,1
odds_30_500_score>=0.7_expected>=500_top3_by_direct_expected_return,13216,38825,2.9377269975786926,3882500,3361640,-520860,0.8658441725692209,0.8634565357372826,625,0.016097875080489377,0.047291162227602906,0.7397798732867511,0.7000033015822704,56.26685383129426,56.5,4142.067641202391,9270,0.002757582608488714,0.7025033132086586,0.8658006605541083,6,1
odds_30_500_score>=0.7_expected>=1000_top3_by_direct_expected_return,13216,38825,2.9377269975786926,3882500,3361640,-520860,0.8658441725692209,0.8634565357372826,625,0.016097875080489377,0.047291162227602906,0.7397798732867511,0.7000033015822704,56.26685383129426,56.5,4142.067641202391,9270,0.002757582608488714,0.7025033132086586,0.8658006605541083,6,1
odds_30_500_score>=0.7_expected>=1500_top3_by_direct_expected_return,13216,38825,2.9377269975786926,3882500,3361640,-520860,0.8658441725692209,0.8634565357372826,625,0.016097875080489377,0.047291162227602906,0.7397798732867511,0.7000033015822704,56.26685383129426,56.5,4142.067641202391,9270,0.002757582608488714,0.7025033132086586,0.8658006605541083,6,1
odds_30_500_score>=0.7_expected>=2000_top3_by_direct_expected_return,13216,38825,2.9377269975786926,3882500,3361640,-520860,0.8658441725692209,0.8634565357372826,625,0.016097875080489377,0.047291162227602906,0.7397798732867511,0.7000033015822704,56.26685383129426,56.5,4142.067641202391,9270,0.002757582608488714,0.7025033132086586,0.8658006605541083,6,1
odds_30plus_score>=0.7_expected>=0_top3_by_direct_expected_return,13216,38825,2.9377269975786926,3882500,3361640,-520860,0.8658441725692209,0.8634565357372826,625,0.016097875080489377,0.047291162227602906,0.7397798732867511,0.7000033015822704,56.26685383129426,56.5,4142.067641202391,9270,0.002757582608488714,0.7025033132086586,0.8658006605541083,6,1
odds_30plus_score>=0.7_expected>=500_top3_by_direct_expected_return,13216,38825,2.9377269975786926,3882500,3361640,-520860,0.8658441725692209,0.8634565357372826,625,0.016097875080489377,0.047291162227602906,0.7397798732867511,0.7000033015822704,56.26685383129426,56.5,4142.067641202391,9270,0.002757582608488714,0.7025033132086586,0.8658006605541083,6,1
odds_30plus_score>=0.7_expected>=1000_top3_by_direct_expected_return,13216,38825,2.9377269975786926,3882500,3361640,-520860,0.8658441725692209,0.8634565357372826,625,0.016097875080489377,0.047291162227602906,0.7397798732867511,0.7000033015822704,56.26685383129426,56.5,4142.067641202391,9270,0.002757582608488714,0.7025033132086586,0.8658006605541083,6,1
odds_30plus_score>=0.7_expected>=1500_top3_by_direct_expected_return,13216,38825,2.9377269975786926,3882500,3361640,-520860,0.8658441725692209,0.8634565357372826,625,0.016097875080489377,0.047291162227602906,0.7397798732867511,0.7000033015822704,56.26685383129426,56.5,4142.067641202391,9270,0.002757582608488714,0.7025033132086586,0.8658006605541083,6,1
odds_30plus_score>=0.7_expected>=2000_top3_by_direct_expected_return,13216,38825,2.9377269975786926,3882500,3361640,-520860,0.8658441725692209,0.8634565357372826,625,0.016097875080489377,0.047291162227602906,0.7397798732867511,0.7000033015822704,56.26685383129426,56.5,4142.067641202391,9270,0.002757582608488714,0.7025033132086586,0.8658006605541083,6,1
odds_30_500_score>=0.7_expected>=3000_top3_by_direct_expected_return,12822,36107,2.8160193417563564,3610700,3126490,-484210,0.865895809676794,0.8633284404686072,558,0.01545406707840585,0.043518951801591016,0.7367845170154879,0.7000033015822704,57.83569114022211,57.6,4246.773102844584,9270,0.0029649862945347657,0.6981173864894795,0.865286086178425,6,2
odds_30plus_score>=0.7_expected>=3000_top3_by_direct_expected_return,12822,36107,2.8160193417563564,3610700,3126490,-484210,0.865895809676794,0.8633284404686072,558,0.01545406707840585,0.043518951801591016,0.7367845170154879,0.7000033015822704,57.83569114022211,57.6,4246.773102844584,9270,0.0029649862945347657,0.6981173864894795,0.865286086178425,6,2
odds_50_500_score>=0.7_expected>=0_top3_by_direct_expected_return,11410,27887,2.4440841367221737,2788700,2414270,-374430,0.8657331373041202,0.8624090077814035,398,0.014271882956216158,0.03488168273444347,0.729777531056078,0.7000033015822704,61.61451931007279,60.8,4490.544782909864,9270,0.0038396699623488672,0.6306339468302659,0.8651000140700611,6,1
odds_50_500_score>=0.7_expected>=500_top3_by_direct_expected_return,11410,27887,2.4440841367221737,2788700,2414270,-374430,0.8657331373041202,0.8624090077814035,398,0.014271882956216158,0.03488168273444347,0.729777531056078,0.7000033015822704,61.61451931007279,60.8,4490.544782909864,9270,0.0038396699623488672,0.6306339468302659,0.8651000140700611,6,1
odds_50_500_score>=0.7_expected>=1000_top3_by_direct_expected_return,11410,27887,2.4440841367221737,2788700,2414270,-374430,0.8657331373041202,0.8624090077814035,398,0.014271882956216158,0.03488168273444347,0.729777531056078,0.7000033015822704,61.61451931007279,60.8,4490.544782909864,9270,0.0038396699623488672,0.6306339468302659,0.8651000140700611,6,1
odds_50_500_score>=0.7_expected>=1500_top3_by_direct_expected_return,11410,27887,2.4440841367221737,2788700,2414270,-374430,0.8657331373041202,0.8624090077814035,398,0.014271882956216158,0.03488168273444347,0.729777531056078,0.7000033015822704,61.61451931007279,60.8,4490.544782909864,9270,0.0038396699623488672,0.6306339468302659,0.8651000140700611,6,1
odds_50_500_score>=0.7_expected>=2000_top3_by_direct_expected_return,11410,27887,2.4440841367221737,2788700,2414270,-374430,0.8657331373041202,0.8624090077814035,398,0.014271882956216158,0.03488168273444347,0.729777531056078,0.7000033015822704,61.61451931007279,60.8,4490.544782909864,9270,0.0038396699623488672,0.6306339468302659,0.8651000140700611,6,1
odds_50_500_score>=0.7_expected>=3000_top3_by_direct_expected_return,11410,27887,2.4440841367221737,2788700,2414270,-374430,0.8657331373041202,0.8624090077814035,398,0.014271882956216158,0.03488168273444347,0.729777531056078,0.7000033015822704,61.61451931007279,60.8,4490.544782909864,9270,0.0038396699623488672,0.6306339468302659,0.8651000140700611,6,1
odds_50_1000_score>=0.7_expected>=0_top3_by_direct_expected_return,11410,27887,2.4440841367221737,2788700,2414270,-374430,0.8657331373041202,0.8624090077814035,398,0.014271882956216158,0.03488168273444347,0.729777531056078,0.7000033015822704,61.61451931007279,60.8,4490.544782909864,9270,0.0038396699623488672,0.6306339468302659,0.8651000140700611,6,1
odds_50_1000_score>=0.7_expected>=500_top3_by_direct_expected_return,11410,27887,2.4440841367221737,2788700,2414270,-374430,0.8657331373041202,0.8624090077814035,398,0.014271882956216158,0.03488168273444347,0.729777531056078,0.7000033015822704,61.61451931007279,60.8,4490.544782909864,9270,0.0038396699623488672,0.6306339468302659,0.8651000140700611,6,1
odds_50_1000_score>=0.7_expected>=1000_top3_by_direct_expected_return,11410,27887,2.4440841367221737,2788700,2414270,-374430,0.8657331373041202,0.8624090077814035,398,0.014271882956216158,0.03488168273444347,0.729777531056078,0.7000033015822704,61.61451931007279,60.8,4490.544782909864,9270,0.0038396699623488672,0.6306339468302659,0.8651000140700611,6,1
odds_50_1000_score>=0.7_expected>=1500_top3_by_direct_expected_return,11410,27887,2.4440841367221737,2788700,2414270,-374430,0.8657331373041202,0.8624090077814035,398,0.014271882956216158,0.03488168273444347,0.729777531056078,0.7000033015822704,61.61451931007279,60.8,4490.544782909864,9270,0.0038396699623488672,0.6306339468302659,0.8651000140700611,6,1
odds_50_1000_score>=0.7_expected>=2000_top3_by_direct_expected_return,11410,27887,2.4440841367221737,2788700,2414270,-374430,0.8657331373041202,0.8624090077814035,398,0.014271882956216158,0.03488168273444347,0.729777531056078,0.7000033015822704,61.61451931007279,60.8,4490.544782909864,9270,0.0038396699623488672,0.6306339468302659,0.8651000140700611,6,1
odds_50_1000_score>=0.7_expected>=3000_top3_by_direct_expected_return,11410,27887,2.4440841367221737,2788700,2414270,-374430,0.8657331373041202,0.8624090077814035,398,0.014271882956216158,0.03488168273444347,0.729777531056078,0.7000033015822704,61.61451931007279,60.8,4490.544782909864,9270,0.0038396699623488672,0.6306339468302659,0.8651000140700611,6,1
odds_50plus_score>=0.7_expected>=0_top3_by_direct_expected_return,11410,27887,2.4440841367221737,2788700,2414270,-374430,0.8657331373041202,0.8624090077814035,398,0.014271882956216158,0.03488168273444347,0.729777531056078,0.7000033015822704,61.61451931007279,60.8,4490.544782909864,9270,0.0038396699623488672,0.6306339468302659,0.8651000140700611,6,1
odds_50plus_score>=0.7_expected>=500_top3_by_direct_expected_return,11410,27887,2.4440841367221737,2788700,2414270,-374430,0.8657331373041202,0.8624090077814035,398,0.014271882956216158,0.03488168273444347,0.729777531056078,0.7000033015822704,61.61451931007279,60.8,4490.544782909864,9270,0.0038396699623488672,0.6306339468302659,0.8651000140700611,6,1
odds_50plus_score>=0.7_expected>=1000_top3_by_direct_expected_return,11410,27887,2.4440841367221737,2788700,2414270,-374430,0.8657331373041202,0.8624090077814035,398,0.014271882956216158,0.03488168273444347,0.729777531056078,0.7000033015822704,61.61451931007279,60.8,4490.544782909864,9270,0.0038396699623488672,0.6306339468302659,0.8651000140700611,6,1
odds_50plus_score>=0.7_expected>=1500_top3_by_direct_expected_return,11410,27887,2.4440841367221737,2788700,2414270,-374430,0.8657331373041202,0.8624090077814035,398,0.014271882956216158,0.03488168273444347,0.729777531056078,0.7000033015822704,61.61451931007279,60.8,4490.544782909864,9270,0.0038396699623488672,0.6306339468302659,0.8651000140700611,6,1
odds_50plus_score>=0.7_expected>=2000_top3_by_direct_expected_return,11410,27887,2.4440841367221737,2788700,2414270,-374430,0.8657331373041202,0.8624090077814035,398,0.014271882956216158,0.03488168273444347,0.729777531056078,0.7000033015822704,61.61451931007279,60.8,4490.544782909864,9270,0.0038396699623488672,0.6306339468302659,0.8651000140700611,6,1
odds_50plus_score>=0.7_expected>=3000_top3_by_direct_expected_return,11410,27887,2.4440841367221737,2788700,2414270,-374430,0.8657331373041202,0.8624090077814035,398,0.014271882956216158,0.03488168273444347,0.729777531056078,0.7000033015822704,61.61451931007279,60.8,4490.544782909864,9270,0.0038396699623488672,0.6306339468302659,0.8651000140700611,6,1
odds_30_500_score>=0.6_expected>=3000_top1_by_direct_ticket_score,13244,13244,1.0,1324400,1143850,-180550,0.8636741165810933,0.8578677136816671,265,0.020009060706735124,0.020009060706735124,0.7865927933592535,0.6005594212938725,43.71959377831471,42.0,3423.6633967306466,7690,0.006722909472395856,0.7727134146341463,0.8630488279841627,6,0
odds_30plus_score>=0.6_expected>=3000_top1_by_direct_ticket_score,13244,13244,1.0,1324400,1143850,-180550,0.8636741165810933,0.8578677136816671,265,0.020009060706735124,0.020009060706735124,0.7865927933592535,0.6005594212938725,43.71959377831471,42.0,3423.6633967306466,7690,0.006722909472395856,0.7727134146341463,0.8630488279841627,6,0
odds_30_500_score>=0.7_expected>=3000_top5_by_direct_expected_return,12822,54840,4.277023865231633,5484000,4710770,-773230,0.8590025528811087,0.8573121808898614,883,0.01610138584974471,0.06886601154266105,0.741782487018678,0.7000033015822704,55.10476841721371,54.1,4070.9701275922134,9270,0.0019678311613600323,0.7378122398001665,0.8595020109411268,6,0
odds_30plus_score>=0.7_expected>=3000_top5_by_direct_expected_return,12822,54840,4.277023865231633,5484000,4710770,-773230,0.8590025528811087,0.8573121808898614,883,0.01610138584974471,0.06886601154266105,0.741782487018678,0.7000033015822704,55.10476841721371,54.1,4070.9701275922134,9270,0.0019678311613600323,0.7378122398001665,0.8595020109411268,6,0
odds_50_500_score>=0.5_expected>=3000_top1_by_direct_expected_return,13288,13288,1.0,1328800,1157720,-171080,0.8712522576760987,0.8560580975316074,110,0.008278145695364239,0.008278145695364239,0.5724690275284342,0.5000217591684042,111.82027393136666,106.3,6299.510755420819,20190,0.017439449953356598,0.623366243535496,0.866496937845057,6,0
odds_50_1000_score>=0.5_expected>=3000_top1_by_direct_expected_return,13288,13288,1.0,1328800,1157720,-171080,0.8712522576760987,0.8560580975316074,110,0.008278145695364239,0.008278145695364239,0.5724690275284342,0.5000217591684042,111.82027393136666,106.3,6299.510755420819,20190,0.017439449953356598,0.623366243535496,0.866496937845057,6,0
odds_50plus_score>=0.5_expected>=3000_top1_by_direct_expected_return,13288,13288,1.0,1328800,1157720,-171080,0.8712522576760987,0.8560580975316074,110,0.008278145695364239,0.008278145695364239,0.5724539011575919,0.5000217591684042,111.97451836243226,106.3,6307.135425397093,20190,0.017439449953356598,0.623366243535496,0.866496937845057,6,0
odds_30_500_score>=0.6_expected>=3000_top5_by_direct_expected_return,13244,64180,4.8459679855028694,6418000,5577380,-840620,0.8690215020255532,0.8557182923028981,748,0.011654721096914927,0.05647840531561462,0.6643013082027664,0.6000030084261291,75.85835930196323,77.15,4996.6376862493835,85380,0.015308263019553984,0.7697496893307296,0.86811494576536,6,0
odds_30plus_score>=0.6_expected>=3000_top5_by_direct_expected_return,13244,64180,4.8459679855028694,6418000,5577380,-840620,0.8690215020255532,0.8557182923028981,748,0.011654721096914927,0.05647840531561462,0.6643013082027664,0.6000030084261291,75.85835930196323,77.15,4996.6376862493835,85380,0.015308263019553984,0.7697496893307296,0.86811494576536,6,0
odds_30_500_score>=0.5_expected>=3000_top1_by_direct_expected_return,13294,13294,1.0,1329400,1157720,-171680,0.8708590341507447,0.8556717316082443,110,0.008274409508048744,0.008274409508048744,0.5726219883858833,0.5000217591684042,111.78491800812398,106.3,6298.261071624329,20190,0.017439449953356598,0.623366243535496,0.8660912220770943,6,0
odds_30plus_score>=0.5_expected>=3000_top1_by_direct_expected_return,13294,13294,1.0,1329400,1157720,-171680,0.8708590341507447,0.8556717316082443,110,0.008274409508048744,0.008274409508048744,0.5726068688420476,0.5000217591684042,111.93909282383028,106.3,6305.882300347417,20190,0.017439449953356598,0.623366243535496,0.8660912220770943,6,0
odds_50_500_score>=0.5_expected>=0_top1_by_direct_expected_return,13295,13295,1.0,1329500,1157720,-171780,0.870793531402783,0.8556073711921776,110,0.008273787138021812,0.008273787138021812,0.5724483154223428,0.5000217591684042,111.78943963896202,106.3,6297.6878497064345,20190,0.017439449953356598,0.6230733082706766,0.8660478035949751,6,0
odds_50_500_score>=0.5_expected>=500_top1_by_direct_expected_return,13295,13295,1.0,1329500,1157720,-171780,0.870793531402783,0.8556073711921776,110,0.008273787138021812,0.008273787138021812,0.5724483154223428,0.5000217591684042,111.78943963896202,106.3,6297.6878497064345,20190,0.017439449953356598,0.6230733082706766,0.8660478035949751,6,0
odds_50_500_score>=0.5_expected>=1000_top1_by_direct_expected_return,13295,13295,1.0,1329500,1157720,-171780,0.870793531402783,0.8556073711921776,110,0.008273787138021812,0.008273787138021812,0.5724483154223428,0.5000217591684042,111.78943963896202,106.3,6297.6878497064345,20190,0.017439449953356598,0.6230733082706766,0.8660478035949751,6,0
odds_50_500_score>=0.5_expected>=1500_top1_by_direct_expected_return,13295,13295,1.0,1329500,1157720,-171780,0.870793531402783,0.8556073711921776,110,0.008273787138021812,0.008273787138021812,0.5724483154223428,0.5000217591684042,111.78943963896202,106.3,6297.6878497064345,20190,0.017439449953356598,0.6230733082706766,0.8660478035949751,6,0
odds_50_500_score>=0.5_expected>=2000_top1_by_direct_expected_return,13295,13295,1.0,1329500,1157720,-171780,0.870793531402783,0.8556073711921776,110,0.008273787138021812,0.008273787138021812,0.5724483154223428,0.5000217591684042,111.78943963896202,106.3,6297.6878497064345,20190,0.017439449953356598,0.6230733082706766,0.8660478035949751,6,0
odds_50_1000_score>=0.5_expected>=0_top1_by_direct_expected_return,13295,13295,1.0,1329500,1157720,-171780,0.870793531402783,0.8556073711921776,110,0.008273787138021812,0.008273787138021812,0.5724483154223428,0.5000217591684042,111.78943963896202,106.3,6297.6878497064345,20190,0.017439449953356598,0.6230733082706766,0.8660478035949751,6,0
odds_50_1000_score>=0.5_expected>=500_top1_by_direct_expected_return,13295,13295,1.0,1329500,1157720,-171780,0.870793531402783,0.8556073711921776,110,0.008273787138021812,0.008273787138021812,0.5724483154223428,0.5000217591684042,111.78943963896202,106.3,6297.6878497064345,20190,0.017439449953356598,0.6230733082706766,0.8660478035949751,6,0
odds_50_1000_score>=0.5_expected>=1000_top1_by_direct_expected_return,13295,13295,1.0,1329500,1157720,-171780,0.870793531402783,0.8556073711921776,110,0.008273787138021812,0.008273787138021812,0.5724483154223428,0.5000217591684042,111.78943963896202,106.3,6297.6878497064345,20190,0.017439449953356598,0.6230733082706766,0.8660478035949751,6,0
odds_50_1000_score>=0.5_expected>=1500_top1_by_direct_expected_return,13295,13295,1.0,1329500,1157720,-171780,0.870793531402783,0.8556073711921776,110,0.008273787138021812,0.008273787138021812,0.5724483154223428,0.5000217591684042,111.78943963896202,106.3,6297.6878497064345,20190,0.017439449953356598,0.6230733082706766,0.8660478035949751,6,0
odds_50_1000_score>=0.5_expected>=2000_top1_by_direct_expected_return,13295,13295,1.0,1329500,1157720,-171780,0.870793531402783,0.8556073711921776,110,0.008273787138021812,0.008273787138021812,0.5724483154223428,0.5000217591684042,111.78943963896202,106.3,6297.6878497064345,20190,0.017439449953356598,0.6230733082706766,0.8660478035949751,6,0
odds_50plus_score>=0.5_expected>=0_top1_by_direct_expected_return,13295,13295,1.0,1329500,1157720,-171780,0.870793531402783,0.8556073711921776,110,0.008273787138021812,0.008273787138021812,0.5724331970157425,0.5000217591684042,111.94360285821737,106.3,6305.308505189303,20190,0.017439449953356598,0.6230733082706766,0.8660478035949751,6,0
odds_50plus_score>=0.5_expected>=500_top1_by_direct_expected_return,13295,13295,1.0,1329500,1157720,-171780,0.870793531402783,0.8556073711921776,110,0.008273787138021812,0.008273787138021812,0.5724331970157425,0.5000217591684042,111.94360285821737,106.3,6305.308505189303,20190,0.017439449953356598,0.6230733082706766,0.8660478035949751,6,0
odds_50plus_score>=0.5_expected>=1000_top1_by_direct_expected_return,13295,13295,1.0,1329500,1157720,-171780,0.870793531402783,0.8556073711921776,110,0.008273787138021812,0.008273787138021812,0.5724331970157425,0.5000217591684042,111.94360285821737,106.3,6305.308505189303,20190,0.017439449953356598,0.6230733082706766,0.8660478035949751,6,0
odds_50plus_score>=0.5_expected>=1500_top1_by_direct_expected_return,13295,13295,1.0,1329500,1157720,-171780,0.870793531402783,0.8556073711921776,110,0.008273787138021812,0.008273787138021812,0.5724331970157425,0.5000217591684042,111.94360285821737,106.3,6305.308505189303,20190,0.017439449953356598,0.6230733082706766,0.8660478035949751,6,0
odds_50plus_score>=0.5_expected>=2000_top1_by_direct_expected_return,13295,13295,1.0,1329500,1157720,-171780,0.870793531402783,0.8556073711921776,110,0.008273787138021812,0.008273787138021812,0.5724331970157425,0.5000217591684042,111.94360285821737,106.3,6305.308505189303,20190,0.017439449953356598,0.6230733082706766,0.8660478035949751,6,0
odds_30_500_score>=0.5_expected>=0_top1_by_direct_expected_return,13305,13305,1.0,1330500,1157720,-172780,0.8701390454716272,0.8549642991356633,110,0.008267568583239383,0.008267568583239383,0.5726734941041769,0.5000217591684042,111.730093949643,106.3,6295.372463608811,20190,0.017439449953356598,0.6230733082706766,0.8653662777231377,6,0
odds_30_500_score>=0.5_expected>=500_top1_by_direct_expected_return,13305,13305,1.0,1330500,1157720,-172780,0.8701390454716272,0.8549642991356633,110,0.008267568583239383,0.008267568583239383,0.5726734941041769,0.5000217591684042,111.730093949643,106.3,6295.372463608811,20190,0.017439449953356598,0.6230733082706766,0.8653662777231377,6,0
odds_30_500_score>=0.5_expected>=1000_top1_by_direct_expected_return,13305,13305,1.0,1330500,1157720,-172780,0.8701390454716272,0.8549642991356633,110,0.008267568583239383,0.008267568583239383,0.5726734941041769,0.5000217591684042,111.730093949643,106.3,6295.372463608811,20190,0.017439449953356598,0.6230733082706766,0.8653662777231377,6,0
odds_30_500_score>=0.5_expected>=1500_top1_by_direct_expected_return,13305,13305,1.0,1330500,1157720,-172780,0.8701390454716272,0.8549642991356633,110,0.008267568583239383,0.008267568583239383,0.5726734941041769,0.5000217591684042,111.730093949643,106.3,6295.372463608811,20190,0.017439449953356598,0.6230733082706766,0.8653662777231377,6,0
odds_30_500_score>=0.5_expected>=2000_top1_by_direct_expected_return,13305,13305,1.0,1330500,1157720,-172780,0.8701390454716272,0.8549642991356633,110,0.008267568583239383,0.008267568583239383,0.5726734941041769,0.5000217591684042,111.730093949643,106.3,6295.372463608811,20190,0.017439449953356598,0.6230733082706766,0.8653662777231377,6,0
odds_30plus_score>=0.5_expected>=0_top1_by_direct_expected_return,13305,13305,1.0,1330500,1157720,-172780,0.8701390454716272,0.8549642991356633,110,0.008267568583239383,0.008267568583239383,0.5726583870605277,0.5000217591684042,111.88414130026305,106.3,6302.987391428782,20190,0.017439449953356598,0.6230733082706766,0.8653662777231377,6,0
odds_30plus_score>=0.5_expected>=500_top1_by_direct_expected_return,13305,13305,1.0,1330500,1157720,-172780,0.8701390454716272,0.8549642991356633,110,0.008267568583239383,0.008267568583239383,0.5726583870605277,0.5000217591684042,111.88414130026305,106.3,6302.987391428782,20190,0.017439449953356598,0.6230733082706766,0.8653662777231377,6,0
odds_30plus_score>=0.5_expected>=1000_top1_by_direct_expected_return,13305,13305,1.0,1330500,1157720,-172780,0.8701390454716272,0.8549642991356633,110,0.008267568583239383,0.008267568583239383,0.5726583870605277,0.5000217591684042,111.88414130026305,106.3,6302.987391428782,20190,0.017439449953356598,0.6230733082706766,0.8653662777231377,6,0
odds_30plus_score>=0.5_expected>=1500_top1_by_direct_expected_return,13305,13305,1.0,1330500,1157720,-172780,0.8701390454716272,0.8549642991356633,110,0.008267568583239383,0.008267568583239383,0.5726583870605277,0.5000217591684042,111.88414130026305,106.3,6302.987391428782,20190,0.017439449953356598,0.6230733082706766,0.8653662777231377,6,0
odds_30plus_score>=0.5_expected>=2000_top1_by_direct_expected_return,13305,13305,1.0,1330500,1157720,-172780,0.8701390454716272,0.8549642991356633,110,0.008267568583239383,0.008267568583239383,0.5726583870605277,0.5000217591684042,111.88414130026305,106.3,6302.987391428782,20190,0.017439449953356598,0.6230733082706766,0.8653662777231377,6,0
odds_50_500_score>=0.6_expected>=0_top5_by_direct_expected_return,13162,61284,4.656131287038444,6128400,5316950,-811450,0.8675918673715814,0.8536600091377847,690,0.01125905619737615,0.05242364382312718,0.6601659016259263,0.6000030084261291,77.33091508387182,78.0,5073.967525350134,85380,0.016058078409614533,0.7554853105243585,0.8669990975807099,6,0
odds_50_500_score>=0.6_expected>=500_top5_by_direct_expected_return,13162,61284,4.656131287038444,6128400,5316950,-811450,0.8675918673715814,0.8536600091377847,690,0.01125905619737615,0.05242364382312718,0.6601659016259263,0.6000030084261291,77.33091508387182,78.0,5073.967525350134,85380,0.016058078409614533,0.7554853105243585,0.8669990975807099,6,0
odds_50_500_score>=0.6_expected>=1000_top5_by_direct_expected_return,13162,61284,4.656131287038444,6128400,5316950,-811450,0.8675918673715814,0.8536600091377847,690,0.01125905619737615,0.05242364382312718,0.6601659016259263,0.6000030084261291,77.33091508387182,78.0,5073.967525350134,85380,0.016058078409614533,0.7554853105243585,0.8669990975807099,6,0
odds_50_500_score>=0.6_expected>=1500_top5_by_direct_expected_return,13162,61284,4.656131287038444,6128400,5316950,-811450,0.8675918673715814,0.8536600091377847,690,0.01125905619737615,0.05242364382312718,0.6601659016259263,0.6000030084261291,77.33091508387182,78.0,5073.967525350134,85380,0.016058078409614533,0.7554853105243585,0.8669990975807099,6,0
odds_50_500_score>=0.6_expected>=2000_top5_by_direct_expected_return,13162,61284,4.656131287038444,6128400,5316950,-811450,0.8675918673715814,0.8536600091377847,690,0.01125905619737615,0.05242364382312718,0.6601659016259263,0.6000030084261291,77.33091508387182,78.0,5073.967525350134,85380,0.016058078409614533,0.7554853105243585,0.8669990975807099,6,0
odds_50_500_score>=0.6_expected>=3000_top5_by_direct_expected_return,13162,61284,4.656131287038444,6128400,5316950,-811450,0.8675918673715814,0.8536600091377847,690,0.01125905619737615,0.05242364382312718,0.6601659016259263,0.6000030084261291,77.33091508387182,78.0,5073.967525350134,85380,0.016058078409614533,0.7554853105243585,0.8669990975807099,6,0
odds_50_1000_score>=0.6_expected>=0_top5_by_direct_expected_return,13162,61284,4.656131287038444,6128400,5316950,-811450,0.8675918673715814,0.8536600091377847,690,0.01125905619737615,0.05242364382312718,0.6601659016259263,0.6000030084261291,77.33091508387182,78.0,5073.967525350134,85380,0.016058078409614533,0.7554853105243585,0.8669990975807099,6,0
odds_50_1000_score>=0.6_expected>=500_top5_by_direct_expected_return,13162,61284,4.656131287038444,6128400,5316950,-811450,0.8675918673715814,0.8536600091377847,690,0.01125905619737615,0.05242364382312718,0.6601659016259263,0.6000030084261291,77.33091508387182,78.0,5073.967525350134,85380,0.016058078409614533,0.7554853105243585,0.8669990975807099,6,0
odds_50_1000_score>=0.6_expected>=1000_top5_by_direct_expected_return,13162,61284,4.656131287038444,6128400,5316950,-811450,0.8675918673715814,0.8536600091377847,690,0.01125905619737615,0.05242364382312718,0.6601659016259263,0.6000030084261291,77.33091508387182,78.0,5073.967525350134,85380,0.016058078409614533,0.7554853105243585,0.8669990975807099,6,0
odds_50_1000_score>=0.6_expected>=1500_top5_by_direct_expected_return,13162,61284,4.656131287038444,6128400,5316950,-811450,0.8675918673715814,0.8536600091377847,690,0.01125905619737615,0.05242364382312718,0.6601659016259263,0.6000030084261291,77.33091508387182,78.0,5073.967525350134,85380,0.016058078409614533,0.7554853105243585,0.8669990975807099,6,0
odds_50_1000_score>=0.6_expected>=2000_top5_by_direct_expected_return,13162,61284,4.656131287038444,6128400,5316950,-811450,0.8675918673715814,0.8536600091377847,690,0.01125905619737615,0.05242364382312718,0.6601659016259263,0.6000030084261291,77.33091508387182,78.0,5073.967525350134,85380,0.016058078409614533,0.7554853105243585,0.8669990975807099,6,0
odds_50_1000_score>=0.6_expected>=3000_top5_by_direct_expected_return,13162,61284,4.656131287038444,6128400,5316950,-811450,0.8675918673715814,0.8536600091377847,690,0.01125905619737615,0.05242364382312718,0.6601659016259263,0.6000030084261291,77.33091508387182,78.0,5073.967525350134,85380,0.016058078409614533,0.7554853105243585,0.8669990975807099,6,0
odds_50plus_score>=0.6_expected>=0_top5_by_direct_expected_return,13162,61284,4.656131287038444,6128400,5316950,-811450,0.8675918673715814,0.8536600091377847,690,0.01125905619737615,0.05242364382312718,0.6601659016259263,0.6000030084261291,77.33091508387182,78.0,5073.967525350134,85380,0.016058078409614533,0.7554853105243585,0.8669990975807099,6,0
odds_50plus_score>=0.6_expected>=500_top5_by_direct_expected_return,13162,61284,4.656131287038444,6128400,5316950,-811450,0.8675918673715814,0.8536600091377847,690,0.01125905619737615,0.05242364382312718,0.6601659016259263,0.6000030084261291,77.33091508387182,78.0,5073.967525350134,85380,0.016058078409614533,0.7554853105243585,0.8669990975807099,6,0
odds_50plus_score>=0.6_expected>=1000_top5_by_direct_expected_return,13162,61284,4.656131287038444,6128400,5316950,-811450,0.8675918673715814,0.8536600091377847,690,0.01125905619737615,0.05242364382312718,0.6601659016259263,0.6000030084261291,77.33091508387182,78.0,5073.967525350134,85380,0.016058078409614533,0.7554853105243585,0.8669990975807099,6,0
odds_50plus_score>=0.6_expected>=1500_top5_by_direct_expected_return,13162,61284,4.656131287038444,6128400,5316950,-811450,0.8675918673715814,0.8536600091377847,690,0.01125905619737615,0.05242364382312718,0.6601659016259263,0.6000030084261291,77.33091508387182,78.0,5073.967525350134,85380,0.016058078409614533,0.7554853105243585,0.8669990975807099,6,0
odds_50plus_score>=0.6_expected>=2000_top5_by_direct_expected_return,13162,61284,4.656131287038444,6128400,5316950,-811450,0.8675918673715814,0.8536600091377847,690,0.01125905619737615,0.05242364382312718,0.6601659016259263,0.6000030084261291,77.33091508387182,78.0,5073.967525350134,85380,0.016058078409614533,0.7554853105243585,0.8669990975807099,6,0
odds_50plus_score>=0.6_expected>=3000_top5_by_direct_expected_return,13162,61284,4.656131287038444,6128400,5316950,-811450,0.8675918673715814,0.8536600091377847,690,0.01125905619737615,0.05242364382312718,0.6601659016259263,0.6000030084261291,77.33091508387182,78.0,5073.967525350134,85380,0.016058078409614533,0.7554853105243585,0.8669990975807099,6,0
odds_50_500_score>=0.7_expected>=0_top5_by_direct_expected_return,11410,36657,3.2127081507449606,3665700,3127700,-538000,0.8532340344272581,0.8507051859126497,527,0.014376517445508361,0.04618755477651183,0.7310991283817474,0.7000033015822704,60.25678860790571,59.1,4399.513692221012,9270,0.0029638392428941395,0.6198363692497685,0.854147071185514,6,1
odds_50_500_score>=0.7_expected>=500_top5_by_direct_expected_return,11410,36657,3.2127081507449606,3665700,3127700,-538000,0.8532340344272581,0.8507051859126497,527,0.014376517445508361,0.04618755477651183,0.7310991283817474,0.7000033015822704,60.25678860790571,59.1,4399.513692221012,9270,0.0029638392428941395,0.6198363692497685,0.854147071185514,6,1
odds_50_500_score>=0.7_expected>=1000_top5_by_direct_expected_return,11410,36657,3.2127081507449606,3665700,3127700,-538000,0.8532340344272581,0.8507051859126497,527,0.014376517445508361,0.04618755477651183,0.7310991283817474,0.7000033015822704,60.25678860790571,59.1,4399.513692221012,9270,0.0029638392428941395,0.6198363692497685,0.854147071185514,6,1
odds_50_500_score>=0.7_expected>=1500_top5_by_direct_expected_return,11410,36657,3.2127081507449606,3665700,3127700,-538000,0.8532340344272581,0.8507051859126497,527,0.014376517445508361,0.04618755477651183,0.7310991283817474,0.7000033015822704,60.25678860790571,59.1,4399.513692221012,9270,0.0029638392428941395,0.6198363692497685,0.854147071185514,6,1
odds_50_500_score>=0.7_expected>=2000_top5_by_direct_expected_return,11410,36657,3.2127081507449606,3665700,3127700,-538000,0.8532340344272581,0.8507051859126497,527,0.014376517445508361,0.04618755477651183,0.7310991283817474,0.7000033015822704,60.25678860790571,59.1,4399.513692221012,9270,0.0029638392428941395,0.6198363692497685,0.854147071185514,6,1
odds_50_500_score>=0.7_expected>=3000_top5_by_direct_expected_return,11410,36657,3.2127081507449606,3665700,3127700,-538000,0.8532340344272581,0.8507051859126497,527,0.014376517445508361,0.04618755477651183,0.7310991283817474,0.7000033015822704,60.25678860790571,59.1,4399.513692221012,9270,0.0029638392428941395,0.6198363692497685,0.854147071185514,6,1
odds_50_1000_score>=0.7_expected>=0_top5_by_direct_expected_return,11410,36657,3.2127081507449606,3665700,3127700,-538000,0.8532340344272581,0.8507051859126497,527,0.014376517445508361,0.04618755477651183,0.7310991283817474,0.7000033015822704,60.25678860790571,59.1,4399.513692221012,9270,0.0029638392428941395,0.6198363692497685,0.854147071185514,6,1
odds_50_1000_score>=0.7_expected>=500_top5_by_direct_expected_return,11410,36657,3.2127081507449606,3665700,3127700,-538000,0.8532340344272581,0.8507051859126497,527,0.014376517445508361,0.04618755477651183,0.7310991283817474,0.7000033015822704,60.25678860790571,59.1,4399.513692221012,9270,0.0029638392428941395,0.6198363692497685,0.854147071185514,6,1
odds_50_1000_score>=0.7_expected>=1000_top5_by_direct_expected_return,11410,36657,3.2127081507449606,3665700,3127700,-538000,0.8532340344272581,0.8507051859126497,527,0.014376517445508361,0.04618755477651183,0.7310991283817474,0.7000033015822704,60.25678860790571,59.1,4399.513692221012,9270,0.0029638392428941395,0.6198363692497685,0.854147071185514,6,1
odds_50_1000_score>=0.7_expected>=1500_top5_by_direct_expected_return,11410,36657,3.2127081507449606,3665700,3127700,-538000,0.8532340344272581,0.8507051859126497,527,0.014376517445508361,0.04618755477651183,0.7310991283817474,0.7000033015822704,60.25678860790571,59.1,4399.513692221012,9270,0.0029638392428941395,0.6198363692497685,0.854147071185514,6,1
odds_50_1000_score>=0.7_expected>=2000_top5_by_direct_expected_return,11410,36657,3.2127081507449606,3665700,3127700,-538000,0.8532340344272581,0.8507051859126497,527,0.014376517445508361,0.04618755477651183,0.7310991283817474,0.7000033015822704,60.25678860790571,59.1,4399.513692221012,9270,0.0029638392428941395,0.6198363692497685,0.854147071185514,6,1
odds_50_1000_score>=0.7_expected>=3000_top5_by_direct_expected_return,11410,36657,3.2127081507449606,3665700,3127700,-538000,0.8532340344272581,0.8507051859126497,527,0.014376517445508361,0.04618755477651183,0.7310991283817474,0.7000033015822704,60.25678860790571,59.1,4399.513692221012,9270,0.0029638392428941395,0.6198363692497685,0.854147071185514,6,1
odds_50plus_score>=0.7_expected>=0_top5_by_direct_expected_return,11410,36657,3.2127081507449606,3665700,3127700,-538000,0.8532340344272581,0.8507051859126497,527,0.014376517445508361,0.04618755477651183,0.7310991283817474,0.7000033015822704,60.25678860790571,59.1,4399.513692221012,9270,0.0029638392428941395,0.6198363692497685,0.854147071185514,6,1
odds_50plus_score>=0.7_expected>=500_top5_by_direct_expected_return,11410,36657,3.2127081507449606,3665700,3127700,-538000,0.8532340344272581,0.8507051859126497,527,0.014376517445508361,0.04618755477651183,0.7310991283817474,0.7000033015822704,60.25678860790571,59.1,4399.513692221012,9270,0.0029638392428941395,0.6198363692497685,0.854147071185514,6,1
odds_50plus_score>=0.7_expected>=1000_top5_by_direct_expected_return,11410,36657,3.2127081507449606,3665700,3127700,-538000,0.8532340344272581,0.8507051859126497,527,0.014376517445508361,0.04618755477651183,0.7310991283817474,0.7000033015822704,60.25678860790571,59.1,4399.513692221012,9270,0.0029638392428941395,0.6198363692497685,0.854147071185514,6,1
odds_50plus_score>=0.7_expected>=1500_top5_by_direct_expected_return,11410,36657,3.2127081507449606,3665700,3127700,-538000,0.8532340344272581,0.8507051859126497,527,0.014376517445508361,0.04618755477651183,0.7310991283817474,0.7000033015822704,60.25678860790571,59.1,4399.513692221012,9270,0.0029638392428941395,0.6198363692497685,0.854147071185514,6,1
odds_50plus_score>=0.7_expected>=2000_top5_by_direct_expected_return,11410,36657,3.2127081507449606,3665700,3127700,-538000,0.8532340344272581,0.8507051859126497,527,0.014376517445508361,0.04618755477651183,0.7310991283817474,0.7000033015822704,60.25678860790571,59.1,4399.513692221012,9270,0.0029638392428941395,0.6198363692497685,0.854147071185514,6,1
odds_50plus_score>=0.7_expected>=3000_top5_by_direct_expected_return,11410,36657,3.2127081507449606,3665700,3127700,-538000,0.8532340344272581,0.8507051859126497,527,0.014376517445508361,0.04618755477651183,0.7310991283817474,0.7000033015822704,60.25678860790571,59.1,4399.513692221012,9270,0.0029638392428941395,0.6198363692497685,0.854147071185514,6,1
odds_50_500_score>=0.7_expected>=0_top2_by_direct_ticket_score,11410,20761,1.81954425942156,2076100,1771100,-305000,0.8530899282308174,0.84914503154954,312,0.015028177833437696,0.027344434706397896,0.7429979296122532,0.7000142473232887,57.457810317422094,55.6,4264.882351270864,8190,0.004624244819603636,0.6156868131868132,0.8511537394685446,6,1
odds_50_500_score>=0.7_expected>=500_top2_by_direct_ticket_score,11410,20761,1.81954425942156,2076100,1771100,-305000,0.8530899282308174,0.84914503154954,312,0.015028177833437696,0.027344434706397896,0.7429979296122532,0.7000142473232887,57.457810317422094,55.6,4264.882351270864,8190,0.004624244819603636,0.6156868131868132,0.8511537394685446,6,1
odds_50_500_score>=0.7_expected>=1000_top2_by_direct_ticket_score,11410,20761,1.81954425942156,2076100,1771100,-305000,0.8530899282308174,0.84914503154954,312,0.015028177833437696,0.027344434706397896,0.7429979296122532,0.7000142473232887,57.457810317422094,55.6,4264.882351270864,8190,0.004624244819603636,0.6156868131868132,0.8511537394685446,6,1
odds_50_500_score>=0.7_expected>=1500_top2_by_direct_ticket_score,11410,20761,1.81954425942156,2076100,1771100,-305000,0.8530899282308174,0.84914503154954,312,0.015028177833437696,0.027344434706397896,0.7429979296122532,0.7000142473232887,57.457810317422094,55.6,4264.882351270864,8190,0.004624244819603636,0.6156868131868132,0.8511537394685446,6,1
odds_50_500_score>=0.7_expected>=2000_top2_by_direct_ticket_score,11410,20761,1.81954425942156,2076100,1771100,-305000,0.8530899282308174,0.84914503154954,312,0.015028177833437696,0.027344434706397896,0.7429979296122532,0.7000142473232887,57.457810317422094,55.6,4264.882351270864,8190,0.004624244819603636,0.6156868131868132,0.8511537394685446,6,1
odds_50_500_score>=0.7_expected>=3000_top2_by_direct_ticket_score,11410,20761,1.81954425942156,2076100,1771100,-305000,0.8530899282308174,0.84914503154954,312,0.015028177833437696,0.027344434706397896,0.7429979296122532,0.7000142473232887,57.457810317422094,55.6,4264.882351270864,8190,0.004624244819603636,0.6156868131868132,0.8511537394685446,6,1
odds_50_1000_score>=0.7_expected>=0_top2_by_direct_ticket_score,11410,20761,1.81954425942156,2076100,1771100,-305000,0.8530899282308174,0.84914503154954,312,0.015028177833437696,0.027344434706397896,0.7429979296122532,0.7000142473232887,57.457810317422094,55.6,4264.882351270864,8190,0.004624244819603636,0.6156868131868132,0.8511537394685446,6,1
odds_50_1000_score>=0.7_expected>=500_top2_by_direct_ticket_score,11410,20761,1.81954425942156,2076100,1771100,-305000,0.8530899282308174,0.84914503154954,312,0.015028177833437696,0.027344434706397896,0.7429979296122532,0.7000142473232887,57.457810317422094,55.6,4264.882351270864,8190,0.004624244819603636,0.6156868131868132,0.8511537394685446,6,1
odds_50_1000_score>=0.7_expected>=1000_top2_by_direct_ticket_score,11410,20761,1.81954425942156,2076100,1771100,-305000,0.8530899282308174,0.84914503154954,312,0.015028177833437696,0.027344434706397896,0.7429979296122532,0.7000142473232887,57.457810317422094,55.6,4264.882351270864,8190,0.004624244819603636,0.6156868131868132,0.8511537394685446,6,1
odds_50_1000_score>=0.7_expected>=1500_top2_by_direct_ticket_score,11410,20761,1.81954425942156,2076100,1771100,-305000,0.8530899282308174,0.84914503154954,312,0.015028177833437696,0.027344434706397896,0.7429979296122532,0.7000142473232887,57.457810317422094,55.6,4264.882351270864,8190,0.004624244819603636,0.6156868131868132,0.8511537394685446,6,1
odds_50_1000_score>=0.7_expected>=2000_top2_by_direct_ticket_score,11410,20761,1.81954425942156,2076100,1771100,-305000,0.8530899282308174,0.84914503154954,312,0.015028177833437696,0.027344434706397896,0.7429979296122532,0.7000142473232887,57.457810317422094,55.6,4264.882351270864,8190,0.004624244819603636,0.6156868131868132,0.8511537394685446,6,1
odds_50_1000_score>=0.7_expected>=3000_top2_by_direct_ticket_score,11410,20761,1.81954425942156,2076100,1771100,-305000,0.8530899282308174,0.84914503154954,312,0.015028177833437696,0.027344434706397896,0.7429979296122532,0.7000142473232887,57.457810317422094,55.6,4264.882351270864,8190,0.004624244819603636,0.6156868131868132,0.8511537394685446,6,1
odds_50plus_score>=0.7_expected>=0_top2_by_direct_ticket_score,11410,20761,1.81954425942156,2076100,1771100,-305000,0.8530899282308174,0.84914503154954,312,0.015028177833437696,0.027344434706397896,0.7429979296122532,0.7000142473232887,57.457810317422094,55.6,4264.882351270864,8190,0.004624244819603636,0.6156868131868132,0.8511537394685446,6,1
odds_50plus_score>=0.7_expected>=500_top2_by_direct_ticket_score,11410,20761,1.81954425942156,2076100,1771100,-305000,0.8530899282308174,0.84914503154954,312,0.015028177833437696,0.027344434706397896,0.7429979296122532,0.7000142473232887,57.457810317422094,55.6,4264.882351270864,8190,0.004624244819603636,0.6156868131868132,0.8511537394685446,6,1
odds_50plus_score>=0.7_expected>=1000_top2_by_direct_ticket_score,11410,20761,1.81954425942156,2076100,1771100,-305000,0.8530899282308174,0.84914503154954,312,0.015028177833437696,0.027344434706397896,0.7429979296122532,0.7000142473232887,57.457810317422094,55.6,4264.882351270864,8190,0.004624244819603636,0.6156868131868132,0.8511537394685446,6,1
odds_50plus_score>=0.7_expected>=1500_top2_by_direct_ticket_score,11410,20761,1.81954425942156,2076100,1771100,-305000,0.8530899282308174,0.84914503154954,312,0.015028177833437696,0.027344434706397896,0.7429979296122532,0.7000142473232887,57.457810317422094,55.6,4264.882351270864,8190,0.004624244819603636,0.6156868131868132,0.8511537394685446,6,1
odds_50plus_score>=0.7_expected>=2000_top2_by_direct_ticket_score,11410,20761,1.81954425942156,2076100,1771100,-305000,0.8530899282308174,0.84914503154954,312,0.015028177833437696,0.027344434706397896,0.7429979296122532,0.7000142473232887,57.457810317422094,55.6,4264.882351270864,8190,0.004624244819603636,0.6156868131868132,0.8511537394685446,6,1
odds_50plus_score>=0.7_expected>=3000_top2_by_direct_ticket_score,11410,20761,1.81954425942156,2076100,1771100,-305000,0.8530899282308174,0.84914503154954,312,0.015028177833437696,0.027344434706397896,0.7429979296122532,0.7000142473232887,57.457810317422094,55.6,4264.882351270864,8190,0.004624244819603636,0.6156868131868132,0.8511537394685446,6,1
odds_30_500_score>=0.6_expected>=2000_top5_by_direct_expected_return,13294,65848,4.953211975327215,6584800,5676080,-908720,0.8619973271777427,0.8490311019317215,777,0.011799902806463371,0.05844741988867158,0.6663947451439399,0.6000030084261291,74.87129753371403,76.7,4939.220102219115,85380,0.015042071288635819,0.7546139849233169,0.8612621430370218,6,0
odds_30plus_score>=0.6_expected>=2000_top5_by_direct_expected_return,13294,65848,4.953211975327215,6584800,5676080,-908720,0.8619973271777427,0.8490311019317215,777,0.011799902806463371,0.05844741988867158,0.6663947451439399,0.6000030084261291,74.87129753371403,76.7,4939.220102219115,85380,0.015042071288635819,0.7546139849233169,0.8612621430370218,6,0
odds_30_500_score>=0.6_expected>=0_top5_by_direct_expected_return,13295,65850,4.9529898458066945,6585000,5676080,-908920,0.8619711465451785,0.8490053151100987,777,0.011799544419134396,0.05844302369311771,0.6663931930029192,0.6000030084261291,74.86999240698557,76.7,4939.1297019765225,85380,0.015042071288635819,0.7545486050944377,0.861238855247895,6,0
odds_30_500_score>=0.6_expected>=500_top5_by_direct_expected_return,13295,65850,4.9529898458066945,6585000,5676080,-908920,0.8619711465451785,0.8490053151100987,777,0.011799544419134396,0.05844302369311771,0.6663931930029192,0.6000030084261291,74.86999240698557,76.7,4939.1297019765225,85380,0.015042071288635819,0.7545486050944377,0.861238855247895,6,0
odds_30_500_score>=0.6_expected>=1000_top5_by_direct_expected_return,13295,65850,4.9529898458066945,6585000,5676080,-908920,0.8619711465451785,0.8490053151100987,777,0.011799544419134396,0.05844302369311771,0.6663931930029192,0.6000030084261291,74.86999240698557,76.7,4939.1297019765225,85380,0.015042071288635819,0.7545486050944377,0.861238855247895,6,0
odds_30_500_score>=0.6_expected>=1500_top5_by_direct_expected_return,13295,65850,4.9529898458066945,6585000,5676080,-908920,0.8619711465451785,0.8490053151100987,777,0.011799544419134396,0.05844302369311771,0.6663931930029192,0.6000030084261291,74.86999240698557,76.7,4939.1297019765225,85380,0.015042071288635819,0.7545486050944377,0.861238855247895,6,0
odds_30plus_score>=0.6_expected>=0_top5_by_direct_expected_return,13295,65850,4.9529898458066945,6585000,5676080,-908920,0.8619711465451785,0.8490053151100987,777,0.011799544419134396,0.05844302369311771,0.6663931930029192,0.6000030084261291,74.86999240698557,76.7,4939.1297019765225,85380,0.015042071288635819,0.7545486050944377,0.861238855247895,6,0
odds_30plus_score>=0.6_expected>=500_top5_by_direct_expected_return,13295,65850,4.9529898458066945,6585000,5676080,-908920,0.8619711465451785,0.8490053151100987,777,0.011799544419134396,0.05844302369311771,0.6663931930029192,0.6000030084261291,74.86999240698557,76.7,4939.1297019765225,85380,0.015042071288635819,0.7545486050944377,0.861238855247895,6,0
odds_30plus_score>=0.6_expected>=1000_top5_by_direct_expected_return,13295,65850,4.9529898458066945,6585000,5676080,-908920,0.8619711465451785,0.8490053151100987,777,0.011799544419134396,0.05844302369311771,0.6663931930029192,0.6000030084261291,74.86999240698557,76.7,4939.1297019765225,85380,0.015042071288635819,0.7545486050944377,0.861238855247895,6,0
odds_30plus_score>=0.6_expected>=1500_top5_by_direct_expected_return,13295,65850,4.9529898458066945,6585000,5676080,-908920,0.8619711465451785,0.8490053151100987,777,0.011799544419134396,0.05844302369311771,0.6663931930029192,0.6000030084261291,74.86999240698557,76.7,4939.1297019765225,85380,0.015042071288635819,0.7545486050944377,0.861238855247895,6,0
odds_30_500_score>=0.7_expected>=0_top5_by_direct_expected_return,13216,62107,4.699379539951574,6210700,5267730,-942970,0.8481700935482313,0.8466775081713817,1042,0.01677749690051041,0.07884382566585957,0.7468198769324995,0.7000033015822704,52.76769929315536,52.4,3916.1307304342185,9270,0.0017597712866832583,0.7355520823756551,0.8487509549706905,6,0
odds_30_500_score>=0.7_expected>=500_top5_by_direct_expected_return,13216,62107,4.699379539951574,6210700,5267730,-942970,0.8481700935482313,0.8466775081713817,1042,0.01677749690051041,0.07884382566585957,0.7468198769324995,0.7000033015822704,52.76769929315536,52.4,3916.1307304342185,9270,0.0017597712866832583,0.7355520823756551,0.8487509549706905,6,0
odds_30_500_score>=0.7_expected>=1000_top5_by_direct_expected_return,13216,62107,4.699379539951574,6210700,5267730,-942970,0.8481700935482313,0.8466775081713817,1042,0.01677749690051041,0.07884382566585957,0.7468198769324995,0.7000033015822704,52.76769929315536,52.4,3916.1307304342185,9270,0.0017597712866832583,0.7355520823756551,0.8487509549706905,6,0
odds_30_500_score>=0.7_expected>=1500_top5_by_direct_expected_return,13216,62107,4.699379539951574,6210700,5267730,-942970,0.8481700935482313,0.8466775081713817,1042,0.01677749690051041,0.07884382566585957,0.7468198769324995,0.7000033015822704,52.76769929315536,52.4,3916.1307304342185,9270,0.0017597712866832583,0.7355520823756551,0.8487509549706905,6,0
odds_30_500_score>=0.7_expected>=2000_top5_by_direct_expected_return,13216,62107,4.699379539951574,6210700,5267730,-942970,0.8481700935482313,0.8466775081713817,1042,0.01677749690051041,0.07884382566585957,0.7468198769324995,0.7000033015822704,52.76769929315536,52.4,3916.1307304342185,9270,0.0017597712866832583,0.7355520823756551,0.8487509549706905,6,0
odds_30plus_score>=0.7_expected>=0_top5_by_direct_expected_return,13216,62107,4.699379539951574,6210700,5267730,-942970,0.8481700935482313,0.8466775081713817,1042,0.01677749690051041,0.07884382566585957,0.7468198769324995,0.7000033015822704,52.76769929315536,52.4,3916.1307304342185,9270,0.0017597712866832583,0.7355520823756551,0.8487509549706905,6,0
odds_30plus_score>=0.7_expected>=500_top5_by_direct_expected_return,13216,62107,4.699379539951574,6210700,5267730,-942970,0.8481700935482313,0.8466775081713817,1042,0.01677749690051041,0.07884382566585957,0.7468198769324995,0.7000033015822704,52.76769929315536,52.4,3916.1307304342185,9270,0.0017597712866832583,0.7355520823756551,0.8487509549706905,6,0
odds_30plus_score>=0.7_expected>=1000_top5_by_direct_expected_return,13216,62107,4.699379539951574,6210700,5267730,-942970,0.8481700935482313,0.8466775081713817,1042,0.01677749690051041,0.07884382566585957,0.7468198769324995,0.7000033015822704,52.76769929315536,52.4,3916.1307304342185,9270,0.0017597712866832583,0.7355520823756551,0.8487509549706905,6,0
odds_30plus_score>=0.7_expected>=1500_top5_by_direct_expected_return,13216,62107,4.699379539951574,6210700,5267730,-942970,0.8481700935482313,0.8466775081713817,1042,0.01677749690051041,0.07884382566585957,0.7468198769324995,0.7000033015822704,52.76769929315536,52.4,3916.1307304342185,9270,0.0017597712866832583,0.7355520823756551,0.8487509549706905,6,0
odds_30plus_score>=0.7_expected>=2000_top5_by_direct_expected_return,13216,62107,4.699379539951574,6210700,5267730,-942970,0.8481700935482313,0.8466775081713817,1042,0.01677749690051041,0.07884382566585957,0.7468198769324995,0.7000033015822704,52.76769929315536,52.4,3916.1307304342185,9270,0.0017597712866832583,0.7355520823756551,0.8487509549706905,6,0
odds_100_1000_score>=0.5_expected>=0_top3_by_direct_ticket_score,9434,21377,2.2659529361882553,2137700,1914150,-223550,0.8954249894746691,0.843878935304299,163,0.007625017542218272,0.017277930888276446,0.5444930949756542,0.5000175997950448,113.17675071338356,108.1,6153.857390005766,110190,0.0575660214716715,0.674845869297164,0.890979636245819,6,2
odds_100_1000_score>=0.5_expected>=500_top3_by_direct_ticket_score,9434,21377,2.2659529361882553,2137700,1914150,-223550,0.8954249894746691,0.843878935304299,163,0.007625017542218272,0.017277930888276446,0.5444930949756542,0.5000175997950448,113.17675071338356,108.1,6153.857390005766,110190,0.0575660214716715,0.674845869297164,0.890979636245819,6,2
odds_100_1000_score>=0.5_expected>=1000_top3_by_direct_ticket_score,9434,21377,2.2659529361882553,2137700,1914150,-223550,0.8954249894746691,0.843878935304299,163,0.007625017542218272,0.017277930888276446,0.5444930949756542,0.5000175997950448,113.17675071338356,108.1,6153.857390005766,110190,0.0575660214716715,0.674845869297164,0.890979636245819,6,2
odds_100_1000_score>=0.5_expected>=1500_top3_by_direct_ticket_score,9434,21377,2.2659529361882553,2137700,1914150,-223550,0.8954249894746691,0.843878935304299,163,0.007625017542218272,0.017277930888276446,0.5444930949756542,0.5000175997950448,113.17675071338356,108.1,6153.857390005766,110190,0.0575660214716715,0.674845869297164,0.890979636245819,6,2
odds_100_1000_score>=0.5_expected>=2000_top3_by_direct_ticket_score,9434,21377,2.2659529361882553,2137700,1914150,-223550,0.8954249894746691,0.843878935304299,163,0.007625017542218272,0.017277930888276446,0.5444930949756542,0.5000175997950448,113.17675071338356,108.1,6153.857390005766,110190,0.0575660214716715,0.674845869297164,0.890979636245819,6,2
odds_100_1000_score>=0.5_expected>=3000_top3_by_direct_ticket_score,9434,21377,2.2659529361882553,2137700,1914150,-223550,0.8954249894746691,0.843878935304299,163,0.007625017542218272,0.017277930888276446,0.5444930949756542,0.5000175997950448,113.17675071338356,108.1,6153.857390005766,110190,0.0575660214716715,0.674845869297164,0.890979636245819,6,2
odds_100_1000_score>=0.5_expected>=5000_top3_by_direct_ticket_score,9434,21377,2.2659529361882553,2137700,1914150,-223550,0.8954249894746691,0.843878935304299,163,0.007625017542218272,0.017277930888276446,0.5444930949756542,0.5000175997950448,113.17675071338356,108.1,6153.857390005766,110190,0.0575660214716715,0.674845869297164,0.890979636245819,6,2
odds_100plus_score>=0.5_expected>=0_top3_by_direct_ticket_score,9434,21378,2.266058935764257,2137800,1914150,-223650,0.8953831041257367,0.8438394611282627,163,0.007624660866311161,0.017277930888276446,0.5444912686316362,0.5000175997950448,113.22279446159605,108.1,6156.1643984543225,110190,0.0575660214716715,0.674637904468413,0.8909449754410272,6,2
odds_100plus_score>=0.5_expected>=500_top3_by_direct_ticket_score,9434,21378,2.266058935764257,2137800,1914150,-223650,0.8953831041257367,0.8438394611282627,163,0.007624660866311161,0.017277930888276446,0.5444912686316362,0.5000175997950448,113.22279446159605,108.1,6156.1643984543225,110190,0.0575660214716715,0.674637904468413,0.8909449754410272,6,2
odds_100plus_score>=0.5_expected>=1000_top3_by_direct_ticket_score,9434,21378,2.266058935764257,2137800,1914150,-223650,0.8953831041257367,0.8438394611282627,163,0.007624660866311161,0.017277930888276446,0.5444912686316362,0.5000175997950448,113.22279446159605,108.1,6156.1643984543225,110190,0.0575660214716715,0.674637904468413,0.8909449754410272,6,2
odds_100plus_score>=0.5_expected>=1500_top3_by_direct_ticket_score,9434,21378,2.266058935764257,2137800,1914150,-223650,0.8953831041257367,0.8438394611282627,163,0.007624660866311161,0.017277930888276446,0.5444912686316362,0.5000175997950448,113.22279446159605,108.1,6156.1643984543225,110190,0.0575660214716715,0.674637904468413,0.8909449754410272,6,2
odds_100plus_score>=0.5_expected>=2000_top3_by_direct_ticket_score,9434,21378,2.266058935764257,2137800,1914150,-223650,0.8953831041257367,0.8438394611282627,163,0.007624660866311161,0.017277930888276446,0.5444912686316362,0.5000175997950448,113.22279446159605,108.1,6156.1643984543225,110190,0.0575660214716715,0.674637904468413,0.8909449754410272,6,2
odds_100plus_score>=0.5_expected>=3000_top3_by_direct_ticket_score,9434,21378,2.266058935764257,2137800,1914150,-223650,0.8953831041257367,0.8438394611282627,163,0.007624660866311161,0.017277930888276446,0.5444912686316362,0.5000175997950448,113.22279446159605,108.1,6156.1643984543225,110190,0.0575660214716715,0.674637904468413,0.8909449754410272,6,2
odds_100plus_score>=0.5_expected>=5000_top3_by_direct_ticket_score,9434,21378,2.266058935764257,2137800,1914150,-223650,0.8953831041257367,0.8438394611282627,163,0.007624660866311161,0.017277930888276446,0.5444912686316362,0.5000175997950448,113.22279446159605,108.1,6156.1643984543225,110190,0.0575660214716715,0.674637904468413,0.8909449754410272,6,2
odds_30_500_score>=0.7_expected>=5000_top1_by_direct_ticket_score,2971,2971,1.0,297100,258930,-38170,0.871524739145069,0.842813867384719,35,0.011780545270952542,0.011780545270952542,0.7262297771669199,0.7000192588491508,75.00716930326489,74.1,5440.430028925555,8530,0.03294326651990886,0.2430795847750865,0.8950852493737985,6,2
odds_50_500_score>=0.7_expected>=5000_top1_by_direct_ticket_score,2971,2971,1.0,297100,258930,-38170,0.871524739145069,0.842813867384719,35,0.011780545270952542,0.011780545270952542,0.7262297771669199,0.7000192588491508,75.00716930326489,74.1,5440.430028925555,8530,0.03294326651990886,0.2430795847750865,0.8950852493737985,6,2
odds_50_1000_score>=0.7_expected>=5000_top1_by_direct_ticket_score,2971,2971,1.0,297100,258930,-38170,0.871524739145069,0.842813867384719,35,0.011780545270952542,0.011780545270952542,0.7262297771669199,0.7000192588491508,75.00716930326489,74.1,5440.430028925555,8530,0.03294326651990886,0.2430795847750865,0.8950852493737985,6,2
odds_30plus_score>=0.7_expected>=5000_top1_by_direct_ticket_score,2971,2971,1.0,297100,258930,-38170,0.871524739145069,0.842813867384719,35,0.011780545270952542,0.011780545270952542,0.7262297771669199,0.7000192588491508,75.00716930326489,74.1,5440.430028925555,8530,0.03294326651990886,0.2430795847750865,0.8950852493737985,6,2
odds_50plus_score>=0.7_expected>=5000_top1_by_direct_ticket_score,2971,2971,1.0,297100,258930,-38170,0.871524739145069,0.842813867384719,35,0.011780545270952542,0.011780545270952542,0.7262297771669199,0.7000192588491508,75.00716930326489,74.1,5440.430028925555,8530,0.03294326651990886,0.2430795847750865,0.8950852493737985,6,2
odds_30_500_score>=0.7_expected>=0_top1_by_direct_expected_return,13216,13216,1.0,1321600,1120200,-201400,0.8476089588377724,0.8405947336561743,188,0.014225181598062953,0.014225181598062953,0.7312528490336967,0.7000136543685186,62.09626967312349,62.7,4526.119556364012,9270,0.008275307980717728,0.5783433994823124,0.8529661244158674,6,1
odds_30_500_score>=0.7_expected>=500_top1_by_direct_expected_return,13216,13216,1.0,1321600,1120200,-201400,0.8476089588377724,0.8405947336561743,188,0.014225181598062953,0.014225181598062953,0.7312528490336967,0.7000136543685186,62.09626967312349,62.7,4526.119556364012,9270,0.008275307980717728,0.5783433994823124,0.8529661244158674,6,1
odds_30_500_score>=0.7_expected>=1000_top1_by_direct_expected_return,13216,13216,1.0,1321600,1120200,-201400,0.8476089588377724,0.8405947336561743,188,0.014225181598062953,0.014225181598062953,0.7312528490336967,0.7000136543685186,62.09626967312349,62.7,4526.119556364012,9270,0.008275307980717728,0.5783433994823124,0.8529661244158674,6,1
odds_30_500_score>=0.7_expected>=1500_top1_by_direct_expected_return,13216,13216,1.0,1321600,1120200,-201400,0.8476089588377724,0.8405947336561743,188,0.014225181598062953,0.014225181598062953,0.7312528490336967,0.7000136543685186,62.09626967312349,62.7,4526.119556364012,9270,0.008275307980717728,0.5783433994823124,0.8529661244158674,6,1
odds_30_500_score>=0.7_expected>=2000_top1_by_direct_expected_return,13216,13216,1.0,1321600,1120200,-201400,0.8476089588377724,0.8405947336561743,188,0.014225181598062953,0.014225181598062953,0.7312528490336967,0.7000136543685186,62.09626967312349,62.7,4526.119556364012,9270,0.008275307980717728,0.5783433994823124,0.8529661244158674,6,1
odds_30plus_score>=0.7_expected>=0_top1_by_direct_expected_return,13216,13216,1.0,1321600,1120200,-201400,0.8476089588377724,0.8405947336561743,188,0.014225181598062953,0.014225181598062953,0.7312528490336967,0.7000136543685186,62.09626967312349,62.7,4526.119556364012,9270,0.008275307980717728,0.5783433994823124,0.8529661244158674,6,1
odds_30plus_score>=0.7_expected>=500_top1_by_direct_expected_return,13216,13216,1.0,1321600,1120200,-201400,0.8476089588377724,0.8405947336561743,188,0.014225181598062953,0.014225181598062953,0.7312528490336967,0.7000136543685186,62.09626967312349,62.7,4526.119556364012,9270,0.008275307980717728,0.5783433994823124,0.8529661244158674,6,1
odds_30plus_score>=0.7_expected>=1000_top1_by_direct_expected_return,13216,13216,1.0,1321600,1120200,-201400,0.8476089588377724,0.8405947336561743,188,0.014225181598062953,0.014225181598062953,0.7312528490336967,0.7000136543685186,62.09626967312349,62.7,4526.119556364012,9270,0.008275307980717728,0.5783433994823124,0.8529661244158674,6,1
odds_30plus_score>=0.7_expected>=1500_top1_by_direct_expected_return,13216,13216,1.0,1321600,1120200,-201400,0.8476089588377724,0.8405947336561743,188,0.014225181598062953,0.014225181598062953,0.7312528490336967,0.7000136543685186,62.09626967312349,62.7,4526.119556364012,9270,0.008275307980717728,0.5783433994823124,0.8529661244158674,6,1
odds_30plus_score>=0.7_expected>=2000_top1_by_direct_expected_return,13216,13216,1.0,1321600,1120200,-201400,0.8476089588377724,0.8405947336561743,188,0.014225181598062953,0.014225181598062953,0.7312528490336967,0.7000136543685186,62.09626967312349,62.7,4526.119556364012,9270,0.008275307980717728,0.5783433994823124,0.8529661244158674,6,1
odds_30_500_score>=0.7_expected>=3000_top3_by_direct_ticket_score,12822,36107,2.8160193417563564,3610700,3042940,-567760,0.8427562522502562,0.8405018417481375,671,0.018583654139086605,0.052331929496178445,0.7737183088692167,0.7000142473232887,46.26821668928463,44.4,3565.5807052288164,8140,0.002675044529303897,0.7826469487083489,0.8415834966646072,6,0
odds_30plus_score>=0.7_expected>=3000_top3_by_direct_ticket_score,12822,36107,2.8160193417563564,3610700,3042940,-567760,0.8427562522502562,0.8405018417481375,671,0.018583654139086605,0.052331929496178445,0.7737183088692167,0.7000142473232887,46.26821668928463,44.4,3565.5807052288164,8140,0.002675044529303897,0.7826469487083489,0.8415834966646072,6,0
odds_100_1000_score>=0.5_expected>=0_top5_by_direct_ticket_score,9434,27390,2.903328386686453,2739000,2406310,-332690,0.8785359620299379,0.8383059510770354,203,0.007411464037970062,0.021517913928344286,0.5399430879368665,0.5000000026788737,114.500857977364,109.2,6172.807364610451,110190,0.045792104924136955,0.6870441458733205,0.8751628590592242,6,0
odds_100_1000_score>=0.5_expected>=500_top5_by_direct_ticket_score,9434,27390,2.903328386686453,2739000,2406310,-332690,0.8785359620299379,0.8383059510770354,203,0.007411464037970062,0.021517913928344286,0.5399430879368665,0.5000000026788737,114.500857977364,109.2,6172.807364610451,110190,0.045792104924136955,0.6870441458733205,0.8751628590592242,6,0
odds_100_1000_score>=0.5_expected>=1000_top5_by_direct_ticket_score,9434,27390,2.903328386686453,2739000,2406310,-332690,0.8785359620299379,0.8383059510770354,203,0.007411464037970062,0.021517913928344286,0.5399430879368665,0.5000000026788737,114.500857977364,109.2,6172.807364610451,110190,0.045792104924136955,0.6870441458733205,0.8751628590592242,6,0
odds_100_1000_score>=0.5_expected>=1500_top5_by_direct_ticket_score,9434,27390,2.903328386686453,2739000,2406310,-332690,0.8785359620299379,0.8383059510770354,203,0.007411464037970062,0.021517913928344286,0.5399430879368665,0.5000000026788737,114.500857977364,109.2,6172.807364610451,110190,0.045792104924136955,0.6870441458733205,0.8751628590592242,6,0
odds_100_1000_score>=0.5_expected>=2000_top5_by_direct_ticket_score,9434,27390,2.903328386686453,2739000,2406310,-332690,0.8785359620299379,0.8383059510770354,203,0.007411464037970062,0.021517913928344286,0.5399430879368665,0.5000000026788737,114.500857977364,109.2,6172.807364610451,110190,0.045792104924136955,0.6870441458733205,0.8751628590592242,6,0
odds_100_1000_score>=0.5_expected>=3000_top5_by_direct_ticket_score,9434,27390,2.903328386686453,2739000,2406310,-332690,0.8785359620299379,0.8383059510770354,203,0.007411464037970062,0.021517913928344286,0.5399430879368665,0.5000000026788737,114.500857977364,109.2,6172.807364610451,110190,0.045792104924136955,0.6870441458733205,0.8751628590592242,6,0
odds_100_1000_score>=0.5_expected>=5000_top5_by_direct_ticket_score,9434,27390,2.903328386686453,2739000,2406310,-332690,0.8785359620299379,0.8383059510770354,203,0.007411464037970062,0.021517913928344286,0.5399430879368665,0.5000000026788737,114.500857977364,109.2,6172.807364610451,110190,0.045792104924136955,0.6870441458733205,0.8751628590592242,6,0
odds_100plus_score>=0.5_expected>=0_top5_by_direct_ticket_score,9434,27392,2.9035403858384567,2739200,2406310,-332890,0.878471816588785,0.8382447429906542,203,0.007410922897196262,0.021517913928344286,0.5399404909265931,0.5000000026788737,114.57586521612149,109.2,6176.561154261257,110190,0.045792104924136955,0.6868793475653634,0.8751062013782979,6,0
odds_100plus_score>=0.5_expected>=500_top5_by_direct_ticket_score,9434,27392,2.9035403858384567,2739200,2406310,-332890,0.878471816588785,0.8382447429906542,203,0.007410922897196262,0.021517913928344286,0.5399404909265931,0.5000000026788737,114.57586521612149,109.2,6176.561154261257,110190,0.045792104924136955,0.6868793475653634,0.8751062013782979,6,0
odds_100plus_score>=0.5_expected>=1000_top5_by_direct_ticket_score,9434,27392,2.9035403858384567,2739200,2406310,-332890,0.878471816588785,0.8382447429906542,203,0.007410922897196262,0.021517913928344286,0.5399404909265931,0.5000000026788737,114.57586521612149,109.2,6176.561154261257,110190,0.045792104924136955,0.6868793475653634,0.8751062013782979,6,0
odds_100plus_score>=0.5_expected>=1500_top5_by_direct_ticket_score,9434,27392,2.9035403858384567,2739200,2406310,-332890,0.878471816588785,0.8382447429906542,203,0.007410922897196262,0.021517913928344286,0.5399404909265931,0.5000000026788737,114.57586521612149,109.2,6176.561154261257,110190,0.045792104924136955,0.6868793475653634,0.8751062013782979,6,0
odds_100plus_score>=0.5_expected>=2000_top5_by_direct_ticket_score,9434,27392,2.9035403858384567,2739200,2406310,-332890,0.878471816588785,0.8382447429906542,203,0.007410922897196262,0.021517913928344286,0.5399404909265931,0.5000000026788737,114.57586521612149,109.2,6176.561154261257,110190,0.045792104924136955,0.6868793475653634,0.8751062013782979,6,0
odds_100plus_score>=0.5_expected>=3000_top5_by_direct_ticket_score,9434,27392,2.9035403858384567,2739200,2406310,-332890,0.878471816588785,0.8382447429906542,203,0.007410922897196262,0.021517913928344286,0.5399404909265931,0.5000000026788737,114.57586521612149,109.2,6176.561154261257,110190,0.045792104924136955,0.6868793475653634,0.8751062013782979,6,0
odds_100plus_score>=0.5_expected>=5000_top5_by_direct_ticket_score,9434,27392,2.9035403858384567,2739200,2406310,-332890,0.878471816588785,0.8382447429906542,203,0.007410922897196262,0.021517913928344286,0.5399404909265931,0.5000000026788737,114.57586521612149,109.2,6176.561154261257,110190,0.045792104924136955,0.6868793475653634,0.8751062013782979,6,0
odds_30_500_score>=0.7_expected>=3000_top1_by_direct_expected_return,12822,12822,1.0,1282200,1083560,-198640,0.84507877086258,0.8378490095148963,178,0.013882389642801436,0.013882389642801436,0.729985858960431,0.7000136543685186,62.904156917797536,63.0,4580.584824364218,9270,0.008555133079847909,0.5792520035618878,0.850412705146776,6,1
odds_30plus_score>=0.7_expected>=3000_top1_by_direct_expected_return,12822,12822,1.0,1282200,1083560,-198640,0.84507877086258,0.8378490095148963,178,0.013882389642801436,0.013882389642801436,0.729985858960431,0.7000136543685186,62.904156917797536,63.0,4580.584824364218,9270,0.008555133079847909,0.5792520035618878,0.850412705146776,6,1
odds_30_500_score>=0.7_expected>=3000_top2_by_direct_ticket_score,12822,24958,1.9464982062080798,2495800,2097340,-398460,0.8403477842775864,0.8370863049923872,475,0.019031973715842615,0.037045702698486976,0.7807894157169503,0.7000142473232887,44.95968026284157,43.1,3497.708460853552,8140,0.003881106544480151,0.7148356807511738,0.841740252019468,6,0
odds_30plus_score>=0.7_expected>=3000_top2_by_direct_ticket_score,12822,24958,1.9464982062080798,2495800,2097340,-398460,0.8403477842775864,0.8370863049923872,475,0.019031973715842615,0.037045702698486976,0.7807894157169503,0.7000142473232887,44.95968026284157,43.1,3497.708460853552,8140,0.003881106544480151,0.7148356807511738,0.841740252019468,6,0
odds_30_500_score>=0.5_expected>=3000_top5_by_direct_ticket_score,13294,65845,4.952986309613359,6584500,5508940,-1075560,0.8366527450831498,0.8351401017541196,1117,0.01696408231452654,0.08402286745900406,0.7450034977003563,0.5000567165479454,51.00947832029766,48.1,3755.967704099534,9960,0.0018079703173387257,0.767472953664013,0.8350049461643527,6,0
odds_30plus_score>=0.5_expected>=3000_top5_by_direct_ticket_score,13294,65845,4.952986309613359,6584500,5508940,-1075560,0.8366527450831498,0.8351401017541196,1117,0.01696408231452654,0.08402286745900406,0.7450034977003563,0.5000567165479454,51.00947832029766,48.1,3755.967704099534,9960,0.0018079703173387257,0.767472953664013,0.8350049461643527,6,0
odds_50_500_score>=0.7_expected>=0_top10_by_direct_ticket_score,11410,42041,3.684574934268186,4204100,3519190,-684910,0.8370852263266811,0.8348802359601342,600,0.0142717823077472,0.05258545135845749,0.7320198166432411,0.7000033015822704,59.3969363240646,57.8,4342.240850780667,9270,0.002634128876247091,0.6187525043408575,0.8387903565961669,6,0
odds_50_500_score>=0.7_expected>=500_top10_by_direct_ticket_score,11410,42041,3.684574934268186,4204100,3519190,-684910,0.8370852263266811,0.8348802359601342,600,0.0142717823077472,0.05258545135845749,0.7320198166432411,0.7000033015822704,59.3969363240646,57.8,4342.240850780667,9270,0.002634128876247091,0.6187525043408575,0.8387903565961669,6,0
odds_50_500_score>=0.7_expected>=1000_top10_by_direct_ticket_score,11410,42041,3.684574934268186,4204100,3519190,-684910,0.8370852263266811,0.8348802359601342,600,0.0142717823077472,0.05258545135845749,0.7320198166432411,0.7000033015822704,59.3969363240646,57.8,4342.240850780667,9270,0.002634128876247091,0.6187525043408575,0.8387903565961669,6,0
odds_50_500_score>=0.7_expected>=1500_top10_by_direct_ticket_score,11410,42041,3.684574934268186,4204100,3519190,-684910,0.8370852263266811,0.8348802359601342,600,0.0142717823077472,0.05258545135845749,0.7320198166432411,0.7000033015822704,59.3969363240646,57.8,4342.240850780667,9270,0.002634128876247091,0.6187525043408575,0.8387903565961669,6,0
odds_50_500_score>=0.7_expected>=2000_top10_by_direct_ticket_score,11410,42041,3.684574934268186,4204100,3519190,-684910,0.8370852263266811,0.8348802359601342,600,0.0142717823077472,0.05258545135845749,0.7320198166432411,0.7000033015822704,59.3969363240646,57.8,4342.240850780667,9270,0.002634128876247091,0.6187525043408575,0.8387903565961669,6,0
odds_50_500_score>=0.7_expected>=3000_top10_by_direct_ticket_score,11410,42041,3.684574934268186,4204100,3519190,-684910,0.8370852263266811,0.8348802359601342,600,0.0142717823077472,0.05258545135845749,0.7320198166432411,0.7000033015822704,59.3969363240646,57.8,4342.240850780667,9270,0.002634128876247091,0.6187525043408575,0.8387903565961669,6,0
odds_50_1000_score>=0.7_expected>=0_top10_by_direct_ticket_score,11410,42041,3.684574934268186,4204100,3519190,-684910,0.8370852263266811,0.8348802359601342,600,0.0142717823077472,0.05258545135845749,0.7320198166432411,0.7000033015822704,59.3969363240646,57.8,4342.240850780667,9270,0.002634128876247091,0.6187525043408575,0.8387903565961669,6,0
odds_50_1000_score>=0.7_expected>=500_top10_by_direct_ticket_score,11410,42041,3.684574934268186,4204100,3519190,-684910,0.8370852263266811,0.8348802359601342,600,0.0142717823077472,0.05258545135845749,0.7320198166432411,0.7000033015822704,59.3969363240646,57.8,4342.240850780667,9270,0.002634128876247091,0.6187525043408575,0.8387903565961669,6,0
odds_50_1000_score>=0.7_expected>=1000_top10_by_direct_ticket_score,11410,42041,3.684574934268186,4204100,3519190,-684910,0.8370852263266811,0.8348802359601342,600,0.0142717823077472,0.05258545135845749,0.7320198166432411,0.7000033015822704,59.3969363240646,57.8,4342.240850780667,9270,0.002634128876247091,0.6187525043408575,0.8387903565961669,6,0
odds_50_1000_score>=0.7_expected>=1500_top10_by_direct_ticket_score,11410,42041,3.684574934268186,4204100,3519190,-684910,0.8370852263266811,0.8348802359601342,600,0.0142717823077472,0.05258545135845749,0.7320198166432411,0.7000033015822704,59.3969363240646,57.8,4342.240850780667,9270,0.002634128876247091,0.6187525043408575,0.8387903565961669,6,0
odds_50_1000_score>=0.7_expected>=2000_top10_by_direct_ticket_score,11410,42041,3.684574934268186,4204100,3519190,-684910,0.8370852263266811,0.8348802359601342,600,0.0142717823077472,0.05258545135845749,0.7320198166432411,0.7000033015822704,59.3969363240646,57.8,4342.240850780667,9270,0.002634128876247091,0.6187525043408575,0.8387903565961669,6,0
odds_50_1000_score>=0.7_expected>=3000_top10_by_direct_ticket_score,11410,42041,3.684574934268186,4204100,3519190,-684910,0.8370852263266811,0.8348802359601342,600,0.0142717823077472,0.05258545135845749,0.7320198166432411,0.7000033015822704,59.3969363240646,57.8,4342.240850780667,9270,0.002634128876247091,0.6187525043408575,0.8387903565961669,6,0
odds_50plus_score>=0.7_expected>=0_top10_by_direct_ticket_score,11410,42041,3.684574934268186,4204100,3519190,-684910,0.8370852263266811,0.8348802359601342,600,0.0142717823077472,0.05258545135845749,0.7320198166432411,0.7000033015822704,59.3969363240646,57.8,4342.240850780667,9270,0.002634128876247091,0.6187525043408575,0.8387903565961669,6,0
odds_50plus_score>=0.7_expected>=500_top10_by_direct_ticket_score,11410,42041,3.684574934268186,4204100,3519190,-684910,0.8370852263266811,0.8348802359601342,600,0.0142717823077472,0.05258545135845749,0.7320198166432411,0.7000033015822704,59.3969363240646,57.8,4342.240850780667,9270,0.002634128876247091,0.6187525043408575,0.8387903565961669,6,0
odds_50plus_score>=0.7_expected>=1000_top10_by_direct_ticket_score,11410,42041,3.684574934268186,4204100,3519190,-684910,0.8370852263266811,0.8348802359601342,600,0.0142717823077472,0.05258545135845749,0.7320198166432411,0.7000033015822704,59.3969363240646,57.8,4342.240850780667,9270,0.002634128876247091,0.6187525043408575,0.8387903565961669,6,0
odds_50plus_score>=0.7_expected>=1500_top10_by_direct_ticket_score,11410,42041,3.684574934268186,4204100,3519190,-684910,0.8370852263266811,0.8348802359601342,600,0.0142717823077472,0.05258545135845749,0.7320198166432411,0.7000033015822704,59.3969363240646,57.8,4342.240850780667,9270,0.002634128876247091,0.6187525043408575,0.8387903565961669,6,0
odds_50plus_score>=0.7_expected>=2000_top10_by_direct_ticket_score,11410,42041,3.684574934268186,4204100,3519190,-684910,0.8370852263266811,0.8348802359601342,600,0.0142717823077472,0.05258545135845749,0.7320198166432411,0.7000033015822704,59.3969363240646,57.8,4342.240850780667,9270,0.002634128876247091,0.6187525043408575,0.8387903565961669,6,0
odds_50plus_score>=0.7_expected>=3000_top10_by_direct_ticket_score,11410,42041,3.684574934268186,4204100,3519190,-684910,0.8370852263266811,0.8348802359601342,600,0.0142717823077472,0.05258545135845749,0.7320198166432411,0.7000033015822704,59.3969363240646,57.8,4342.240850780667,9270,0.002634128876247091,0.6187525043408575,0.8387903565961669,6,0
odds_30_500_score>=0.5_expected>=5000_top1_by_direct_expected_return,12136,12136,1.0,1213600,1032730,-180870,0.8509640738299274,0.83432762030323,94,0.0077455504284772575,0.0077455504284772575,0.5701296597232886,0.5000217591684042,115.140524060646,109.5,6466.863415367037,20190,0.019550124427488307,0.5952380952380952,0.8448915967316917,6,0
odds_50_500_score>=0.5_expected>=5000_top1_by_direct_expected_return,12136,12136,1.0,1213600,1032730,-180870,0.8509640738299274,0.83432762030323,94,0.0077455504284772575,0.0077455504284772575,0.5701296597232886,0.5000217591684042,115.140524060646,109.5,6466.863415367037,20190,0.019550124427488307,0.5952380952380952,0.8448915967316917,6,0
odds_50_1000_score>=0.5_expected>=5000_top1_by_direct_expected_return,12136,12136,1.0,1213600,1032730,-180870,0.8509640738299274,0.83432762030323,94,0.0077455504284772575,0.0077455504284772575,0.5701296597232886,0.5000217591684042,115.140524060646,109.5,6466.863415367037,20190,0.019550124427488307,0.5952380952380952,0.8448915967316917,6,0
odds_30plus_score>=0.5_expected>=5000_top1_by_direct_expected_return,12136,12136,1.0,1213600,1032730,-180870,0.8509640738299274,0.83432762030323,94,0.0077455504284772575,0.0077455504284772575,0.5701130974939088,0.5000217591684042,115.30941001977587,109.5,6475.211850983776,20190,0.019550124427488307,0.5952380952380952,0.8448915967316917,6,0
odds_50plus_score>=0.5_expected>=5000_top1_by_direct_expected_return,12136,12136,1.0,1213600,1032730,-180870,0.8509640738299274,0.83432762030323,94,0.0077455504284772575,0.0077455504284772575,0.5701130974939088,0.5000217591684042,115.30941001977587,109.5,6475.211850983776,20190,0.019550124427488307,0.5952380952380952,0.8448915967316917,6,0
odds_50_500_score>=0.7_expected>=0_top10_by_direct_expected_return,11410,42041,3.684574934268186,4204100,3515580,-688520,0.8362265407578316,0.8340215503912847,598,0.014224209700054708,0.05241016652059597,0.7318107066821632,0.7000033015822704,59.48521919078995,58.0,4347.401472746498,9270,0.002636833751472019,0.6294777614531856,0.8379039394168856,6,0
odds_50_500_score>=0.7_expected>=500_top10_by_direct_expected_return,11410,42041,3.684574934268186,4204100,3515580,-688520,0.8362265407578316,0.8340215503912847,598,0.014224209700054708,0.05241016652059597,0.7318107066821632,0.7000033015822704,59.48521919078995,58.0,4347.401472746498,9270,0.002636833751472019,0.6294777614531856,0.8379039394168856,6,0
odds_50_500_score>=0.7_expected>=1000_top10_by_direct_expected_return,11410,42041,3.684574934268186,4204100,3515580,-688520,0.8362265407578316,0.8340215503912847,598,0.014224209700054708,0.05241016652059597,0.7318107066821632,0.7000033015822704,59.48521919078995,58.0,4347.401472746498,9270,0.002636833751472019,0.6294777614531856,0.8379039394168856,6,0
odds_50_500_score>=0.7_expected>=1500_top10_by_direct_expected_return,11410,42041,3.684574934268186,4204100,3515580,-688520,0.8362265407578316,0.8340215503912847,598,0.014224209700054708,0.05241016652059597,0.7318107066821632,0.7000033015822704,59.48521919078995,58.0,4347.401472746498,9270,0.002636833751472019,0.6294777614531856,0.8379039394168856,6,0
odds_50_500_score>=0.7_expected>=2000_top10_by_direct_expected_return,11410,42041,3.684574934268186,4204100,3515580,-688520,0.8362265407578316,0.8340215503912847,598,0.014224209700054708,0.05241016652059597,0.7318107066821632,0.7000033015822704,59.48521919078995,58.0,4347.401472746498,9270,0.002636833751472019,0.6294777614531856,0.8379039394168856,6,0
odds_50_500_score>=0.7_expected>=3000_top10_by_direct_expected_return,11410,42041,3.684574934268186,4204100,3515580,-688520,0.8362265407578316,0.8340215503912847,598,0.014224209700054708,0.05241016652059597,0.7318107066821632,0.7000033015822704,59.48521919078995,58.0,4347.401472746498,9270,0.002636833751472019,0.6294777614531856,0.8379039394168856,6,0
odds_50_1000_score>=0.7_expected>=0_top10_by_direct_expected_return,11410,42041,3.684574934268186,4204100,3515580,-688520,0.8362265407578316,0.8340215503912847,598,0.014224209700054708,0.05241016652059597,0.7318107066821632,0.7000033015822704,59.48521919078995,58.0,4347.401472746498,9270,0.002636833751472019,0.6294777614531856,0.8379039394168856,6,0
odds_50_1000_score>=0.7_expected>=500_top10_by_direct_expected_return,11410,42041,3.684574934268186,4204100,3515580,-688520,0.8362265407578316,0.8340215503912847,598,0.014224209700054708,0.05241016652059597,0.7318107066821632,0.7000033015822704,59.48521919078995,58.0,4347.401472746498,9270,0.002636833751472019,0.6294777614531856,0.8379039394168856,6,0
odds_50_1000_score>=0.7_expected>=1000_top10_by_direct_expected_return,11410,42041,3.684574934268186,4204100,3515580,-688520,0.8362265407578316,0.8340215503912847,598,0.014224209700054708,0.05241016652059597,0.7318107066821632,0.7000033015822704,59.48521919078995,58.0,4347.401472746498,9270,0.002636833751472019,0.6294777614531856,0.8379039394168856,6,0
odds_50_1000_score>=0.7_expected>=1500_top10_by_direct_expected_return,11410,42041,3.684574934268186,4204100,3515580,-688520,0.8362265407578316,0.8340215503912847,598,0.014224209700054708,0.05241016652059597,0.7318107066821632,0.7000033015822704,59.48521919078995,58.0,4347.401472746498,9270,0.002636833751472019,0.6294777614531856,0.8379039394168856,6,0
odds_50_1000_score>=0.7_expected>=2000_top10_by_direct_expected_return,11410,42041,3.684574934268186,4204100,3515580,-688520,0.8362265407578316,0.8340215503912847,598,0.014224209700054708,0.05241016652059597,0.7318107066821632,0.7000033015822704,59.48521919078995,58.0,4347.401472746498,9270,0.002636833751472019,0.6294777614531856,0.8379039394168856,6,0
odds_50_1000_score>=0.7_expected>=3000_top10_by_direct_expected_return,11410,42041,3.684574934268186,4204100,3515580,-688520,0.8362265407578316,0.8340215503912847,598,0.014224209700054708,0.05241016652059597,0.7318107066821632,0.7000033015822704,59.48521919078995,58.0,4347.401472746498,9270,0.002636833751472019,0.6294777614531856,0.8379039394168856,6,0
odds_50plus_score>=0.7_expected>=0_top10_by_direct_expected_return,11410,42041,3.684574934268186,4204100,3515580,-688520,0.8362265407578316,0.8340215503912847,598,0.014224209700054708,0.05241016652059597,0.7318107066821632,0.7000033015822704,59.48521919078995,58.0,4347.401472746498,9270,0.002636833751472019,0.6294777614531856,0.8379039394168856,6,0
odds_50plus_score>=0.7_expected>=500_top10_by_direct_expected_return,11410,42041,3.684574934268186,4204100,3515580,-688520,0.8362265407578316,0.8340215503912847,598,0.014224209700054708,0.05241016652059597,0.7318107066821632,0.7000033015822704,59.48521919078995,58.0,4347.401472746498,9270,0.002636833751472019,0.6294777614531856,0.8379039394168856,6,0
odds_50plus_score>=0.7_expected>=1000_top10_by_direct_expected_return,11410,42041,3.684574934268186,4204100,3515580,-688520,0.8362265407578316,0.8340215503912847,598,0.014224209700054708,0.05241016652059597,0.7318107066821632,0.7000033015822704,59.48521919078995,58.0,4347.401472746498,9270,0.002636833751472019,0.6294777614531856,0.8379039394168856,6,0
odds_50plus_score>=0.7_expected>=1500_top10_by_direct_expected_return,11410,42041,3.684574934268186,4204100,3515580,-688520,0.8362265407578316,0.8340215503912847,598,0.014224209700054708,0.05241016652059597,0.7318107066821632,0.7000033015822704,59.48521919078995,58.0,4347.401472746498,9270,0.002636833751472019,0.6294777614531856,0.8379039394168856,6,0
odds_50plus_score>=0.7_expected>=2000_top10_by_direct_expected_return,11410,42041,3.684574934268186,4204100,3515580,-688520,0.8362265407578316,0.8340215503912847,598,0.014224209700054708,0.05241016652059597,0.7318107066821632,0.7000033015822704,59.48521919078995,58.0,4347.401472746498,9270,0.002636833751472019,0.6294777614531856,0.8379039394168856,6,0
odds_50plus_score>=0.7_expected>=3000_top10_by_direct_expected_return,11410,42041,3.684574934268186,4204100,3515580,-688520,0.8362265407578316,0.8340215503912847,598,0.014224209700054708,0.05241016652059597,0.7318107066821632,0.7000033015822704,59.48521919078995,58.0,4347.401472746498,9270,0.002636833751472019,0.6294777614531856,0.8379039394168856,6,0
odds_50_500_score>=0.7_expected>=0_top1_by_direct_expected_return,11410,11410,1.0,1141000,959620,-181380,0.841034180543383,0.8329097283085013,150,0.013146362839614373,0.013146362839614373,0.7269030566302969,0.7000136543685186,65.07803680981594,64.1,4724.1840571489765,9270,0.009660073779204269,0.5345864661654135,0.8455577182447036,6,1
odds_50_500_score>=0.7_expected>=500_top1_by_direct_expected_return,11410,11410,1.0,1141000,959620,-181380,0.841034180543383,0.8329097283085013,150,0.013146362839614373,0.013146362839614373,0.7269030566302969,0.7000136543685186,65.07803680981594,64.1,4724.1840571489765,9270,0.009660073779204269,0.5345864661654135,0.8455577182447036,6,1
odds_50_500_score>=0.7_expected>=1000_top1_by_direct_expected_return,11410,11410,1.0,1141000,959620,-181380,0.841034180543383,0.8329097283085013,150,0.013146362839614373,0.013146362839614373,0.7269030566302969,0.7000136543685186,65.07803680981594,64.1,4724.1840571489765,9270,0.009660073779204269,0.5345864661654135,0.8455577182447036,6,1
odds_50_500_score>=0.7_expected>=1500_top1_by_direct_expected_return,11410,11410,1.0,1141000,959620,-181380,0.841034180543383,0.8329097283085013,150,0.013146362839614373,0.013146362839614373,0.7269030566302969,0.7000136543685186,65.07803680981594,64.1,4724.1840571489765,9270,0.009660073779204269,0.5345864661654135,0.8455577182447036,6,1
odds_50_500_score>=0.7_expected>=2000_top1_by_direct_expected_return,11410,11410,1.0,1141000,959620,-181380,0.841034180543383,0.8329097283085013,150,0.013146362839614373,0.013146362839614373,0.7269030566302969,0.7000136543685186,65.07803680981594,64.1,4724.1840571489765,9270,0.009660073779204269,0.5345864661654135,0.8455577182447036,6,1
odds_50_500_score>=0.7_expected>=3000_top1_by_direct_expected_return,11410,11410,1.0,1141000,959620,-181380,0.841034180543383,0.8329097283085013,150,0.013146362839614373,0.013146362839614373,0.7269030566302969,0.7000136543685186,65.07803680981594,64.1,4724.1840571489765,9270,0.009660073779204269,0.5345864661654135,0.8455577182447036,6,1
odds_50_1000_score>=0.7_expected>=0_top1_by_direct_expected_return,11410,11410,1.0,1141000,959620,-181380,0.841034180543383,0.8329097283085013,150,0.013146362839614373,0.013146362839614373,0.7269030566302969,0.7000136543685186,65.07803680981594,64.1,4724.1840571489765,9270,0.009660073779204269,0.5345864661654135,0.8455577182447036,6,1
odds_50_1000_score>=0.7_expected>=500_top1_by_direct_expected_return,11410,11410,1.0,1141000,959620,-181380,0.841034180543383,0.8329097283085013,150,0.013146362839614373,0.013146362839614373,0.7269030566302969,0.7000136543685186,65.07803680981594,64.1,4724.1840571489765,9270,0.009660073779204269,0.5345864661654135,0.8455577182447036,6,1
odds_50_1000_score>=0.7_expected>=1000_top1_by_direct_expected_return,11410,11410,1.0,1141000,959620,-181380,0.841034180543383,0.8329097283085013,150,0.013146362839614373,0.013146362839614373,0.7269030566302969,0.7000136543685186,65.07803680981594,64.1,4724.1840571489765,9270,0.009660073779204269,0.5345864661654135,0.8455577182447036,6,1
odds_50_1000_score>=0.7_expected>=1500_top1_by_direct_expected_return,11410,11410,1.0,1141000,959620,-181380,0.841034180543383,0.8329097283085013,150,0.013146362839614373,0.013146362839614373,0.7269030566302969,0.7000136543685186,65.07803680981594,64.1,4724.1840571489765,9270,0.009660073779204269,0.5345864661654135,0.8455577182447036,6,1
odds_50_1000_score>=0.7_expected>=2000_top1_by_direct_expected_return,11410,11410,1.0,1141000,959620,-181380,0.841034180543383,0.8329097283085013,150,0.013146362839614373,0.013146362839614373,0.7269030566302969,0.7000136543685186,65.07803680981594,64.1,4724.1840571489765,9270,0.009660073779204269,0.5345864661654135,0.8455577182447036,6,1
odds_50_1000_score>=0.7_expected>=3000_top1_by_direct_expected_return,11410,11410,1.0,1141000,959620,-181380,0.841034180543383,0.8329097283085013,150,0.013146362839614373,0.013146362839614373,0.7269030566302969,0.7000136543685186,65.07803680981594,64.1,4724.1840571489765,9270,0.009660073779204269,0.5345864661654135,0.8455577182447036,6,1
odds_50plus_score>=0.7_expected>=0_top1_by_direct_expected_return,11410,11410,1.0,1141000,959620,-181380,0.841034180543383,0.8329097283085013,150,0.013146362839614373,0.013146362839614373,0.7269030566302969,0.7000136543685186,65.07803680981594,64.1,4724.1840571489765,9270,0.009660073779204269,0.5345864661654135,0.8455577182447036,6,1
odds_50plus_score>=0.7_expected>=500_top1_by_direct_expected_return,11410,11410,1.0,1141000,959620,-181380,0.841034180543383,0.8329097283085013,150,0.013146362839614373,0.013146362839614373,0.7269030566302969,0.7000136543685186,65.07803680981594,64.1,4724.1840571489765,9270,0.009660073779204269,0.5345864661654135,0.8455577182447036,6,1
odds_50plus_score>=0.7_expected>=1000_top1_by_direct_expected_return,11410,11410,1.0,1141000,959620,-181380,0.841034180543383,0.8329097283085013,150,0.013146362839614373,0.013146362839614373,0.7269030566302969,0.7000136543685186,65.07803680981594,64.1,4724.1840571489765,9270,0.009660073779204269,0.5345864661654135,0.8455577182447036,6,1
odds_50plus_score>=0.7_expected>=1500_top1_by_direct_expected_return,11410,11410,1.0,1141000,959620,-181380,0.841034180543383,0.8329097283085013,150,0.013146362839614373,0.013146362839614373,0.7269030566302969,0.7000136543685186,65.07803680981594,64.1,4724.1840571489765,9270,0.009660073779204269,0.5345864661654135,0.8455577182447036,6,1
odds_50plus_score>=0.7_expected>=2000_top1_by_direct_expected_return,11410,11410,1.0,1141000,959620,-181380,0.841034180543383,0.8329097283085013,150,0.013146362839614373,0.013146362839614373,0.7269030566302969,0.7000136543685186,65.07803680981594,64.1,4724.1840571489765,9270,0.009660073779204269,0.5345864661654135,0.8455577182447036,6,1
odds_50plus_score>=0.7_expected>=3000_top1_by_direct_expected_return,11410,11410,1.0,1141000,959620,-181380,0.841034180543383,0.8329097283085013,150,0.013146362839614373,0.013146362839614373,0.7269030566302969,0.7000136543685186,65.07803680981594,64.1,4724.1840571489765,9270,0.009660073779204269,0.5345864661654135,0.8455577182447036,6,1
odds_30_500_score>=0.6_expected>=3000_top5_by_direct_ticket_score,13244,64180,4.8459679855028694,6418000,5353370,-1064630,0.8341181053287628,0.832574010595201,1096,0.017076971019009037,0.0827544548474781,0.749771138851141,0.6000257716914846,50.37363041445933,47.8,3743.6677339845887,9910,0.0018511703842626233,0.7416806722689075,0.8316318253336236,6,0
odds_30plus_score>=0.6_expected>=3000_top5_by_direct_ticket_score,13244,64180,4.8459679855028694,6418000,5353370,-1064630,0.8341181053287628,0.832574010595201,1096,0.017076971019009037,0.0827544548474781,0.749771138851141,0.6000257716914846,50.37363041445933,47.8,3743.6677339845887,9910,0.0018511703842626233,0.7416806722689075,0.8316318253336236,6,0
odds_30_500_score>=0.5_expected>=3000_top10_by_direct_expected_return,13294,126551,9.519407251391605,12655100,10631610,-2023490,0.8401047798911111,0.8313976183514946,1278,0.010098695387630283,0.09613359410260268,0.611216047003991,0.5000000026788737,87.13815773877725,86.7,5203.47086768616,110190,0.010364375668407701,0.7732526667728069,0.8392950882073515,6,0
odds_30plus_score>=0.5_expected>=3000_top10_by_direct_expected_return,13294,126551,9.519407251391605,12655100,10631610,-2023490,0.8401047798911111,0.8313976183514946,1278,0.010098695387630283,0.09613359410260268,0.6112141713349394,0.5000000026788737,87.15494701740799,86.7,5204.304062725741,110190,0.010364375668407701,0.7732526667728069,0.8392950882073515,6,0
odds_30_500_score>=0.6_expected>=3000_top10_by_direct_expected_return,13244,117395,8.86401389308366,11739500,9835460,-1904040,0.8378091060096257,0.8305362238596192,1480,0.012607010520039184,0.1117487163998792,0.6794523788423029,0.6000030084261291,69.09414199923336,68.5,4637.9504509998915,85380,0.008680834450040973,0.758059643309619,0.838035498626403,6,0
odds_30plus_score>=0.6_expected>=3000_top10_by_direct_expected_return,13244,117395,8.86401389308366,11739500,9835460,-1904040,0.8378091060096257,0.8305362238596192,1480,0.012607010520039184,0.1117487163998792,0.6794523788423029,0.6000030084261291,69.09414199923336,68.5,4637.9504509998915,85380,0.008680834450040973,0.758059643309619,0.838035498626403,6,0
odds_50_500_score>=0.5_expected>=3000_top2_by_direct_ticket_score,13288,26517,1.9955599036724865,2651700,2209640,-442060,0.833291850510993,0.8299656823924275,382,0.014405852849115662,0.028747742323901263,0.7250409158476989,0.5006519075427881,59.03982728061244,56.9,4264.215214373625,8820,0.003991600441700911,0.5996344872070523,0.8322006426813608,6,1
odds_50_1000_score>=0.5_expected>=3000_top2_by_direct_ticket_score,13288,26517,1.9955599036724865,2651700,2209640,-442060,0.833291850510993,0.8299656823924275,382,0.014405852849115662,0.028747742323901263,0.7250409158476989,0.5006519075427881,59.03982728061244,56.9,4264.215214373625,8820,0.003991600441700911,0.5996344872070523,0.8322006426813608,6,1
odds_50plus_score>=0.5_expected>=3000_top2_by_direct_ticket_score,13288,26517,1.9955599036724865,2651700,2209640,-442060,0.833291850510993,0.8299656823924275,382,0.014405852849115662,0.028747742323901263,0.7250409158476989,0.5006519075427881,59.03982728061244,56.9,4264.215214373625,8820,0.003991600441700911,0.5996344872070523,0.8322006426813608,6,1
odds_50_500_score>=0.5_expected>=0_top2_by_direct_ticket_score,13295,26530,1.9954870251974426,2653000,2209640,-443360,0.8328835280814173,0.829558989822842,382,0.014398793818318885,0.028732606242948478,0.7249561074044995,0.5006519075427881,59.03073501696193,56.9,4263.229060879529,8820,0.003991600441700911,0.5992479587451655,0.8318140376027117,6,1
odds_50_500_score>=0.5_expected>=500_top2_by_direct_ticket_score,13295,26530,1.9954870251974426,2653000,2209640,-443360,0.8328835280814173,0.829558989822842,382,0.014398793818318885,0.028732606242948478,0.7249561074044995,0.5006519075427881,59.03073501696193,56.9,4263.229060879529,8820,0.003991600441700911,0.5992479587451655,0.8318140376027117,6,1
odds_50_500_score>=0.5_expected>=1000_top2_by_direct_ticket_score,13295,26530,1.9954870251974426,2653000,2209640,-443360,0.8328835280814173,0.829558989822842,382,0.014398793818318885,0.028732606242948478,0.7249561074044995,0.5006519075427881,59.03073501696193,56.9,4263.229060879529,8820,0.003991600441700911,0.5992479587451655,0.8318140376027117,6,1
odds_50_500_score>=0.5_expected>=1500_top2_by_direct_ticket_score,13295,26530,1.9954870251974426,2653000,2209640,-443360,0.8328835280814173,0.829558989822842,382,0.014398793818318885,0.028732606242948478,0.7249561074044995,0.5006519075427881,59.03073501696193,56.9,4263.229060879529,8820,0.003991600441700911,0.5992479587451655,0.8318140376027117,6,1
odds_50_500_score>=0.5_expected>=2000_top2_by_direct_ticket_score,13295,26530,1.9954870251974426,2653000,2209640,-443360,0.8328835280814173,0.829558989822842,382,0.014398793818318885,0.028732606242948478,0.7249561074044995,0.5006519075427881,59.03073501696193,56.9,4263.229060879529,8820,0.003991600441700911,0.5992479587451655,0.8318140376027117,6,1
odds_50_1000_score>=0.5_expected>=0_top2_by_direct_ticket_score,13295,26530,1.9954870251974426,2653000,2209640,-443360,0.8328835280814173,0.829558989822842,382,0.014398793818318885,0.028732606242948478,0.7249561074044995,0.5006519075427881,59.03073501696193,56.9,4263.229060879529,8820,0.003991600441700911,0.5992479587451655,0.8318140376027117,6,1
odds_50_1000_score>=0.5_expected>=500_top2_by_direct_ticket_score,13295,26530,1.9954870251974426,2653000,2209640,-443360,0.8328835280814173,0.829558989822842,382,0.014398793818318885,0.028732606242948478,0.7249561074044995,0.5006519075427881,59.03073501696193,56.9,4263.229060879529,8820,0.003991600441700911,0.5992479587451655,0.8318140376027117,6,1
odds_50_1000_score>=0.5_expected>=1000_top2_by_direct_ticket_score,13295,26530,1.9954870251974426,2653000,2209640,-443360,0.8328835280814173,0.829558989822842,382,0.014398793818318885,0.028732606242948478,0.7249561074044995,0.5006519075427881,59.03073501696193,56.9,4263.229060879529,8820,0.003991600441700911,0.5992479587451655,0.8318140376027117,6,1
odds_50_1000_score>=0.5_expected>=1500_top2_by_direct_ticket_score,13295,26530,1.9954870251974426,2653000,2209640,-443360,0.8328835280814173,0.829558989822842,382,0.014398793818318885,0.028732606242948478,0.7249561074044995,0.5006519075427881,59.03073501696193,56.9,4263.229060879529,8820,0.003991600441700911,0.5992479587451655,0.8318140376027117,6,1
odds_50_1000_score>=0.5_expected>=2000_top2_by_direct_ticket_score,13295,26530,1.9954870251974426,2653000,2209640,-443360,0.8328835280814173,0.829558989822842,382,0.014398793818318885,0.028732606242948478,0.7249561074044995,0.5006519075427881,59.03073501696193,56.9,4263.229060879529,8820,0.003991600441700911,0.5992479587451655,0.8318140376027117,6,1
odds_50plus_score>=0.5_expected>=0_top2_by_direct_ticket_score,13295,26530,1.9954870251974426,2653000,2209640,-443360,0.8328835280814173,0.829558989822842,382,0.014398793818318885,0.028732606242948478,0.7249561074044995,0.5006519075427881,59.03073501696193,56.9,4263.229060879529,8820,0.003991600441700911,0.5992479587451655,0.8318140376027117,6,1
odds_50plus_score>=0.5_expected>=500_top2_by_direct_ticket_score,13295,26530,1.9954870251974426,2653000,2209640,-443360,0.8328835280814173,0.829558989822842,382,0.014398793818318885,0.028732606242948478,0.7249561074044995,0.5006519075427881,59.03073501696193,56.9,4263.229060879529,8820,0.003991600441700911,0.5992479587451655,0.8318140376027117,6,1
odds_50plus_score>=0.5_expected>=1000_top2_by_direct_ticket_score,13295,26530,1.9954870251974426,2653000,2209640,-443360,0.8328835280814173,0.829558989822842,382,0.014398793818318885,0.028732606242948478,0.7249561074044995,0.5006519075427881,59.03073501696193,56.9,4263.229060879529,8820,0.003991600441700911,0.5992479587451655,0.8318140376027117,6,1
odds_50plus_score>=0.5_expected>=1500_top2_by_direct_ticket_score,13295,26530,1.9954870251974426,2653000,2209640,-443360,0.8328835280814173,0.829558989822842,382,0.014398793818318885,0.028732606242948478,0.7249561074044995,0.5006519075427881,59.03073501696193,56.9,4263.229060879529,8820,0.003991600441700911,0.5992479587451655,0.8318140376027117,6,1
odds_50plus_score>=0.5_expected>=2000_top2_by_direct_ticket_score,13295,26530,1.9954870251974426,2653000,2209640,-443360,0.8328835280814173,0.829558989822842,382,0.014398793818318885,0.028732606242948478,0.7249561074044995,0.5006519075427881,59.03073501696193,56.9,4263.229060879529,8820,0.003991600441700911,0.5992479587451655,0.8318140376027117,6,1
odds_50_500_score>=0.6_expected>=0_top10_by_direct_expected_return,13162,104028,7.903662057438079,10402800,8710530,-1692270,0.8373255277425309,0.8291181220440651,1226,0.011785288576152575,0.09314693815529555,0.6695111759253112,0.6000030084261291,72.24136290229553,71.1,4800.797554830213,85380,0.00980192938891204,0.7474712262062859,0.837361387022488,6,0
odds_50_500_score>=0.6_expected>=500_top10_by_direct_expected_return,13162,104028,7.903662057438079,10402800,8710530,-1692270,0.8373255277425309,0.8291181220440651,1226,0.011785288576152575,0.09314693815529555,0.6695111759253112,0.6000030084261291,72.24136290229553,71.1,4800.797554830213,85380,0.00980192938891204,0.7474712262062859,0.837361387022488,6,0
odds_50_500_score>=0.6_expected>=1000_top10_by_direct_expected_return,13162,104028,7.903662057438079,10402800,8710530,-1692270,0.8373255277425309,0.8291181220440651,1226,0.011785288576152575,0.09314693815529555,0.6695111759253112,0.6000030084261291,72.24136290229553,71.1,4800.797554830213,85380,0.00980192938891204,0.7474712262062859,0.837361387022488,6,0
odds_50_500_score>=0.6_expected>=1500_top10_by_direct_expected_return,13162,104028,7.903662057438079,10402800,8710530,-1692270,0.8373255277425309,0.8291181220440651,1226,0.011785288576152575,0.09314693815529555,0.6695111759253112,0.6000030084261291,72.24136290229553,71.1,4800.797554830213,85380,0.00980192938891204,0.7474712262062859,0.837361387022488,6,0
odds_50_500_score>=0.6_expected>=2000_top10_by_direct_expected_return,13162,104028,7.903662057438079,10402800,8710530,-1692270,0.8373255277425309,0.8291181220440651,1226,0.011785288576152575,0.09314693815529555,0.6695111759253112,0.6000030084261291,72.24136290229553,71.1,4800.797554830213,85380,0.00980192938891204,0.7474712262062859,0.837361387022488,6,0
odds_50_500_score>=0.6_expected>=3000_top10_by_direct_expected_return,13162,104028,7.903662057438079,10402800,8710530,-1692270,0.8373255277425309,0.8291181220440651,1226,0.011785288576152575,0.09314693815529555,0.6695111759253112,0.6000030084261291,72.24136290229553,71.1,4800.797554830213,85380,0.00980192938891204,0.7474712262062859,0.837361387022488,6,0
odds_50_1000_score>=0.6_expected>=0_top10_by_direct_expected_return,13162,104028,7.903662057438079,10402800,8710530,-1692270,0.8373255277425309,0.8291181220440651,1226,0.011785288576152575,0.09314693815529555,0.6695111759253112,0.6000030084261291,72.24136290229553,71.1,4800.797554830213,85380,0.00980192938891204,0.7474712262062859,0.837361387022488,6,0
odds_50_1000_score>=0.6_expected>=500_top10_by_direct_expected_return,13162,104028,7.903662057438079,10402800,8710530,-1692270,0.8373255277425309,0.8291181220440651,1226,0.011785288576152575,0.09314693815529555,0.6695111759253112,0.6000030084261291,72.24136290229553,71.1,4800.797554830213,85380,0.00980192938891204,0.7474712262062859,0.837361387022488,6,0
odds_50_1000_score>=0.6_expected>=1000_top10_by_direct_expected_return,13162,104028,7.903662057438079,10402800,8710530,-1692270,0.8373255277425309,0.8291181220440651,1226,0.011785288576152575,0.09314693815529555,0.6695111759253112,0.6000030084261291,72.24136290229553,71.1,4800.797554830213,85380,0.00980192938891204,0.7474712262062859,0.837361387022488,6,0
odds_50_1000_score>=0.6_expected>=1500_top10_by_direct_expected_return,13162,104028,7.903662057438079,10402800,8710530,-1692270,0.8373255277425309,0.8291181220440651,1226,0.011785288576152575,0.09314693815529555,0.6695111759253112,0.6000030084261291,72.24136290229553,71.1,4800.797554830213,85380,0.00980192938891204,0.7474712262062859,0.837361387022488,6,0
odds_50_1000_score>=0.6_expected>=2000_top10_by_direct_expected_return,13162,104028,7.903662057438079,10402800,8710530,-1692270,0.8373255277425309,0.8291181220440651,1226,0.011785288576152575,0.09314693815529555,0.6695111759253112,0.6000030084261291,72.24136290229553,71.1,4800.797554830213,85380,0.00980192938891204,0.7474712262062859,0.837361387022488,6,0
odds_50_1000_score>=0.6_expected>=3000_top10_by_direct_expected_return,13162,104028,7.903662057438079,10402800,8710530,-1692270,0.8373255277425309,0.8291181220440651,1226,0.011785288576152575,0.09314693815529555,0.6695111759253112,0.6000030084261291,72.24136290229553,71.1,4800.797554830213,85380,0.00980192938891204,0.7474712262062859,0.837361387022488,6,0
odds_50plus_score>=0.6_expected>=0_top10_by_direct_expected_return,13162,104028,7.903662057438079,10402800,8710530,-1692270,0.8373255277425309,0.8291181220440651,1226,0.011785288576152575,0.09314693815529555,0.6695111759253112,0.6000030084261291,72.24136290229553,71.1,4800.797554830213,85380,0.00980192938891204,0.7474712262062859,0.837361387022488,6,0
odds_50plus_score>=0.6_expected>=500_top10_by_direct_expected_return,13162,104028,7.903662057438079,10402800,8710530,-1692270,0.8373255277425309,0.8291181220440651,1226,0.011785288576152575,0.09314693815529555,0.6695111759253112,0.6000030084261291,72.24136290229553,71.1,4800.797554830213,85380,0.00980192938891204,0.7474712262062859,0.837361387022488,6,0
odds_50plus_score>=0.6_expected>=1000_top10_by_direct_expected_return,13162,104028,7.903662057438079,10402800,8710530,-1692270,0.8373255277425309,0.8291181220440651,1226,0.011785288576152575,0.09314693815529555,0.6695111759253112,0.6000030084261291,72.24136290229553,71.1,4800.797554830213,85380,0.00980192938891204,0.7474712262062859,0.837361387022488,6,0
odds_50plus_score>=0.6_expected>=1500_top10_by_direct_expected_return,13162,104028,7.903662057438079,10402800,8710530,-1692270,0.8373255277425309,0.8291181220440651,1226,0.011785288576152575,0.09314693815529555,0.6695111759253112,0.6000030084261291,72.24136290229553,71.1,4800.797554830213,85380,0.00980192938891204,0.7474712262062859,0.837361387022488,6,0
odds_50plus_score>=0.6_expected>=2000_top10_by_direct_expected_return,13162,104028,7.903662057438079,10402800,8710530,-1692270,0.8373255277425309,0.8291181220440651,1226,0.011785288576152575,0.09314693815529555,0.6695111759253112,0.6000030084261291,72.24136290229553,71.1,4800.797554830213,85380,0.00980192938891204,0.7474712262062859,0.837361387022488,6,0
odds_50plus_score>=0.6_expected>=3000_top10_by_direct_expected_return,13162,104028,7.903662057438079,10402800,8710530,-1692270,0.8373255277425309,0.8291181220440651,1226,0.011785288576152575,0.09314693815529555,0.6695111759253112,0.6000030084261291,72.24136290229553,71.1,4800.797554830213,85380,0.00980192938891204,0.7474712262062859,0.837361387022488,6,0
odds_50_500_score>=0.6_expected>=0_top2_by_direct_ticket_score,13162,26013,1.976371372131895,2601300,2164550,-436750,0.8321031791796409,0.8287125667935263,375,0.014415868988582633,0.028491110773438688,0.7281131621018061,0.6000257716914846,58.76971129819705,56.8,4266.872281549543,8820,0.004074749948026149,0.6102625820568928,0.830995143642188,6,1
odds_50_500_score>=0.6_expected>=500_top2_by_direct_ticket_score,13162,26013,1.976371372131895,2601300,2164550,-436750,0.8321031791796409,0.8287125667935263,375,0.014415868988582633,0.028491110773438688,0.7281131621018061,0.6000257716914846,58.76971129819705,56.8,4266.872281549543,8820,0.004074749948026149,0.6102625820568928,0.830995143642188,6,1
odds_50_500_score>=0.6_expected>=1000_top2_by_direct_ticket_score,13162,26013,1.976371372131895,2601300,2164550,-436750,0.8321031791796409,0.8287125667935263,375,0.014415868988582633,0.028491110773438688,0.7281131621018061,0.6000257716914846,58.76971129819705,56.8,4266.872281549543,8820,0.004074749948026149,0.6102625820568928,0.830995143642188,6,1
odds_50_500_score>=0.6_expected>=1500_top2_by_direct_ticket_score,13162,26013,1.976371372131895,2601300,2164550,-436750,0.8321031791796409,0.8287125667935263,375,0.014415868988582633,0.028491110773438688,0.7281131621018061,0.6000257716914846,58.76971129819705,56.8,4266.872281549543,8820,0.004074749948026149,0.6102625820568928,0.830995143642188,6,1
odds_50_500_score>=0.6_expected>=2000_top2_by_direct_ticket_score,13162,26013,1.976371372131895,2601300,2164550,-436750,0.8321031791796409,0.8287125667935263,375,0.014415868988582633,0.028491110773438688,0.7281131621018061,0.6000257716914846,58.76971129819705,56.8,4266.872281549543,8820,0.004074749948026149,0.6102625820568928,0.830995143642188,6,1
odds_50_500_score>=0.6_expected>=3000_top2_by_direct_ticket_score,13162,26013,1.976371372131895,2601300,2164550,-436750,0.8321031791796409,0.8287125667935263,375,0.014415868988582633,0.028491110773438688,0.7281131621018061,0.6000257716914846,58.76971129819705,56.8,4266.872281549543,8820,0.004074749948026149,0.6102625820568928,0.830995143642188,6,1
odds_50_1000_score>=0.6_expected>=0_top2_by_direct_ticket_score,13162,26013,1.976371372131895,2601300,2164550,-436750,0.8321031791796409,0.8287125667935263,375,0.014415868988582633,0.028491110773438688,0.7281131621018061,0.6000257716914846,58.76971129819705,56.8,4266.872281549543,8820,0.004074749948026149,0.6102625820568928,0.830995143642188,6,1
odds_50_1000_score>=0.6_expected>=500_top2_by_direct_ticket_score,13162,26013,1.976371372131895,2601300,2164550,-436750,0.8321031791796409,0.8287125667935263,375,0.014415868988582633,0.028491110773438688,0.7281131621018061,0.6000257716914846,58.76971129819705,56.8,4266.872281549543,8820,0.004074749948026149,0.6102625820568928,0.830995143642188,6,1
odds_50_1000_score>=0.6_expected>=1000_top2_by_direct_ticket_score,13162,26013,1.976371372131895,2601300,2164550,-436750,0.8321031791796409,0.8287125667935263,375,0.014415868988582633,0.028491110773438688,0.7281131621018061,0.6000257716914846,58.76971129819705,56.8,4266.872281549543,8820,0.004074749948026149,0.6102625820568928,0.830995143642188,6,1
odds_50_1000_score>=0.6_expected>=1500_top2_by_direct_ticket_score,13162,26013,1.976371372131895,2601300,2164550,-436750,0.8321031791796409,0.8287125667935263,375,0.014415868988582633,0.028491110773438688,0.7281131621018061,0.6000257716914846,58.76971129819705,56.8,4266.872281549543,8820,0.004074749948026149,0.6102625820568928,0.830995143642188,6,1
odds_50_1000_score>=0.6_expected>=2000_top2_by_direct_ticket_score,13162,26013,1.976371372131895,2601300,2164550,-436750,0.8321031791796409,0.8287125667935263,375,0.014415868988582633,0.028491110773438688,0.7281131621018061,0.6000257716914846,58.76971129819705,56.8,4266.872281549543,8820,0.004074749948026149,0.6102625820568928,0.830995143642188,6,1
odds_50_1000_score>=0.6_expected>=3000_top2_by_direct_ticket_score,13162,26013,1.976371372131895,2601300,2164550,-436750,0.8321031791796409,0.8287125667935263,375,0.014415868988582633,0.028491110773438688,0.7281131621018061,0.6000257716914846,58.76971129819705,56.8,4266.872281549543,8820,0.004074749948026149,0.6102625820568928,0.830995143642188,6,1
odds_50plus_score>=0.6_expected>=0_top2_by_direct_ticket_score,13162,26013,1.976371372131895,2601300,2164550,-436750,0.8321031791796409,0.8287125667935263,375,0.014415868988582633,0.028491110773438688,0.7281131621018061,0.6000257716914846,58.76971129819705,56.8,4266.872281549543,8820,0.004074749948026149,0.6102625820568928,0.830995143642188,6,1
odds_50plus_score>=0.6_expected>=500_top2_by_direct_ticket_score,13162,26013,1.976371372131895,2601300,2164550,-436750,0.8321031791796409,0.8287125667935263,375,0.014415868988582633,0.028491110773438688,0.7281131621018061,0.6000257716914846,58.76971129819705,56.8,4266.872281549543,8820,0.004074749948026149,0.6102625820568928,0.830995143642188,6,1
odds_50plus_score>=0.6_expected>=1000_top2_by_direct_ticket_score,13162,26013,1.976371372131895,2601300,2164550,-436750,0.8321031791796409,0.8287125667935263,375,0.014415868988582633,0.028491110773438688,0.7281131621018061,0.6000257716914846,58.76971129819705,56.8,4266.872281549543,8820,0.004074749948026149,0.6102625820568928,0.830995143642188,6,1
odds_50plus_score>=0.6_expected>=1500_top2_by_direct_ticket_score,13162,26013,1.976371372131895,2601300,2164550,-436750,0.8321031791796409,0.8287125667935263,375,0.014415868988582633,0.028491110773438688,0.7281131621018061,0.6000257716914846,58.76971129819705,56.8,4266.872281549543,8820,0.004074749948026149,0.6102625820568928,0.830995143642188,6,1
odds_50plus_score>=0.6_expected>=2000_top2_by_direct_ticket_score,13162,26013,1.976371372131895,2601300,2164550,-436750,0.8321031791796409,0.8287125667935263,375,0.014415868988582633,0.028491110773438688,0.7281131621018061,0.6000257716914846,58.76971129819705,56.8,4266.872281549543,8820,0.004074749948026149,0.6102625820568928,0.830995143642188,6,1
odds_50plus_score>=0.6_expected>=3000_top2_by_direct_ticket_score,13162,26013,1.976371372131895,2601300,2164550,-436750,0.8321031791796409,0.8287125667935263,375,0.014415868988582633,0.028491110773438688,0.7281131621018061,0.6000257716914846,58.76971129819705,56.8,4266.872281549543,8820,0.004074749948026149,0.6102625820568928,0.830995143642188,6,1
odds_30_500_score>=0.5_expected>=3000_top3_by_direct_ticket_score,13294,39775,2.991951256205807,3977500,3304520,-672980,0.8308032683846638,0.8285380263984915,715,0.017976115650534256,0.053783661802316834,0.7626367837728969,0.5006519075427881,47.69439094908862,45.2,3606.77149024865,9010,0.0027265684577487802,0.7459432048681541,0.8292348218791356,6,0
odds_30plus_score>=0.5_expected>=3000_top3_by_direct_ticket_score,13294,39775,2.991951256205807,3977500,3304520,-672980,0.8308032683846638,0.8285380263984915,715,0.017976115650534256,0.053783661802316834,0.7626367837728969,0.5006519075427881,47.69439094908862,45.2,3606.77149024865,9010,0.0027265684577487802,0.7459432048681541,0.8292348218791356,6,0
odds_30_500_score>=0.7_expected>=0_top5_by_direct_ticket_score,13216,62107,4.699379539951574,6210700,5146240,-1064460,0.8286086914518492,0.8272980501392758,1309,0.021076529215708375,0.09904661016949153,0.7897597666124705,0.7000141376845246,40.53148920411548,38.7,3180.0422325699074,8140,0.0015817373461012312,0.7753117206982544,0.8276907301948397,6,0
odds_30_500_score>=0.7_expected>=500_top5_by_direct_ticket_score,13216,62107,4.699379539951574,6210700,5146240,-1064460,0.8286086914518492,0.8272980501392758,1309,0.021076529215708375,0.09904661016949153,0.7897597666124705,0.7000141376845246,40.53148920411548,38.7,3180.0422325699074,8140,0.0015817373461012312,0.7753117206982544,0.8276907301948397,6,0
odds_30_500_score>=0.7_expected>=1000_top5_by_direct_ticket_score,13216,62107,4.699379539951574,6210700,5146240,-1064460,0.8286086914518492,0.8272980501392758,1309,0.021076529215708375,0.09904661016949153,0.7897597666124705,0.7000141376845246,40.53148920411548,38.7,3180.0422325699074,8140,0.0015817373461012312,0.7753117206982544,0.8276907301948397,6,0
odds_30_500_score>=0.7_expected>=1500_top5_by_direct_ticket_score,13216,62107,4.699379539951574,6210700,5146240,-1064460,0.8286086914518492,0.8272980501392758,1309,0.021076529215708375,0.09904661016949153,0.7897597666124705,0.7000141376845246,40.53148920411548,38.7,3180.0422325699074,8140,0.0015817373461012312,0.7753117206982544,0.8276907301948397,6,0
odds_30_500_score>=0.7_expected>=2000_top5_by_direct_ticket_score,13216,62107,4.699379539951574,6210700,5146240,-1064460,0.8286086914518492,0.8272980501392758,1309,0.021076529215708375,0.09904661016949153,0.7897597666124705,0.7000141376845246,40.53148920411548,38.7,3180.0422325699074,8140,0.0015817373461012312,0.7753117206982544,0.8276907301948397,6,0
odds_30plus_score>=0.7_expected>=0_top5_by_direct_ticket_score,13216,62107,4.699379539951574,6210700,5146240,-1064460,0.8286086914518492,0.8272980501392758,1309,0.021076529215708375,0.09904661016949153,0.7897597666124705,0.7000141376845246,40.53148920411548,38.7,3180.0422325699074,8140,0.0015817373461012312,0.7753117206982544,0.8276907301948397,6,0
odds_30plus_score>=0.7_expected>=500_top5_by_direct_ticket_score,13216,62107,4.699379539951574,6210700,5146240,-1064460,0.8286086914518492,0.8272980501392758,1309,0.021076529215708375,0.09904661016949153,0.7897597666124705,0.7000141376845246,40.53148920411548,38.7,3180.0422325699074,8140,0.0015817373461012312,0.7753117206982544,0.8276907301948397,6,0
odds_30plus_score>=0.7_expected>=1000_top5_by_direct_ticket_score,13216,62107,4.699379539951574,6210700,5146240,-1064460,0.8286086914518492,0.8272980501392758,1309,0.021076529215708375,0.09904661016949153,0.7897597666124705,0.7000141376845246,40.53148920411548,38.7,3180.0422325699074,8140,0.0015817373461012312,0.7753117206982544,0.8276907301948397,6,0
odds_30plus_score>=0.7_expected>=1500_top5_by_direct_ticket_score,13216,62107,4.699379539951574,6210700,5146240,-1064460,0.8286086914518492,0.8272980501392758,1309,0.021076529215708375,0.09904661016949153,0.7897597666124705,0.7000141376845246,40.53148920411548,38.7,3180.0422325699074,8140,0.0015817373461012312,0.7753117206982544,0.8276907301948397,6,0
odds_30plus_score>=0.7_expected>=2000_top5_by_direct_ticket_score,13216,62107,4.699379539951574,6210700,5146240,-1064460,0.8286086914518492,0.8272980501392758,1309,0.021076529215708375,0.09904661016949153,0.7897597666124705,0.7000141376845246,40.53148920411548,38.7,3180.0422325699074,8140,0.0015817373461012312,0.7753117206982544,0.8276907301948397,6,0
odds_50_500_score>=0.5_expected>=3000_top10_by_direct_expected_return,13288,121767,9.163681517158338,12176700,10181270,-1995430,0.8361271937388619,0.827077943942119,1176,0.009657789056148218,0.0885009030704395,0.6053912258928853,0.5000000026788737,88.82680282835251,87.7,5275.936172979445,110190,0.010822814835477304,0.7804691371620506,0.835499000925199,6,0
odds_50_1000_score>=0.5_expected>=3000_top10_by_direct_expected_return,13288,121767,9.163681517158338,12176700,10181270,-1995430,0.8361271937388619,0.827077943942119,1176,0.009657789056148218,0.0885009030704395,0.6053912258928853,0.5000000026788737,88.82680282835251,87.7,5275.936172979445,110190,0.010822814835477304,0.7804691371620506,0.835499000925199,6,0
odds_50plus_score>=0.5_expected>=3000_top10_by_direct_expected_return,13288,121767,9.163681517158338,12176700,10181270,-1995430,0.8361271937388619,0.827077943942119,1176,0.009657789056148218,0.0885009030704395,0.6053892765322693,0.5000000026788737,88.84425172665829,87.7,5276.802102709615,110190,0.010822814835477304,0.7804691371620506,0.835499000925199,6,0
odds_30_500_score>=0.5_expected>=2000_top10_by_direct_expected_return,13305,130153,9.782262307403231,13015300,10868290,-2147010,0.8350395303988383,0.8265733406068243,1343,0.010318625002881224,0.10093949642991357,0.614775482013016,0.5000000026788737,85.76071623397078,85.9,5134.722931116122,110190,0.010138669468702068,0.7781095041322315,0.834490910999312,6,0
odds_30plus_score>=0.5_expected>=2000_top10_by_direct_expected_return,13305,130153,9.782262307403231,13015300,10868290,-2147010,0.8350395303988383,0.8265733406068243,1343,0.010318625002881224,0.10093949642991357,0.6147736582533322,0.5000000026788737,85.77704086728696,85.9,5135.5330673823155,110190,0.010138669468702068,0.7781095041322315,0.834490910999312,6,0
odds_30_500_score>=0.7_expected>=3000_top5_by_direct_ticket_score,12822,54840,4.277023865231633,5484000,4540810,-943190,0.8280105762217359,0.8264788475565281,965,0.017596644784828593,0.07526126969271564,0.7640732366059777,0.7000095217138618,48.2578227571116,46.4,3670.8418242133257,8400,0.0018498902178245731,0.7705535780041733,0.8267757425710656,6,0
odds_30plus_score>=0.7_expected>=3000_top5_by_direct_ticket_score,12822,54840,4.277023865231633,5484000,4540810,-943190,0.8280105762217359,0.8264788475565281,965,0.017596644784828593,0.07526126969271564,0.7640732366059777,0.7000095217138618,48.2578227571116,46.4,3670.8418242133257,8400,0.0018498902178245731,0.7705535780041733,0.8267757425710656,6,0
odds_30_500_score>=0.5_expected>=0_top10_by_direct_expected_return,13305,130173,9.783765501691093,13017300,10868290,-2149010,0.8349112335123259,0.8264463444800381,1343,0.010317039631874506,0.10093949642991357,0.6147672505618529,0.5000000026788737,85.7526652992556,85.9,5134.221059659,110190,0.010138669468702068,0.7780291292221878,0.8343654004874302,6,0
odds_30_500_score>=0.5_expected>=500_top10_by_direct_expected_return,13305,130173,9.783765501691093,13017300,10868290,-2149010,0.8349112335123259,0.8264463444800381,1343,0.010317039631874506,0.10093949642991357,0.6147672505618529,0.5000000026788737,85.7526652992556,85.9,5134.221059659,110190,0.010138669468702068,0.7780291292221878,0.8343654004874302,6,0
odds_30_500_score>=0.5_expected>=1000_top10_by_direct_expected_return,13305,130173,9.783765501691093,13017300,10868290,-2149010,0.8349112335123259,0.8264463444800381,1343,0.010317039631874506,0.10093949642991357,0.6147672505618529,0.5000000026788737,85.7526652992556,85.9,5134.221059659,110190,0.010138669468702068,0.7780291292221878,0.8343654004874302,6,0
odds_30_500_score>=0.5_expected>=1500_top10_by_direct_expected_return,13305,130173,9.783765501691093,13017300,10868290,-2149010,0.8349112335123259,0.8264463444800381,1343,0.010317039631874506,0.10093949642991357,0.6147672505618529,0.5000000026788737,85.7526652992556,85.9,5134.221059659,110190,0.010138669468702068,0.7780291292221878,0.8343654004874302,6,0
odds_30plus_score>=0.5_expected>=0_top10_by_direct_expected_return,13305,130173,9.783765501691093,13017300,10868290,-2149010,0.8349112335123259,0.8264463444800381,1343,0.010317039631874506,0.10093949642991357,0.6147654270823744,0.5000000026788737,85.76898742442748,85.9,5135.031071454486,110190,0.010138669468702068,0.7780291292221878,0.8343654004874302,6,0
odds_30plus_score>=0.5_expected>=500_top10_by_direct_expected_return,13305,130173,9.783765501691093,13017300,10868290,-2149010,0.8349112335123259,0.8264463444800381,1343,0.010317039631874506,0.10093949642991357,0.6147654270823744,0.5000000026788737,85.76898742442748,85.9,5135.031071454486,110190,0.010138669468702068,0.7780291292221878,0.8343654004874302,6,0
odds_30plus_score>=0.5_expected>=1000_top10_by_direct_expected_return,13305,130173,9.783765501691093,13017300,10868290,-2149010,0.8349112335123259,0.8264463444800381,1343,0.010317039631874506,0.10093949642991357,0.6147654270823744,0.5000000026788737,85.76898742442748,85.9,5135.031071454486,110190,0.010138669468702068,0.7780291292221878,0.8343654004874302,6,0
odds_30plus_score>=0.5_expected>=1500_top10_by_direct_expected_return,13305,130173,9.783765501691093,13017300,10868290,-2149010,0.8349112335123259,0.8264463444800381,1343,0.010317039631874506,0.10093949642991357,0.6147654270823744,0.5000000026788737,85.76898742442748,85.9,5135.031071454486,110190,0.010138669468702068,0.7780291292221878,0.8343654004874302,6,0
odds_50_500_score>=0.5_expected>=0_top10_by_direct_expected_return,13295,121986,9.175329071079354,12198600,10191470,-2007130,0.8354622661616907,0.8264292623743709,1178,0.009656845867558573,0.08860473862354269,0.6052662176363895,0.5000000026788737,88.76294656763892,87.6,5271.580893293029,110190,0.010811982962222329,0.7819041336851363,0.8348968469186663,6,0
odds_50_500_score>=0.5_expected>=500_top10_by_direct_expected_return,13295,121986,9.175329071079354,12198600,10191470,-2007130,0.8354622661616907,0.8264292623743709,1178,0.009656845867558573,0.08860473862354269,0.6052662176363895,0.5000000026788737,88.76294656763892,87.6,5271.580893293029,110190,0.010811982962222329,0.7819041336851363,0.8348968469186663,6,0
odds_50_500_score>=0.5_expected>=1000_top10_by_direct_expected_return,13295,121986,9.175329071079354,12198600,10191470,-2007130,0.8354622661616907,0.8264292623743709,1178,0.009656845867558573,0.08860473862354269,0.6052662176363895,0.5000000026788737,88.76294656763892,87.6,5271.580893293029,110190,0.010811982962222329,0.7819041336851363,0.8348968469186663,6,0
odds_50_500_score>=0.5_expected>=1500_top10_by_direct_expected_return,13295,121986,9.175329071079354,12198600,10191470,-2007130,0.8354622661616907,0.8264292623743709,1178,0.009656845867558573,0.08860473862354269,0.6052662176363895,0.5000000026788737,88.76294656763892,87.6,5271.580893293029,110190,0.010811982962222329,0.7819041336851363,0.8348968469186663,6,0
odds_50_500_score>=0.5_expected>=2000_top10_by_direct_expected_return,13295,121986,9.175329071079354,12198600,10191470,-2007130,0.8354622661616907,0.8264292623743709,1178,0.009656845867558573,0.08860473862354269,0.6052662176363895,0.5000000026788737,88.76294656763892,87.6,5271.580893293029,110190,0.010811982962222329,0.7819041336851363,0.8348968469186663,6,0
odds_50_1000_score>=0.5_expected>=0_top10_by_direct_expected_return,13295,121986,9.175329071079354,12198600,10191470,-2007130,0.8354622661616907,0.8264292623743709,1178,0.009656845867558573,0.08860473862354269,0.6052662176363895,0.5000000026788737,88.76294656763892,87.6,5271.580893293029,110190,0.010811982962222329,0.7819041336851363,0.8348968469186663,6,0
odds_50_1000_score>=0.5_expected>=500_top10_by_direct_expected_return,13295,121986,9.175329071079354,12198600,10191470,-2007130,0.8354622661616907,0.8264292623743709,1178,0.009656845867558573,0.08860473862354269,0.6052662176363895,0.5000000026788737,88.76294656763892,87.6,5271.580893293029,110190,0.010811982962222329,0.7819041336851363,0.8348968469186663,6,0
odds_50_1000_score>=0.5_expected>=1000_top10_by_direct_expected_return,13295,121986,9.175329071079354,12198600,10191470,-2007130,0.8354622661616907,0.8264292623743709,1178,0.009656845867558573,0.08860473862354269,0.6052662176363895,0.5000000026788737,88.76294656763892,87.6,5271.580893293029,110190,0.010811982962222329,0.7819041336851363,0.8348968469186663,6,0
odds_50_1000_score>=0.5_expected>=1500_top10_by_direct_expected_return,13295,121986,9.175329071079354,12198600,10191470,-2007130,0.8354622661616907,0.8264292623743709,1178,0.009656845867558573,0.08860473862354269,0.6052662176363895,0.5000000026788737,88.76294656763892,87.6,5271.580893293029,110190,0.010811982962222329,0.7819041336851363,0.8348968469186663,6,0
odds_50_1000_score>=0.5_expected>=2000_top10_by_direct_expected_return,13295,121986,9.175329071079354,12198600,10191470,-2007130,0.8354622661616907,0.8264292623743709,1178,0.009656845867558573,0.08860473862354269,0.6052662176363895,0.5000000026788737,88.76294656763892,87.6,5271.580893293029,110190,0.010811982962222329,0.7819041336851363,0.8348968469186663,6,0
odds_50plus_score>=0.5_expected>=0_top10_by_direct_expected_return,13295,121986,9.175329071079354,12198600,10191470,-2007130,0.8354622661616907,0.8264292623743709,1178,0.009656845867558573,0.08860473862354269,0.6052642717754371,0.5000000026788737,88.78036414014723,87.6,5272.445268429962,110190,0.010811982962222329,0.7819041336851363,0.8348968469186663,6,0
odds_50plus_score>=0.5_expected>=500_top10_by_direct_expected_return,13295,121986,9.175329071079354,12198600,10191470,-2007130,0.8354622661616907,0.8264292623743709,1178,0.009656845867558573,0.08860473862354269,0.6052642717754371,0.5000000026788737,88.78036414014723,87.6,5272.445268429962,110190,0.010811982962222329,0.7819041336851363,0.8348968469186663,6,0
odds_50plus_score>=0.5_expected>=1000_top10_by_direct_expected_return,13295,121986,9.175329071079354,12198600,10191470,-2007130,0.8354622661616907,0.8264292623743709,1178,0.009656845867558573,0.08860473862354269,0.6052642717754371,0.5000000026788737,88.78036414014723,87.6,5272.445268429962,110190,0.010811982962222329,0.7819041336851363,0.8348968469186663,6,0
odds_50plus_score>=0.5_expected>=1500_top10_by_direct_expected_return,13295,121986,9.175329071079354,12198600,10191470,-2007130,0.8354622661616907,0.8264292623743709,1178,0.009656845867558573,0.08860473862354269,0.6052642717754371,0.5000000026788737,88.78036414014723,87.6,5272.445268429962,110190,0.010811982962222329,0.7819041336851363,0.8348968469186663,6,0
odds_50plus_score>=0.5_expected>=2000_top10_by_direct_expected_return,13295,121986,9.175329071079354,12198600,10191470,-2007130,0.8354622661616907,0.8264292623743709,1178,0.009656845867558573,0.08860473862354269,0.6052642717754371,0.5000000026788737,88.78036414014723,87.6,5272.445268429962,110190,0.010811982962222329,0.7819041336851363,0.8348968469186663,6,0
odds_30_500_score>=0.7_expected>=3000_top10_by_direct_expected_return,12822,79809,6.224379971923257,7980900,6594910,-1385990,0.8263366287010236,0.8251751055645353,1301,0.016301419639389043,0.10146622991732959,0.748673252244964,0.7000033015822704,52.1937012116428,50.6,3887.9296051962283,9270,0.0014056294930484268,0.7460816384582563,0.8271313719031358,6,0
odds_30plus_score>=0.7_expected>=3000_top10_by_direct_expected_return,12822,79809,6.224379971923257,7980900,6594910,-1385990,0.8263366287010236,0.8251751055645353,1301,0.016301419639389043,0.10146622991732959,0.748673252244964,0.7000033015822704,52.1937012116428,50.6,3887.9296051962283,9270,0.0014056294930484268,0.7460816384582563,0.8271313719031358,6,0
odds_30_500_score>=0.6_expected>=2000_top10_by_direct_expected_return,13294,125287,9.424326763953664,12528700,10406780,-2121920,0.8306352614397343,0.8238205081133717,1643,0.013113890507395021,0.12358958928840079,0.6848134629168738,0.6000030084261291,67.00247751163329,67.1,4517.368112993696,85380,0.008204266833737237,0.7557172177879133,0.8309054582656015,6,0
odds_30plus_score>=0.6_expected>=2000_top10_by_direct_expected_return,13294,125287,9.424326763953664,12528700,10406780,-2121920,0.8306352614397343,0.8238205081133717,1643,0.013113890507395021,0.12358958928840079,0.6848134629168738,0.6000030084261291,67.00247751163329,67.1,4517.368112993696,85380,0.008204266833737237,0.7557172177879133,0.8309054582656015,6,0
odds_30_500_score>=0.6_expected>=0_top10_by_direct_expected_return,13295,125299,9.424520496427228,12529900,10406780,-2123120,0.8305557107399101,0.8237416100687156,1643,0.01311263457808921,0.12358029334336217,0.6848068038788883,0.6000030084261291,66.9990853877525,67.1,4517.121578447792,85380,0.008204266833737237,0.7556482874994299,0.8308271741975654,6,0
odds_30_500_score>=0.6_expected>=500_top10_by_direct_expected_return,13295,125299,9.424520496427228,12529900,10406780,-2123120,0.8305557107399101,0.8237416100687156,1643,0.01311263457808921,0.12358029334336217,0.6848068038788883,0.6000030084261291,66.9990853877525,67.1,4517.121578447792,85380,0.008204266833737237,0.7556482874994299,0.8308271741975654,6,0
odds_30_500_score>=0.6_expected>=1000_top10_by_direct_expected_return,13295,125299,9.424520496427228,12529900,10406780,-2123120,0.8305557107399101,0.8237416100687156,1643,0.01311263457808921,0.12358029334336217,0.6848068038788883,0.6000030084261291,66.9990853877525,67.1,4517.121578447792,85380,0.008204266833737237,0.7556482874994299,0.8308271741975654,6,0
odds_30_500_score>=0.6_expected>=1500_top10_by_direct_expected_return,13295,125299,9.424520496427228,12529900,10406780,-2123120,0.8305557107399101,0.8237416100687156,1643,0.01311263457808921,0.12358029334336217,0.6848068038788883,0.6000030084261291,66.9990853877525,67.1,4517.121578447792,85380,0.008204266833737237,0.7556482874994299,0.8308271741975654,6,0
odds_30plus_score>=0.6_expected>=0_top10_by_direct_expected_return,13295,125299,9.424520496427228,12529900,10406780,-2123120,0.8305557107399101,0.8237416100687156,1643,0.01311263457808921,0.12358029334336217,0.6848068038788883,0.6000030084261291,66.9990853877525,67.1,4517.121578447792,85380,0.008204266833737237,0.7556482874994299,0.8308271741975654,6,0
odds_30plus_score>=0.6_expected>=500_top10_by_direct_expected_return,13295,125299,9.424520496427228,12529900,10406780,-2123120,0.8305557107399101,0.8237416100687156,1643,0.01311263457808921,0.12358029334336217,0.6848068038788883,0.6000030084261291,66.9990853877525,67.1,4517.121578447792,85380,0.008204266833737237,0.7556482874994299,0.8308271741975654,6,0
odds_30plus_score>=0.6_expected>=1000_top10_by_direct_expected_return,13295,125299,9.424520496427228,12529900,10406780,-2123120,0.8305557107399101,0.8237416100687156,1643,0.01311263457808921,0.12358029334336217,0.6848068038788883,0.6000030084261291,66.9990853877525,67.1,4517.121578447792,85380,0.008204266833737237,0.7556482874994299,0.8308271741975654,6,0
odds_30plus_score>=0.6_expected>=1500_top10_by_direct_expected_return,13295,125299,9.424520496427228,12529900,10406780,-2123120,0.8305557107399101,0.8237416100687156,1643,0.01311263457808921,0.12358029334336217,0.6848068038788883,0.6000030084261291,66.9990853877525,67.1,4517.121578447792,85380,0.008204266833737237,0.7556482874994299,0.8308271741975654,6,0
odds_50_500_score>=0.5_expected>=3000_top5_by_direct_ticket_score,13288,65100,4.899157134256472,6510000,5445550,-1064450,0.8364900153609831,0.8233748079877112,865,0.013287250384024578,0.06509632751354606,0.6982159852085946,0.5000567165479454,63.19717050691244,60.6,4379.311716828053,85380,0.01567885704841568,0.6215425065731814,0.8358190275966356,6,0
odds_50_1000_score>=0.5_expected>=3000_top5_by_direct_ticket_score,13288,65100,4.899157134256472,6510000,5445550,-1064450,0.8364900153609831,0.8233748079877112,865,0.013287250384024578,0.06509632751354606,0.6982159852085946,0.5000567165479454,63.19717050691244,60.6,4379.311716828053,85380,0.01567885704841568,0.6215425065731814,0.8358190275966356,6,0
odds_50plus_score>=0.5_expected>=3000_top5_by_direct_ticket_score,13288,65100,4.899157134256472,6510000,5445550,-1064450,0.8364900153609831,0.8233748079877112,865,0.013287250384024578,0.06509632751354606,0.6982159852085946,0.5000567165479454,63.19717050691244,60.6,4379.311716828053,85380,0.01567885704841568,0.6215425065731814,0.8358190275966356,6,0
odds_50_500_score>=0.5_expected>=0_top5_by_direct_ticket_score,13295,65170,4.9018427980443775,6517000,5450580,-1066420,0.8363633573730244,0.8232622372257173,866,0.013288322847936167,0.06513726965024445,0.6980500892293844,0.5000567165479454,63.17314715359828,60.6,4377.001245023437,85380,0.01566438801008333,0.62078081232493,0.8357971410408861,6,0
odds_50_500_score>=0.5_expected>=500_top5_by_direct_ticket_score,13295,65170,4.9018427980443775,6517000,5450580,-1066420,0.8363633573730244,0.8232622372257173,866,0.013288322847936167,0.06513726965024445,0.6980500892293844,0.5000567165479454,63.17314715359828,60.6,4377.001245023437,85380,0.01566438801008333,0.62078081232493,0.8357971410408861,6,0
odds_50_500_score>=0.5_expected>=1000_top5_by_direct_ticket_score,13295,65170,4.9018427980443775,6517000,5450580,-1066420,0.8363633573730244,0.8232622372257173,866,0.013288322847936167,0.06513726965024445,0.6980500892293844,0.5000567165479454,63.17314715359828,60.6,4377.001245023437,85380,0.01566438801008333,0.62078081232493,0.8357971410408861,6,0
odds_50_500_score>=0.5_expected>=1500_top5_by_direct_ticket_score,13295,65170,4.9018427980443775,6517000,5450580,-1066420,0.8363633573730244,0.8232622372257173,866,0.013288322847936167,0.06513726965024445,0.6980500892293844,0.5000567165479454,63.17314715359828,60.6,4377.001245023437,85380,0.01566438801008333,0.62078081232493,0.8357971410408861,6,0
odds_50_500_score>=0.5_expected>=2000_top5_by_direct_ticket_score,13295,65170,4.9018427980443775,6517000,5450580,-1066420,0.8363633573730244,0.8232622372257173,866,0.013288322847936167,0.06513726965024445,0.6980500892293844,0.5000567165479454,63.17314715359828,60.6,4377.001245023437,85380,0.01566438801008333,0.62078081232493,0.8357971410408861,6,0
odds_50_1000_score>=0.5_expected>=0_top5_by_direct_ticket_score,13295,65170,4.9018427980443775,6517000,5450580,-1066420,0.8363633573730244,0.8232622372257173,866,0.013288322847936167,0.06513726965024445,0.6980500892293844,0.5000567165479454,63.17314715359828,60.6,4377.001245023437,85380,0.01566438801008333,0.62078081232493,0.8357971410408861,6,0
odds_50_1000_score>=0.5_expected>=500_top5_by_direct_ticket_score,13295,65170,4.9018427980443775,6517000,5450580,-1066420,0.8363633573730244,0.8232622372257173,866,0.013288322847936167,0.06513726965024445,0.6980500892293844,0.5000567165479454,63.17314715359828,60.6,4377.001245023437,85380,0.01566438801008333,0.62078081232493,0.8357971410408861,6,0
odds_50_1000_score>=0.5_expected>=1000_top5_by_direct_ticket_score,13295,65170,4.9018427980443775,6517000,5450580,-1066420,0.8363633573730244,0.8232622372257173,866,0.013288322847936167,0.06513726965024445,0.6980500892293844,0.5000567165479454,63.17314715359828,60.6,4377.001245023437,85380,0.01566438801008333,0.62078081232493,0.8357971410408861,6,0
odds_50_1000_score>=0.5_expected>=1500_top5_by_direct_ticket_score,13295,65170,4.9018427980443775,6517000,5450580,-1066420,0.8363633573730244,0.8232622372257173,866,0.013288322847936167,0.06513726965024445,0.6980500892293844,0.5000567165479454,63.17314715359828,60.6,4377.001245023437,85380,0.01566438801008333,0.62078081232493,0.8357971410408861,6,0
odds_50_1000_score>=0.5_expected>=2000_top5_by_direct_ticket_score,13295,65170,4.9018427980443775,6517000,5450580,-1066420,0.8363633573730244,0.8232622372257173,866,0.013288322847936167,0.06513726965024445,0.6980500892293844,0.5000567165479454,63.17314715359828,60.6,4377.001245023437,85380,0.01566438801008333,0.62078081232493,0.8357971410408861,6,0
odds_50plus_score>=0.5_expected>=0_top5_by_direct_ticket_score,13295,65170,4.9018427980443775,6517000,5450580,-1066420,0.8363633573730244,0.8232622372257173,866,0.013288322847936167,0.06513726965024445,0.6980500892293844,0.5000567165479454,63.17314715359828,60.6,4377.001245023437,85380,0.01566438801008333,0.62078081232493,0.8357971410408861,6,0
odds_50plus_score>=0.5_expected>=500_top5_by_direct_ticket_score,13295,65170,4.9018427980443775,6517000,5450580,-1066420,0.8363633573730244,0.8232622372257173,866,0.013288322847936167,0.06513726965024445,0.6980500892293844,0.5000567165479454,63.17314715359828,60.6,4377.001245023437,85380,0.01566438801008333,0.62078081232493,0.8357971410408861,6,0
odds_50plus_score>=0.5_expected>=1000_top5_by_direct_ticket_score,13295,65170,4.9018427980443775,6517000,5450580,-1066420,0.8363633573730244,0.8232622372257173,866,0.013288322847936167,0.06513726965024445,0.6980500892293844,0.5000567165479454,63.17314715359828,60.6,4377.001245023437,85380,0.01566438801008333,0.62078081232493,0.8357971410408861,6,0
odds_50plus_score>=0.5_expected>=1500_top5_by_direct_ticket_score,13295,65170,4.9018427980443775,6517000,5450580,-1066420,0.8363633573730244,0.8232622372257173,866,0.013288322847936167,0.06513726965024445,0.6980500892293844,0.5000567165479454,63.17314715359828,60.6,4377.001245023437,85380,0.01566438801008333,0.62078081232493,0.8357971410408861,6,0
odds_50plus_score>=0.5_expected>=2000_top5_by_direct_ticket_score,13295,65170,4.9018427980443775,6517000,5450580,-1066420,0.8363633573730244,0.8232622372257173,866,0.013288322847936167,0.06513726965024445,0.6980500892293844,0.5000567165479454,63.17314715359828,60.6,4377.001245023437,85380,0.01566438801008333,0.62078081232493,0.8357971410408861,6,0
odds_30_500_score>=0.6_expected>=3000_top3_by_direct_ticket_score,13244,39295,2.9670039263062518,3929500,3243950,-685550,0.8255376002035882,0.8232574118844637,706,0.01796666242524494,0.05330715795832075,0.765071944343445,0.6000845689872152,47.39445476523731,45.1,3601.222536114288,8960,0.0027620647667195857,0.7437649880095923,0.8237472024258731,6,0
odds_30plus_score>=0.6_expected>=3000_top3_by_direct_ticket_score,13244,39295,2.9670039263062518,3929500,3243950,-685550,0.8255376002035882,0.8232574118844637,706,0.01796666242524494,0.05330715795832075,0.765071944343445,0.6000845689872152,47.39445476523731,45.1,3601.222536114288,8960,0.0027620647667195857,0.7437649880095923,0.8237472024258731,6,0
odds_50_500_score>=0.6_expected>=0_top5_by_direct_ticket_score,13162,61284,4.656131287038444,6128400,5122230,-1006170,0.835818484433131,0.8218866261993343,822,0.013412962600352457,0.0624525148153776,0.7066462484288323,0.6000257716914846,62.22852294236668,60.0,4376.583801480815,85380,0.01666852132762488,0.6146058014131648,0.8351131477363886,6,0
odds_50_500_score>=0.6_expected>=500_top5_by_direct_ticket_score,13162,61284,4.656131287038444,6128400,5122230,-1006170,0.835818484433131,0.8218866261993343,822,0.013412962600352457,0.0624525148153776,0.7066462484288323,0.6000257716914846,62.22852294236668,60.0,4376.583801480815,85380,0.01666852132762488,0.6146058014131648,0.8351131477363886,6,0
odds_50_500_score>=0.6_expected>=1000_top5_by_direct_ticket_score,13162,61284,4.656131287038444,6128400,5122230,-1006170,0.835818484433131,0.8218866261993343,822,0.013412962600352457,0.0624525148153776,0.7066462484288323,0.6000257716914846,62.22852294236668,60.0,4376.583801480815,85380,0.01666852132762488,0.6146058014131648,0.8351131477363886,6,0
odds_50_500_score>=0.6_expected>=1500_top5_by_direct_ticket_score,13162,61284,4.656131287038444,6128400,5122230,-1006170,0.835818484433131,0.8218866261993343,822,0.013412962600352457,0.0624525148153776,0.7066462484288323,0.6000257716914846,62.22852294236668,60.0,4376.583801480815,85380,0.01666852132762488,0.6146058014131648,0.8351131477363886,6,0
odds_50_500_score>=0.6_expected>=2000_top5_by_direct_ticket_score,13162,61284,4.656131287038444,6128400,5122230,-1006170,0.835818484433131,0.8218866261993343,822,0.013412962600352457,0.0624525148153776,0.7066462484288323,0.6000257716914846,62.22852294236668,60.0,4376.583801480815,85380,0.01666852132762488,0.6146058014131648,0.8351131477363886,6,0
odds_50_500_score>=0.6_expected>=3000_top5_by_direct_ticket_score,13162,61284,4.656131287038444,6128400,5122230,-1006170,0.835818484433131,0.8218866261993343,822,0.013412962600352457,0.0624525148153776,0.7066462484288323,0.6000257716914846,62.22852294236668,60.0,4376.583801480815,85380,0.01666852132762488,0.6146058014131648,0.8351131477363886,6,0
odds_50_1000_score>=0.6_expected>=0_top5_by_direct_ticket_score,13162,61284,4.656131287038444,6128400,5122230,-1006170,0.835818484433131,0.8218866261993343,822,0.013412962600352457,0.0624525148153776,0.7066462484288323,0.6000257716914846,62.22852294236668,60.0,4376.583801480815,85380,0.01666852132762488,0.6146058014131648,0.8351131477363886,6,0
odds_50_1000_score>=0.6_expected>=500_top5_by_direct_ticket_score,13162,61284,4.656131287038444,6128400,5122230,-1006170,0.835818484433131,0.8218866261993343,822,0.013412962600352457,0.0624525148153776,0.7066462484288323,0.6000257716914846,62.22852294236668,60.0,4376.583801480815,85380,0.01666852132762488,0.6146058014131648,0.8351131477363886,6,0
odds_50_1000_score>=0.6_expected>=1000_top5_by_direct_ticket_score,13162,61284,4.656131287038444,6128400,5122230,-1006170,0.835818484433131,0.8218866261993343,822,0.013412962600352457,0.0624525148153776,0.7066462484288323,0.6000257716914846,62.22852294236668,60.0,4376.583801480815,85380,0.01666852132762488,0.6146058014131648,0.8351131477363886,6,0
odds_50_1000_score>=0.6_expected>=1500_top5_by_direct_ticket_score,13162,61284,4.656131287038444,6128400,5122230,-1006170,0.835818484433131,0.8218866261993343,822,0.013412962600352457,0.0624525148153776,0.7066462484288323,0.6000257716914846,62.22852294236668,60.0,4376.583801480815,85380,0.01666852132762488,0.6146058014131648,0.8351131477363886,6,0
odds_50_1000_score>=0.6_expected>=2000_top5_by_direct_ticket_score,13162,61284,4.656131287038444,6128400,5122230,-1006170,0.835818484433131,0.8218866261993343,822,0.013412962600352457,0.0624525148153776,0.7066462484288323,0.6000257716914846,62.22852294236668,60.0,4376.583801480815,85380,0.01666852132762488,0.6146058014131648,0.8351131477363886,6,0
odds_50_1000_score>=0.6_expected>=3000_top5_by_direct_ticket_score,13162,61284,4.656131287038444,6128400,5122230,-1006170,0.835818484433131,0.8218866261993343,822,0.013412962600352457,0.0624525148153776,0.7066462484288323,0.6000257716914846,62.22852294236668,60.0,4376.583801480815,85380,0.01666852132762488,0.6146058014131648,0.8351131477363886,6,0
odds_50plus_score>=0.6_expected>=0_top5_by_direct_ticket_score,13162,61284,4.656131287038444,6128400,5122230,-1006170,0.835818484433131,0.8218866261993343,822,0.013412962600352457,0.0624525148153776,0.7066462484288323,0.6000257716914846,62.22852294236668,60.0,4376.583801480815,85380,0.01666852132762488,0.6146058014131648,0.8351131477363886,6,0
odds_50plus_score>=0.6_expected>=500_top5_by_direct_ticket_score,13162,61284,4.656131287038444,6128400,5122230,-1006170,0.835818484433131,0.8218866261993343,822,0.013412962600352457,0.0624525148153776,0.7066462484288323,0.6000257716914846,62.22852294236668,60.0,4376.583801480815,85380,0.01666852132762488,0.6146058014131648,0.8351131477363886,6,0
odds_50plus_score>=0.6_expected>=1000_top5_by_direct_ticket_score,13162,61284,4.656131287038444,6128400,5122230,-1006170,0.835818484433131,0.8218866261993343,822,0.013412962600352457,0.0624525148153776,0.7066462484288323,0.6000257716914846,62.22852294236668,60.0,4376.583801480815,85380,0.01666852132762488,0.6146058014131648,0.8351131477363886,6,0
odds_50plus_score>=0.6_expected>=1500_top5_by_direct_ticket_score,13162,61284,4.656131287038444,6128400,5122230,-1006170,0.835818484433131,0.8218866261993343,822,0.013412962600352457,0.0624525148153776,0.7066462484288323,0.6000257716914846,62.22852294236668,60.0,4376.583801480815,85380,0.01666852132762488,0.6146058014131648,0.8351131477363886,6,0
odds_50plus_score>=0.6_expected>=2000_top5_by_direct_ticket_score,13162,61284,4.656131287038444,6128400,5122230,-1006170,0.835818484433131,0.8218866261993343,822,0.013412962600352457,0.0624525148153776,0.7066462484288323,0.6000257716914846,62.22852294236668,60.0,4376.583801480815,85380,0.01666852132762488,0.6146058014131648,0.8351131477363886,6,0
odds_50plus_score>=0.6_expected>=3000_top5_by_direct_ticket_score,13162,61284,4.656131287038444,6128400,5122230,-1006170,0.835818484433131,0.8218866261993343,822,0.013412962600352457,0.0624525148153776,0.7066462484288323,0.6000257716914846,62.22852294236668,60.0,4376.583801480815,85380,0.01666852132762488,0.6146058014131648,0.8351131477363886,6,0
odds_50_500_score>=0.7_expected>=0_top5_by_direct_ticket_score,11410,36657,3.2127081507449606,3665700,3019560,-646140,0.8237335297487519,0.8214065526366042,521,0.014212837929999727,0.045661700262927256,0.7346731322929299,0.7000033015822704,58.78416400687454,57.2,4313.64710522378,8530,0.002824914888261866,0.5994442729237419,0.8242931399746789,6,1
odds_50_500_score>=0.7_expected>=500_top5_by_direct_ticket_score,11410,36657,3.2127081507449606,3665700,3019560,-646140,0.8237335297487519,0.8214065526366042,521,0.014212837929999727,0.045661700262927256,0.7346731322929299,0.7000033015822704,58.78416400687454,57.2,4313.64710522378,8530,0.002824914888261866,0.5994442729237419,0.8242931399746789,6,1
odds_50_500_score>=0.7_expected>=1000_top5_by_direct_ticket_score,11410,36657,3.2127081507449606,3665700,3019560,-646140,0.8237335297487519,0.8214065526366042,521,0.014212837929999727,0.045661700262927256,0.7346731322929299,0.7000033015822704,58.78416400687454,57.2,4313.64710522378,8530,0.002824914888261866,0.5994442729237419,0.8242931399746789,6,1
odds_50_500_score>=0.7_expected>=1500_top5_by_direct_ticket_score,11410,36657,3.2127081507449606,3665700,3019560,-646140,0.8237335297487519,0.8214065526366042,521,0.014212837929999727,0.045661700262927256,0.7346731322929299,0.7000033015822704,58.78416400687454,57.2,4313.64710522378,8530,0.002824914888261866,0.5994442729237419,0.8242931399746789,6,1
odds_50_500_score>=0.7_expected>=2000_top5_by_direct_ticket_score,11410,36657,3.2127081507449606,3665700,3019560,-646140,0.8237335297487519,0.8214065526366042,521,0.014212837929999727,0.045661700262927256,0.7346731322929299,0.7000033015822704,58.78416400687454,57.2,4313.64710522378,8530,0.002824914888261866,0.5994442729237419,0.8242931399746789,6,1
odds_50_500_score>=0.7_expected>=3000_top5_by_direct_ticket_score,11410,36657,3.2127081507449606,3665700,3019560,-646140,0.8237335297487519,0.8214065526366042,521,0.014212837929999727,0.045661700262927256,0.7346731322929299,0.7000033015822704,58.78416400687454,57.2,4313.64710522378,8530,0.002824914888261866,0.5994442729237419,0.8242931399746789,6,1
odds_50_1000_score>=0.7_expected>=0_top5_by_direct_ticket_score,11410,36657,3.2127081507449606,3665700,3019560,-646140,0.8237335297487519,0.8214065526366042,521,0.014212837929999727,0.045661700262927256,0.7346731322929299,0.7000033015822704,58.78416400687454,57.2,4313.64710522378,8530,0.002824914888261866,0.5994442729237419,0.8242931399746789,6,1
odds_50_1000_score>=0.7_expected>=500_top5_by_direct_ticket_score,11410,36657,3.2127081507449606,3665700,3019560,-646140,0.8237335297487519,0.8214065526366042,521,0.014212837929999727,0.045661700262927256,0.7346731322929299,0.7000033015822704,58.78416400687454,57.2,4313.64710522378,8530,0.002824914888261866,0.5994442729237419,0.8242931399746789,6,1
odds_50_1000_score>=0.7_expected>=1000_top5_by_direct_ticket_score,11410,36657,3.2127081507449606,3665700,3019560,-646140,0.8237335297487519,0.8214065526366042,521,0.014212837929999727,0.045661700262927256,0.7346731322929299,0.7000033015822704,58.78416400687454,57.2,4313.64710522378,8530,0.002824914888261866,0.5994442729237419,0.8242931399746789,6,1
odds_50_1000_score>=0.7_expected>=1500_top5_by_direct_ticket_score,11410,36657,3.2127081507449606,3665700,3019560,-646140,0.8237335297487519,0.8214065526366042,521,0.014212837929999727,0.045661700262927256,0.7346731322929299,0.7000033015822704,58.78416400687454,57.2,4313.64710522378,8530,0.002824914888261866,0.5994442729237419,0.8242931399746789,6,1
odds_50_1000_score>=0.7_expected>=2000_top5_by_direct_ticket_score,11410,36657,3.2127081507449606,3665700,3019560,-646140,0.8237335297487519,0.8214065526366042,521,0.014212837929999727,0.045661700262927256,0.7346731322929299,0.7000033015822704,58.78416400687454,57.2,4313.64710522378,8530,0.002824914888261866,0.5994442729237419,0.8242931399746789,6,1
odds_50_1000_score>=0.7_expected>=3000_top5_by_direct_ticket_score,11410,36657,3.2127081507449606,3665700,3019560,-646140,0.8237335297487519,0.8214065526366042,521,0.014212837929999727,0.045661700262927256,0.7346731322929299,0.7000033015822704,58.78416400687454,57.2,4313.64710522378,8530,0.002824914888261866,0.5994442729237419,0.8242931399746789,6,1
odds_50plus_score>=0.7_expected>=0_top5_by_direct_ticket_score,11410,36657,3.2127081507449606,3665700,3019560,-646140,0.8237335297487519,0.8214065526366042,521,0.014212837929999727,0.045661700262927256,0.7346731322929299,0.7000033015822704,58.78416400687454,57.2,4313.64710522378,8530,0.002824914888261866,0.5994442729237419,0.8242931399746789,6,1
odds_50plus_score>=0.7_expected>=500_top5_by_direct_ticket_score,11410,36657,3.2127081507449606,3665700,3019560,-646140,0.8237335297487519,0.8214065526366042,521,0.014212837929999727,0.045661700262927256,0.7346731322929299,0.7000033015822704,58.78416400687454,57.2,4313.64710522378,8530,0.002824914888261866,0.5994442729237419,0.8242931399746789,6,1
odds_50plus_score>=0.7_expected>=1000_top5_by_direct_ticket_score,11410,36657,3.2127081507449606,3665700,3019560,-646140,0.8237335297487519,0.8214065526366042,521,0.014212837929999727,0.045661700262927256,0.7346731322929299,0.7000033015822704,58.78416400687454,57.2,4313.64710522378,8530,0.002824914888261866,0.5994442729237419,0.8242931399746789,6,1
odds_50plus_score>=0.7_expected>=1500_top5_by_direct_ticket_score,11410,36657,3.2127081507449606,3665700,3019560,-646140,0.8237335297487519,0.8214065526366042,521,0.014212837929999727,0.045661700262927256,0.7346731322929299,0.7000033015822704,58.78416400687454,57.2,4313.64710522378,8530,0.002824914888261866,0.5994442729237419,0.8242931399746789,6,1
odds_50plus_score>=0.7_expected>=2000_top5_by_direct_ticket_score,11410,36657,3.2127081507449606,3665700,3019560,-646140,0.8237335297487519,0.8214065526366042,521,0.014212837929999727,0.045661700262927256,0.7346731322929299,0.7000033015822704,58.78416400687454,57.2,4313.64710522378,8530,0.002824914888261866,0.5994442729237419,0.8242931399746789,6,1
odds_50plus_score>=0.7_expected>=3000_top5_by_direct_ticket_score,11410,36657,3.2127081507449606,3665700,3019560,-646140,0.8237335297487519,0.8214065526366042,521,0.014212837929999727,0.045661700262927256,0.7346731322929299,0.7000033015822704,58.78416400687454,57.2,4313.64710522378,8530,0.002824914888261866,0.5994442729237419,0.8242931399746789,6,1
odds_30_500_score>=0.6_expected>=2000_top5_by_direct_ticket_score,13294,65848,4.953211975327215,6584800,5408130,-1176670,0.8213051269590572,0.8199444174462398,1356,0.020592880573441868,0.10200090266285543,0.7827773703231886,0.6000845689872152,41.48090602599927,39.2,3215.7791602050074,8960,0.0016567649076482999,0.7453617716093479,0.819890753148199,6,0
odds_30plus_score>=0.6_expected>=2000_top5_by_direct_ticket_score,13294,65848,4.953211975327215,6584800,5408130,-1176670,0.8213051269590572,0.8199444174462398,1356,0.020592880573441868,0.10200090266285543,0.7827773703231886,0.6000845689872152,41.48090602599927,39.2,3215.7791602050074,8960,0.0016567649076482999,0.7453617716093479,0.819890753148199,6,0
odds_30_500_score>=0.6_expected>=0_top5_by_direct_ticket_score,13295,65850,4.9529898458066945,6585000,5408130,-1176870,0.8212801822323462,0.8199195140470766,1356,0.020592255125284738,0.10199323053779616,0.782772536601188,0.6000845689872152,41.47975246772969,39.2,3215.6898370105305,8960,0.0016567649076482999,0.7453617716093479,0.8198667281225703,6,0
odds_30_500_score>=0.6_expected>=500_top5_by_direct_ticket_score,13295,65850,4.9529898458066945,6585000,5408130,-1176870,0.8212801822323462,0.8199195140470766,1356,0.020592255125284738,0.10199323053779616,0.782772536601188,0.6000845689872152,41.47975246772969,39.2,3215.6898370105305,8960,0.0016567649076482999,0.7453617716093479,0.8198667281225703,6,0
odds_30_500_score>=0.6_expected>=1000_top5_by_direct_ticket_score,13295,65850,4.9529898458066945,6585000,5408130,-1176870,0.8212801822323462,0.8199195140470766,1356,0.020592255125284738,0.10199323053779616,0.782772536601188,0.6000845689872152,41.47975246772969,39.2,3215.6898370105305,8960,0.0016567649076482999,0.7453617716093479,0.8198667281225703,6,0
odds_30_500_score>=0.6_expected>=1500_top5_by_direct_ticket_score,13295,65850,4.9529898458066945,6585000,5408130,-1176870,0.8212801822323462,0.8199195140470766,1356,0.020592255125284738,0.10199323053779616,0.782772536601188,0.6000845689872152,41.47975246772969,39.2,3215.6898370105305,8960,0.0016567649076482999,0.7453617716093479,0.8198667281225703,6,0
odds_30plus_score>=0.6_expected>=0_top5_by_direct_ticket_score,13295,65850,4.9529898458066945,6585000,5408130,-1176870,0.8212801822323462,0.8199195140470766,1356,0.020592255125284738,0.10199323053779616,0.782772536601188,0.6000845689872152,41.47975246772969,39.2,3215.6898370105305,8960,0.0016567649076482999,0.7453617716093479,0.8198667281225703,6,0
odds_30plus_score>=0.6_expected>=500_top5_by_direct_ticket_score,13295,65850,4.9529898458066945,6585000,5408130,-1176870,0.8212801822323462,0.8199195140470766,1356,0.020592255125284738,0.10199323053779616,0.782772536601188,0.6000845689872152,41.47975246772969,39.2,3215.6898370105305,8960,0.0016567649076482999,0.7453617716093479,0.8198667281225703,6,0
odds_30plus_score>=0.6_expected>=1000_top5_by_direct_ticket_score,13295,65850,4.9529898458066945,6585000,5408130,-1176870,0.8212801822323462,0.8199195140470766,1356,0.020592255125284738,0.10199323053779616,0.782772536601188,0.6000845689872152,41.47975246772969,39.2,3215.6898370105305,8960,0.0016567649076482999,0.7453617716093479,0.8198667281225703,6,0
odds_30plus_score>=0.6_expected>=1500_top5_by_direct_ticket_score,13295,65850,4.9529898458066945,6585000,5408130,-1176870,0.8212801822323462,0.8199195140470766,1356,0.020592255125284738,0.10199323053779616,0.782772536601188,0.6000845689872152,41.47975246772969,39.2,3215.6898370105305,8960,0.0016567649076482999,0.7453617716093479,0.8198667281225703,6,0
odds_30_500_score>=0.7_expected>=0_top3_by_direct_ticket_score,13216,38825,2.9377269975786926,3882500,3188850,-693650,0.8213393432066968,0.8195904700579524,857,0.02207340631036703,0.06484564164648911,0.8038055966818067,0.7000141376845246,38.12927752736639,36.5,3048.1320077693767,6790,0.0021292942596860937,0.7043721633888048,0.8206622890355817,6,0
odds_30_500_score>=0.7_expected>=500_top3_by_direct_ticket_score,13216,38825,2.9377269975786926,3882500,3188850,-693650,0.8213393432066968,0.8195904700579524,857,0.02207340631036703,0.06484564164648911,0.8038055966818067,0.7000141376845246,38.12927752736639,36.5,3048.1320077693767,6790,0.0021292942596860937,0.7043721633888048,0.8206622890355817,6,0
odds_30_500_score>=0.7_expected>=1000_top3_by_direct_ticket_score,13216,38825,2.9377269975786926,3882500,3188850,-693650,0.8213393432066968,0.8195904700579524,857,0.02207340631036703,0.06484564164648911,0.8038055966818067,0.7000141376845246,38.12927752736639,36.5,3048.1320077693767,6790,0.0021292942596860937,0.7043721633888048,0.8206622890355817,6,0
odds_30_500_score>=0.7_expected>=1500_top3_by_direct_ticket_score,13216,38825,2.9377269975786926,3882500,3188850,-693650,0.8213393432066968,0.8195904700579524,857,0.02207340631036703,0.06484564164648911,0.8038055966818067,0.7000141376845246,38.12927752736639,36.5,3048.1320077693767,6790,0.0021292942596860937,0.7043721633888048,0.8206622890355817,6,0
odds_30_500_score>=0.7_expected>=2000_top3_by_direct_ticket_score,13216,38825,2.9377269975786926,3882500,3188850,-693650,0.8213393432066968,0.8195904700579524,857,0.02207340631036703,0.06484564164648911,0.8038055966818067,0.7000141376845246,38.12927752736639,36.5,3048.1320077693767,6790,0.0021292942596860937,0.7043721633888048,0.8206622890355817,6,0
odds_30plus_score>=0.7_expected>=0_top3_by_direct_ticket_score,13216,38825,2.9377269975786926,3882500,3188850,-693650,0.8213393432066968,0.8195904700579524,857,0.02207340631036703,0.06484564164648911,0.8038055966818067,0.7000141376845246,38.12927752736639,36.5,3048.1320077693767,6790,0.0021292942596860937,0.7043721633888048,0.8206622890355817,6,0
odds_30plus_score>=0.7_expected>=500_top3_by_direct_ticket_score,13216,38825,2.9377269975786926,3882500,3188850,-693650,0.8213393432066968,0.8195904700579524,857,0.02207340631036703,0.06484564164648911,0.8038055966818067,0.7000141376845246,38.12927752736639,36.5,3048.1320077693767,6790,0.0021292942596860937,0.7043721633888048,0.8206622890355817,6,0
odds_30plus_score>=0.7_expected>=1000_top3_by_direct_ticket_score,13216,38825,2.9377269975786926,3882500,3188850,-693650,0.8213393432066968,0.8195904700579524,857,0.02207340631036703,0.06484564164648911,0.8038055966818067,0.7000141376845246,38.12927752736639,36.5,3048.1320077693767,6790,0.0021292942596860937,0.7043721633888048,0.8206622890355817,6,0
odds_30plus_score>=0.7_expected>=1500_top3_by_direct_ticket_score,13216,38825,2.9377269975786926,3882500,3188850,-693650,0.8213393432066968,0.8195904700579524,857,0.02207340631036703,0.06484564164648911,0.8038055966818067,0.7000141376845246,38.12927752736639,36.5,3048.1320077693767,6790,0.0021292942596860937,0.7043721633888048,0.8206622890355817,6,0
odds_30plus_score>=0.7_expected>=2000_top3_by_direct_ticket_score,13216,38825,2.9377269975786926,3882500,3188850,-693650,0.8213393432066968,0.8195904700579524,857,0.02207340631036703,0.06484564164648911,0.8038055966818067,0.7000141376845246,38.12927752736639,36.5,3048.1320077693767,6790,0.0021292942596860937,0.7043721633888048,0.8206622890355817,6,0
odds_100_1000_score>=0.6_expected>=0_top1_by_direct_expected_return,1024,1024,1.0,102400,96010,-6390,0.93759765625,0.81875,9,0.0087890625,0.0087890625,0.6176776937362145,0.600012537524648,108.698828125,105.6,6713.632206993276,12170,0.12675762941360275,0.0,0.87482454520796,6,2
odds_100_1000_score>=0.6_expected>=500_top1_by_direct_expected_return,1024,1024,1.0,102400,96010,-6390,0.93759765625,0.81875,9,0.0087890625,0.0087890625,0.6176776937362145,0.600012537524648,108.698828125,105.6,6713.632206993276,12170,0.12675762941360275,0.0,0.87482454520796,6,2
odds_100_1000_score>=0.6_expected>=1000_top1_by_direct_expected_return,1024,1024,1.0,102400,96010,-6390,0.93759765625,0.81875,9,0.0087890625,0.0087890625,0.6176776937362145,0.600012537524648,108.698828125,105.6,6713.632206993276,12170,0.12675762941360275,0.0,0.87482454520796,6,2
odds_100_1000_score>=0.6_expected>=1500_top1_by_direct_expected_return,1024,1024,1.0,102400,96010,-6390,0.93759765625,0.81875,9,0.0087890625,0.0087890625,0.6176776937362145,0.600012537524648,108.698828125,105.6,6713.632206993276,12170,0.12675762941360275,0.0,0.87482454520796,6,2
odds_100_1000_score>=0.6_expected>=2000_top1_by_direct_expected_return,1024,1024,1.0,102400,96010,-6390,0.93759765625,0.81875,9,0.0087890625,0.0087890625,0.6176776937362145,0.600012537524648,108.698828125,105.6,6713.632206993276,12170,0.12675762941360275,0.0,0.87482454520796,6,2
odds_100_1000_score>=0.6_expected>=3000_top1_by_direct_expected_return,1024,1024,1.0,102400,96010,-6390,0.93759765625,0.81875,9,0.0087890625,0.0087890625,0.6176776937362145,0.600012537524648,108.698828125,105.6,6713.632206993276,12170,0.12675762941360275,0.0,0.87482454520796,6,2
odds_100_1000_score>=0.6_expected>=5000_top1_by_direct_expected_return,1024,1024,1.0,102400,96010,-6390,0.93759765625,0.81875,9,0.0087890625,0.0087890625,0.6176776937362145,0.600012537524648,108.698828125,105.6,6713.632206993276,12170,0.12675762941360275,0.0,0.87482454520796,6,2
odds_100plus_score>=0.6_expected>=0_top1_by_direct_expected_return,1024,1024,1.0,102400,96010,-6390,0.93759765625,0.81875,9,0.0087890625,0.0087890625,0.6176776937362145,0.600012537524648,108.698828125,105.6,6713.632206993276,12170,0.12675762941360275,0.0,0.87482454520796,6,2
odds_100plus_score>=0.6_expected>=500_top1_by_direct_expected_return,1024,1024,1.0,102400,96010,-6390,0.93759765625,0.81875,9,0.0087890625,0.0087890625,0.6176776937362145,0.600012537524648,108.698828125,105.6,6713.632206993276,12170,0.12675762941360275,0.0,0.87482454520796,6,2
odds_100plus_score>=0.6_expected>=1000_top1_by_direct_expected_return,1024,1024,1.0,102400,96010,-6390,0.93759765625,0.81875,9,0.0087890625,0.0087890625,0.6176776937362145,0.600012537524648,108.698828125,105.6,6713.632206993276,12170,0.12675762941360275,0.0,0.87482454520796,6,2
odds_100plus_score>=0.6_expected>=1500_top1_by_direct_expected_return,1024,1024,1.0,102400,96010,-6390,0.93759765625,0.81875,9,0.0087890625,0.0087890625,0.6176776937362145,0.600012537524648,108.698828125,105.6,6713.632206993276,12170,0.12675762941360275,0.0,0.87482454520796,6,2
odds_100plus_score>=0.6_expected>=2000_top1_by_direct_expected_return,1024,1024,1.0,102400,96010,-6390,0.93759765625,0.81875,9,0.0087890625,0.0087890625,0.6176776937362145,0.600012537524648,108.698828125,105.6,6713.632206993276,12170,0.12675762941360275,0.0,0.87482454520796,6,2
odds_100plus_score>=0.6_expected>=3000_top1_by_direct_expected_return,1024,1024,1.0,102400,96010,-6390,0.93759765625,0.81875,9,0.0087890625,0.0087890625,0.6176776937362145,0.600012537524648,108.698828125,105.6,6713.632206993276,12170,0.12675762941360275,0.0,0.87482454520796,6,2
odds_100plus_score>=0.6_expected>=5000_top1_by_direct_expected_return,1024,1024,1.0,102400,96010,-6390,0.93759765625,0.81875,9,0.0087890625,0.0087890625,0.6176776937362145,0.600012537524648,108.698828125,105.6,6713.632206993276,12170,0.12675762941360275,0.0,0.87482454520796,6,2
odds_30_500_score>=0.5_expected>=2000_top5_by_direct_ticket_score,13305,66392,4.990003757985719,6639200,5437060,-1202140,0.8189330039763827,0.8175834437884082,1361,0.020499457765995904,0.1022923712889891,0.7809783859317492,0.5006519075427881,41.7111880949512,39.3,3221.4719200666937,8960,0.0016479494432652942,0.740074982267707,0.8174643302965077,6,0
odds_30plus_score>=0.5_expected>=2000_top5_by_direct_ticket_score,13305,66392,4.990003757985719,6639200,5437060,-1202140,0.8189330039763827,0.8175834437884082,1361,0.020499457765995904,0.1022923712889891,0.7809783859317492,0.5006519075427881,41.7111880949512,39.3,3221.4719200666937,8960,0.0016479494432652942,0.740074982267707,0.8174643302965077,6,0
odds_30_500_score>=0.5_expected>=0_top5_by_direct_ticket_score,13305,66393,4.990078917700113,6639300,5437060,-1202240,0.8189206693476722,0.8175711294865422,1361,0.02049914900667239,0.1022923712889891,0.7809761197508074,0.5006519075427881,41.708993417980814,39.3,3221.332964183478,8960,0.0016479494432652942,0.740074982267707,0.8174519080682243,6,0
odds_30_500_score>=0.5_expected>=500_top5_by_direct_ticket_score,13305,66393,4.990078917700113,6639300,5437060,-1202240,0.8189206693476722,0.8175711294865422,1361,0.02049914900667239,0.1022923712889891,0.7809761197508074,0.5006519075427881,41.708993417980814,39.3,3221.332964183478,8960,0.0016479494432652942,0.740074982267707,0.8174519080682243,6,0
odds_30_500_score>=0.5_expected>=1000_top5_by_direct_ticket_score,13305,66393,4.990078917700113,6639300,5437060,-1202240,0.8189206693476722,0.8175711294865422,1361,0.02049914900667239,0.1022923712889891,0.7809761197508074,0.5006519075427881,41.708993417980814,39.3,3221.332964183478,8960,0.0016479494432652942,0.740074982267707,0.8174519080682243,6,0
odds_30_500_score>=0.5_expected>=1500_top5_by_direct_ticket_score,13305,66393,4.990078917700113,6639300,5437060,-1202240,0.8189206693476722,0.8175711294865422,1361,0.02049914900667239,0.1022923712889891,0.7809761197508074,0.5006519075427881,41.708993417980814,39.3,3221.332964183478,8960,0.0016479494432652942,0.740074982267707,0.8174519080682243,6,0
odds_30plus_score>=0.5_expected>=0_top5_by_direct_ticket_score,13305,66393,4.990078917700113,6639300,5437060,-1202240,0.8189206693476722,0.8175711294865422,1361,0.02049914900667239,0.1022923712889891,0.7809761197508074,0.5006519075427881,41.708993417980814,39.3,3221.332964183478,8960,0.0016479494432652942,0.740074982267707,0.8174519080682243,6,0
odds_30plus_score>=0.5_expected>=500_top5_by_direct_ticket_score,13305,66393,4.990078917700113,6639300,5437060,-1202240,0.8189206693476722,0.8175711294865422,1361,0.02049914900667239,0.1022923712889891,0.7809761197508074,0.5006519075427881,41.708993417980814,39.3,3221.332964183478,8960,0.0016479494432652942,0.740074982267707,0.8174519080682243,6,0
odds_30plus_score>=0.5_expected>=1000_top5_by_direct_ticket_score,13305,66393,4.990078917700113,6639300,5437060,-1202240,0.8189206693476722,0.8175711294865422,1361,0.02049914900667239,0.1022923712889891,0.7809761197508074,0.5006519075427881,41.708993417980814,39.3,3221.332964183478,8960,0.0016479494432652942,0.740074982267707,0.8174519080682243,6,0
odds_30plus_score>=0.5_expected>=1500_top5_by_direct_ticket_score,13305,66393,4.990078917700113,6639300,5437060,-1202240,0.8189206693476722,0.8175711294865422,1361,0.02049914900667239,0.1022923712889891,0.7809761197508074,0.5006519075427881,41.708993417980814,39.3,3221.332964183478,8960,0.0016479494432652942,0.740074982267707,0.8174519080682243,6,0
odds_30_500_score>=0.7_expected>=3000_top10_by_direct_ticket_score,12822,79809,6.224379971923257,7980900,6553300,-1427600,0.8211229309977571,0.8169955769399441,1324,0.01658960768835595,0.10326002183746685,0.7532902967688712,0.7000033015822704,50.800684133368414,49.1,3807.259611607421,32940,0.005026475210962416,0.7573744844261129,0.8211184646359081,6,0
odds_30plus_score>=0.7_expected>=3000_top10_by_direct_ticket_score,12822,79809,6.224379971923257,7980900,6553300,-1427600,0.8211229309977571,0.8169955769399441,1324,0.01658960768835595,0.10326002183746685,0.7532902967688712,0.7000033015822704,50.800684133368414,49.1,3807.259611607421,32940,0.005026475210962416,0.7573744844261129,0.8211184646359081,6,0
odds_30_500_score>=0.7_expected>=0_top10_by_direct_expected_return,13216,102904,7.786319612590799,10290400,8371900,-1918500,0.8135640985773148,0.8126632589598072,1819,0.017676669517219933,0.13763619854721548,0.7585785947049266,0.7000033015822704,48.257076498484025,47.0,3629.9864230228964,9270,0.0011072755288524707,0.7590379411277407,0.8140665273658522,6,0
odds_30_500_score>=0.7_expected>=500_top10_by_direct_expected_return,13216,102904,7.786319612590799,10290400,8371900,-1918500,0.8135640985773148,0.8126632589598072,1819,0.017676669517219933,0.13763619854721548,0.7585785947049266,0.7000033015822704,48.257076498484025,47.0,3629.9864230228964,9270,0.0011072755288524707,0.7590379411277407,0.8140665273658522,6,0
odds_30_500_score>=0.7_expected>=1000_top10_by_direct_expected_return,13216,102904,7.786319612590799,10290400,8371900,-1918500,0.8135640985773148,0.8126632589598072,1819,0.017676669517219933,0.13763619854721548,0.7585785947049266,0.7000033015822704,48.257076498484025,47.0,3629.9864230228964,9270,0.0011072755288524707,0.7590379411277407,0.8140665273658522,6,0
odds_30_500_score>=0.7_expected>=1500_top10_by_direct_expected_return,13216,102904,7.786319612590799,10290400,8371900,-1918500,0.8135640985773148,0.8126632589598072,1819,0.017676669517219933,0.13763619854721548,0.7585785947049266,0.7000033015822704,48.257076498484025,47.0,3629.9864230228964,9270,0.0011072755288524707,0.7590379411277407,0.8140665273658522,6,0
odds_30_500_score>=0.7_expected>=2000_top10_by_direct_expected_return,13216,102904,7.786319612590799,10290400,8371900,-1918500,0.8135640985773148,0.8126632589598072,1819,0.017676669517219933,0.13763619854721548,0.7585785947049266,0.7000033015822704,48.257076498484025,47.0,3629.9864230228964,9270,0.0011072755288524707,0.7590379411277407,0.8140665273658522,6,0
odds_30plus_score>=0.7_expected>=0_top10_by_direct_expected_return,13216,102904,7.786319612590799,10290400,8371900,-1918500,0.8135640985773148,0.8126632589598072,1819,0.017676669517219933,0.13763619854721548,0.7585785947049266,0.7000033015822704,48.257076498484025,47.0,3629.9864230228964,9270,0.0011072755288524707,0.7590379411277407,0.8140665273658522,6,0
odds_30plus_score>=0.7_expected>=500_top10_by_direct_expected_return,13216,102904,7.786319612590799,10290400,8371900,-1918500,0.8135640985773148,0.8126632589598072,1819,0.017676669517219933,0.13763619854721548,0.7585785947049266,0.7000033015822704,48.257076498484025,47.0,3629.9864230228964,9270,0.0011072755288524707,0.7590379411277407,0.8140665273658522,6,0
odds_30plus_score>=0.7_expected>=1000_top10_by_direct_expected_return,13216,102904,7.786319612590799,10290400,8371900,-1918500,0.8135640985773148,0.8126632589598072,1819,0.017676669517219933,0.13763619854721548,0.7585785947049266,0.7000033015822704,48.257076498484025,47.0,3629.9864230228964,9270,0.0011072755288524707,0.7590379411277407,0.8140665273658522,6,0
odds_30plus_score>=0.7_expected>=1500_top10_by_direct_expected_return,13216,102904,7.786319612590799,10290400,8371900,-1918500,0.8135640985773148,0.8126632589598072,1819,0.017676669517219933,0.13763619854721548,0.7585785947049266,0.7000033015822704,48.257076498484025,47.0,3629.9864230228964,9270,0.0011072755288524707,0.7590379411277407,0.8140665273658522,6,0
odds_30plus_score>=0.7_expected>=2000_top10_by_direct_expected_return,13216,102904,7.786319612590799,10290400,8371900,-1918500,0.8135640985773148,0.8126632589598072,1819,0.017676669517219933,0.13763619854721548,0.7585785947049266,0.7000033015822704,48.257076498484025,47.0,3629.9864230228964,9270,0.0011072755288524707,0.7590379411277407,0.8140665273658522,6,0
odds_100_1000_score>=0.5_expected>=0_top1_by_direct_expected_return,9434,9434,1.0,943400,785960,-157440,0.8331142675429298,0.8117129531481874,64,0.0067839728641085435,0.0067839728641085435,0.5360274282019246,0.5000217591684042,124.71164935340258,119.1,6665.581854110497,20190,0.02568833019492086,0.5474466709760828,0.8308845587355179,6,2
odds_100_1000_score>=0.5_expected>=500_top1_by_direct_expected_return,9434,9434,1.0,943400,785960,-157440,0.8331142675429298,0.8117129531481874,64,0.0067839728641085435,0.0067839728641085435,0.5360274282019246,0.5000217591684042,124.71164935340258,119.1,6665.581854110497,20190,0.02568833019492086,0.5474466709760828,0.8308845587355179,6,2
odds_100_1000_score>=0.5_expected>=1000_top1_by_direct_expected_return,9434,9434,1.0,943400,785960,-157440,0.8331142675429298,0.8117129531481874,64,0.0067839728641085435,0.0067839728641085435,0.5360274282019246,0.5000217591684042,124.71164935340258,119.1,6665.581854110497,20190,0.02568833019492086,0.5474466709760828,0.8308845587355179,6,2
odds_100_1000_score>=0.5_expected>=1500_top1_by_direct_expected_return,9434,9434,1.0,943400,785960,-157440,0.8331142675429298,0.8117129531481874,64,0.0067839728641085435,0.0067839728641085435,0.5360274282019246,0.5000217591684042,124.71164935340258,119.1,6665.581854110497,20190,0.02568833019492086,0.5474466709760828,0.8308845587355179,6,2
odds_100_1000_score>=0.5_expected>=2000_top1_by_direct_expected_return,9434,9434,1.0,943400,785960,-157440,0.8331142675429298,0.8117129531481874,64,0.0067839728641085435,0.0067839728641085435,0.5360274282019246,0.5000217591684042,124.71164935340258,119.1,6665.581854110497,20190,0.02568833019492086,0.5474466709760828,0.8308845587355179,6,2
odds_100_1000_score>=0.5_expected>=3000_top1_by_direct_expected_return,9434,9434,1.0,943400,785960,-157440,0.8331142675429298,0.8117129531481874,64,0.0067839728641085435,0.0067839728641085435,0.5360274282019246,0.5000217591684042,124.71164935340258,119.1,6665.581854110497,20190,0.02568833019492086,0.5474466709760828,0.8308845587355179,6,2
odds_100_1000_score>=0.5_expected>=5000_top1_by_direct_expected_return,9434,9434,1.0,943400,785960,-157440,0.8331142675429298,0.8117129531481874,64,0.0067839728641085435,0.0067839728641085435,0.5360274282019246,0.5000217591684042,124.71164935340258,119.1,6665.581854110497,20190,0.02568833019492086,0.5474466709760828,0.8308845587355179,6,2
odds_100plus_score>=0.5_expected>=0_top1_by_direct_expected_return,9434,9434,1.0,943400,785960,-157440,0.8331142675429298,0.8117129531481874,64,0.0067839728641085435,0.0067839728641085435,0.5360192620177242,0.5000217591684042,124.92796268814924,119.1,6676.391420819097,20190,0.02568833019492086,0.5474466709760828,0.8308845587355179,6,2
odds_100plus_score>=0.5_expected>=500_top1_by_direct_expected_return,9434,9434,1.0,943400,785960,-157440,0.8331142675429298,0.8117129531481874,64,0.0067839728641085435,0.0067839728641085435,0.5360192620177242,0.5000217591684042,124.92796268814924,119.1,6676.391420819097,20190,0.02568833019492086,0.5474466709760828,0.8308845587355179,6,2
odds_100plus_score>=0.5_expected>=1000_top1_by_direct_expected_return,9434,9434,1.0,943400,785960,-157440,0.8331142675429298,0.8117129531481874,64,0.0067839728641085435,0.0067839728641085435,0.5360192620177242,0.5000217591684042,124.92796268814924,119.1,6676.391420819097,20190,0.02568833019492086,0.5474466709760828,0.8308845587355179,6,2
odds_100plus_score>=0.5_expected>=1500_top1_by_direct_expected_return,9434,9434,1.0,943400,785960,-157440,0.8331142675429298,0.8117129531481874,64,0.0067839728641085435,0.0067839728641085435,0.5360192620177242,0.5000217591684042,124.92796268814924,119.1,6676.391420819097,20190,0.02568833019492086,0.5474466709760828,0.8308845587355179,6,2
odds_100plus_score>=0.5_expected>=2000_top1_by_direct_expected_return,9434,9434,1.0,943400,785960,-157440,0.8331142675429298,0.8117129531481874,64,0.0067839728641085435,0.0067839728641085435,0.5360192620177242,0.5000217591684042,124.92796268814924,119.1,6676.391420819097,20190,0.02568833019492086,0.5474466709760828,0.8308845587355179,6,2
odds_100plus_score>=0.5_expected>=3000_top1_by_direct_expected_return,9434,9434,1.0,943400,785960,-157440,0.8331142675429298,0.8117129531481874,64,0.0067839728641085435,0.0067839728641085435,0.5360192620177242,0.5000217591684042,124.92796268814924,119.1,6676.391420819097,20190,0.02568833019492086,0.5474466709760828,0.8308845587355179,6,2
odds_100plus_score>=0.5_expected>=5000_top1_by_direct_expected_return,9434,9434,1.0,943400,785960,-157440,0.8331142675429298,0.8117129531481874,64,0.0067839728641085435,0.0067839728641085435,0.5360192620177242,0.5000217591684042,124.92796268814924,119.1,6676.391420819097,20190,0.02568833019492086,0.5474466709760828,0.8308845587355179,6,2
odds_30_500_score>=0.5_expected>=3000_top2_by_direct_ticket_score,13294,26559,1.9978185647660598,2655900,2162980,-492920,0.8144056628638127,0.8113407884332995,487,0.018336533755035956,0.03663306754927035,0.7732568762851745,0.5006519075427881,45.85454271621672,43.6,3522.17371826018,8140,0.003763326521743151,0.710677025527192,0.815578708252027,6,0
odds_30plus_score>=0.5_expected>=3000_top2_by_direct_ticket_score,13294,26559,1.9978185647660598,2655900,2162980,-492920,0.8144056628638127,0.8113407884332995,487,0.018336533755035956,0.03663306754927035,0.7732568762851745,0.5006519075427881,45.85454271621672,43.6,3522.17371826018,8140,0.003763326521743151,0.710677025527192,0.815578708252027,6,0
odds_30_500_score>=0.5_expected>=2000_top3_by_direct_ticket_score,13305,39897,2.9986471251409244,3989700,3235140,-754560,0.8108729979697722,0.808627215078828,866,0.02170589267363461,0.06508831266441188,0.7998918150532465,0.5006519075427881,38.568188084317114,36.7,3062.0683164297857,8960,0.002769586478483157,0.6951197870452529,0.8099101572222377,6,0
odds_30plus_score>=0.5_expected>=2000_top3_by_direct_ticket_score,13305,39897,2.9986471251409244,3989700,3235140,-754560,0.8108729979697722,0.808627215078828,866,0.02170589267363461,0.06508831266441188,0.7998918150532465,0.5006519075427881,38.568188084317114,36.7,3062.0683164297857,8960,0.002769586478483157,0.6951197870452529,0.8099101572222377,6,0
odds_30_500_score>=0.5_expected>=0_top3_by_direct_ticket_score,13305,39898,2.9987222848553174,3989800,3235140,-754660,0.8108526743195148,0.8086069477166775,866,0.021705348639029527,0.06508831266441188,0.7998859091491706,0.5006519075427881,38.567156248433506,36.7,3061.986289984514,8960,0.002769586478483157,0.6950170042880378,0.8098930267627019,6,0
odds_30_500_score>=0.5_expected>=500_top3_by_direct_ticket_score,13305,39898,2.9987222848553174,3989800,3235140,-754660,0.8108526743195148,0.8086069477166775,866,0.021705348639029527,0.06508831266441188,0.7998859091491706,0.5006519075427881,38.567156248433506,36.7,3061.986289984514,8960,0.002769586478483157,0.6950170042880378,0.8098930267627019,6,0
odds_30_500_score>=0.5_expected>=1000_top3_by_direct_ticket_score,13305,39898,2.9987222848553174,3989800,3235140,-754660,0.8108526743195148,0.8086069477166775,866,0.021705348639029527,0.06508831266441188,0.7998859091491706,0.5006519075427881,38.567156248433506,36.7,3061.986289984514,8960,0.002769586478483157,0.6950170042880378,0.8098930267627019,6,0
odds_30_500_score>=0.5_expected>=1500_top3_by_direct_ticket_score,13305,39898,2.9987222848553174,3989800,3235140,-754660,0.8108526743195148,0.8086069477166775,866,0.021705348639029527,0.06508831266441188,0.7998859091491706,0.5006519075427881,38.567156248433506,36.7,3061.986289984514,8960,0.002769586478483157,0.6950170042880378,0.8098930267627019,6,0
odds_30plus_score>=0.5_expected>=0_top3_by_direct_ticket_score,13305,39898,2.9987222848553174,3989800,3235140,-754660,0.8108526743195148,0.8086069477166775,866,0.021705348639029527,0.06508831266441188,0.7998859091491706,0.5006519075427881,38.567156248433506,36.7,3061.986289984514,8960,0.002769586478483157,0.6950170042880378,0.8098930267627019,6,0
odds_30plus_score>=0.5_expected>=500_top3_by_direct_ticket_score,13305,39898,2.9987222848553174,3989800,3235140,-754660,0.8108526743195148,0.8086069477166775,866,0.021705348639029527,0.06508831266441188,0.7998859091491706,0.5006519075427881,38.567156248433506,36.7,3061.986289984514,8960,0.002769586478483157,0.6950170042880378,0.8098930267627019,6,0
odds_30plus_score>=0.5_expected>=1000_top3_by_direct_ticket_score,13305,39898,2.9987222848553174,3989800,3235140,-754660,0.8108526743195148,0.8086069477166775,866,0.021705348639029527,0.06508831266441188,0.7998859091491706,0.5006519075427881,38.567156248433506,36.7,3061.986289984514,8960,0.002769586478483157,0.6950170042880378,0.8098930267627019,6,0
odds_30plus_score>=0.5_expected>=1500_top3_by_direct_ticket_score,13305,39898,2.9987222848553174,3989800,3235140,-754660,0.8108526743195148,0.8086069477166775,866,0.021705348639029527,0.06508831266441188,0.7998859091491706,0.5006519075427881,38.567156248433506,36.7,3061.986289984514,8960,0.002769586478483157,0.6950170042880378,0.8098930267627019,6,0
odds_30_500_score>=0.6_expected>=2000_top3_by_direct_ticket_score,13294,39783,2.992553031442756,3978300,3224930,-753370,0.8106301686650077,0.808377950380816,864,0.02171781916899178,0.06499172559049195,0.8005649988098246,0.6000845689872152,38.49337405424427,36.7,3060.3967097627387,8960,0.00277835487902063,0.695840118430792,0.8098118646868406,6,0
odds_30plus_score>=0.6_expected>=2000_top3_by_direct_ticket_score,13294,39783,2.992553031442756,3978300,3224930,-753370,0.8106301686650077,0.808377950380816,864,0.02171781916899178,0.06499172559049195,0.8005649988098246,0.6000845689872152,38.49337405424427,36.7,3060.3967097627387,8960,0.00277835487902063,0.695840118430792,0.8098118646868406,6,0
odds_30_500_score>=0.6_expected>=0_top3_by_direct_ticket_score,13295,39784,2.992403159082362,3978400,3224930,-753470,0.8106097928815604,0.808357631208526,864,0.02171727327568872,0.06498683715682588,0.8005603288853024,0.6000845689872152,38.493200784234865,36.7,3060.3686154969673,8960,0.00277835487902063,0.695840118430792,0.8097924586925039,6,0
odds_30_500_score>=0.6_expected>=500_top3_by_direct_ticket_score,13295,39784,2.992403159082362,3978400,3224930,-753470,0.8106097928815604,0.808357631208526,864,0.02171727327568872,0.06498683715682588,0.8005603288853024,0.6000845689872152,38.493200784234865,36.7,3060.3686154969673,8960,0.00277835487902063,0.695840118430792,0.8097924586925039,6,0
odds_30_500_score>=0.6_expected>=1000_top3_by_direct_ticket_score,13295,39784,2.992403159082362,3978400,3224930,-753470,0.8106097928815604,0.808357631208526,864,0.02171727327568872,0.06498683715682588,0.8005603288853024,0.6000845689872152,38.493200784234865,36.7,3060.3686154969673,8960,0.00277835487902063,0.695840118430792,0.8097924586925039,6,0
odds_30_500_score>=0.6_expected>=1500_top3_by_direct_ticket_score,13295,39784,2.992403159082362,3978400,3224930,-753470,0.8106097928815604,0.808357631208526,864,0.02171727327568872,0.06498683715682588,0.8005603288853024,0.6000845689872152,38.493200784234865,36.7,3060.3686154969673,8960,0.00277835487902063,0.695840118430792,0.8097924586925039,6,0
odds_30plus_score>=0.6_expected>=0_top3_by_direct_ticket_score,13295,39784,2.992403159082362,3978400,3224930,-753470,0.8106097928815604,0.808357631208526,864,0.02171727327568872,0.06498683715682588,0.8005603288853024,0.6000845689872152,38.493200784234865,36.7,3060.3686154969673,8960,0.00277835487902063,0.695840118430792,0.8097924586925039,6,0
odds_30plus_score>=0.6_expected>=500_top3_by_direct_ticket_score,13295,39784,2.992403159082362,3978400,3224930,-753470,0.8106097928815604,0.808357631208526,864,0.02171727327568872,0.06498683715682588,0.8005603288853024,0.6000845689872152,38.493200784234865,36.7,3060.3686154969673,8960,0.00277835487902063,0.695840118430792,0.8097924586925039,6,0
odds_30plus_score>=0.6_expected>=1000_top3_by_direct_ticket_score,13295,39784,2.992403159082362,3978400,3224930,-753470,0.8106097928815604,0.808357631208526,864,0.02171727327568872,0.06498683715682588,0.8005603288853024,0.6000845689872152,38.493200784234865,36.7,3060.3686154969673,8960,0.00277835487902063,0.695840118430792,0.8097924586925039,6,0
odds_30plus_score>=0.6_expected>=1500_top3_by_direct_ticket_score,13295,39784,2.992403159082362,3978400,3224930,-753470,0.8106097928815604,0.808357631208526,864,0.02171727327568872,0.06498683715682588,0.8005603288853024,0.6000845689872152,38.493200784234865,36.7,3060.3686154969673,8960,0.00277835487902063,0.695840118430792,0.8097924586925039,6,0
odds_50_500_score>=0.6_expected>=0_top10_by_direct_ticket_score,13162,104028,7.903662057438079,10402800,8494490,-1908310,0.8165580420655977,0.8083506363671319,1296,0.012458184334986735,0.0984652788330041,0.687266271814186,0.6000030084261291,66.413515591956,64.0,4533.6536654132115,85380,0.010051221438838588,0.7025177069499778,0.8171476789406699,6,0
odds_50_500_score>=0.6_expected>=500_top10_by_direct_ticket_score,13162,104028,7.903662057438079,10402800,8494490,-1908310,0.8165580420655977,0.8083506363671319,1296,0.012458184334986735,0.0984652788330041,0.687266271814186,0.6000030084261291,66.413515591956,64.0,4533.6536654132115,85380,0.010051221438838588,0.7025177069499778,0.8171476789406699,6,0
odds_50_500_score>=0.6_expected>=1000_top10_by_direct_ticket_score,13162,104028,7.903662057438079,10402800,8494490,-1908310,0.8165580420655977,0.8083506363671319,1296,0.012458184334986735,0.0984652788330041,0.687266271814186,0.6000030084261291,66.413515591956,64.0,4533.6536654132115,85380,0.010051221438838588,0.7025177069499778,0.8171476789406699,6,0
odds_50_500_score>=0.6_expected>=1500_top10_by_direct_ticket_score,13162,104028,7.903662057438079,10402800,8494490,-1908310,0.8165580420655977,0.8083506363671319,1296,0.012458184334986735,0.0984652788330041,0.687266271814186,0.6000030084261291,66.413515591956,64.0,4533.6536654132115,85380,0.010051221438838588,0.7025177069499778,0.8171476789406699,6,0
odds_50_500_score>=0.6_expected>=2000_top10_by_direct_ticket_score,13162,104028,7.903662057438079,10402800,8494490,-1908310,0.8165580420655977,0.8083506363671319,1296,0.012458184334986735,0.0984652788330041,0.687266271814186,0.6000030084261291,66.413515591956,64.0,4533.6536654132115,85380,0.010051221438838588,0.7025177069499778,0.8171476789406699,6,0
odds_50_500_score>=0.6_expected>=3000_top10_by_direct_ticket_score,13162,104028,7.903662057438079,10402800,8494490,-1908310,0.8165580420655977,0.8083506363671319,1296,0.012458184334986735,0.0984652788330041,0.687266271814186,0.6000030084261291,66.413515591956,64.0,4533.6536654132115,85380,0.010051221438838588,0.7025177069499778,0.8171476789406699,6,0
odds_50_1000_score>=0.6_expected>=0_top10_by_direct_ticket_score,13162,104028,7.903662057438079,10402800,8494490,-1908310,0.8165580420655977,0.8083506363671319,1296,0.012458184334986735,0.0984652788330041,0.687266271814186,0.6000030084261291,66.413515591956,64.0,4533.6536654132115,85380,0.010051221438838588,0.7025177069499778,0.8171476789406699,6,0
odds_50_1000_score>=0.6_expected>=500_top10_by_direct_ticket_score,13162,104028,7.903662057438079,10402800,8494490,-1908310,0.8165580420655977,0.8083506363671319,1296,0.012458184334986735,0.0984652788330041,0.687266271814186,0.6000030084261291,66.413515591956,64.0,4533.6536654132115,85380,0.010051221438838588,0.7025177069499778,0.8171476789406699,6,0
odds_50_1000_score>=0.6_expected>=1000_top10_by_direct_ticket_score,13162,104028,7.903662057438079,10402800,8494490,-1908310,0.8165580420655977,0.8083506363671319,1296,0.012458184334986735,0.0984652788330041,0.687266271814186,0.6000030084261291,66.413515591956,64.0,4533.6536654132115,85380,0.010051221438838588,0.7025177069499778,0.8171476789406699,6,0
odds_50_1000_score>=0.6_expected>=1500_top10_by_direct_ticket_score,13162,104028,7.903662057438079,10402800,8494490,-1908310,0.8165580420655977,0.8083506363671319,1296,0.012458184334986735,0.0984652788330041,0.687266271814186,0.6000030084261291,66.413515591956,64.0,4533.6536654132115,85380,0.010051221438838588,0.7025177069499778,0.8171476789406699,6,0
odds_50_1000_score>=0.6_expected>=2000_top10_by_direct_ticket_score,13162,104028,7.903662057438079,10402800,8494490,-1908310,0.8165580420655977,0.8083506363671319,1296,0.012458184334986735,0.0984652788330041,0.687266271814186,0.6000030084261291,66.413515591956,64.0,4533.6536654132115,85380,0.010051221438838588,0.7025177069499778,0.8171476789406699,6,0
odds_50_1000_score>=0.6_expected>=3000_top10_by_direct_ticket_score,13162,104028,7.903662057438079,10402800,8494490,-1908310,0.8165580420655977,0.8083506363671319,1296,0.012458184334986735,0.0984652788330041,0.687266271814186,0.6000030084261291,66.413515591956,64.0,4533.6536654132115,85380,0.010051221438838588,0.7025177069499778,0.8171476789406699,6,0
odds_50plus_score>=0.6_expected>=0_top10_by_direct_ticket_score,13162,104028,7.903662057438079,10402800,8494490,-1908310,0.8165580420655977,0.8083506363671319,1296,0.012458184334986735,0.0984652788330041,0.687266271814186,0.6000030084261291,66.413515591956,64.0,4533.6536654132115,85380,0.010051221438838588,0.7025177069499778,0.8171476789406699,6,0
odds_50plus_score>=0.6_expected>=500_top10_by_direct_ticket_score,13162,104028,7.903662057438079,10402800,8494490,-1908310,0.8165580420655977,0.8083506363671319,1296,0.012458184334986735,0.0984652788330041,0.687266271814186,0.6000030084261291,66.413515591956,64.0,4533.6536654132115,85380,0.010051221438838588,0.7025177069499778,0.8171476789406699,6,0
odds_50plus_score>=0.6_expected>=1000_top10_by_direct_ticket_score,13162,104028,7.903662057438079,10402800,8494490,-1908310,0.8165580420655977,0.8083506363671319,1296,0.012458184334986735,0.0984652788330041,0.687266271814186,0.6000030084261291,66.413515591956,64.0,4533.6536654132115,85380,0.010051221438838588,0.7025177069499778,0.8171476789406699,6,0
odds_50plus_score>=0.6_expected>=1500_top10_by_direct_ticket_score,13162,104028,7.903662057438079,10402800,8494490,-1908310,0.8165580420655977,0.8083506363671319,1296,0.012458184334986735,0.0984652788330041,0.687266271814186,0.6000030084261291,66.413515591956,64.0,4533.6536654132115,85380,0.010051221438838588,0.7025177069499778,0.8171476789406699,6,0
odds_50plus_score>=0.6_expected>=2000_top10_by_direct_ticket_score,13162,104028,7.903662057438079,10402800,8494490,-1908310,0.8165580420655977,0.8083506363671319,1296,0.012458184334986735,0.0984652788330041,0.687266271814186,0.6000030084261291,66.413515591956,64.0,4533.6536654132115,85380,0.010051221438838588,0.7025177069499778,0.8171476789406699,6,0
odds_50plus_score>=0.6_expected>=3000_top10_by_direct_ticket_score,13162,104028,7.903662057438079,10402800,8494490,-1908310,0.8165580420655977,0.8083506363671319,1296,0.012458184334986735,0.0984652788330041,0.687266271814186,0.6000030084261291,66.413515591956,64.0,4533.6536654132115,85380,0.010051221438838588,0.7025177069499778,0.8171476789406699,6,0
odds_30_500_score>=0.8_expected>=0_top2_by_direct_expected_return,10269,16981,1.653617684292531,1698100,1377800,-320300,0.811377421824392,0.8078911724868971,386,0.02273128791001708,0.037588859674749245,0.8260458137785223,0.8000008697212301,36.45711677757494,35.8,3004.5557594542943,5920,0.004296704891856583,0.5870003475842892,0.8082786565843681,6,0
odds_30_500_score>=0.8_expected>=500_top2_by_direct_expected_return,10269,16981,1.653617684292531,1698100,1377800,-320300,0.811377421824392,0.8078911724868971,386,0.02273128791001708,0.037588859674749245,0.8260458137785223,0.8000008697212301,36.45711677757494,35.8,3004.5557594542943,5920,0.004296704891856583,0.5870003475842892,0.8082786565843681,6,0
odds_30_500_score>=0.8_expected>=1000_top2_by_direct_expected_return,10269,16981,1.653617684292531,1698100,1377800,-320300,0.811377421824392,0.8078911724868971,386,0.02273128791001708,0.037588859674749245,0.8260458137785223,0.8000008697212301,36.45711677757494,35.8,3004.5557594542943,5920,0.004296704891856583,0.5870003475842892,0.8082786565843681,6,0
odds_30_500_score>=0.8_expected>=1500_top2_by_direct_expected_return,10269,16981,1.653617684292531,1698100,1377800,-320300,0.811377421824392,0.8078911724868971,386,0.02273128791001708,0.037588859674749245,0.8260458137785223,0.8000008697212301,36.45711677757494,35.8,3004.5557594542943,5920,0.004296704891856583,0.5870003475842892,0.8082786565843681,6,0
odds_30_500_score>=0.8_expected>=2000_top2_by_direct_expected_return,10269,16981,1.653617684292531,1698100,1377800,-320300,0.811377421824392,0.8078911724868971,386,0.02273128791001708,0.037588859674749245,0.8260458137785223,0.8000008697212301,36.45711677757494,35.8,3004.5557594542943,5920,0.004296704891856583,0.5870003475842892,0.8082786565843681,6,0
odds_30plus_score>=0.8_expected>=0_top2_by_direct_expected_return,10269,16981,1.653617684292531,1698100,1377800,-320300,0.811377421824392,0.8078911724868971,386,0.02273128791001708,0.037588859674749245,0.8260458137785223,0.8000008697212301,36.45711677757494,35.8,3004.5557594542943,5920,0.004296704891856583,0.5870003475842892,0.8082786565843681,6,0
odds_30plus_score>=0.8_expected>=500_top2_by_direct_expected_return,10269,16981,1.653617684292531,1698100,1377800,-320300,0.811377421824392,0.8078911724868971,386,0.02273128791001708,0.037588859674749245,0.8260458137785223,0.8000008697212301,36.45711677757494,35.8,3004.5557594542943,5920,0.004296704891856583,0.5870003475842892,0.8082786565843681,6,0
odds_30plus_score>=0.8_expected>=1000_top2_by_direct_expected_return,10269,16981,1.653617684292531,1698100,1377800,-320300,0.811377421824392,0.8078911724868971,386,0.02273128791001708,0.037588859674749245,0.8260458137785223,0.8000008697212301,36.45711677757494,35.8,3004.5557594542943,5920,0.004296704891856583,0.5870003475842892,0.8082786565843681,6,0
odds_30plus_score>=0.8_expected>=1500_top2_by_direct_expected_return,10269,16981,1.653617684292531,1698100,1377800,-320300,0.811377421824392,0.8078911724868971,386,0.02273128791001708,0.037588859674749245,0.8260458137785223,0.8000008697212301,36.45711677757494,35.8,3004.5557594542943,5920,0.004296704891856583,0.5870003475842892,0.8082786565843681,6,0
odds_30plus_score>=0.8_expected>=2000_top2_by_direct_expected_return,10269,16981,1.653617684292531,1698100,1377800,-320300,0.811377421824392,0.8078911724868971,386,0.02273128791001708,0.037588859674749245,0.8260458137785223,0.8000008697212301,36.45711677757494,35.8,3004.5557594542943,5920,0.004296704891856583,0.5870003475842892,0.8082786565843681,6,0
odds_30_500_score>=0.6_expected>=3000_top2_by_direct_ticket_score,13244,26382,1.991996375717306,2638200,2138250,-499950,0.810495792585854,0.8074103555454476,483,0.0183079372299295,0.03646934460887949,0.7746550853468233,0.6000845689872152,45.695277082859526,43.6,3519.49193761679,8140,0.0038068513971705833,0.698952996212965,0.8120639465344345,6,0
odds_30plus_score>=0.6_expected>=3000_top2_by_direct_ticket_score,13244,26382,1.991996375717306,2638200,2138250,-499950,0.810495792585854,0.8074103555454476,483,0.0183079372299295,0.03646934460887949,0.7746550853468233,0.6000845689872152,45.695277082859526,43.6,3519.49193761679,8140,0.0038068513971705833,0.698952996212965,0.8120639465344345,6,0
odds_100_1000_score>=0.6_expected>=0_top2_by_direct_ticket_score,1024,1168,1.140625,116800,106320,-10480,0.9102739726027397,0.8060787671232876,10,0.008561643835616438,0.009765625,0.6184542256211745,0.600012537524648,108.18664383561644,105.2,6690.370802553822,12170,0.11446576373212942,0.0,0.8410661473824493,6,2
odds_100_1000_score>=0.6_expected>=0_top2_by_direct_expected_return,1024,1168,1.140625,116800,106320,-10480,0.9102739726027397,0.8060787671232876,10,0.008561643835616438,0.009765625,0.61819966991191,0.600012537524648,108.36583904109591,105.3,6698.456744686152,12170,0.11446576373212942,0.0,0.8410661473824493,6,2
odds_100_1000_score>=0.6_expected>=500_top2_by_direct_ticket_score,1024,1168,1.140625,116800,106320,-10480,0.9102739726027397,0.8060787671232876,10,0.008561643835616438,0.009765625,0.6184542256211745,0.600012537524648,108.18664383561644,105.2,6690.370802553822,12170,0.11446576373212942,0.0,0.8410661473824493,6,2
odds_100_1000_score>=0.6_expected>=500_top2_by_direct_expected_return,1024,1168,1.140625,116800,106320,-10480,0.9102739726027397,0.8060787671232876,10,0.008561643835616438,0.009765625,0.61819966991191,0.600012537524648,108.36583904109591,105.3,6698.456744686152,12170,0.11446576373212942,0.0,0.8410661473824493,6,2
odds_100_1000_score>=0.6_expected>=1000_top2_by_direct_ticket_score,1024,1168,1.140625,116800,106320,-10480,0.9102739726027397,0.8060787671232876,10,0.008561643835616438,0.009765625,0.6184542256211745,0.600012537524648,108.18664383561644,105.2,6690.370802553822,12170,0.11446576373212942,0.0,0.8410661473824493,6,2
odds_100_1000_score>=0.6_expected>=1000_top2_by_direct_expected_return,1024,1168,1.140625,116800,106320,-10480,0.9102739726027397,0.8060787671232876,10,0.008561643835616438,0.009765625,0.61819966991191,0.600012537524648,108.36583904109591,105.3,6698.456744686152,12170,0.11446576373212942,0.0,0.8410661473824493,6,2
odds_100_1000_score>=0.6_expected>=1500_top2_by_direct_ticket_score,1024,1168,1.140625,116800,106320,-10480,0.9102739726027397,0.8060787671232876,10,0.008561643835616438,0.009765625,0.6184542256211745,0.600012537524648,108.18664383561644,105.2,6690.370802553822,12170,0.11446576373212942,0.0,0.8410661473824493,6,2
odds_100_1000_score>=0.6_expected>=1500_top2_by_direct_expected_return,1024,1168,1.140625,116800,106320,-10480,0.9102739726027397,0.8060787671232876,10,0.008561643835616438,0.009765625,0.61819966991191,0.600012537524648,108.36583904109591,105.3,6698.456744686152,12170,0.11446576373212942,0.0,0.8410661473824493,6,2
odds_100_1000_score>=0.6_expected>=2000_top2_by_direct_ticket_score,1024,1168,1.140625,116800,106320,-10480,0.9102739726027397,0.8060787671232876,10,0.008561643835616438,0.009765625,0.6184542256211745,0.600012537524648,108.18664383561644,105.2,6690.370802553822,12170,0.11446576373212942,0.0,0.8410661473824493,6,2
odds_100_1000_score>=0.6_expected>=2000_top2_by_direct_expected_return,1024,1168,1.140625,116800,106320,-10480,0.9102739726027397,0.8060787671232876,10,0.008561643835616438,0.009765625,0.61819966991191,0.600012537524648,108.36583904109591,105.3,6698.456744686152,12170,0.11446576373212942,0.0,0.8410661473824493,6,2
odds_100_1000_score>=0.6_expected>=3000_top2_by_direct_ticket_score,1024,1168,1.140625,116800,106320,-10480,0.9102739726027397,0.8060787671232876,10,0.008561643835616438,0.009765625,0.6184542256211745,0.600012537524648,108.18664383561644,105.2,6690.370802553822,12170,0.11446576373212942,0.0,0.8410661473824493,6,2
odds_100_1000_score>=0.6_expected>=3000_top2_by_direct_expected_return,1024,1168,1.140625,116800,106320,-10480,0.9102739726027397,0.8060787671232876,10,0.008561643835616438,0.009765625,0.61819966991191,0.600012537524648,108.36583904109591,105.3,6698.456744686152,12170,0.11446576373212942,0.0,0.8410661473824493,6,2
odds_100_1000_score>=0.6_expected>=5000_top2_by_direct_ticket_score,1024,1168,1.140625,116800,106320,-10480,0.9102739726027397,0.8060787671232876,10,0.008561643835616438,0.009765625,0.6184542256211745,0.600012537524648,108.18664383561644,105.2,6690.370802553822,12170,0.11446576373212942,0.0,0.8410661473824493,6,2
odds_100_1000_score>=0.6_expected>=5000_top2_by_direct_expected_return,1024,1168,1.140625,116800,106320,-10480,0.9102739726027397,0.8060787671232876,10,0.008561643835616438,0.009765625,0.61819966991191,0.600012537524648,108.36583904109591,105.3,6698.456744686152,12170,0.11446576373212942,0.0,0.8410661473824493,6,2
odds_100plus_score>=0.6_expected>=0_top2_by_direct_ticket_score,1024,1168,1.140625,116800,106320,-10480,0.9102739726027397,0.8060787671232876,10,0.008561643835616438,0.009765625,0.6184542256211745,0.600012537524648,108.18664383561644,105.2,6690.370802553822,12170,0.11446576373212942,0.0,0.8410661473824493,6,2
odds_100plus_score>=0.6_expected>=0_top2_by_direct_expected_return,1024,1168,1.140625,116800,106320,-10480,0.9102739726027397,0.8060787671232876,10,0.008561643835616438,0.009765625,0.61819966991191,0.600012537524648,108.36583904109591,105.3,6698.456744686152,12170,0.11446576373212942,0.0,0.8410661473824493,6,2
odds_100plus_score>=0.6_expected>=500_top2_by_direct_ticket_score,1024,1168,1.140625,116800,106320,-10480,0.9102739726027397,0.8060787671232876,10,0.008561643835616438,0.009765625,0.6184542256211745,0.600012537524648,108.18664383561644,105.2,6690.370802553822,12170,0.11446576373212942,0.0,0.8410661473824493,6,2
odds_100plus_score>=0.6_expected>=500_top2_by_direct_expected_return,1024,1168,1.140625,116800,106320,-10480,0.9102739726027397,0.8060787671232876,10,0.008561643835616438,0.009765625,0.61819966991191,0.600012537524648,108.36583904109591,105.3,6698.456744686152,12170,0.11446576373212942,0.0,0.8410661473824493,6,2
odds_100plus_score>=0.6_expected>=1000_top2_by_direct_ticket_score,1024,1168,1.140625,116800,106320,-10480,0.9102739726027397,0.8060787671232876,10,0.008561643835616438,0.009765625,0.6184542256211745,0.600012537524648,108.18664383561644,105.2,6690.370802553822,12170,0.11446576373212942,0.0,0.8410661473824493,6,2
odds_100plus_score>=0.6_expected>=1000_top2_by_direct_expected_return,1024,1168,1.140625,116800,106320,-10480,0.9102739726027397,0.8060787671232876,10,0.008561643835616438,0.009765625,0.61819966991191,0.600012537524648,108.36583904109591,105.3,6698.456744686152,12170,0.11446576373212942,0.0,0.8410661473824493,6,2
odds_100plus_score>=0.6_expected>=1500_top2_by_direct_ticket_score,1024,1168,1.140625,116800,106320,-10480,0.9102739726027397,0.8060787671232876,10,0.008561643835616438,0.009765625,0.6184542256211745,0.600012537524648,108.18664383561644,105.2,6690.370802553822,12170,0.11446576373212942,0.0,0.8410661473824493,6,2
odds_100plus_score>=0.6_expected>=1500_top2_by_direct_expected_return,1024,1168,1.140625,116800,106320,-10480,0.9102739726027397,0.8060787671232876,10,0.008561643835616438,0.009765625,0.61819966991191,0.600012537524648,108.36583904109591,105.3,6698.456744686152,12170,0.11446576373212942,0.0,0.8410661473824493,6,2
odds_100plus_score>=0.6_expected>=2000_top2_by_direct_ticket_score,1024,1168,1.140625,116800,106320,-10480,0.9102739726027397,0.8060787671232876,10,0.008561643835616438,0.009765625,0.6184542256211745,0.600012537524648,108.18664383561644,105.2,6690.370802553822,12170,0.11446576373212942,0.0,0.8410661473824493,6,2
odds_100plus_score>=0.6_expected>=2000_top2_by_direct_expected_return,1024,1168,1.140625,116800,106320,-10480,0.9102739726027397,0.8060787671232876,10,0.008561643835616438,0.009765625,0.61819966991191,0.600012537524648,108.36583904109591,105.3,6698.456744686152,12170,0.11446576373212942,0.0,0.8410661473824493,6,2
odds_100plus_score>=0.6_expected>=3000_top2_by_direct_ticket_score,1024,1168,1.140625,116800,106320,-10480,0.9102739726027397,0.8060787671232876,10,0.008561643835616438,0.009765625,0.6184542256211745,0.600012537524648,108.18664383561644,105.2,6690.370802553822,12170,0.11446576373212942,0.0,0.8410661473824493,6,2
odds_100plus_score>=0.6_expected>=3000_top2_by_direct_expected_return,1024,1168,1.140625,116800,106320,-10480,0.9102739726027397,0.8060787671232876,10,0.008561643835616438,0.009765625,0.61819966991191,0.600012537524648,108.36583904109591,105.3,6698.456744686152,12170,0.11446576373212942,0.0,0.8410661473824493,6,2
odds_100plus_score>=0.6_expected>=5000_top2_by_direct_ticket_score,1024,1168,1.140625,116800,106320,-10480,0.9102739726027397,0.8060787671232876,10,0.008561643835616438,0.009765625,0.6184542256211745,0.600012537524648,108.18664383561644,105.2,6690.370802553822,12170,0.11446576373212942,0.0,0.8410661473824493,6,2
odds_100plus_score>=0.6_expected>=5000_top2_by_direct_expected_return,1024,1168,1.140625,116800,106320,-10480,0.9102739726027397,0.8060787671232876,10,0.008561643835616438,0.009765625,0.61819966991191,0.600012537524648,108.36583904109591,105.3,6698.456744686152,12170,0.11446576373212942,0.0,0.8410661473824493,6,2
odds_30_500_score>=0.7_expected>=0_top10_by_direct_ticket_score,13216,102904,7.786319612590799,10290400,8297690,-1992710,0.8063525227396409,0.8054516831221332,1956,0.019008007463266734,0.14800242130750604,0.7714182423891871,0.7000033015822704,44.528799657933604,42.7,3406.431964758053,9270,0.0011171783954329459,0.7762136190423593,0.8065955555216381,6,0
odds_30_500_score>=0.7_expected>=500_top10_by_direct_ticket_score,13216,102904,7.786319612590799,10290400,8297690,-1992710,0.8063525227396409,0.8054516831221332,1956,0.019008007463266734,0.14800242130750604,0.7714182423891871,0.7000033015822704,44.528799657933604,42.7,3406.431964758053,9270,0.0011171783954329459,0.7762136190423593,0.8065955555216381,6,0
odds_30_500_score>=0.7_expected>=1000_top10_by_direct_ticket_score,13216,102904,7.786319612590799,10290400,8297690,-1992710,0.8063525227396409,0.8054516831221332,1956,0.019008007463266734,0.14800242130750604,0.7714182423891871,0.7000033015822704,44.528799657933604,42.7,3406.431964758053,9270,0.0011171783954329459,0.7762136190423593,0.8065955555216381,6,0
odds_30_500_score>=0.7_expected>=1500_top10_by_direct_ticket_score,13216,102904,7.786319612590799,10290400,8297690,-1992710,0.8063525227396409,0.8054516831221332,1956,0.019008007463266734,0.14800242130750604,0.7714182423891871,0.7000033015822704,44.528799657933604,42.7,3406.431964758053,9270,0.0011171783954329459,0.7762136190423593,0.8065955555216381,6,0
odds_30_500_score>=0.7_expected>=2000_top10_by_direct_ticket_score,13216,102904,7.786319612590799,10290400,8297690,-1992710,0.8063525227396409,0.8054516831221332,1956,0.019008007463266734,0.14800242130750604,0.7714182423891871,0.7000033015822704,44.528799657933604,42.7,3406.431964758053,9270,0.0011171783954329459,0.7762136190423593,0.8065955555216381,6,0
odds_30plus_score>=0.7_expected>=0_top10_by_direct_ticket_score,13216,102904,7.786319612590799,10290400,8297690,-1992710,0.8063525227396409,0.8054516831221332,1956,0.019008007463266734,0.14800242130750604,0.7714182423891871,0.7000033015822704,44.528799657933604,42.7,3406.431964758053,9270,0.0011171783954329459,0.7762136190423593,0.8065955555216381,6,0
odds_30plus_score>=0.7_expected>=500_top10_by_direct_ticket_score,13216,102904,7.786319612590799,10290400,8297690,-1992710,0.8063525227396409,0.8054516831221332,1956,0.019008007463266734,0.14800242130750604,0.7714182423891871,0.7000033015822704,44.528799657933604,42.7,3406.431964758053,9270,0.0011171783954329459,0.7762136190423593,0.8065955555216381,6,0
odds_30plus_score>=0.7_expected>=1000_top10_by_direct_ticket_score,13216,102904,7.786319612590799,10290400,8297690,-1992710,0.8063525227396409,0.8054516831221332,1956,0.019008007463266734,0.14800242130750604,0.7714182423891871,0.7000033015822704,44.528799657933604,42.7,3406.431964758053,9270,0.0011171783954329459,0.7762136190423593,0.8065955555216381,6,0
odds_30plus_score>=0.7_expected>=1500_top10_by_direct_ticket_score,13216,102904,7.786319612590799,10290400,8297690,-1992710,0.8063525227396409,0.8054516831221332,1956,0.019008007463266734,0.14800242130750604,0.7714182423891871,0.7000033015822704,44.528799657933604,42.7,3406.431964758053,9270,0.0011171783954329459,0.7762136190423593,0.8065955555216381,6,0
odds_30plus_score>=0.7_expected>=2000_top10_by_direct_ticket_score,13216,102904,7.786319612590799,10290400,8297690,-1992710,0.8063525227396409,0.8054516831221332,1956,0.019008007463266734,0.14800242130750604,0.7714182423891871,0.7000033015822704,44.528799657933604,42.7,3406.431964758053,9270,0.0011171783954329459,0.7762136190423593,0.8065955555216381,6,0
odds_30_500_score>=0.6_expected>=2000_top10_by_direct_ticket_score,13294,125287,9.424326763953664,12528700,10170550,-2358150,0.8117801527692419,0.8049653994428791,2240,0.01787894993095852,0.16849706634571987,0.7521007716279525,0.6000257716914846,47.95039629011789,45.3,3550.334353821699,85380,0.008394826238502342,0.7558631698973775,0.8116759198898826,6,0
odds_30plus_score>=0.6_expected>=2000_top10_by_direct_ticket_score,13294,125287,9.424326763953664,12528700,10170550,-2358150,0.8117801527692419,0.8049653994428791,2240,0.01787894993095852,0.16849706634571987,0.7521007716279525,0.6000257716914846,47.95039629011789,45.3,3550.334353821699,85380,0.008394826238502342,0.7558631698973775,0.8116759198898826,6,0
odds_30_500_score>=0.6_expected>=0_top10_by_direct_ticket_score,13295,125299,9.424520496427228,12529900,10170550,-2359350,0.8117024078404457,0.8048883071692512,2240,0.01787723764754707,0.16848439262880782,0.7520876692009038,0.6000257716914846,47.9484106018404,45.3,3550.1547808423816,85380,0.008394826238502342,0.755794226296347,0.8115997968948593,6,0
odds_30_500_score>=0.6_expected>=500_top10_by_direct_ticket_score,13295,125299,9.424520496427228,12529900,10170550,-2359350,0.8117024078404457,0.8048883071692512,2240,0.01787723764754707,0.16848439262880782,0.7520876692009038,0.6000257716914846,47.9484106018404,45.3,3550.1547808423816,85380,0.008394826238502342,0.755794226296347,0.8115997968948593,6,0
odds_30_500_score>=0.6_expected>=1000_top10_by_direct_ticket_score,13295,125299,9.424520496427228,12529900,10170550,-2359350,0.8117024078404457,0.8048883071692512,2240,0.01787723764754707,0.16848439262880782,0.7520876692009038,0.6000257716914846,47.9484106018404,45.3,3550.1547808423816,85380,0.008394826238502342,0.755794226296347,0.8115997968948593,6,0
odds_30_500_score>=0.6_expected>=1500_top10_by_direct_ticket_score,13295,125299,9.424520496427228,12529900,10170550,-2359350,0.8117024078404457,0.8048883071692512,2240,0.01787723764754707,0.16848439262880782,0.7520876692009038,0.6000257716914846,47.9484106018404,45.3,3550.1547808423816,85380,0.008394826238502342,0.755794226296347,0.8115997968948593,6,0
odds_30plus_score>=0.6_expected>=0_top10_by_direct_ticket_score,13295,125299,9.424520496427228,12529900,10170550,-2359350,0.8117024078404457,0.8048883071692512,2240,0.01787723764754707,0.16848439262880782,0.7520876692009038,0.6000257716914846,47.9484106018404,45.3,3550.1547808423816,85380,0.008394826238502342,0.755794226296347,0.8115997968948593,6,0
odds_30plus_score>=0.6_expected>=500_top10_by_direct_ticket_score,13295,125299,9.424520496427228,12529900,10170550,-2359350,0.8117024078404457,0.8048883071692512,2240,0.01787723764754707,0.16848439262880782,0.7520876692009038,0.6000257716914846,47.9484106018404,45.3,3550.1547808423816,85380,0.008394826238502342,0.755794226296347,0.8115997968948593,6,0
odds_30plus_score>=0.6_expected>=1000_top10_by_direct_ticket_score,13295,125299,9.424520496427228,12529900,10170550,-2359350,0.8117024078404457,0.8048883071692512,2240,0.01787723764754707,0.16848439262880782,0.7520876692009038,0.6000257716914846,47.9484106018404,45.3,3550.1547808423816,85380,0.008394826238502342,0.755794226296347,0.8115997968948593,6,0
odds_30plus_score>=0.6_expected>=1500_top10_by_direct_ticket_score,13295,125299,9.424520496427228,12529900,10170550,-2359350,0.8117024078404457,0.8048883071692512,2240,0.01787723764754707,0.16848439262880782,0.7520876692009038,0.6000257716914846,47.9484106018404,45.3,3550.1547808423816,85380,0.008394826238502342,0.755794226296347,0.8115997968948593,6,0
odds_30_500_score>=0.5_expected>=2000_top10_by_direct_ticket_score,13305,130153,9.782262307403231,13015300,10553920,-2461380,0.8108856499658095,0.8043256782402249,2292,0.017610043564113005,0.17226606538895153,0.7449406556470886,0.5000269802273916,49.080644318609636,45.9,3581.0366125138303,85380,0.008089885085352173,0.749642496819757,0.8107634191059887,6,0
odds_30plus_score>=0.5_expected>=2000_top10_by_direct_ticket_score,13305,130153,9.782262307403231,13015300,10553920,-2461380,0.8108856499658095,0.8043256782402249,2292,0.017610043564113005,0.17226606538895153,0.7449406556470886,0.5000269802273916,49.080644318609636,45.9,3581.0366125138303,85380,0.008089885085352173,0.749642496819757,0.8107634191059887,6,0
odds_30_500_score>=0.5_expected>=0_top10_by_direct_ticket_score,13305,130173,9.783765501691093,13017300,10553920,-2463380,0.8107610641223603,0.8042021002819325,2292,0.01760733792721993,0.17226606538895153,0.7449194495314423,0.5000269802273916,49.071404208245944,45.9,3580.4284056060296,85380,0.008089885085352173,0.7495109863602474,0.8106415083428326,6,0
odds_30_500_score>=0.5_expected>=500_top10_by_direct_ticket_score,13305,130173,9.783765501691093,13017300,10553920,-2463380,0.8107610641223603,0.8042021002819325,2292,0.01760733792721993,0.17226606538895153,0.7449194495314423,0.5000269802273916,49.071404208245944,45.9,3580.4284056060296,85380,0.008089885085352173,0.7495109863602474,0.8106415083428326,6,0
odds_30_500_score>=0.5_expected>=1000_top10_by_direct_ticket_score,13305,130173,9.783765501691093,13017300,10553920,-2463380,0.8107610641223603,0.8042021002819325,2292,0.01760733792721993,0.17226606538895153,0.7449194495314423,0.5000269802273916,49.071404208245944,45.9,3580.4284056060296,85380,0.008089885085352173,0.7495109863602474,0.8106415083428326,6,0
odds_30_500_score>=0.5_expected>=1500_top10_by_direct_ticket_score,13305,130173,9.783765501691093,13017300,10553920,-2463380,0.8107610641223603,0.8042021002819325,2292,0.01760733792721993,0.17226606538895153,0.7449194495314423,0.5000269802273916,49.071404208245944,45.9,3580.4284056060296,85380,0.008089885085352173,0.7495109863602474,0.8106415083428326,6,0
odds_30plus_score>=0.5_expected>=0_top10_by_direct_ticket_score,13305,130173,9.783765501691093,13017300,10553920,-2463380,0.8107610641223603,0.8042021002819325,2292,0.01760733792721993,0.17226606538895153,0.7449194495314423,0.5000269802273916,49.071404208245944,45.9,3580.4284056060296,85380,0.008089885085352173,0.7495109863602474,0.8106415083428326,6,0
odds_30plus_score>=0.5_expected>=500_top10_by_direct_ticket_score,13305,130173,9.783765501691093,13017300,10553920,-2463380,0.8107610641223603,0.8042021002819325,2292,0.01760733792721993,0.17226606538895153,0.7449194495314423,0.5000269802273916,49.071404208245944,45.9,3580.4284056060296,85380,0.008089885085352173,0.7495109863602474,0.8106415083428326,6,0
odds_30plus_score>=0.5_expected>=1000_top10_by_direct_ticket_score,13305,130173,9.783765501691093,13017300,10553920,-2463380,0.8107610641223603,0.8042021002819325,2292,0.01760733792721993,0.17226606538895153,0.7449194495314423,0.5000269802273916,49.071404208245944,45.9,3580.4284056060296,85380,0.008089885085352173,0.7495109863602474,0.8106415083428326,6,0
odds_30plus_score>=0.5_expected>=1500_top10_by_direct_ticket_score,13305,130173,9.783765501691093,13017300,10553920,-2463380,0.8107610641223603,0.8042021002819325,2292,0.01760733792721993,0.17226606538895153,0.7449194495314423,0.5000269802273916,49.071404208245944,45.9,3580.4284056060296,85380,0.008089885085352173,0.7495109863602474,0.8106415083428326,6,0
odds_50_500_score>=0.7_expected>=0_top3_by_direct_ticket_score,11410,27887,2.4440841367221737,2788700,2249990,-538710,0.8068239681572059,0.8038118119553914,394,0.014128446946605946,0.03453111305872042,0.7390343460916515,0.7000142473232887,58.032932907806504,56.4,4284.271126347489,8400,0.003733349925999671,0.6062985685071575,0.8047702931313313,6,1
odds_50_500_score>=0.7_expected>=500_top3_by_direct_ticket_score,11410,27887,2.4440841367221737,2788700,2249990,-538710,0.8068239681572059,0.8038118119553914,394,0.014128446946605946,0.03453111305872042,0.7390343460916515,0.7000142473232887,58.032932907806504,56.4,4284.271126347489,8400,0.003733349925999671,0.6062985685071575,0.8047702931313313,6,1
odds_50_500_score>=0.7_expected>=1000_top3_by_direct_ticket_score,11410,27887,2.4440841367221737,2788700,2249990,-538710,0.8068239681572059,0.8038118119553914,394,0.014128446946605946,0.03453111305872042,0.7390343460916515,0.7000142473232887,58.032932907806504,56.4,4284.271126347489,8400,0.003733349925999671,0.6062985685071575,0.8047702931313313,6,1
odds_50_500_score>=0.7_expected>=1500_top3_by_direct_ticket_score,11410,27887,2.4440841367221737,2788700,2249990,-538710,0.8068239681572059,0.8038118119553914,394,0.014128446946605946,0.03453111305872042,0.7390343460916515,0.7000142473232887,58.032932907806504,56.4,4284.271126347489,8400,0.003733349925999671,0.6062985685071575,0.8047702931313313,6,1
odds_50_500_score>=0.7_expected>=2000_top3_by_direct_ticket_score,11410,27887,2.4440841367221737,2788700,2249990,-538710,0.8068239681572059,0.8038118119553914,394,0.014128446946605946,0.03453111305872042,0.7390343460916515,0.7000142473232887,58.032932907806504,56.4,4284.271126347489,8400,0.003733349925999671,0.6062985685071575,0.8047702931313313,6,1
odds_50_500_score>=0.7_expected>=3000_top3_by_direct_ticket_score,11410,27887,2.4440841367221737,2788700,2249990,-538710,0.8068239681572059,0.8038118119553914,394,0.014128446946605946,0.03453111305872042,0.7390343460916515,0.7000142473232887,58.032932907806504,56.4,4284.271126347489,8400,0.003733349925999671,0.6062985685071575,0.8047702931313313,6,1
odds_50_1000_score>=0.7_expected>=0_top3_by_direct_ticket_score,11410,27887,2.4440841367221737,2788700,2249990,-538710,0.8068239681572059,0.8038118119553914,394,0.014128446946605946,0.03453111305872042,0.7390343460916515,0.7000142473232887,58.032932907806504,56.4,4284.271126347489,8400,0.003733349925999671,0.6062985685071575,0.8047702931313313,6,1
odds_50_1000_score>=0.7_expected>=500_top3_by_direct_ticket_score,11410,27887,2.4440841367221737,2788700,2249990,-538710,0.8068239681572059,0.8038118119553914,394,0.014128446946605946,0.03453111305872042,0.7390343460916515,0.7000142473232887,58.032932907806504,56.4,4284.271126347489,8400,0.003733349925999671,0.6062985685071575,0.8047702931313313,6,1
odds_50_1000_score>=0.7_expected>=1000_top3_by_direct_ticket_score,11410,27887,2.4440841367221737,2788700,2249990,-538710,0.8068239681572059,0.8038118119553914,394,0.014128446946605946,0.03453111305872042,0.7390343460916515,0.7000142473232887,58.032932907806504,56.4,4284.271126347489,8400,0.003733349925999671,0.6062985685071575,0.8047702931313313,6,1
odds_50_1000_score>=0.7_expected>=1500_top3_by_direct_ticket_score,11410,27887,2.4440841367221737,2788700,2249990,-538710,0.8068239681572059,0.8038118119553914,394,0.014128446946605946,0.03453111305872042,0.7390343460916515,0.7000142473232887,58.032932907806504,56.4,4284.271126347489,8400,0.003733349925999671,0.6062985685071575,0.8047702931313313,6,1
odds_50_1000_score>=0.7_expected>=2000_top3_by_direct_ticket_score,11410,27887,2.4440841367221737,2788700,2249990,-538710,0.8068239681572059,0.8038118119553914,394,0.014128446946605946,0.03453111305872042,0.7390343460916515,0.7000142473232887,58.032932907806504,56.4,4284.271126347489,8400,0.003733349925999671,0.6062985685071575,0.8047702931313313,6,1
odds_50_1000_score>=0.7_expected>=3000_top3_by_direct_ticket_score,11410,27887,2.4440841367221737,2788700,2249990,-538710,0.8068239681572059,0.8038118119553914,394,0.014128446946605946,0.03453111305872042,0.7390343460916515,0.7000142473232887,58.032932907806504,56.4,4284.271126347489,8400,0.003733349925999671,0.6062985685071575,0.8047702931313313,6,1
odds_50plus_score>=0.7_expected>=0_top3_by_direct_ticket_score,11410,27887,2.4440841367221737,2788700,2249990,-538710,0.8068239681572059,0.8038118119553914,394,0.014128446946605946,0.03453111305872042,0.7390343460916515,0.7000142473232887,58.032932907806504,56.4,4284.271126347489,8400,0.003733349925999671,0.6062985685071575,0.8047702931313313,6,1
odds_50plus_score>=0.7_expected>=500_top3_by_direct_ticket_score,11410,27887,2.4440841367221737,2788700,2249990,-538710,0.8068239681572059,0.8038118119553914,394,0.014128446946605946,0.03453111305872042,0.7390343460916515,0.7000142473232887,58.032932907806504,56.4,4284.271126347489,8400,0.003733349925999671,0.6062985685071575,0.8047702931313313,6,1
odds_50plus_score>=0.7_expected>=1000_top3_by_direct_ticket_score,11410,27887,2.4440841367221737,2788700,2249990,-538710,0.8068239681572059,0.8038118119553914,394,0.014128446946605946,0.03453111305872042,0.7390343460916515,0.7000142473232887,58.032932907806504,56.4,4284.271126347489,8400,0.003733349925999671,0.6062985685071575,0.8047702931313313,6,1
odds_50plus_score>=0.7_expected>=1500_top3_by_direct_ticket_score,11410,27887,2.4440841367221737,2788700,2249990,-538710,0.8068239681572059,0.8038118119553914,394,0.014128446946605946,0.03453111305872042,0.7390343460916515,0.7000142473232887,58.032932907806504,56.4,4284.271126347489,8400,0.003733349925999671,0.6062985685071575,0.8047702931313313,6,1
odds_50plus_score>=0.7_expected>=2000_top3_by_direct_ticket_score,11410,27887,2.4440841367221737,2788700,2249990,-538710,0.8068239681572059,0.8038118119553914,394,0.014128446946605946,0.03453111305872042,0.7390343460916515,0.7000142473232887,58.032932907806504,56.4,4284.271126347489,8400,0.003733349925999671,0.6062985685071575,0.8047702931313313,6,1
odds_50plus_score>=0.7_expected>=3000_top3_by_direct_ticket_score,11410,27887,2.4440841367221737,2788700,2249990,-538710,0.8068239681572059,0.8038118119553914,394,0.014128446946605946,0.03453111305872042,0.7390343460916515,0.7000142473232887,58.032932907806504,56.4,4284.271126347489,8400,0.003733349925999671,0.6062985685071575,0.8047702931313313,6,1
odds_30_500_score>=0.8_expected>=0_top5_by_direct_ticket_score,10269,23592,2.2973999415717206,2359200,1898610,-460590,0.8047685656154628,0.802263479145473,547,0.02318582570362835,0.053267114616807866,0.8290216439342705,0.8000008697212301,35.37965835876568,34.4,2926.437203228659,5910,0.003112803577353959,0.5850203458799593,0.8009553653985669,6,0
odds_30_500_score>=0.8_expected>=500_top5_by_direct_ticket_score,10269,23592,2.2973999415717206,2359200,1898610,-460590,0.8047685656154628,0.802263479145473,547,0.02318582570362835,0.053267114616807866,0.8290216439342705,0.8000008697212301,35.37965835876568,34.4,2926.437203228659,5910,0.003112803577353959,0.5850203458799593,0.8009553653985669,6,0
odds_30_500_score>=0.8_expected>=1000_top5_by_direct_ticket_score,10269,23592,2.2973999415717206,2359200,1898610,-460590,0.8047685656154628,0.802263479145473,547,0.02318582570362835,0.053267114616807866,0.8290216439342705,0.8000008697212301,35.37965835876568,34.4,2926.437203228659,5910,0.003112803577353959,0.5850203458799593,0.8009553653985669,6,0
odds_30_500_score>=0.8_expected>=1500_top5_by_direct_ticket_score,10269,23592,2.2973999415717206,2359200,1898610,-460590,0.8047685656154628,0.802263479145473,547,0.02318582570362835,0.053267114616807866,0.8290216439342705,0.8000008697212301,35.37965835876568,34.4,2926.437203228659,5910,0.003112803577353959,0.5850203458799593,0.8009553653985669,6,0
odds_30_500_score>=0.8_expected>=2000_top5_by_direct_ticket_score,10269,23592,2.2973999415717206,2359200,1898610,-460590,0.8047685656154628,0.802263479145473,547,0.02318582570362835,0.053267114616807866,0.8290216439342705,0.8000008697212301,35.37965835876568,34.4,2926.437203228659,5910,0.003112803577353959,0.5850203458799593,0.8009553653985669,6,0
odds_30plus_score>=0.8_expected>=0_top5_by_direct_ticket_score,10269,23592,2.2973999415717206,2359200,1898610,-460590,0.8047685656154628,0.802263479145473,547,0.02318582570362835,0.053267114616807866,0.8290216439342705,0.8000008697212301,35.37965835876568,34.4,2926.437203228659,5910,0.003112803577353959,0.5850203458799593,0.8009553653985669,6,0
odds_30plus_score>=0.8_expected>=500_top5_by_direct_ticket_score,10269,23592,2.2973999415717206,2359200,1898610,-460590,0.8047685656154628,0.802263479145473,547,0.02318582570362835,0.053267114616807866,0.8290216439342705,0.8000008697212301,35.37965835876568,34.4,2926.437203228659,5910,0.003112803577353959,0.5850203458799593,0.8009553653985669,6,0
odds_30plus_score>=0.8_expected>=1000_top5_by_direct_ticket_score,10269,23592,2.2973999415717206,2359200,1898610,-460590,0.8047685656154628,0.802263479145473,547,0.02318582570362835,0.053267114616807866,0.8290216439342705,0.8000008697212301,35.37965835876568,34.4,2926.437203228659,5910,0.003112803577353959,0.5850203458799593,0.8009553653985669,6,0
odds_30plus_score>=0.8_expected>=1500_top5_by_direct_ticket_score,10269,23592,2.2973999415717206,2359200,1898610,-460590,0.8047685656154628,0.802263479145473,547,0.02318582570362835,0.053267114616807866,0.8290216439342705,0.8000008697212301,35.37965835876568,34.4,2926.437203228659,5910,0.003112803577353959,0.5850203458799593,0.8009553653985669,6,0
odds_30plus_score>=0.8_expected>=2000_top5_by_direct_ticket_score,10269,23592,2.2973999415717206,2359200,1898610,-460590,0.8047685656154628,0.802263479145473,547,0.02318582570362835,0.053267114616807866,0.8290216439342705,0.8000008697212301,35.37965835876568,34.4,2926.437203228659,5910,0.003112803577353959,0.5850203458799593,0.8009553653985669,6,0
odds_50_500_score>=0.5_expected>=3000_top3_by_direct_ticket_score,13288,39628,2.982239614689946,3962800,3184650,-778150,0.8036363177551227,0.8009362067225194,537,0.013551024528111437,0.040412402167369056,0.7147648052339515,0.5003087171871893,60.45509992934289,58.3,4299.0260128972495,10700,0.003359866861350541,0.6090293778801843,0.8027727406481175,6,1
odds_50_1000_score>=0.5_expected>=3000_top3_by_direct_ticket_score,13288,39628,2.982239614689946,3962800,3184650,-778150,0.8036363177551227,0.8009362067225194,537,0.013551024528111437,0.040412402167369056,0.7147648052339515,0.5003087171871893,60.45509992934289,58.3,4299.0260128972495,10700,0.003359866861350541,0.6090293778801843,0.8027727406481175,6,1
odds_50plus_score>=0.5_expected>=3000_top3_by_direct_ticket_score,13288,39628,2.982239614689946,3962800,3184650,-778150,0.8036363177551227,0.8009362067225194,537,0.013551024528111437,0.040412402167369056,0.7147648052339515,0.5003087171871893,60.45509992934289,58.3,4299.0260128972495,10700,0.003359866861350541,0.6090293778801843,0.8027727406481175,6,1
odds_50_500_score>=0.5_expected>=0_top3_by_direct_ticket_score,13295,39653,2.982549830763445,3965300,3184650,-780650,0.803129649711245,0.8004312410158122,537,0.013542481022873427,0.040391124482888306,0.7146596831843124,0.5003087171871893,60.44061987743676,58.3,4297.619918667769,10700,0.003359866861350541,0.608153580672994,0.8023136267679895,6,1
odds_50_500_score>=0.5_expected>=500_top3_by_direct_ticket_score,13295,39653,2.982549830763445,3965300,3184650,-780650,0.803129649711245,0.8004312410158122,537,0.013542481022873427,0.040391124482888306,0.7146596831843124,0.5003087171871893,60.44061987743676,58.3,4297.619918667769,10700,0.003359866861350541,0.608153580672994,0.8023136267679895,6,1
odds_50_500_score>=0.5_expected>=1000_top3_by_direct_ticket_score,13295,39653,2.982549830763445,3965300,3184650,-780650,0.803129649711245,0.8004312410158122,537,0.013542481022873427,0.040391124482888306,0.7146596831843124,0.5003087171871893,60.44061987743676,58.3,4297.619918667769,10700,0.003359866861350541,0.608153580672994,0.8023136267679895,6,1
odds_50_500_score>=0.5_expected>=1500_top3_by_direct_ticket_score,13295,39653,2.982549830763445,3965300,3184650,-780650,0.803129649711245,0.8004312410158122,537,0.013542481022873427,0.040391124482888306,0.7146596831843124,0.5003087171871893,60.44061987743676,58.3,4297.619918667769,10700,0.003359866861350541,0.608153580672994,0.8023136267679895,6,1
odds_50_500_score>=0.5_expected>=2000_top3_by_direct_ticket_score,13295,39653,2.982549830763445,3965300,3184650,-780650,0.803129649711245,0.8004312410158122,537,0.013542481022873427,0.040391124482888306,0.7146596831843124,0.5003087171871893,60.44061987743676,58.3,4297.619918667769,10700,0.003359866861350541,0.608153580672994,0.8023136267679895,6,1
odds_50_1000_score>=0.5_expected>=0_top3_by_direct_ticket_score,13295,39653,2.982549830763445,3965300,3184650,-780650,0.803129649711245,0.8004312410158122,537,0.013542481022873427,0.040391124482888306,0.7146596831843124,0.5003087171871893,60.44061987743676,58.3,4297.619918667769,10700,0.003359866861350541,0.608153580672994,0.8023136267679895,6,1
odds_50_1000_score>=0.5_expected>=500_top3_by_direct_ticket_score,13295,39653,2.982549830763445,3965300,3184650,-780650,0.803129649711245,0.8004312410158122,537,0.013542481022873427,0.040391124482888306,0.7146596831843124,0.5003087171871893,60.44061987743676,58.3,4297.619918667769,10700,0.003359866861350541,0.608153580672994,0.8023136267679895,6,1
odds_50_1000_score>=0.5_expected>=1000_top3_by_direct_ticket_score,13295,39653,2.982549830763445,3965300,3184650,-780650,0.803129649711245,0.8004312410158122,537,0.013542481022873427,0.040391124482888306,0.7146596831843124,0.5003087171871893,60.44061987743676,58.3,4297.619918667769,10700,0.003359866861350541,0.608153580672994,0.8023136267679895,6,1
odds_50_1000_score>=0.5_expected>=1500_top3_by_direct_ticket_score,13295,39653,2.982549830763445,3965300,3184650,-780650,0.803129649711245,0.8004312410158122,537,0.013542481022873427,0.040391124482888306,0.7146596831843124,0.5003087171871893,60.44061987743676,58.3,4297.619918667769,10700,0.003359866861350541,0.608153580672994,0.8023136267679895,6,1
odds_50_1000_score>=0.5_expected>=2000_top3_by_direct_ticket_score,13295,39653,2.982549830763445,3965300,3184650,-780650,0.803129649711245,0.8004312410158122,537,0.013542481022873427,0.040391124482888306,0.7146596831843124,0.5003087171871893,60.44061987743676,58.3,4297.619918667769,10700,0.003359866861350541,0.608153580672994,0.8023136267679895,6,1
odds_50plus_score>=0.5_expected>=0_top3_by_direct_ticket_score,13295,39653,2.982549830763445,3965300,3184650,-780650,0.803129649711245,0.8004312410158122,537,0.013542481022873427,0.040391124482888306,0.7146596831843124,0.5003087171871893,60.44061987743676,58.3,4297.619918667769,10700,0.003359866861350541,0.608153580672994,0.8023136267679895,6,1
odds_50plus_score>=0.5_expected>=500_top3_by_direct_ticket_score,13295,39653,2.982549830763445,3965300,3184650,-780650,0.803129649711245,0.8004312410158122,537,0.013542481022873427,0.040391124482888306,0.7146596831843124,0.5003087171871893,60.44061987743676,58.3,4297.619918667769,10700,0.003359866861350541,0.608153580672994,0.8023136267679895,6,1
odds_50plus_score>=0.5_expected>=1000_top3_by_direct_ticket_score,13295,39653,2.982549830763445,3965300,3184650,-780650,0.803129649711245,0.8004312410158122,537,0.013542481022873427,0.040391124482888306,0.7146596831843124,0.5003087171871893,60.44061987743676,58.3,4297.619918667769,10700,0.003359866861350541,0.608153580672994,0.8023136267679895,6,1
odds_50plus_score>=0.5_expected>=1500_top3_by_direct_ticket_score,13295,39653,2.982549830763445,3965300,3184650,-780650,0.803129649711245,0.8004312410158122,537,0.013542481022873427,0.040391124482888306,0.7146596831843124,0.5003087171871893,60.44061987743676,58.3,4297.619918667769,10700,0.003359866861350541,0.608153580672994,0.8023136267679895,6,1
odds_50plus_score>=0.5_expected>=2000_top3_by_direct_ticket_score,13295,39653,2.982549830763445,3965300,3184650,-780650,0.803129649711245,0.8004312410158122,537,0.013542481022873427,0.040391124482888306,0.7146596831843124,0.5003087171871893,60.44061987743676,58.3,4297.619918667769,10700,0.003359866861350541,0.608153580672994,0.8023136267679895,6,1
odds_30_500_score>=0.6_expected>=3000_top10_by_direct_ticket_score,13244,117395,8.86401389308366,11739500,9469670,-2269830,0.8066501980493207,0.7993773158993143,1754,0.014941011116316709,0.1324373301117487,0.7239031690560733,0.6000231803855417,56.11311810554112,53.6,4011.6631399429566,85380,0.009016153678005675,0.726254750998928,0.8057611613314836,6,0
odds_30plus_score>=0.6_expected>=3000_top10_by_direct_ticket_score,13244,117395,8.86401389308366,11739500,9469670,-2269830,0.8066501980493207,0.7993773158993143,1754,0.014941011116316709,0.1324373301117487,0.7239031690560733,0.6000231803855417,56.11311810554112,53.6,4011.6631399429566,85380,0.009016153678005675,0.726254750998928,0.8057611613314836,6,0
odds_30_500_score>=0.8_expected>=0_top3_by_direct_expected_return,10269,20827,2.0281429545233225,2082700,1667670,-415030,0.8007250204062035,0.7978825562971144,474,0.022758918711288233,0.046158340636868245,0.8274649343322699,0.8000008697212301,35.92409372449225,35.1,2965.7090379444085,5920,0.0035498629824845442,0.575014245014245,0.7974048922155821,6,0
odds_30_500_score>=0.8_expected>=500_top3_by_direct_expected_return,10269,20827,2.0281429545233225,2082700,1667670,-415030,0.8007250204062035,0.7978825562971144,474,0.022758918711288233,0.046158340636868245,0.8274649343322699,0.8000008697212301,35.92409372449225,35.1,2965.7090379444085,5920,0.0035498629824845442,0.575014245014245,0.7974048922155821,6,0
odds_30_500_score>=0.8_expected>=1000_top3_by_direct_expected_return,10269,20827,2.0281429545233225,2082700,1667670,-415030,0.8007250204062035,0.7978825562971144,474,0.022758918711288233,0.046158340636868245,0.8274649343322699,0.8000008697212301,35.92409372449225,35.1,2965.7090379444085,5920,0.0035498629824845442,0.575014245014245,0.7974048922155821,6,0
odds_30_500_score>=0.8_expected>=1500_top3_by_direct_expected_return,10269,20827,2.0281429545233225,2082700,1667670,-415030,0.8007250204062035,0.7978825562971144,474,0.022758918711288233,0.046158340636868245,0.8274649343322699,0.8000008697212301,35.92409372449225,35.1,2965.7090379444085,5920,0.0035498629824845442,0.575014245014245,0.7974048922155821,6,0
odds_30_500_score>=0.8_expected>=2000_top3_by_direct_expected_return,10269,20827,2.0281429545233225,2082700,1667670,-415030,0.8007250204062035,0.7978825562971144,474,0.022758918711288233,0.046158340636868245,0.8274649343322699,0.8000008697212301,35.92409372449225,35.1,2965.7090379444085,5920,0.0035498629824845442,0.575014245014245,0.7974048922155821,6,0
odds_30plus_score>=0.8_expected>=0_top3_by_direct_expected_return,10269,20827,2.0281429545233225,2082700,1667670,-415030,0.8007250204062035,0.7978825562971144,474,0.022758918711288233,0.046158340636868245,0.8274649343322699,0.8000008697212301,35.92409372449225,35.1,2965.7090379444085,5920,0.0035498629824845442,0.575014245014245,0.7974048922155821,6,0
odds_30plus_score>=0.8_expected>=500_top3_by_direct_expected_return,10269,20827,2.0281429545233225,2082700,1667670,-415030,0.8007250204062035,0.7978825562971144,474,0.022758918711288233,0.046158340636868245,0.8274649343322699,0.8000008697212301,35.92409372449225,35.1,2965.7090379444085,5920,0.0035498629824845442,0.575014245014245,0.7974048922155821,6,0
odds_30plus_score>=0.8_expected>=1000_top3_by_direct_expected_return,10269,20827,2.0281429545233225,2082700,1667670,-415030,0.8007250204062035,0.7978825562971144,474,0.022758918711288233,0.046158340636868245,0.8274649343322699,0.8000008697212301,35.92409372449225,35.1,2965.7090379444085,5920,0.0035498629824845442,0.575014245014245,0.7974048922155821,6,0
odds_30plus_score>=0.8_expected>=1500_top3_by_direct_expected_return,10269,20827,2.0281429545233225,2082700,1667670,-415030,0.8007250204062035,0.7978825562971144,474,0.022758918711288233,0.046158340636868245,0.8274649343322699,0.8000008697212301,35.92409372449225,35.1,2965.7090379444085,5920,0.0035498629824845442,0.575014245014245,0.7974048922155821,6,0
odds_30plus_score>=0.8_expected>=2000_top3_by_direct_expected_return,10269,20827,2.0281429545233225,2082700,1667670,-415030,0.8007250204062035,0.7978825562971144,474,0.022758918711288233,0.046158340636868245,0.8274649343322699,0.8000008697212301,35.92409372449225,35.1,2965.7090379444085,5920,0.0035498629824845442,0.575014245014245,0.7974048922155821,6,0
odds_30_500_score>=0.8_expected>=3000_top1_by_direct_expected_return,5283,5283,1.0,528300,426990,-101310,0.8082339579784213,0.797028203672156,104,0.019685784592087828,0.019685784592087828,0.8139981968125972,0.8000071309701855,41.62241150861253,40.7,3386.710572724128,5920,0.013864493313660742,0.5122060470324749,0.8050815083488952,6,2
odds_30plus_score>=0.8_expected>=3000_top1_by_direct_expected_return,5283,5283,1.0,528300,426990,-101310,0.8082339579784213,0.797028203672156,104,0.019685784592087828,0.019685784592087828,0.8139981968125972,0.8000071309701855,41.62241150861253,40.7,3386.710572724128,5920,0.013864493313660742,0.5122060470324749,0.8050815083488952,6,2
odds_30_500_score>=0.8_expected>=0_top10_by_direct_ticket_score,10269,24157,2.3524199045671437,2415700,1930610,-485090,0.7991927805605,0.7967421451339156,555,0.022974707124229003,0.05404615834063687,0.8285130684933747,0.8000008697212301,35.47892536324875,34.5,2932.7954497960022,5920,0.003066388343580526,0.5759389083625438,0.795050670803959,6,0
odds_30_500_score>=0.8_expected>=0_top10_by_direct_expected_return,10269,24157,2.3524199045671437,2415700,1930610,-485090,0.7991927805605,0.7967421451339156,555,0.022974707124229003,0.05404615834063687,0.8285112239192577,0.8000008697212301,35.48043631245602,34.5,2932.9108939297494,5920,0.003066388343580526,0.5759389083625438,0.795050670803959,6,0
odds_30_500_score>=0.8_expected>=500_top10_by_direct_ticket_score,10269,24157,2.3524199045671437,2415700,1930610,-485090,0.7991927805605,0.7967421451339156,555,0.022974707124229003,0.05404615834063687,0.8285130684933747,0.8000008697212301,35.47892536324875,34.5,2932.7954497960022,5920,0.003066388343580526,0.5759389083625438,0.795050670803959,6,0
odds_30_500_score>=0.8_expected>=500_top10_by_direct_expected_return,10269,24157,2.3524199045671437,2415700,1930610,-485090,0.7991927805605,0.7967421451339156,555,0.022974707124229003,0.05404615834063687,0.8285112239192577,0.8000008697212301,35.48043631245602,34.5,2932.9108939297494,5920,0.003066388343580526,0.5759389083625438,0.795050670803959,6,0
odds_30_500_score>=0.8_expected>=1000_top10_by_direct_ticket_score,10269,24157,2.3524199045671437,2415700,1930610,-485090,0.7991927805605,0.7967421451339156,555,0.022974707124229003,0.05404615834063687,0.8285130684933747,0.8000008697212301,35.47892536324875,34.5,2932.7954497960022,5920,0.003066388343580526,0.5759389083625438,0.795050670803959,6,0
odds_30_500_score>=0.8_expected>=1000_top10_by_direct_expected_return,10269,24157,2.3524199045671437,2415700,1930610,-485090,0.7991927805605,0.7967421451339156,555,0.022974707124229003,0.05404615834063687,0.8285112239192577,0.8000008697212301,35.48043631245602,34.5,2932.9108939297494,5920,0.003066388343580526,0.5759389083625438,0.795050670803959,6,0
odds_30_500_score>=0.8_expected>=1500_top10_by_direct_ticket_score,10269,24157,2.3524199045671437,2415700,1930610,-485090,0.7991927805605,0.7967421451339156,555,0.022974707124229003,0.05404615834063687,0.8285130684933747,0.8000008697212301,35.47892536324875,34.5,2932.7954497960022,5920,0.003066388343580526,0.5759389083625438,0.795050670803959,6,0
odds_30_500_score>=0.8_expected>=1500_top10_by_direct_expected_return,10269,24157,2.3524199045671437,2415700,1930610,-485090,0.7991927805605,0.7967421451339156,555,0.022974707124229003,0.05404615834063687,0.8285112239192577,0.8000008697212301,35.48043631245602,34.5,2932.9108939297494,5920,0.003066388343580526,0.5759389083625438,0.795050670803959,6,0
odds_30_500_score>=0.8_expected>=2000_top10_by_direct_ticket_score,10269,24157,2.3524199045671437,2415700,1930610,-485090,0.7991927805605,0.7967421451339156,555,0.022974707124229003,0.05404615834063687,0.8285130684933747,0.8000008697212301,35.47892536324875,34.5,2932.7954497960022,5920,0.003066388343580526,0.5759389083625438,0.795050670803959,6,0
odds_30_500_score>=0.8_expected>=2000_top10_by_direct_expected_return,10269,24157,2.3524199045671437,2415700,1930610,-485090,0.7991927805605,0.7967421451339156,555,0.022974707124229003,0.05404615834063687,0.8285112239192577,0.8000008697212301,35.48043631245602,34.5,2932.9108939297494,5920,0.003066388343580526,0.5759389083625438,0.795050670803959,6,0
odds_30plus_score>=0.8_expected>=0_top10_by_direct_ticket_score,10269,24157,2.3524199045671437,2415700,1930610,-485090,0.7991927805605,0.7967421451339156,555,0.022974707124229003,0.05404615834063687,0.8285130684933747,0.8000008697212301,35.47892536324875,34.5,2932.7954497960022,5920,0.003066388343580526,0.5759389083625438,0.795050670803959,6,0
odds_30plus_score>=0.8_expected>=0_top10_by_direct_expected_return,10269,24157,2.3524199045671437,2415700,1930610,-485090,0.7991927805605,0.7967421451339156,555,0.022974707124229003,0.05404615834063687,0.8285112239192577,0.8000008697212301,35.48043631245602,34.5,2932.9108939297494,5920,0.003066388343580526,0.5759389083625438,0.795050670803959,6,0
odds_30plus_score>=0.8_expected>=500_top10_by_direct_ticket_score,10269,24157,2.3524199045671437,2415700,1930610,-485090,0.7991927805605,0.7967421451339156,555,0.022974707124229003,0.05404615834063687,0.8285130684933747,0.8000008697212301,35.47892536324875,34.5,2932.7954497960022,5920,0.003066388343580526,0.5759389083625438,0.795050670803959,6,0
odds_30plus_score>=0.8_expected>=500_top10_by_direct_expected_return,10269,24157,2.3524199045671437,2415700,1930610,-485090,0.7991927805605,0.7967421451339156,555,0.022974707124229003,0.05404615834063687,0.8285112239192577,0.8000008697212301,35.48043631245602,34.5,2932.9108939297494,5920,0.003066388343580526,0.5759389083625438,0.795050670803959,6,0
odds_30plus_score>=0.8_expected>=1000_top10_by_direct_ticket_score,10269,24157,2.3524199045671437,2415700,1930610,-485090,0.7991927805605,0.7967421451339156,555,0.022974707124229003,0.05404615834063687,0.8285130684933747,0.8000008697212301,35.47892536324875,34.5,2932.7954497960022,5920,0.003066388343580526,0.5759389083625438,0.795050670803959,6,0
odds_30plus_score>=0.8_expected>=1000_top10_by_direct_expected_return,10269,24157,2.3524199045671437,2415700,1930610,-485090,0.7991927805605,0.7967421451339156,555,0.022974707124229003,0.05404615834063687,0.8285112239192577,0.8000008697212301,35.48043631245602,34.5,2932.9108939297494,5920,0.003066388343580526,0.5759389083625438,0.795050670803959,6,0
odds_30plus_score>=0.8_expected>=1500_top10_by_direct_ticket_score,10269,24157,2.3524199045671437,2415700,1930610,-485090,0.7991927805605,0.7967421451339156,555,0.022974707124229003,0.05404615834063687,0.8285130684933747,0.8000008697212301,35.47892536324875,34.5,2932.7954497960022,5920,0.003066388343580526,0.5759389083625438,0.795050670803959,6,0
odds_30plus_score>=0.8_expected>=1500_top10_by_direct_expected_return,10269,24157,2.3524199045671437,2415700,1930610,-485090,0.7991927805605,0.7967421451339156,555,0.022974707124229003,0.05404615834063687,0.8285112239192577,0.8000008697212301,35.48043631245602,34.5,2932.9108939297494,5920,0.003066388343580526,0.5759389083625438,0.795050670803959,6,0
odds_30plus_score>=0.8_expected>=2000_top10_by_direct_ticket_score,10269,24157,2.3524199045671437,2415700,1930610,-485090,0.7991927805605,0.7967421451339156,555,0.022974707124229003,0.05404615834063687,0.8285130684933747,0.8000008697212301,35.47892536324875,34.5,2932.7954497960022,5920,0.003066388343580526,0.5759389083625438,0.795050670803959,6,0
odds_30plus_score>=0.8_expected>=2000_top10_by_direct_expected_return,10269,24157,2.3524199045671437,2415700,1930610,-485090,0.7991927805605,0.7967421451339156,555,0.022974707124229003,0.05404615834063687,0.8285112239192577,0.8000008697212301,35.48043631245602,34.5,2932.9108939297494,5920,0.003066388343580526,0.5759389083625438,0.795050670803959,6,0
odds_50_500_score>=0.6_expected>=0_top3_by_direct_ticket_score,13162,38370,2.9152104543382467,3837000,3067740,-769260,0.7995152462861611,0.7967266093302059,520,0.013552254365389628,0.03950767360583498,0.7196910589568338,0.6000257716914846,59.971503778994006,58.0,4301.0516377027825,10700,0.003487909666399369,0.6267190278601067,0.7980198010642449,6,1
odds_50_500_score>=0.6_expected>=500_top3_by_direct_ticket_score,13162,38370,2.9152104543382467,3837000,3067740,-769260,0.7995152462861611,0.7967266093302059,520,0.013552254365389628,0.03950767360583498,0.7196910589568338,0.6000257716914846,59.971503778994006,58.0,4301.0516377027825,10700,0.003487909666399369,0.6267190278601067,0.7980198010642449,6,1
odds_50_500_score>=0.6_expected>=1000_top3_by_direct_ticket_score,13162,38370,2.9152104543382467,3837000,3067740,-769260,0.7995152462861611,0.7967266093302059,520,0.013552254365389628,0.03950767360583498,0.7196910589568338,0.6000257716914846,59.971503778994006,58.0,4301.0516377027825,10700,0.003487909666399369,0.6267190278601067,0.7980198010642449,6,1
odds_50_500_score>=0.6_expected>=1500_top3_by_direct_ticket_score,13162,38370,2.9152104543382467,3837000,3067740,-769260,0.7995152462861611,0.7967266093302059,520,0.013552254365389628,0.03950767360583498,0.7196910589568338,0.6000257716914846,59.971503778994006,58.0,4301.0516377027825,10700,0.003487909666399369,0.6267190278601067,0.7980198010642449,6,1
odds_50_500_score>=0.6_expected>=2000_top3_by_direct_ticket_score,13162,38370,2.9152104543382467,3837000,3067740,-769260,0.7995152462861611,0.7967266093302059,520,0.013552254365389628,0.03950767360583498,0.7196910589568338,0.6000257716914846,59.971503778994006,58.0,4301.0516377027825,10700,0.003487909666399369,0.6267190278601067,0.7980198010642449,6,1
odds_50_500_score>=0.6_expected>=3000_top3_by_direct_ticket_score,13162,38370,2.9152104543382467,3837000,3067740,-769260,0.7995152462861611,0.7967266093302059,520,0.013552254365389628,0.03950767360583498,0.7196910589568338,0.6000257716914846,59.971503778994006,58.0,4301.0516377027825,10700,0.003487909666399369,0.6267190278601067,0.7980198010642449,6,1
odds_50_1000_score>=0.6_expected>=0_top3_by_direct_ticket_score,13162,38370,2.9152104543382467,3837000,3067740,-769260,0.7995152462861611,0.7967266093302059,520,0.013552254365389628,0.03950767360583498,0.7196910589568338,0.6000257716914846,59.971503778994006,58.0,4301.0516377027825,10700,0.003487909666399369,0.6267190278601067,0.7980198010642449,6,1
odds_50_1000_score>=0.6_expected>=500_top3_by_direct_ticket_score,13162,38370,2.9152104543382467,3837000,3067740,-769260,0.7995152462861611,0.7967266093302059,520,0.013552254365389628,0.03950767360583498,0.7196910589568338,0.6000257716914846,59.971503778994006,58.0,4301.0516377027825,10700,0.003487909666399369,0.6267190278601067,0.7980198010642449,6,1
odds_50_1000_score>=0.6_expected>=1000_top3_by_direct_ticket_score,13162,38370,2.9152104543382467,3837000,3067740,-769260,0.7995152462861611,0.7967266093302059,520,0.013552254365389628,0.03950767360583498,0.7196910589568338,0.6000257716914846,59.971503778994006,58.0,4301.0516377027825,10700,0.003487909666399369,0.6267190278601067,0.7980198010642449,6,1
odds_50_1000_score>=0.6_expected>=1500_top3_by_direct_ticket_score,13162,38370,2.9152104543382467,3837000,3067740,-769260,0.7995152462861611,0.7967266093302059,520,0.013552254365389628,0.03950767360583498,0.7196910589568338,0.6000257716914846,59.971503778994006,58.0,4301.0516377027825,10700,0.003487909666399369,0.6267190278601067,0.7980198010642449,6,1
odds_50_1000_score>=0.6_expected>=2000_top3_by_direct_ticket_score,13162,38370,2.9152104543382467,3837000,3067740,-769260,0.7995152462861611,0.7967266093302059,520,0.013552254365389628,0.03950767360583498,0.7196910589568338,0.6000257716914846,59.971503778994006,58.0,4301.0516377027825,10700,0.003487909666399369,0.6267190278601067,0.7980198010642449,6,1
odds_50_1000_score>=0.6_expected>=3000_top3_by_direct_ticket_score,13162,38370,2.9152104543382467,3837000,3067740,-769260,0.7995152462861611,0.7967266093302059,520,0.013552254365389628,0.03950767360583498,0.7196910589568338,0.6000257716914846,59.971503778994006,58.0,4301.0516377027825,10700,0.003487909666399369,0.6267190278601067,0.7980198010642449,6,1
odds_50plus_score>=0.6_expected>=0_top3_by_direct_ticket_score,13162,38370,2.9152104543382467,3837000,3067740,-769260,0.7995152462861611,0.7967266093302059,520,0.013552254365389628,0.03950767360583498,0.7196910589568338,0.6000257716914846,59.971503778994006,58.0,4301.0516377027825,10700,0.003487909666399369,0.6267190278601067,0.7980198010642449,6,1
odds_50plus_score>=0.6_expected>=500_top3_by_direct_ticket_score,13162,38370,2.9152104543382467,3837000,3067740,-769260,0.7995152462861611,0.7967266093302059,520,0.013552254365389628,0.03950767360583498,0.7196910589568338,0.6000257716914846,59.971503778994006,58.0,4301.0516377027825,10700,0.003487909666399369,0.6267190278601067,0.7980198010642449,6,1
odds_50plus_score>=0.6_expected>=1000_top3_by_direct_ticket_score,13162,38370,2.9152104543382467,3837000,3067740,-769260,0.7995152462861611,0.7967266093302059,520,0.013552254365389628,0.03950767360583498,0.7196910589568338,0.6000257716914846,59.971503778994006,58.0,4301.0516377027825,10700,0.003487909666399369,0.6267190278601067,0.7980198010642449,6,1
odds_50plus_score>=0.6_expected>=1500_top3_by_direct_ticket_score,13162,38370,2.9152104543382467,3837000,3067740,-769260,0.7995152462861611,0.7967266093302059,520,0.013552254365389628,0.03950767360583498,0.7196910589568338,0.6000257716914846,59.971503778994006,58.0,4301.0516377027825,10700,0.003487909666399369,0.6267190278601067,0.7980198010642449,6,1
odds_50plus_score>=0.6_expected>=2000_top3_by_direct_ticket_score,13162,38370,2.9152104543382467,3837000,3067740,-769260,0.7995152462861611,0.7967266093302059,520,0.013552254365389628,0.03950767360583498,0.7196910589568338,0.6000257716914846,59.971503778994006,58.0,4301.0516377027825,10700,0.003487909666399369,0.6267190278601067,0.7980198010642449,6,1
odds_50plus_score>=0.6_expected>=3000_top3_by_direct_ticket_score,13162,38370,2.9152104543382467,3837000,3067740,-769260,0.7995152462861611,0.7967266093302059,520,0.013552254365389628,0.03950767360583498,0.7196910589568338,0.6000257716914846,59.971503778994006,58.0,4301.0516377027825,10700,0.003487909666399369,0.6267190278601067,0.7980198010642449,6,1
odds_100_1000_score>=0.5_expected>=0_top2_by_direct_ticket_score,9434,16406,1.7390290438838245,1640600,1323030,-317570,0.8064305741801779,0.7956845056686578,118,0.007192490552236986,0.012507949968200127,0.5486920132476268,0.5000175997950448,112.25732658783372,107.4,6151.4356857963385,17630,0.013325472589434858,0.592929292929293,0.7999818170807113,6,1
odds_100_1000_score>=0.5_expected>=500_top2_by_direct_ticket_score,9434,16406,1.7390290438838245,1640600,1323030,-317570,0.8064305741801779,0.7956845056686578,118,0.007192490552236986,0.012507949968200127,0.5486920132476268,0.5000175997950448,112.25732658783372,107.4,6151.4356857963385,17630,0.013325472589434858,0.592929292929293,0.7999818170807113,6,1
odds_100_1000_score>=0.5_expected>=1000_top2_by_direct_ticket_score,9434,16406,1.7390290438838245,1640600,1323030,-317570,0.8064305741801779,0.7956845056686578,118,0.007192490552236986,0.012507949968200127,0.5486920132476268,0.5000175997950448,112.25732658783372,107.4,6151.4356857963385,17630,0.013325472589434858,0.592929292929293,0.7999818170807113,6,1
odds_100_1000_score>=0.5_expected>=1500_top2_by_direct_ticket_score,9434,16406,1.7390290438838245,1640600,1323030,-317570,0.8064305741801779,0.7956845056686578,118,0.007192490552236986,0.012507949968200127,0.5486920132476268,0.5000175997950448,112.25732658783372,107.4,6151.4356857963385,17630,0.013325472589434858,0.592929292929293,0.7999818170807113,6,1
odds_100_1000_score>=0.5_expected>=2000_top2_by_direct_ticket_score,9434,16406,1.7390290438838245,1640600,1323030,-317570,0.8064305741801779,0.7956845056686578,118,0.007192490552236986,0.012507949968200127,0.5486920132476268,0.5000175997950448,112.25732658783372,107.4,6151.4356857963385,17630,0.013325472589434858,0.592929292929293,0.7999818170807113,6,1
odds_100_1000_score>=0.5_expected>=3000_top2_by_direct_ticket_score,9434,16406,1.7390290438838245,1640600,1323030,-317570,0.8064305741801779,0.7956845056686578,118,0.007192490552236986,0.012507949968200127,0.5486920132476268,0.5000175997950448,112.25732658783372,107.4,6151.4356857963385,17630,0.013325472589434858,0.592929292929293,0.7999818170807113,6,1
odds_100_1000_score>=0.5_expected>=5000_top2_by_direct_ticket_score,9434,16406,1.7390290438838245,1640600,1323030,-317570,0.8064305741801779,0.7956845056686578,118,0.007192490552236986,0.012507949968200127,0.5486920132476268,0.5000175997950448,112.25732658783372,107.4,6151.4356857963385,17630,0.013325472589434858,0.592929292929293,0.7999818170807113,6,1
odds_100plus_score>=0.5_expected>=0_top2_by_direct_ticket_score,9434,16407,1.739135043459826,1640700,1323030,-317670,0.80638142256354,0.79563600902054,118,0.0071920521728530504,0.012507949968200127,0.5486893776347366,0.5000175997950448,112.31737672944475,107.4,6154.441820270495,17630,0.013325472589434858,0.5926898222940227,0.7999419053081662,6,1
odds_100plus_score>=0.5_expected>=500_top2_by_direct_ticket_score,9434,16407,1.739135043459826,1640700,1323030,-317670,0.80638142256354,0.79563600902054,118,0.0071920521728530504,0.012507949968200127,0.5486893776347366,0.5000175997950448,112.31737672944475,107.4,6154.441820270495,17630,0.013325472589434858,0.5926898222940227,0.7999419053081662,6,1
odds_100plus_score>=0.5_expected>=1000_top2_by_direct_ticket_score,9434,16407,1.739135043459826,1640700,1323030,-317670,0.80638142256354,0.79563600902054,118,0.0071920521728530504,0.012507949968200127,0.5486893776347366,0.5000175997950448,112.31737672944475,107.4,6154.441820270495,17630,0.013325472589434858,0.5926898222940227,0.7999419053081662,6,1
odds_100plus_score>=0.5_expected>=1500_top2_by_direct_ticket_score,9434,16407,1.739135043459826,1640700,1323030,-317670,0.80638142256354,0.79563600902054,118,0.0071920521728530504,0.012507949968200127,0.5486893776347366,0.5000175997950448,112.31737672944475,107.4,6154.441820270495,17630,0.013325472589434858,0.5926898222940227,0.7999419053081662,6,1
odds_100plus_score>=0.5_expected>=2000_top2_by_direct_ticket_score,9434,16407,1.739135043459826,1640700,1323030,-317670,0.80638142256354,0.79563600902054,118,0.0071920521728530504,0.012507949968200127,0.5486893776347366,0.5000175997950448,112.31737672944475,107.4,6154.441820270495,17630,0.013325472589434858,0.5926898222940227,0.7999419053081662,6,1
odds_100plus_score>=0.5_expected>=3000_top2_by_direct_ticket_score,9434,16407,1.739135043459826,1640700,1323030,-317670,0.80638142256354,0.79563600902054,118,0.0071920521728530504,0.012507949968200127,0.5486893776347366,0.5000175997950448,112.31737672944475,107.4,6154.441820270495,17630,0.013325472589434858,0.5926898222940227,0.7999419053081662,6,1
odds_100plus_score>=0.5_expected>=5000_top2_by_direct_ticket_score,9434,16407,1.739135043459826,1640700,1323030,-317670,0.80638142256354,0.79563600902054,118,0.0071920521728530504,0.012507949968200127,0.5486893776347366,0.5000175997950448,112.31737672944475,107.4,6154.441820270495,17630,0.013325472589434858,0.5926898222940227,0.7999419053081662,6,1
odds_30_500_score>=0.5_expected>=3000_top10_by_direct_ticket_score,13294,126551,9.519407251391605,12655100,10149340,-2505760,0.8019960332198086,0.7952493461134247,1841,0.014547494685936895,0.13848352640288852,0.712012289210464,0.5000269802273916,58.027825935788734,54.8,4054.831886632017,85380,0.008412369671328381,0.7345328938456676,0.801076898217077,6,0
odds_30plus_score>=0.5_expected>=3000_top10_by_direct_ticket_score,13294,126551,9.519407251391605,12655100,10149340,-2505760,0.8019960332198086,0.7952493461134247,1841,0.014547494685936895,0.13848352640288852,0.712012289210464,0.5000269802273916,58.027825935788734,54.8,4054.831886632017,85380,0.008412369671328381,0.7345328938456676,0.801076898217077,6,0
odds_50_500_score>=0.5_expected>=3000_top10_by_direct_ticket_score,13288,121767,9.163681517158338,12176700,9755420,-2421280,0.8011546642357946,0.7941429122832951,1448,0.011891563395665493,0.10897049969897651,0.6687439484816526,0.5000251660170684,69.18935343730239,66.1,4568.596023671508,85380,0.008752057830416323,0.7172173913043478,0.8012023333769221,6,0
odds_50_1000_score>=0.5_expected>=3000_top10_by_direct_ticket_score,13288,121767,9.163681517158338,12176700,9755420,-2421280,0.8011546642357946,0.7941429122832951,1448,0.011891563395665493,0.10897049969897651,0.6687439484816526,0.5000251660170684,69.18935343730239,66.1,4568.596023671508,85380,0.008752057830416323,0.7172173913043478,0.8012023333769221,6,0
odds_50plus_score>=0.5_expected>=3000_top10_by_direct_ticket_score,13288,121767,9.163681517158338,12176700,9755420,-2421280,0.8011546642357946,0.7941429122832951,1448,0.011891563395665493,0.10897049969897651,0.6687439484816526,0.5000251660170684,69.18935343730239,66.1,4568.596023671508,85380,0.008752057830416323,0.7172173913043478,0.8012023333769221,6,0
odds_50_500_score>=0.5_expected>=0_top10_by_direct_ticket_score,13295,121986,9.175329071079354,12198600,9770910,-2427690,0.8009861787418229,0.7939870149033496,1451,0.01189480760087223,0.10913877397517864,0.6685172104323428,0.5000251660170684,69.14710048694111,66.1,4564.851469989495,85380,0.008738183035152305,0.7159386290057711,0.8010849811362449,6,0
odds_50_500_score>=0.5_expected>=500_top10_by_direct_ticket_score,13295,121986,9.175329071079354,12198600,9770910,-2427690,0.8009861787418229,0.7939870149033496,1451,0.01189480760087223,0.10913877397517864,0.6685172104323428,0.5000251660170684,69.14710048694111,66.1,4564.851469989495,85380,0.008738183035152305,0.7159386290057711,0.8010849811362449,6,0
odds_50_500_score>=0.5_expected>=1000_top10_by_direct_ticket_score,13295,121986,9.175329071079354,12198600,9770910,-2427690,0.8009861787418229,0.7939870149033496,1451,0.01189480760087223,0.10913877397517864,0.6685172104323428,0.5000251660170684,69.14710048694111,66.1,4564.851469989495,85380,0.008738183035152305,0.7159386290057711,0.8010849811362449,6,0
odds_50_500_score>=0.5_expected>=1500_top10_by_direct_ticket_score,13295,121986,9.175329071079354,12198600,9770910,-2427690,0.8009861787418229,0.7939870149033496,1451,0.01189480760087223,0.10913877397517864,0.6685172104323428,0.5000251660170684,69.14710048694111,66.1,4564.851469989495,85380,0.008738183035152305,0.7159386290057711,0.8010849811362449,6,0
odds_50_500_score>=0.5_expected>=2000_top10_by_direct_ticket_score,13295,121986,9.175329071079354,12198600,9770910,-2427690,0.8009861787418229,0.7939870149033496,1451,0.01189480760087223,0.10913877397517864,0.6685172104323428,0.5000251660170684,69.14710048694111,66.1,4564.851469989495,85380,0.008738183035152305,0.7159386290057711,0.8010849811362449,6,0
odds_50_1000_score>=0.5_expected>=0_top10_by_direct_ticket_score,13295,121986,9.175329071079354,12198600,9770910,-2427690,0.8009861787418229,0.7939870149033496,1451,0.01189480760087223,0.10913877397517864,0.6685172104323428,0.5000251660170684,69.14710048694111,66.1,4564.851469989495,85380,0.008738183035152305,0.7159386290057711,0.8010849811362449,6,0
odds_50_1000_score>=0.5_expected>=500_top10_by_direct_ticket_score,13295,121986,9.175329071079354,12198600,9770910,-2427690,0.8009861787418229,0.7939870149033496,1451,0.01189480760087223,0.10913877397517864,0.6685172104323428,0.5000251660170684,69.14710048694111,66.1,4564.851469989495,85380,0.008738183035152305,0.7159386290057711,0.8010849811362449,6,0
odds_50_1000_score>=0.5_expected>=1000_top10_by_direct_ticket_score,13295,121986,9.175329071079354,12198600,9770910,-2427690,0.8009861787418229,0.7939870149033496,1451,0.01189480760087223,0.10913877397517864,0.6685172104323428,0.5000251660170684,69.14710048694111,66.1,4564.851469989495,85380,0.008738183035152305,0.7159386290057711,0.8010849811362449,6,0
odds_50_1000_score>=0.5_expected>=1500_top10_by_direct_ticket_score,13295,121986,9.175329071079354,12198600,9770910,-2427690,0.8009861787418229,0.7939870149033496,1451,0.01189480760087223,0.10913877397517864,0.6685172104323428,0.5000251660170684,69.14710048694111,66.1,4564.851469989495,85380,0.008738183035152305,0.7159386290057711,0.8010849811362449,6,0
odds_50_1000_score>=0.5_expected>=2000_top10_by_direct_ticket_score,13295,121986,9.175329071079354,12198600,9770910,-2427690,0.8009861787418229,0.7939870149033496,1451,0.01189480760087223,0.10913877397517864,0.6685172104323428,0.5000251660170684,69.14710048694111,66.1,4564.851469989495,85380,0.008738183035152305,0.7159386290057711,0.8010849811362449,6,0
odds_50plus_score>=0.5_expected>=0_top10_by_direct_ticket_score,13295,121986,9.175329071079354,12198600,9770910,-2427690,0.8009861787418229,0.7939870149033496,1451,0.01189480760087223,0.10913877397517864,0.6685172104323428,0.5000251660170684,69.14710048694111,66.1,4564.851469989495,85380,0.008738183035152305,0.7159386290057711,0.8010849811362449,6,0
odds_50plus_score>=0.5_expected>=500_top10_by_direct_ticket_score,13295,121986,9.175329071079354,12198600,9770910,-2427690,0.8009861787418229,0.7939870149033496,1451,0.01189480760087223,0.10913877397517864,0.6685172104323428,0.5000251660170684,69.14710048694111,66.1,4564.851469989495,85380,0.008738183035152305,0.7159386290057711,0.8010849811362449,6,0
odds_50plus_score>=0.5_expected>=1000_top10_by_direct_ticket_score,13295,121986,9.175329071079354,12198600,9770910,-2427690,0.8009861787418229,0.7939870149033496,1451,0.01189480760087223,0.10913877397517864,0.6685172104323428,0.5000251660170684,69.14710048694111,66.1,4564.851469989495,85380,0.008738183035152305,0.7159386290057711,0.8010849811362449,6,0
odds_50plus_score>=0.5_expected>=1500_top10_by_direct_ticket_score,13295,121986,9.175329071079354,12198600,9770910,-2427690,0.8009861787418229,0.7939870149033496,1451,0.01189480760087223,0.10913877397517864,0.6685172104323428,0.5000251660170684,69.14710048694111,66.1,4564.851469989495,85380,0.008738183035152305,0.7159386290057711,0.8010849811362449,6,0
odds_50plus_score>=0.5_expected>=2000_top10_by_direct_ticket_score,13295,121986,9.175329071079354,12198600,9770910,-2427690,0.8009861787418229,0.7939870149033496,1451,0.01189480760087223,0.10913877397517864,0.6685172104323428,0.5000251660170684,69.14710048694111,66.1,4564.851469989495,85380,0.008738183035152305,0.7159386290057711,0.8010849811362449,6,0
odds_30_500_score>=0.8_expected>=0_top3_by_direct_ticket_score,10269,20827,2.0281429545233225,2082700,1657560,-425140,0.7958707447063907,0.7932779564987756,482,0.023143035482786768,0.04693738436069724,0.8314454572613376,0.8000008697212301,35.02629279300908,33.9,2905.6083694291997,5400,0.0032578006226018966,0.6162393162393163,0.7931792321499628,6,0
odds_30_500_score>=0.8_expected>=500_top3_by_direct_ticket_score,10269,20827,2.0281429545233225,2082700,1657560,-425140,0.7958707447063907,0.7932779564987756,482,0.023143035482786768,0.04693738436069724,0.8314454572613376,0.8000008697212301,35.02629279300908,33.9,2905.6083694291997,5400,0.0032578006226018966,0.6162393162393163,0.7931792321499628,6,0
odds_30_500_score>=0.8_expected>=1000_top3_by_direct_ticket_score,10269,20827,2.0281429545233225,2082700,1657560,-425140,0.7958707447063907,0.7932779564987756,482,0.023143035482786768,0.04693738436069724,0.8314454572613376,0.8000008697212301,35.02629279300908,33.9,2905.6083694291997,5400,0.0032578006226018966,0.6162393162393163,0.7931792321499628,6,0
odds_30_500_score>=0.8_expected>=1500_top3_by_direct_ticket_score,10269,20827,2.0281429545233225,2082700,1657560,-425140,0.7958707447063907,0.7932779564987756,482,0.023143035482786768,0.04693738436069724,0.8314454572613376,0.8000008697212301,35.02629279300908,33.9,2905.6083694291997,5400,0.0032578006226018966,0.6162393162393163,0.7931792321499628,6,0
odds_30_500_score>=0.8_expected>=2000_top3_by_direct_ticket_score,10269,20827,2.0281429545233225,2082700,1657560,-425140,0.7958707447063907,0.7932779564987756,482,0.023143035482786768,0.04693738436069724,0.8314454572613376,0.8000008697212301,35.02629279300908,33.9,2905.6083694291997,5400,0.0032578006226018966,0.6162393162393163,0.7931792321499628,6,0
odds_30plus_score>=0.8_expected>=0_top3_by_direct_ticket_score,10269,20827,2.0281429545233225,2082700,1657560,-425140,0.7958707447063907,0.7932779564987756,482,0.023143035482786768,0.04693738436069724,0.8314454572613376,0.8000008697212301,35.02629279300908,33.9,2905.6083694291997,5400,0.0032578006226018966,0.6162393162393163,0.7931792321499628,6,0
odds_30plus_score>=0.8_expected>=500_top3_by_direct_ticket_score,10269,20827,2.0281429545233225,2082700,1657560,-425140,0.7958707447063907,0.7932779564987756,482,0.023143035482786768,0.04693738436069724,0.8314454572613376,0.8000008697212301,35.02629279300908,33.9,2905.6083694291997,5400,0.0032578006226018966,0.6162393162393163,0.7931792321499628,6,0
odds_30plus_score>=0.8_expected>=1000_top3_by_direct_ticket_score,10269,20827,2.0281429545233225,2082700,1657560,-425140,0.7958707447063907,0.7932779564987756,482,0.023143035482786768,0.04693738436069724,0.8314454572613376,0.8000008697212301,35.02629279300908,33.9,2905.6083694291997,5400,0.0032578006226018966,0.6162393162393163,0.7931792321499628,6,0
odds_30plus_score>=0.8_expected>=1500_top3_by_direct_ticket_score,10269,20827,2.0281429545233225,2082700,1657560,-425140,0.7958707447063907,0.7932779564987756,482,0.023143035482786768,0.04693738436069724,0.8314454572613376,0.8000008697212301,35.02629279300908,33.9,2905.6083694291997,5400,0.0032578006226018966,0.6162393162393163,0.7931792321499628,6,0
odds_30plus_score>=0.8_expected>=2000_top3_by_direct_ticket_score,10269,20827,2.0281429545233225,2082700,1657560,-425140,0.7958707447063907,0.7932779564987756,482,0.023143035482786768,0.04693738436069724,0.8314454572613376,0.8000008697212301,35.02629279300908,33.9,2905.6083694291997,5400,0.0032578006226018966,0.6162393162393163,0.7931792321499628,6,0
odds_30_500_score>=0.8_expected>=0_top5_by_direct_expected_return,10269,23592,2.2973999415717206,2359200,1875650,-483550,0.7950364530349271,0.7925271278399457,538,0.02280434045439132,0.05239069042750024,0.8283392407843582,0.8000008697212301,35.55784587995931,34.6,2938.6702540868146,5920,0.003156239170420921,0.5771617497456765,0.7907651854346592,6,0
odds_30_500_score>=0.8_expected>=500_top5_by_direct_expected_return,10269,23592,2.2973999415717206,2359200,1875650,-483550,0.7950364530349271,0.7925271278399457,538,0.02280434045439132,0.05239069042750024,0.8283392407843582,0.8000008697212301,35.55784587995931,34.6,2938.6702540868146,5920,0.003156239170420921,0.5771617497456765,0.7907651854346592,6,0
odds_30_500_score>=0.8_expected>=1000_top5_by_direct_expected_return,10269,23592,2.2973999415717206,2359200,1875650,-483550,0.7950364530349271,0.7925271278399457,538,0.02280434045439132,0.05239069042750024,0.8283392407843582,0.8000008697212301,35.55784587995931,34.6,2938.6702540868146,5920,0.003156239170420921,0.5771617497456765,0.7907651854346592,6,0
odds_30_500_score>=0.8_expected>=1500_top5_by_direct_expected_return,10269,23592,2.2973999415717206,2359200,1875650,-483550,0.7950364530349271,0.7925271278399457,538,0.02280434045439132,0.05239069042750024,0.8283392407843582,0.8000008697212301,35.55784587995931,34.6,2938.6702540868146,5920,0.003156239170420921,0.5771617497456765,0.7907651854346592,6,0
odds_30_500_score>=0.8_expected>=2000_top5_by_direct_expected_return,10269,23592,2.2973999415717206,2359200,1875650,-483550,0.7950364530349271,0.7925271278399457,538,0.02280434045439132,0.05239069042750024,0.8283392407843582,0.8000008697212301,35.55784587995931,34.6,2938.6702540868146,5920,0.003156239170420921,0.5771617497456765,0.7907651854346592,6,0
odds_30plus_score>=0.8_expected>=0_top5_by_direct_expected_return,10269,23592,2.2973999415717206,2359200,1875650,-483550,0.7950364530349271,0.7925271278399457,538,0.02280434045439132,0.05239069042750024,0.8283392407843582,0.8000008697212301,35.55784587995931,34.6,2938.6702540868146,5920,0.003156239170420921,0.5771617497456765,0.7907651854346592,6,0
odds_30plus_score>=0.8_expected>=500_top5_by_direct_expected_return,10269,23592,2.2973999415717206,2359200,1875650,-483550,0.7950364530349271,0.7925271278399457,538,0.02280434045439132,0.05239069042750024,0.8283392407843582,0.8000008697212301,35.55784587995931,34.6,2938.6702540868146,5920,0.003156239170420921,0.5771617497456765,0.7907651854346592,6,0
odds_30plus_score>=0.8_expected>=1000_top5_by_direct_expected_return,10269,23592,2.2973999415717206,2359200,1875650,-483550,0.7950364530349271,0.7925271278399457,538,0.02280434045439132,0.05239069042750024,0.8283392407843582,0.8000008697212301,35.55784587995931,34.6,2938.6702540868146,5920,0.003156239170420921,0.5771617497456765,0.7907651854346592,6,0
odds_30plus_score>=0.8_expected>=1500_top5_by_direct_expected_return,10269,23592,2.2973999415717206,2359200,1875650,-483550,0.7950364530349271,0.7925271278399457,538,0.02280434045439132,0.05239069042750024,0.8283392407843582,0.8000008697212301,35.55784587995931,34.6,2938.6702540868146,5920,0.003156239170420921,0.5771617497456765,0.7907651854346592,6,0
odds_30plus_score>=0.8_expected>=2000_top5_by_direct_expected_return,10269,23592,2.2973999415717206,2359200,1875650,-483550,0.7950364530349271,0.7925271278399457,538,0.02280434045439132,0.05239069042750024,0.8283392407843582,0.8000008697212301,35.55784587995931,34.6,2938.6702540868146,5920,0.003156239170420921,0.5771617497456765,0.7907651854346592,6,0
odds_30_500_score>=0.8_expected>=0_top2_by_direct_ticket_score,10269,16981,1.653617684292531,1698100,1348870,-349230,0.7943407337612626,0.7911607090277368,396,0.023320181379188506,0.03856266432953549,0.8351531140306235,0.8000040623629016,34.599157882339085,33.3,2882.623493344583,5400,0.004003350953019935,0.6278067431352103,0.7924666182120617,6,0
odds_30_500_score>=0.8_expected>=500_top2_by_direct_ticket_score,10269,16981,1.653617684292531,1698100,1348870,-349230,0.7943407337612626,0.7911607090277368,396,0.023320181379188506,0.03856266432953549,0.8351531140306235,0.8000040623629016,34.599157882339085,33.3,2882.623493344583,5400,0.004003350953019935,0.6278067431352103,0.7924666182120617,6,0
odds_30_500_score>=0.8_expected>=1000_top2_by_direct_ticket_score,10269,16981,1.653617684292531,1698100,1348870,-349230,0.7943407337612626,0.7911607090277368,396,0.023320181379188506,0.03856266432953549,0.8351531140306235,0.8000040623629016,34.599157882339085,33.3,2882.623493344583,5400,0.004003350953019935,0.6278067431352103,0.7924666182120617,6,0
odds_30_500_score>=0.8_expected>=1500_top2_by_direct_ticket_score,10269,16981,1.653617684292531,1698100,1348870,-349230,0.7943407337612626,0.7911607090277368,396,0.023320181379188506,0.03856266432953549,0.8351531140306235,0.8000040623629016,34.599157882339085,33.3,2882.623493344583,5400,0.004003350953019935,0.6278067431352103,0.7924666182120617,6,0
odds_30_500_score>=0.8_expected>=2000_top2_by_direct_ticket_score,10269,16981,1.653617684292531,1698100,1348870,-349230,0.7943407337612626,0.7911607090277368,396,0.023320181379188506,0.03856266432953549,0.8351531140306235,0.8000040623629016,34.599157882339085,33.3,2882.623493344583,5400,0.004003350953019935,0.6278067431352103,0.7924666182120617,6,0
odds_30plus_score>=0.8_expected>=0_top2_by_direct_ticket_score,10269,16981,1.653617684292531,1698100,1348870,-349230,0.7943407337612626,0.7911607090277368,396,0.023320181379188506,0.03856266432953549,0.8351531140306235,0.8000040623629016,34.599157882339085,33.3,2882.623493344583,5400,0.004003350953019935,0.6278067431352103,0.7924666182120617,6,0
odds_30plus_score>=0.8_expected>=500_top2_by_direct_ticket_score,10269,16981,1.653617684292531,1698100,1348870,-349230,0.7943407337612626,0.7911607090277368,396,0.023320181379188506,0.03856266432953549,0.8351531140306235,0.8000040623629016,34.599157882339085,33.3,2882.623493344583,5400,0.004003350953019935,0.6278067431352103,0.7924666182120617,6,0
odds_30plus_score>=0.8_expected>=1000_top2_by_direct_ticket_score,10269,16981,1.653617684292531,1698100,1348870,-349230,0.7943407337612626,0.7911607090277368,396,0.023320181379188506,0.03856266432953549,0.8351531140306235,0.8000040623629016,34.599157882339085,33.3,2882.623493344583,5400,0.004003350953019935,0.6278067431352103,0.7924666182120617,6,0
odds_30plus_score>=0.8_expected>=1500_top2_by_direct_ticket_score,10269,16981,1.653617684292531,1698100,1348870,-349230,0.7943407337612626,0.7911607090277368,396,0.023320181379188506,0.03856266432953549,0.8351531140306235,0.8000040623629016,34.599157882339085,33.3,2882.623493344583,5400,0.004003350953019935,0.6278067431352103,0.7924666182120617,6,0
odds_30plus_score>=0.8_expected>=2000_top2_by_direct_ticket_score,10269,16981,1.653617684292531,1698100,1348870,-349230,0.7943407337612626,0.7911607090277368,396,0.023320181379188506,0.03856266432953549,0.8351531140306235,0.8000040623629016,34.599157882339085,33.3,2882.623493344583,5400,0.004003350953019935,0.6278067431352103,0.7924666182120617,6,0
odds_30_500_score>=0.8_expected>=0_top1_by_direct_ticket_score,10269,10269,1.0,1026900,817280,-209620,0.7958710682637063,0.7906125231278606,244,0.023760833576784497,0.023760833576784497,0.8435608877005847,0.8000040623629016,33.81519135261467,32.5,2844.8622355709576,5400,0.006607282693813625,0.6590257879656161,0.795645270336539,6,0
odds_30_500_score>=0.8_expected>=500_top1_by_direct_ticket_score,10269,10269,1.0,1026900,817280,-209620,0.7958710682637063,0.7906125231278606,244,0.023760833576784497,0.023760833576784497,0.8435608877005847,0.8000040623629016,33.81519135261467,32.5,2844.8622355709576,5400,0.006607282693813625,0.6590257879656161,0.795645270336539,6,0
odds_30_500_score>=0.8_expected>=1000_top1_by_direct_ticket_score,10269,10269,1.0,1026900,817280,-209620,0.7958710682637063,0.7906125231278606,244,0.023760833576784497,0.023760833576784497,0.8435608877005847,0.8000040623629016,33.81519135261467,32.5,2844.8622355709576,5400,0.006607282693813625,0.6590257879656161,0.795645270336539,6,0
odds_30_500_score>=0.8_expected>=1500_top1_by_direct_ticket_score,10269,10269,1.0,1026900,817280,-209620,0.7958710682637063,0.7906125231278606,244,0.023760833576784497,0.023760833576784497,0.8435608877005847,0.8000040623629016,33.81519135261467,32.5,2844.8622355709576,5400,0.006607282693813625,0.6590257879656161,0.795645270336539,6,0
odds_30_500_score>=0.8_expected>=2000_top1_by_direct_ticket_score,10269,10269,1.0,1026900,817280,-209620,0.7958710682637063,0.7906125231278606,244,0.023760833576784497,0.023760833576784497,0.8435608877005847,0.8000040623629016,33.81519135261467,32.5,2844.8622355709576,5400,0.006607282693813625,0.6590257879656161,0.795645270336539,6,0
odds_30plus_score>=0.8_expected>=0_top1_by_direct_ticket_score,10269,10269,1.0,1026900,817280,-209620,0.7958710682637063,0.7906125231278606,244,0.023760833576784497,0.023760833576784497,0.8435608877005847,0.8000040623629016,33.81519135261467,32.5,2844.8622355709576,5400,0.006607282693813625,0.6590257879656161,0.795645270336539,6,0
odds_30plus_score>=0.8_expected>=500_top1_by_direct_ticket_score,10269,10269,1.0,1026900,817280,-209620,0.7958710682637063,0.7906125231278606,244,0.023760833576784497,0.023760833576784497,0.8435608877005847,0.8000040623629016,33.81519135261467,32.5,2844.8622355709576,5400,0.006607282693813625,0.6590257879656161,0.795645270336539,6,0
odds_30plus_score>=0.8_expected>=1000_top1_by_direct_ticket_score,10269,10269,1.0,1026900,817280,-209620,0.7958710682637063,0.7906125231278606,244,0.023760833576784497,0.023760833576784497,0.8435608877005847,0.8000040623629016,33.81519135261467,32.5,2844.8622355709576,5400,0.006607282693813625,0.6590257879656161,0.795645270336539,6,0
odds_30plus_score>=0.8_expected>=1500_top1_by_direct_ticket_score,10269,10269,1.0,1026900,817280,-209620,0.7958710682637063,0.7906125231278606,244,0.023760833576784497,0.023760833576784497,0.8435608877005847,0.8000040623629016,33.81519135261467,32.5,2844.8622355709576,5400,0.006607282693813625,0.6590257879656161,0.795645270336539,6,0
odds_30plus_score>=0.8_expected>=2000_top1_by_direct_ticket_score,10269,10269,1.0,1026900,817280,-209620,0.7958710682637063,0.7906125231278606,244,0.023760833576784497,0.023760833576784497,0.8435608877005847,0.8000040623629016,33.81519135261467,32.5,2844.8622355709576,5400,0.006607282693813625,0.6590257879656161,0.795645270336539,6,0
odds_100_1000_score>=0.6_expected>=0_top3_by_direct_ticket_score,1024,1193,1.1650390625,119300,106320,-12980,0.8911986588432523,0.78918692372171,10,0.008382229673093043,0.009765625,0.618324934165431,0.600012537524648,108.27049455155071,105.2,6694.051660504798,12170,0.11446576373212942,0.0,0.8176456859462867,6,2
odds_100_1000_score>=0.6_expected>=0_top3_by_direct_expected_return,1024,1193,1.1650390625,119300,106320,-12980,0.8911986588432523,0.78918692372171,10,0.008382229673093043,0.009765625,0.6182454518902011,0.600012537524648,108.35750209555742,105.3,6698.546886075671,12170,0.11446576373212942,0.0,0.8176456859462867,6,2
odds_100_1000_score>=0.6_expected>=500_top3_by_direct_ticket_score,1024,1193,1.1650390625,119300,106320,-12980,0.8911986588432523,0.78918692372171,10,0.008382229673093043,0.009765625,0.618324934165431,0.600012537524648,108.27049455155071,105.2,6694.051660504798,12170,0.11446576373212942,0.0,0.8176456859462867,6,2
odds_100_1000_score>=0.6_expected>=500_top3_by_direct_expected_return,1024,1193,1.1650390625,119300,106320,-12980,0.8911986588432523,0.78918692372171,10,0.008382229673093043,0.009765625,0.6182454518902011,0.600012537524648,108.35750209555742,105.3,6698.546886075671,12170,0.11446576373212942,0.0,0.8176456859462867,6,2
odds_100_1000_score>=0.6_expected>=1000_top3_by_direct_ticket_score,1024,1193,1.1650390625,119300,106320,-12980,0.8911986588432523,0.78918692372171,10,0.008382229673093043,0.009765625,0.618324934165431,0.600012537524648,108.27049455155071,105.2,6694.051660504798,12170,0.11446576373212942,0.0,0.8176456859462867,6,2
odds_100_1000_score>=0.6_expected>=1000_top3_by_direct_expected_return,1024,1193,1.1650390625,119300,106320,-12980,0.8911986588432523,0.78918692372171,10,0.008382229673093043,0.009765625,0.6182454518902011,0.600012537524648,108.35750209555742,105.3,6698.546886075671,12170,0.11446576373212942,0.0,0.8176456859462867,6,2
odds_100_1000_score>=0.6_expected>=1500_top3_by_direct_ticket_score,1024,1193,1.1650390625,119300,106320,-12980,0.8911986588432523,0.78918692372171,10,0.008382229673093043,0.009765625,0.618324934165431,0.600012537524648,108.27049455155071,105.2,6694.051660504798,12170,0.11446576373212942,0.0,0.8176456859462867,6,2
odds_100_1000_score>=0.6_expected>=1500_top3_by_direct_expected_return,1024,1193,1.1650390625,119300,106320,-12980,0.8911986588432523,0.78918692372171,10,0.008382229673093043,0.009765625,0.6182454518902011,0.600012537524648,108.35750209555742,105.3,6698.546886075671,12170,0.11446576373212942,0.0,0.8176456859462867,6,2
odds_100_1000_score>=0.6_expected>=2000_top3_by_direct_ticket_score,1024,1193,1.1650390625,119300,106320,-12980,0.8911986588432523,0.78918692372171,10,0.008382229673093043,0.009765625,0.618324934165431,0.600012537524648,108.27049455155071,105.2,6694.051660504798,12170,0.11446576373212942,0.0,0.8176456859462867,6,2
odds_100_1000_score>=0.6_expected>=2000_top3_by_direct_expected_return,1024,1193,1.1650390625,119300,106320,-12980,0.8911986588432523,0.78918692372171,10,0.008382229673093043,0.009765625,0.6182454518902011,0.600012537524648,108.35750209555742,105.3,6698.546886075671,12170,0.11446576373212942,0.0,0.8176456859462867,6,2
odds_100_1000_score>=0.6_expected>=3000_top3_by_direct_ticket_score,1024,1193,1.1650390625,119300,106320,-12980,0.8911986588432523,0.78918692372171,10,0.008382229673093043,0.009765625,0.618324934165431,0.600012537524648,108.27049455155071,105.2,6694.051660504798,12170,0.11446576373212942,0.0,0.8176456859462867,6,2
odds_100_1000_score>=0.6_expected>=3000_top3_by_direct_expected_return,1024,1193,1.1650390625,119300,106320,-12980,0.8911986588432523,0.78918692372171,10,0.008382229673093043,0.009765625,0.6182454518902011,0.600012537524648,108.35750209555742,105.3,6698.546886075671,12170,0.11446576373212942,0.0,0.8176456859462867,6,2
odds_100_1000_score>=0.6_expected>=5000_top3_by_direct_ticket_score,1024,1193,1.1650390625,119300,106320,-12980,0.8911986588432523,0.78918692372171,10,0.008382229673093043,0.009765625,0.618324934165431,0.600012537524648,108.27049455155071,105.2,6694.051660504798,12170,0.11446576373212942,0.0,0.8176456859462867,6,2
odds_100_1000_score>=0.6_expected>=5000_top3_by_direct_expected_return,1024,1193,1.1650390625,119300,106320,-12980,0.8911986588432523,0.78918692372171,10,0.008382229673093043,0.009765625,0.6182454518902011,0.600012537524648,108.35750209555742,105.3,6698.546886075671,12170,0.11446576373212942,0.0,0.8176456859462867,6,2
odds_100plus_score>=0.6_expected>=0_top3_by_direct_ticket_score,1024,1193,1.1650390625,119300,106320,-12980,0.8911986588432523,0.78918692372171,10,0.008382229673093043,0.009765625,0.618324934165431,0.600012537524648,108.27049455155071,105.2,6694.051660504798,12170,0.11446576373212942,0.0,0.8176456859462867,6,2
odds_100plus_score>=0.6_expected>=0_top3_by_direct_expected_return,1024,1193,1.1650390625,119300,106320,-12980,0.8911986588432523,0.78918692372171,10,0.008382229673093043,0.009765625,0.6182454518902011,0.600012537524648,108.35750209555742,105.3,6698.546886075671,12170,0.11446576373212942,0.0,0.8176456859462867,6,2
odds_100plus_score>=0.6_expected>=500_top3_by_direct_ticket_score,1024,1193,1.1650390625,119300,106320,-12980,0.8911986588432523,0.78918692372171,10,0.008382229673093043,0.009765625,0.618324934165431,0.600012537524648,108.27049455155071,105.2,6694.051660504798,12170,0.11446576373212942,0.0,0.8176456859462867,6,2
odds_100plus_score>=0.6_expected>=500_top3_by_direct_expected_return,1024,1193,1.1650390625,119300,106320,-12980,0.8911986588432523,0.78918692372171,10,0.008382229673093043,0.009765625,0.6182454518902011,0.600012537524648,108.35750209555742,105.3,6698.546886075671,12170,0.11446576373212942,0.0,0.8176456859462867,6,2
odds_100plus_score>=0.6_expected>=1000_top3_by_direct_ticket_score,1024,1193,1.1650390625,119300,106320,-12980,0.8911986588432523,0.78918692372171,10,0.008382229673093043,0.009765625,0.618324934165431,0.600012537524648,108.27049455155071,105.2,6694.051660504798,12170,0.11446576373212942,0.0,0.8176456859462867,6,2
odds_100plus_score>=0.6_expected>=1000_top3_by_direct_expected_return,1024,1193,1.1650390625,119300,106320,-12980,0.8911986588432523,0.78918692372171,10,0.008382229673093043,0.009765625,0.6182454518902011,0.600012537524648,108.35750209555742,105.3,6698.546886075671,12170,0.11446576373212942,0.0,0.8176456859462867,6,2
odds_100plus_score>=0.6_expected>=1500_top3_by_direct_ticket_score,1024,1193,1.1650390625,119300,106320,-12980,0.8911986588432523,0.78918692372171,10,0.008382229673093043,0.009765625,0.618324934165431,0.600012537524648,108.27049455155071,105.2,6694.051660504798,12170,0.11446576373212942,0.0,0.8176456859462867,6,2
odds_100plus_score>=0.6_expected>=1500_top3_by_direct_expected_return,1024,1193,1.1650390625,119300,106320,-12980,0.8911986588432523,0.78918692372171,10,0.008382229673093043,0.009765625,0.6182454518902011,0.600012537524648,108.35750209555742,105.3,6698.546886075671,12170,0.11446576373212942,0.0,0.8176456859462867,6,2
odds_100plus_score>=0.6_expected>=2000_top3_by_direct_ticket_score,1024,1193,1.1650390625,119300,106320,-12980,0.8911986588432523,0.78918692372171,10,0.008382229673093043,0.009765625,0.618324934165431,0.600012537524648,108.27049455155071,105.2,6694.051660504798,12170,0.11446576373212942,0.0,0.8176456859462867,6,2
odds_100plus_score>=0.6_expected>=2000_top3_by_direct_expected_return,1024,1193,1.1650390625,119300,106320,-12980,0.8911986588432523,0.78918692372171,10,0.008382229673093043,0.009765625,0.6182454518902011,0.600012537524648,108.35750209555742,105.3,6698.546886075671,12170,0.11446576373212942,0.0,0.8176456859462867,6,2
odds_100plus_score>=0.6_expected>=3000_top3_by_direct_ticket_score,1024,1193,1.1650390625,119300,106320,-12980,0.8911986588432523,0.78918692372171,10,0.008382229673093043,0.009765625,0.618324934165431,0.600012537524648,108.27049455155071,105.2,6694.051660504798,12170,0.11446576373212942,0.0,0.8176456859462867,6,2
odds_100plus_score>=0.6_expected>=3000_top3_by_direct_expected_return,1024,1193,1.1650390625,119300,106320,-12980,0.8911986588432523,0.78918692372171,10,0.008382229673093043,0.009765625,0.6182454518902011,0.600012537524648,108.35750209555742,105.3,6698.546886075671,12170,0.11446576373212942,0.0,0.8176456859462867,6,2
odds_100plus_score>=0.6_expected>=5000_top3_by_direct_ticket_score,1024,1193,1.1650390625,119300,106320,-12980,0.8911986588432523,0.78918692372171,10,0.008382229673093043,0.009765625,0.618324934165431,0.600012537524648,108.27049455155071,105.2,6694.051660504798,12170,0.11446576373212942,0.0,0.8176456859462867,6,2
odds_100plus_score>=0.6_expected>=5000_top3_by_direct_expected_return,1024,1193,1.1650390625,119300,106320,-12980,0.8911986588432523,0.78918692372171,10,0.008382229673093043,0.009765625,0.6182454518902011,0.600012537524648,108.35750209555742,105.3,6698.546886075671,12170,0.11446576373212942,0.0,0.8176456859462867,6,2
odds_100_1000_score>=0.6_expected>=0_top5_by_direct_ticket_score,1024,1199,1.1708984375,119900,106320,-13580,0.8867389491242702,0.7852376980817348,10,0.008340283569641367,0.009765625,0.6182754718024368,0.600012537524648,108.32477064220183,105.3,6696.83239703029,12170,0.11446576373212942,0.0,0.8118388013514087,6,2
odds_100_1000_score>=0.6_expected>=0_top10_by_direct_ticket_score,1024,1199,1.1708984375,119900,106320,-13580,0.8867389491242702,0.7852376980817348,10,0.008340283569641367,0.009765625,0.6182754718024368,0.600012537524648,108.32477064220183,105.3,6696.83239703029,12170,0.11446576373212942,0.0,0.8118388013514087,6,2
odds_100_1000_score>=0.6_expected>=0_top5_by_direct_expected_return,1024,1199,1.1708984375,119900,106320,-13580,0.8867389491242702,0.7852376980817348,10,0.008340283569641367,0.009765625,0.6182754718024368,0.600012537524648,108.32477064220183,105.3,6696.83239703029,12170,0.11446576373212942,0.0,0.8118388013514087,6,2
odds_100_1000_score>=0.6_expected>=0_top10_by_direct_expected_return,1024,1199,1.1708984375,119900,106320,-13580,0.8867389491242702,0.7852376980817348,10,0.008340283569641367,0.009765625,0.6182754718024368,0.600012537524648,108.32477064220183,105.3,6696.83239703029,12170,0.11446576373212942,0.0,0.8118388013514087,6,2
odds_100_1000_score>=0.6_expected>=500_top5_by_direct_ticket_score,1024,1199,1.1708984375,119900,106320,-13580,0.8867389491242702,0.7852376980817348,10,0.008340283569641367,0.009765625,0.6182754718024368,0.600012537524648,108.32477064220183,105.3,6696.83239703029,12170,0.11446576373212942,0.0,0.8118388013514087,6,2
odds_100_1000_score>=0.6_expected>=500_top10_by_direct_ticket_score,1024,1199,1.1708984375,119900,106320,-13580,0.8867389491242702,0.7852376980817348,10,0.008340283569641367,0.009765625,0.6182754718024368,0.600012537524648,108.32477064220183,105.3,6696.83239703029,12170,0.11446576373212942,0.0,0.8118388013514087,6,2
odds_100_1000_score>=0.6_expected>=500_top5_by_direct_expected_return,1024,1199,1.1708984375,119900,106320,-13580,0.8867389491242702,0.7852376980817348,10,0.008340283569641367,0.009765625,0.6182754718024368,0.600012537524648,108.32477064220183,105.3,6696.83239703029,12170,0.11446576373212942,0.0,0.8118388013514087,6,2
odds_100_1000_score>=0.6_expected>=500_top10_by_direct_expected_return,1024,1199,1.1708984375,119900,106320,-13580,0.8867389491242702,0.7852376980817348,10,0.008340283569641367,0.009765625,0.6182754718024368,0.600012537524648,108.32477064220183,105.3,6696.83239703029,12170,0.11446576373212942,0.0,0.8118388013514087,6,2
odds_100_1000_score>=0.6_expected>=1000_top5_by_direct_ticket_score,1024,1199,1.1708984375,119900,106320,-13580,0.8867389491242702,0.7852376980817348,10,0.008340283569641367,0.009765625,0.6182754718024368,0.600012537524648,108.32477064220183,105.3,6696.83239703029,12170,0.11446576373212942,0.0,0.8118388013514087,6,2
odds_100_1000_score>=0.6_expected>=1000_top10_by_direct_ticket_score,1024,1199,1.1708984375,119900,106320,-13580,0.8867389491242702,0.7852376980817348,10,0.008340283569641367,0.009765625,0.6182754718024368,0.600012537524648,108.32477064220183,105.3,6696.83239703029,12170,0.11446576373212942,0.0,0.8118388013514087,6,2
odds_100_1000_score>=0.6_expected>=1000_top5_by_direct_expected_return,1024,1199,1.1708984375,119900,106320,-13580,0.8867389491242702,0.7852376980817348,10,0.008340283569641367,0.009765625,0.6182754718024368,0.600012537524648,108.32477064220183,105.3,6696.83239703029,12170,0.11446576373212942,0.0,0.8118388013514087,6,2
odds_100_1000_score>=0.6_expected>=1000_top10_by_direct_expected_return,1024,1199,1.1708984375,119900,106320,-13580,0.8867389491242702,0.7852376980817348,10,0.008340283569641367,0.009765625,0.6182754718024368,0.600012537524648,108.32477064220183,105.3,6696.83239703029,12170,0.11446576373212942,0.0,0.8118388013514087,6,2
odds_100_1000_score>=0.6_expected>=1500_top5_by_direct_ticket_score,1024,1199,1.1708984375,119900,106320,-13580,0.8867389491242702,0.7852376980817348,10,0.008340283569641367,0.009765625,0.6182754718024368,0.600012537524648,108.32477064220183,105.3,6696.83239703029,12170,0.11446576373212942,0.0,0.8118388013514087,6,2
odds_100_1000_score>=0.6_expected>=1500_top10_by_direct_ticket_score,1024,1199,1.1708984375,119900,106320,-13580,0.8867389491242702,0.7852376980817348,10,0.008340283569641367,0.009765625,0.6182754718024368,0.600012537524648,108.32477064220183,105.3,6696.83239703029,12170,0.11446576373212942,0.0,0.8118388013514087,6,2
odds_100_1000_score>=0.6_expected>=1500_top5_by_direct_expected_return,1024,1199,1.1708984375,119900,106320,-13580,0.8867389491242702,0.7852376980817348,10,0.008340283569641367,0.009765625,0.6182754718024368,0.600012537524648,108.32477064220183,105.3,6696.83239703029,12170,0.11446576373212942,0.0,0.8118388013514087,6,2
odds_100_1000_score>=0.6_expected>=1500_top10_by_direct_expected_return,1024,1199,1.1708984375,119900,106320,-13580,0.8867389491242702,0.7852376980817348,10,0.008340283569641367,0.009765625,0.6182754718024368,0.600012537524648,108.32477064220183,105.3,6696.83239703029,12170,0.11446576373212942,0.0,0.8118388013514087,6,2
odds_100_1000_score>=0.6_expected>=2000_top5_by_direct_ticket_score,1024,1199,1.1708984375,119900,106320,-13580,0.8867389491242702,0.7852376980817348,10,0.008340283569641367,0.009765625,0.6182754718024368,0.600012537524648,108.32477064220183,105.3,6696.83239703029,12170,0.11446576373212942,0.0,0.8118388013514087,6,2
odds_100_1000_score>=0.6_expected>=2000_top10_by_direct_ticket_score,1024,1199,1.1708984375,119900,106320,-13580,0.8867389491242702,0.7852376980817348,10,0.008340283569641367,0.009765625,0.6182754718024368,0.600012537524648,108.32477064220183,105.3,6696.83239703029,12170,0.11446576373212942,0.0,0.8118388013514087,6,2
odds_100_1000_score>=0.6_expected>=2000_top5_by_direct_expected_return,1024,1199,1.1708984375,119900,106320,-13580,0.8867389491242702,0.7852376980817348,10,0.008340283569641367,0.009765625,0.6182754718024368,0.600012537524648,108.32477064220183,105.3,6696.83239703029,12170,0.11446576373212942,0.0,0.8118388013514087,6,2
odds_100_1000_score>=0.6_expected>=2000_top10_by_direct_expected_return,1024,1199,1.1708984375,119900,106320,-13580,0.8867389491242702,0.7852376980817348,10,0.008340283569641367,0.009765625,0.6182754718024368,0.600012537524648,108.32477064220183,105.3,6696.83239703029,12170,0.11446576373212942,0.0,0.8118388013514087,6,2
odds_100_1000_score>=0.6_expected>=3000_top5_by_direct_ticket_score,1024,1199,1.1708984375,119900,106320,-13580,0.8867389491242702,0.7852376980817348,10,0.008340283569641367,0.009765625,0.6182754718024368,0.600012537524648,108.32477064220183,105.3,6696.83239703029,12170,0.11446576373212942,0.0,0.8118388013514087,6,2
odds_100_1000_score>=0.6_expected>=3000_top10_by_direct_ticket_score,1024,1199,1.1708984375,119900,106320,-13580,0.8867389491242702,0.7852376980817348,10,0.008340283569641367,0.009765625,0.6182754718024368,0.600012537524648,108.32477064220183,105.3,6696.83239703029,12170,0.11446576373212942,0.0,0.8118388013514087,6,2
odds_100_1000_score>=0.6_expected>=3000_top5_by_direct_expected_return,1024,1199,1.1708984375,119900,106320,-13580,0.8867389491242702,0.7852376980817348,10,0.008340283569641367,0.009765625,0.6182754718024368,0.600012537524648,108.32477064220183,105.3,6696.83239703029,12170,0.11446576373212942,0.0,0.8118388013514087,6,2
odds_100_1000_score>=0.6_expected>=3000_top10_by_direct_expected_return,1024,1199,1.1708984375,119900,106320,-13580,0.8867389491242702,0.7852376980817348,10,0.008340283569641367,0.009765625,0.6182754718024368,0.600012537524648,108.32477064220183,105.3,6696.83239703029,12170,0.11446576373212942,0.0,0.8118388013514087,6,2
odds_100_1000_score>=0.6_expected>=5000_top5_by_direct_ticket_score,1024,1199,1.1708984375,119900,106320,-13580,0.8867389491242702,0.7852376980817348,10,0.008340283569641367,0.009765625,0.6182754718024368,0.600012537524648,108.32477064220183,105.3,6696.83239703029,12170,0.11446576373212942,0.0,0.8118388013514087,6,2
odds_100_1000_score>=0.6_expected>=5000_top10_by_direct_ticket_score,1024,1199,1.1708984375,119900,106320,-13580,0.8867389491242702,0.7852376980817348,10,0.008340283569641367,0.009765625,0.6182754718024368,0.600012537524648,108.32477064220183,105.3,6696.83239703029,12170,0.11446576373212942,0.0,0.8118388013514087,6,2
odds_100_1000_score>=0.6_expected>=5000_top5_by_direct_expected_return,1024,1199,1.1708984375,119900,106320,-13580,0.8867389491242702,0.7852376980817348,10,0.008340283569641367,0.009765625,0.6182754718024368,0.600012537524648,108.32477064220183,105.3,6696.83239703029,12170,0.11446576373212942,0.0,0.8118388013514087,6,2
odds_100_1000_score>=0.6_expected>=5000_top10_by_direct_expected_return,1024,1199,1.1708984375,119900,106320,-13580,0.8867389491242702,0.7852376980817348,10,0.008340283569641367,0.009765625,0.6182754718024368,0.600012537524648,108.32477064220183,105.3,6696.83239703029,12170,0.11446576373212942,0.0,0.8118388013514087,6,2
odds_100plus_score>=0.6_expected>=0_top5_by_direct_ticket_score,1024,1199,1.1708984375,119900,106320,-13580,0.8867389491242702,0.7852376980817348,10,0.008340283569641367,0.009765625,0.6182754718024368,0.600012537524648,108.32477064220183,105.3,6696.83239703029,12170,0.11446576373212942,0.0,0.8118388013514087,6,2
odds_100plus_score>=0.6_expected>=0_top10_by_direct_ticket_score,1024,1199,1.1708984375,119900,106320,-13580,0.8867389491242702,0.7852376980817348,10,0.008340283569641367,0.009765625,0.6182754718024368,0.600012537524648,108.32477064220183,105.3,6696.83239703029,12170,0.11446576373212942,0.0,0.8118388013514087,6,2
odds_100plus_score>=0.6_expected>=0_top5_by_direct_expected_return,1024,1199,1.1708984375,119900,106320,-13580,0.8867389491242702,0.7852376980817348,10,0.008340283569641367,0.009765625,0.6182754718024368,0.600012537524648,108.32477064220183,105.3,6696.83239703029,12170,0.11446576373212942,0.0,0.8118388013514087,6,2
odds_100plus_score>=0.6_expected>=0_top10_by_direct_expected_return,1024,1199,1.1708984375,119900,106320,-13580,0.8867389491242702,0.7852376980817348,10,0.008340283569641367,0.009765625,0.6182754718024368,0.600012537524648,108.32477064220183,105.3,6696.83239703029,12170,0.11446576373212942,0.0,0.8118388013514087,6,2
odds_100plus_score>=0.6_expected>=500_top5_by_direct_ticket_score,1024,1199,1.1708984375,119900,106320,-13580,0.8867389491242702,0.7852376980817348,10,0.008340283569641367,0.009765625,0.6182754718024368,0.600012537524648,108.32477064220183,105.3,6696.83239703029,12170,0.11446576373212942,0.0,0.8118388013514087,6,2
odds_100plus_score>=0.6_expected>=500_top10_by_direct_ticket_score,1024,1199,1.1708984375,119900,106320,-13580,0.8867389491242702,0.7852376980817348,10,0.008340283569641367,0.009765625,0.6182754718024368,0.600012537524648,108.32477064220183,105.3,6696.83239703029,12170,0.11446576373212942,0.0,0.8118388013514087,6,2
odds_100plus_score>=0.6_expected>=500_top5_by_direct_expected_return,1024,1199,1.1708984375,119900,106320,-13580,0.8867389491242702,0.7852376980817348,10,0.008340283569641367,0.009765625,0.6182754718024368,0.600012537524648,108.32477064220183,105.3,6696.83239703029,12170,0.11446576373212942,0.0,0.8118388013514087,6,2
odds_100plus_score>=0.6_expected>=500_top10_by_direct_expected_return,1024,1199,1.1708984375,119900,106320,-13580,0.8867389491242702,0.7852376980817348,10,0.008340283569641367,0.009765625,0.6182754718024368,0.600012537524648,108.32477064220183,105.3,6696.83239703029,12170,0.11446576373212942,0.0,0.8118388013514087,6,2
odds_100plus_score>=0.6_expected>=1000_top5_by_direct_ticket_score,1024,1199,1.1708984375,119900,106320,-13580,0.8867389491242702,0.7852376980817348,10,0.008340283569641367,0.009765625,0.6182754718024368,0.600012537524648,108.32477064220183,105.3,6696.83239703029,12170,0.11446576373212942,0.0,0.8118388013514087,6,2
odds_100plus_score>=0.6_expected>=1000_top10_by_direct_ticket_score,1024,1199,1.1708984375,119900,106320,-13580,0.8867389491242702,0.7852376980817348,10,0.008340283569641367,0.009765625,0.6182754718024368,0.600012537524648,108.32477064220183,105.3,6696.83239703029,12170,0.11446576373212942,0.0,0.8118388013514087,6,2
odds_100plus_score>=0.6_expected>=1000_top5_by_direct_expected_return,1024,1199,1.1708984375,119900,106320,-13580,0.8867389491242702,0.7852376980817348,10,0.008340283569641367,0.009765625,0.6182754718024368,0.600012537524648,108.32477064220183,105.3,6696.83239703029,12170,0.11446576373212942,0.0,0.8118388013514087,6,2
odds_100plus_score>=0.6_expected>=1000_top10_by_direct_expected_return,1024,1199,1.1708984375,119900,106320,-13580,0.8867389491242702,0.7852376980817348,10,0.008340283569641367,0.009765625,0.6182754718024368,0.600012537524648,108.32477064220183,105.3,6696.83239703029,12170,0.11446576373212942,0.0,0.8118388013514087,6,2
odds_100plus_score>=0.6_expected>=1500_top5_by_direct_ticket_score,1024,1199,1.1708984375,119900,106320,-13580,0.8867389491242702,0.7852376980817348,10,0.008340283569641367,0.009765625,0.6182754718024368,0.600012537524648,108.32477064220183,105.3,6696.83239703029,12170,0.11446576373212942,0.0,0.8118388013514087,6,2
odds_100plus_score>=0.6_expected>=1500_top10_by_direct_ticket_score,1024,1199,1.1708984375,119900,106320,-13580,0.8867389491242702,0.7852376980817348,10,0.008340283569641367,0.009765625,0.6182754718024368,0.600012537524648,108.32477064220183,105.3,6696.83239703029,12170,0.11446576373212942,0.0,0.8118388013514087,6,2
odds_100plus_score>=0.6_expected>=1500_top5_by_direct_expected_return,1024,1199,1.1708984375,119900,106320,-13580,0.8867389491242702,0.7852376980817348,10,0.008340283569641367,0.009765625,0.6182754718024368,0.600012537524648,108.32477064220183,105.3,6696.83239703029,12170,0.11446576373212942,0.0,0.8118388013514087,6,2
odds_100plus_score>=0.6_expected>=1500_top10_by_direct_expected_return,1024,1199,1.1708984375,119900,106320,-13580,0.8867389491242702,0.7852376980817348,10,0.008340283569641367,0.009765625,0.6182754718024368,0.600012537524648,108.32477064220183,105.3,6696.83239703029,12170,0.11446576373212942,0.0,0.8118388013514087,6,2
odds_100plus_score>=0.6_expected>=2000_top5_by_direct_ticket_score,1024,1199,1.1708984375,119900,106320,-13580,0.8867389491242702,0.7852376980817348,10,0.008340283569641367,0.009765625,0.6182754718024368,0.600012537524648,108.32477064220183,105.3,6696.83239703029,12170,0.11446576373212942,0.0,0.8118388013514087,6,2
odds_100plus_score>=0.6_expected>=2000_top10_by_direct_ticket_score,1024,1199,1.1708984375,119900,106320,-13580,0.8867389491242702,0.7852376980817348,10,0.008340283569641367,0.009765625,0.6182754718024368,0.600012537524648,108.32477064220183,105.3,6696.83239703029,12170,0.11446576373212942,0.0,0.8118388013514087,6,2
odds_100plus_score>=0.6_expected>=2000_top5_by_direct_expected_return,1024,1199,1.1708984375,119900,106320,-13580,0.8867389491242702,0.7852376980817348,10,0.008340283569641367,0.009765625,0.6182754718024368,0.600012537524648,108.32477064220183,105.3,6696.83239703029,12170,0.11446576373212942,0.0,0.8118388013514087,6,2
odds_100plus_score>=0.6_expected>=2000_top10_by_direct_expected_return,1024,1199,1.1708984375,119900,106320,-13580,0.8867389491242702,0.7852376980817348,10,0.008340283569641367,0.009765625,0.6182754718024368,0.600012537524648,108.32477064220183,105.3,6696.83239703029,12170,0.11446576373212942,0.0,0.8118388013514087,6,2
odds_100plus_score>=0.6_expected>=3000_top5_by_direct_ticket_score,1024,1199,1.1708984375,119900,106320,-13580,0.8867389491242702,0.7852376980817348,10,0.008340283569641367,0.009765625,0.6182754718024368,0.600012537524648,108.32477064220183,105.3,6696.83239703029,12170,0.11446576373212942,0.0,0.8118388013514087,6,2
odds_100plus_score>=0.6_expected>=3000_top10_by_direct_ticket_score,1024,1199,1.1708984375,119900,106320,-13580,0.8867389491242702,0.7852376980817348,10,0.008340283569641367,0.009765625,0.6182754718024368,0.600012537524648,108.32477064220183,105.3,6696.83239703029,12170,0.11446576373212942,0.0,0.8118388013514087,6,2
odds_100plus_score>=0.6_expected>=3000_top5_by_direct_expected_return,1024,1199,1.1708984375,119900,106320,-13580,0.8867389491242702,0.7852376980817348,10,0.008340283569641367,0.009765625,0.6182754718024368,0.600012537524648,108.32477064220183,105.3,6696.83239703029,12170,0.11446576373212942,0.0,0.8118388013514087,6,2
odds_100plus_score>=0.6_expected>=3000_top10_by_direct_expected_return,1024,1199,1.1708984375,119900,106320,-13580,0.8867389491242702,0.7852376980817348,10,0.008340283569641367,0.009765625,0.6182754718024368,0.600012537524648,108.32477064220183,105.3,6696.83239703029,12170,0.11446576373212942,0.0,0.8118388013514087,6,2
odds_100plus_score>=0.6_expected>=5000_top5_by_direct_ticket_score,1024,1199,1.1708984375,119900,106320,-13580,0.8867389491242702,0.7852376980817348,10,0.008340283569641367,0.009765625,0.6182754718024368,0.600012537524648,108.32477064220183,105.3,6696.83239703029,12170,0.11446576373212942,0.0,0.8118388013514087,6,2
odds_100plus_score>=0.6_expected>=5000_top10_by_direct_ticket_score,1024,1199,1.1708984375,119900,106320,-13580,0.8867389491242702,0.7852376980817348,10,0.008340283569641367,0.009765625,0.6182754718024368,0.600012537524648,108.32477064220183,105.3,6696.83239703029,12170,0.11446576373212942,0.0,0.8118388013514087,6,2
odds_100plus_score>=0.6_expected>=5000_top5_by_direct_expected_return,1024,1199,1.1708984375,119900,106320,-13580,0.8867389491242702,0.7852376980817348,10,0.008340283569641367,0.009765625,0.6182754718024368,0.600012537524648,108.32477064220183,105.3,6696.83239703029,12170,0.11446576373212942,0.0,0.8118388013514087,6,2
odds_100plus_score>=0.6_expected>=5000_top10_by_direct_expected_return,1024,1199,1.1708984375,119900,106320,-13580,0.8867389491242702,0.7852376980817348,10,0.008340283569641367,0.009765625,0.6182754718024368,0.600012537524648,108.32477064220183,105.3,6696.83239703029,12170,0.11446576373212942,0.0,0.8118388013514087,6,2
odds_30_500_score>=0.8_expected>=0_top1_by_direct_expected_return,10269,10269,1.0,1026900,811080,-215820,0.7898334794040316,0.784068555847697,220,0.021423702405297496,0.021423702405297496,0.8237036148883842,0.8000008697212301,37.52408218911286,36.9,3083.6237987991917,5920,0.007298910095181733,0.6279656160458452,0.7869212854600951,6,1
odds_30_500_score>=0.8_expected>=500_top1_by_direct_expected_return,10269,10269,1.0,1026900,811080,-215820,0.7898334794040316,0.784068555847697,220,0.021423702405297496,0.021423702405297496,0.8237036148883842,0.8000008697212301,37.52408218911286,36.9,3083.6237987991917,5920,0.007298910095181733,0.6279656160458452,0.7869212854600951,6,1
odds_30_500_score>=0.8_expected>=1000_top1_by_direct_expected_return,10269,10269,1.0,1026900,811080,-215820,0.7898334794040316,0.784068555847697,220,0.021423702405297496,0.021423702405297496,0.8237036148883842,0.8000008697212301,37.52408218911286,36.9,3083.6237987991917,5920,0.007298910095181733,0.6279656160458452,0.7869212854600951,6,1
odds_30_500_score>=0.8_expected>=1500_top1_by_direct_expected_return,10269,10269,1.0,1026900,811080,-215820,0.7898334794040316,0.784068555847697,220,0.021423702405297496,0.021423702405297496,0.8237036148883842,0.8000008697212301,37.52408218911286,36.9,3083.6237987991917,5920,0.007298910095181733,0.6279656160458452,0.7869212854600951,6,1
odds_30_500_score>=0.8_expected>=2000_top1_by_direct_expected_return,10269,10269,1.0,1026900,811080,-215820,0.7898334794040316,0.784068555847697,220,0.021423702405297496,0.021423702405297496,0.8237036148883842,0.8000008697212301,37.52408218911286,36.9,3083.6237987991917,5920,0.007298910095181733,0.6279656160458452,0.7869212854600951,6,1
odds_30plus_score>=0.8_expected>=0_top1_by_direct_expected_return,10269,10269,1.0,1026900,811080,-215820,0.7898334794040316,0.784068555847697,220,0.021423702405297496,0.021423702405297496,0.8237036148883842,0.8000008697212301,37.52408218911286,36.9,3083.6237987991917,5920,0.007298910095181733,0.6279656160458452,0.7869212854600951,6,1
odds_30plus_score>=0.8_expected>=500_top1_by_direct_expected_return,10269,10269,1.0,1026900,811080,-215820,0.7898334794040316,0.784068555847697,220,0.021423702405297496,0.021423702405297496,0.8237036148883842,0.8000008697212301,37.52408218911286,36.9,3083.6237987991917,5920,0.007298910095181733,0.6279656160458452,0.7869212854600951,6,1
odds_30plus_score>=0.8_expected>=1000_top1_by_direct_expected_return,10269,10269,1.0,1026900,811080,-215820,0.7898334794040316,0.784068555847697,220,0.021423702405297496,0.021423702405297496,0.8237036148883842,0.8000008697212301,37.52408218911286,36.9,3083.6237987991917,5920,0.007298910095181733,0.6279656160458452,0.7869212854600951,6,1
odds_30plus_score>=0.8_expected>=1500_top1_by_direct_expected_return,10269,10269,1.0,1026900,811080,-215820,0.7898334794040316,0.784068555847697,220,0.021423702405297496,0.021423702405297496,0.8237036148883842,0.8000008697212301,37.52408218911286,36.9,3083.6237987991917,5920,0.007298910095181733,0.6279656160458452,0.7869212854600951,6,1
odds_30plus_score>=0.8_expected>=2000_top1_by_direct_expected_return,10269,10269,1.0,1026900,811080,-215820,0.7898334794040316,0.784068555847697,220,0.021423702405297496,0.021423702405297496,0.8237036148883842,0.8000008697212301,37.52408218911286,36.9,3083.6237987991917,5920,0.007298910095181733,0.6279656160458452,0.7869212854600951,6,1
odds_30_500_score>=0.7_expected>=0_top2_by_direct_ticket_score,13216,26214,1.9835048426150121,2621400,2056820,-564580,0.7846265354390783,0.7820363164721141,573,0.021858548867017623,0.043356537530266345,0.8139074585895303,0.7000141376845246,36.73122758831159,35.3,2974.827783772421,6790,0.003301212551414319,0.7063200358583595,0.7840400065271598,6,0
odds_30_500_score>=0.7_expected>=500_top2_by_direct_ticket_score,13216,26214,1.9835048426150121,2621400,2056820,-564580,0.7846265354390783,0.7820363164721141,573,0.021858548867017623,0.043356537530266345,0.8139074585895303,0.7000141376845246,36.73122758831159,35.3,2974.827783772421,6790,0.003301212551414319,0.7063200358583595,0.7840400065271598,6,0
odds_30_500_score>=0.7_expected>=1000_top2_by_direct_ticket_score,13216,26214,1.9835048426150121,2621400,2056820,-564580,0.7846265354390783,0.7820363164721141,573,0.021858548867017623,0.043356537530266345,0.8139074585895303,0.7000141376845246,36.73122758831159,35.3,2974.827783772421,6790,0.003301212551414319,0.7063200358583595,0.7840400065271598,6,0
odds_30_500_score>=0.7_expected>=1500_top2_by_direct_ticket_score,13216,26214,1.9835048426150121,2621400,2056820,-564580,0.7846265354390783,0.7820363164721141,573,0.021858548867017623,0.043356537530266345,0.8139074585895303,0.7000141376845246,36.73122758831159,35.3,2974.827783772421,6790,0.003301212551414319,0.7063200358583595,0.7840400065271598,6,0
odds_30_500_score>=0.7_expected>=2000_top2_by_direct_ticket_score,13216,26214,1.9835048426150121,2621400,2056820,-564580,0.7846265354390783,0.7820363164721141,573,0.021858548867017623,0.043356537530266345,0.8139074585895303,0.7000141376845246,36.73122758831159,35.3,2974.827783772421,6790,0.003301212551414319,0.7063200358583595,0.7840400065271598,6,0
odds_30plus_score>=0.7_expected>=0_top2_by_direct_ticket_score,13216,26214,1.9835048426150121,2621400,2056820,-564580,0.7846265354390783,0.7820363164721141,573,0.021858548867017623,0.043356537530266345,0.8139074585895303,0.7000141376845246,36.73122758831159,35.3,2974.827783772421,6790,0.003301212551414319,0.7063200358583595,0.7840400065271598,6,0
odds_30plus_score>=0.7_expected>=500_top2_by_direct_ticket_score,13216,26214,1.9835048426150121,2621400,2056820,-564580,0.7846265354390783,0.7820363164721141,573,0.021858548867017623,0.043356537530266345,0.8139074585895303,0.7000141376845246,36.73122758831159,35.3,2974.827783772421,6790,0.003301212551414319,0.7063200358583595,0.7840400065271598,6,0
odds_30plus_score>=0.7_expected>=1000_top2_by_direct_ticket_score,13216,26214,1.9835048426150121,2621400,2056820,-564580,0.7846265354390783,0.7820363164721141,573,0.021858548867017623,0.043356537530266345,0.8139074585895303,0.7000141376845246,36.73122758831159,35.3,2974.827783772421,6790,0.003301212551414319,0.7063200358583595,0.7840400065271598,6,0
odds_30plus_score>=0.7_expected>=1500_top2_by_direct_ticket_score,13216,26214,1.9835048426150121,2621400,2056820,-564580,0.7846265354390783,0.7820363164721141,573,0.021858548867017623,0.043356537530266345,0.8139074585895303,0.7000141376845246,36.73122758831159,35.3,2974.827783772421,6790,0.003301212551414319,0.7063200358583595,0.7840400065271598,6,0
odds_30plus_score>=0.7_expected>=2000_top2_by_direct_ticket_score,13216,26214,1.9835048426150121,2621400,2056820,-564580,0.7846265354390783,0.7820363164721141,573,0.021858548867017623,0.043356537530266345,0.8139074585895303,0.7000141376845246,36.73122758831159,35.3,2974.827783772421,6790,0.003301212551414319,0.7063200358583595,0.7840400065271598,6,0
odds_30_500_score>=0.5_expected>=2000_top2_by_direct_ticket_score,13305,26606,1.9996993611424276,2660600,2078770,-581830,0.7813162444561377,0.7787641885289033,578,0.02172442306246711,0.043442314919203306,0.8116366201140053,0.5006519075427881,36.96082838457491,35.4,2981.5632397439285,6790,0.0032663546231665843,0.7086696230598669,0.7804722459762795,6,0
odds_30plus_score>=0.5_expected>=2000_top2_by_direct_ticket_score,13305,26606,1.9996993611424276,2660600,2078770,-581830,0.7813162444561377,0.7787641885289033,578,0.02172442306246711,0.043442314919203306,0.8116366201140053,0.5006519075427881,36.96082838457491,35.4,2981.5632397439285,6790,0.0032663546231665843,0.7086696230598669,0.7804722459762795,6,0
odds_30_500_score>=0.5_expected>=0_top2_by_direct_ticket_score,13305,26606,1.9996993611424276,2660600,2072840,-587760,0.7790874238893483,0.7765353679621138,577,0.021686837555438623,0.04336715520481022,0.8116379670774535,0.5006519075427881,36.959787266030226,35.4,2981.5072216926046,6790,0.0032756990409293528,0.7086696230598669,0.7783292855831023,6,0
odds_30_500_score>=0.5_expected>=500_top2_by_direct_ticket_score,13305,26606,1.9996993611424276,2660600,2072840,-587760,0.7790874238893483,0.7765353679621138,577,0.021686837555438623,0.04336715520481022,0.8116379670774535,0.5006519075427881,36.959787266030226,35.4,2981.5072216926046,6790,0.0032756990409293528,0.7086696230598669,0.7783292855831023,6,0
odds_30_500_score>=0.5_expected>=1000_top2_by_direct_ticket_score,13305,26606,1.9996993611424276,2660600,2072840,-587760,0.7790874238893483,0.7765353679621138,577,0.021686837555438623,0.04336715520481022,0.8116379670774535,0.5006519075427881,36.959787266030226,35.4,2981.5072216926046,6790,0.0032756990409293528,0.7086696230598669,0.7783292855831023,6,0
odds_30_500_score>=0.5_expected>=1500_top2_by_direct_ticket_score,13305,26606,1.9996993611424276,2660600,2072840,-587760,0.7790874238893483,0.7765353679621138,577,0.021686837555438623,0.04336715520481022,0.8116379670774535,0.5006519075427881,36.959787266030226,35.4,2981.5072216926046,6790,0.0032756990409293528,0.7086696230598669,0.7783292855831023,6,0
odds_30plus_score>=0.5_expected>=0_top2_by_direct_ticket_score,13305,26606,1.9996993611424276,2660600,2072840,-587760,0.7790874238893483,0.7765353679621138,577,0.021686837555438623,0.04336715520481022,0.8116379670774535,0.5006519075427881,36.959787266030226,35.4,2981.5072216926046,6790,0.0032756990409293528,0.7086696230598669,0.7783292855831023,6,0
odds_30plus_score>=0.5_expected>=500_top2_by_direct_ticket_score,13305,26606,1.9996993611424276,2660600,2072840,-587760,0.7790874238893483,0.7765353679621138,577,0.021686837555438623,0.04336715520481022,0.8116379670774535,0.5006519075427881,36.959787266030226,35.4,2981.5072216926046,6790,0.0032756990409293528,0.7086696230598669,0.7783292855831023,6,0
odds_30plus_score>=0.5_expected>=1000_top2_by_direct_ticket_score,13305,26606,1.9996993611424276,2660600,2072840,-587760,0.7790874238893483,0.7765353679621138,577,0.021686837555438623,0.04336715520481022,0.8116379670774535,0.5006519075427881,36.959787266030226,35.4,2981.5072216926046,6790,0.0032756990409293528,0.7086696230598669,0.7783292855831023,6,0
odds_30plus_score>=0.5_expected>=1500_top2_by_direct_ticket_score,13305,26606,1.9996993611424276,2660600,2072840,-587760,0.7790874238893483,0.7765353679621138,577,0.021686837555438623,0.04336715520481022,0.8116379670774535,0.5006519075427881,36.959787266030226,35.4,2981.5072216926046,6790,0.0032756990409293528,0.7086696230598669,0.7783292855831023,6,0
odds_30_500_score>=0.6_expected>=2000_top2_by_direct_ticket_score,13294,26568,1.9984955619076274,2656800,2068560,-588240,0.7785907859078591,0.7760350797952424,576,0.02168021680216802,0.04332781706032797,0.8119890723258786,0.6008735080779615,36.921209725986145,35.4,2980.6201935638446,6790,0.0032824766987662917,0.7092987128273414,0.7779057138435642,6,0
odds_30plus_score>=0.6_expected>=2000_top2_by_direct_ticket_score,13294,26568,1.9984955619076274,2656800,2068560,-588240,0.7785907859078591,0.7760350797952424,576,0.02168021680216802,0.04332781706032797,0.8119890723258786,0.6008735080779615,36.921209725986145,35.4,2980.6201935638446,6790,0.0032824766987662917,0.7092987128273414,0.7779057138435642,6,0
odds_30_500_score>=0.6_expected>=0_top2_by_direct_ticket_score,13295,26569,1.998420458819105,2656900,2068560,-588340,0.7785614814257217,0.7760058715043848,576,0.02167940080544996,0.04332455810455058,0.8119816496772765,0.6008735080779615,36.921009447100005,35.4,2980.5811282714644,6790,0.0032824766987662917,0.7092987128273414,0.7778761579086391,6,0
odds_30_500_score>=0.6_expected>=500_top2_by_direct_ticket_score,13295,26569,1.998420458819105,2656900,2068560,-588340,0.7785614814257217,0.7760058715043848,576,0.02167940080544996,0.04332455810455058,0.8119816496772765,0.6008735080779615,36.921009447100005,35.4,2980.5811282714644,6790,0.0032824766987662917,0.7092987128273414,0.7778761579086391,6,0
odds_30_500_score>=0.6_expected>=1000_top2_by_direct_ticket_score,13295,26569,1.998420458819105,2656900,2068560,-588340,0.7785614814257217,0.7760058715043848,576,0.02167940080544996,0.04332455810455058,0.8119816496772765,0.6008735080779615,36.921009447100005,35.4,2980.5811282714644,6790,0.0032824766987662917,0.7092987128273414,0.7778761579086391,6,0
odds_30_500_score>=0.6_expected>=1500_top2_by_direct_ticket_score,13295,26569,1.998420458819105,2656900,2068560,-588340,0.7785614814257217,0.7760058715043848,576,0.02167940080544996,0.04332455810455058,0.8119816496772765,0.6008735080779615,36.921009447100005,35.4,2980.5811282714644,6790,0.0032824766987662917,0.7092987128273414,0.7778761579086391,6,0
odds_30plus_score>=0.6_expected>=0_top2_by_direct_ticket_score,13295,26569,1.998420458819105,2656900,2068560,-588340,0.7785614814257217,0.7760058715043848,576,0.02167940080544996,0.04332455810455058,0.8119816496772765,0.6008735080779615,36.921009447100005,35.4,2980.5811282714644,6790,0.0032824766987662917,0.7092987128273414,0.7778761579086391,6,0
odds_30plus_score>=0.6_expected>=500_top2_by_direct_ticket_score,13295,26569,1.998420458819105,2656900,2068560,-588340,0.7785614814257217,0.7760058715043848,576,0.02167940080544996,0.04332455810455058,0.8119816496772765,0.6008735080779615,36.921009447100005,35.4,2980.5811282714644,6790,0.0032824766987662917,0.7092987128273414,0.7778761579086391,6,0
odds_30plus_score>=0.6_expected>=1000_top2_by_direct_ticket_score,13295,26569,1.998420458819105,2656900,2068560,-588340,0.7785614814257217,0.7760058715043848,576,0.02167940080544996,0.04332455810455058,0.8119816496772765,0.6008735080779615,36.921009447100005,35.4,2980.5811282714644,6790,0.0032824766987662917,0.7092987128273414,0.7778761579086391,6,0
odds_30plus_score>=0.6_expected>=1500_top2_by_direct_ticket_score,13295,26569,1.998420458819105,2656900,2068560,-588340,0.7785614814257217,0.7760058715043848,576,0.02167940080544996,0.04332455810455058,0.8119816496772765,0.6008735080779615,36.921009447100005,35.4,2980.5811282714644,6790,0.0032824766987662917,0.7092987128273414,0.7778761579086391,6,0
odds_30_500_score>=0.7_expected>=0_top1_by_direct_ticket_score,13216,13216,1.0,1321600,1022980,-298620,0.7740466101694915,0.7699606537530266,299,0.02262409200968523,0.02262409200968523,0.8287547738596062,0.7007370386384302,35.07429630750605,33.4,2893.433058178556,5400,0.005278695575671078,0.6534490431686694,0.7737959870627499,6,0
odds_30_500_score>=0.7_expected>=500_top1_by_direct_ticket_score,13216,13216,1.0,1321600,1022980,-298620,0.7740466101694915,0.7699606537530266,299,0.02262409200968523,0.02262409200968523,0.8287547738596062,0.7007370386384302,35.07429630750605,33.4,2893.433058178556,5400,0.005278695575671078,0.6534490431686694,0.7737959870627499,6,0
odds_30_500_score>=0.7_expected>=1000_top1_by_direct_ticket_score,13216,13216,1.0,1321600,1022980,-298620,0.7740466101694915,0.7699606537530266,299,0.02262409200968523,0.02262409200968523,0.8287547738596062,0.7007370386384302,35.07429630750605,33.4,2893.433058178556,5400,0.005278695575671078,0.6534490431686694,0.7737959870627499,6,0
odds_30_500_score>=0.7_expected>=1500_top1_by_direct_ticket_score,13216,13216,1.0,1321600,1022980,-298620,0.7740466101694915,0.7699606537530266,299,0.02262409200968523,0.02262409200968523,0.8287547738596062,0.7007370386384302,35.07429630750605,33.4,2893.433058178556,5400,0.005278695575671078,0.6534490431686694,0.7737959870627499,6,0
odds_30_500_score>=0.7_expected>=2000_top1_by_direct_ticket_score,13216,13216,1.0,1321600,1022980,-298620,0.7740466101694915,0.7699606537530266,299,0.02262409200968523,0.02262409200968523,0.8287547738596062,0.7007370386384302,35.07429630750605,33.4,2893.433058178556,5400,0.005278695575671078,0.6534490431686694,0.7737959870627499,6,0
odds_30plus_score>=0.7_expected>=0_top1_by_direct_ticket_score,13216,13216,1.0,1321600,1022980,-298620,0.7740466101694915,0.7699606537530266,299,0.02262409200968523,0.02262409200968523,0.8287547738596062,0.7007370386384302,35.07429630750605,33.4,2893.433058178556,5400,0.005278695575671078,0.6534490431686694,0.7737959870627499,6,0
odds_30plus_score>=0.7_expected>=500_top1_by_direct_ticket_score,13216,13216,1.0,1321600,1022980,-298620,0.7740466101694915,0.7699606537530266,299,0.02262409200968523,0.02262409200968523,0.8287547738596062,0.7007370386384302,35.07429630750605,33.4,2893.433058178556,5400,0.005278695575671078,0.6534490431686694,0.7737959870627499,6,0
odds_30plus_score>=0.7_expected>=1000_top1_by_direct_ticket_score,13216,13216,1.0,1321600,1022980,-298620,0.7740466101694915,0.7699606537530266,299,0.02262409200968523,0.02262409200968523,0.8287547738596062,0.7007370386384302,35.07429630750605,33.4,2893.433058178556,5400,0.005278695575671078,0.6534490431686694,0.7737959870627499,6,0
odds_30plus_score>=0.7_expected>=1500_top1_by_direct_ticket_score,13216,13216,1.0,1321600,1022980,-298620,0.7740466101694915,0.7699606537530266,299,0.02262409200968523,0.02262409200968523,0.8287547738596062,0.7007370386384302,35.07429630750605,33.4,2893.433058178556,5400,0.005278695575671078,0.6534490431686694,0.7737959870627499,6,0
odds_30plus_score>=0.7_expected>=2000_top1_by_direct_ticket_score,13216,13216,1.0,1321600,1022980,-298620,0.7740466101694915,0.7699606537530266,299,0.02262409200968523,0.02262409200968523,0.8287547738596062,0.7007370386384302,35.07429630750605,33.4,2893.433058178556,5400,0.005278695575671078,0.6534490431686694,0.7737959870627499,6,0
odds_30_500_score>=0.6_expected>=2000_top1_by_direct_ticket_score,13294,13294,1.0,1329400,1022980,-306420,0.7695050398676094,0.7654430570182037,299,0.02249134948096886,0.02249134948096886,0.8277997789437609,0.6017250965778991,35.170249736723335,33.4,2896.4927816415593,5400,0.005278695575671078,0.6514196983141083,0.7692100237425615,6,0
odds_30plus_score>=0.6_expected>=2000_top1_by_direct_ticket_score,13294,13294,1.0,1329400,1022980,-306420,0.7695050398676094,0.7654430570182037,299,0.02249134948096886,0.02249134948096886,0.8277997789437609,0.6017250965778991,35.170249736723335,33.4,2896.4927816415593,5400,0.005278695575671078,0.6514196983141083,0.7692100237425615,6,0
odds_30_500_score>=0.6_expected>=0_top1_by_direct_ticket_score,13295,13295,1.0,1329500,1022980,-306520,0.7694471605866867,0.7653854832643852,299,0.022489657766077472,0.022489657766077472,0.8277837561489263,0.6017250965778991,35.16998119593833,33.4,2896.4210405102076,5400,0.005278695575671078,0.6514196983141083,0.7691518960310648,6,0
odds_30_500_score>=0.6_expected>=500_top1_by_direct_ticket_score,13295,13295,1.0,1329500,1022980,-306520,0.7694471605866867,0.7653854832643852,299,0.022489657766077472,0.022489657766077472,0.8277837561489263,0.6017250965778991,35.16998119593833,33.4,2896.4210405102076,5400,0.005278695575671078,0.6514196983141083,0.7691518960310648,6,0
odds_30_500_score>=0.6_expected>=1000_top1_by_direct_ticket_score,13295,13295,1.0,1329500,1022980,-306520,0.7694471605866867,0.7653854832643852,299,0.022489657766077472,0.022489657766077472,0.8277837561489263,0.6017250965778991,35.16998119593833,33.4,2896.4210405102076,5400,0.005278695575671078,0.6514196983141083,0.7691518960310648,6,0
odds_30_500_score>=0.6_expected>=1500_top1_by_direct_ticket_score,13295,13295,1.0,1329500,1022980,-306520,0.7694471605866867,0.7653854832643852,299,0.022489657766077472,0.022489657766077472,0.8277837561489263,0.6017250965778991,35.16998119593833,33.4,2896.4210405102076,5400,0.005278695575671078,0.6514196983141083,0.7691518960310648,6,0
odds_30plus_score>=0.6_expected>=0_top1_by_direct_ticket_score,13295,13295,1.0,1329500,1022980,-306520,0.7694471605866867,0.7653854832643852,299,0.022489657766077472,0.022489657766077472,0.8277837561489263,0.6017250965778991,35.16998119593833,33.4,2896.4210405102076,5400,0.005278695575671078,0.6514196983141083,0.7691518960310648,6,0
odds_30plus_score>=0.6_expected>=500_top1_by_direct_ticket_score,13295,13295,1.0,1329500,1022980,-306520,0.7694471605866867,0.7653854832643852,299,0.022489657766077472,0.022489657766077472,0.8277837561489263,0.6017250965778991,35.16998119593833,33.4,2896.4210405102076,5400,0.005278695575671078,0.6514196983141083,0.7691518960310648,6,0
odds_30plus_score>=0.6_expected>=1000_top1_by_direct_ticket_score,13295,13295,1.0,1329500,1022980,-306520,0.7694471605866867,0.7653854832643852,299,0.022489657766077472,0.022489657766077472,0.8277837561489263,0.6017250965778991,35.16998119593833,33.4,2896.4210405102076,5400,0.005278695575671078,0.6514196983141083,0.7691518960310648,6,0
odds_30plus_score>=0.6_expected>=1500_top1_by_direct_ticket_score,13295,13295,1.0,1329500,1022980,-306520,0.7694471605866867,0.7653854832643852,299,0.022489657766077472,0.022489657766077472,0.8277837561489263,0.6017250965778991,35.16998119593833,33.4,2896.4210405102076,5400,0.005278695575671078,0.6514196983141083,0.7691518960310648,6,0
odds_30_500_score>=0.5_expected>=0_top1_by_direct_ticket_score,13305,13305,1.0,1330500,1022980,-307520,0.768868846298384,0.7648102217211574,299,0.022472754603532506,0.022472754603532506,0.8275935882919775,0.5440194529345679,35.19324314167606,33.4,2897.0961122990116,5400,0.005278695575671078,0.6508421985815603,0.7685958977541304,6,0
odds_30_500_score>=0.5_expected>=500_top1_by_direct_ticket_score,13305,13305,1.0,1330500,1022980,-307520,0.768868846298384,0.7648102217211574,299,0.022472754603532506,0.022472754603532506,0.8275935882919775,0.5440194529345679,35.19324314167606,33.4,2897.0961122990116,5400,0.005278695575671078,0.6508421985815603,0.7685958977541304,6,0
odds_30_500_score>=0.5_expected>=1000_top1_by_direct_ticket_score,13305,13305,1.0,1330500,1022980,-307520,0.768868846298384,0.7648102217211574,299,0.022472754603532506,0.022472754603532506,0.8275935882919775,0.5440194529345679,35.19324314167606,33.4,2897.0961122990116,5400,0.005278695575671078,0.6508421985815603,0.7685958977541304,6,0
odds_30_500_score>=0.5_expected>=1500_top1_by_direct_ticket_score,13305,13305,1.0,1330500,1022980,-307520,0.768868846298384,0.7648102217211574,299,0.022472754603532506,0.022472754603532506,0.8275935882919775,0.5440194529345679,35.19324314167606,33.4,2897.0961122990116,5400,0.005278695575671078,0.6508421985815603,0.7685958977541304,6,0
odds_30_500_score>=0.5_expected>=2000_top1_by_direct_ticket_score,13305,13305,1.0,1330500,1022980,-307520,0.768868846298384,0.7648102217211574,299,0.022472754603532506,0.022472754603532506,0.8275910330157121,0.5440194529345679,35.19359639233371,33.4,2897.1085536742894,5400,0.005278695575671078,0.6508421985815603,0.7685958977541304,6,0
odds_30plus_score>=0.5_expected>=0_top1_by_direct_ticket_score,13305,13305,1.0,1330500,1022980,-307520,0.768868846298384,0.7648102217211574,299,0.022472754603532506,0.022472754603532506,0.8275935882919775,0.5440194529345679,35.19324314167606,33.4,2897.0961122990116,5400,0.005278695575671078,0.6508421985815603,0.7685958977541304,6,0
odds_30plus_score>=0.5_expected>=500_top1_by_direct_ticket_score,13305,13305,1.0,1330500,1022980,-307520,0.768868846298384,0.7648102217211574,299,0.022472754603532506,0.022472754603532506,0.8275935882919775,0.5440194529345679,35.19324314167606,33.4,2897.0961122990116,5400,0.005278695575671078,0.6508421985815603,0.7685958977541304,6,0
odds_30plus_score>=0.5_expected>=1000_top1_by_direct_ticket_score,13305,13305,1.0,1330500,1022980,-307520,0.768868846298384,0.7648102217211574,299,0.022472754603532506,0.022472754603532506,0.8275935882919775,0.5440194529345679,35.19324314167606,33.4,2897.0961122990116,5400,0.005278695575671078,0.6508421985815603,0.7685958977541304,6,0
odds_30plus_score>=0.5_expected>=1500_top1_by_direct_ticket_score,13305,13305,1.0,1330500,1022980,-307520,0.768868846298384,0.7648102217211574,299,0.022472754603532506,0.022472754603532506,0.8275935882919775,0.5440194529345679,35.19324314167606,33.4,2897.0961122990116,5400,0.005278695575671078,0.6508421985815603,0.7685958977541304,6,0
odds_30plus_score>=0.5_expected>=2000_top1_by_direct_ticket_score,13305,13305,1.0,1330500,1022980,-307520,0.768868846298384,0.7648102217211574,299,0.022472754603532506,0.022472754603532506,0.8275910330157121,0.5440194529345679,35.19359639233371,33.4,2897.1085536742894,5400,0.005278695575671078,0.6508421985815603,0.7685958977541304,6,0
odds_30_500_score>=0.8_expected>=3000_top2_by_direct_expected_return,5283,7230,1.3685406019307211,723000,557920,-165080,0.7716735822959889,0.7634854771784232,138,0.019087136929460582,0.02612152186257808,0.8148882569100051,0.8000017257731068,41.06041493775933,40.1,3344.572763663574,5920,0.01061084026383711,0.40605069501226493,0.7666660590330884,6,1
odds_30plus_score>=0.8_expected>=3000_top2_by_direct_expected_return,5283,7230,1.3685406019307211,723000,557920,-165080,0.7716735822959889,0.7634854771784232,138,0.019087136929460582,0.02612152186257808,0.8148882569100051,0.8000017257731068,41.06041493775933,40.1,3344.572763663574,5920,0.01061084026383711,0.40605069501226493,0.7666660590330884,6,1
odds_30_500_score>=0.8_expected>=3000_top3_by_direct_ticket_score,5283,7845,1.4849517319704713,784500,601840,-182660,0.767163798597833,0.7596303377947737,150,0.019120458891013385,0.028392958546280524,0.8157673051893729,0.8000017257731068,40.709713193116634,39.8,3319.484729776933,5910,0.009819885683902699,0.4325528700906344,0.7618396012767761,6,1
odds_30plus_score>=0.8_expected>=3000_top3_by_direct_ticket_score,5283,7845,1.4849517319704713,784500,601840,-182660,0.767163798597833,0.7596303377947737,150,0.019120458891013385,0.028392958546280524,0.8157673051893729,0.8000017257731068,40.709713193116634,39.8,3319.484729776933,5910,0.009819885683902699,0.4325528700906344,0.7618396012767761,6,1
odds_30_500_score>=0.8_expected>=3000_top5_by_direct_ticket_score,5283,8073,1.5281090289608177,807300,615710,-191590,0.7626780626780627,0.7553449770841075,153,0.0189520624303233,0.028960817717206135,0.815532962216811,0.8000017257731068,40.771906354515046,39.8,3323.58863272184,5920,0.009614916113105196,0.4204845814977974,0.7564115672855785,6,1
odds_30plus_score>=0.8_expected>=3000_top5_by_direct_ticket_score,5283,8073,1.5281090289608177,807300,615710,-191590,0.7626780626780627,0.7553449770841075,153,0.0189520624303233,0.028960817717206135,0.815532962216811,0.8000017257731068,40.771906354515046,39.8,3323.58863272184,5920,0.009614916113105196,0.4204845814977974,0.7564115672855785,6,1
odds_30_500_score>=0.8_expected>=3000_top10_by_direct_ticket_score,5283,8098,1.5328411887185311,809800,615710,-194090,0.7603235366757224,0.7530130896517658,153,0.018893553963941715,0.028960817717206135,0.8154989643479311,0.8000017257731068,40.7886885650778,39.8,3324.8065196009484,5920,0.009614916113105196,0.4189465983906364,0.7539810752577423,6,1
odds_30_500_score>=0.8_expected>=3000_top10_by_direct_expected_return,5283,8098,1.5328411887185311,809800,615710,-194090,0.7603235366757224,0.7530130896517658,153,0.018893553963941715,0.028960817717206135,0.8154989643479312,0.8000017257731068,40.788688565077805,39.8,3324.8065196009484,5920,0.009614916113105196,0.4189465983906364,0.7539810752577423,6,1
odds_30plus_score>=0.8_expected>=3000_top10_by_direct_ticket_score,5283,8098,1.5328411887185311,809800,615710,-194090,0.7603235366757224,0.7530130896517658,153,0.018893553963941715,0.028960817717206135,0.8154989643479311,0.8000017257731068,40.7886885650778,39.8,3324.8065196009484,5920,0.009614916113105196,0.4189465983906364,0.7539810752577423,6,1
odds_30plus_score>=0.8_expected>=3000_top10_by_direct_expected_return,5283,8098,1.5328411887185311,809800,615710,-194090,0.7603235366757224,0.7530130896517658,153,0.018893553963941715,0.028960817717206135,0.8154989643479312,0.8000017257731068,40.788688565077805,39.8,3324.8065196009484,5920,0.009614916113105196,0.4189465983906364,0.7539810752577423,6,1
odds_30_500_score>=0.8_expected>=3000_top5_by_direct_expected_return,5283,8073,1.5281090289608177,807300,612010,-195290,0.7580948841818407,0.7507617985878855,152,0.01882819274123622,0.028771531326897595,0.8154774578930668,0.8000017257731068,40.79810479375696,39.8,3325.4934471669226,5920,0.009673044558095456,0.4204845814977974,0.7513610622350734,6,1
odds_30plus_score>=0.8_expected>=3000_top5_by_direct_expected_return,5283,8073,1.5281090289608177,807300,612010,-195290,0.7580948841818407,0.7507617985878855,152,0.01882819274123622,0.028771531326897595,0.8154774578930668,0.8000017257731068,40.79810479375696,39.8,3325.4934471669226,5920,0.009673044558095456,0.4204845814977974,0.7513610622350734,6,1
odds_30_500_score>=0.8_expected>=3000_top1_by_direct_ticket_score,5283,5283,1.0,528300,401620,-126680,0.7602120007571456,0.7499905356804846,101,0.019117925421162217,0.019117925421162217,0.8180010231672318,0.8000114353486129,40.24062085936021,39.4,3290.2347206641825,5400,0.01344554554056073,0.506942889137738,0.7556183213083297,6,0
odds_30plus_score>=0.8_expected>=3000_top1_by_direct_ticket_score,5283,5283,1.0,528300,401620,-126680,0.7602120007571456,0.7499905356804846,101,0.019117925421162217,0.019117925421162217,0.8180010231672318,0.8000114353486129,40.24062085936021,39.4,3290.2347206641825,5400,0.01344554554056073,0.506942889137738,0.7556183213083297,6,0
odds_30_500_score>=0.85_expected>=0_top3_by_direct_ticket_score,3385,3965,1.171344165435746,396500,300670,-95830,0.7583102143757882,0.7497604035308953,98,0.02471626733921816,0.02895125553914328,0.8832465122323676,0.8500153554070881,30.92607818411097,30.5,2730.0580134547613,3390,0.011274819569627831,0.5565698478561549,0.7656316215558956,6,1
odds_30_500_score>=0.85_expected>=500_top3_by_direct_ticket_score,3385,3965,1.171344165435746,396500,300670,-95830,0.7583102143757882,0.7497604035308953,98,0.02471626733921816,0.02895125553914328,0.8832465122323676,0.8500153554070881,30.92607818411097,30.5,2730.0580134547613,3390,0.011274819569627831,0.5565698478561549,0.7656316215558956,6,1
odds_30_500_score>=0.85_expected>=1000_top3_by_direct_ticket_score,3385,3965,1.171344165435746,396500,300670,-95830,0.7583102143757882,0.7497604035308953,98,0.02471626733921816,0.02895125553914328,0.8832465122323676,0.8500153554070881,30.92607818411097,30.5,2730.0580134547613,3390,0.011274819569627831,0.5565698478561549,0.7656316215558956,6,1
odds_30_500_score>=0.85_expected>=1500_top3_by_direct_ticket_score,3385,3965,1.171344165435746,396500,300670,-95830,0.7583102143757882,0.7497604035308953,98,0.02471626733921816,0.02895125553914328,0.8832465122323676,0.8500153554070881,30.92607818411097,30.5,2730.0580134547613,3390,0.011274819569627831,0.5565698478561549,0.7656316215558956,6,1
odds_30_500_score>=0.85_expected>=2000_top3_by_direct_ticket_score,3385,3965,1.171344165435746,396500,300670,-95830,0.7583102143757882,0.7497604035308953,98,0.02471626733921816,0.02895125553914328,0.8832465122323676,0.8500153554070881,30.92607818411097,30.5,2730.0580134547613,3390,0.011274819569627831,0.5565698478561549,0.7656316215558956,6,1
odds_30plus_score>=0.85_expected>=0_top3_by_direct_ticket_score,3385,3965,1.171344165435746,396500,300670,-95830,0.7583102143757882,0.7497604035308953,98,0.02471626733921816,0.02895125553914328,0.8832465122323676,0.8500153554070881,30.92607818411097,30.5,2730.0580134547613,3390,0.011274819569627831,0.5565698478561549,0.7656316215558956,6,1
odds_30plus_score>=0.85_expected>=500_top3_by_direct_ticket_score,3385,3965,1.171344165435746,396500,300670,-95830,0.7583102143757882,0.7497604035308953,98,0.02471626733921816,0.02895125553914328,0.8832465122323676,0.8500153554070881,30.92607818411097,30.5,2730.0580134547613,3390,0.011274819569627831,0.5565698478561549,0.7656316215558956,6,1
odds_30plus_score>=0.85_expected>=1000_top3_by_direct_ticket_score,3385,3965,1.171344165435746,396500,300670,-95830,0.7583102143757882,0.7497604035308953,98,0.02471626733921816,0.02895125553914328,0.8832465122323676,0.8500153554070881,30.92607818411097,30.5,2730.0580134547613,3390,0.011274819569627831,0.5565698478561549,0.7656316215558956,6,1
odds_30plus_score>=0.85_expected>=1500_top3_by_direct_ticket_score,3385,3965,1.171344165435746,396500,300670,-95830,0.7583102143757882,0.7497604035308953,98,0.02471626733921816,0.02895125553914328,0.8832465122323676,0.8500153554070881,30.92607818411097,30.5,2730.0580134547613,3390,0.011274819569627831,0.5565698478561549,0.7656316215558956,6,1
odds_30plus_score>=0.85_expected>=2000_top3_by_direct_ticket_score,3385,3965,1.171344165435746,396500,300670,-95830,0.7583102143757882,0.7497604035308953,98,0.02471626733921816,0.02895125553914328,0.8832465122323676,0.8500153554070881,30.92607818411097,30.5,2730.0580134547613,3390,0.011274819569627831,0.5565698478561549,0.7656316215558956,6,1
odds_30_500_score>=0.85_expected>=0_top5_by_direct_ticket_score,3385,3969,1.1725258493353028,396900,300670,-96230,0.7575459813555052,0.7490047871000252,98,0.024691358024691357,0.02895125553914328,0.8832173417820628,0.8500153554070881,30.930788611740994,30.5,2730.3712556293926,3390,0.011274819569627831,0.5558011049723757,0.7647902900881367,6,1
odds_30_500_score>=0.85_expected>=0_top10_by_direct_ticket_score,3385,3969,1.1725258493353028,396900,300670,-96230,0.7575459813555052,0.7490047871000252,98,0.024691358024691357,0.02895125553914328,0.8832173417820628,0.8500153554070881,30.930788611740994,30.5,2730.3712556293926,3390,0.011274819569627831,0.5558011049723757,0.7647902900881367,6,1
odds_30_500_score>=0.85_expected>=0_top5_by_direct_expected_return,3385,3969,1.1725258493353028,396900,300670,-96230,0.7575459813555052,0.7490047871000252,98,0.024691358024691357,0.02895125553914328,0.8832173417820628,0.8500153554070881,30.930788611740994,30.5,2730.3712556293926,3390,0.011274819569627831,0.5558011049723757,0.7647902900881367,6,1
odds_30_500_score>=0.85_expected>=0_top10_by_direct_expected_return,3385,3969,1.1725258493353028,396900,300670,-96230,0.7575459813555052,0.7490047871000252,98,0.024691358024691357,0.02895125553914328,0.8832173417820628,0.8500153554070881,30.930788611740994,30.5,2730.3712556293926,3390,0.011274819569627831,0.5558011049723757,0.7647902900881367,6,1
odds_30_500_score>=0.85_expected>=500_top5_by_direct_ticket_score,3385,3969,1.1725258493353028,396900,300670,-96230,0.7575459813555052,0.7490047871000252,98,0.024691358024691357,0.02895125553914328,0.8832173417820628,0.8500153554070881,30.930788611740994,30.5,2730.3712556293926,3390,0.011274819569627831,0.5558011049723757,0.7647902900881367,6,1
odds_30_500_score>=0.85_expected>=500_top10_by_direct_ticket_score,3385,3969,1.1725258493353028,396900,300670,-96230,0.7575459813555052,0.7490047871000252,98,0.024691358024691357,0.02895125553914328,0.8832173417820628,0.8500153554070881,30.930788611740994,30.5,2730.3712556293926,3390,0.011274819569627831,0.5558011049723757,0.7647902900881367,6,1
odds_30_500_score>=0.85_expected>=500_top5_by_direct_expected_return,3385,3969,1.1725258493353028,396900,300670,-96230,0.7575459813555052,0.7490047871000252,98,0.024691358024691357,0.02895125553914328,0.8832173417820628,0.8500153554070881,30.930788611740994,30.5,2730.3712556293926,3390,0.011274819569627831,0.5558011049723757,0.7647902900881367,6,1
odds_30_500_score>=0.85_expected>=500_top10_by_direct_expected_return,3385,3969,1.1725258493353028,396900,300670,-96230,0.7575459813555052,0.7490047871000252,98,0.024691358024691357,0.02895125553914328,0.8832173417820628,0.8500153554070881,30.930788611740994,30.5,2730.3712556293926,3390,0.011274819569627831,0.5558011049723757,0.7647902900881367,6,1
odds_30_500_score>=0.85_expected>=1000_top5_by_direct_ticket_score,3385,3969,1.1725258493353028,396900,300670,-96230,0.7575459813555052,0.7490047871000252,98,0.024691358024691357,0.02895125553914328,0.8832173417820628,0.8500153554070881,30.930788611740994,30.5,2730.3712556293926,3390,0.011274819569627831,0.5558011049723757,0.7647902900881367,6,1
odds_30_500_score>=0.85_expected>=1000_top10_by_direct_ticket_score,3385,3969,1.1725258493353028,396900,300670,-96230,0.7575459813555052,0.7490047871000252,98,0.024691358024691357,0.02895125553914328,0.8832173417820628,0.8500153554070881,30.930788611740994,30.5,2730.3712556293926,3390,0.011274819569627831,0.5558011049723757,0.7647902900881367,6,1
odds_30_500_score>=0.85_expected>=1000_top5_by_direct_expected_return,3385,3969,1.1725258493353028,396900,300670,-96230,0.7575459813555052,0.7490047871000252,98,0.024691358024691357,0.02895125553914328,0.8832173417820628,0.8500153554070881,30.930788611740994,30.5,2730.3712556293926,3390,0.011274819569627831,0.5558011049723757,0.7647902900881367,6,1
odds_30_500_score>=0.85_expected>=1000_top10_by_direct_expected_return,3385,3969,1.1725258493353028,396900,300670,-96230,0.7575459813555052,0.7490047871000252,98,0.024691358024691357,0.02895125553914328,0.8832173417820628,0.8500153554070881,30.930788611740994,30.5,2730.3712556293926,3390,0.011274819569627831,0.5558011049723757,0.7647902900881367,6,1
odds_30_500_score>=0.85_expected>=1500_top5_by_direct_ticket_score,3385,3969,1.1725258493353028,396900,300670,-96230,0.7575459813555052,0.7490047871000252,98,0.024691358024691357,0.02895125553914328,0.8832173417820628,0.8500153554070881,30.930788611740994,30.5,2730.3712556293926,3390,0.011274819569627831,0.5558011049723757,0.7647902900881367,6,1
odds_30_500_score>=0.85_expected>=1500_top10_by_direct_ticket_score,3385,3969,1.1725258493353028,396900,300670,-96230,0.7575459813555052,0.7490047871000252,98,0.024691358024691357,0.02895125553914328,0.8832173417820628,0.8500153554070881,30.930788611740994,30.5,2730.3712556293926,3390,0.011274819569627831,0.5558011049723757,0.7647902900881367,6,1
odds_30_500_score>=0.85_expected>=1500_top5_by_direct_expected_return,3385,3969,1.1725258493353028,396900,300670,-96230,0.7575459813555052,0.7490047871000252,98,0.024691358024691357,0.02895125553914328,0.8832173417820628,0.8500153554070881,30.930788611740994,30.5,2730.3712556293926,3390,0.011274819569627831,0.5558011049723757,0.7647902900881367,6,1
odds_30_500_score>=0.85_expected>=1500_top10_by_direct_expected_return,3385,3969,1.1725258493353028,396900,300670,-96230,0.7575459813555052,0.7490047871000252,98,0.024691358024691357,0.02895125553914328,0.8832173417820628,0.8500153554070881,30.930788611740994,30.5,2730.3712556293926,3390,0.011274819569627831,0.5558011049723757,0.7647902900881367,6,1
odds_30_500_score>=0.85_expected>=2000_top5_by_direct_ticket_score,3385,3969,1.1725258493353028,396900,300670,-96230,0.7575459813555052,0.7490047871000252,98,0.024691358024691357,0.02895125553914328,0.8832173417820628,0.8500153554070881,30.930788611740994,30.5,2730.3712556293926,3390,0.011274819569627831,0.5558011049723757,0.7647902900881367,6,1
odds_30_500_score>=0.85_expected>=2000_top10_by_direct_ticket_score,3385,3969,1.1725258493353028,396900,300670,-96230,0.7575459813555052,0.7490047871000252,98,0.024691358024691357,0.02895125553914328,0.8832173417820628,0.8500153554070881,30.930788611740994,30.5,2730.3712556293926,3390,0.011274819569627831,0.5558011049723757,0.7647902900881367,6,1
odds_30_500_score>=0.85_expected>=2000_top5_by_direct_expected_return,3385,3969,1.1725258493353028,396900,300670,-96230,0.7575459813555052,0.7490047871000252,98,0.024691358024691357,0.02895125553914328,0.8832173417820628,0.8500153554070881,30.930788611740994,30.5,2730.3712556293926,3390,0.011274819569627831,0.5558011049723757,0.7647902900881367,6,1
odds_30_500_score>=0.85_expected>=2000_top10_by_direct_expected_return,3385,3969,1.1725258493353028,396900,300670,-96230,0.7575459813555052,0.7490047871000252,98,0.024691358024691357,0.02895125553914328,0.8832173417820628,0.8500153554070881,30.930788611740994,30.5,2730.3712556293926,3390,0.011274819569627831,0.5558011049723757,0.7647902900881367,6,1
odds_30plus_score>=0.85_expected>=0_top5_by_direct_ticket_score,3385,3969,1.1725258493353028,396900,300670,-96230,0.7575459813555052,0.7490047871000252,98,0.024691358024691357,0.02895125553914328,0.8832173417820628,0.8500153554070881,30.930788611740994,30.5,2730.3712556293926,3390,0.011274819569627831,0.5558011049723757,0.7647902900881367,6,1
odds_30plus_score>=0.85_expected>=0_top10_by_direct_ticket_score,3385,3969,1.1725258493353028,396900,300670,-96230,0.7575459813555052,0.7490047871000252,98,0.024691358024691357,0.02895125553914328,0.8832173417820628,0.8500153554070881,30.930788611740994,30.5,2730.3712556293926,3390,0.011274819569627831,0.5558011049723757,0.7647902900881367,6,1
odds_30plus_score>=0.85_expected>=0_top5_by_direct_expected_return,3385,3969,1.1725258493353028,396900,300670,-96230,0.7575459813555052,0.7490047871000252,98,0.024691358024691357,0.02895125553914328,0.8832173417820628,0.8500153554070881,30.930788611740994,30.5,2730.3712556293926,3390,0.011274819569627831,0.5558011049723757,0.7647902900881367,6,1
odds_30plus_score>=0.85_expected>=0_top10_by_direct_expected_return,3385,3969,1.1725258493353028,396900,300670,-96230,0.7575459813555052,0.7490047871000252,98,0.024691358024691357,0.02895125553914328,0.8832173417820628,0.8500153554070881,30.930788611740994,30.5,2730.3712556293926,3390,0.011274819569627831,0.5558011049723757,0.7647902900881367,6,1
odds_30plus_score>=0.85_expected>=500_top5_by_direct_ticket_score,3385,3969,1.1725258493353028,396900,300670,-96230,0.7575459813555052,0.7490047871000252,98,0.024691358024691357,0.02895125553914328,0.8832173417820628,0.8500153554070881,30.930788611740994,30.5,2730.3712556293926,3390,0.011274819569627831,0.5558011049723757,0.7647902900881367,6,1
odds_30plus_score>=0.85_expected>=500_top10_by_direct_ticket_score,3385,3969,1.1725258493353028,396900,300670,-96230,0.7575459813555052,0.7490047871000252,98,0.024691358024691357,0.02895125553914328,0.8832173417820628,0.8500153554070881,30.930788611740994,30.5,2730.3712556293926,3390,0.011274819569627831,0.5558011049723757,0.7647902900881367,6,1
odds_30plus_score>=0.85_expected>=500_top5_by_direct_expected_return,3385,3969,1.1725258493353028,396900,300670,-96230,0.7575459813555052,0.7490047871000252,98,0.024691358024691357,0.02895125553914328,0.8832173417820628,0.8500153554070881,30.930788611740994,30.5,2730.3712556293926,3390,0.011274819569627831,0.5558011049723757,0.7647902900881367,6,1
odds_30plus_score>=0.85_expected>=500_top10_by_direct_expected_return,3385,3969,1.1725258493353028,396900,300670,-96230,0.7575459813555052,0.7490047871000252,98,0.024691358024691357,0.02895125553914328,0.8832173417820628,0.8500153554070881,30.930788611740994,30.5,2730.3712556293926,3390,0.011274819569627831,0.5558011049723757,0.7647902900881367,6,1
odds_30plus_score>=0.85_expected>=1000_top5_by_direct_ticket_score,3385,3969,1.1725258493353028,396900,300670,-96230,0.7575459813555052,0.7490047871000252,98,0.024691358024691357,0.02895125553914328,0.8832173417820628,0.8500153554070881,30.930788611740994,30.5,2730.3712556293926,3390,0.011274819569627831,0.5558011049723757,0.7647902900881367,6,1
odds_30plus_score>=0.85_expected>=1000_top10_by_direct_ticket_score,3385,3969,1.1725258493353028,396900,300670,-96230,0.7575459813555052,0.7490047871000252,98,0.024691358024691357,0.02895125553914328,0.8832173417820628,0.8500153554070881,30.930788611740994,30.5,2730.3712556293926,3390,0.011274819569627831,0.5558011049723757,0.7647902900881367,6,1
odds_30plus_score>=0.85_expected>=1000_top5_by_direct_expected_return,3385,3969,1.1725258493353028,396900,300670,-96230,0.7575459813555052,0.7490047871000252,98,0.024691358024691357,0.02895125553914328,0.8832173417820628,0.8500153554070881,30.930788611740994,30.5,2730.3712556293926,3390,0.011274819569627831,0.5558011049723757,0.7647902900881367,6,1
odds_30plus_score>=0.85_expected>=1000_top10_by_direct_expected_return,3385,3969,1.1725258493353028,396900,300670,-96230,0.7575459813555052,0.7490047871000252,98,0.024691358024691357,0.02895125553914328,0.8832173417820628,0.8500153554070881,30.930788611740994,30.5,2730.3712556293926,3390,0.011274819569627831,0.5558011049723757,0.7647902900881367,6,1
odds_30plus_score>=0.85_expected>=1500_top5_by_direct_ticket_score,3385,3969,1.1725258493353028,396900,300670,-96230,0.7575459813555052,0.7490047871000252,98,0.024691358024691357,0.02895125553914328,0.8832173417820628,0.8500153554070881,30.930788611740994,30.5,2730.3712556293926,3390,0.011274819569627831,0.5558011049723757,0.7647902900881367,6,1
odds_30plus_score>=0.85_expected>=1500_top10_by_direct_ticket_score,3385,3969,1.1725258493353028,396900,300670,-96230,0.7575459813555052,0.7490047871000252,98,0.024691358024691357,0.02895125553914328,0.8832173417820628,0.8500153554070881,30.930788611740994,30.5,2730.3712556293926,3390,0.011274819569627831,0.5558011049723757,0.7647902900881367,6,1
odds_30plus_score>=0.85_expected>=1500_top5_by_direct_expected_return,3385,3969,1.1725258493353028,396900,300670,-96230,0.7575459813555052,0.7490047871000252,98,0.024691358024691357,0.02895125553914328,0.8832173417820628,0.8500153554070881,30.930788611740994,30.5,2730.3712556293926,3390,0.011274819569627831,0.5558011049723757,0.7647902900881367,6,1
odds_30plus_score>=0.85_expected>=1500_top10_by_direct_expected_return,3385,3969,1.1725258493353028,396900,300670,-96230,0.7575459813555052,0.7490047871000252,98,0.024691358024691357,0.02895125553914328,0.8832173417820628,0.8500153554070881,30.930788611740994,30.5,2730.3712556293926,3390,0.011274819569627831,0.5558011049723757,0.7647902900881367,6,1
odds_30plus_score>=0.85_expected>=2000_top5_by_direct_ticket_score,3385,3969,1.1725258493353028,396900,300670,-96230,0.7575459813555052,0.7490047871000252,98,0.024691358024691357,0.02895125553914328,0.8832173417820628,0.8500153554070881,30.930788611740994,30.5,2730.3712556293926,3390,0.011274819569627831,0.5558011049723757,0.7647902900881367,6,1
odds_30plus_score>=0.85_expected>=2000_top10_by_direct_ticket_score,3385,3969,1.1725258493353028,396900,300670,-96230,0.7575459813555052,0.7490047871000252,98,0.024691358024691357,0.02895125553914328,0.8832173417820628,0.8500153554070881,30.930788611740994,30.5,2730.3712556293926,3390,0.011274819569627831,0.5558011049723757,0.7647902900881367,6,1
odds_30plus_score>=0.85_expected>=2000_top5_by_direct_expected_return,3385,3969,1.1725258493353028,396900,300670,-96230,0.7575459813555052,0.7490047871000252,98,0.024691358024691357,0.02895125553914328,0.8832173417820628,0.8500153554070881,30.930788611740994,30.5,2730.3712556293926,3390,0.011274819569627831,0.5558011049723757,0.7647902900881367,6,1
odds_30plus_score>=0.85_expected>=2000_top10_by_direct_expected_return,3385,3969,1.1725258493353028,396900,300670,-96230,0.7575459813555052,0.7490047871000252,98,0.024691358024691357,0.02895125553914328,0.8832173417820628,0.8500153554070881,30.930788611740994,30.5,2730.3712556293926,3390,0.011274819569627831,0.5558011049723757,0.7647902900881367,6,1
odds_30_500_score>=0.8_expected>=3000_top3_by_direct_expected_return,5283,7845,1.4849517319704713,784500,589320,-195180,0.7512045889101339,0.7436583811344806,146,0.018610579987253028,0.027635812985046374,0.8152857386605216,0.8000017257731068,40.87500318674315,39.9,3331.0190342965143,5920,0.010045476141994162,0.4325528700906344,0.7458231939219812,6,1
odds_30plus_score>=0.8_expected>=3000_top3_by_direct_expected_return,5283,7845,1.4849517319704713,784500,589320,-195180,0.7512045889101339,0.7436583811344806,146,0.018610579987253028,0.027635812985046374,0.8152857386605216,0.8000017257731068,40.87500318674315,39.9,3331.0190342965143,5920,0.010045476141994162,0.4325528700906344,0.7458231939219812,6,1
odds_30_500_score>=0.85_expected>=0_top3_by_direct_expected_return,3385,3965,1.171344165435746,396500,297640,-98860,0.7506683480453972,0.7421185372005045,97,0.0244640605296343,0.02865583456425406,0.8832273821404882,0.8500153554070881,30.931349306431276,30.5,2730.4502990081814,3390,0.01138959817228867,0.5565698478561549,0.7578743250889217,6,1
odds_30_500_score>=0.85_expected>=500_top3_by_direct_expected_return,3385,3965,1.171344165435746,396500,297640,-98860,0.7506683480453972,0.7421185372005045,97,0.0244640605296343,0.02865583456425406,0.8832273821404882,0.8500153554070881,30.931349306431276,30.5,2730.4502990081814,3390,0.01138959817228867,0.5565698478561549,0.7578743250889217,6,1
odds_30_500_score>=0.85_expected>=1000_top3_by_direct_expected_return,3385,3965,1.171344165435746,396500,297640,-98860,0.7506683480453972,0.7421185372005045,97,0.0244640605296343,0.02865583456425406,0.8832273821404882,0.8500153554070881,30.931349306431276,30.5,2730.4502990081814,3390,0.01138959817228867,0.5565698478561549,0.7578743250889217,6,1
odds_30_500_score>=0.85_expected>=1500_top3_by_direct_expected_return,3385,3965,1.171344165435746,396500,297640,-98860,0.7506683480453972,0.7421185372005045,97,0.0244640605296343,0.02865583456425406,0.8832273821404882,0.8500153554070881,30.931349306431276,30.5,2730.4502990081814,3390,0.01138959817228867,0.5565698478561549,0.7578743250889217,6,1
odds_30_500_score>=0.85_expected>=2000_top3_by_direct_expected_return,3385,3965,1.171344165435746,396500,297640,-98860,0.7506683480453972,0.7421185372005045,97,0.0244640605296343,0.02865583456425406,0.8832273821404882,0.8500153554070881,30.931349306431276,30.5,2730.4502990081814,3390,0.01138959817228867,0.5565698478561549,0.7578743250889217,6,1
odds_30plus_score>=0.85_expected>=0_top3_by_direct_expected_return,3385,3965,1.171344165435746,396500,297640,-98860,0.7506683480453972,0.7421185372005045,97,0.0244640605296343,0.02865583456425406,0.8832273821404882,0.8500153554070881,30.931349306431276,30.5,2730.4502990081814,3390,0.01138959817228867,0.5565698478561549,0.7578743250889217,6,1
odds_30plus_score>=0.85_expected>=500_top3_by_direct_expected_return,3385,3965,1.171344165435746,396500,297640,-98860,0.7506683480453972,0.7421185372005045,97,0.0244640605296343,0.02865583456425406,0.8832273821404882,0.8500153554070881,30.931349306431276,30.5,2730.4502990081814,3390,0.01138959817228867,0.5565698478561549,0.7578743250889217,6,1
odds_30plus_score>=0.85_expected>=1000_top3_by_direct_expected_return,3385,3965,1.171344165435746,396500,297640,-98860,0.7506683480453972,0.7421185372005045,97,0.0244640605296343,0.02865583456425406,0.8832273821404882,0.8500153554070881,30.931349306431276,30.5,2730.4502990081814,3390,0.01138959817228867,0.5565698478561549,0.7578743250889217,6,1
odds_30plus_score>=0.85_expected>=1500_top3_by_direct_expected_return,3385,3965,1.171344165435746,396500,297640,-98860,0.7506683480453972,0.7421185372005045,97,0.0244640605296343,0.02865583456425406,0.8832273821404882,0.8500153554070881,30.931349306431276,30.5,2730.4502990081814,3390,0.01138959817228867,0.5565698478561549,0.7578743250889217,6,1
odds_30plus_score>=0.85_expected>=2000_top3_by_direct_expected_return,3385,3965,1.171344165435746,396500,297640,-98860,0.7506683480453972,0.7421185372005045,97,0.0244640605296343,0.02865583456425406,0.8832273821404882,0.8500153554070881,30.931349306431276,30.5,2730.4502990081814,3390,0.01138959817228867,0.5565698478561549,0.7578743250889217,6,1
odds_30_500_score>=0.8_expected>=3000_top2_by_direct_ticket_score,5283,7230,1.3685406019307211,723000,539660,-183340,0.746417704011065,0.7382434301521439,135,0.01867219917012448,0.02555366269165247,0.8163346199506012,0.8000017257731068,40.56816044260027,39.7,3310.2658017899175,5910,0.010951339732424119,0.43237939493049876,0.7415690980203055,6,0
odds_30plus_score>=0.8_expected>=3000_top2_by_direct_ticket_score,5283,7230,1.3685406019307211,723000,539660,-183340,0.746417704011065,0.7382434301521439,135,0.01867219917012448,0.02555366269165247,0.8163346199506012,0.8000017257731068,40.56816044260027,39.7,3310.2658017899175,5910,0.010951339732424119,0.43237939493049876,0.7415690980203055,6,0
odds_100_1000_score>=0.5_expected>=0_top1_by_direct_ticket_score,9434,9434,1.0,943400,706090,-237310,0.7484524061903752,0.7334110663557346,65,0.006889972440110239,0.006889972440110239,0.5560277962016703,0.5000251660170684,110.86801992792029,106.6,6157.385681264237,14190,0.02009658825362206,0.3098011363636364,0.7371281498981537,6,1
odds_100_1000_score>=0.5_expected>=500_top1_by_direct_ticket_score,9434,9434,1.0,943400,706090,-237310,0.7484524061903752,0.7334110663557346,65,0.006889972440110239,0.006889972440110239,0.5560277962016703,0.5000251660170684,110.86801992792029,106.6,6157.385681264237,14190,0.02009658825362206,0.3098011363636364,0.7371281498981537,6,1
odds_100_1000_score>=0.5_expected>=1000_top1_by_direct_ticket_score,9434,9434,1.0,943400,706090,-237310,0.7484524061903752,0.7334110663557346,65,0.006889972440110239,0.006889972440110239,0.5560277962016703,0.5000251660170684,110.86801992792029,106.6,6157.385681264237,14190,0.02009658825362206,0.3098011363636364,0.7371281498981537,6,1
odds_100_1000_score>=0.5_expected>=1500_top1_by_direct_ticket_score,9434,9434,1.0,943400,706090,-237310,0.7484524061903752,0.7334110663557346,65,0.006889972440110239,0.006889972440110239,0.5560277962016703,0.5000251660170684,110.86801992792029,106.6,6157.385681264237,14190,0.02009658825362206,0.3098011363636364,0.7371281498981537,6,1
odds_100_1000_score>=0.5_expected>=2000_top1_by_direct_ticket_score,9434,9434,1.0,943400,706090,-237310,0.7484524061903752,0.7334110663557346,65,0.006889972440110239,0.006889972440110239,0.5560277962016703,0.5000251660170684,110.86801992792029,106.6,6157.385681264237,14190,0.02009658825362206,0.3098011363636364,0.7371281498981537,6,1
odds_100_1000_score>=0.5_expected>=3000_top1_by_direct_ticket_score,9434,9434,1.0,943400,706090,-237310,0.7484524061903752,0.7334110663557346,65,0.006889972440110239,0.006889972440110239,0.5560277962016703,0.5000251660170684,110.86801992792029,106.6,6157.385681264237,14190,0.02009658825362206,0.3098011363636364,0.7371281498981537,6,1
odds_100_1000_score>=0.5_expected>=5000_top1_by_direct_ticket_score,9434,9434,1.0,943400,706090,-237310,0.7484524061903752,0.7334110663557346,65,0.006889972440110239,0.006889972440110239,0.5560277962016703,0.5000251660170684,110.86801992792029,106.6,6157.385681264237,14190,0.02009658825362206,0.3098011363636364,0.7371281498981537,6,1
odds_100plus_score>=0.5_expected>=0_top1_by_direct_ticket_score,9434,9434,1.0,943400,706090,-237310,0.7484524061903752,0.7334110663557346,65,0.006889972440110239,0.006889972440110239,0.5560277962016703,0.5000251660170684,110.86801992792029,106.6,6157.385681264237,14190,0.02009658825362206,0.3098011363636364,0.7371281498981537,6,1
odds_100plus_score>=0.5_expected>=500_top1_by_direct_ticket_score,9434,9434,1.0,943400,706090,-237310,0.7484524061903752,0.7334110663557346,65,0.006889972440110239,0.006889972440110239,0.5560277962016703,0.5000251660170684,110.86801992792029,106.6,6157.385681264237,14190,0.02009658825362206,0.3098011363636364,0.7371281498981537,6,1
odds_100plus_score>=0.5_expected>=1000_top1_by_direct_ticket_score,9434,9434,1.0,943400,706090,-237310,0.7484524061903752,0.7334110663557346,65,0.006889972440110239,0.006889972440110239,0.5560277962016703,0.5000251660170684,110.86801992792029,106.6,6157.385681264237,14190,0.02009658825362206,0.3098011363636364,0.7371281498981537,6,1
odds_100plus_score>=0.5_expected>=1500_top1_by_direct_ticket_score,9434,9434,1.0,943400,706090,-237310,0.7484524061903752,0.7334110663557346,65,0.006889972440110239,0.006889972440110239,0.5560277962016703,0.5000251660170684,110.86801992792029,106.6,6157.385681264237,14190,0.02009658825362206,0.3098011363636364,0.7371281498981537,6,1
odds_100plus_score>=0.5_expected>=2000_top1_by_direct_ticket_score,9434,9434,1.0,943400,706090,-237310,0.7484524061903752,0.7334110663557346,65,0.006889972440110239,0.006889972440110239,0.5560277962016703,0.5000251660170684,110.86801992792029,106.6,6157.385681264237,14190,0.02009658825362206,0.3098011363636364,0.7371281498981537,6,1
odds_100plus_score>=0.5_expected>=3000_top1_by_direct_ticket_score,9434,9434,1.0,943400,706090,-237310,0.7484524061903752,0.7334110663557346,65,0.006889972440110239,0.006889972440110239,0.5560277962016703,0.5000251660170684,110.86801992792029,106.6,6157.385681264237,14190,0.02009658825362206,0.3098011363636364,0.7371281498981537,6,1
odds_100plus_score>=0.5_expected>=5000_top1_by_direct_ticket_score,9434,9434,1.0,943400,706090,-237310,0.7484524061903752,0.7334110663557346,65,0.006889972440110239,0.006889972440110239,0.5560277962016703,0.5000251660170684,110.86801992792029,106.6,6157.385681264237,14190,0.02009658825362206,0.3098011363636364,0.7371281498981537,6,1
odds_30_500_score>=0.85_expected>=0_top2_by_direct_expected_return,3385,3907,1.1542097488921714,390700,288490,-102210,0.7383926286153059,0.7297158945482467,94,0.024059380598925005,0.02776957163958641,0.8833023250660578,0.8500153554070881,30.93834143844382,30.5,2731.2784285530406,3390,0.011750840583729072,0.5227848101265823,0.7450469716350517,6,1
odds_30_500_score>=0.85_expected>=500_top2_by_direct_expected_return,3385,3907,1.1542097488921714,390700,288490,-102210,0.7383926286153059,0.7297158945482467,94,0.024059380598925005,0.02776957163958641,0.8833023250660578,0.8500153554070881,30.93834143844382,30.5,2731.2784285530406,3390,0.011750840583729072,0.5227848101265823,0.7450469716350517,6,1
odds_30_500_score>=0.85_expected>=1000_top2_by_direct_expected_return,3385,3907,1.1542097488921714,390700,288490,-102210,0.7383926286153059,0.7297158945482467,94,0.024059380598925005,0.02776957163958641,0.8833023250660578,0.8500153554070881,30.93834143844382,30.5,2731.2784285530406,3390,0.011750840583729072,0.5227848101265823,0.7450469716350517,6,1
odds_30_500_score>=0.85_expected>=1500_top2_by_direct_expected_return,3385,3907,1.1542097488921714,390700,288490,-102210,0.7383926286153059,0.7297158945482467,94,0.024059380598925005,0.02776957163958641,0.8833023250660578,0.8500153554070881,30.93834143844382,30.5,2731.2784285530406,3390,0.011750840583729072,0.5227848101265823,0.7450469716350517,6,1
odds_30_500_score>=0.85_expected>=2000_top2_by_direct_expected_return,3385,3907,1.1542097488921714,390700,288490,-102210,0.7383926286153059,0.7297158945482467,94,0.024059380598925005,0.02776957163958641,0.8833023250660578,0.8500153554070881,30.93834143844382,30.5,2731.2784285530406,3390,0.011750840583729072,0.5227848101265823,0.7450469716350517,6,1
odds_30plus_score>=0.85_expected>=0_top2_by_direct_expected_return,3385,3907,1.1542097488921714,390700,288490,-102210,0.7383926286153059,0.7297158945482467,94,0.024059380598925005,0.02776957163958641,0.8833023250660578,0.8500153554070881,30.93834143844382,30.5,2731.2784285530406,3390,0.011750840583729072,0.5227848101265823,0.7450469716350517,6,1
odds_30plus_score>=0.85_expected>=500_top2_by_direct_expected_return,3385,3907,1.1542097488921714,390700,288490,-102210,0.7383926286153059,0.7297158945482467,94,0.024059380598925005,0.02776957163958641,0.8833023250660578,0.8500153554070881,30.93834143844382,30.5,2731.2784285530406,3390,0.011750840583729072,0.5227848101265823,0.7450469716350517,6,1
odds_30plus_score>=0.85_expected>=1000_top2_by_direct_expected_return,3385,3907,1.1542097488921714,390700,288490,-102210,0.7383926286153059,0.7297158945482467,94,0.024059380598925005,0.02776957163958641,0.8833023250660578,0.8500153554070881,30.93834143844382,30.5,2731.2784285530406,3390,0.011750840583729072,0.5227848101265823,0.7450469716350517,6,1
odds_30plus_score>=0.85_expected>=1500_top2_by_direct_expected_return,3385,3907,1.1542097488921714,390700,288490,-102210,0.7383926286153059,0.7297158945482467,94,0.024059380598925005,0.02776957163958641,0.8833023250660578,0.8500153554070881,30.93834143844382,30.5,2731.2784285530406,3390,0.011750840583729072,0.5227848101265823,0.7450469716350517,6,1
odds_30plus_score>=0.85_expected>=2000_top2_by_direct_expected_return,3385,3907,1.1542097488921714,390700,288490,-102210,0.7383926286153059,0.7297158945482467,94,0.024059380598925005,0.02776957163958641,0.8833023250660578,0.8500153554070881,30.93834143844382,30.5,2731.2784285530406,3390,0.011750840583729072,0.5227848101265823,0.7450469716350517,6,1
odds_30_500_score>=0.85_expected>=0_top2_by_direct_ticket_score,3385,3907,1.1542097488921714,390700,285320,-105380,0.7302789864346045,0.7216022523675454,93,0.023803429741489635,0.027474150664697192,0.8834920270269588,0.8500153554070881,30.908727924238544,30.4,2729.3176380827144,3390,0.011881396326931165,0.5227848101265823,0.7367917633017184,6,1
odds_30_500_score>=0.85_expected>=500_top2_by_direct_ticket_score,3385,3907,1.1542097488921714,390700,285320,-105380,0.7302789864346045,0.7216022523675454,93,0.023803429741489635,0.027474150664697192,0.8834920270269588,0.8500153554070881,30.908727924238544,30.4,2729.3176380827144,3390,0.011881396326931165,0.5227848101265823,0.7367917633017184,6,1
odds_30_500_score>=0.85_expected>=1000_top2_by_direct_ticket_score,3385,3907,1.1542097488921714,390700,285320,-105380,0.7302789864346045,0.7216022523675454,93,0.023803429741489635,0.027474150664697192,0.8834920270269588,0.8500153554070881,30.908727924238544,30.4,2729.3176380827144,3390,0.011881396326931165,0.5227848101265823,0.7367917633017184,6,1
odds_30_500_score>=0.85_expected>=1500_top2_by_direct_ticket_score,3385,3907,1.1542097488921714,390700,285320,-105380,0.7302789864346045,0.7216022523675454,93,0.023803429741489635,0.027474150664697192,0.8834920270269588,0.8500153554070881,30.908727924238544,30.4,2729.3176380827144,3390,0.011881396326931165,0.5227848101265823,0.7367917633017184,6,1
odds_30_500_score>=0.85_expected>=2000_top2_by_direct_ticket_score,3385,3907,1.1542097488921714,390700,285320,-105380,0.7302789864346045,0.7216022523675454,93,0.023803429741489635,0.027474150664697192,0.8834920270269588,0.8500153554070881,30.908727924238544,30.4,2729.3176380827144,3390,0.011881396326931165,0.5227848101265823,0.7367917633017184,6,1
odds_30plus_score>=0.85_expected>=0_top2_by_direct_ticket_score,3385,3907,1.1542097488921714,390700,285320,-105380,0.7302789864346045,0.7216022523675454,93,0.023803429741489635,0.027474150664697192,0.8834920270269588,0.8500153554070881,30.908727924238544,30.4,2729.3176380827144,3390,0.011881396326931165,0.5227848101265823,0.7367917633017184,6,1
odds_30plus_score>=0.85_expected>=500_top2_by_direct_ticket_score,3385,3907,1.1542097488921714,390700,285320,-105380,0.7302789864346045,0.7216022523675454,93,0.023803429741489635,0.027474150664697192,0.8834920270269588,0.8500153554070881,30.908727924238544,30.4,2729.3176380827144,3390,0.011881396326931165,0.5227848101265823,0.7367917633017184,6,1
odds_30plus_score>=0.85_expected>=1000_top2_by_direct_ticket_score,3385,3907,1.1542097488921714,390700,285320,-105380,0.7302789864346045,0.7216022523675454,93,0.023803429741489635,0.027474150664697192,0.8834920270269588,0.8500153554070881,30.908727924238544,30.4,2729.3176380827144,3390,0.011881396326931165,0.5227848101265823,0.7367917633017184,6,1
odds_30plus_score>=0.85_expected>=1500_top2_by_direct_ticket_score,3385,3907,1.1542097488921714,390700,285320,-105380,0.7302789864346045,0.7216022523675454,93,0.023803429741489635,0.027474150664697192,0.8834920270269588,0.8500153554070881,30.908727924238544,30.4,2729.3176380827144,3390,0.011881396326931165,0.5227848101265823,0.7367917633017184,6,1
odds_30plus_score>=0.85_expected>=2000_top2_by_direct_ticket_score,3385,3907,1.1542097488921714,390700,285320,-105380,0.7302789864346045,0.7216022523675454,93,0.023803429741489635,0.027474150664697192,0.8834920270269588,0.8500153554070881,30.908727924238544,30.4,2729.3176380827144,3390,0.011881396326931165,0.5227848101265823,0.7367917633017184,6,1
odds_100_1000_score>=0.6_expected>=0_top1_by_direct_ticket_score,1024,1024,1.0,102400,85390,-17010,0.83388671875,0.7150390625,8,0.0078125,0.0078125,0.619054741114306,0.600012537524648,107.80263671875,105.0,6672.910050653323,12170,0.1425225436233751,0.0,0.7796632548853794,6,2
odds_100_1000_score>=0.6_expected>=500_top1_by_direct_ticket_score,1024,1024,1.0,102400,85390,-17010,0.83388671875,0.7150390625,8,0.0078125,0.0078125,0.619054741114306,0.600012537524648,107.80263671875,105.0,6672.910050653323,12170,0.1425225436233751,0.0,0.7796632548853794,6,2
odds_100_1000_score>=0.6_expected>=1000_top1_by_direct_ticket_score,1024,1024,1.0,102400,85390,-17010,0.83388671875,0.7150390625,8,0.0078125,0.0078125,0.619054741114306,0.600012537524648,107.80263671875,105.0,6672.910050653323,12170,0.1425225436233751,0.0,0.7796632548853794,6,2
odds_100_1000_score>=0.6_expected>=1500_top1_by_direct_ticket_score,1024,1024,1.0,102400,85390,-17010,0.83388671875,0.7150390625,8,0.0078125,0.0078125,0.619054741114306,0.600012537524648,107.80263671875,105.0,6672.910050653323,12170,0.1425225436233751,0.0,0.7796632548853794,6,2
odds_100_1000_score>=0.6_expected>=2000_top1_by_direct_ticket_score,1024,1024,1.0,102400,85390,-17010,0.83388671875,0.7150390625,8,0.0078125,0.0078125,0.619054741114306,0.600012537524648,107.80263671875,105.0,6672.910050653323,12170,0.1425225436233751,0.0,0.7796632548853794,6,2
odds_100_1000_score>=0.6_expected>=3000_top1_by_direct_ticket_score,1024,1024,1.0,102400,85390,-17010,0.83388671875,0.7150390625,8,0.0078125,0.0078125,0.619054741114306,0.600012537524648,107.80263671875,105.0,6672.910050653323,12170,0.1425225436233751,0.0,0.7796632548853794,6,2
odds_100_1000_score>=0.6_expected>=5000_top1_by_direct_ticket_score,1024,1024,1.0,102400,85390,-17010,0.83388671875,0.7150390625,8,0.0078125,0.0078125,0.619054741114306,0.600012537524648,107.80263671875,105.0,6672.910050653323,12170,0.1425225436233751,0.0,0.7796632548853794,6,2
odds_100plus_score>=0.6_expected>=0_top1_by_direct_ticket_score,1024,1024,1.0,102400,85390,-17010,0.83388671875,0.7150390625,8,0.0078125,0.0078125,0.619054741114306,0.600012537524648,107.80263671875,105.0,6672.910050653323,12170,0.1425225436233751,0.0,0.7796632548853794,6,2
odds_100plus_score>=0.6_expected>=500_top1_by_direct_ticket_score,1024,1024,1.0,102400,85390,-17010,0.83388671875,0.7150390625,8,0.0078125,0.0078125,0.619054741114306,0.600012537524648,107.80263671875,105.0,6672.910050653323,12170,0.1425225436233751,0.0,0.7796632548853794,6,2
odds_100plus_score>=0.6_expected>=1000_top1_by_direct_ticket_score,1024,1024,1.0,102400,85390,-17010,0.83388671875,0.7150390625,8,0.0078125,0.0078125,0.619054741114306,0.600012537524648,107.80263671875,105.0,6672.910050653323,12170,0.1425225436233751,0.0,0.7796632548853794,6,2
odds_100plus_score>=0.6_expected>=1500_top1_by_direct_ticket_score,1024,1024,1.0,102400,85390,-17010,0.83388671875,0.7150390625,8,0.0078125,0.0078125,0.619054741114306,0.600012537524648,107.80263671875,105.0,6672.910050653323,12170,0.1425225436233751,0.0,0.7796632548853794,6,2
odds_100plus_score>=0.6_expected>=2000_top1_by_direct_ticket_score,1024,1024,1.0,102400,85390,-17010,0.83388671875,0.7150390625,8,0.0078125,0.0078125,0.619054741114306,0.600012537524648,107.80263671875,105.0,6672.910050653323,12170,0.1425225436233751,0.0,0.7796632548853794,6,2
odds_100plus_score>=0.6_expected>=3000_top1_by_direct_ticket_score,1024,1024,1.0,102400,85390,-17010,0.83388671875,0.7150390625,8,0.0078125,0.0078125,0.619054741114306,0.600012537524648,107.80263671875,105.0,6672.910050653323,12170,0.1425225436233751,0.0,0.7796632548853794,6,2
odds_100plus_score>=0.6_expected>=5000_top1_by_direct_ticket_score,1024,1024,1.0,102400,85390,-17010,0.83388671875,0.7150390625,8,0.0078125,0.0078125,0.619054741114306,0.600012537524648,107.80263671875,105.0,6672.910050653323,12170,0.1425225436233751,0.0,0.7796632548853794,6,2
odds_30_500_score>=0.85_expected>=0_top1_by_direct_ticket_score,3385,3385,1.0,338500,238790,-99710,0.7054357459379615,0.6954209748892172,78,0.023042836041358938,0.023042836041358938,0.8852359659351583,0.8500305468744219,30.815243722304285,30.4,2726.593198910985,3390,0.014196574395912726,0.49323843416370106,0.7115832784499575,6,1
odds_30_500_score>=0.85_expected>=500_top1_by_direct_ticket_score,3385,3385,1.0,338500,238790,-99710,0.7054357459379615,0.6954209748892172,78,0.023042836041358938,0.023042836041358938,0.8852359659351583,0.8500305468744219,30.815243722304285,30.4,2726.593198910985,3390,0.014196574395912726,0.49323843416370106,0.7115832784499575,6,1
odds_30_500_score>=0.85_expected>=1000_top1_by_direct_ticket_score,3385,3385,1.0,338500,238790,-99710,0.7054357459379615,0.6954209748892172,78,0.023042836041358938,0.023042836041358938,0.8852359659351583,0.8500305468744219,30.815243722304285,30.4,2726.593198910985,3390,0.014196574395912726,0.49323843416370106,0.7115832784499575,6,1
odds_30_500_score>=0.85_expected>=1500_top1_by_direct_ticket_score,3385,3385,1.0,338500,238790,-99710,0.7054357459379615,0.6954209748892172,78,0.023042836041358938,0.023042836041358938,0.8852359659351583,0.8500305468744219,30.815243722304285,30.4,2726.593198910985,3390,0.014196574395912726,0.49323843416370106,0.7115832784499575,6,1
odds_30_500_score>=0.85_expected>=2000_top1_by_direct_ticket_score,3385,3385,1.0,338500,238790,-99710,0.7054357459379615,0.6954209748892172,78,0.023042836041358938,0.023042836041358938,0.8852359659351583,0.8500305468744219,30.815243722304285,30.4,2726.593198910985,3390,0.014196574395912726,0.49323843416370106,0.7115832784499575,6,1
odds_30plus_score>=0.85_expected>=0_top1_by_direct_ticket_score,3385,3385,1.0,338500,238790,-99710,0.7054357459379615,0.6954209748892172,78,0.023042836041358938,0.023042836041358938,0.8852359659351583,0.8500305468744219,30.815243722304285,30.4,2726.593198910985,3390,0.014196574395912726,0.49323843416370106,0.7115832784499575,6,1
odds_30plus_score>=0.85_expected>=500_top1_by_direct_ticket_score,3385,3385,1.0,338500,238790,-99710,0.7054357459379615,0.6954209748892172,78,0.023042836041358938,0.023042836041358938,0.8852359659351583,0.8500305468744219,30.815243722304285,30.4,2726.593198910985,3390,0.014196574395912726,0.49323843416370106,0.7115832784499575,6,1
odds_30plus_score>=0.85_expected>=1000_top1_by_direct_ticket_score,3385,3385,1.0,338500,238790,-99710,0.7054357459379615,0.6954209748892172,78,0.023042836041358938,0.023042836041358938,0.8852359659351583,0.8500305468744219,30.815243722304285,30.4,2726.593198910985,3390,0.014196574395912726,0.49323843416370106,0.7115832784499575,6,1
odds_30plus_score>=0.85_expected>=1500_top1_by_direct_ticket_score,3385,3385,1.0,338500,238790,-99710,0.7054357459379615,0.6954209748892172,78,0.023042836041358938,0.023042836041358938,0.8852359659351583,0.8500305468744219,30.815243722304285,30.4,2726.593198910985,3390,0.014196574395912726,0.49323843416370106,0.7115832784499575,6,1
odds_30plus_score>=0.85_expected>=2000_top1_by_direct_ticket_score,3385,3385,1.0,338500,238790,-99710,0.7054357459379615,0.6954209748892172,78,0.023042836041358938,0.023042836041358938,0.8852359659351583,0.8500305468744219,30.815243722304285,30.4,2726.593198910985,3390,0.014196574395912726,0.49323843416370106,0.7115832784499575,6,1
odds_30_500_score>=0.85_expected>=0_top1_by_direct_expected_return,3385,3385,1.0,338500,236690,-101810,0.699231905465288,0.6892171344165435,77,0.02274741506646972,0.02274741506646972,0.8836653279295378,0.8500153554070881,30.99175775480059,30.5,2736.984244450107,3390,0.014322531581393384,0.5227739726027397,0.7036360211900411,6,1
odds_30_500_score>=0.85_expected>=500_top1_by_direct_expected_return,3385,3385,1.0,338500,236690,-101810,0.699231905465288,0.6892171344165435,77,0.02274741506646972,0.02274741506646972,0.8836653279295378,0.8500153554070881,30.99175775480059,30.5,2736.984244450107,3390,0.014322531581393384,0.5227739726027397,0.7036360211900411,6,1
odds_30_500_score>=0.85_expected>=1000_top1_by_direct_expected_return,3385,3385,1.0,338500,236690,-101810,0.699231905465288,0.6892171344165435,77,0.02274741506646972,0.02274741506646972,0.8836653279295378,0.8500153554070881,30.99175775480059,30.5,2736.984244450107,3390,0.014322531581393384,0.5227739726027397,0.7036360211900411,6,1
odds_30_500_score>=0.85_expected>=1500_top1_by_direct_expected_return,3385,3385,1.0,338500,236690,-101810,0.699231905465288,0.6892171344165435,77,0.02274741506646972,0.02274741506646972,0.8836653279295378,0.8500153554070881,30.99175775480059,30.5,2736.984244450107,3390,0.014322531581393384,0.5227739726027397,0.7036360211900411,6,1
odds_30_500_score>=0.85_expected>=2000_top1_by_direct_expected_return,3385,3385,1.0,338500,236690,-101810,0.699231905465288,0.6892171344165435,77,0.02274741506646972,0.02274741506646972,0.8836653279295378,0.8500153554070881,30.99175775480059,30.5,2736.984244450107,3390,0.014322531581393384,0.5227739726027397,0.7036360211900411,6,1
odds_30plus_score>=0.85_expected>=0_top1_by_direct_expected_return,3385,3385,1.0,338500,236690,-101810,0.699231905465288,0.6892171344165435,77,0.02274741506646972,0.02274741506646972,0.8836653279295378,0.8500153554070881,30.99175775480059,30.5,2736.984244450107,3390,0.014322531581393384,0.5227739726027397,0.7036360211900411,6,1
odds_30plus_score>=0.85_expected>=500_top1_by_direct_expected_return,3385,3385,1.0,338500,236690,-101810,0.699231905465288,0.6892171344165435,77,0.02274741506646972,0.02274741506646972,0.8836653279295378,0.8500153554070881,30.99175775480059,30.5,2736.984244450107,3390,0.014322531581393384,0.5227739726027397,0.7036360211900411,6,1
odds_30plus_score>=0.85_expected>=1000_top1_by_direct_expected_return,3385,3385,1.0,338500,236690,-101810,0.699231905465288,0.6892171344165435,77,0.02274741506646972,0.02274741506646972,0.8836653279295378,0.8500153554070881,30.99175775480059,30.5,2736.984244450107,3390,0.014322531581393384,0.5227739726027397,0.7036360211900411,6,1
odds_30plus_score>=0.85_expected>=1500_top1_by_direct_expected_return,3385,3385,1.0,338500,236690,-101810,0.699231905465288,0.6892171344165435,77,0.02274741506646972,0.02274741506646972,0.8836653279295378,0.8500153554070881,30.99175775480059,30.5,2736.984244450107,3390,0.014322531581393384,0.5227739726027397,0.7036360211900411,6,1
odds_30plus_score>=0.85_expected>=2000_top1_by_direct_expected_return,3385,3385,1.0,338500,236690,-101810,0.699231905465288,0.6892171344165435,77,0.02274741506646972,0.02274741506646972,0.8836653279295378,0.8500153554070881,30.99175775480059,30.5,2736.984244450107,3390,0.014322531581393384,0.5227739726027397,0.7036360211900411,6,1
odds_30_500_score>=0.92_expected>=0_top1_by_direct_ticket_score,50,50,1.0,5000,6120,1120,1.224,0.61,2,0.04,0.04,0.9246058440686962,0.9201602404727935,30.357999999999997,30.45,2806.929880471528,3070,0.5016339869281046,0.0,1.65625,6,2
odds_30_500_score>=0.92_expected>=0_top2_by_direct_ticket_score,50,50,1.0,5000,6120,1120,1.224,0.61,2,0.04,0.04,0.9246058440686962,0.9201602404727935,30.357999999999997,30.45,2806.929880471528,3070,0.5016339869281046,0.0,1.65625,6,2
odds_30_500_score>=0.92_expected>=0_top3_by_direct_ticket_score,50,50,1.0,5000,6120,1120,1.224,0.61,2,0.04,0.04,0.9246058440686962,0.9201602404727935,30.357999999999997,30.45,2806.929880471528,3070,0.5016339869281046,0.0,1.65625,6,2
odds_30_500_score>=0.92_expected>=0_top5_by_direct_ticket_score,50,50,1.0,5000,6120,1120,1.224,0.61,2,0.04,0.04,0.9246058440686962,0.9201602404727935,30.357999999999997,30.45,2806.929880471528,3070,0.5016339869281046,0.0,1.65625,6,2
odds_30_500_score>=0.92_expected>=0_top10_by_direct_ticket_score,50,50,1.0,5000,6120,1120,1.224,0.61,2,0.04,0.04,0.9246058440686962,0.9201602404727935,30.357999999999997,30.45,2806.929880471528,3070,0.5016339869281046,0.0,1.65625,6,2
odds_30_500_score>=0.92_expected>=0_top1_by_direct_expected_return,50,50,1.0,5000,6120,1120,1.224,0.61,2,0.04,0.04,0.9246058440686962,0.9201602404727935,30.357999999999997,30.45,2806.929880471528,3070,0.5016339869281046,0.0,1.65625,6,2
odds_30_500_score>=0.92_expected>=0_top2_by_direct_expected_return,50,50,1.0,5000,6120,1120,1.224,0.61,2,0.04,0.04,0.9246058440686962,0.9201602404727935,30.357999999999997,30.45,2806.929880471528,3070,0.5016339869281046,0.0,1.65625,6,2
odds_30_500_score>=0.92_expected>=0_top3_by_direct_expected_return,50,50,1.0,5000,6120,1120,1.224,0.61,2,0.04,0.04,0.9246058440686962,0.9201602404727935,30.357999999999997,30.45,2806.929880471528,3070,0.5016339869281046,0.0,1.65625,6,2
odds_30_500_score>=0.92_expected>=0_top5_by_direct_expected_return,50,50,1.0,5000,6120,1120,1.224,0.61,2,0.04,0.04,0.9246058440686962,0.9201602404727935,30.357999999999997,30.45,2806.929880471528,3070,0.5016339869281046,0.0,1.65625,6,2
odds_30_500_score>=0.92_expected>=0_top10_by_direct_expected_return,50,50,1.0,5000,6120,1120,1.224,0.61,2,0.04,0.04,0.9246058440686962,0.9201602404727935,30.357999999999997,30.45,2806.929880471528,3070,0.5016339869281046,0.0,1.65625,6,2
odds_30_500_score>=0.92_expected>=500_top1_by_direct_ticket_score,50,50,1.0,5000,6120,1120,1.224,0.61,2,0.04,0.04,0.9246058440686962,0.9201602404727935,30.357999999999997,30.45,2806.929880471528,3070,0.5016339869281046,0.0,1.65625,6,2
odds_30_500_score>=0.92_expected>=500_top2_by_direct_ticket_score,50,50,1.0,5000,6120,1120,1.224,0.61,2,0.04,0.04,0.9246058440686962,0.9201602404727935,30.357999999999997,30.45,2806.929880471528,3070,0.5016339869281046,0.0,1.65625,6,2
odds_30_500_score>=0.92_expected>=500_top3_by_direct_ticket_score,50,50,1.0,5000,6120,1120,1.224,0.61,2,0.04,0.04,0.9246058440686962,0.9201602404727935,30.357999999999997,30.45,2806.929880471528,3070,0.5016339869281046,0.0,1.65625,6,2
odds_30_500_score>=0.92_expected>=500_top5_by_direct_ticket_score,50,50,1.0,5000,6120,1120,1.224,0.61,2,0.04,0.04,0.9246058440686962,0.9201602404727935,30.357999999999997,30.45,2806.929880471528,3070,0.5016339869281046,0.0,1.65625,6,2
odds_30_500_score>=0.92_expected>=500_top10_by_direct_ticket_score,50,50,1.0,5000,6120,1120,1.224,0.61,2,0.04,0.04,0.9246058440686962,0.9201602404727935,30.357999999999997,30.45,2806.929880471528,3070,0.5016339869281046,0.0,1.65625,6,2
odds_30_500_score>=0.92_expected>=500_top1_by_direct_expected_return,50,50,1.0,5000,6120,1120,1.224,0.61,2,0.04,0.04,0.9246058440686962,0.9201602404727935,30.357999999999997,30.45,2806.929880471528,3070,0.5016339869281046,0.0,1.65625,6,2
odds_30_500_score>=0.92_expected>=500_top2_by_direct_expected_return,50,50,1.0,5000,6120,1120,1.224,0.61,2,0.04,0.04,0.9246058440686962,0.9201602404727935,30.357999999999997,30.45,2806.929880471528,3070,0.5016339869281046,0.0,1.65625,6,2
odds_30_500_score>=0.92_expected>=500_top3_by_direct_expected_return,50,50,1.0,5000,6120,1120,1.224,0.61,2,0.04,0.04,0.9246058440686962,0.9201602404727935,30.357999999999997,30.45,2806.929880471528,3070,0.5016339869281046,0.0,1.65625,6,2
odds_30_500_score>=0.92_expected>=500_top5_by_direct_expected_return,50,50,1.0,5000,6120,1120,1.224,0.61,2,0.04,0.04,0.9246058440686962,0.9201602404727935,30.357999999999997,30.45,2806.929880471528,3070,0.5016339869281046,0.0,1.65625,6,2
odds_30_500_score>=0.92_expected>=500_top10_by_direct_expected_return,50,50,1.0,5000,6120,1120,1.224,0.61,2,0.04,0.04,0.9246058440686962,0.9201602404727935,30.357999999999997,30.45,2806.929880471528,3070,0.5016339869281046,0.0,1.65625,6,2
odds_30_500_score>=0.92_expected>=1000_top1_by_direct_ticket_score,50,50,1.0,5000,6120,1120,1.224,0.61,2,0.04,0.04,0.9246058440686962,0.9201602404727935,30.357999999999997,30.45,2806.929880471528,3070,0.5016339869281046,0.0,1.65625,6,2
odds_30_500_score>=0.92_expected>=1000_top2_by_direct_ticket_score,50,50,1.0,5000,6120,1120,1.224,0.61,2,0.04,0.04,0.9246058440686962,0.9201602404727935,30.357999999999997,30.45,2806.929880471528,3070,0.5016339869281046,0.0,1.65625,6,2
odds_30_500_score>=0.92_expected>=1000_top3_by_direct_ticket_score,50,50,1.0,5000,6120,1120,1.224,0.61,2,0.04,0.04,0.9246058440686962,0.9201602404727935,30.357999999999997,30.45,2806.929880471528,3070,0.5016339869281046,0.0,1.65625,6,2
odds_30_500_score>=0.92_expected>=1000_top5_by_direct_ticket_score,50,50,1.0,5000,6120,1120,1.224,0.61,2,0.04,0.04,0.9246058440686962,0.9201602404727935,30.357999999999997,30.45,2806.929880471528,3070,0.5016339869281046,0.0,1.65625,6,2
odds_30_500_score>=0.92_expected>=1000_top10_by_direct_ticket_score,50,50,1.0,5000,6120,1120,1.224,0.61,2,0.04,0.04,0.9246058440686962,0.9201602404727935,30.357999999999997,30.45,2806.929880471528,3070,0.5016339869281046,0.0,1.65625,6,2
odds_30_500_score>=0.92_expected>=1000_top1_by_direct_expected_return,50,50,1.0,5000,6120,1120,1.224,0.61,2,0.04,0.04,0.9246058440686962,0.9201602404727935,30.357999999999997,30.45,2806.929880471528,3070,0.5016339869281046,0.0,1.65625,6,2
odds_30_500_score>=0.92_expected>=1000_top2_by_direct_expected_return,50,50,1.0,5000,6120,1120,1.224,0.61,2,0.04,0.04,0.9246058440686962,0.9201602404727935,30.357999999999997,30.45,2806.929880471528,3070,0.5016339869281046,0.0,1.65625,6,2
odds_30_500_score>=0.92_expected>=1000_top3_by_direct_expected_return,50,50,1.0,5000,6120,1120,1.224,0.61,2,0.04,0.04,0.9246058440686962,0.9201602404727935,30.357999999999997,30.45,2806.929880471528,3070,0.5016339869281046,0.0,1.65625,6,2
odds_30_500_score>=0.92_expected>=1000_top5_by_direct_expected_return,50,50,1.0,5000,6120,1120,1.224,0.61,2,0.04,0.04,0.9246058440686962,0.9201602404727935,30.357999999999997,30.45,2806.929880471528,3070,0.5016339869281046,0.0,1.65625,6,2
odds_30_500_score>=0.92_expected>=1000_top10_by_direct_expected_return,50,50,1.0,5000,6120,1120,1.224,0.61,2,0.04,0.04,0.9246058440686962,0.9201602404727935,30.357999999999997,30.45,2806.929880471528,3070,0.5016339869281046,0.0,1.65625,6,2
odds_30_500_score>=0.92_expected>=1500_top1_by_direct_ticket_score,50,50,1.0,5000,6120,1120,1.224,0.61,2,0.04,0.04,0.9246058440686962,0.9201602404727935,30.357999999999997,30.45,2806.929880471528,3070,0.5016339869281046,0.0,1.65625,6,2
odds_30_500_score>=0.92_expected>=1500_top2_by_direct_ticket_score,50,50,1.0,5000,6120,1120,1.224,0.61,2,0.04,0.04,0.9246058440686962,0.9201602404727935,30.357999999999997,30.45,2806.929880471528,3070,0.5016339869281046,0.0,1.65625,6,2
odds_30_500_score>=0.92_expected>=1500_top3_by_direct_ticket_score,50,50,1.0,5000,6120,1120,1.224,0.61,2,0.04,0.04,0.9246058440686962,0.9201602404727935,30.357999999999997,30.45,2806.929880471528,3070,0.5016339869281046,0.0,1.65625,6,2
odds_30_500_score>=0.92_expected>=1500_top5_by_direct_ticket_score,50,50,1.0,5000,6120,1120,1.224,0.61,2,0.04,0.04,0.9246058440686962,0.9201602404727935,30.357999999999997,30.45,2806.929880471528,3070,0.5016339869281046,0.0,1.65625,6,2
odds_30_500_score>=0.92_expected>=1500_top10_by_direct_ticket_score,50,50,1.0,5000,6120,1120,1.224,0.61,2,0.04,0.04,0.9246058440686962,0.9201602404727935,30.357999999999997,30.45,2806.929880471528,3070,0.5016339869281046,0.0,1.65625,6,2
odds_30_500_score>=0.92_expected>=1500_top1_by_direct_expected_return,50,50,1.0,5000,6120,1120,1.224,0.61,2,0.04,0.04,0.9246058440686962,0.9201602404727935,30.357999999999997,30.45,2806.929880471528,3070,0.5016339869281046,0.0,1.65625,6,2
odds_30_500_score>=0.92_expected>=1500_top2_by_direct_expected_return,50,50,1.0,5000,6120,1120,1.224,0.61,2,0.04,0.04,0.9246058440686962,0.9201602404727935,30.357999999999997,30.45,2806.929880471528,3070,0.5016339869281046,0.0,1.65625,6,2
odds_30_500_score>=0.92_expected>=1500_top3_by_direct_expected_return,50,50,1.0,5000,6120,1120,1.224,0.61,2,0.04,0.04,0.9246058440686962,0.9201602404727935,30.357999999999997,30.45,2806.929880471528,3070,0.5016339869281046,0.0,1.65625,6,2
odds_30_500_score>=0.92_expected>=1500_top5_by_direct_expected_return,50,50,1.0,5000,6120,1120,1.224,0.61,2,0.04,0.04,0.9246058440686962,0.9201602404727935,30.357999999999997,30.45,2806.929880471528,3070,0.5016339869281046,0.0,1.65625,6,2
odds_30_500_score>=0.92_expected>=1500_top10_by_direct_expected_return,50,50,1.0,5000,6120,1120,1.224,0.61,2,0.04,0.04,0.9246058440686962,0.9201602404727935,30.357999999999997,30.45,2806.929880471528,3070,0.5016339869281046,0.0,1.65625,6,2
odds_30_500_score>=0.92_expected>=2000_top1_by_direct_ticket_score,50,50,1.0,5000,6120,1120,1.224,0.61,2,0.04,0.04,0.9246058440686962,0.9201602404727935,30.357999999999997,30.45,2806.929880471528,3070,0.5016339869281046,0.0,1.65625,6,2
odds_30_500_score>=0.92_expected>=2000_top2_by_direct_ticket_score,50,50,1.0,5000,6120,1120,1.224,0.61,2,0.04,0.04,0.9246058440686962,0.9201602404727935,30.357999999999997,30.45,2806.929880471528,3070,0.5016339869281046,0.0,1.65625,6,2
odds_30_500_score>=0.92_expected>=2000_top3_by_direct_ticket_score,50,50,1.0,5000,6120,1120,1.224,0.61,2,0.04,0.04,0.9246058440686962,0.9201602404727935,30.357999999999997,30.45,2806.929880471528,3070,0.5016339869281046,0.0,1.65625,6,2
odds_30_500_score>=0.92_expected>=2000_top5_by_direct_ticket_score,50,50,1.0,5000,6120,1120,1.224,0.61,2,0.04,0.04,0.9246058440686962,0.9201602404727935,30.357999999999997,30.45,2806.929880471528,3070,0.5016339869281046,0.0,1.65625,6,2
odds_30_500_score>=0.92_expected>=2000_top10_by_direct_ticket_score,50,50,1.0,5000,6120,1120,1.224,0.61,2,0.04,0.04,0.9246058440686962,0.9201602404727935,30.357999999999997,30.45,2806.929880471528,3070,0.5016339869281046,0.0,1.65625,6,2
odds_30_500_score>=0.92_expected>=2000_top1_by_direct_expected_return,50,50,1.0,5000,6120,1120,1.224,0.61,2,0.04,0.04,0.9246058440686962,0.9201602404727935,30.357999999999997,30.45,2806.929880471528,3070,0.5016339869281046,0.0,1.65625,6,2
odds_30_500_score>=0.92_expected>=2000_top2_by_direct_expected_return,50,50,1.0,5000,6120,1120,1.224,0.61,2,0.04,0.04,0.9246058440686962,0.9201602404727935,30.357999999999997,30.45,2806.929880471528,3070,0.5016339869281046,0.0,1.65625,6,2
odds_30_500_score>=0.92_expected>=2000_top3_by_direct_expected_return,50,50,1.0,5000,6120,1120,1.224,0.61,2,0.04,0.04,0.9246058440686962,0.9201602404727935,30.357999999999997,30.45,2806.929880471528,3070,0.5016339869281046,0.0,1.65625,6,2
odds_30_500_score>=0.92_expected>=2000_top5_by_direct_expected_return,50,50,1.0,5000,6120,1120,1.224,0.61,2,0.04,0.04,0.9246058440686962,0.9201602404727935,30.357999999999997,30.45,2806.929880471528,3070,0.5016339869281046,0.0,1.65625,6,2
odds_30_500_score>=0.92_expected>=2000_top10_by_direct_expected_return,50,50,1.0,5000,6120,1120,1.224,0.61,2,0.04,0.04,0.9246058440686962,0.9201602404727935,30.357999999999997,30.45,2806.929880471528,3070,0.5016339869281046,0.0,1.65625,6,2
odds_30plus_score>=0.92_expected>=0_top1_by_direct_ticket_score,50,50,1.0,5000,6120,1120,1.224,0.61,2,0.04,0.04,0.9246058440686962,0.9201602404727935,30.357999999999997,30.45,2806.929880471528,3070,0.5016339869281046,0.0,1.65625,6,2
odds_30plus_score>=0.92_expected>=0_top2_by_direct_ticket_score,50,50,1.0,5000,6120,1120,1.224,0.61,2,0.04,0.04,0.9246058440686962,0.9201602404727935,30.357999999999997,30.45,2806.929880471528,3070,0.5016339869281046,0.0,1.65625,6,2
odds_30plus_score>=0.92_expected>=0_top3_by_direct_ticket_score,50,50,1.0,5000,6120,1120,1.224,0.61,2,0.04,0.04,0.9246058440686962,0.9201602404727935,30.357999999999997,30.45,2806.929880471528,3070,0.5016339869281046,0.0,1.65625,6,2
odds_30plus_score>=0.92_expected>=0_top5_by_direct_ticket_score,50,50,1.0,5000,6120,1120,1.224,0.61,2,0.04,0.04,0.9246058440686962,0.9201602404727935,30.357999999999997,30.45,2806.929880471528,3070,0.5016339869281046,0.0,1.65625,6,2
odds_30plus_score>=0.92_expected>=0_top10_by_direct_ticket_score,50,50,1.0,5000,6120,1120,1.224,0.61,2,0.04,0.04,0.9246058440686962,0.9201602404727935,30.357999999999997,30.45,2806.929880471528,3070,0.5016339869281046,0.0,1.65625,6,2
odds_30plus_score>=0.92_expected>=0_top1_by_direct_expected_return,50,50,1.0,5000,6120,1120,1.224,0.61,2,0.04,0.04,0.9246058440686962,0.9201602404727935,30.357999999999997,30.45,2806.929880471528,3070,0.5016339869281046,0.0,1.65625,6,2
odds_30plus_score>=0.92_expected>=0_top2_by_direct_expected_return,50,50,1.0,5000,6120,1120,1.224,0.61,2,0.04,0.04,0.9246058440686962,0.9201602404727935,30.357999999999997,30.45,2806.929880471528,3070,0.5016339869281046,0.0,1.65625,6,2
odds_30plus_score>=0.92_expected>=0_top3_by_direct_expected_return,50,50,1.0,5000,6120,1120,1.224,0.61,2,0.04,0.04,0.9246058440686962,0.9201602404727935,30.357999999999997,30.45,2806.929880471528,3070,0.5016339869281046,0.0,1.65625,6,2
odds_30plus_score>=0.92_expected>=0_top5_by_direct_expected_return,50,50,1.0,5000,6120,1120,1.224,0.61,2,0.04,0.04,0.9246058440686962,0.9201602404727935,30.357999999999997,30.45,2806.929880471528,3070,0.5016339869281046,0.0,1.65625,6,2
odds_30plus_score>=0.92_expected>=0_top10_by_direct_expected_return,50,50,1.0,5000,6120,1120,1.224,0.61,2,0.04,0.04,0.9246058440686962,0.9201602404727935,30.357999999999997,30.45,2806.929880471528,3070,0.5016339869281046,0.0,1.65625,6,2
odds_30plus_score>=0.92_expected>=500_top1_by_direct_ticket_score,50,50,1.0,5000,6120,1120,1.224,0.61,2,0.04,0.04,0.9246058440686962,0.9201602404727935,30.357999999999997,30.45,2806.929880471528,3070,0.5016339869281046,0.0,1.65625,6,2
odds_30plus_score>=0.92_expected>=500_top2_by_direct_ticket_score,50,50,1.0,5000,6120,1120,1.224,0.61,2,0.04,0.04,0.9246058440686962,0.9201602404727935,30.357999999999997,30.45,2806.929880471528,3070,0.5016339869281046,0.0,1.65625,6,2
odds_30plus_score>=0.92_expected>=500_top3_by_direct_ticket_score,50,50,1.0,5000,6120,1120,1.224,0.61,2,0.04,0.04,0.9246058440686962,0.9201602404727935,30.357999999999997,30.45,2806.929880471528,3070,0.5016339869281046,0.0,1.65625,6,2
odds_30plus_score>=0.92_expected>=500_top5_by_direct_ticket_score,50,50,1.0,5000,6120,1120,1.224,0.61,2,0.04,0.04,0.9246058440686962,0.9201602404727935,30.357999999999997,30.45,2806.929880471528,3070,0.5016339869281046,0.0,1.65625,6,2
odds_30plus_score>=0.92_expected>=500_top10_by_direct_ticket_score,50,50,1.0,5000,6120,1120,1.224,0.61,2,0.04,0.04,0.9246058440686962,0.9201602404727935,30.357999999999997,30.45,2806.929880471528,3070,0.5016339869281046,0.0,1.65625,6,2
odds_30plus_score>=0.92_expected>=500_top1_by_direct_expected_return,50,50,1.0,5000,6120,1120,1.224,0.61,2,0.04,0.04,0.9246058440686962,0.9201602404727935,30.357999999999997,30.45,2806.929880471528,3070,0.5016339869281046,0.0,1.65625,6,2
odds_30plus_score>=0.92_expected>=500_top2_by_direct_expected_return,50,50,1.0,5000,6120,1120,1.224,0.61,2,0.04,0.04,0.9246058440686962,0.9201602404727935,30.357999999999997,30.45,2806.929880471528,3070,0.5016339869281046,0.0,1.65625,6,2
odds_30plus_score>=0.92_expected>=500_top3_by_direct_expected_return,50,50,1.0,5000,6120,1120,1.224,0.61,2,0.04,0.04,0.9246058440686962,0.9201602404727935,30.357999999999997,30.45,2806.929880471528,3070,0.5016339869281046,0.0,1.65625,6,2
odds_30plus_score>=0.92_expected>=500_top5_by_direct_expected_return,50,50,1.0,5000,6120,1120,1.224,0.61,2,0.04,0.04,0.9246058440686962,0.9201602404727935,30.357999999999997,30.45,2806.929880471528,3070,0.5016339869281046,0.0,1.65625,6,2
odds_30plus_score>=0.92_expected>=500_top10_by_direct_expected_return,50,50,1.0,5000,6120,1120,1.224,0.61,2,0.04,0.04,0.9246058440686962,0.9201602404727935,30.357999999999997,30.45,2806.929880471528,3070,0.5016339869281046,0.0,1.65625,6,2
odds_30plus_score>=0.92_expected>=1000_top1_by_direct_ticket_score,50,50,1.0,5000,6120,1120,1.224,0.61,2,0.04,0.04,0.9246058440686962,0.9201602404727935,30.357999999999997,30.45,2806.929880471528,3070,0.5016339869281046,0.0,1.65625,6,2
odds_30plus_score>=0.92_expected>=1000_top2_by_direct_ticket_score,50,50,1.0,5000,6120,1120,1.224,0.61,2,0.04,0.04,0.9246058440686962,0.9201602404727935,30.357999999999997,30.45,2806.929880471528,3070,0.5016339869281046,0.0,1.65625,6,2
odds_30plus_score>=0.92_expected>=1000_top3_by_direct_ticket_score,50,50,1.0,5000,6120,1120,1.224,0.61,2,0.04,0.04,0.9246058440686962,0.9201602404727935,30.357999999999997,30.45,2806.929880471528,3070,0.5016339869281046,0.0,1.65625,6,2
odds_30plus_score>=0.92_expected>=1000_top5_by_direct_ticket_score,50,50,1.0,5000,6120,1120,1.224,0.61,2,0.04,0.04,0.9246058440686962,0.9201602404727935,30.357999999999997,30.45,2806.929880471528,3070,0.5016339869281046,0.0,1.65625,6,2
odds_30plus_score>=0.92_expected>=1000_top10_by_direct_ticket_score,50,50,1.0,5000,6120,1120,1.224,0.61,2,0.04,0.04,0.9246058440686962,0.9201602404727935,30.357999999999997,30.45,2806.929880471528,3070,0.5016339869281046,0.0,1.65625,6,2
odds_30plus_score>=0.92_expected>=1000_top1_by_direct_expected_return,50,50,1.0,5000,6120,1120,1.224,0.61,2,0.04,0.04,0.9246058440686962,0.9201602404727935,30.357999999999997,30.45,2806.929880471528,3070,0.5016339869281046,0.0,1.65625,6,2
odds_30plus_score>=0.92_expected>=1000_top2_by_direct_expected_return,50,50,1.0,5000,6120,1120,1.224,0.61,2,0.04,0.04,0.9246058440686962,0.9201602404727935,30.357999999999997,30.45,2806.929880471528,3070,0.5016339869281046,0.0,1.65625,6,2
odds_30plus_score>=0.92_expected>=1000_top3_by_direct_expected_return,50,50,1.0,5000,6120,1120,1.224,0.61,2,0.04,0.04,0.9246058440686962,0.9201602404727935,30.357999999999997,30.45,2806.929880471528,3070,0.5016339869281046,0.0,1.65625,6,2
odds_30plus_score>=0.92_expected>=1000_top5_by_direct_expected_return,50,50,1.0,5000,6120,1120,1.224,0.61,2,0.04,0.04,0.9246058440686962,0.9201602404727935,30.357999999999997,30.45,2806.929880471528,3070,0.5016339869281046,0.0,1.65625,6,2
odds_30plus_score>=0.92_expected>=1000_top10_by_direct_expected_return,50,50,1.0,5000,6120,1120,1.224,0.61,2,0.04,0.04,0.9246058440686962,0.9201602404727935,30.357999999999997,30.45,2806.929880471528,3070,0.5016339869281046,0.0,1.65625,6,2
odds_30plus_score>=0.92_expected>=1500_top1_by_direct_ticket_score,50,50,1.0,5000,6120,1120,1.224,0.61,2,0.04,0.04,0.9246058440686962,0.9201602404727935,30.357999999999997,30.45,2806.929880471528,3070,0.5016339869281046,0.0,1.65625,6,2
odds_30plus_score>=0.92_expected>=1500_top2_by_direct_ticket_score,50,50,1.0,5000,6120,1120,1.224,0.61,2,0.04,0.04,0.9246058440686962,0.9201602404727935,30.357999999999997,30.45,2806.929880471528,3070,0.5016339869281046,0.0,1.65625,6,2
odds_30plus_score>=0.92_expected>=1500_top3_by_direct_ticket_score,50,50,1.0,5000,6120,1120,1.224,0.61,2,0.04,0.04,0.9246058440686962,0.9201602404727935,30.357999999999997,30.45,2806.929880471528,3070,0.5016339869281046,0.0,1.65625,6,2
odds_30plus_score>=0.92_expected>=1500_top5_by_direct_ticket_score,50,50,1.0,5000,6120,1120,1.224,0.61,2,0.04,0.04,0.9246058440686962,0.9201602404727935,30.357999999999997,30.45,2806.929880471528,3070,0.5016339869281046,0.0,1.65625,6,2
odds_30plus_score>=0.92_expected>=1500_top10_by_direct_ticket_score,50,50,1.0,5000,6120,1120,1.224,0.61,2,0.04,0.04,0.9246058440686962,0.9201602404727935,30.357999999999997,30.45,2806.929880471528,3070,0.5016339869281046,0.0,1.65625,6,2
odds_30plus_score>=0.92_expected>=1500_top1_by_direct_expected_return,50,50,1.0,5000,6120,1120,1.224,0.61,2,0.04,0.04,0.9246058440686962,0.9201602404727935,30.357999999999997,30.45,2806.929880471528,3070,0.5016339869281046,0.0,1.65625,6,2
odds_30plus_score>=0.92_expected>=1500_top2_by_direct_expected_return,50,50,1.0,5000,6120,1120,1.224,0.61,2,0.04,0.04,0.9246058440686962,0.9201602404727935,30.357999999999997,30.45,2806.929880471528,3070,0.5016339869281046,0.0,1.65625,6,2
odds_30plus_score>=0.92_expected>=1500_top3_by_direct_expected_return,50,50,1.0,5000,6120,1120,1.224,0.61,2,0.04,0.04,0.9246058440686962,0.9201602404727935,30.357999999999997,30.45,2806.929880471528,3070,0.5016339869281046,0.0,1.65625,6,2
odds_30plus_score>=0.92_expected>=1500_top5_by_direct_expected_return,50,50,1.0,5000,6120,1120,1.224,0.61,2,0.04,0.04,0.9246058440686962,0.9201602404727935,30.357999999999997,30.45,2806.929880471528,3070,0.5016339869281046,0.0,1.65625,6,2
odds_30plus_score>=0.92_expected>=1500_top10_by_direct_expected_return,50,50,1.0,5000,6120,1120,1.224,0.61,2,0.04,0.04,0.9246058440686962,0.9201602404727935,30.357999999999997,30.45,2806.929880471528,3070,0.5016339869281046,0.0,1.65625,6,2
odds_30plus_score>=0.92_expected>=2000_top1_by_direct_ticket_score,50,50,1.0,5000,6120,1120,1.224,0.61,2,0.04,0.04,0.9246058440686962,0.9201602404727935,30.357999999999997,30.45,2806.929880471528,3070,0.5016339869281046,0.0,1.65625,6,2
odds_30plus_score>=0.92_expected>=2000_top2_by_direct_ticket_score,50,50,1.0,5000,6120,1120,1.224,0.61,2,0.04,0.04,0.9246058440686962,0.9201602404727935,30.357999999999997,30.45,2806.929880471528,3070,0.5016339869281046,0.0,1.65625,6,2
odds_30plus_score>=0.92_expected>=2000_top3_by_direct_ticket_score,50,50,1.0,5000,6120,1120,1.224,0.61,2,0.04,0.04,0.9246058440686962,0.9201602404727935,30.357999999999997,30.45,2806.929880471528,3070,0.5016339869281046,0.0,1.65625,6,2
odds_30plus_score>=0.92_expected>=2000_top5_by_direct_ticket_score,50,50,1.0,5000,6120,1120,1.224,0.61,2,0.04,0.04,0.9246058440686962,0.9201602404727935,30.357999999999997,30.45,2806.929880471528,3070,0.5016339869281046,0.0,1.65625,6,2
odds_30plus_score>=0.92_expected>=2000_top10_by_direct_ticket_score,50,50,1.0,5000,6120,1120,1.224,0.61,2,0.04,0.04,0.9246058440686962,0.9201602404727935,30.357999999999997,30.45,2806.929880471528,3070,0.5016339869281046,0.0,1.65625,6,2
odds_30plus_score>=0.92_expected>=2000_top1_by_direct_expected_return,50,50,1.0,5000,6120,1120,1.224,0.61,2,0.04,0.04,0.9246058440686962,0.9201602404727935,30.357999999999997,30.45,2806.929880471528,3070,0.5016339869281046,0.0,1.65625,6,2
odds_30plus_score>=0.92_expected>=2000_top2_by_direct_expected_return,50,50,1.0,5000,6120,1120,1.224,0.61,2,0.04,0.04,0.9246058440686962,0.9201602404727935,30.357999999999997,30.45,2806.929880471528,3070,0.5016339869281046,0.0,1.65625,6,2
odds_30plus_score>=0.92_expected>=2000_top3_by_direct_expected_return,50,50,1.0,5000,6120,1120,1.224,0.61,2,0.04,0.04,0.9246058440686962,0.9201602404727935,30.357999999999997,30.45,2806.929880471528,3070,0.5016339869281046,0.0,1.65625,6,2
odds_30plus_score>=0.92_expected>=2000_top5_by_direct_expected_return,50,50,1.0,5000,6120,1120,1.224,0.61,2,0.04,0.04,0.9246058440686962,0.9201602404727935,30.357999999999997,30.45,2806.929880471528,3070,0.5016339869281046,0.0,1.65625,6,2
odds_30plus_score>=0.92_expected>=2000_top10_by_direct_expected_return,50,50,1.0,5000,6120,1120,1.224,0.61,2,0.04,0.04,0.9246058440686962,0.9201602404727935,30.357999999999997,30.45,2806.929880471528,3070,0.5016339869281046,0.0,1.65625,6,2
odds_50_500_score>=0.8_expected>=0_top1_by_direct_ticket_score,256,256,1.0,25600,17230,-8370,0.673046875,0.441796875,3,0.01171875,0.01171875,0.8098957024905664,0.8000071309701855,54.030859375000006,52.6,4375.731085886502,5920,0.3435867672663958,0.0,0.6152544311034877,6,3
odds_50_500_score>=0.8_expected>=0_top1_by_direct_expected_return,256,256,1.0,25600,17230,-8370,0.673046875,0.441796875,3,0.01171875,0.01171875,0.8095009734878956,0.8000071309701855,54.137890625000004,52.7,4382.1786415242805,5920,0.3435867672663958,0.0,0.6152544311034877,6,3
odds_50_500_score>=0.8_expected>=500_top1_by_direct_ticket_score,256,256,1.0,25600,17230,-8370,0.673046875,0.441796875,3,0.01171875,0.01171875,0.8098957024905664,0.8000071309701855,54.030859375000006,52.6,4375.731085886502,5920,0.3435867672663958,0.0,0.6152544311034877,6,3
odds_50_500_score>=0.8_expected>=500_top1_by_direct_expected_return,256,256,1.0,25600,17230,-8370,0.673046875,0.441796875,3,0.01171875,0.01171875,0.8095009734878956,0.8000071309701855,54.137890625000004,52.7,4382.1786415242805,5920,0.3435867672663958,0.0,0.6152544311034877,6,3
odds_50_500_score>=0.8_expected>=1000_top1_by_direct_ticket_score,256,256,1.0,25600,17230,-8370,0.673046875,0.441796875,3,0.01171875,0.01171875,0.8098957024905664,0.8000071309701855,54.030859375000006,52.6,4375.731085886502,5920,0.3435867672663958,0.0,0.6152544311034877,6,3
odds_50_500_score>=0.8_expected>=1000_top1_by_direct_expected_return,256,256,1.0,25600,17230,-8370,0.673046875,0.441796875,3,0.01171875,0.01171875,0.8095009734878956,0.8000071309701855,54.137890625000004,52.7,4382.1786415242805,5920,0.3435867672663958,0.0,0.6152544311034877,6,3
odds_50_500_score>=0.8_expected>=1500_top1_by_direct_ticket_score,256,256,1.0,25600,17230,-8370,0.673046875,0.441796875,3,0.01171875,0.01171875,0.8098957024905664,0.8000071309701855,54.030859375000006,52.6,4375.731085886502,5920,0.3435867672663958,0.0,0.6152544311034877,6,3
odds_50_500_score>=0.8_expected>=1500_top1_by_direct_expected_return,256,256,1.0,25600,17230,-8370,0.673046875,0.441796875,3,0.01171875,0.01171875,0.8095009734878956,0.8000071309701855,54.137890625000004,52.7,4382.1786415242805,5920,0.3435867672663958,0.0,0.6152544311034877,6,3
odds_50_500_score>=0.8_expected>=2000_top1_by_direct_ticket_score,256,256,1.0,25600,17230,-8370,0.673046875,0.441796875,3,0.01171875,0.01171875,0.8098957024905664,0.8000071309701855,54.030859375000006,52.6,4375.731085886502,5920,0.3435867672663958,0.0,0.6152544311034877,6,3
odds_50_500_score>=0.8_expected>=2000_top1_by_direct_expected_return,256,256,1.0,25600,17230,-8370,0.673046875,0.441796875,3,0.01171875,0.01171875,0.8095009734878956,0.8000071309701855,54.137890625000004,52.7,4382.1786415242805,5920,0.3435867672663958,0.0,0.6152544311034877,6,3
odds_50_500_score>=0.8_expected>=3000_top1_by_direct_ticket_score,256,256,1.0,25600,17230,-8370,0.673046875,0.441796875,3,0.01171875,0.01171875,0.8098957024905664,0.8000071309701855,54.030859375000006,52.6,4375.731085886502,5920,0.3435867672663958,0.0,0.6152544311034877,6,3
odds_50_500_score>=0.8_expected>=3000_top1_by_direct_expected_return,256,256,1.0,25600,17230,-8370,0.673046875,0.441796875,3,0.01171875,0.01171875,0.8095009734878956,0.8000071309701855,54.137890625000004,52.7,4382.1786415242805,5920,0.3435867672663958,0.0,0.6152544311034877,6,3
odds_50_1000_score>=0.8_expected>=0_top1_by_direct_ticket_score,256,256,1.0,25600,17230,-8370,0.673046875,0.441796875,3,0.01171875,0.01171875,0.8098957024905664,0.8000071309701855,54.030859375000006,52.6,4375.731085886502,5920,0.3435867672663958,0.0,0.6152544311034877,6,3
odds_50_1000_score>=0.8_expected>=0_top1_by_direct_expected_return,256,256,1.0,25600,17230,-8370,0.673046875,0.441796875,3,0.01171875,0.01171875,0.8095009734878956,0.8000071309701855,54.137890625000004,52.7,4382.1786415242805,5920,0.3435867672663958,0.0,0.6152544311034877,6,3
odds_50_1000_score>=0.8_expected>=500_top1_by_direct_ticket_score,256,256,1.0,25600,17230,-8370,0.673046875,0.441796875,3,0.01171875,0.01171875,0.8098957024905664,0.8000071309701855,54.030859375000006,52.6,4375.731085886502,5920,0.3435867672663958,0.0,0.6152544311034877,6,3
odds_50_1000_score>=0.8_expected>=500_top1_by_direct_expected_return,256,256,1.0,25600,17230,-8370,0.673046875,0.441796875,3,0.01171875,0.01171875,0.8095009734878956,0.8000071309701855,54.137890625000004,52.7,4382.1786415242805,5920,0.3435867672663958,0.0,0.6152544311034877,6,3
odds_50_1000_score>=0.8_expected>=1000_top1_by_direct_ticket_score,256,256,1.0,25600,17230,-8370,0.673046875,0.441796875,3,0.01171875,0.01171875,0.8098957024905664,0.8000071309701855,54.030859375000006,52.6,4375.731085886502,5920,0.3435867672663958,0.0,0.6152544311034877,6,3
odds_50_1000_score>=0.8_expected>=1000_top1_by_direct_expected_return,256,256,1.0,25600,17230,-8370,0.673046875,0.441796875,3,0.01171875,0.01171875,0.8095009734878956,0.8000071309701855,54.137890625000004,52.7,4382.1786415242805,5920,0.3435867672663958,0.0,0.6152544311034877,6,3
odds_50_1000_score>=0.8_expected>=1500_top1_by_direct_ticket_score,256,256,1.0,25600,17230,-8370,0.673046875,0.441796875,3,0.01171875,0.01171875,0.8098957024905664,0.8000071309701855,54.030859375000006,52.6,4375.731085886502,5920,0.3435867672663958,0.0,0.6152544311034877,6,3
odds_50_1000_score>=0.8_expected>=1500_top1_by_direct_expected_return,256,256,1.0,25600,17230,-8370,0.673046875,0.441796875,3,0.01171875,0.01171875,0.8095009734878956,0.8000071309701855,54.137890625000004,52.7,4382.1786415242805,5920,0.3435867672663958,0.0,0.6152544311034877,6,3
odds_50_1000_score>=0.8_expected>=2000_top1_by_direct_ticket_score,256,256,1.0,25600,17230,-8370,0.673046875,0.441796875,3,0.01171875,0.01171875,0.8098957024905664,0.8000071309701855,54.030859375000006,52.6,4375.731085886502,5920,0.3435867672663958,0.0,0.6152544311034877,6,3
odds_50_1000_score>=0.8_expected>=2000_top1_by_direct_expected_return,256,256,1.0,25600,17230,-8370,0.673046875,0.441796875,3,0.01171875,0.01171875,0.8095009734878956,0.8000071309701855,54.137890625000004,52.7,4382.1786415242805,5920,0.3435867672663958,0.0,0.6152544311034877,6,3
odds_50_1000_score>=0.8_expected>=3000_top1_by_direct_ticket_score,256,256,1.0,25600,17230,-8370,0.673046875,0.441796875,3,0.01171875,0.01171875,0.8098957024905664,0.8000071309701855,54.030859375000006,52.6,4375.731085886502,5920,0.3435867672663958,0.0,0.6152544311034877,6,3
odds_50_1000_score>=0.8_expected>=3000_top1_by_direct_expected_return,256,256,1.0,25600,17230,-8370,0.673046875,0.441796875,3,0.01171875,0.01171875,0.8095009734878956,0.8000071309701855,54.137890625000004,52.7,4382.1786415242805,5920,0.3435867672663958,0.0,0.6152544311034877,6,3
odds_50plus_score>=0.8_expected>=0_top1_by_direct_ticket_score,256,256,1.0,25600,17230,-8370,0.673046875,0.441796875,3,0.01171875,0.01171875,0.8098957024905664,0.8000071309701855,54.030859375000006,52.6,4375.731085886502,5920,0.3435867672663958,0.0,0.6152544311034877,6,3
odds_50plus_score>=0.8_expected>=0_top1_by_direct_expected_return,256,256,1.0,25600,17230,-8370,0.673046875,0.441796875,3,0.01171875,0.01171875,0.8095009734878956,0.8000071309701855,54.137890625000004,52.7,4382.1786415242805,5920,0.3435867672663958,0.0,0.6152544311034877,6,3
odds_50plus_score>=0.8_expected>=500_top1_by_direct_ticket_score,256,256,1.0,25600,17230,-8370,0.673046875,0.441796875,3,0.01171875,0.01171875,0.8098957024905664,0.8000071309701855,54.030859375000006,52.6,4375.731085886502,5920,0.3435867672663958,0.0,0.6152544311034877,6,3
odds_50plus_score>=0.8_expected>=500_top1_by_direct_expected_return,256,256,1.0,25600,17230,-8370,0.673046875,0.441796875,3,0.01171875,0.01171875,0.8095009734878956,0.8000071309701855,54.137890625000004,52.7,4382.1786415242805,5920,0.3435867672663958,0.0,0.6152544311034877,6,3
odds_50plus_score>=0.8_expected>=1000_top1_by_direct_ticket_score,256,256,1.0,25600,17230,-8370,0.673046875,0.441796875,3,0.01171875,0.01171875,0.8098957024905664,0.8000071309701855,54.030859375000006,52.6,4375.731085886502,5920,0.3435867672663958,0.0,0.6152544311034877,6,3
odds_50plus_score>=0.8_expected>=1000_top1_by_direct_expected_return,256,256,1.0,25600,17230,-8370,0.673046875,0.441796875,3,0.01171875,0.01171875,0.8095009734878956,0.8000071309701855,54.137890625000004,52.7,4382.1786415242805,5920,0.3435867672663958,0.0,0.6152544311034877,6,3
odds_50plus_score>=0.8_expected>=1500_top1_by_direct_ticket_score,256,256,1.0,25600,17230,-8370,0.673046875,0.441796875,3,0.01171875,0.01171875,0.8098957024905664,0.8000071309701855,54.030859375000006,52.6,4375.731085886502,5920,0.3435867672663958,0.0,0.6152544311034877,6,3
odds_50plus_score>=0.8_expected>=1500_top1_by_direct_expected_return,256,256,1.0,25600,17230,-8370,0.673046875,0.441796875,3,0.01171875,0.01171875,0.8095009734878956,0.8000071309701855,54.137890625000004,52.7,4382.1786415242805,5920,0.3435867672663958,0.0,0.6152544311034877,6,3
odds_50plus_score>=0.8_expected>=2000_top1_by_direct_ticket_score,256,256,1.0,25600,17230,-8370,0.673046875,0.441796875,3,0.01171875,0.01171875,0.8098957024905664,0.8000071309701855,54.030859375000006,52.6,4375.731085886502,5920,0.3435867672663958,0.0,0.6152544311034877,6,3
odds_50plus_score>=0.8_expected>=2000_top1_by_direct_expected_return,256,256,1.0,25600,17230,-8370,0.673046875,0.441796875,3,0.01171875,0.01171875,0.8095009734878956,0.8000071309701855,54.137890625000004,52.7,4382.1786415242805,5920,0.3435867672663958,0.0,0.6152544311034877,6,3
odds_50plus_score>=0.8_expected>=3000_top1_by_direct_ticket_score,256,256,1.0,25600,17230,-8370,0.673046875,0.441796875,3,0.01171875,0.01171875,0.8098957024905664,0.8000071309701855,54.030859375000006,52.6,4375.731085886502,5920,0.3435867672663958,0.0,0.6152544311034877,6,3
odds_50plus_score>=0.8_expected>=3000_top1_by_direct_expected_return,256,256,1.0,25600,17230,-8370,0.673046875,0.441796875,3,0.01171875,0.01171875,0.8095009734878956,0.8000071309701855,54.137890625000004,52.7,4382.1786415242805,5920,0.3435867672663958,0.0,0.6152544311034877,6,3
odds_50_500_score>=0.8_expected>=0_top2_by_direct_ticket_score,256,268,1.046875,26800,17230,-9570,0.642910447761194,0.42201492537313434,3,0.011194029850746268,0.01171875,0.8097354610682517,0.8000071309701855,54.14664179104477,52.6,4384.09831189069,5920,0.3435867672663958,0.0,0.5836089065255732,6,3
odds_50_500_score>=0.8_expected>=0_top2_by_direct_expected_return,256,268,1.046875,26800,17230,-9570,0.642910447761194,0.42201492537313434,3,0.011194029850746268,0.01171875,0.8096545441625365,0.8000071309701855,54.16044776119403,52.650000000000006,4384.810319647359,5920,0.3435867672663958,0.0,0.5836089065255732,6,3
odds_50_500_score>=0.8_expected>=500_top2_by_direct_ticket_score,256,268,1.046875,26800,17230,-9570,0.642910447761194,0.42201492537313434,3,0.011194029850746268,0.01171875,0.8097354610682517,0.8000071309701855,54.14664179104477,52.6,4384.09831189069,5920,0.3435867672663958,0.0,0.5836089065255732,6,3
odds_50_500_score>=0.8_expected>=500_top2_by_direct_expected_return,256,268,1.046875,26800,17230,-9570,0.642910447761194,0.42201492537313434,3,0.011194029850746268,0.01171875,0.8096545441625365,0.8000071309701855,54.16044776119403,52.650000000000006,4384.810319647359,5920,0.3435867672663958,0.0,0.5836089065255732,6,3
odds_50_500_score>=0.8_expected>=1000_top2_by_direct_ticket_score,256,268,1.046875,26800,17230,-9570,0.642910447761194,0.42201492537313434,3,0.011194029850746268,0.01171875,0.8097354610682517,0.8000071309701855,54.14664179104477,52.6,4384.09831189069,5920,0.3435867672663958,0.0,0.5836089065255732,6,3
odds_50_500_score>=0.8_expected>=1000_top2_by_direct_expected_return,256,268,1.046875,26800,17230,-9570,0.642910447761194,0.42201492537313434,3,0.011194029850746268,0.01171875,0.8096545441625365,0.8000071309701855,54.16044776119403,52.650000000000006,4384.810319647359,5920,0.3435867672663958,0.0,0.5836089065255732,6,3
odds_50_500_score>=0.8_expected>=1500_top2_by_direct_ticket_score,256,268,1.046875,26800,17230,-9570,0.642910447761194,0.42201492537313434,3,0.011194029850746268,0.01171875,0.8097354610682517,0.8000071309701855,54.14664179104477,52.6,4384.09831189069,5920,0.3435867672663958,0.0,0.5836089065255732,6,3
odds_50_500_score>=0.8_expected>=1500_top2_by_direct_expected_return,256,268,1.046875,26800,17230,-9570,0.642910447761194,0.42201492537313434,3,0.011194029850746268,0.01171875,0.8096545441625365,0.8000071309701855,54.16044776119403,52.650000000000006,4384.810319647359,5920,0.3435867672663958,0.0,0.5836089065255732,6,3
odds_50_500_score>=0.8_expected>=2000_top2_by_direct_ticket_score,256,268,1.046875,26800,17230,-9570,0.642910447761194,0.42201492537313434,3,0.011194029850746268,0.01171875,0.8097354610682517,0.8000071309701855,54.14664179104477,52.6,4384.09831189069,5920,0.3435867672663958,0.0,0.5836089065255732,6,3
odds_50_500_score>=0.8_expected>=2000_top2_by_direct_expected_return,256,268,1.046875,26800,17230,-9570,0.642910447761194,0.42201492537313434,3,0.011194029850746268,0.01171875,0.8096545441625365,0.8000071309701855,54.16044776119403,52.650000000000006,4384.810319647359,5920,0.3435867672663958,0.0,0.5836089065255732,6,3
odds_50_500_score>=0.8_expected>=3000_top2_by_direct_ticket_score,256,268,1.046875,26800,17230,-9570,0.642910447761194,0.42201492537313434,3,0.011194029850746268,0.01171875,0.8097354610682517,0.8000071309701855,54.14664179104477,52.6,4384.09831189069,5920,0.3435867672663958,0.0,0.5836089065255732,6,3
odds_50_500_score>=0.8_expected>=3000_top2_by_direct_expected_return,256,268,1.046875,26800,17230,-9570,0.642910447761194,0.42201492537313434,3,0.011194029850746268,0.01171875,0.8096545441625365,0.8000071309701855,54.16044776119403,52.650000000000006,4384.810319647359,5920,0.3435867672663958,0.0,0.5836089065255732,6,3
odds_50_1000_score>=0.8_expected>=0_top2_by_direct_ticket_score,256,268,1.046875,26800,17230,-9570,0.642910447761194,0.42201492537313434,3,0.011194029850746268,0.01171875,0.8097354610682517,0.8000071309701855,54.14664179104477,52.6,4384.09831189069,5920,0.3435867672663958,0.0,0.5836089065255732,6,3
odds_50_1000_score>=0.8_expected>=0_top2_by_direct_expected_return,256,268,1.046875,26800,17230,-9570,0.642910447761194,0.42201492537313434,3,0.011194029850746268,0.01171875,0.8096545441625365,0.8000071309701855,54.16044776119403,52.650000000000006,4384.810319647359,5920,0.3435867672663958,0.0,0.5836089065255732,6,3
odds_50_1000_score>=0.8_expected>=500_top2_by_direct_ticket_score,256,268,1.046875,26800,17230,-9570,0.642910447761194,0.42201492537313434,3,0.011194029850746268,0.01171875,0.8097354610682517,0.8000071309701855,54.14664179104477,52.6,4384.09831189069,5920,0.3435867672663958,0.0,0.5836089065255732,6,3
odds_50_1000_score>=0.8_expected>=500_top2_by_direct_expected_return,256,268,1.046875,26800,17230,-9570,0.642910447761194,0.42201492537313434,3,0.011194029850746268,0.01171875,0.8096545441625365,0.8000071309701855,54.16044776119403,52.650000000000006,4384.810319647359,5920,0.3435867672663958,0.0,0.5836089065255732,6,3
odds_50_1000_score>=0.8_expected>=1000_top2_by_direct_ticket_score,256,268,1.046875,26800,17230,-9570,0.642910447761194,0.42201492537313434,3,0.011194029850746268,0.01171875,0.8097354610682517,0.8000071309701855,54.14664179104477,52.6,4384.09831189069,5920,0.3435867672663958,0.0,0.5836089065255732,6,3
odds_50_1000_score>=0.8_expected>=1000_top2_by_direct_expected_return,256,268,1.046875,26800,17230,-9570,0.642910447761194,0.42201492537313434,3,0.011194029850746268,0.01171875,0.8096545441625365,0.8000071309701855,54.16044776119403,52.650000000000006,4384.810319647359,5920,0.3435867672663958,0.0,0.5836089065255732,6,3
odds_50_1000_score>=0.8_expected>=1500_top2_by_direct_ticket_score,256,268,1.046875,26800,17230,-9570,0.642910447761194,0.42201492537313434,3,0.011194029850746268,0.01171875,0.8097354610682517,0.8000071309701855,54.14664179104477,52.6,4384.09831189069,5920,0.3435867672663958,0.0,0.5836089065255732,6,3
odds_50_1000_score>=0.8_expected>=1500_top2_by_direct_expected_return,256,268,1.046875,26800,17230,-9570,0.642910447761194,0.42201492537313434,3,0.011194029850746268,0.01171875,0.8096545441625365,0.8000071309701855,54.16044776119403,52.650000000000006,4384.810319647359,5920,0.3435867672663958,0.0,0.5836089065255732,6,3
odds_50_1000_score>=0.8_expected>=2000_top2_by_direct_ticket_score,256,268,1.046875,26800,17230,-9570,0.642910447761194,0.42201492537313434,3,0.011194029850746268,0.01171875,0.8097354610682517,0.8000071309701855,54.14664179104477,52.6,4384.09831189069,5920,0.3435867672663958,0.0,0.5836089065255732,6,3
odds_50_1000_score>=0.8_expected>=2000_top2_by_direct_expected_return,256,268,1.046875,26800,17230,-9570,0.642910447761194,0.42201492537313434,3,0.011194029850746268,0.01171875,0.8096545441625365,0.8000071309701855,54.16044776119403,52.650000000000006,4384.810319647359,5920,0.3435867672663958,0.0,0.5836089065255732,6,3
odds_50_1000_score>=0.8_expected>=3000_top2_by_direct_ticket_score,256,268,1.046875,26800,17230,-9570,0.642910447761194,0.42201492537313434,3,0.011194029850746268,0.01171875,0.8097354610682517,0.8000071309701855,54.14664179104477,52.6,4384.09831189069,5920,0.3435867672663958,0.0,0.5836089065255732,6,3
odds_50_1000_score>=0.8_expected>=3000_top2_by_direct_expected_return,256,268,1.046875,26800,17230,-9570,0.642910447761194,0.42201492537313434,3,0.011194029850746268,0.01171875,0.8096545441625365,0.8000071309701855,54.16044776119403,52.650000000000006,4384.810319647359,5920,0.3435867672663958,0.0,0.5836089065255732,6,3
odds_50plus_score>=0.8_expected>=0_top2_by_direct_ticket_score,256,268,1.046875,26800,17230,-9570,0.642910447761194,0.42201492537313434,3,0.011194029850746268,0.01171875,0.8097354610682517,0.8000071309701855,54.14664179104477,52.6,4384.09831189069,5920,0.3435867672663958,0.0,0.5836089065255732,6,3
odds_50plus_score>=0.8_expected>=0_top2_by_direct_expected_return,256,268,1.046875,26800,17230,-9570,0.642910447761194,0.42201492537313434,3,0.011194029850746268,0.01171875,0.8096545441625365,0.8000071309701855,54.16044776119403,52.650000000000006,4384.810319647359,5920,0.3435867672663958,0.0,0.5836089065255732,6,3
odds_50plus_score>=0.8_expected>=500_top2_by_direct_ticket_score,256,268,1.046875,26800,17230,-9570,0.642910447761194,0.42201492537313434,3,0.011194029850746268,0.01171875,0.8097354610682517,0.8000071309701855,54.14664179104477,52.6,4384.09831189069,5920,0.3435867672663958,0.0,0.5836089065255732,6,3
odds_50plus_score>=0.8_expected>=500_top2_by_direct_expected_return,256,268,1.046875,26800,17230,-9570,0.642910447761194,0.42201492537313434,3,0.011194029850746268,0.01171875,0.8096545441625365,0.8000071309701855,54.16044776119403,52.650000000000006,4384.810319647359,5920,0.3435867672663958,0.0,0.5836089065255732,6,3
odds_50plus_score>=0.8_expected>=1000_top2_by_direct_ticket_score,256,268,1.046875,26800,17230,-9570,0.642910447761194,0.42201492537313434,3,0.011194029850746268,0.01171875,0.8097354610682517,0.8000071309701855,54.14664179104477,52.6,4384.09831189069,5920,0.3435867672663958,0.0,0.5836089065255732,6,3
odds_50plus_score>=0.8_expected>=1000_top2_by_direct_expected_return,256,268,1.046875,26800,17230,-9570,0.642910447761194,0.42201492537313434,3,0.011194029850746268,0.01171875,0.8096545441625365,0.8000071309701855,54.16044776119403,52.650000000000006,4384.810319647359,5920,0.3435867672663958,0.0,0.5836089065255732,6,3
odds_50plus_score>=0.8_expected>=1500_top2_by_direct_ticket_score,256,268,1.046875,26800,17230,-9570,0.642910447761194,0.42201492537313434,3,0.011194029850746268,0.01171875,0.8097354610682517,0.8000071309701855,54.14664179104477,52.6,4384.09831189069,5920,0.3435867672663958,0.0,0.5836089065255732,6,3
odds_50plus_score>=0.8_expected>=1500_top2_by_direct_expected_return,256,268,1.046875,26800,17230,-9570,0.642910447761194,0.42201492537313434,3,0.011194029850746268,0.01171875,0.8096545441625365,0.8000071309701855,54.16044776119403,52.650000000000006,4384.810319647359,5920,0.3435867672663958,0.0,0.5836089065255732,6,3
odds_50plus_score>=0.8_expected>=2000_top2_by_direct_ticket_score,256,268,1.046875,26800,17230,-9570,0.642910447761194,0.42201492537313434,3,0.011194029850746268,0.01171875,0.8097354610682517,0.8000071309701855,54.14664179104477,52.6,4384.09831189069,5920,0.3435867672663958,0.0,0.5836089065255732,6,3
odds_50plus_score>=0.8_expected>=2000_top2_by_direct_expected_return,256,268,1.046875,26800,17230,-9570,0.642910447761194,0.42201492537313434,3,0.011194029850746268,0.01171875,0.8096545441625365,0.8000071309701855,54.16044776119403,52.650000000000006,4384.810319647359,5920,0.3435867672663958,0.0,0.5836089065255732,6,3
odds_50plus_score>=0.8_expected>=3000_top2_by_direct_ticket_score,256,268,1.046875,26800,17230,-9570,0.642910447761194,0.42201492537313434,3,0.011194029850746268,0.01171875,0.8097354610682517,0.8000071309701855,54.14664179104477,52.6,4384.09831189069,5920,0.3435867672663958,0.0,0.5836089065255732,6,3
odds_50plus_score>=0.8_expected>=3000_top2_by_direct_expected_return,256,268,1.046875,26800,17230,-9570,0.642910447761194,0.42201492537313434,3,0.011194029850746268,0.01171875,0.8096545441625365,0.8000071309701855,54.16044776119403,52.650000000000006,4384.810319647359,5920,0.3435867672663958,0.0,0.5836089065255732,6,3
odds_50_500_score>=0.8_expected>=0_top3_by_direct_ticket_score,256,270,1.0546875,27000,17230,-9770,0.6381481481481481,0.41888888888888887,3,0.011111111111111112,0.01171875,0.8097305822830274,0.8000071309701855,54.13407407407408,52.6,4383.062047898637,5920,0.3435867672663958,0.0,0.5747989916587478,6,3
odds_50_500_score>=0.8_expected>=0_top5_by_direct_ticket_score,256,270,1.0546875,27000,17230,-9770,0.6381481481481481,0.41888888888888887,3,0.011111111111111112,0.01171875,0.8097305822830274,0.8000071309701855,54.13407407407408,52.6,4383.062047898637,5920,0.3435867672663958,0.0,0.5747989916587478,6,3
odds_50_500_score>=0.8_expected>=0_top10_by_direct_ticket_score,256,270,1.0546875,27000,17230,-9770,0.6381481481481481,0.41888888888888887,3,0.011111111111111112,0.01171875,0.8097305822830274,0.8000071309701855,54.13407407407408,52.6,4383.062047898637,5920,0.3435867672663958,0.0,0.5747989916587478,6,3
odds_50_500_score>=0.8_expected>=0_top3_by_direct_expected_return,256,270,1.0546875,27000,17230,-9770,0.6381481481481481,0.41888888888888887,3,0.011111111111111112,0.01171875,0.8097305822830274,0.8000071309701855,54.13407407407408,52.6,4383.0620478986375,5920,0.3435867672663958,0.0,0.5747989916587478,6,3
odds_50_500_score>=0.8_expected>=0_top5_by_direct_expected_return,256,270,1.0546875,27000,17230,-9770,0.6381481481481481,0.41888888888888887,3,0.011111111111111112,0.01171875,0.8097305822830274,0.8000071309701855,54.13407407407408,52.6,4383.0620478986375,5920,0.3435867672663958,0.0,0.5747989916587478,6,3
odds_50_500_score>=0.8_expected>=0_top10_by_direct_expected_return,256,270,1.0546875,27000,17230,-9770,0.6381481481481481,0.41888888888888887,3,0.011111111111111112,0.01171875,0.8097305822830274,0.8000071309701855,54.13407407407408,52.6,4383.0620478986375,5920,0.3435867672663958,0.0,0.5747989916587478,6,3
odds_50_500_score>=0.8_expected>=500_top3_by_direct_ticket_score,256,270,1.0546875,27000,17230,-9770,0.6381481481481481,0.41888888888888887,3,0.011111111111111112,0.01171875,0.8097305822830274,0.8000071309701855,54.13407407407408,52.6,4383.062047898637,5920,0.3435867672663958,0.0,0.5747989916587478,6,3
odds_50_500_score>=0.8_expected>=500_top5_by_direct_ticket_score,256,270,1.0546875,27000,17230,-9770,0.6381481481481481,0.41888888888888887,3,0.011111111111111112,0.01171875,0.8097305822830274,0.8000071309701855,54.13407407407408,52.6,4383.062047898637,5920,0.3435867672663958,0.0,0.5747989916587478,6,3
odds_50_500_score>=0.8_expected>=500_top10_by_direct_ticket_score,256,270,1.0546875,27000,17230,-9770,0.6381481481481481,0.41888888888888887,3,0.011111111111111112,0.01171875,0.8097305822830274,0.8000071309701855,54.13407407407408,52.6,4383.062047898637,5920,0.3435867672663958,0.0,0.5747989916587478,6,3
odds_50_500_score>=0.8_expected>=500_top3_by_direct_expected_return,256,270,1.0546875,27000,17230,-9770,0.6381481481481481,0.41888888888888887,3,0.011111111111111112,0.01171875,0.8097305822830274,0.8000071309701855,54.13407407407408,52.6,4383.0620478986375,5920,0.3435867672663958,0.0,0.5747989916587478,6,3
odds_50_500_score>=0.8_expected>=500_top5_by_direct_expected_return,256,270,1.0546875,27000,17230,-9770,0.6381481481481481,0.41888888888888887,3,0.011111111111111112,0.01171875,0.8097305822830274,0.8000071309701855,54.13407407407408,52.6,4383.0620478986375,5920,0.3435867672663958,0.0,0.5747989916587478,6,3
odds_50_500_score>=0.8_expected>=500_top10_by_direct_expected_return,256,270,1.0546875,27000,17230,-9770,0.6381481481481481,0.41888888888888887,3,0.011111111111111112,0.01171875,0.8097305822830274,0.8000071309701855,54.13407407407408,52.6,4383.0620478986375,5920,0.3435867672663958,0.0,0.5747989916587478,6,3
odds_50_500_score>=0.8_expected>=1000_top3_by_direct_ticket_score,256,270,1.0546875,27000,17230,-9770,0.6381481481481481,0.41888888888888887,3,0.011111111111111112,0.01171875,0.8097305822830274,0.8000071309701855,54.13407407407408,52.6,4383.062047898637,5920,0.3435867672663958,0.0,0.5747989916587478,6,3
odds_50_500_score>=0.8_expected>=1000_top5_by_direct_ticket_score,256,270,1.0546875,27000,17230,-9770,0.6381481481481481,0.41888888888888887,3,0.011111111111111112,0.01171875,0.8097305822830274,0.8000071309701855,54.13407407407408,52.6,4383.062047898637,5920,0.3435867672663958,0.0,0.5747989916587478,6,3
odds_50_500_score>=0.8_expected>=1000_top10_by_direct_ticket_score,256,270,1.0546875,27000,17230,-9770,0.6381481481481481,0.41888888888888887,3,0.011111111111111112,0.01171875,0.8097305822830274,0.8000071309701855,54.13407407407408,52.6,4383.062047898637,5920,0.3435867672663958,0.0,0.5747989916587478,6,3
odds_50_500_score>=0.8_expected>=1000_top3_by_direct_expected_return,256,270,1.0546875,27000,17230,-9770,0.6381481481481481,0.41888888888888887,3,0.011111111111111112,0.01171875,0.8097305822830274,0.8000071309701855,54.13407407407408,52.6,4383.0620478986375,5920,0.3435867672663958,0.0,0.5747989916587478,6,3
odds_50_500_score>=0.8_expected>=1000_top5_by_direct_expected_return,256,270,1.0546875,27000,17230,-9770,0.6381481481481481,0.41888888888888887,3,0.011111111111111112,0.01171875,0.8097305822830274,0.8000071309701855,54.13407407407408,52.6,4383.0620478986375,5920,0.3435867672663958,0.0,0.5747989916587478,6,3
odds_50_500_score>=0.8_expected>=1000_top10_by_direct_expected_return,256,270,1.0546875,27000,17230,-9770,0.6381481481481481,0.41888888888888887,3,0.011111111111111112,0.01171875,0.8097305822830274,0.8000071309701855,54.13407407407408,52.6,4383.0620478986375,5920,0.3435867672663958,0.0,0.5747989916587478,6,3
odds_50_500_score>=0.8_expected>=1500_top3_by_direct_ticket_score,256,270,1.0546875,27000,17230,-9770,0.6381481481481481,0.41888888888888887,3,0.011111111111111112,0.01171875,0.8097305822830274,0.8000071309701855,54.13407407407408,52.6,4383.062047898637,5920,0.3435867672663958,0.0,0.5747989916587478,6,3
odds_50_500_score>=0.8_expected>=1500_top5_by_direct_ticket_score,256,270,1.0546875,27000,17230,-9770,0.6381481481481481,0.41888888888888887,3,0.011111111111111112,0.01171875,0.8097305822830274,0.8000071309701855,54.13407407407408,52.6,4383.062047898637,5920,0.3435867672663958,0.0,0.5747989916587478,6,3
odds_50_500_score>=0.8_expected>=1500_top10_by_direct_ticket_score,256,270,1.0546875,27000,17230,-9770,0.6381481481481481,0.41888888888888887,3,0.011111111111111112,0.01171875,0.8097305822830274,0.8000071309701855,54.13407407407408,52.6,4383.062047898637,5920,0.3435867672663958,0.0,0.5747989916587478,6,3
odds_50_500_score>=0.8_expected>=1500_top3_by_direct_expected_return,256,270,1.0546875,27000,17230,-9770,0.6381481481481481,0.41888888888888887,3,0.011111111111111112,0.01171875,0.8097305822830274,0.8000071309701855,54.13407407407408,52.6,4383.0620478986375,5920,0.3435867672663958,0.0,0.5747989916587478,6,3
odds_50_500_score>=0.8_expected>=1500_top5_by_direct_expected_return,256,270,1.0546875,27000,17230,-9770,0.6381481481481481,0.41888888888888887,3,0.011111111111111112,0.01171875,0.8097305822830274,0.8000071309701855,54.13407407407408,52.6,4383.0620478986375,5920,0.3435867672663958,0.0,0.5747989916587478,6,3
odds_50_500_score>=0.8_expected>=1500_top10_by_direct_expected_return,256,270,1.0546875,27000,17230,-9770,0.6381481481481481,0.41888888888888887,3,0.011111111111111112,0.01171875,0.8097305822830274,0.8000071309701855,54.13407407407408,52.6,4383.0620478986375,5920,0.3435867672663958,0.0,0.5747989916587478,6,3
odds_50_500_score>=0.8_expected>=2000_top3_by_direct_ticket_score,256,270,1.0546875,27000,17230,-9770,0.6381481481481481,0.41888888888888887,3,0.011111111111111112,0.01171875,0.8097305822830274,0.8000071309701855,54.13407407407408,52.6,4383.062047898637,5920,0.3435867672663958,0.0,0.5747989916587478,6,3
odds_50_500_score>=0.8_expected>=2000_top5_by_direct_ticket_score,256,270,1.0546875,27000,17230,-9770,0.6381481481481481,0.41888888888888887,3,0.011111111111111112,0.01171875,0.8097305822830274,0.8000071309701855,54.13407407407408,52.6,4383.062047898637,5920,0.3435867672663958,0.0,0.5747989916587478,6,3
odds_50_500_score>=0.8_expected>=2000_top10_by_direct_ticket_score,256,270,1.0546875,27000,17230,-9770,0.6381481481481481,0.41888888888888887,3,0.011111111111111112,0.01171875,0.8097305822830274,0.8000071309701855,54.13407407407408,52.6,4383.062047898637,5920,0.3435867672663958,0.0,0.5747989916587478,6,3
odds_50_500_score>=0.8_expected>=2000_top3_by_direct_expected_return,256,270,1.0546875,27000,17230,-9770,0.6381481481481481,0.41888888888888887,3,0.011111111111111112,0.01171875,0.8097305822830274,0.8000071309701855,54.13407407407408,52.6,4383.0620478986375,5920,0.3435867672663958,0.0,0.5747989916587478,6,3
odds_50_500_score>=0.8_expected>=2000_top5_by_direct_expected_return,256,270,1.0546875,27000,17230,-9770,0.6381481481481481,0.41888888888888887,3,0.011111111111111112,0.01171875,0.8097305822830274,0.8000071309701855,54.13407407407408,52.6,4383.0620478986375,5920,0.3435867672663958,0.0,0.5747989916587478,6,3
odds_50_500_score>=0.8_expected>=2000_top10_by_direct_expected_return,256,270,1.0546875,27000,17230,-9770,0.6381481481481481,0.41888888888888887,3,0.011111111111111112,0.01171875,0.8097305822830274,0.8000071309701855,54.13407407407408,52.6,4383.0620478986375,5920,0.3435867672663958,0.0,0.5747989916587478,6,3
odds_50_500_score>=0.8_expected>=3000_top3_by_direct_ticket_score,256,270,1.0546875,27000,17230,-9770,0.6381481481481481,0.41888888888888887,3,0.011111111111111112,0.01171875,0.8097305822830274,0.8000071309701855,54.13407407407408,52.6,4383.062047898637,5920,0.3435867672663958,0.0,0.5747989916587478,6,3
odds_50_500_score>=0.8_expected>=3000_top5_by_direct_ticket_score,256,270,1.0546875,27000,17230,-9770,0.6381481481481481,0.41888888888888887,3,0.011111111111111112,0.01171875,0.8097305822830274,0.8000071309701855,54.13407407407408,52.6,4383.062047898637,5920,0.3435867672663958,0.0,0.5747989916587478,6,3
odds_50_500_score>=0.8_expected>=3000_top10_by_direct_ticket_score,256,270,1.0546875,27000,17230,-9770,0.6381481481481481,0.41888888888888887,3,0.011111111111111112,0.01171875,0.8097305822830274,0.8000071309701855,54.13407407407408,52.6,4383.062047898637,5920,0.3435867672663958,0.0,0.5747989916587478,6,3
odds_50_500_score>=0.8_expected>=3000_top3_by_direct_expected_return,256,270,1.0546875,27000,17230,-9770,0.6381481481481481,0.41888888888888887,3,0.011111111111111112,0.01171875,0.8097305822830274,0.8000071309701855,54.13407407407408,52.6,4383.0620478986375,5920,0.3435867672663958,0.0,0.5747989916587478,6,3
odds_50_500_score>=0.8_expected>=3000_top5_by_direct_expected_return,256,270,1.0546875,27000,17230,-9770,0.6381481481481481,0.41888888888888887,3,0.011111111111111112,0.01171875,0.8097305822830274,0.8000071309701855,54.13407407407408,52.6,4383.0620478986375,5920,0.3435867672663958,0.0,0.5747989916587478,6,3
odds_50_500_score>=0.8_expected>=3000_top10_by_direct_expected_return,256,270,1.0546875,27000,17230,-9770,0.6381481481481481,0.41888888888888887,3,0.011111111111111112,0.01171875,0.8097305822830274,0.8000071309701855,54.13407407407408,52.6,4383.0620478986375,5920,0.3435867672663958,0.0,0.5747989916587478,6,3
odds_50_1000_score>=0.8_expected>=0_top3_by_direct_ticket_score,256,270,1.0546875,27000,17230,-9770,0.6381481481481481,0.41888888888888887,3,0.011111111111111112,0.01171875,0.8097305822830274,0.8000071309701855,54.13407407407408,52.6,4383.062047898637,5920,0.3435867672663958,0.0,0.5747989916587478,6,3
odds_50_1000_score>=0.8_expected>=0_top5_by_direct_ticket_score,256,270,1.0546875,27000,17230,-9770,0.6381481481481481,0.41888888888888887,3,0.011111111111111112,0.01171875,0.8097305822830274,0.8000071309701855,54.13407407407408,52.6,4383.062047898637,5920,0.3435867672663958,0.0,0.5747989916587478,6,3
odds_50_1000_score>=0.8_expected>=0_top10_by_direct_ticket_score,256,270,1.0546875,27000,17230,-9770,0.6381481481481481,0.41888888888888887,3,0.011111111111111112,0.01171875,0.8097305822830274,0.8000071309701855,54.13407407407408,52.6,4383.062047898637,5920,0.3435867672663958,0.0,0.5747989916587478,6,3
odds_50_1000_score>=0.8_expected>=0_top3_by_direct_expected_return,256,270,1.0546875,27000,17230,-9770,0.6381481481481481,0.41888888888888887,3,0.011111111111111112,0.01171875,0.8097305822830274,0.8000071309701855,54.13407407407408,52.6,4383.0620478986375,5920,0.3435867672663958,0.0,0.5747989916587478,6,3
odds_50_1000_score>=0.8_expected>=0_top5_by_direct_expected_return,256,270,1.0546875,27000,17230,-9770,0.6381481481481481,0.41888888888888887,3,0.011111111111111112,0.01171875,0.8097305822830274,0.8000071309701855,54.13407407407408,52.6,4383.0620478986375,5920,0.3435867672663958,0.0,0.5747989916587478,6,3
odds_50_1000_score>=0.8_expected>=0_top10_by_direct_expected_return,256,270,1.0546875,27000,17230,-9770,0.6381481481481481,0.41888888888888887,3,0.011111111111111112,0.01171875,0.8097305822830274,0.8000071309701855,54.13407407407408,52.6,4383.0620478986375,5920,0.3435867672663958,0.0,0.5747989916587478,6,3
odds_50_1000_score>=0.8_expected>=500_top3_by_direct_ticket_score,256,270,1.0546875,27000,17230,-9770,0.6381481481481481,0.41888888888888887,3,0.011111111111111112,0.01171875,0.8097305822830274,0.8000071309701855,54.13407407407408,52.6,4383.062047898637,5920,0.3435867672663958,0.0,0.5747989916587478,6,3
odds_50_1000_score>=0.8_expected>=500_top5_by_direct_ticket_score,256,270,1.0546875,27000,17230,-9770,0.6381481481481481,0.41888888888888887,3,0.011111111111111112,0.01171875,0.8097305822830274,0.8000071309701855,54.13407407407408,52.6,4383.062047898637,5920,0.3435867672663958,0.0,0.5747989916587478,6,3
odds_50_1000_score>=0.8_expected>=500_top10_by_direct_ticket_score,256,270,1.0546875,27000,17230,-9770,0.6381481481481481,0.41888888888888887,3,0.011111111111111112,0.01171875,0.8097305822830274,0.8000071309701855,54.13407407407408,52.6,4383.062047898637,5920,0.3435867672663958,0.0,0.5747989916587478,6,3
odds_50_1000_score>=0.8_expected>=500_top3_by_direct_expected_return,256,270,1.0546875,27000,17230,-9770,0.6381481481481481,0.41888888888888887,3,0.011111111111111112,0.01171875,0.8097305822830274,0.8000071309701855,54.13407407407408,52.6,4383.0620478986375,5920,0.3435867672663958,0.0,0.5747989916587478,6,3
odds_50_1000_score>=0.8_expected>=500_top5_by_direct_expected_return,256,270,1.0546875,27000,17230,-9770,0.6381481481481481,0.41888888888888887,3,0.011111111111111112,0.01171875,0.8097305822830274,0.8000071309701855,54.13407407407408,52.6,4383.0620478986375,5920,0.3435867672663958,0.0,0.5747989916587478,6,3
odds_50_1000_score>=0.8_expected>=500_top10_by_direct_expected_return,256,270,1.0546875,27000,17230,-9770,0.6381481481481481,0.41888888888888887,3,0.011111111111111112,0.01171875,0.8097305822830274,0.8000071309701855,54.13407407407408,52.6,4383.0620478986375,5920,0.3435867672663958,0.0,0.5747989916587478,6,3
odds_50_1000_score>=0.8_expected>=1000_top3_by_direct_ticket_score,256,270,1.0546875,27000,17230,-9770,0.6381481481481481,0.41888888888888887,3,0.011111111111111112,0.01171875,0.8097305822830274,0.8000071309701855,54.13407407407408,52.6,4383.062047898637,5920,0.3435867672663958,0.0,0.5747989916587478,6,3
odds_50_1000_score>=0.8_expected>=1000_top5_by_direct_ticket_score,256,270,1.0546875,27000,17230,-9770,0.6381481481481481,0.41888888888888887,3,0.011111111111111112,0.01171875,0.8097305822830274,0.8000071309701855,54.13407407407408,52.6,4383.062047898637,5920,0.3435867672663958,0.0,0.5747989916587478,6,3
odds_50_1000_score>=0.8_expected>=1000_top10_by_direct_ticket_score,256,270,1.0546875,27000,17230,-9770,0.6381481481481481,0.41888888888888887,3,0.011111111111111112,0.01171875,0.8097305822830274,0.8000071309701855,54.13407407407408,52.6,4383.062047898637,5920,0.3435867672663958,0.0,0.5747989916587478,6,3
odds_50_1000_score>=0.8_expected>=1000_top3_by_direct_expected_return,256,270,1.0546875,27000,17230,-9770,0.6381481481481481,0.41888888888888887,3,0.011111111111111112,0.01171875,0.8097305822830274,0.8000071309701855,54.13407407407408,52.6,4383.0620478986375,5920,0.3435867672663958,0.0,0.5747989916587478,6,3
odds_50_1000_score>=0.8_expected>=1000_top5_by_direct_expected_return,256,270,1.0546875,27000,17230,-9770,0.6381481481481481,0.41888888888888887,3,0.011111111111111112,0.01171875,0.8097305822830274,0.8000071309701855,54.13407407407408,52.6,4383.0620478986375,5920,0.3435867672663958,0.0,0.5747989916587478,6,3
odds_50_1000_score>=0.8_expected>=1000_top10_by_direct_expected_return,256,270,1.0546875,27000,17230,-9770,0.6381481481481481,0.41888888888888887,3,0.011111111111111112,0.01171875,0.8097305822830274,0.8000071309701855,54.13407407407408,52.6,4383.0620478986375,5920,0.3435867672663958,0.0,0.5747989916587478,6,3
odds_50_1000_score>=0.8_expected>=1500_top3_by_direct_ticket_score,256,270,1.0546875,27000,17230,-9770,0.6381481481481481,0.41888888888888887,3,0.011111111111111112,0.01171875,0.8097305822830274,0.8000071309701855,54.13407407407408,52.6,4383.062047898637,5920,0.3435867672663958,0.0,0.5747989916587478,6,3
odds_50_1000_score>=0.8_expected>=1500_top5_by_direct_ticket_score,256,270,1.0546875,27000,17230,-9770,0.6381481481481481,0.41888888888888887,3,0.011111111111111112,0.01171875,0.8097305822830274,0.8000071309701855,54.13407407407408,52.6,4383.062047898637,5920,0.3435867672663958,0.0,0.5747989916587478,6,3
odds_50_1000_score>=0.8_expected>=1500_top10_by_direct_ticket_score,256,270,1.0546875,27000,17230,-9770,0.6381481481481481,0.41888888888888887,3,0.011111111111111112,0.01171875,0.8097305822830274,0.8000071309701855,54.13407407407408,52.6,4383.062047898637,5920,0.3435867672663958,0.0,0.5747989916587478,6,3
odds_50_1000_score>=0.8_expected>=1500_top3_by_direct_expected_return,256,270,1.0546875,27000,17230,-9770,0.6381481481481481,0.41888888888888887,3,0.011111111111111112,0.01171875,0.8097305822830274,0.8000071309701855,54.13407407407408,52.6,4383.0620478986375,5920,0.3435867672663958,0.0,0.5747989916587478,6,3
odds_50_1000_score>=0.8_expected>=1500_top5_by_direct_expected_return,256,270,1.0546875,27000,17230,-9770,0.6381481481481481,0.41888888888888887,3,0.011111111111111112,0.01171875,0.8097305822830274,0.8000071309701855,54.13407407407408,52.6,4383.0620478986375,5920,0.3435867672663958,0.0,0.5747989916587478,6,3
odds_50_1000_score>=0.8_expected>=1500_top10_by_direct_expected_return,256,270,1.0546875,27000,17230,-9770,0.6381481481481481,0.41888888888888887,3,0.011111111111111112,0.01171875,0.8097305822830274,0.8000071309701855,54.13407407407408,52.6,4383.0620478986375,5920,0.3435867672663958,0.0,0.5747989916587478,6,3
odds_50_1000_score>=0.8_expected>=2000_top3_by_direct_ticket_score,256,270,1.0546875,27000,17230,-9770,0.6381481481481481,0.41888888888888887,3,0.011111111111111112,0.01171875,0.8097305822830274,0.8000071309701855,54.13407407407408,52.6,4383.062047898637,5920,0.3435867672663958,0.0,0.5747989916587478,6,3
odds_50_1000_score>=0.8_expected>=2000_top5_by_direct_ticket_score,256,270,1.0546875,27000,17230,-9770,0.6381481481481481,0.41888888888888887,3,0.011111111111111112,0.01171875,0.8097305822830274,0.8000071309701855,54.13407407407408,52.6,4383.062047898637,5920,0.3435867672663958,0.0,0.5747989916587478,6,3
odds_50_1000_score>=0.8_expected>=2000_top10_by_direct_ticket_score,256,270,1.0546875,27000,17230,-9770,0.6381481481481481,0.41888888888888887,3,0.011111111111111112,0.01171875,0.8097305822830274,0.8000071309701855,54.13407407407408,52.6,4383.062047898637,5920,0.3435867672663958,0.0,0.5747989916587478,6,3
odds_50_1000_score>=0.8_expected>=2000_top3_by_direct_expected_return,256,270,1.0546875,27000,17230,-9770,0.6381481481481481,0.41888888888888887,3,0.011111111111111112,0.01171875,0.8097305822830274,0.8000071309701855,54.13407407407408,52.6,4383.0620478986375,5920,0.3435867672663958,0.0,0.5747989916587478,6,3
odds_50_1000_score>=0.8_expected>=2000_top5_by_direct_expected_return,256,270,1.0546875,27000,17230,-9770,0.6381481481481481,0.41888888888888887,3,0.011111111111111112,0.01171875,0.8097305822830274,0.8000071309701855,54.13407407407408,52.6,4383.0620478986375,5920,0.3435867672663958,0.0,0.5747989916587478,6,3
odds_50_1000_score>=0.8_expected>=2000_top10_by_direct_expected_return,256,270,1.0546875,27000,17230,-9770,0.6381481481481481,0.41888888888888887,3,0.011111111111111112,0.01171875,0.8097305822830274,0.8000071309701855,54.13407407407408,52.6,4383.0620478986375,5920,0.3435867672663958,0.0,0.5747989916587478,6,3
odds_50_1000_score>=0.8_expected>=3000_top3_by_direct_ticket_score,256,270,1.0546875,27000,17230,-9770,0.6381481481481481,0.41888888888888887,3,0.011111111111111112,0.01171875,0.8097305822830274,0.8000071309701855,54.13407407407408,52.6,4383.062047898637,5920,0.3435867672663958,0.0,0.5747989916587478,6,3
odds_50_1000_score>=0.8_expected>=3000_top5_by_direct_ticket_score,256,270,1.0546875,27000,17230,-9770,0.6381481481481481,0.41888888888888887,3,0.011111111111111112,0.01171875,0.8097305822830274,0.8000071309701855,54.13407407407408,52.6,4383.062047898637,5920,0.3435867672663958,0.0,0.5747989916587478,6,3
odds_50_1000_score>=0.8_expected>=3000_top10_by_direct_ticket_score,256,270,1.0546875,27000,17230,-9770,0.6381481481481481,0.41888888888888887,3,0.011111111111111112,0.01171875,0.8097305822830274,0.8000071309701855,54.13407407407408,52.6,4383.062047898637,5920,0.3435867672663958,0.0,0.5747989916587478,6,3
odds_50_1000_score>=0.8_expected>=3000_top3_by_direct_expected_return,256,270,1.0546875,27000,17230,-9770,0.6381481481481481,0.41888888888888887,3,0.011111111111111112,0.01171875,0.8097305822830274,0.8000071309701855,54.13407407407408,52.6,4383.0620478986375,5920,0.3435867672663958,0.0,0.5747989916587478,6,3
odds_50_1000_score>=0.8_expected>=3000_top5_by_direct_expected_return,256,270,1.0546875,27000,17230,-9770,0.6381481481481481,0.41888888888888887,3,0.011111111111111112,0.01171875,0.8097305822830274,0.8000071309701855,54.13407407407408,52.6,4383.0620478986375,5920,0.3435867672663958,0.0,0.5747989916587478,6,3
odds_50_1000_score>=0.8_expected>=3000_top10_by_direct_expected_return,256,270,1.0546875,27000,17230,-9770,0.6381481481481481,0.41888888888888887,3,0.011111111111111112,0.01171875,0.8097305822830274,0.8000071309701855,54.13407407407408,52.6,4383.0620478986375,5920,0.3435867672663958,0.0,0.5747989916587478,6,3
odds_50plus_score>=0.8_expected>=0_top3_by_direct_ticket_score,256,270,1.0546875,27000,17230,-9770,0.6381481481481481,0.41888888888888887,3,0.011111111111111112,0.01171875,0.8097305822830274,0.8000071309701855,54.13407407407408,52.6,4383.062047898637,5920,0.3435867672663958,0.0,0.5747989916587478,6,3
odds_50plus_score>=0.8_expected>=0_top5_by_direct_ticket_score,256,270,1.0546875,27000,17230,-9770,0.6381481481481481,0.41888888888888887,3,0.011111111111111112,0.01171875,0.8097305822830274,0.8000071309701855,54.13407407407408,52.6,4383.062047898637,5920,0.3435867672663958,0.0,0.5747989916587478,6,3
odds_50plus_score>=0.8_expected>=0_top10_by_direct_ticket_score,256,270,1.0546875,27000,17230,-9770,0.6381481481481481,0.41888888888888887,3,0.011111111111111112,0.01171875,0.8097305822830274,0.8000071309701855,54.13407407407408,52.6,4383.062047898637,5920,0.3435867672663958,0.0,0.5747989916587478,6,3
odds_50plus_score>=0.8_expected>=0_top3_by_direct_expected_return,256,270,1.0546875,27000,17230,-9770,0.6381481481481481,0.41888888888888887,3,0.011111111111111112,0.01171875,0.8097305822830274,0.8000071309701855,54.13407407407408,52.6,4383.0620478986375,5920,0.3435867672663958,0.0,0.5747989916587478,6,3
odds_50plus_score>=0.8_expected>=0_top5_by_direct_expected_return,256,270,1.0546875,27000,17230,-9770,0.6381481481481481,0.41888888888888887,3,0.011111111111111112,0.01171875,0.8097305822830274,0.8000071309701855,54.13407407407408,52.6,4383.0620478986375,5920,0.3435867672663958,0.0,0.5747989916587478,6,3
odds_50plus_score>=0.8_expected>=0_top10_by_direct_expected_return,256,270,1.0546875,27000,17230,-9770,0.6381481481481481,0.41888888888888887,3,0.011111111111111112,0.01171875,0.8097305822830274,0.8000071309701855,54.13407407407408,52.6,4383.0620478986375,5920,0.3435867672663958,0.0,0.5747989916587478,6,3
odds_50plus_score>=0.8_expected>=500_top3_by_direct_ticket_score,256,270,1.0546875,27000,17230,-9770,0.6381481481481481,0.41888888888888887,3,0.011111111111111112,0.01171875,0.8097305822830274,0.8000071309701855,54.13407407407408,52.6,4383.062047898637,5920,0.3435867672663958,0.0,0.5747989916587478,6,3
odds_50plus_score>=0.8_expected>=500_top5_by_direct_ticket_score,256,270,1.0546875,27000,17230,-9770,0.6381481481481481,0.41888888888888887,3,0.011111111111111112,0.01171875,0.8097305822830274,0.8000071309701855,54.13407407407408,52.6,4383.062047898637,5920,0.3435867672663958,0.0,0.5747989916587478,6,3
odds_50plus_score>=0.8_expected>=500_top10_by_direct_ticket_score,256,270,1.0546875,27000,17230,-9770,0.6381481481481481,0.41888888888888887,3,0.011111111111111112,0.01171875,0.8097305822830274,0.8000071309701855,54.13407407407408,52.6,4383.062047898637,5920,0.3435867672663958,0.0,0.5747989916587478,6,3
odds_50plus_score>=0.8_expected>=500_top3_by_direct_expected_return,256,270,1.0546875,27000,17230,-9770,0.6381481481481481,0.41888888888888887,3,0.011111111111111112,0.01171875,0.8097305822830274,0.8000071309701855,54.13407407407408,52.6,4383.0620478986375,5920,0.3435867672663958,0.0,0.5747989916587478,6,3
odds_50plus_score>=0.8_expected>=500_top5_by_direct_expected_return,256,270,1.0546875,27000,17230,-9770,0.6381481481481481,0.41888888888888887,3,0.011111111111111112,0.01171875,0.8097305822830274,0.8000071309701855,54.13407407407408,52.6,4383.0620478986375,5920,0.3435867672663958,0.0,0.5747989916587478,6,3
odds_50plus_score>=0.8_expected>=500_top10_by_direct_expected_return,256,270,1.0546875,27000,17230,-9770,0.6381481481481481,0.41888888888888887,3,0.011111111111111112,0.01171875,0.8097305822830274,0.8000071309701855,54.13407407407408,52.6,4383.0620478986375,5920,0.3435867672663958,0.0,0.5747989916587478,6,3
odds_50plus_score>=0.8_expected>=1000_top3_by_direct_ticket_score,256,270,1.0546875,27000,17230,-9770,0.6381481481481481,0.41888888888888887,3,0.011111111111111112,0.01171875,0.8097305822830274,0.8000071309701855,54.13407407407408,52.6,4383.062047898637,5920,0.3435867672663958,0.0,0.5747989916587478,6,3
odds_50plus_score>=0.8_expected>=1000_top5_by_direct_ticket_score,256,270,1.0546875,27000,17230,-9770,0.6381481481481481,0.41888888888888887,3,0.011111111111111112,0.01171875,0.8097305822830274,0.8000071309701855,54.13407407407408,52.6,4383.062047898637,5920,0.3435867672663958,0.0,0.5747989916587478,6,3
odds_50plus_score>=0.8_expected>=1000_top10_by_direct_ticket_score,256,270,1.0546875,27000,17230,-9770,0.6381481481481481,0.41888888888888887,3,0.011111111111111112,0.01171875,0.8097305822830274,0.8000071309701855,54.13407407407408,52.6,4383.062047898637,5920,0.3435867672663958,0.0,0.5747989916587478,6,3
odds_50plus_score>=0.8_expected>=1000_top3_by_direct_expected_return,256,270,1.0546875,27000,17230,-9770,0.6381481481481481,0.41888888888888887,3,0.011111111111111112,0.01171875,0.8097305822830274,0.8000071309701855,54.13407407407408,52.6,4383.0620478986375,5920,0.3435867672663958,0.0,0.5747989916587478,6,3
odds_50plus_score>=0.8_expected>=1000_top5_by_direct_expected_return,256,270,1.0546875,27000,17230,-9770,0.6381481481481481,0.41888888888888887,3,0.011111111111111112,0.01171875,0.8097305822830274,0.8000071309701855,54.13407407407408,52.6,4383.0620478986375,5920,0.3435867672663958,0.0,0.5747989916587478,6,3
odds_50plus_score>=0.8_expected>=1000_top10_by_direct_expected_return,256,270,1.0546875,27000,17230,-9770,0.6381481481481481,0.41888888888888887,3,0.011111111111111112,0.01171875,0.8097305822830274,0.8000071309701855,54.13407407407408,52.6,4383.0620478986375,5920,0.3435867672663958,0.0,0.5747989916587478,6,3
odds_50plus_score>=0.8_expected>=1500_top3_by_direct_ticket_score,256,270,1.0546875,27000,17230,-9770,0.6381481481481481,0.41888888888888887,3,0.011111111111111112,0.01171875,0.8097305822830274,0.8000071309701855,54.13407407407408,52.6,4383.062047898637,5920,0.3435867672663958,0.0,0.5747989916587478,6,3
odds_50plus_score>=0.8_expected>=1500_top5_by_direct_ticket_score,256,270,1.0546875,27000,17230,-9770,0.6381481481481481,0.41888888888888887,3,0.011111111111111112,0.01171875,0.8097305822830274,0.8000071309701855,54.13407407407408,52.6,4383.062047898637,5920,0.3435867672663958,0.0,0.5747989916587478,6,3
odds_50plus_score>=0.8_expected>=1500_top10_by_direct_ticket_score,256,270,1.0546875,27000,17230,-9770,0.6381481481481481,0.41888888888888887,3,0.011111111111111112,0.01171875,0.8097305822830274,0.8000071309701855,54.13407407407408,52.6,4383.062047898637,5920,0.3435867672663958,0.0,0.5747989916587478,6,3
odds_50plus_score>=0.8_expected>=1500_top3_by_direct_expected_return,256,270,1.0546875,27000,17230,-9770,0.6381481481481481,0.41888888888888887,3,0.011111111111111112,0.01171875,0.8097305822830274,0.8000071309701855,54.13407407407408,52.6,4383.0620478986375,5920,0.3435867672663958,0.0,0.5747989916587478,6,3
odds_50plus_score>=0.8_expected>=1500_top5_by_direct_expected_return,256,270,1.0546875,27000,17230,-9770,0.6381481481481481,0.41888888888888887,3,0.011111111111111112,0.01171875,0.8097305822830274,0.8000071309701855,54.13407407407408,52.6,4383.0620478986375,5920,0.3435867672663958,0.0,0.5747989916587478,6,3
odds_50plus_score>=0.8_expected>=1500_top10_by_direct_expected_return,256,270,1.0546875,27000,17230,-9770,0.6381481481481481,0.41888888888888887,3,0.011111111111111112,0.01171875,0.8097305822830274,0.8000071309701855,54.13407407407408,52.6,4383.0620478986375,5920,0.3435867672663958,0.0,0.5747989916587478,6,3
odds_50plus_score>=0.8_expected>=2000_top3_by_direct_ticket_score,256,270,1.0546875,27000,17230,-9770,0.6381481481481481,0.41888888888888887,3,0.011111111111111112,0.01171875,0.8097305822830274,0.8000071309701855,54.13407407407408,52.6,4383.062047898637,5920,0.3435867672663958,0.0,0.5747989916587478,6,3
odds_50plus_score>=0.8_expected>=2000_top5_by_direct_ticket_score,256,270,1.0546875,27000,17230,-9770,0.6381481481481481,0.41888888888888887,3,0.011111111111111112,0.01171875,0.8097305822830274,0.8000071309701855,54.13407407407408,52.6,4383.062047898637,5920,0.3435867672663958,0.0,0.5747989916587478,6,3
odds_50plus_score>=0.8_expected>=2000_top10_by_direct_ticket_score,256,270,1.0546875,27000,17230,-9770,0.6381481481481481,0.41888888888888887,3,0.011111111111111112,0.01171875,0.8097305822830274,0.8000071309701855,54.13407407407408,52.6,4383.062047898637,5920,0.3435867672663958,0.0,0.5747989916587478,6,3
odds_50plus_score>=0.8_expected>=2000_top3_by_direct_expected_return,256,270,1.0546875,27000,17230,-9770,0.6381481481481481,0.41888888888888887,3,0.011111111111111112,0.01171875,0.8097305822830274,0.8000071309701855,54.13407407407408,52.6,4383.0620478986375,5920,0.3435867672663958,0.0,0.5747989916587478,6,3
odds_50plus_score>=0.8_expected>=2000_top5_by_direct_expected_return,256,270,1.0546875,27000,17230,-9770,0.6381481481481481,0.41888888888888887,3,0.011111111111111112,0.01171875,0.8097305822830274,0.8000071309701855,54.13407407407408,52.6,4383.0620478986375,5920,0.3435867672663958,0.0,0.5747989916587478,6,3
odds_50plus_score>=0.8_expected>=2000_top10_by_direct_expected_return,256,270,1.0546875,27000,17230,-9770,0.6381481481481481,0.41888888888888887,3,0.011111111111111112,0.01171875,0.8097305822830274,0.8000071309701855,54.13407407407408,52.6,4383.0620478986375,5920,0.3435867672663958,0.0,0.5747989916587478,6,3
odds_50plus_score>=0.8_expected>=3000_top3_by_direct_ticket_score,256,270,1.0546875,27000,17230,-9770,0.6381481481481481,0.41888888888888887,3,0.011111111111111112,0.01171875,0.8097305822830274,0.8000071309701855,54.13407407407408,52.6,4383.062047898637,5920,0.3435867672663958,0.0,0.5747989916587478,6,3
odds_50plus_score>=0.8_expected>=3000_top5_by_direct_ticket_score,256,270,1.0546875,27000,17230,-9770,0.6381481481481481,0.41888888888888887,3,0.011111111111111112,0.01171875,0.8097305822830274,0.8000071309701855,54.13407407407408,52.6,4383.062047898637,5920,0.3435867672663958,0.0,0.5747989916587478,6,3
odds_50plus_score>=0.8_expected>=3000_top10_by_direct_ticket_score,256,270,1.0546875,27000,17230,-9770,0.6381481481481481,0.41888888888888887,3,0.011111111111111112,0.01171875,0.8097305822830274,0.8000071309701855,54.13407407407408,52.6,4383.062047898637,5920,0.3435867672663958,0.0,0.5747989916587478,6,3
odds_50plus_score>=0.8_expected>=3000_top3_by_direct_expected_return,256,270,1.0546875,27000,17230,-9770,0.6381481481481481,0.41888888888888887,3,0.011111111111111112,0.01171875,0.8097305822830274,0.8000071309701855,54.13407407407408,52.6,4383.0620478986375,5920,0.3435867672663958,0.0,0.5747989916587478,6,3
odds_50plus_score>=0.8_expected>=3000_top5_by_direct_expected_return,256,270,1.0546875,27000,17230,-9770,0.6381481481481481,0.41888888888888887,3,0.011111111111111112,0.01171875,0.8097305822830274,0.8000071309701855,54.13407407407408,52.6,4383.0620478986375,5920,0.3435867672663958,0.0,0.5747989916587478,6,3
odds_50plus_score>=0.8_expected>=3000_top10_by_direct_expected_return,256,270,1.0546875,27000,17230,-9770,0.6381481481481481,0.41888888888888887,3,0.011111111111111112,0.01171875,0.8097305822830274,0.8000071309701855,54.13407407407408,52.6,4383.0620478986375,5920,0.3435867672663958,0.0,0.5747989916587478,6,3
odds_30_500_score>=0.8_expected>=5000_top1_by_direct_ticket_score,19,19,1.0,1900,0,-1900,0.0,0.0,0,0.0,0.0,0.8115933855078573,0.8000362375774834,64.71578947368421,64.7,5251.776660083141,0,0.0,0.0,0.0,6,0
odds_30_500_score>=0.8_expected>=5000_top2_by_direct_ticket_score,19,20,1.0526315789473684,2000,0,-2000,0.0,0.0,0,0.0,0.0,0.8110954860985531,0.8000362375774834,64.865,64.85,5260.541409072404,0,0.0,0.0,0.0,6,0
odds_30_500_score>=0.8_expected>=5000_top3_by_direct_ticket_score,19,20,1.0526315789473684,2000,0,-2000,0.0,0.0,0,0.0,0.0,0.8110954860985531,0.8000362375774834,64.865,64.85,5260.541409072404,0,0.0,0.0,0.0,6,0
odds_30_500_score>=0.8_expected>=5000_top5_by_direct_ticket_score,19,20,1.0526315789473684,2000,0,-2000,0.0,0.0,0,0.0,0.0,0.8110954860985531,0.8000362375774834,64.865,64.85,5260.541409072404,0,0.0,0.0,0.0,6,0
odds_30_500_score>=0.8_expected>=5000_top10_by_direct_ticket_score,19,20,1.0526315789473684,2000,0,-2000,0.0,0.0,0,0.0,0.0,0.8110954860985531,0.8000362375774834,64.865,64.85,5260.541409072404,0,0.0,0.0,0.0,6,0
odds_30_500_score>=0.8_expected>=5000_top1_by_direct_expected_return,19,19,1.0,1900,0,-1900,0.0,0.0,0,0.0,0.0,0.8111662474710984,0.8000362375774834,64.81052631578947,64.7,5256.556261027107,0,0.0,0.0,0.0,6,0
odds_30_500_score>=0.8_expected>=5000_top2_by_direct_expected_return,19,20,1.0526315789473684,2000,0,-2000,0.0,0.0,0,0.0,0.0,0.8110954860985531,0.8000362375774834,64.865,64.85,5260.541409072404,0,0.0,0.0,0.0,6,0
odds_30_500_score>=0.8_expected>=5000_top3_by_direct_expected_return,19,20,1.0526315789473684,2000,0,-2000,0.0,0.0,0,0.0,0.0,0.8110954860985531,0.8000362375774834,64.865,64.85,5260.541409072404,0,0.0,0.0,0.0,6,0
odds_30_500_score>=0.8_expected>=5000_top5_by_direct_expected_return,19,20,1.0526315789473684,2000,0,-2000,0.0,0.0,0,0.0,0.0,0.8110954860985531,0.8000362375774834,64.865,64.85,5260.541409072404,0,0.0,0.0,0.0,6,0
odds_30_500_score>=0.8_expected>=5000_top10_by_direct_expected_return,19,20,1.0526315789473684,2000,0,-2000,0.0,0.0,0,0.0,0.0,0.8110954860985531,0.8000362375774834,64.865,64.85,5260.541409072404,0,0.0,0.0,0.0,6,0
odds_30_500_score>=0.85_expected>=3000_top1_by_direct_ticket_score,139,139,1.0,13900,0,-13900,0.0,0.0,0,0.0,0.0,0.8581057701443714,0.8500153554070881,37.63812949640288,37.0,3229.146749169333,0,0.0,0.0,0.0,6,0
odds_30_500_score>=0.85_expected>=3000_top2_by_direct_ticket_score,139,145,1.0431654676258992,14500,0,-14500,0.0,0.0,0,0.0,0.0,0.85792486136243,0.8500153554070881,37.62896551724138,37.0,3227.7247102484052,0,0.0,0.0,0.0,6,0
odds_30_500_score>=0.85_expected>=3000_top3_by_direct_ticket_score,139,145,1.0431654676258992,14500,0,-14500,0.0,0.0,0,0.0,0.0,0.85792486136243,0.8500153554070881,37.62896551724138,37.0,3227.7247102484052,0,0.0,0.0,0.0,6,0
odds_30_500_score>=0.85_expected>=3000_top5_by_direct_ticket_score,139,145,1.0431654676258992,14500,0,-14500,0.0,0.0,0,0.0,0.0,0.85792486136243,0.8500153554070881,37.62896551724138,37.0,3227.7247102484052,0,0.0,0.0,0.0,6,0
odds_30_500_score>=0.85_expected>=3000_top10_by_direct_ticket_score,139,145,1.0431654676258992,14500,0,-14500,0.0,0.0,0,0.0,0.0,0.85792486136243,0.8500153554070881,37.62896551724138,37.0,3227.7247102484052,0,0.0,0.0,0.0,6,0
odds_30_500_score>=0.85_expected>=3000_top1_by_direct_expected_return,139,139,1.0,13900,0,-13900,0.0,0.0,0,0.0,0.0,0.8580707507731649,0.8500153554070881,37.664748201438854,37.0,3231.297782708277,0,0.0,0.0,0.0,6,0
odds_30_500_score>=0.85_expected>=3000_top2_by_direct_expected_return,139,145,1.0431654676258992,14500,0,-14500,0.0,0.0,0,0.0,0.0,0.85792486136243,0.8500153554070881,37.62896551724138,37.0,3227.7247102484052,0,0.0,0.0,0.0,6,0
odds_30_500_score>=0.85_expected>=3000_top3_by_direct_expected_return,139,145,1.0431654676258992,14500,0,-14500,0.0,0.0,0,0.0,0.0,0.85792486136243,0.8500153554070881,37.62896551724138,37.0,3227.7247102484052,0,0.0,0.0,0.0,6,0
odds_30_500_score>=0.85_expected>=3000_top5_by_direct_expected_return,139,145,1.0431654676258992,14500,0,-14500,0.0,0.0,0,0.0,0.0,0.85792486136243,0.8500153554070881,37.62896551724138,37.0,3227.7247102484052,0,0.0,0.0,0.0,6,0
odds_30_500_score>=0.85_expected>=3000_top10_by_direct_expected_return,139,145,1.0431654676258992,14500,0,-14500,0.0,0.0,0,0.0,0.0,0.85792486136243,0.8500153554070881,37.62896551724138,37.0,3227.7247102484052,0,0.0,0.0,0.0,6,0
odds_50_500_score>=0.8_expected>=5000_top1_by_direct_ticket_score,19,19,1.0,1900,0,-1900,0.0,0.0,0,0.0,0.0,0.8115933855078573,0.8000362375774834,64.71578947368421,64.7,5251.776660083141,0,0.0,0.0,0.0,6,0
odds_50_500_score>=0.8_expected>=5000_top2_by_direct_ticket_score,19,20,1.0526315789473684,2000,0,-2000,0.0,0.0,0,0.0,0.0,0.8110954860985531,0.8000362375774834,64.865,64.85,5260.541409072404,0,0.0,0.0,0.0,6,0
odds_50_500_score>=0.8_expected>=5000_top3_by_direct_ticket_score,19,20,1.0526315789473684,2000,0,-2000,0.0,0.0,0,0.0,0.0,0.8110954860985531,0.8000362375774834,64.865,64.85,5260.541409072404,0,0.0,0.0,0.0,6,0
odds_50_500_score>=0.8_expected>=5000_top5_by_direct_ticket_score,19,20,1.0526315789473684,2000,0,-2000,0.0,0.0,0,0.0,0.0,0.8110954860985531,0.8000362375774834,64.865,64.85,5260.541409072404,0,0.0,0.0,0.0,6,0
odds_50_500_score>=0.8_expected>=5000_top10_by_direct_ticket_score,19,20,1.0526315789473684,2000,0,-2000,0.0,0.0,0,0.0,0.0,0.8110954860985531,0.8000362375774834,64.865,64.85,5260.541409072404,0,0.0,0.0,0.0,6,0
odds_50_500_score>=0.8_expected>=5000_top1_by_direct_expected_return,19,19,1.0,1900,0,-1900,0.0,0.0,0,0.0,0.0,0.8111662474710984,0.8000362375774834,64.81052631578947,64.7,5256.556261027107,0,0.0,0.0,0.0,6,0
odds_50_500_score>=0.8_expected>=5000_top2_by_direct_expected_return,19,20,1.0526315789473684,2000,0,-2000,0.0,0.0,0,0.0,0.0,0.8110954860985531,0.8000362375774834,64.865,64.85,5260.541409072404,0,0.0,0.0,0.0,6,0
odds_50_500_score>=0.8_expected>=5000_top3_by_direct_expected_return,19,20,1.0526315789473684,2000,0,-2000,0.0,0.0,0,0.0,0.0,0.8110954860985531,0.8000362375774834,64.865,64.85,5260.541409072404,0,0.0,0.0,0.0,6,0
odds_50_500_score>=0.8_expected>=5000_top5_by_direct_expected_return,19,20,1.0526315789473684,2000,0,-2000,0.0,0.0,0,0.0,0.0,0.8110954860985531,0.8000362375774834,64.865,64.85,5260.541409072404,0,0.0,0.0,0.0,6,0
odds_50_500_score>=0.8_expected>=5000_top10_by_direct_expected_return,19,20,1.0526315789473684,2000,0,-2000,0.0,0.0,0,0.0,0.0,0.8110954860985531,0.8000362375774834,64.865,64.85,5260.541409072404,0,0.0,0.0,0.0,6,0
odds_50_500_score>=0.85_expected>=0_top1_by_direct_ticket_score,1,1,1.0,100,0,-100,0.0,0.0,0,0.0,0.0,0.852600383075351,0.852600383075351,50.4,50.4,4297.1059306997695,0,0.0,0.0,0.0,1,0
odds_50_500_score>=0.85_expected>=0_top2_by_direct_ticket_score,1,1,1.0,100,0,-100,0.0,0.0,0,0.0,0.0,0.852600383075351,0.852600383075351,50.4,50.4,4297.1059306997695,0,0.0,0.0,0.0,1,0
odds_50_500_score>=0.85_expected>=0_top3_by_direct_ticket_score,1,1,1.0,100,0,-100,0.0,0.0,0,0.0,0.0,0.852600383075351,0.852600383075351,50.4,50.4,4297.1059306997695,0,0.0,0.0,0.0,1,0
odds_50_500_score>=0.85_expected>=0_top5_by_direct_ticket_score,1,1,1.0,100,0,-100,0.0,0.0,0,0.0,0.0,0.852600383075351,0.852600383075351,50.4,50.4,4297.1059306997695,0,0.0,0.0,0.0,1,0
odds_50_500_score>=0.85_expected>=0_top10_by_direct_ticket_score,1,1,1.0,100,0,-100,0.0,0.0,0,0.0,0.0,0.852600383075351,0.852600383075351,50.4,50.4,4297.1059306997695,0,0.0,0.0,0.0,1,0
odds_50_500_score>=0.85_expected>=0_top1_by_direct_expected_return,1,1,1.0,100,0,-100,0.0,0.0,0,0.0,0.0,0.852600383075351,0.852600383075351,50.4,50.4,4297.1059306997695,0,0.0,0.0,0.0,1,0
odds_50_500_score>=0.85_expected>=0_top2_by_direct_expected_return,1,1,1.0,100,0,-100,0.0,0.0,0,0.0,0.0,0.852600383075351,0.852600383075351,50.4,50.4,4297.1059306997695,0,0.0,0.0,0.0,1,0
odds_50_500_score>=0.85_expected>=0_top3_by_direct_expected_return,1,1,1.0,100,0,-100,0.0,0.0,0,0.0,0.0,0.852600383075351,0.852600383075351,50.4,50.4,4297.1059306997695,0,0.0,0.0,0.0,1,0
odds_50_500_score>=0.85_expected>=0_top5_by_direct_expected_return,1,1,1.0,100,0,-100,0.0,0.0,0,0.0,0.0,0.852600383075351,0.852600383075351,50.4,50.4,4297.1059306997695,0,0.0,0.0,0.0,1,0
odds_50_500_score>=0.85_expected>=0_top10_by_direct_expected_return,1,1,1.0,100,0,-100,0.0,0.0,0,0.0,0.0,0.852600383075351,0.852600383075351,50.4,50.4,4297.1059306997695,0,0.0,0.0,0.0,1,0
odds_50_500_score>=0.85_expected>=500_top1_by_direct_ticket_score,1,1,1.0,100,0,-100,0.0,0.0,0,0.0,0.0,0.852600383075351,0.852600383075351,50.4,50.4,4297.1059306997695,0,0.0,0.0,0.0,1,0
odds_50_500_score>=0.85_expected>=500_top2_by_direct_ticket_score,1,1,1.0,100,0,-100,0.0,0.0,0,0.0,0.0,0.852600383075351,0.852600383075351,50.4,50.4,4297.1059306997695,0,0.0,0.0,0.0,1,0
odds_50_500_score>=0.85_expected>=500_top3_by_direct_ticket_score,1,1,1.0,100,0,-100,0.0,0.0,0,0.0,0.0,0.852600383075351,0.852600383075351,50.4,50.4,4297.1059306997695,0,0.0,0.0,0.0,1,0
odds_50_500_score>=0.85_expected>=500_top5_by_direct_ticket_score,1,1,1.0,100,0,-100,0.0,0.0,0,0.0,0.0,0.852600383075351,0.852600383075351,50.4,50.4,4297.1059306997695,0,0.0,0.0,0.0,1,0
odds_50_500_score>=0.85_expected>=500_top10_by_direct_ticket_score,1,1,1.0,100,0,-100,0.0,0.0,0,0.0,0.0,0.852600383075351,0.852600383075351,50.4,50.4,4297.1059306997695,0,0.0,0.0,0.0,1,0
odds_50_500_score>=0.85_expected>=500_top1_by_direct_expected_return,1,1,1.0,100,0,-100,0.0,0.0,0,0.0,0.0,0.852600383075351,0.852600383075351,50.4,50.4,4297.1059306997695,0,0.0,0.0,0.0,1,0
odds_50_500_score>=0.85_expected>=500_top2_by_direct_expected_return,1,1,1.0,100,0,-100,0.0,0.0,0,0.0,0.0,0.852600383075351,0.852600383075351,50.4,50.4,4297.1059306997695,0,0.0,0.0,0.0,1,0
odds_50_500_score>=0.85_expected>=500_top3_by_direct_expected_return,1,1,1.0,100,0,-100,0.0,0.0,0,0.0,0.0,0.852600383075351,0.852600383075351,50.4,50.4,4297.1059306997695,0,0.0,0.0,0.0,1,0
odds_50_500_score>=0.85_expected>=500_top5_by_direct_expected_return,1,1,1.0,100,0,-100,0.0,0.0,0,0.0,0.0,0.852600383075351,0.852600383075351,50.4,50.4,4297.1059306997695,0,0.0,0.0,0.0,1,0
odds_50_500_score>=0.85_expected>=500_top10_by_direct_expected_return,1,1,1.0,100,0,-100,0.0,0.0,0,0.0,0.0,0.852600383075351,0.852600383075351,50.4,50.4,4297.1059306997695,0,0.0,0.0,0.0,1,0
odds_50_500_score>=0.85_expected>=1000_top1_by_direct_ticket_score,1,1,1.0,100,0,-100,0.0,0.0,0,0.0,0.0,0.852600383075351,0.852600383075351,50.4,50.4,4297.1059306997695,0,0.0,0.0,0.0,1,0
odds_50_500_score>=0.85_expected>=1000_top2_by_direct_ticket_score,1,1,1.0,100,0,-100,0.0,0.0,0,0.0,0.0,0.852600383075351,0.852600383075351,50.4,50.4,4297.1059306997695,0,0.0,0.0,0.0,1,0
odds_50_500_score>=0.85_expected>=1000_top3_by_direct_ticket_score,1,1,1.0,100,0,-100,0.0,0.0,0,0.0,0.0,0.852600383075351,0.852600383075351,50.4,50.4,4297.1059306997695,0,0.0,0.0,0.0,1,0
odds_50_500_score>=0.85_expected>=1000_top5_by_direct_ticket_score,1,1,1.0,100,0,-100,0.0,0.0,0,0.0,0.0,0.852600383075351,0.852600383075351,50.4,50.4,4297.1059306997695,0,0.0,0.0,0.0,1,0
odds_50_500_score>=0.85_expected>=1000_top10_by_direct_ticket_score,1,1,1.0,100,0,-100,0.0,0.0,0,0.0,0.0,0.852600383075351,0.852600383075351,50.4,50.4,4297.1059306997695,0,0.0,0.0,0.0,1,0
odds_50_500_score>=0.85_expected>=1000_top1_by_direct_expected_return,1,1,1.0,100,0,-100,0.0,0.0,0,0.0,0.0,0.852600383075351,0.852600383075351,50.4,50.4,4297.1059306997695,0,0.0,0.0,0.0,1,0
odds_50_500_score>=0.85_expected>=1000_top2_by_direct_expected_return,1,1,1.0,100,0,-100,0.0,0.0,0,0.0,0.0,0.852600383075351,0.852600383075351,50.4,50.4,4297.1059306997695,0,0.0,0.0,0.0,1,0
odds_50_500_score>=0.85_expected>=1000_top3_by_direct_expected_return,1,1,1.0,100,0,-100,0.0,0.0,0,0.0,0.0,0.852600383075351,0.852600383075351,50.4,50.4,4297.1059306997695,0,0.0,0.0,0.0,1,0
odds_50_500_score>=0.85_expected>=1000_top5_by_direct_expected_return,1,1,1.0,100,0,-100,0.0,0.0,0,0.0,0.0,0.852600383075351,0.852600383075351,50.4,50.4,4297.1059306997695,0,0.0,0.0,0.0,1,0
odds_50_500_score>=0.85_expected>=1000_top10_by_direct_expected_return,1,1,1.0,100,0,-100,0.0,0.0,0,0.0,0.0,0.852600383075351,0.852600383075351,50.4,50.4,4297.1059306997695,0,0.0,0.0,0.0,1,0
odds_50_500_score>=0.85_expected>=1500_top1_by_direct_ticket_score,1,1,1.0,100,0,-100,0.0,0.0,0,0.0,0.0,0.852600383075351,0.852600383075351,50.4,50.4,4297.1059306997695,0,0.0,0.0,0.0,1,0
odds_50_500_score>=0.85_expected>=1500_top2_by_direct_ticket_score,1,1,1.0,100,0,-100,0.0,0.0,0,0.0,0.0,0.852600383075351,0.852600383075351,50.4,50.4,4297.1059306997695,0,0.0,0.0,0.0,1,0
odds_50_500_score>=0.85_expected>=1500_top3_by_direct_ticket_score,1,1,1.0,100,0,-100,0.0,0.0,0,0.0,0.0,0.852600383075351,0.852600383075351,50.4,50.4,4297.1059306997695,0,0.0,0.0,0.0,1,0
odds_50_500_score>=0.85_expected>=1500_top5_by_direct_ticket_score,1,1,1.0,100,0,-100,0.0,0.0,0,0.0,0.0,0.852600383075351,0.852600383075351,50.4,50.4,4297.1059306997695,0,0.0,0.0,0.0,1,0
odds_50_500_score>=0.85_expected>=1500_top10_by_direct_ticket_score,1,1,1.0,100,0,-100,0.0,0.0,0,0.0,0.0,0.852600383075351,0.852600383075351,50.4,50.4,4297.1059306997695,0,0.0,0.0,0.0,1,0
odds_50_500_score>=0.85_expected>=1500_top1_by_direct_expected_return,1,1,1.0,100,0,-100,0.0,0.0,0,0.0,0.0,0.852600383075351,0.852600383075351,50.4,50.4,4297.1059306997695,0,0.0,0.0,0.0,1,0
odds_50_500_score>=0.85_expected>=1500_top2_by_direct_expected_return,1,1,1.0,100,0,-100,0.0,0.0,0,0.0,0.0,0.852600383075351,0.852600383075351,50.4,50.4,4297.1059306997695,0,0.0,0.0,0.0,1,0
odds_50_500_score>=0.85_expected>=1500_top3_by_direct_expected_return,1,1,1.0,100,0,-100,0.0,0.0,0,0.0,0.0,0.852600383075351,0.852600383075351,50.4,50.4,4297.1059306997695,0,0.0,0.0,0.0,1,0
odds_50_500_score>=0.85_expected>=1500_top5_by_direct_expected_return,1,1,1.0,100,0,-100,0.0,0.0,0,0.0,0.0,0.852600383075351,0.852600383075351,50.4,50.4,4297.1059306997695,0,0.0,0.0,0.0,1,0
odds_50_500_score>=0.85_expected>=1500_top10_by_direct_expected_return,1,1,1.0,100,0,-100,0.0,0.0,0,0.0,0.0,0.852600383075351,0.852600383075351,50.4,50.4,4297.1059306997695,0,0.0,0.0,0.0,1,0
odds_50_500_score>=0.85_expected>=2000_top1_by_direct_ticket_score,1,1,1.0,100,0,-100,0.0,0.0,0,0.0,0.0,0.852600383075351,0.852600383075351,50.4,50.4,4297.1059306997695,0,0.0,0.0,0.0,1,0
odds_50_500_score>=0.85_expected>=2000_top2_by_direct_ticket_score,1,1,1.0,100,0,-100,0.0,0.0,0,0.0,0.0,0.852600383075351,0.852600383075351,50.4,50.4,4297.1059306997695,0,0.0,0.0,0.0,1,0
odds_50_500_score>=0.85_expected>=2000_top3_by_direct_ticket_score,1,1,1.0,100,0,-100,0.0,0.0,0,0.0,0.0,0.852600383075351,0.852600383075351,50.4,50.4,4297.1059306997695,0,0.0,0.0,0.0,1,0
odds_50_500_score>=0.85_expected>=2000_top5_by_direct_ticket_score,1,1,1.0,100,0,-100,0.0,0.0,0,0.0,0.0,0.852600383075351,0.852600383075351,50.4,50.4,4297.1059306997695,0,0.0,0.0,0.0,1,0
odds_50_500_score>=0.85_expected>=2000_top10_by_direct_ticket_score,1,1,1.0,100,0,-100,0.0,0.0,0,0.0,0.0,0.852600383075351,0.852600383075351,50.4,50.4,4297.1059306997695,0,0.0,0.0,0.0,1,0
odds_50_500_score>=0.85_expected>=2000_top1_by_direct_expected_return,1,1,1.0,100,0,-100,0.0,0.0,0,0.0,0.0,0.852600383075351,0.852600383075351,50.4,50.4,4297.1059306997695,0,0.0,0.0,0.0,1,0
odds_50_500_score>=0.85_expected>=2000_top2_by_direct_expected_return,1,1,1.0,100,0,-100,0.0,0.0,0,0.0,0.0,0.852600383075351,0.852600383075351,50.4,50.4,4297.1059306997695,0,0.0,0.0,0.0,1,0
odds_50_500_score>=0.85_expected>=2000_top3_by_direct_expected_return,1,1,1.0,100,0,-100,0.0,0.0,0,0.0,0.0,0.852600383075351,0.852600383075351,50.4,50.4,4297.1059306997695,0,0.0,0.0,0.0,1,0
odds_50_500_score>=0.85_expected>=2000_top5_by_direct_expected_return,1,1,1.0,100,0,-100,0.0,0.0,0,0.0,0.0,0.852600383075351,0.852600383075351,50.4,50.4,4297.1059306997695,0,0.0,0.0,0.0,1,0
odds_50_500_score>=0.85_expected>=2000_top10_by_direct_expected_return,1,1,1.0,100,0,-100,0.0,0.0,0,0.0,0.0,0.852600383075351,0.852600383075351,50.4,50.4,4297.1059306997695,0,0.0,0.0,0.0,1,0
odds_50_500_score>=0.85_expected>=3000_top1_by_direct_ticket_score,1,1,1.0,100,0,-100,0.0,0.0,0,0.0,0.0,0.852600383075351,0.852600383075351,50.4,50.4,4297.1059306997695,0,0.0,0.0,0.0,1,0
odds_50_500_score>=0.85_expected>=3000_top2_by_direct_ticket_score,1,1,1.0,100,0,-100,0.0,0.0,0,0.0,0.0,0.852600383075351,0.852600383075351,50.4,50.4,4297.1059306997695,0,0.0,0.0,0.0,1,0
odds_50_500_score>=0.85_expected>=3000_top3_by_direct_ticket_score,1,1,1.0,100,0,-100,0.0,0.0,0,0.0,0.0,0.852600383075351,0.852600383075351,50.4,50.4,4297.1059306997695,0,0.0,0.0,0.0,1,0
odds_50_500_score>=0.85_expected>=3000_top5_by_direct_ticket_score,1,1,1.0,100,0,-100,0.0,0.0,0,0.0,0.0,0.852600383075351,0.852600383075351,50.4,50.4,4297.1059306997695,0,0.0,0.0,0.0,1,0
odds_50_500_score>=0.85_expected>=3000_top10_by_direct_ticket_score,1,1,1.0,100,0,-100,0.0,0.0,0,0.0,0.0,0.852600383075351,0.852600383075351,50.4,50.4,4297.1059306997695,0,0.0,0.0,0.0,1,0
odds_50_500_score>=0.85_expected>=3000_top1_by_direct_expected_return,1,1,1.0,100,0,-100,0.0,0.0,0,0.0,0.0,0.852600383075351,0.852600383075351,50.4,50.4,4297.1059306997695,0,0.0,0.0,0.0,1,0
odds_50_500_score>=0.85_expected>=3000_top2_by_direct_expected_return,1,1,1.0,100,0,-100,0.0,0.0,0,0.0,0.0,0.852600383075351,0.852600383075351,50.4,50.4,4297.1059306997695,0,0.0,0.0,0.0,1,0
odds_50_500_score>=0.85_expected>=3000_top3_by_direct_expected_return,1,1,1.0,100,0,-100,0.0,0.0,0,0.0,0.0,0.852600383075351,0.852600383075351,50.4,50.4,4297.1059306997695,0,0.0,0.0,0.0,1,0
odds_50_500_score>=0.85_expected>=3000_top5_by_direct_expected_return,1,1,1.0,100,0,-100,0.0,0.0,0,0.0,0.0,0.852600383075351,0.852600383075351,50.4,50.4,4297.1059306997695,0,0.0,0.0,0.0,1,0
odds_50_500_score>=0.85_expected>=3000_top10_by_direct_expected_return,1,1,1.0,100,0,-100,0.0,0.0,0,0.0,0.0,0.852600383075351,0.852600383075351,50.4,50.4,4297.1059306997695,0,0.0,0.0,0.0,1,0
odds_50_1000_score>=0.8_expected>=5000_top1_by_direct_ticket_score,19,19,1.0,1900,0,-1900,0.0,0.0,0,0.0,0.0,0.8115933855078573,0.8000362375774834,64.71578947368421,64.7,5251.776660083141,0,0.0,0.0,0.0,6,0
odds_50_1000_score>=0.8_expected>=5000_top2_by_direct_ticket_score,19,20,1.0526315789473684,2000,0,-2000,0.0,0.0,0,0.0,0.0,0.8110954860985531,0.8000362375774834,64.865,64.85,5260.541409072404,0,0.0,0.0,0.0,6,0
odds_50_1000_score>=0.8_expected>=5000_top3_by_direct_ticket_score,19,20,1.0526315789473684,2000,0,-2000,0.0,0.0,0,0.0,0.0,0.8110954860985531,0.8000362375774834,64.865,64.85,5260.541409072404,0,0.0,0.0,0.0,6,0
odds_50_1000_score>=0.8_expected>=5000_top5_by_direct_ticket_score,19,20,1.0526315789473684,2000,0,-2000,0.0,0.0,0,0.0,0.0,0.8110954860985531,0.8000362375774834,64.865,64.85,5260.541409072404,0,0.0,0.0,0.0,6,0
odds_50_1000_score>=0.8_expected>=5000_top10_by_direct_ticket_score,19,20,1.0526315789473684,2000,0,-2000,0.0,0.0,0,0.0,0.0,0.8110954860985531,0.8000362375774834,64.865,64.85,5260.541409072404,0,0.0,0.0,0.0,6,0
odds_50_1000_score>=0.8_expected>=5000_top1_by_direct_expected_return,19,19,1.0,1900,0,-1900,0.0,0.0,0,0.0,0.0,0.8111662474710984,0.8000362375774834,64.81052631578947,64.7,5256.556261027107,0,0.0,0.0,0.0,6,0
odds_50_1000_score>=0.8_expected>=5000_top2_by_direct_expected_return,19,20,1.0526315789473684,2000,0,-2000,0.0,0.0,0,0.0,0.0,0.8110954860985531,0.8000362375774834,64.865,64.85,5260.541409072404,0,0.0,0.0,0.0,6,0
odds_50_1000_score>=0.8_expected>=5000_top3_by_direct_expected_return,19,20,1.0526315789473684,2000,0,-2000,0.0,0.0,0,0.0,0.0,0.8110954860985531,0.8000362375774834,64.865,64.85,5260.541409072404,0,0.0,0.0,0.0,6,0
odds_50_1000_score>=0.8_expected>=5000_top5_by_direct_expected_return,19,20,1.0526315789473684,2000,0,-2000,0.0,0.0,0,0.0,0.0,0.8110954860985531,0.8000362375774834,64.865,64.85,5260.541409072404,0,0.0,0.0,0.0,6,0
odds_50_1000_score>=0.8_expected>=5000_top10_by_direct_expected_return,19,20,1.0526315789473684,2000,0,-2000,0.0,0.0,0,0.0,0.0,0.8110954860985531,0.8000362375774834,64.865,64.85,5260.541409072404,0,0.0,0.0,0.0,6,0
odds_50_1000_score>=0.85_expected>=0_top1_by_direct_ticket_score,1,1,1.0,100,0,-100,0.0,0.0,0,0.0,0.0,0.852600383075351,0.852600383075351,50.4,50.4,4297.1059306997695,0,0.0,0.0,0.0,1,0
odds_50_1000_score>=0.85_expected>=0_top2_by_direct_ticket_score,1,1,1.0,100,0,-100,0.0,0.0,0,0.0,0.0,0.852600383075351,0.852600383075351,50.4,50.4,4297.1059306997695,0,0.0,0.0,0.0,1,0
odds_50_1000_score>=0.85_expected>=0_top3_by_direct_ticket_score,1,1,1.0,100,0,-100,0.0,0.0,0,0.0,0.0,0.852600383075351,0.852600383075351,50.4,50.4,4297.1059306997695,0,0.0,0.0,0.0,1,0
odds_50_1000_score>=0.85_expected>=0_top5_by_direct_ticket_score,1,1,1.0,100,0,-100,0.0,0.0,0,0.0,0.0,0.852600383075351,0.852600383075351,50.4,50.4,4297.1059306997695,0,0.0,0.0,0.0,1,0
odds_50_1000_score>=0.85_expected>=0_top10_by_direct_ticket_score,1,1,1.0,100,0,-100,0.0,0.0,0,0.0,0.0,0.852600383075351,0.852600383075351,50.4,50.4,4297.1059306997695,0,0.0,0.0,0.0,1,0
odds_50_1000_score>=0.85_expected>=0_top1_by_direct_expected_return,1,1,1.0,100,0,-100,0.0,0.0,0,0.0,0.0,0.852600383075351,0.852600383075351,50.4,50.4,4297.1059306997695,0,0.0,0.0,0.0,1,0
odds_50_1000_score>=0.85_expected>=0_top2_by_direct_expected_return,1,1,1.0,100,0,-100,0.0,0.0,0,0.0,0.0,0.852600383075351,0.852600383075351,50.4,50.4,4297.1059306997695,0,0.0,0.0,0.0,1,0
odds_50_1000_score>=0.85_expected>=0_top3_by_direct_expected_return,1,1,1.0,100,0,-100,0.0,0.0,0,0.0,0.0,0.852600383075351,0.852600383075351,50.4,50.4,4297.1059306997695,0,0.0,0.0,0.0,1,0
odds_50_1000_score>=0.85_expected>=0_top5_by_direct_expected_return,1,1,1.0,100,0,-100,0.0,0.0,0,0.0,0.0,0.852600383075351,0.852600383075351,50.4,50.4,4297.1059306997695,0,0.0,0.0,0.0,1,0
odds_50_1000_score>=0.85_expected>=0_top10_by_direct_expected_return,1,1,1.0,100,0,-100,0.0,0.0,0,0.0,0.0,0.852600383075351,0.852600383075351,50.4,50.4,4297.1059306997695,0,0.0,0.0,0.0,1,0
odds_50_1000_score>=0.85_expected>=500_top1_by_direct_ticket_score,1,1,1.0,100,0,-100,0.0,0.0,0,0.0,0.0,0.852600383075351,0.852600383075351,50.4,50.4,4297.1059306997695,0,0.0,0.0,0.0,1,0
odds_50_1000_score>=0.85_expected>=500_top2_by_direct_ticket_score,1,1,1.0,100,0,-100,0.0,0.0,0,0.0,0.0,0.852600383075351,0.852600383075351,50.4,50.4,4297.1059306997695,0,0.0,0.0,0.0,1,0
odds_50_1000_score>=0.85_expected>=500_top3_by_direct_ticket_score,1,1,1.0,100,0,-100,0.0,0.0,0,0.0,0.0,0.852600383075351,0.852600383075351,50.4,50.4,4297.1059306997695,0,0.0,0.0,0.0,1,0
odds_50_1000_score>=0.85_expected>=500_top5_by_direct_ticket_score,1,1,1.0,100,0,-100,0.0,0.0,0,0.0,0.0,0.852600383075351,0.852600383075351,50.4,50.4,4297.1059306997695,0,0.0,0.0,0.0,1,0
odds_50_1000_score>=0.85_expected>=500_top10_by_direct_ticket_score,1,1,1.0,100,0,-100,0.0,0.0,0,0.0,0.0,0.852600383075351,0.852600383075351,50.4,50.4,4297.1059306997695,0,0.0,0.0,0.0,1,0
odds_50_1000_score>=0.85_expected>=500_top1_by_direct_expected_return,1,1,1.0,100,0,-100,0.0,0.0,0,0.0,0.0,0.852600383075351,0.852600383075351,50.4,50.4,4297.1059306997695,0,0.0,0.0,0.0,1,0
odds_50_1000_score>=0.85_expected>=500_top2_by_direct_expected_return,1,1,1.0,100,0,-100,0.0,0.0,0,0.0,0.0,0.852600383075351,0.852600383075351,50.4,50.4,4297.1059306997695,0,0.0,0.0,0.0,1,0
odds_50_1000_score>=0.85_expected>=500_top3_by_direct_expected_return,1,1,1.0,100,0,-100,0.0,0.0,0,0.0,0.0,0.852600383075351,0.852600383075351,50.4,50.4,4297.1059306997695,0,0.0,0.0,0.0,1,0
odds_50_1000_score>=0.85_expected>=500_top5_by_direct_expected_return,1,1,1.0,100,0,-100,0.0,0.0,0,0.0,0.0,0.852600383075351,0.852600383075351,50.4,50.4,4297.1059306997695,0,0.0,0.0,0.0,1,0
odds_50_1000_score>=0.85_expected>=500_top10_by_direct_expected_return,1,1,1.0,100,0,-100,0.0,0.0,0,0.0,0.0,0.852600383075351,0.852600383075351,50.4,50.4,4297.1059306997695,0,0.0,0.0,0.0,1,0
odds_50_1000_score>=0.85_expected>=1000_top1_by_direct_ticket_score,1,1,1.0,100,0,-100,0.0,0.0,0,0.0,0.0,0.852600383075351,0.852600383075351,50.4,50.4,4297.1059306997695,0,0.0,0.0,0.0,1,0
odds_50_1000_score>=0.85_expected>=1000_top2_by_direct_ticket_score,1,1,1.0,100,0,-100,0.0,0.0,0,0.0,0.0,0.852600383075351,0.852600383075351,50.4,50.4,4297.1059306997695,0,0.0,0.0,0.0,1,0
odds_50_1000_score>=0.85_expected>=1000_top3_by_direct_ticket_score,1,1,1.0,100,0,-100,0.0,0.0,0,0.0,0.0,0.852600383075351,0.852600383075351,50.4,50.4,4297.1059306997695,0,0.0,0.0,0.0,1,0
odds_50_1000_score>=0.85_expected>=1000_top5_by_direct_ticket_score,1,1,1.0,100,0,-100,0.0,0.0,0,0.0,0.0,0.852600383075351,0.852600383075351,50.4,50.4,4297.1059306997695,0,0.0,0.0,0.0,1,0
odds_50_1000_score>=0.85_expected>=1000_top10_by_direct_ticket_score,1,1,1.0,100,0,-100,0.0,0.0,0,0.0,0.0,0.852600383075351,0.852600383075351,50.4,50.4,4297.1059306997695,0,0.0,0.0,0.0,1,0
odds_50_1000_score>=0.85_expected>=1000_top1_by_direct_expected_return,1,1,1.0,100,0,-100,0.0,0.0,0,0.0,0.0,0.852600383075351,0.852600383075351,50.4,50.4,4297.1059306997695,0,0.0,0.0,0.0,1,0
odds_50_1000_score>=0.85_expected>=1000_top2_by_direct_expected_return,1,1,1.0,100,0,-100,0.0,0.0,0,0.0,0.0,0.852600383075351,0.852600383075351,50.4,50.4,4297.1059306997695,0,0.0,0.0,0.0,1,0
odds_50_1000_score>=0.85_expected>=1000_top3_by_direct_expected_return,1,1,1.0,100,0,-100,0.0,0.0,0,0.0,0.0,0.852600383075351,0.852600383075351,50.4,50.4,4297.1059306997695,0,0.0,0.0,0.0,1,0
odds_50_1000_score>=0.85_expected>=1000_top5_by_direct_expected_return,1,1,1.0,100,0,-100,0.0,0.0,0,0.0,0.0,0.852600383075351,0.852600383075351,50.4,50.4,4297.1059306997695,0,0.0,0.0,0.0,1,0
odds_50_1000_score>=0.85_expected>=1000_top10_by_direct_expected_return,1,1,1.0,100,0,-100,0.0,0.0,0,0.0,0.0,0.852600383075351,0.852600383075351,50.4,50.4,4297.1059306997695,0,0.0,0.0,0.0,1,0
odds_50_1000_score>=0.85_expected>=1500_top1_by_direct_ticket_score,1,1,1.0,100,0,-100,0.0,0.0,0,0.0,0.0,0.852600383075351,0.852600383075351,50.4,50.4,4297.1059306997695,0,0.0,0.0,0.0,1,0
odds_50_1000_score>=0.85_expected>=1500_top2_by_direct_ticket_score,1,1,1.0,100,0,-100,0.0,0.0,0,0.0,0.0,0.852600383075351,0.852600383075351,50.4,50.4,4297.1059306997695,0,0.0,0.0,0.0,1,0
odds_50_1000_score>=0.85_expected>=1500_top3_by_direct_ticket_score,1,1,1.0,100,0,-100,0.0,0.0,0,0.0,0.0,0.852600383075351,0.852600383075351,50.4,50.4,4297.1059306997695,0,0.0,0.0,0.0,1,0
odds_50_1000_score>=0.85_expected>=1500_top5_by_direct_ticket_score,1,1,1.0,100,0,-100,0.0,0.0,0,0.0,0.0,0.852600383075351,0.852600383075351,50.4,50.4,4297.1059306997695,0,0.0,0.0,0.0,1,0
odds_50_1000_score>=0.85_expected>=1500_top10_by_direct_ticket_score,1,1,1.0,100,0,-100,0.0,0.0,0,0.0,0.0,0.852600383075351,0.852600383075351,50.4,50.4,4297.1059306997695,0,0.0,0.0,0.0,1,0
odds_50_1000_score>=0.85_expected>=1500_top1_by_direct_expected_return,1,1,1.0,100,0,-100,0.0,0.0,0,0.0,0.0,0.852600383075351,0.852600383075351,50.4,50.4,4297.1059306997695,0,0.0,0.0,0.0,1,0
odds_50_1000_score>=0.85_expected>=1500_top2_by_direct_expected_return,1,1,1.0,100,0,-100,0.0,0.0,0,0.0,0.0,0.852600383075351,0.852600383075351,50.4,50.4,4297.1059306997695,0,0.0,0.0,0.0,1,0
odds_50_1000_score>=0.85_expected>=1500_top3_by_direct_expected_return,1,1,1.0,100,0,-100,0.0,0.0,0,0.0,0.0,0.852600383075351,0.852600383075351,50.4,50.4,4297.1059306997695,0,0.0,0.0,0.0,1,0
odds_50_1000_score>=0.85_expected>=1500_top5_by_direct_expected_return,1,1,1.0,100,0,-100,0.0,0.0,0,0.0,0.0,0.852600383075351,0.852600383075351,50.4,50.4,4297.1059306997695,0,0.0,0.0,0.0,1,0
odds_50_1000_score>=0.85_expected>=1500_top10_by_direct_expected_return,1,1,1.0,100,0,-100,0.0,0.0,0,0.0,0.0,0.852600383075351,0.852600383075351,50.4,50.4,4297.1059306997695,0,0.0,0.0,0.0,1,0
odds_50_1000_score>=0.85_expected>=2000_top1_by_direct_ticket_score,1,1,1.0,100,0,-100,0.0,0.0,0,0.0,0.0,0.852600383075351,0.852600383075351,50.4,50.4,4297.1059306997695,0,0.0,0.0,0.0,1,0
odds_50_1000_score>=0.85_expected>=2000_top2_by_direct_ticket_score,1,1,1.0,100,0,-100,0.0,0.0,0,0.0,0.0,0.852600383075351,0.852600383075351,50.4,50.4,4297.1059306997695,0,0.0,0.0,0.0,1,0
odds_50_1000_score>=0.85_expected>=2000_top3_by_direct_ticket_score,1,1,1.0,100,0,-100,0.0,0.0,0,0.0,0.0,0.852600383075351,0.852600383075351,50.4,50.4,4297.1059306997695,0,0.0,0.0,0.0,1,0
odds_50_1000_score>=0.85_expected>=2000_top5_by_direct_ticket_score,1,1,1.0,100,0,-100,0.0,0.0,0,0.0,0.0,0.852600383075351,0.852600383075351,50.4,50.4,4297.1059306997695,0,0.0,0.0,0.0,1,0
odds_50_1000_score>=0.85_expected>=2000_top10_by_direct_ticket_score,1,1,1.0,100,0,-100,0.0,0.0,0,0.0,0.0,0.852600383075351,0.852600383075351,50.4,50.4,4297.1059306997695,0,0.0,0.0,0.0,1,0
odds_50_1000_score>=0.85_expected>=2000_top1_by_direct_expected_return,1,1,1.0,100,0,-100,0.0,0.0,0,0.0,0.0,0.852600383075351,0.852600383075351,50.4,50.4,4297.1059306997695,0,0.0,0.0,0.0,1,0
odds_50_1000_score>=0.85_expected>=2000_top2_by_direct_expected_return,1,1,1.0,100,0,-100,0.0,0.0,0,0.0,0.0,0.852600383075351,0.852600383075351,50.4,50.4,4297.1059306997695,0,0.0,0.0,0.0,1,0
odds_50_1000_score>=0.85_expected>=2000_top3_by_direct_expected_return,1,1,1.0,100,0,-100,0.0,0.0,0,0.0,0.0,0.852600383075351,0.852600383075351,50.4,50.4,4297.1059306997695,0,0.0,0.0,0.0,1,0
odds_50_1000_score>=0.85_expected>=2000_top5_by_direct_expected_return,1,1,1.0,100,0,-100,0.0,0.0,0,0.0,0.0,0.852600383075351,0.852600383075351,50.4,50.4,4297.1059306997695,0,0.0,0.0,0.0,1,0
odds_50_1000_score>=0.85_expected>=2000_top10_by_direct_expected_return,1,1,1.0,100,0,-100,0.0,0.0,0,0.0,0.0,0.852600383075351,0.852600383075351,50.4,50.4,4297.1059306997695,0,0.0,0.0,0.0,1,0
odds_50_1000_score>=0.85_expected>=3000_top1_by_direct_ticket_score,1,1,1.0,100,0,-100,0.0,0.0,0,0.0,0.0,0.852600383075351,0.852600383075351,50.4,50.4,4297.1059306997695,0,0.0,0.0,0.0,1,0
odds_50_1000_score>=0.85_expected>=3000_top2_by_direct_ticket_score,1,1,1.0,100,0,-100,0.0,0.0,0,0.0,0.0,0.852600383075351,0.852600383075351,50.4,50.4,4297.1059306997695,0,0.0,0.0,0.0,1,0
odds_50_1000_score>=0.85_expected>=3000_top3_by_direct_ticket_score,1,1,1.0,100,0,-100,0.0,0.0,0,0.0,0.0,0.852600383075351,0.852600383075351,50.4,50.4,4297.1059306997695,0,0.0,0.0,0.0,1,0
odds_50_1000_score>=0.85_expected>=3000_top5_by_direct_ticket_score,1,1,1.0,100,0,-100,0.0,0.0,0,0.0,0.0,0.852600383075351,0.852600383075351,50.4,50.4,4297.1059306997695,0,0.0,0.0,0.0,1,0
odds_50_1000_score>=0.85_expected>=3000_top10_by_direct_ticket_score,1,1,1.0,100,0,-100,0.0,0.0,0,0.0,0.0,0.852600383075351,0.852600383075351,50.4,50.4,4297.1059306997695,0,0.0,0.0,0.0,1,0
odds_50_1000_score>=0.85_expected>=3000_top1_by_direct_expected_return,1,1,1.0,100,0,-100,0.0,0.0,0,0.0,0.0,0.852600383075351,0.852600383075351,50.4,50.4,4297.1059306997695,0,0.0,0.0,0.0,1,0
odds_50_1000_score>=0.85_expected>=3000_top2_by_direct_expected_return,1,1,1.0,100,0,-100,0.0,0.0,0,0.0,0.0,0.852600383075351,0.852600383075351,50.4,50.4,4297.1059306997695,0,0.0,0.0,0.0,1,0
odds_50_1000_score>=0.85_expected>=3000_top3_by_direct_expected_return,1,1,1.0,100,0,-100,0.0,0.0,0,0.0,0.0,0.852600383075351,0.852600383075351,50.4,50.4,4297.1059306997695,0,0.0,0.0,0.0,1,0
odds_50_1000_score>=0.85_expected>=3000_top5_by_direct_expected_return,1,1,1.0,100,0,-100,0.0,0.0,0,0.0,0.0,0.852600383075351,0.852600383075351,50.4,50.4,4297.1059306997695,0,0.0,0.0,0.0,1,0
odds_50_1000_score>=0.85_expected>=3000_top10_by_direct_expected_return,1,1,1.0,100,0,-100,0.0,0.0,0,0.0,0.0,0.852600383075351,0.852600383075351,50.4,50.4,4297.1059306997695,0,0.0,0.0,0.0,1,0
odds_100_1000_score>=0.7_expected>=0_top1_by_direct_ticket_score,4,4,1.0,400,0,-400,0.0,0.0,0,0.0,0.0,0.7085659848188575,0.7008676754884594,108.54999999999998,104.19999999999999,7690.177406279861,0,0.0,0.0,0.0,3,0
odds_100_1000_score>=0.7_expected>=0_top2_by_direct_ticket_score,4,4,1.0,400,0,-400,0.0,0.0,0,0.0,0.0,0.7085659848188575,0.7008676754884594,108.54999999999998,104.19999999999999,7690.177406279861,0,0.0,0.0,0.0,3,0
odds_100_1000_score>=0.7_expected>=0_top3_by_direct_ticket_score,4,4,1.0,400,0,-400,0.0,0.0,0,0.0,0.0,0.7085659848188575,0.7008676754884594,108.54999999999998,104.19999999999999,7690.177406279861,0,0.0,0.0,0.0,3,0
odds_100_1000_score>=0.7_expected>=0_top5_by_direct_ticket_score,4,4,1.0,400,0,-400,0.0,0.0,0,0.0,0.0,0.7085659848188575,0.7008676754884594,108.54999999999998,104.19999999999999,7690.177406279861,0,0.0,0.0,0.0,3,0
odds_100_1000_score>=0.7_expected>=0_top10_by_direct_ticket_score,4,4,1.0,400,0,-400,0.0,0.0,0,0.0,0.0,0.7085659848188575,0.7008676754884594,108.54999999999998,104.19999999999999,7690.177406279861,0,0.0,0.0,0.0,3,0
odds_100_1000_score>=0.7_expected>=0_top1_by_direct_expected_return,4,4,1.0,400,0,-400,0.0,0.0,0,0.0,0.0,0.7085659848188575,0.7008676754884594,108.54999999999998,104.19999999999999,7690.177406279861,0,0.0,0.0,0.0,3,0
odds_100_1000_score>=0.7_expected>=0_top2_by_direct_expected_return,4,4,1.0,400,0,-400,0.0,0.0,0,0.0,0.0,0.7085659848188575,0.7008676754884594,108.54999999999998,104.19999999999999,7690.177406279861,0,0.0,0.0,0.0,3,0
odds_100_1000_score>=0.7_expected>=0_top3_by_direct_expected_return,4,4,1.0,400,0,-400,0.0,0.0,0,0.0,0.0,0.7085659848188575,0.7008676754884594,108.54999999999998,104.19999999999999,7690.177406279861,0,0.0,0.0,0.0,3,0
odds_100_1000_score>=0.7_expected>=0_top5_by_direct_expected_return,4,4,1.0,400,0,-400,0.0,0.0,0,0.0,0.0,0.7085659848188575,0.7008676754884594,108.54999999999998,104.19999999999999,7690.177406279861,0,0.0,0.0,0.0,3,0
odds_100_1000_score>=0.7_expected>=0_top10_by_direct_expected_return,4,4,1.0,400,0,-400,0.0,0.0,0,0.0,0.0,0.7085659848188575,0.7008676754884594,108.54999999999998,104.19999999999999,7690.177406279861,0,0.0,0.0,0.0,3,0
odds_100_1000_score>=0.7_expected>=500_top1_by_direct_ticket_score,4,4,1.0,400,0,-400,0.0,0.0,0,0.0,0.0,0.7085659848188575,0.7008676754884594,108.54999999999998,104.19999999999999,7690.177406279861,0,0.0,0.0,0.0,3,0
odds_100_1000_score>=0.7_expected>=500_top2_by_direct_ticket_score,4,4,1.0,400,0,-400,0.0,0.0,0,0.0,0.0,0.7085659848188575,0.7008676754884594,108.54999999999998,104.19999999999999,7690.177406279861,0,0.0,0.0,0.0,3,0
odds_100_1000_score>=0.7_expected>=500_top3_by_direct_ticket_score,4,4,1.0,400,0,-400,0.0,0.0,0,0.0,0.0,0.7085659848188575,0.7008676754884594,108.54999999999998,104.19999999999999,7690.177406279861,0,0.0,0.0,0.0,3,0
odds_100_1000_score>=0.7_expected>=500_top5_by_direct_ticket_score,4,4,1.0,400,0,-400,0.0,0.0,0,0.0,0.0,0.7085659848188575,0.7008676754884594,108.54999999999998,104.19999999999999,7690.177406279861,0,0.0,0.0,0.0,3,0
odds_100_1000_score>=0.7_expected>=500_top10_by_direct_ticket_score,4,4,1.0,400,0,-400,0.0,0.0,0,0.0,0.0,0.7085659848188575,0.7008676754884594,108.54999999999998,104.19999999999999,7690.177406279861,0,0.0,0.0,0.0,3,0
odds_100_1000_score>=0.7_expected>=500_top1_by_direct_expected_return,4,4,1.0,400,0,-400,0.0,0.0,0,0.0,0.0,0.7085659848188575,0.7008676754884594,108.54999999999998,104.19999999999999,7690.177406279861,0,0.0,0.0,0.0,3,0
odds_100_1000_score>=0.7_expected>=500_top2_by_direct_expected_return,4,4,1.0,400,0,-400,0.0,0.0,0,0.0,0.0,0.7085659848188575,0.7008676754884594,108.54999999999998,104.19999999999999,7690.177406279861,0,0.0,0.0,0.0,3,0
odds_100_1000_score>=0.7_expected>=500_top3_by_direct_expected_return,4,4,1.0,400,0,-400,0.0,0.0,0,0.0,0.0,0.7085659848188575,0.7008676754884594,108.54999999999998,104.19999999999999,7690.177406279861,0,0.0,0.0,0.0,3,0
odds_100_1000_score>=0.7_expected>=500_top5_by_direct_expected_return,4,4,1.0,400,0,-400,0.0,0.0,0,0.0,0.0,0.7085659848188575,0.7008676754884594,108.54999999999998,104.19999999999999,7690.177406279861,0,0.0,0.0,0.0,3,0
odds_100_1000_score>=0.7_expected>=500_top10_by_direct_expected_return,4,4,1.0,400,0,-400,0.0,0.0,0,0.0,0.0,0.7085659848188575,0.7008676754884594,108.54999999999998,104.19999999999999,7690.177406279861,0,0.0,0.0,0.0,3,0
odds_100_1000_score>=0.7_expected>=1000_top1_by_direct_ticket_score,4,4,1.0,400,0,-400,0.0,0.0,0,0.0,0.0,0.7085659848188575,0.7008676754884594,108.54999999999998,104.19999999999999,7690.177406279861,0,0.0,0.0,0.0,3,0
odds_100_1000_score>=0.7_expected>=1000_top2_by_direct_ticket_score,4,4,1.0,400,0,-400,0.0,0.0,0,0.0,0.0,0.7085659848188575,0.7008676754884594,108.54999999999998,104.19999999999999,7690.177406279861,0,0.0,0.0,0.0,3,0
odds_100_1000_score>=0.7_expected>=1000_top3_by_direct_ticket_score,4,4,1.0,400,0,-400,0.0,0.0,0,0.0,0.0,0.7085659848188575,0.7008676754884594,108.54999999999998,104.19999999999999,7690.177406279861,0,0.0,0.0,0.0,3,0
odds_100_1000_score>=0.7_expected>=1000_top5_by_direct_ticket_score,4,4,1.0,400,0,-400,0.0,0.0,0,0.0,0.0,0.7085659848188575,0.7008676754884594,108.54999999999998,104.19999999999999,7690.177406279861,0,0.0,0.0,0.0,3,0
odds_100_1000_score>=0.7_expected>=1000_top10_by_direct_ticket_score,4,4,1.0,400,0,-400,0.0,0.0,0,0.0,0.0,0.7085659848188575,0.7008676754884594,108.54999999999998,104.19999999999999,7690.177406279861,0,0.0,0.0,0.0,3,0
odds_100_1000_score>=0.7_expected>=1000_top1_by_direct_expected_return,4,4,1.0,400,0,-400,0.0,0.0,0,0.0,0.0,0.7085659848188575,0.7008676754884594,108.54999999999998,104.19999999999999,7690.177406279861,0,0.0,0.0,0.0,3,0
odds_100_1000_score>=0.7_expected>=1000_top2_by_direct_expected_return,4,4,1.0,400,0,-400,0.0,0.0,0,0.0,0.0,0.7085659848188575,0.7008676754884594,108.54999999999998,104.19999999999999,7690.177406279861,0,0.0,0.0,0.0,3,0
odds_100_1000_score>=0.7_expected>=1000_top3_by_direct_expected_return,4,4,1.0,400,0,-400,0.0,0.0,0,0.0,0.0,0.7085659848188575,0.7008676754884594,108.54999999999998,104.19999999999999,7690.177406279861,0,0.0,0.0,0.0,3,0
odds_100_1000_score>=0.7_expected>=1000_top5_by_direct_expected_return,4,4,1.0,400,0,-400,0.0,0.0,0,0.0,0.0,0.7085659848188575,0.7008676754884594,108.54999999999998,104.19999999999999,7690.177406279861,0,0.0,0.0,0.0,3,0
odds_100_1000_score>=0.7_expected>=1000_top10_by_direct_expected_return,4,4,1.0,400,0,-400,0.0,0.0,0,0.0,0.0,0.7085659848188575,0.7008676754884594,108.54999999999998,104.19999999999999,7690.177406279861,0,0.0,0.0,0.0,3,0
odds_100_1000_score>=0.7_expected>=1500_top1_by_direct_ticket_score,4,4,1.0,400,0,-400,0.0,0.0,0,0.0,0.0,0.7085659848188575,0.7008676754884594,108.54999999999998,104.19999999999999,7690.177406279861,0,0.0,0.0,0.0,3,0
odds_100_1000_score>=0.7_expected>=1500_top2_by_direct_ticket_score,4,4,1.0,400,0,-400,0.0,0.0,0,0.0,0.0,0.7085659848188575,0.7008676754884594,108.54999999999998,104.19999999999999,7690.177406279861,0,0.0,0.0,0.0,3,0
odds_100_1000_score>=0.7_expected>=1500_top3_by_direct_ticket_score,4,4,1.0,400,0,-400,0.0,0.0,0,0.0,0.0,0.7085659848188575,0.7008676754884594,108.54999999999998,104.19999999999999,7690.177406279861,0,0.0,0.0,0.0,3,0
odds_100_1000_score>=0.7_expected>=1500_top5_by_direct_ticket_score,4,4,1.0,400,0,-400,0.0,0.0,0,0.0,0.0,0.7085659848188575,0.7008676754884594,108.54999999999998,104.19999999999999,7690.177406279861,0,0.0,0.0,0.0,3,0
odds_100_1000_score>=0.7_expected>=1500_top10_by_direct_ticket_score,4,4,1.0,400,0,-400,0.0,0.0,0,0.0,0.0,0.7085659848188575,0.7008676754884594,108.54999999999998,104.19999999999999,7690.177406279861,0,0.0,0.0,0.0,3,0
odds_100_1000_score>=0.7_expected>=1500_top1_by_direct_expected_return,4,4,1.0,400,0,-400,0.0,0.0,0,0.0,0.0,0.7085659848188575,0.7008676754884594,108.54999999999998,104.19999999999999,7690.177406279861,0,0.0,0.0,0.0,3,0
odds_100_1000_score>=0.7_expected>=1500_top2_by_direct_expected_return,4,4,1.0,400,0,-400,0.0,0.0,0,0.0,0.0,0.7085659848188575,0.7008676754884594,108.54999999999998,104.19999999999999,7690.177406279861,0,0.0,0.0,0.0,3,0
odds_100_1000_score>=0.7_expected>=1500_top3_by_direct_expected_return,4,4,1.0,400,0,-400,0.0,0.0,0,0.0,0.0,0.7085659848188575,0.7008676754884594,108.54999999999998,104.19999999999999,7690.177406279861,0,0.0,0.0,0.0,3,0
odds_100_1000_score>=0.7_expected>=1500_top5_by_direct_expected_return,4,4,1.0,400,0,-400,0.0,0.0,0,0.0,0.0,0.7085659848188575,0.7008676754884594,108.54999999999998,104.19999999999999,7690.177406279861,0,0.0,0.0,0.0,3,0
odds_100_1000_score>=0.7_expected>=1500_top10_by_direct_expected_return,4,4,1.0,400,0,-400,0.0,0.0,0,0.0,0.0,0.7085659848188575,0.7008676754884594,108.54999999999998,104.19999999999999,7690.177406279861,0,0.0,0.0,0.0,3,0
odds_100_1000_score>=0.7_expected>=2000_top1_by_direct_ticket_score,4,4,1.0,400,0,-400,0.0,0.0,0,0.0,0.0,0.7085659848188575,0.7008676754884594,108.54999999999998,104.19999999999999,7690.177406279861,0,0.0,0.0,0.0,3,0
odds_100_1000_score>=0.7_expected>=2000_top2_by_direct_ticket_score,4,4,1.0,400,0,-400,0.0,0.0,0,0.0,0.0,0.7085659848188575,0.7008676754884594,108.54999999999998,104.19999999999999,7690.177406279861,0,0.0,0.0,0.0,3,0
odds_100_1000_score>=0.7_expected>=2000_top3_by_direct_ticket_score,4,4,1.0,400,0,-400,0.0,0.0,0,0.0,0.0,0.7085659848188575,0.7008676754884594,108.54999999999998,104.19999999999999,7690.177406279861,0,0.0,0.0,0.0,3,0
odds_100_1000_score>=0.7_expected>=2000_top5_by_direct_ticket_score,4,4,1.0,400,0,-400,0.0,0.0,0,0.0,0.0,0.7085659848188575,0.7008676754884594,108.54999999999998,104.19999999999999,7690.177406279861,0,0.0,0.0,0.0,3,0
odds_100_1000_score>=0.7_expected>=2000_top10_by_direct_ticket_score,4,4,1.0,400,0,-400,0.0,0.0,0,0.0,0.0,0.7085659848188575,0.7008676754884594,108.54999999999998,104.19999999999999,7690.177406279861,0,0.0,0.0,0.0,3,0
odds_100_1000_score>=0.7_expected>=2000_top1_by_direct_expected_return,4,4,1.0,400,0,-400,0.0,0.0,0,0.0,0.0,0.7085659848188575,0.7008676754884594,108.54999999999998,104.19999999999999,7690.177406279861,0,0.0,0.0,0.0,3,0
odds_100_1000_score>=0.7_expected>=2000_top2_by_direct_expected_return,4,4,1.0,400,0,-400,0.0,0.0,0,0.0,0.0,0.7085659848188575,0.7008676754884594,108.54999999999998,104.19999999999999,7690.177406279861,0,0.0,0.0,0.0,3,0
odds_100_1000_score>=0.7_expected>=2000_top3_by_direct_expected_return,4,4,1.0,400,0,-400,0.0,0.0,0,0.0,0.0,0.7085659848188575,0.7008676754884594,108.54999999999998,104.19999999999999,7690.177406279861,0,0.0,0.0,0.0,3,0
odds_100_1000_score>=0.7_expected>=2000_top5_by_direct_expected_return,4,4,1.0,400,0,-400,0.0,0.0,0,0.0,0.0,0.7085659848188575,0.7008676754884594,108.54999999999998,104.19999999999999,7690.177406279861,0,0.0,0.0,0.0,3,0
odds_100_1000_score>=0.7_expected>=2000_top10_by_direct_expected_return,4,4,1.0,400,0,-400,0.0,0.0,0,0.0,0.0,0.7085659848188575,0.7008676754884594,108.54999999999998,104.19999999999999,7690.177406279861,0,0.0,0.0,0.0,3,0
odds_100_1000_score>=0.7_expected>=3000_top1_by_direct_ticket_score,4,4,1.0,400,0,-400,0.0,0.0,0,0.0,0.0,0.7085659848188575,0.7008676754884594,108.54999999999998,104.19999999999999,7690.177406279861,0,0.0,0.0,0.0,3,0
odds_100_1000_score>=0.7_expected>=3000_top2_by_direct_ticket_score,4,4,1.0,400,0,-400,0.0,0.0,0,0.0,0.0,0.7085659848188575,0.7008676754884594,108.54999999999998,104.19999999999999,7690.177406279861,0,0.0,0.0,0.0,3,0
odds_100_1000_score>=0.7_expected>=3000_top3_by_direct_ticket_score,4,4,1.0,400,0,-400,0.0,0.0,0,0.0,0.0,0.7085659848188575,0.7008676754884594,108.54999999999998,104.19999999999999,7690.177406279861,0,0.0,0.0,0.0,3,0
odds_100_1000_score>=0.7_expected>=3000_top5_by_direct_ticket_score,4,4,1.0,400,0,-400,0.0,0.0,0,0.0,0.0,0.7085659848188575,0.7008676754884594,108.54999999999998,104.19999999999999,7690.177406279861,0,0.0,0.0,0.0,3,0
odds_100_1000_score>=0.7_expected>=3000_top10_by_direct_ticket_score,4,4,1.0,400,0,-400,0.0,0.0,0,0.0,0.0,0.7085659848188575,0.7008676754884594,108.54999999999998,104.19999999999999,7690.177406279861,0,0.0,0.0,0.0,3,0
odds_100_1000_score>=0.7_expected>=3000_top1_by_direct_expected_return,4,4,1.0,400,0,-400,0.0,0.0,0,0.0,0.0,0.7085659848188575,0.7008676754884594,108.54999999999998,104.19999999999999,7690.177406279861,0,0.0,0.0,0.0,3,0
odds_100_1000_score>=0.7_expected>=3000_top2_by_direct_expected_return,4,4,1.0,400,0,-400,0.0,0.0,0,0.0,0.0,0.7085659848188575,0.7008676754884594,108.54999999999998,104.19999999999999,7690.177406279861,0,0.0,0.0,0.0,3,0
odds_100_1000_score>=0.7_expected>=3000_top3_by_direct_expected_return,4,4,1.0,400,0,-400,0.0,0.0,0,0.0,0.0,0.7085659848188575,0.7008676754884594,108.54999999999998,104.19999999999999,7690.177406279861,0,0.0,0.0,0.0,3,0
odds_100_1000_score>=0.7_expected>=3000_top5_by_direct_expected_return,4,4,1.0,400,0,-400,0.0,0.0,0,0.0,0.0,0.7085659848188575,0.7008676754884594,108.54999999999998,104.19999999999999,7690.177406279861,0,0.0,0.0,0.0,3,0
odds_100_1000_score>=0.7_expected>=3000_top10_by_direct_expected_return,4,4,1.0,400,0,-400,0.0,0.0,0,0.0,0.0,0.7085659848188575,0.7008676754884594,108.54999999999998,104.19999999999999,7690.177406279861,0,0.0,0.0,0.0,3,0
odds_100_1000_score>=0.7_expected>=5000_top1_by_direct_ticket_score,4,4,1.0,400,0,-400,0.0,0.0,0,0.0,0.0,0.7085659848188575,0.7008676754884594,108.54999999999998,104.19999999999999,7690.177406279861,0,0.0,0.0,0.0,3,0
odds_100_1000_score>=0.7_expected>=5000_top2_by_direct_ticket_score,4,4,1.0,400,0,-400,0.0,0.0,0,0.0,0.0,0.7085659848188575,0.7008676754884594,108.54999999999998,104.19999999999999,7690.177406279861,0,0.0,0.0,0.0,3,0
odds_100_1000_score>=0.7_expected>=5000_top3_by_direct_ticket_score,4,4,1.0,400,0,-400,0.0,0.0,0,0.0,0.0,0.7085659848188575,0.7008676754884594,108.54999999999998,104.19999999999999,7690.177406279861,0,0.0,0.0,0.0,3,0
odds_100_1000_score>=0.7_expected>=5000_top5_by_direct_ticket_score,4,4,1.0,400,0,-400,0.0,0.0,0,0.0,0.0,0.7085659848188575,0.7008676754884594,108.54999999999998,104.19999999999999,7690.177406279861,0,0.0,0.0,0.0,3,0
odds_100_1000_score>=0.7_expected>=5000_top10_by_direct_ticket_score,4,4,1.0,400,0,-400,0.0,0.0,0,0.0,0.0,0.7085659848188575,0.7008676754884594,108.54999999999998,104.19999999999999,7690.177406279861,0,0.0,0.0,0.0,3,0
odds_100_1000_score>=0.7_expected>=5000_top1_by_direct_expected_return,4,4,1.0,400,0,-400,0.0,0.0,0,0.0,0.0,0.7085659848188575,0.7008676754884594,108.54999999999998,104.19999999999999,7690.177406279861,0,0.0,0.0,0.0,3,0
odds_100_1000_score>=0.7_expected>=5000_top2_by_direct_expected_return,4,4,1.0,400,0,-400,0.0,0.0,0,0.0,0.0,0.7085659848188575,0.7008676754884594,108.54999999999998,104.19999999999999,7690.177406279861,0,0.0,0.0,0.0,3,0
odds_100_1000_score>=0.7_expected>=5000_top3_by_direct_expected_return,4,4,1.0,400,0,-400,0.0,0.0,0,0.0,0.0,0.7085659848188575,0.7008676754884594,108.54999999999998,104.19999999999999,7690.177406279861,0,0.0,0.0,0.0,3,0
odds_100_1000_score>=0.7_expected>=5000_top5_by_direct_expected_return,4,4,1.0,400,0,-400,0.0,0.0,0,0.0,0.0,0.7085659848188575,0.7008676754884594,108.54999999999998,104.19999999999999,7690.177406279861,0,0.0,0.0,0.0,3,0
odds_100_1000_score>=0.7_expected>=5000_top10_by_direct_expected_return,4,4,1.0,400,0,-400,0.0,0.0,0,0.0,0.0,0.7085659848188575,0.7008676754884594,108.54999999999998,104.19999999999999,7690.177406279861,0,0.0,0.0,0.0,3,0
odds_30plus_score>=0.8_expected>=5000_top1_by_direct_ticket_score,19,19,1.0,1900,0,-1900,0.0,0.0,0,0.0,0.0,0.8115933855078573,0.8000362375774834,64.71578947368421,64.7,5251.776660083141,0,0.0,0.0,0.0,6,0
odds_30plus_score>=0.8_expected>=5000_top2_by_direct_ticket_score,19,20,1.0526315789473684,2000,0,-2000,0.0,0.0,0,0.0,0.0,0.8110954860985531,0.8000362375774834,64.865,64.85,5260.541409072404,0,0.0,0.0,0.0,6,0
odds_30plus_score>=0.8_expected>=5000_top3_by_direct_ticket_score,19,20,1.0526315789473684,2000,0,-2000,0.0,0.0,0,0.0,0.0,0.8110954860985531,0.8000362375774834,64.865,64.85,5260.541409072404,0,0.0,0.0,0.0,6,0
odds_30plus_score>=0.8_expected>=5000_top5_by_direct_ticket_score,19,20,1.0526315789473684,2000,0,-2000,0.0,0.0,0,0.0,0.0,0.8110954860985531,0.8000362375774834,64.865,64.85,5260.541409072404,0,0.0,0.0,0.0,6,0
odds_30plus_score>=0.8_expected>=5000_top10_by_direct_ticket_score,19,20,1.0526315789473684,2000,0,-2000,0.0,0.0,0,0.0,0.0,0.8110954860985531,0.8000362375774834,64.865,64.85,5260.541409072404,0,0.0,0.0,0.0,6,0
odds_30plus_score>=0.8_expected>=5000_top1_by_direct_expected_return,19,19,1.0,1900,0,-1900,0.0,0.0,0,0.0,0.0,0.8111662474710984,0.8000362375774834,64.81052631578947,64.7,5256.556261027107,0,0.0,0.0,0.0,6,0
odds_30plus_score>=0.8_expected>=5000_top2_by_direct_expected_return,19,20,1.0526315789473684,2000,0,-2000,0.0,0.0,0,0.0,0.0,0.8110954860985531,0.8000362375774834,64.865,64.85,5260.541409072404,0,0.0,0.0,0.0,6,0
odds_30plus_score>=0.8_expected>=5000_top3_by_direct_expected_return,19,20,1.0526315789473684,2000,0,-2000,0.0,0.0,0,0.0,0.0,0.8110954860985531,0.8000362375774834,64.865,64.85,5260.541409072404,0,0.0,0.0,0.0,6,0
odds_30plus_score>=0.8_expected>=5000_top5_by_direct_expected_return,19,20,1.0526315789473684,2000,0,-2000,0.0,0.0,0,0.0,0.0,0.8110954860985531,0.8000362375774834,64.865,64.85,5260.541409072404,0,0.0,0.0,0.0,6,0
odds_30plus_score>=0.8_expected>=5000_top10_by_direct_expected_return,19,20,1.0526315789473684,2000,0,-2000,0.0,0.0,0,0.0,0.0,0.8110954860985531,0.8000362375774834,64.865,64.85,5260.541409072404,0,0.0,0.0,0.0,6,0
odds_30plus_score>=0.85_expected>=3000_top1_by_direct_ticket_score,139,139,1.0,13900,0,-13900,0.0,0.0,0,0.0,0.0,0.8581057701443714,0.8500153554070881,37.63812949640288,37.0,3229.146749169333,0,0.0,0.0,0.0,6,0
odds_30plus_score>=0.85_expected>=3000_top2_by_direct_ticket_score,139,145,1.0431654676258992,14500,0,-14500,0.0,0.0,0,0.0,0.0,0.85792486136243,0.8500153554070881,37.62896551724138,37.0,3227.7247102484052,0,0.0,0.0,0.0,6,0
odds_30plus_score>=0.85_expected>=3000_top3_by_direct_ticket_score,139,145,1.0431654676258992,14500,0,-14500,0.0,0.0,0,0.0,0.0,0.85792486136243,0.8500153554070881,37.62896551724138,37.0,3227.7247102484052,0,0.0,0.0,0.0,6,0
odds_30plus_score>=0.85_expected>=3000_top5_by_direct_ticket_score,139,145,1.0431654676258992,14500,0,-14500,0.0,0.0,0,0.0,0.0,0.85792486136243,0.8500153554070881,37.62896551724138,37.0,3227.7247102484052,0,0.0,0.0,0.0,6,0
odds_30plus_score>=0.85_expected>=3000_top10_by_direct_ticket_score,139,145,1.0431654676258992,14500,0,-14500,0.0,0.0,0,0.0,0.0,0.85792486136243,0.8500153554070881,37.62896551724138,37.0,3227.7247102484052,0,0.0,0.0,0.0,6,0
odds_30plus_score>=0.85_expected>=3000_top1_by_direct_expected_return,139,139,1.0,13900,0,-13900,0.0,0.0,0,0.0,0.0,0.8580707507731649,0.8500153554070881,37.664748201438854,37.0,3231.297782708277,0,0.0,0.0,0.0,6,0
odds_30plus_score>=0.85_expected>=3000_top2_by_direct_expected_return,139,145,1.0431654676258992,14500,0,-14500,0.0,0.0,0,0.0,0.0,0.85792486136243,0.8500153554070881,37.62896551724138,37.0,3227.7247102484052,0,0.0,0.0,0.0,6,0
odds_30plus_score>=0.85_expected>=3000_top3_by_direct_expected_return,139,145,1.0431654676258992,14500,0,-14500,0.0,0.0,0,0.0,0.0,0.85792486136243,0.8500153554070881,37.62896551724138,37.0,3227.7247102484052,0,0.0,0.0,0.0,6,0
odds_30plus_score>=0.85_expected>=3000_top5_by_direct_expected_return,139,145,1.0431654676258992,14500,0,-14500,0.0,0.0,0,0.0,0.0,0.85792486136243,0.8500153554070881,37.62896551724138,37.0,3227.7247102484052,0,0.0,0.0,0.0,6,0
odds_30plus_score>=0.85_expected>=3000_top10_by_direct_expected_return,139,145,1.0431654676258992,14500,0,-14500,0.0,0.0,0,0.0,0.0,0.85792486136243,0.8500153554070881,37.62896551724138,37.0,3227.7247102484052,0,0.0,0.0,0.0,6,0
odds_50plus_score>=0.8_expected>=5000_top1_by_direct_ticket_score,19,19,1.0,1900,0,-1900,0.0,0.0,0,0.0,0.0,0.8115933855078573,0.8000362375774834,64.71578947368421,64.7,5251.776660083141,0,0.0,0.0,0.0,6,0
odds_50plus_score>=0.8_expected>=5000_top2_by_direct_ticket_score,19,20,1.0526315789473684,2000,0,-2000,0.0,0.0,0,0.0,0.0,0.8110954860985531,0.8000362375774834,64.865,64.85,5260.541409072404,0,0.0,0.0,0.0,6,0
odds_50plus_score>=0.8_expected>=5000_top3_by_direct_ticket_score,19,20,1.0526315789473684,2000,0,-2000,0.0,0.0,0,0.0,0.0,0.8110954860985531,0.8000362375774834,64.865,64.85,5260.541409072404,0,0.0,0.0,0.0,6,0
odds_50plus_score>=0.8_expected>=5000_top5_by_direct_ticket_score,19,20,1.0526315789473684,2000,0,-2000,0.0,0.0,0,0.0,0.0,0.8110954860985531,0.8000362375774834,64.865,64.85,5260.541409072404,0,0.0,0.0,0.0,6,0
odds_50plus_score>=0.8_expected>=5000_top10_by_direct_ticket_score,19,20,1.0526315789473684,2000,0,-2000,0.0,0.0,0,0.0,0.0,0.8110954860985531,0.8000362375774834,64.865,64.85,5260.541409072404,0,0.0,0.0,0.0,6,0
odds_50plus_score>=0.8_expected>=5000_top1_by_direct_expected_return,19,19,1.0,1900,0,-1900,0.0,0.0,0,0.0,0.0,0.8111662474710984,0.8000362375774834,64.81052631578947,64.7,5256.556261027107,0,0.0,0.0,0.0,6,0
odds_50plus_score>=0.8_expected>=5000_top2_by_direct_expected_return,19,20,1.0526315789473684,2000,0,-2000,0.0,0.0,0,0.0,0.0,0.8110954860985531,0.8000362375774834,64.865,64.85,5260.541409072404,0,0.0,0.0,0.0,6,0
odds_50plus_score>=0.8_expected>=5000_top3_by_direct_expected_return,19,20,1.0526315789473684,2000,0,-2000,0.0,0.0,0,0.0,0.0,0.8110954860985531,0.8000362375774834,64.865,64.85,5260.541409072404,0,0.0,0.0,0.0,6,0
odds_50plus_score>=0.8_expected>=5000_top5_by_direct_expected_return,19,20,1.0526315789473684,2000,0,-2000,0.0,0.0,0,0.0,0.0,0.8110954860985531,0.8000362375774834,64.865,64.85,5260.541409072404,0,0.0,0.0,0.0,6,0
odds_50plus_score>=0.8_expected>=5000_top10_by_direct_expected_return,19,20,1.0526315789473684,2000,0,-2000,0.0,0.0,0,0.0,0.0,0.8110954860985531,0.8000362375774834,64.865,64.85,5260.541409072404,0,0.0,0.0,0.0,6,0
odds_50plus_score>=0.85_expected>=0_top1_by_direct_ticket_score,1,1,1.0,100,0,-100,0.0,0.0,0,0.0,0.0,0.852600383075351,0.852600383075351,50.4,50.4,4297.1059306997695,0,0.0,0.0,0.0,1,0
odds_50plus_score>=0.85_expected>=0_top2_by_direct_ticket_score,1,1,1.0,100,0,-100,0.0,0.0,0,0.0,0.0,0.852600383075351,0.852600383075351,50.4,50.4,4297.1059306997695,0,0.0,0.0,0.0,1,0
odds_50plus_score>=0.85_expected>=0_top3_by_direct_ticket_score,1,1,1.0,100,0,-100,0.0,0.0,0,0.0,0.0,0.852600383075351,0.852600383075351,50.4,50.4,4297.1059306997695,0,0.0,0.0,0.0,1,0
odds_50plus_score>=0.85_expected>=0_top5_by_direct_ticket_score,1,1,1.0,100,0,-100,0.0,0.0,0,0.0,0.0,0.852600383075351,0.852600383075351,50.4,50.4,4297.1059306997695,0,0.0,0.0,0.0,1,0
odds_50plus_score>=0.85_expected>=0_top10_by_direct_ticket_score,1,1,1.0,100,0,-100,0.0,0.0,0,0.0,0.0,0.852600383075351,0.852600383075351,50.4,50.4,4297.1059306997695,0,0.0,0.0,0.0,1,0
odds_50plus_score>=0.85_expected>=0_top1_by_direct_expected_return,1,1,1.0,100,0,-100,0.0,0.0,0,0.0,0.0,0.852600383075351,0.852600383075351,50.4,50.4,4297.1059306997695,0,0.0,0.0,0.0,1,0
odds_50plus_score>=0.85_expected>=0_top2_by_direct_expected_return,1,1,1.0,100,0,-100,0.0,0.0,0,0.0,0.0,0.852600383075351,0.852600383075351,50.4,50.4,4297.1059306997695,0,0.0,0.0,0.0,1,0
odds_50plus_score>=0.85_expected>=0_top3_by_direct_expected_return,1,1,1.0,100,0,-100,0.0,0.0,0,0.0,0.0,0.852600383075351,0.852600383075351,50.4,50.4,4297.1059306997695,0,0.0,0.0,0.0,1,0
odds_50plus_score>=0.85_expected>=0_top5_by_direct_expected_return,1,1,1.0,100,0,-100,0.0,0.0,0,0.0,0.0,0.852600383075351,0.852600383075351,50.4,50.4,4297.1059306997695,0,0.0,0.0,0.0,1,0
odds_50plus_score>=0.85_expected>=0_top10_by_direct_expected_return,1,1,1.0,100,0,-100,0.0,0.0,0,0.0,0.0,0.852600383075351,0.852600383075351,50.4,50.4,4297.1059306997695,0,0.0,0.0,0.0,1,0
odds_50plus_score>=0.85_expected>=500_top1_by_direct_ticket_score,1,1,1.0,100,0,-100,0.0,0.0,0,0.0,0.0,0.852600383075351,0.852600383075351,50.4,50.4,4297.1059306997695,0,0.0,0.0,0.0,1,0
odds_50plus_score>=0.85_expected>=500_top2_by_direct_ticket_score,1,1,1.0,100,0,-100,0.0,0.0,0,0.0,0.0,0.852600383075351,0.852600383075351,50.4,50.4,4297.1059306997695,0,0.0,0.0,0.0,1,0
odds_50plus_score>=0.85_expected>=500_top3_by_direct_ticket_score,1,1,1.0,100,0,-100,0.0,0.0,0,0.0,0.0,0.852600383075351,0.852600383075351,50.4,50.4,4297.1059306997695,0,0.0,0.0,0.0,1,0
odds_50plus_score>=0.85_expected>=500_top5_by_direct_ticket_score,1,1,1.0,100,0,-100,0.0,0.0,0,0.0,0.0,0.852600383075351,0.852600383075351,50.4,50.4,4297.1059306997695,0,0.0,0.0,0.0,1,0
odds_50plus_score>=0.85_expected>=500_top10_by_direct_ticket_score,1,1,1.0,100,0,-100,0.0,0.0,0,0.0,0.0,0.852600383075351,0.852600383075351,50.4,50.4,4297.1059306997695,0,0.0,0.0,0.0,1,0
odds_50plus_score>=0.85_expected>=500_top1_by_direct_expected_return,1,1,1.0,100,0,-100,0.0,0.0,0,0.0,0.0,0.852600383075351,0.852600383075351,50.4,50.4,4297.1059306997695,0,0.0,0.0,0.0,1,0
odds_50plus_score>=0.85_expected>=500_top2_by_direct_expected_return,1,1,1.0,100,0,-100,0.0,0.0,0,0.0,0.0,0.852600383075351,0.852600383075351,50.4,50.4,4297.1059306997695,0,0.0,0.0,0.0,1,0
odds_50plus_score>=0.85_expected>=500_top3_by_direct_expected_return,1,1,1.0,100,0,-100,0.0,0.0,0,0.0,0.0,0.852600383075351,0.852600383075351,50.4,50.4,4297.1059306997695,0,0.0,0.0,0.0,1,0
odds_50plus_score>=0.85_expected>=500_top5_by_direct_expected_return,1,1,1.0,100,0,-100,0.0,0.0,0,0.0,0.0,0.852600383075351,0.852600383075351,50.4,50.4,4297.1059306997695,0,0.0,0.0,0.0,1,0
odds_50plus_score>=0.85_expected>=500_top10_by_direct_expected_return,1,1,1.0,100,0,-100,0.0,0.0,0,0.0,0.0,0.852600383075351,0.852600383075351,50.4,50.4,4297.1059306997695,0,0.0,0.0,0.0,1,0
odds_50plus_score>=0.85_expected>=1000_top1_by_direct_ticket_score,1,1,1.0,100,0,-100,0.0,0.0,0,0.0,0.0,0.852600383075351,0.852600383075351,50.4,50.4,4297.1059306997695,0,0.0,0.0,0.0,1,0
odds_50plus_score>=0.85_expected>=1000_top2_by_direct_ticket_score,1,1,1.0,100,0,-100,0.0,0.0,0,0.0,0.0,0.852600383075351,0.852600383075351,50.4,50.4,4297.1059306997695,0,0.0,0.0,0.0,1,0
odds_50plus_score>=0.85_expected>=1000_top3_by_direct_ticket_score,1,1,1.0,100,0,-100,0.0,0.0,0,0.0,0.0,0.852600383075351,0.852600383075351,50.4,50.4,4297.1059306997695,0,0.0,0.0,0.0,1,0
odds_50plus_score>=0.85_expected>=1000_top5_by_direct_ticket_score,1,1,1.0,100,0,-100,0.0,0.0,0,0.0,0.0,0.852600383075351,0.852600383075351,50.4,50.4,4297.1059306997695,0,0.0,0.0,0.0,1,0
odds_50plus_score>=0.85_expected>=1000_top10_by_direct_ticket_score,1,1,1.0,100,0,-100,0.0,0.0,0,0.0,0.0,0.852600383075351,0.852600383075351,50.4,50.4,4297.1059306997695,0,0.0,0.0,0.0,1,0
odds_50plus_score>=0.85_expected>=1000_top1_by_direct_expected_return,1,1,1.0,100,0,-100,0.0,0.0,0,0.0,0.0,0.852600383075351,0.852600383075351,50.4,50.4,4297.1059306997695,0,0.0,0.0,0.0,1,0
odds_50plus_score>=0.85_expected>=1000_top2_by_direct_expected_return,1,1,1.0,100,0,-100,0.0,0.0,0,0.0,0.0,0.852600383075351,0.852600383075351,50.4,50.4,4297.1059306997695,0,0.0,0.0,0.0,1,0
odds_50plus_score>=0.85_expected>=1000_top3_by_direct_expected_return,1,1,1.0,100,0,-100,0.0,0.0,0,0.0,0.0,0.852600383075351,0.852600383075351,50.4,50.4,4297.1059306997695,0,0.0,0.0,0.0,1,0
odds_50plus_score>=0.85_expected>=1000_top5_by_direct_expected_return,1,1,1.0,100,0,-100,0.0,0.0,0,0.0,0.0,0.852600383075351,0.852600383075351,50.4,50.4,4297.1059306997695,0,0.0,0.0,0.0,1,0
odds_50plus_score>=0.85_expected>=1000_top10_by_direct_expected_return,1,1,1.0,100,0,-100,0.0,0.0,0,0.0,0.0,0.852600383075351,0.852600383075351,50.4,50.4,4297.1059306997695,0,0.0,0.0,0.0,1,0
odds_50plus_score>=0.85_expected>=1500_top1_by_direct_ticket_score,1,1,1.0,100,0,-100,0.0,0.0,0,0.0,0.0,0.852600383075351,0.852600383075351,50.4,50.4,4297.1059306997695,0,0.0,0.0,0.0,1,0
odds_50plus_score>=0.85_expected>=1500_top2_by_direct_ticket_score,1,1,1.0,100,0,-100,0.0,0.0,0,0.0,0.0,0.852600383075351,0.852600383075351,50.4,50.4,4297.1059306997695,0,0.0,0.0,0.0,1,0
odds_50plus_score>=0.85_expected>=1500_top3_by_direct_ticket_score,1,1,1.0,100,0,-100,0.0,0.0,0,0.0,0.0,0.852600383075351,0.852600383075351,50.4,50.4,4297.1059306997695,0,0.0,0.0,0.0,1,0
odds_50plus_score>=0.85_expected>=1500_top5_by_direct_ticket_score,1,1,1.0,100,0,-100,0.0,0.0,0,0.0,0.0,0.852600383075351,0.852600383075351,50.4,50.4,4297.1059306997695,0,0.0,0.0,0.0,1,0
odds_50plus_score>=0.85_expected>=1500_top10_by_direct_ticket_score,1,1,1.0,100,0,-100,0.0,0.0,0,0.0,0.0,0.852600383075351,0.852600383075351,50.4,50.4,4297.1059306997695,0,0.0,0.0,0.0,1,0
odds_50plus_score>=0.85_expected>=1500_top1_by_direct_expected_return,1,1,1.0,100,0,-100,0.0,0.0,0,0.0,0.0,0.852600383075351,0.852600383075351,50.4,50.4,4297.1059306997695,0,0.0,0.0,0.0,1,0
odds_50plus_score>=0.85_expected>=1500_top2_by_direct_expected_return,1,1,1.0,100,0,-100,0.0,0.0,0,0.0,0.0,0.852600383075351,0.852600383075351,50.4,50.4,4297.1059306997695,0,0.0,0.0,0.0,1,0
odds_50plus_score>=0.85_expected>=1500_top3_by_direct_expected_return,1,1,1.0,100,0,-100,0.0,0.0,0,0.0,0.0,0.852600383075351,0.852600383075351,50.4,50.4,4297.1059306997695,0,0.0,0.0,0.0,1,0
odds_50plus_score>=0.85_expected>=1500_top5_by_direct_expected_return,1,1,1.0,100,0,-100,0.0,0.0,0,0.0,0.0,0.852600383075351,0.852600383075351,50.4,50.4,4297.1059306997695,0,0.0,0.0,0.0,1,0
odds_50plus_score>=0.85_expected>=1500_top10_by_direct_expected_return,1,1,1.0,100,0,-100,0.0,0.0,0,0.0,0.0,0.852600383075351,0.852600383075351,50.4,50.4,4297.1059306997695,0,0.0,0.0,0.0,1,0
odds_50plus_score>=0.85_expected>=2000_top1_by_direct_ticket_score,1,1,1.0,100,0,-100,0.0,0.0,0,0.0,0.0,0.852600383075351,0.852600383075351,50.4,50.4,4297.1059306997695,0,0.0,0.0,0.0,1,0
odds_50plus_score>=0.85_expected>=2000_top2_by_direct_ticket_score,1,1,1.0,100,0,-100,0.0,0.0,0,0.0,0.0,0.852600383075351,0.852600383075351,50.4,50.4,4297.1059306997695,0,0.0,0.0,0.0,1,0
odds_50plus_score>=0.85_expected>=2000_top3_by_direct_ticket_score,1,1,1.0,100,0,-100,0.0,0.0,0,0.0,0.0,0.852600383075351,0.852600383075351,50.4,50.4,4297.1059306997695,0,0.0,0.0,0.0,1,0
odds_50plus_score>=0.85_expected>=2000_top5_by_direct_ticket_score,1,1,1.0,100,0,-100,0.0,0.0,0,0.0,0.0,0.852600383075351,0.852600383075351,50.4,50.4,4297.1059306997695,0,0.0,0.0,0.0,1,0
odds_50plus_score>=0.85_expected>=2000_top10_by_direct_ticket_score,1,1,1.0,100,0,-100,0.0,0.0,0,0.0,0.0,0.852600383075351,0.852600383075351,50.4,50.4,4297.1059306997695,0,0.0,0.0,0.0,1,0
odds_50plus_score>=0.85_expected>=2000_top1_by_direct_expected_return,1,1,1.0,100,0,-100,0.0,0.0,0,0.0,0.0,0.852600383075351,0.852600383075351,50.4,50.4,4297.1059306997695,0,0.0,0.0,0.0,1,0
odds_50plus_score>=0.85_expected>=2000_top2_by_direct_expected_return,1,1,1.0,100,0,-100,0.0,0.0,0,0.0,0.0,0.852600383075351,0.852600383075351,50.4,50.4,4297.1059306997695,0,0.0,0.0,0.0,1,0
odds_50plus_score>=0.85_expected>=2000_top3_by_direct_expected_return,1,1,1.0,100,0,-100,0.0,0.0,0,0.0,0.0,0.852600383075351,0.852600383075351,50.4,50.4,4297.1059306997695,0,0.0,0.0,0.0,1,0
odds_50plus_score>=0.85_expected>=2000_top5_by_direct_expected_return,1,1,1.0,100,0,-100,0.0,0.0,0,0.0,0.0,0.852600383075351,0.852600383075351,50.4,50.4,4297.1059306997695,0,0.0,0.0,0.0,1,0
odds_50plus_score>=0.85_expected>=2000_top10_by_direct_expected_return,1,1,1.0,100,0,-100,0.0,0.0,0,0.0,0.0,0.852600383075351,0.852600383075351,50.4,50.4,4297.1059306997695,0,0.0,0.0,0.0,1,0
odds_50plus_score>=0.85_expected>=3000_top1_by_direct_ticket_score,1,1,1.0,100,0,-100,0.0,0.0,0,0.0,0.0,0.852600383075351,0.852600383075351,50.4,50.4,4297.1059306997695,0,0.0,0.0,0.0,1,0
odds_50plus_score>=0.85_expected>=3000_top2_by_direct_ticket_score,1,1,1.0,100,0,-100,0.0,0.0,0,0.0,0.0,0.852600383075351,0.852600383075351,50.4,50.4,4297.1059306997695,0,0.0,0.0,0.0,1,0
odds_50plus_score>=0.85_expected>=3000_top3_by_direct_ticket_score,1,1,1.0,100,0,-100,0.0,0.0,0,0.0,0.0,0.852600383075351,0.852600383075351,50.4,50.4,4297.1059306997695,0,0.0,0.0,0.0,1,0
odds_50plus_score>=0.85_expected>=3000_top5_by_direct_ticket_score,1,1,1.0,100,0,-100,0.0,0.0,0,0.0,0.0,0.852600383075351,0.852600383075351,50.4,50.4,4297.1059306997695,0,0.0,0.0,0.0,1,0
odds_50plus_score>=0.85_expected>=3000_top10_by_direct_ticket_score,1,1,1.0,100,0,-100,0.0,0.0,0,0.0,0.0,0.852600383075351,0.852600383075351,50.4,50.4,4297.1059306997695,0,0.0,0.0,0.0,1,0
odds_50plus_score>=0.85_expected>=3000_top1_by_direct_expected_return,1,1,1.0,100,0,-100,0.0,0.0,0,0.0,0.0,0.852600383075351,0.852600383075351,50.4,50.4,4297.1059306997695,0,0.0,0.0,0.0,1,0
odds_50plus_score>=0.85_expected>=3000_top2_by_direct_expected_return,1,1,1.0,100,0,-100,0.0,0.0,0,0.0,0.0,0.852600383075351,0.852600383075351,50.4,50.4,4297.1059306997695,0,0.0,0.0,0.0,1,0
odds_50plus_score>=0.85_expected>=3000_top3_by_direct_expected_return,1,1,1.0,100,0,-100,0.0,0.0,0,0.0,0.0,0.852600383075351,0.852600383075351,50.4,50.4,4297.1059306997695,0,0.0,0.0,0.0,1,0
odds_50plus_score>=0.85_expected>=3000_top5_by_direct_expected_return,1,1,1.0,100,0,-100,0.0,0.0,0,0.0,0.0,0.852600383075351,0.852600383075351,50.4,50.4,4297.1059306997695,0,0.0,0.0,0.0,1,0
odds_50plus_score>=0.85_expected>=3000_top10_by_direct_expected_return,1,1,1.0,100,0,-100,0.0,0.0,0,0.0,0.0,0.852600383075351,0.852600383075351,50.4,50.4,4297.1059306997695,0,0.0,0.0,0.0,1,0
odds_100plus_score>=0.7_expected>=0_top1_by_direct_ticket_score,4,4,1.0,400,0,-400,0.0,0.0,0,0.0,0.0,0.7085659848188575,0.7008676754884594,108.54999999999998,104.19999999999999,7690.177406279861,0,0.0,0.0,0.0,3,0
odds_100plus_score>=0.7_expected>=0_top2_by_direct_ticket_score,4,4,1.0,400,0,-400,0.0,0.0,0,0.0,0.0,0.7085659848188575,0.7008676754884594,108.54999999999998,104.19999999999999,7690.177406279861,0,0.0,0.0,0.0,3,0
odds_100plus_score>=0.7_expected>=0_top3_by_direct_ticket_score,4,4,1.0,400,0,-400,0.0,0.0,0,0.0,0.0,0.7085659848188575,0.7008676754884594,108.54999999999998,104.19999999999999,7690.177406279861,0,0.0,0.0,0.0,3,0
odds_100plus_score>=0.7_expected>=0_top5_by_direct_ticket_score,4,4,1.0,400,0,-400,0.0,0.0,0,0.0,0.0,0.7085659848188575,0.7008676754884594,108.54999999999998,104.19999999999999,7690.177406279861,0,0.0,0.0,0.0,3,0
odds_100plus_score>=0.7_expected>=0_top10_by_direct_ticket_score,4,4,1.0,400,0,-400,0.0,0.0,0,0.0,0.0,0.7085659848188575,0.7008676754884594,108.54999999999998,104.19999999999999,7690.177406279861,0,0.0,0.0,0.0,3,0
odds_100plus_score>=0.7_expected>=0_top1_by_direct_expected_return,4,4,1.0,400,0,-400,0.0,0.0,0,0.0,0.0,0.7085659848188575,0.7008676754884594,108.54999999999998,104.19999999999999,7690.177406279861,0,0.0,0.0,0.0,3,0
odds_100plus_score>=0.7_expected>=0_top2_by_direct_expected_return,4,4,1.0,400,0,-400,0.0,0.0,0,0.0,0.0,0.7085659848188575,0.7008676754884594,108.54999999999998,104.19999999999999,7690.177406279861,0,0.0,0.0,0.0,3,0
odds_100plus_score>=0.7_expected>=0_top3_by_direct_expected_return,4,4,1.0,400,0,-400,0.0,0.0,0,0.0,0.0,0.7085659848188575,0.7008676754884594,108.54999999999998,104.19999999999999,7690.177406279861,0,0.0,0.0,0.0,3,0
odds_100plus_score>=0.7_expected>=0_top5_by_direct_expected_return,4,4,1.0,400,0,-400,0.0,0.0,0,0.0,0.0,0.7085659848188575,0.7008676754884594,108.54999999999998,104.19999999999999,7690.177406279861,0,0.0,0.0,0.0,3,0
odds_100plus_score>=0.7_expected>=0_top10_by_direct_expected_return,4,4,1.0,400,0,-400,0.0,0.0,0,0.0,0.0,0.7085659848188575,0.7008676754884594,108.54999999999998,104.19999999999999,7690.177406279861,0,0.0,0.0,0.0,3,0
odds_100plus_score>=0.7_expected>=500_top1_by_direct_ticket_score,4,4,1.0,400,0,-400,0.0,0.0,0,0.0,0.0,0.7085659848188575,0.7008676754884594,108.54999999999998,104.19999999999999,7690.177406279861,0,0.0,0.0,0.0,3,0
odds_100plus_score>=0.7_expected>=500_top2_by_direct_ticket_score,4,4,1.0,400,0,-400,0.0,0.0,0,0.0,0.0,0.7085659848188575,0.7008676754884594,108.54999999999998,104.19999999999999,7690.177406279861,0,0.0,0.0,0.0,3,0
odds_100plus_score>=0.7_expected>=500_top3_by_direct_ticket_score,4,4,1.0,400,0,-400,0.0,0.0,0,0.0,0.0,0.7085659848188575,0.7008676754884594,108.54999999999998,104.19999999999999,7690.177406279861,0,0.0,0.0,0.0,3,0
odds_100plus_score>=0.7_expected>=500_top5_by_direct_ticket_score,4,4,1.0,400,0,-400,0.0,0.0,0,0.0,0.0,0.7085659848188575,0.7008676754884594,108.54999999999998,104.19999999999999,7690.177406279861,0,0.0,0.0,0.0,3,0
odds_100plus_score>=0.7_expected>=500_top10_by_direct_ticket_score,4,4,1.0,400,0,-400,0.0,0.0,0,0.0,0.0,0.7085659848188575,0.7008676754884594,108.54999999999998,104.19999999999999,7690.177406279861,0,0.0,0.0,0.0,3,0
odds_100plus_score>=0.7_expected>=500_top1_by_direct_expected_return,4,4,1.0,400,0,-400,0.0,0.0,0,0.0,0.0,0.7085659848188575,0.7008676754884594,108.54999999999998,104.19999999999999,7690.177406279861,0,0.0,0.0,0.0,3,0
odds_100plus_score>=0.7_expected>=500_top2_by_direct_expected_return,4,4,1.0,400,0,-400,0.0,0.0,0,0.0,0.0,0.7085659848188575,0.7008676754884594,108.54999999999998,104.19999999999999,7690.177406279861,0,0.0,0.0,0.0,3,0
odds_100plus_score>=0.7_expected>=500_top3_by_direct_expected_return,4,4,1.0,400,0,-400,0.0,0.0,0,0.0,0.0,0.7085659848188575,0.7008676754884594,108.54999999999998,104.19999999999999,7690.177406279861,0,0.0,0.0,0.0,3,0
odds_100plus_score>=0.7_expected>=500_top5_by_direct_expected_return,4,4,1.0,400,0,-400,0.0,0.0,0,0.0,0.0,0.7085659848188575,0.7008676754884594,108.54999999999998,104.19999999999999,7690.177406279861,0,0.0,0.0,0.0,3,0
odds_100plus_score>=0.7_expected>=500_top10_by_direct_expected_return,4,4,1.0,400,0,-400,0.0,0.0,0,0.0,0.0,0.7085659848188575,0.7008676754884594,108.54999999999998,104.19999999999999,7690.177406279861,0,0.0,0.0,0.0,3,0
odds_100plus_score>=0.7_expected>=1000_top1_by_direct_ticket_score,4,4,1.0,400,0,-400,0.0,0.0,0,0.0,0.0,0.7085659848188575,0.7008676754884594,108.54999999999998,104.19999999999999,7690.177406279861,0,0.0,0.0,0.0,3,0
odds_100plus_score>=0.7_expected>=1000_top2_by_direct_ticket_score,4,4,1.0,400,0,-400,0.0,0.0,0,0.0,0.0,0.7085659848188575,0.7008676754884594,108.54999999999998,104.19999999999999,7690.177406279861,0,0.0,0.0,0.0,3,0
odds_100plus_score>=0.7_expected>=1000_top3_by_direct_ticket_score,4,4,1.0,400,0,-400,0.0,0.0,0,0.0,0.0,0.7085659848188575,0.7008676754884594,108.54999999999998,104.19999999999999,7690.177406279861,0,0.0,0.0,0.0,3,0
odds_100plus_score>=0.7_expected>=1000_top5_by_direct_ticket_score,4,4,1.0,400,0,-400,0.0,0.0,0,0.0,0.0,0.7085659848188575,0.7008676754884594,108.54999999999998,104.19999999999999,7690.177406279861,0,0.0,0.0,0.0,3,0
odds_100plus_score>=0.7_expected>=1000_top10_by_direct_ticket_score,4,4,1.0,400,0,-400,0.0,0.0,0,0.0,0.0,0.7085659848188575,0.7008676754884594,108.54999999999998,104.19999999999999,7690.177406279861,0,0.0,0.0,0.0,3,0
odds_100plus_score>=0.7_expected>=1000_top1_by_direct_expected_return,4,4,1.0,400,0,-400,0.0,0.0,0,0.0,0.0,0.7085659848188575,0.7008676754884594,108.54999999999998,104.19999999999999,7690.177406279861,0,0.0,0.0,0.0,3,0
odds_100plus_score>=0.7_expected>=1000_top2_by_direct_expected_return,4,4,1.0,400,0,-400,0.0,0.0,0,0.0,0.0,0.7085659848188575,0.7008676754884594,108.54999999999998,104.19999999999999,7690.177406279861,0,0.0,0.0,0.0,3,0
odds_100plus_score>=0.7_expected>=1000_top3_by_direct_expected_return,4,4,1.0,400,0,-400,0.0,0.0,0,0.0,0.0,0.7085659848188575,0.7008676754884594,108.54999999999998,104.19999999999999,7690.177406279861,0,0.0,0.0,0.0,3,0
odds_100plus_score>=0.7_expected>=1000_top5_by_direct_expected_return,4,4,1.0,400,0,-400,0.0,0.0,0,0.0,0.0,0.7085659848188575,0.7008676754884594,108.54999999999998,104.19999999999999,7690.177406279861,0,0.0,0.0,0.0,3,0
odds_100plus_score>=0.7_expected>=1000_top10_by_direct_expected_return,4,4,1.0,400,0,-400,0.0,0.0,0,0.0,0.0,0.7085659848188575,0.7008676754884594,108.54999999999998,104.19999999999999,7690.177406279861,0,0.0,0.0,0.0,3,0
odds_100plus_score>=0.7_expected>=1500_top1_by_direct_ticket_score,4,4,1.0,400,0,-400,0.0,0.0,0,0.0,0.0,0.7085659848188575,0.7008676754884594,108.54999999999998,104.19999999999999,7690.177406279861,0,0.0,0.0,0.0,3,0
odds_100plus_score>=0.7_expected>=1500_top2_by_direct_ticket_score,4,4,1.0,400,0,-400,0.0,0.0,0,0.0,0.0,0.7085659848188575,0.7008676754884594,108.54999999999998,104.19999999999999,7690.177406279861,0,0.0,0.0,0.0,3,0
odds_100plus_score>=0.7_expected>=1500_top3_by_direct_ticket_score,4,4,1.0,400,0,-400,0.0,0.0,0,0.0,0.0,0.7085659848188575,0.7008676754884594,108.54999999999998,104.19999999999999,7690.177406279861,0,0.0,0.0,0.0,3,0
odds_100plus_score>=0.7_expected>=1500_top5_by_direct_ticket_score,4,4,1.0,400,0,-400,0.0,0.0,0,0.0,0.0,0.7085659848188575,0.7008676754884594,108.54999999999998,104.19999999999999,7690.177406279861,0,0.0,0.0,0.0,3,0
odds_100plus_score>=0.7_expected>=1500_top10_by_direct_ticket_score,4,4,1.0,400,0,-400,0.0,0.0,0,0.0,0.0,0.7085659848188575,0.7008676754884594,108.54999999999998,104.19999999999999,7690.177406279861,0,0.0,0.0,0.0,3,0
odds_100plus_score>=0.7_expected>=1500_top1_by_direct_expected_return,4,4,1.0,400,0,-400,0.0,0.0,0,0.0,0.0,0.7085659848188575,0.7008676754884594,108.54999999999998,104.19999999999999,7690.177406279861,0,0.0,0.0,0.0,3,0
odds_100plus_score>=0.7_expected>=1500_top2_by_direct_expected_return,4,4,1.0,400,0,-400,0.0,0.0,0,0.0,0.0,0.7085659848188575,0.7008676754884594,108.54999999999998,104.19999999999999,7690.177406279861,0,0.0,0.0,0.0,3,0
odds_100plus_score>=0.7_expected>=1500_top3_by_direct_expected_return,4,4,1.0,400,0,-400,0.0,0.0,0,0.0,0.0,0.7085659848188575,0.7008676754884594,108.54999999999998,104.19999999999999,7690.177406279861,0,0.0,0.0,0.0,3,0
odds_100plus_score>=0.7_expected>=1500_top5_by_direct_expected_return,4,4,1.0,400,0,-400,0.0,0.0,0,0.0,0.0,0.7085659848188575,0.7008676754884594,108.54999999999998,104.19999999999999,7690.177406279861,0,0.0,0.0,0.0,3,0
odds_100plus_score>=0.7_expected>=1500_top10_by_direct_expected_return,4,4,1.0,400,0,-400,0.0,0.0,0,0.0,0.0,0.7085659848188575,0.7008676754884594,108.54999999999998,104.19999999999999,7690.177406279861,0,0.0,0.0,0.0,3,0
odds_100plus_score>=0.7_expected>=2000_top1_by_direct_ticket_score,4,4,1.0,400,0,-400,0.0,0.0,0,0.0,0.0,0.7085659848188575,0.7008676754884594,108.54999999999998,104.19999999999999,7690.177406279861,0,0.0,0.0,0.0,3,0
odds_100plus_score>=0.7_expected>=2000_top2_by_direct_ticket_score,4,4,1.0,400,0,-400,0.0,0.0,0,0.0,0.0,0.7085659848188575,0.7008676754884594,108.54999999999998,104.19999999999999,7690.177406279861,0,0.0,0.0,0.0,3,0
odds_100plus_score>=0.7_expected>=2000_top3_by_direct_ticket_score,4,4,1.0,400,0,-400,0.0,0.0,0,0.0,0.0,0.7085659848188575,0.7008676754884594,108.54999999999998,104.19999999999999,7690.177406279861,0,0.0,0.0,0.0,3,0
odds_100plus_score>=0.7_expected>=2000_top5_by_direct_ticket_score,4,4,1.0,400,0,-400,0.0,0.0,0,0.0,0.0,0.7085659848188575,0.7008676754884594,108.54999999999998,104.19999999999999,7690.177406279861,0,0.0,0.0,0.0,3,0
odds_100plus_score>=0.7_expected>=2000_top10_by_direct_ticket_score,4,4,1.0,400,0,-400,0.0,0.0,0,0.0,0.0,0.7085659848188575,0.7008676754884594,108.54999999999998,104.19999999999999,7690.177406279861,0,0.0,0.0,0.0,3,0
odds_100plus_score>=0.7_expected>=2000_top1_by_direct_expected_return,4,4,1.0,400,0,-400,0.0,0.0,0,0.0,0.0,0.7085659848188575,0.7008676754884594,108.54999999999998,104.19999999999999,7690.177406279861,0,0.0,0.0,0.0,3,0
odds_100plus_score>=0.7_expected>=2000_top2_by_direct_expected_return,4,4,1.0,400,0,-400,0.0,0.0,0,0.0,0.0,0.7085659848188575,0.7008676754884594,108.54999999999998,104.19999999999999,7690.177406279861,0,0.0,0.0,0.0,3,0
odds_100plus_score>=0.7_expected>=2000_top3_by_direct_expected_return,4,4,1.0,400,0,-400,0.0,0.0,0,0.0,0.0,0.7085659848188575,0.7008676754884594,108.54999999999998,104.19999999999999,7690.177406279861,0,0.0,0.0,0.0,3,0
odds_100plus_score>=0.7_expected>=2000_top5_by_direct_expected_return,4,4,1.0,400,0,-400,0.0,0.0,0,0.0,0.0,0.7085659848188575,0.7008676754884594,108.54999999999998,104.19999999999999,7690.177406279861,0,0.0,0.0,0.0,3,0
odds_100plus_score>=0.7_expected>=2000_top10_by_direct_expected_return,4,4,1.0,400,0,-400,0.0,0.0,0,0.0,0.0,0.7085659848188575,0.7008676754884594,108.54999999999998,104.19999999999999,7690.177406279861,0,0.0,0.0,0.0,3,0
odds_100plus_score>=0.7_expected>=3000_top1_by_direct_ticket_score,4,4,1.0,400,0,-400,0.0,0.0,0,0.0,0.0,0.7085659848188575,0.7008676754884594,108.54999999999998,104.19999999999999,7690.177406279861,0,0.0,0.0,0.0,3,0
odds_100plus_score>=0.7_expected>=3000_top2_by_direct_ticket_score,4,4,1.0,400,0,-400,0.0,0.0,0,0.0,0.0,0.7085659848188575,0.7008676754884594,108.54999999999998,104.19999999999999,7690.177406279861,0,0.0,0.0,0.0,3,0
odds_100plus_score>=0.7_expected>=3000_top3_by_direct_ticket_score,4,4,1.0,400,0,-400,0.0,0.0,0,0.0,0.0,0.7085659848188575,0.7008676754884594,108.54999999999998,104.19999999999999,7690.177406279861,0,0.0,0.0,0.0,3,0
odds_100plus_score>=0.7_expected>=3000_top5_by_direct_ticket_score,4,4,1.0,400,0,-400,0.0,0.0,0,0.0,0.0,0.7085659848188575,0.7008676754884594,108.54999999999998,104.19999999999999,7690.177406279861,0,0.0,0.0,0.0,3,0
odds_100plus_score>=0.7_expected>=3000_top10_by_direct_ticket_score,4,4,1.0,400,0,-400,0.0,0.0,0,0.0,0.0,0.7085659848188575,0.7008676754884594,108.54999999999998,104.19999999999999,7690.177406279861,0,0.0,0.0,0.0,3,0
odds_100plus_score>=0.7_expected>=3000_top1_by_direct_expected_return,4,4,1.0,400,0,-400,0.0,0.0,0,0.0,0.0,0.7085659848188575,0.7008676754884594,108.54999999999998,104.19999999999999,7690.177406279861,0,0.0,0.0,0.0,3,0
odds_100plus_score>=0.7_expected>=3000_top2_by_direct_expected_return,4,4,1.0,400,0,-400,0.0,0.0,0,0.0,0.0,0.7085659848188575,0.7008676754884594,108.54999999999998,104.19999999999999,7690.177406279861,0,0.0,0.0,0.0,3,0
odds_100plus_score>=0.7_expected>=3000_top3_by_direct_expected_return,4,4,1.0,400,0,-400,0.0,0.0,0,0.0,0.0,0.7085659848188575,0.7008676754884594,108.54999999999998,104.19999999999999,7690.177406279861,0,0.0,0.0,0.0,3,0
odds_100plus_score>=0.7_expected>=3000_top5_by_direct_expected_return,4,4,1.0,400,0,-400,0.0,0.0,0,0.0,0.0,0.7085659848188575,0.7008676754884594,108.54999999999998,104.19999999999999,7690.177406279861,0,0.0,0.0,0.0,3,0
odds_100plus_score>=0.7_expected>=3000_top10_by_direct_expected_return,4,4,1.0,400,0,-400,0.0,0.0,0,0.0,0.0,0.7085659848188575,0.7008676754884594,108.54999999999998,104.19999999999999,7690.177406279861,0,0.0,0.0,0.0,3,0
odds_100plus_score>=0.7_expected>=5000_top1_by_direct_ticket_score,4,4,1.0,400,0,-400,0.0,0.0,0,0.0,0.0,0.7085659848188575,0.7008676754884594,108.54999999999998,104.19999999999999,7690.177406279861,0,0.0,0.0,0.0,3,0
odds_100plus_score>=0.7_expected>=5000_top2_by_direct_ticket_score,4,4,1.0,400,0,-400,0.0,0.0,0,0.0,0.0,0.7085659848188575,0.7008676754884594,108.54999999999998,104.19999999999999,7690.177406279861,0,0.0,0.0,0.0,3,0
odds_100plus_score>=0.7_expected>=5000_top3_by_direct_ticket_score,4,4,1.0,400,0,-400,0.0,0.0,0,0.0,0.0,0.7085659848188575,0.7008676754884594,108.54999999999998,104.19999999999999,7690.177406279861,0,0.0,0.0,0.0,3,0
odds_100plus_score>=0.7_expected>=5000_top5_by_direct_ticket_score,4,4,1.0,400,0,-400,0.0,0.0,0,0.0,0.0,0.7085659848188575,0.7008676754884594,108.54999999999998,104.19999999999999,7690.177406279861,0,0.0,0.0,0.0,3,0
odds_100plus_score>=0.7_expected>=5000_top10_by_direct_ticket_score,4,4,1.0,400,0,-400,0.0,0.0,0,0.0,0.0,0.7085659848188575,0.7008676754884594,108.54999999999998,104.19999999999999,7690.177406279861,0,0.0,0.0,0.0,3,0
odds_100plus_score>=0.7_expected>=5000_top1_by_direct_expected_return,4,4,1.0,400,0,-400,0.0,0.0,0,0.0,0.0,0.7085659848188575,0.7008676754884594,108.54999999999998,104.19999999999999,7690.177406279861,0,0.0,0.0,0.0,3,0
odds_100plus_score>=0.7_expected>=5000_top2_by_direct_expected_return,4,4,1.0,400,0,-400,0.0,0.0,0,0.0,0.0,0.7085659848188575,0.7008676754884594,108.54999999999998,104.19999999999999,7690.177406279861,0,0.0,0.0,0.0,3,0
odds_100plus_score>=0.7_expected>=5000_top3_by_direct_expected_return,4,4,1.0,400,0,-400,0.0,0.0,0,0.0,0.0,0.7085659848188575,0.7008676754884594,108.54999999999998,104.19999999999999,7690.177406279861,0,0.0,0.0,0.0,3,0
odds_100plus_score>=0.7_expected>=5000_top5_by_direct_expected_return,4,4,1.0,400,0,-400,0.0,0.0,0,0.0,0.0,0.7085659848188575,0.7008676754884594,108.54999999999998,104.19999999999999,7690.177406279861,0,0.0,0.0,0.0,3,0
odds_100plus_score>=0.7_expected>=5000_top10_by_direct_expected_return,4,4,1.0,400,0,-400,0.0,0.0,0,0.0,0.0,0.7085659848188575,0.7008676754884594,108.54999999999998,104.19999999999999,7690.177406279861,0,0.0,0.0,0.0,3,0
