race_id,combination,race_date,odds,estimated_payout,is_hit,hit_payout,hit_popularity,return_yen,direct_ticket_score,direct_expected_return,direct_ticket_rank,direct_expected_rank,month
1120260409010008,7-4-3,2026-04-09,30.3,3030,0,2520.0,7.0,0.0,0.9002961157895714,2727.8972308424013,9,174,2026-04
1120260409020008,5-1-2,2026-04-10,30.7,3070,0,11230.0,37.0,0.0,0.903144904040491,2772.6548554043075,6,202,2026-04
1120260415010005,4-2-7,2026-04-15,30.0,3000,0,23730.0,98.0,0.0,0.906042844180455,2718.128532541365,5,205,2026-04
1120260415020009,2-3-1,2026-04-16,30.5,3050,0,2450.0,1.0,0.0,0.9043339047212146,2758.2184093997043,5,200,2026-04
1120260415030001,1-2-4,2026-04-17,30.7,3070,0,4580.0,14.0,0.0,0.9020263712087654,2769.2209596109096,9,197,2026-04
1120260415030010,5-1-7,2026-04-17,30.2,3020,0,12390.0,30.0,0.0,0.9117261958622882,2753.4131115041105,7,189,2026-04
1120260419010006,3-2-1,2026-04-19,30.3,3030,0,19370.0,51.0,0.0,0.9002658320251652,2727.8054710362503,10,200,2026-04
1120260419020005,4-2-1,2026-04-20,30.3,3030,1,3030.0,8.0,3030.0,0.9134882898560102,2767.8695182637107,7,200,2026-04
1120260425010002,1-5-6,2026-04-25,30.0,3000,0,7230.0,26.0,0.0,0.9067079906245336,2720.123971873601,8,184,2026-04
1120260425020003,1-2-4,2026-04-26,30.5,3050,0,1850.0,7.0,0.0,0.9098941899059496,2775.1772792131464,8,145,2026-04
1120260425030008,2-1-7,2026-04-27,30.3,3030,0,4530.0,15.0,0.0,0.902349529297914,2734.1190737726797,7,180,2026-04
1120260430010002,6-5-3,2026-04-30,30.6,3060,0,31570.0,60.0,0.0,0.912203236105255,2791.3419024820805,8,168,2026-04
1120260507020007,2-4-1,2026-05-08,30.2,3020,0,8230.0,30.0,0.0,0.9093816378143824,2746.3325461994345,7,200,2026-05
1120260514010002,1-9-4,2026-05-14,30.0,3000,0,3080.0,11.0,0.0,0.9027849712999056,2708.3549138997164,8,306,2026-05
1120260514020004,1-9-2,2026-05-15,30.2,3020,0,1170.0,2.0,0.0,0.9015225824247562,2722.598198922764,5,401,2026-05
1120260514020008,2-9-8,2026-05-15,30.0,3000,0,10600.0,38.0,0.0,0.9011125656854636,2703.337697056391,5,418,2026-05
1120260514020009,1-3-9,2026-05-15,30.4,3040,0,3410.0,12.0,0.0,0.9141020604858784,2778.87026387707,9,266,2026-05
1120260514040008,2-5-4,2026-05-17,30.6,3060,0,22230.0,52.0,0.0,0.905074937225902,2769.52930791126,7,372,2026-05
1120260514040011,2-7-3,2026-05-17,30.5,3050,0,1630.0,2.0,0.0,0.9051645052692348,2760.751741071166,5,480,2026-05
1120260523020011,4-2-3,2026-05-24,30.1,3010,0,4470.0,17.0,0.0,0.9080099543630796,2733.10996263287,9,196,2026-05
1120260523030005,4-5-3,2026-05-25,30.1,3010,0,4200.0,18.0,0.0,0.9244751912978324,2782.6703258064754,8,106,2026-05
1120260530010004,4-3-2,2026-05-30,30.0,3000,0,13170.0,33.0,0.0,0.9020057765200284,2706.0173295600853,8,181,2026-05
1120260530030009,7-3-1,2026-06-01,30.4,3040,0,3150.0,11.0,0.0,0.9001831259336437,2736.556702838277,8,169,2026-06
1120260605030003,7-1-5,2026-06-07,30.2,3020,0,48550.0,153.0,0.0,0.9161641162907592,2766.815631198093,4,204,2026-06
1120260605030004,3-2-1,2026-06-07,30.1,3010,0,1640.0,6.0,0.0,0.9152622553901698,2754.939388724411,11,105,2026-06
1120260614010007,7-3-1,2026-06-14,30.0,3000,0,3550.0,11.0,0.0,0.9044811559943756,2713.4434679831265,7,184,2026-06
1120260614010008,5-1-7,2026-06-14,30.1,3010,0,3710.0,16.0,0.0,0.9286189674047216,2795.1430918882124,7,165,2026-06
1120260614020009,1-4-5,2026-06-15,30.3,3030,0,6150.0,21.0,0.0,0.9081045379286058,2751.5567499236754,7,158,2026-06
1120260620020005,5-3-4,2026-06-21,30.5,3050,0,4380.0,12.0,0.0,0.9100253571051508,2775.5773391707103,8,171,2026-06
1120260620030011,3-5-6,2026-06-22,30.0,3000,0,3250.0,4.0,0.0,0.9007480560797992,2702.2441682393974,3,206,2026-06
1220260412010002,3-1-4,2026-04-12,30.4,3040,0,600.0,2.0,0.0,0.9158633674239668,2784.224636968859,8,202,2026-04
1220260412020004,7-1-2,2026-04-13,30.3,3030,0,23850.0,68.0,0.0,0.9035326471750584,2737.703920940427,7,199,2026-04
1220260412030008,5-2-6,2026-04-14,30.3,3030,0,23830.0,103.0,0.0,0.9085783269476524,2752.992330651387,5,205,2026-04
1220260412030012,5-1-3,2026-04-14,30.4,3040,0,580.0,2.0,0.0,0.9023766061987568,2743.22488284422,8,201,2026-04
1220260504010002,1-2-7,2026-05-04,30.0,3000,0,13790.0,49.0,0.0,0.9077830778001637,2723.3492334004904,5,200,2026-05
1220260504020002,3-2-1,2026-05-05,30.7,3070,0,1470.0,1.0,0.0,0.9034122601107516,2773.475638540008,5,201,2026-05
1220260504020002,2-1-7,2026-05-05,30.2,3020,0,1470.0,1.0,0.0,0.9028681240718583,2726.6617346970124,6,202,2026-05
1220260504030005,4-3-5,2026-05-06,30.1,3010,0,3690.0,9.0,0.0,0.919321953839218,2767.159081056046,4,204,2026-05
1220260519020009,2-1-5,2026-05-20,30.6,3060,0,12800.0,32.0,0.0,0.9126965598924393,2792.851473270864,6,202,2026-05
1220260528020008,2-1-4,2026-05-29,30.3,3030,0,7560.0,26.0,0.0,0.9093689274866624,2755.387850284587,9,200,2026-05
1220260610020002,5-7-2,2026-06-11,30.5,3050,1,3050.0,10.0,3050.0,0.9207547482984728,2808.3019823103423,10,171,2026-06
1220260610030004,3-7-4,2026-06-12,30.2,3020,0,7230.0,20.0,0.0,0.9004199639119477,2719.268291014082,6,203,2026-06
1220260617020002,5-3-7,2026-06-18,30.1,3010,0,5180.0,9.0,0.0,0.9017766451955892,2714.347702038724,2,207,2026-06
1220260617030002,5-4-3,2026-06-19,30.5,3050,0,1030.0,3.0,0.0,0.9079071115945192,2769.116690363284,10,106,2026-06
1220260625020003,6-3-4,2026-06-26,30.7,3070,0,5780.0,21.0,0.0,0.9064210780345792,2782.712709566158,1,196,2026-06
1320260103020003,5-2-1,2026-01-04,30.1,3010,0,3630.0,11.0,0.0,0.9159069152322248,2756.879814848997,7,198,2026-01
1320260103030003,2-1-4,2026-01-05,30.5,3050,0,29820.0,87.0,0.0,0.9182732479924016,2800.733406376825,7,196,2026-01
1320260122040007,3-1-5,2026-01-25,30.6,3060,0,43440.0,125.0,0.0,0.9097009143622742,2783.684797948559,4,496,2026-01
1320260213020001,7-4-1,2026-02-14,30.7,3070,0,14260.0,56.0,0.0,0.9056790993009266,2780.4348348538447,7,199,2026-02
1320260213020009,4-1-5,2026-02-14,30.1,3010,0,4080.0,10.0,0.0,0.9060168937339776,2727.1108501392728,6,203,2026-02
1320260213030003,3-4-2,2026-02-15,30.0,3000,0,154400.0,172.0,0.0,0.9044689882991408,2713.4069648974228,8,194,2026-02
1320260309010012,3-7-5,2026-03-09,30.6,3060,0,19820.0,59.0,0.0,0.9069226006659732,2775.183158037878,5,199,2026-03
1320260309020001,1-7-4,2026-03-10,30.1,3010,0,16790.0,31.0,0.0,0.9118935782455388,2744.799670519072,8,201,2026-03
1320260309020010,3-4-5,2026-03-10,30.5,3050,0,19610.0,49.0,0.0,0.917899672599258,2799.5940014277367,9,195,2026-03
1320260309020010,3-2-5,2026-03-10,30.3,3030,0,19610.0,49.0,0.0,0.9064885140844384,2746.660197675849,12,197,2026-03
1320260309030008,3-4-2,2026-03-11,30.7,3070,0,27420.0,79.0,0.0,0.9179621616867571,2818.1438363783445,8,202,2026-03
1320260319010001,1-3-4,2026-03-19,30.1,3010,0,34180.0,53.0,0.0,0.9086224487879204,2734.95357085164,10,127,2026-03
1320260319030002,2-6-1,2026-03-21,30.7,3070,0,1170.0,1.0,0.0,0.9087114698203204,2789.744212348384,5,202,2026-03
1320260404030005,2-3-1,2026-04-06,30.1,3010,0,790.0,3.0,0.0,0.919215543104559,2766.8387847447225,8,195,2026-04
1320260510020002,1-3-5,2026-05-11,30.0,3000,0,19780.0,22.0,0.0,0.902913976571202,2708.7419297136057,7,43,2026-05
1320260608020011,5-3-2,2026-06-09,30.3,3030,0,35880.0,103.0,0.0,0.9042513102753104,2739.8814701341903,5,203,2026-06
1320260608030005,3-1-4,2026-06-10,30.7,3070,0,4580.0,21.0,0.0,0.909970013031215,2793.60794000583,13,44,2026-06
1320260608030009,3-7-2,2026-06-10,30.4,3040,0,2920.0,10.0,0.0,0.9029764788861224,2745.0484958138127,10,197,2026-06
2120260504020006,1-3-5,2026-05-05,30.6,3060,0,870.0,3.0,0.0,0.9000982577676789,2754.3006687690977,6,204,2026-05
2120260604030001,5-3-4,2026-06-06,30.6,3060,0,4480.0,9.0,0.0,0.9105803172005172,2786.3757706335823,3,205,2026-06
2120260612030001,1-4-3,2026-06-14,30.0,3000,0,3900.0,13.0,0.0,0.9046616271125256,2713.984881337577,9,107,2026-06
2220260102010004,3-4-5,2026-01-02,30.2,3020,0,129910.0,163.0,0.0,0.9112710367430392,2752.0385309639787,5,201,2026-01
2220260102030006,3-2-1,2026-01-04,30.0,3000,0,17900.0,57.0,0.0,0.9176448573112064,2752.9345719336197,8,196,2026-01
2220260119010004,1-5-7,2026-01-19,30.6,3060,0,2550.0,8.0,0.0,0.9286988638087568,2841.818523254796,6,135,2026-01
2220260119010008,4-5-1,2026-01-19,30.3,3030,0,12300.0,46.0,0.0,0.9132319918652368,2767.092935351667,6,201,2026-01
2220260119020001,2-1-4,2026-01-20,30.7,3070,0,3810.0,17.0,0.0,0.906910709595317,2784.215878457623,8,96,2026-01
2220260119020003,4-2-7,2026-01-20,30.1,3010,0,550.0,1.0,0.0,0.9048139657809132,2723.490037000549,8,185,2026-01
2220260207010002,1-4-3,2026-02-07,30.0,3000,1,3000.0,9.0,3000.0,0.9013342488259124,2704.0027464777377,8,104,2026-02
2220260207010003,1-6-3,2026-02-07,30.1,3010,0,23600.0,46.0,0.0,0.9125010568320632,2746.6281810645096,7,195,2026-02
2220260207020009,1-4-2,2026-02-08,30.1,3010,0,10150.0,35.0,0.0,0.9079321689397036,2732.875828508508,8,190,2026-02
2220260207020009,4-1-3,2026-02-08,30.2,3020,0,10150.0,35.0,0.0,0.9029645735241156,2726.9530120428294,10,191,2026-02
2220260207030009,2-7-1,2026-02-09,30.2,3020,0,10440.0,38.0,0.0,0.9028700875138956,2726.6676642919647,3,207,2026-02
2220260225010005,1-6-2,2026-02-25,30.7,3070,0,16410.0,72.0,0.0,0.9108776423745176,2796.394362089769,2,205,2026-02
2220260225010007,7-1-3,2026-02-25,30.0,3000,0,3100.0,11.0,0.0,0.9104065033950428,2731.2195101851285,9,193,2026-02
2220260225010012,7-3-5,2026-02-25,30.3,3030,1,3030.0,6.0,3030.0,0.9143202612100266,2770.3903914663806,3,205,2026-02
2220260225030007,1-5-2,2026-02-27,30.1,3010,0,1050.0,2.0,0.0,0.9035244522276902,2719.6086012053474,8,201,2026-02
2220260307010007,1-4-2,2026-03-07,30.3,3030,0,1170.0,2.0,0.0,0.9106480287009644,2759.2635269639222,12,105,2026-03
2220260307030009,2-3-7,2026-03-09,30.5,3050,0,1470.0,2.0,0.0,0.9185135276526106,2801.4662593404623,7,196,2026-03
2220260320010008,2-1-3,2026-03-20,30.7,3070,0,12920.0,55.0,0.0,0.9013117214467704,2767.026984841585,4,200,2026-03
2220260320010011,4-3-7,2026-03-20,30.5,3050,0,7030.0,25.0,0.0,0.9226032278543274,2813.9398449556984,4,202,2026-03
2220260320020002,1-5-2,2026-03-21,30.3,3030,0,37040.0,70.0,0.0,0.904580434540615,2740.8787166580632,7,189,2026-03
2220260405010005,1-5-7,2026-04-05,30.6,3060,0,46180.0,126.0,0.0,0.9005763310995003,2755.763573164471,8,195,2026-04
2220260405020012,4-5-2,2026-04-06,30.3,3030,0,2030.0,4.0,0.0,0.916986193318529,2778.468165755143,7,195,2026-04
2220260405030012,1-2-5,2026-04-07,30.6,3060,0,1910.0,1.0,0.0,0.9038103823766036,2765.659770072407,3,161,2026-04
2220260422020011,1-4-7,2026-04-23,30.3,3030,0,13970.0,39.0,0.0,0.9131294416700296,2766.78220826019,8,165,2026-04
2220260422020011,7-4-1,2026-04-23,30.5,3050,0,13970.0,39.0,0.0,0.9011167885858876,2748.406205186957,9,166,2026-04
2220260422030009,1-2-5,2026-04-24,30.6,3060,0,2960.0,8.0,0.0,0.9031725152024704,2763.707896519559,8,190,2026-04
2220260526020003,1-4-7,2026-05-27,30.7,3070,0,5200.0,16.0,0.0,0.9081775195833984,2788.1049851210337,8,188,2026-05
2220260526020011,4-5-2,2026-05-27,30.6,3060,0,6740.0,25.0,0.0,0.912637187805916,2792.6697946861027,6,147,2026-05
2220260526030004,2-6-1,2026-05-28,30.5,3050,0,3410.0,13.0,0.0,0.9157848031173929,2793.1436495080484,9,144,2026-05
2220260526030010,1-7-6,2026-05-28,30.5,3050,0,2890.0,9.0,0.0,0.922907146500483,2814.866796826473,9,171,2026-05
2220260526030010,3-6-1,2026-05-28,30.4,3040,0,2890.0,9.0,0.0,0.9072405852391082,2758.011379126889,11,172,2026-05
2220260603010001,1-5-2,2026-06-03,30.3,3030,0,2310.0,5.0,0.0,0.9078647649176752,2750.830237700556,6,200,2026-06
2220260603010004,6-1-2,2026-06-03,30.0,3000,0,780.0,1.0,0.0,0.9003341455918077,2701.002436775423,6,182,2026-06
2220260603020002,4-1-2,2026-06-04,30.1,3010,0,2660.0,7.0,0.0,0.9066653420542868,2729.062679583403,7,199,2026-06
2220260603030001,1-5-2,2026-06-05,30.0,3000,0,11460.0,53.0,0.0,0.932028160177634,2796.084480532902,3,204,2026-06
2220260609020005,1-5-2,2026-06-10,30.6,3060,1,3060.0,12.0,3060.0,0.9028572396385834,2762.743153294065,10,194,2026-06
2220260609020009,4-7-5,2026-06-10,30.1,3010,0,17380.0,81.0,0.0,0.9116830615705156,2744.1660153272524,3,206,2026-06
2220260609030002,5-3-1,2026-06-11,30.3,3030,0,24630.0,74.0,0.0,0.9008022761433956,2729.4308967144884,6,113,2026-06
2320260112020004,6-7-4,2026-01-13,30.4,3040,0,1980.0,6.0,0.0,0.9094031817091224,2764.585672395732,10,167,2026-01
2320260112020008,5-1-3,2026-01-13,30.3,3030,0,10250.0,30.0,0.0,0.9028799560081132,2735.726266704583,10,106,2026-01
2320260112030008,1-6-7,2026-01-14,30.4,3040,0,13090.0,49.0,0.0,0.9016438769322832,2740.9973858741405,5,201,2026-01
2320260112030012,2-3-7,2026-01-14,30.0,3000,0,10340.0,37.0,0.0,0.9065302897477246,2719.590869243174,5,205,2026-01
2320260126010006,6-2-7,2026-01-26,30.7,3070,0,350.0,1.0,0.0,0.9031883228918788,2772.788151278068,10,105,2026-01
2320260126020010,2-3-7,2026-01-27,30.7,3070,0,4140.0,15.0,0.0,0.9112993595497758,2797.689033817812,6,175,2026-01
2320260126030002,1-7-4,2026-01-28,30.5,3050,0,990.0,2.0,0.0,0.903596367487678,2755.968920837417,5,189,2026-01
2320260131010004,4-1-2,2026-01-31,30.1,3010,0,490.0,1.0,0.0,0.9125492945734924,2746.773376666212,9,199,2026-01
2320260131020002,5-4-6,2026-02-01,30.5,3050,0,2720.0,8.0,0.0,0.9099975338554884,2775.4924782592398,8,202,2026-02
2320260217030011,6-2-5,2026-02-19,30.2,3020,0,3490.0,13.0,0.0,0.917534241449473,2770.9534091774085,4,163,2026-02
2320260225020009,7-3-4,2026-02-26,30.5,3050,0,9010.0,35.0,0.0,0.914404016537108,2788.93225043818,8,198,2026-02
2320260225030002,5-7-1,2026-02-27,30.4,3040,0,85380.0,143.0,0.0,0.9019073100706888,2741.7982226148943,4,186,2026-02
2320260225030005,4-2-7,2026-02-27,30.2,3020,0,2090.0,4.0,0.0,0.9104950798141108,2749.6951410386146,9,175,2026-02
2320260225030006,1-4-6,2026-02-27,30.3,3030,0,4750.0,15.0,0.0,0.9036629928891065,2738.0988684539925,9,201,2026-02
2320260312010008,3-9-1,2026-03-12,30.3,3030,0,252650.0,347.0,0.0,0.9108501185316504,2759.875859150901,6,379,2026-03
2320260312010010,3-5-2,2026-03-12,30.2,3020,0,960.0,3.0,0.0,0.9066080182865872,2737.956215225493,6,362,2026-03
2320260312030011,3-2-7,2026-03-14,30.0,3000,0,2030.0,1.0,0.0,0.9049673778899197,2714.9021336697588,3,452,2026-03
2320260324030003,1-2-6,2026-03-26,30.6,3060,0,5170.0,14.0,0.0,0.9079954779199416,2778.466162435021,6,201,2026-03
2320260414020007,4-7-1,2026-04-15,30.3,3030,0,540.0,1.0,0.0,0.9180211962226364,2781.604224554588,10,137,2026-04
2320260419030005,5-3-6,2026-04-21,30.0,3000,0,1690.0,5.0,0.0,0.9238648595658946,2771.594578697684,6,185,2026-04
2320260430020006,3-1-5,2026-05-01,30.2,3020,0,12050.0,32.0,0.0,0.9028690972061202,2726.664673562483,10,197,2026-05
2320260430030002,7-2-1,2026-05-02,30.1,3010,0,9650.0,34.0,0.0,0.9150877260686016,2754.4140554664905,5,198,2026-05
2320260508020001,1-6-2,2026-05-09,30.0,3000,0,13500.0,55.0,0.0,0.903577723119548,2710.7331693586434,3,197,2026-05
2320260508030005,5-4-2,2026-05-10,30.6,3060,0,1910.0,8.0,0.0,0.911157340679402,2788.14146247897,11,33,2026-05
2420260101010005,1-5-7,2026-01-01,30.6,3060,0,24740.0,85.0,0.0,0.9063356285097316,2773.3870232397785,5,201,2026-01
2420260101010007,7-1-5,2026-01-01,30.2,3020,0,7980.0,18.0,0.0,0.90197312220589,2723.958829061788,7,192,2026-01
2420260101030003,2-5-4,2026-01-03,30.2,3020,0,3230.0,7.0,0.0,0.904941851449494,2732.924391377472,5,202,2026-01
2420260101030004,5-3-1,2026-01-03,30.4,3040,0,2510.0,6.0,0.0,0.9107223251565624,2768.59586847595,6,179,2026-01
2420260131010001,7-1-4,2026-01-31,30.1,3010,0,11250.0,47.0,0.0,0.9220043982159524,2775.233238630017,4,204,2026-01
2420260131010007,3-5-1,2026-01-31,30.3,3030,0,430.0,1.0,0.0,0.9138366080877572,2768.9249225059043,6,203,2026-01
2420260131020008,7-3-1,2026-02-01,30.3,3030,0,3810.0,12.0,0.0,0.9136015653227562,2768.2127429279512,7,201,2026-02
2420260131030006,4-6-5,2026-02-02,30.5,3050,0,36080.0,86.0,0.0,0.9213913430213738,2810.2435962151903,6,198,2026-02
2420260214010009,4-1-2,2026-02-14,30.0,3000,0,5340.0,14.0,0.0,0.9080227036042288,2724.0681108126864,8,202,2026-02
2420260214020006,2-4-5,2026-02-15,30.7,3070,0,3610.0,8.0,0.0,0.910727461068338,2795.933305479798,4,204,2026-02
2420260214030008,7-5-1,2026-02-16,30.6,3060,0,3450.0,6.0,0.0,0.9030093495786208,2763.20860971058,4,205,2026-02
2420260214030010,1-5-4,2026-02-16,30.7,3070,0,3250.0,8.0,0.0,0.9049977356109304,2778.343048325556,6,202,2026-02
2420260214030012,1-4-3,2026-02-16,30.6,3060,0,7860.0,29.0,0.0,0.9138705936326512,2796.4440165159126,4,205,2026-02
2420260304010007,1-5-2,2026-03-04,30.4,3040,0,200.0,1.0,0.0,0.905898680299664,2753.931988110978,5,153,2026-03
2420260304020002,1-4-5,2026-03-05,30.5,3050,0,6480.0,19.0,0.0,0.907459986923643,2767.752960117112,6,180,2026-03
2420260304030001,4-2-3,2026-03-06,30.6,3060,0,7120.0,24.0,0.0,0.9109147918229256,2787.399262978152,8,185,2026-03
2420260309020106,5-6-7,2026-03-10,30.0,3000,0,470.0,1.0,0.0,0.9174931941498092,2752.479582449427,11,119,2026-03
2420260309040007,4-5-3,2026-03-12,30.3,3030,0,1290.0,2.0,0.0,0.9169542806508212,2778.371470371988,6,184,2026-03
2420260309040010,5-1-6,2026-03-12,30.5,3050,0,750.0,2.0,0.0,0.9126834303825866,2783.684462666889,9,181,2026-03
2420260401010005,1-4-3,2026-04-01,30.3,3030,0,1100.0,4.0,0.0,0.9053705179872856,2743.272669501476,10,177,2026-04
2420260401030007,1-3-6,2026-04-03,30.0,3000,0,1640.0,2.0,0.0,0.908148093025839,2724.444279077517,7,199,2026-04
2420260508020002,2-3-7,2026-05-09,30.4,3040,0,35200.0,78.0,0.0,0.9041956111407736,2748.754657867952,8,109,2026-05
2420260508020002,7-2-3,2026-05-09,30.4,3040,0,35200.0,78.0,0.0,0.903449081755915,2746.4852085379816,9,110,2026-05
2420260508030002,1-3-4,2026-05-10,30.5,3050,0,7490.0,25.0,0.0,0.9060119640750206,2763.336490428813,7,117,2026-05
2420260515020001,1-7-3,2026-05-16,30.5,3050,1,3050.0,9.0,3050.0,0.9055159607815432,2761.8236803837062,7,193,2026-05
2420260521010003,3-5-7,2026-05-21,30.6,3060,0,1440.0,5.0,0.0,0.9112900145628448,2788.547444562305,8,201,2026-05
2420260521020007,3-5-2,2026-05-22,30.0,3000,1,3000.0,8.0,3000.0,0.9182535314213036,2754.760594263911,6,105,2026-05
2420260521030006,4-1-3,2026-05-23,30.5,3050,0,1100.0,1.0,0.0,0.907216630276081,2767.0107223420478,8,197,2026-05
2420260521030012,5-4-3,2026-05-23,30.2,3020,0,7760.0,29.0,0.0,0.9031436234412916,2727.4937427927007,6,194,2026-05
2420260530020003,2-7-5,2026-05-31,30.7,3070,0,468380.0,328.0,0.0,0.9138933272945772,2805.652514794352,4,492,2026-05
2420260530020005,9-3-4,2026-05-31,30.1,3010,0,8110.0,17.0,0.0,0.9142529121855194,2751.901265678413,7,418,2026-05
2420260621020009,5-1-2,2026-06-22,30.4,3040,0,2950.0,8.0,0.0,0.90274480595586,2744.344210105814,8,193,2026-06
2420260621030001,1-5-2,2026-06-23,30.1,3010,0,2370.0,7.0,0.0,0.908766470448477,2735.387076049916,7,108,2026-06
2420260621030003,3-4-2,2026-06-23,30.5,3050,0,1950.0,3.0,0.0,0.915210224202711,2791.3911838182685,6,201,2026-06
2520260115020005,9-1-2,2026-01-16,30.1,3010,0,2330.0,4.0,0.0,0.9002089432677346,2709.6289192358813,7,491,2026-01
2520260115030003,5-7-8,2026-01-17,30.6,3060,0,125990.0,254.0,0.0,0.9056777346587102,2771.373868055653,5,494,2026-01
2520260115030003,7-5-9,2026-01-17,30.5,3050,0,125990.0,254.0,0.0,0.9012196862159744,2748.7200429587224,6,495,2026-01
2520260115030011,9-1-2,2026-01-17,30.4,3040,0,778840.0,438.0,0.0,0.9001461448766362,2736.4442804249743,6,493,2026-01
2520260210030005,5-2-4,2026-02-12,30.3,3030,0,71640.0,138.0,0.0,0.9148251022504336,2771.9200598188136,8,200,2026-02
2520260210030006,3-5-7,2026-02-12,30.6,3060,0,12060.0,36.0,0.0,0.910808422648758,2787.0737733052,4,189,2026-02
2520260417030003,6-1-4,2026-04-19,30.4,3040,0,19400.0,64.0,0.0,0.9280720825993496,2821.339131102023,6,198,2026-04
2520260427020003,7-3-4,2026-04-28,30.4,3040,0,2620.0,7.0,0.0,0.9093220580283252,2764.3390564061083,7,200,2026-04
2520260427020010,7-3-4,2026-04-28,30.6,3060,0,6270.0,22.0,0.0,0.9019577285290524,2759.9906492989003,5,200,2026-04
2520260427030008,7-2-1,2026-04-29,30.4,3040,0,1100.0,1.0,0.0,0.9013206363944474,2740.01473463912,4,203,2026-04
2520260522020006,5-4-1,2026-05-23,30.7,3070,0,450.0,1.0,0.0,0.9034733564754476,2773.6632043796244,7,202,2026-05
2620260122010004,7-1-5,2026-01-22,30.0,3000,0,1140.0,3.0,0.0,0.9211705619082536,2763.5116857247604,9,191,2026-01
2620260204010006,2-1-4,2026-02-04,30.5,3050,0,770.0,2.0,0.0,0.9135713001608258,2786.3924654905186,8,199,2026-02
2620260215030003,4-1-3,2026-02-17,30.2,3020,0,440.0,1.0,0.0,0.9000122335862817,2718.0369454305705,7,200,2026-02
2620260215030005,1-7-4,2026-02-17,30.1,3010,0,2780.0,7.0,0.0,0.9073222209357724,2731.039885016675,6,193,2026-02
2620260304010006,5-3-4,2026-03-04,30.4,3040,0,7920.0,25.0,0.0,0.9144438049917816,2779.909167175016,5,204,2026-03
2620260304010009,1-5-2,2026-03-04,30.3,3030,0,15130.0,27.0,0.0,0.9160066124876742,2775.500035837653,9,194,2026-03
2620260304020006,2-5-1,2026-03-05,30.6,3060,0,2900.0,8.0,0.0,0.9090563453765338,2781.712416852193,8,105,2026-03
2620260304030007,5-1-7,2026-03-06,30.4,3040,0,40890.0,84.0,0.0,0.9011893119613256,2739.61550836243,7,203,2026-03
2620260312020008,7-1-2,2026-03-13,30.7,3070,0,1400.0,2.0,0.0,0.9002798800793078,2763.859231843475,4,422,2026-03
2620260322020007,1-3-7,2026-03-23,30.7,3070,0,2150.0,7.0,0.0,0.914007785841772,2806.00390253424,8,174,2026-03
2620260409020001,7-2-5,2026-04-10,30.4,3040,0,9740.0,34.0,0.0,0.9168274480317634,2787.1554420165608,3,331,2026-04
2620260409030001,5-4-2,2026-04-11,30.5,3050,0,3660.0,16.0,0.0,0.9147338046784091,2789.938104269148,7,105,2026-04
2620260409040001,5-1-2,2026-04-12,30.1,3010,0,1610.0,8.0,0.0,0.9002533238416061,2709.762504763234,10,38,2026-04
2620260501010005,1-2-5,2026-05-01,30.5,3050,0,133080.0,111.0,0.0,0.902521158642174,2752.689533858631,8,173,2026-05
2620260501020005,3-6-4,2026-05-02,30.0,3000,0,2260.0,4.0,0.0,0.9057167013005064,2717.15010390152,7,204,2026-05
2720260109010010,5-4-1,2026-01-09,30.4,3040,0,360.0,1.0,0.0,0.9040712320694836,2748.37654549123,6,203,2026-01
2720260109020004,1-4-5,2026-01-10,30.5,3050,0,1650.0,4.0,0.0,0.9011986985982612,2748.656030724697,8,196,2026-01
2720260109020012,2-5-3,2026-01-10,30.5,3050,0,1270.0,1.0,0.0,0.9005110919308049,2746.558830388955,10,193,2026-01
2720260109030006,5-2-7,2026-01-11,30.6,3060,0,20720.0,70.0,0.0,0.9133100530630476,2794.7287623729258,5,202,2026-01
2720260109030008,5-3-6,2026-01-11,30.5,3050,0,4470.0,16.0,0.0,0.916861429529296,2796.427360064353,5,169,2026-01
2720260123020002,2-4-5,2026-01-24,30.5,3050,0,16550.0,63.0,0.0,0.9005524404263624,2746.6849433004054,4,206,2026-01
2720260123030006,1-4-2,2026-01-25,30.4,3040,0,7710.0,15.0,0.0,0.9086953074028452,2762.433734504649,6,173,2026-01
2720260129010002,1-4-5,2026-01-29,30.1,3010,0,2890.0,9.0,0.0,0.919228940624472,2766.8791112796607,9,194,2026-01
2720260129010005,1-3-2,2026-01-29,30.5,3050,0,6060.0,17.0,0.0,0.9157484104369308,2793.0326518326387,8,198,2026-01
2720260129020004,1-5-4,2026-01-30,30.1,3010,0,16240.0,34.0,0.0,0.9061451698593328,2727.496961276592,9,200,2026-01
2720260129020008,2-3-6,2026-01-30,30.4,3040,0,9200.0,36.0,0.0,0.9046019515229292,2749.9899326297045,5,164,2026-01
2720260203010011,4-7-1,2026-02-03,30.3,3030,0,830.0,1.0,0.0,0.9106837697796492,2759.371822432337,9,202,2026-02
2720260203020004,1-3-6,2026-02-04,30.5,3050,0,330.0,1.0,0.0,0.9110046268373176,2778.5641118538183,7,203,2026-02
2720260203020011,5-1-4,2026-02-04,30.1,3010,0,38490.0,69.0,0.0,0.9103349821568856,2740.108296292226,8,201,2026-02
2720260301030004,5-6-4,2026-03-03,30.3,3030,0,1370.0,3.0,0.0,0.9080023117302316,2751.247004542602,10,182,2026-03
2720260401010011,5-2-1,2026-04-01,30.6,3060,0,6600.0,24.0,0.0,0.911058146884012,2787.837929465077,10,194,2026-04
2720260401020004,1-5-7,2026-04-02,30.3,3030,0,1630.0,2.0,0.0,0.908094327337626,2751.525811833006,8,191,2026-04
2720260401020012,5-3-1,2026-04-02,30.5,3050,0,197800.0,157.0,0.0,0.9067798700305336,2765.678603593128,10,197,2026-04
2720260417010003,1-4-2,2026-04-17,30.4,3040,0,14750.0,45.0,0.0,0.9049216111568676,2750.9616979168773,9,200,2026-04
2720260417010007,2-1-3,2026-04-17,30.4,3040,0,30560.0,91.0,0.0,0.9038341930739464,2747.6559469447966,5,199,2026-04
2720260417010009,5-3-2,2026-04-17,30.0,3000,0,570.0,1.0,0.0,0.9104275036559288,2731.282510967786,6,151,2026-04
2720260428020002,7-3-5,2026-04-29,30.4,3040,0,15210.0,47.0,0.0,0.9157380309384182,2783.8436140527915,4,186,2026-04
2720260428020003,5-7-3,2026-04-29,30.7,3070,0,1390.0,4.0,0.0,0.9033941940433274,2773.4201757130154,9,183,2026-04
2720260428020009,7-3-4,2026-04-29,30.6,3060,0,1010.0,2.0,0.0,0.9089000782596406,2781.2342394745,9,192,2026-04
2720260428030008,5-1-7,2026-04-30,30.2,3020,0,18510.0,49.0,0.0,0.9050829423424844,2733.350485874302,9,182,2026-04
2720260503010003,5-2-1,2026-05-03,30.3,3030,1,3030.0,6.0,3030.0,0.9019649386824132,2732.953764207712,6,202,2026-05
2720260503010004,7-3-1,2026-05-03,30.3,3030,0,1100.0,4.0,0.0,0.9173418693843935,2779.545864234713,8,148,2026-05
2720260503020011,1-5-4,2026-05-04,30.7,3070,0,9480.0,23.0,0.0,0.9180718773448452,2818.480663448675,8,185,2026-05
2720260511010002,2-7-5,2026-05-11,30.4,3040,0,25290.0,47.0,0.0,0.9000914239022124,2736.2779286627256,10,197,2026-05
2720260511020003,3-7-4,2026-05-12,30.1,3010,0,2090.0,5.0,0.0,0.9004742188190566,2710.4273986453604,11,181,2026-05
2720260518020003,5-2-7,2026-05-19,30.3,3030,0,1870.0,4.0,0.0,0.9045169211288,2740.686271020264,10,200,2026-05
2720260518030001,6-3-1,2026-05-20,30.7,3070,0,4040.0,11.0,0.0,0.906250752317032,2782.1898096132886,6,201,2026-05
2720260525010003,1-2-6,2026-05-25,30.3,3030,0,3070.0,11.0,0.0,0.9070019289571514,2748.2158447401684,8,198,2026-05
2720260525020007,2-1-4,2026-05-26,30.1,3010,0,960.0,3.0,0.0,0.903670002212441,2720.0467066594474,9,198,2026-05
2720260610020006,7-5-2,2026-06-11,30.2,3020,0,2390.0,8.0,0.0,0.9156491857337216,2765.260540915839,10,158,2026-06
2720260617010007,2-7-4,2026-06-17,30.5,3050,0,720.0,2.0,0.0,0.9198518003817556,2805.5479911643547,5,181,2026-06
2720260617030002,4-2-7,2026-06-19,30.4,3040,0,260.0,1.0,0.0,0.9021285585659994,2742.4708180406383,7,193,2026-06
2720260617030004,3-7-4,2026-06-19,30.4,3040,0,180.0,1.0,0.0,0.9096640301871372,2765.378651768897,6,122,2026-06
2720260623020008,4-5-7,2026-06-24,30.3,3030,0,650.0,2.0,0.0,0.9066585763303224,2747.1754862808766,8,196,2026-06
2720260623030003,3-7-1,2026-06-25,30.5,3050,0,7370.0,26.0,0.0,0.9017226359785836,2750.25403973468,8,201,2026-06
2820260104010001,7-1-9,2026-01-04,30.2,3020,0,7510.0,29.0,0.0,0.901440307718166,2722.349729308861,2,371,2026-01
2820260104010006,9-2-8,2026-01-04,30.5,3050,0,3080.0,7.0,0.0,0.9064359713057816,2764.629712482634,4,381,2026-01
2820260104030008,2-5-6,2026-01-06,30.5,3050,0,1720.0,2.0,0.0,0.9107494951903482,2777.785960330562,7,439,2026-01
2820260112020005,3-5-2,2026-01-13,30.0,3000,0,1240.0,5.0,0.0,0.9193847012609394,2758.1541037828183,9,177,2026-01
2820260209020003,5-2-4,2026-02-10,30.2,3020,0,1650.0,3.0,0.0,0.9067474393313184,2738.377266780581,8,197,2026-02
2820260209030002,3-1-5,2026-02-11,30.3,3030,1,3030.0,8.0,3030.0,0.9120396781814508,2763.4802248897963,7,200,2026-02
2820260322030004,2-5-1,2026-03-24,30.7,3070,0,9430.0,31.0,0.0,0.9146941093898916,2808.110915826968,6,200,2026-03
2820260328020002,7-1-2,2026-03-29,30.6,3060,0,8060.0,18.0,0.0,0.90539096078662,2770.4963400070574,5,169,2026-03
2820260328030001,2-7-1,2026-03-30,30.0,3000,0,790.0,2.0,0.0,0.9287619403750044,2786.2858211250136,6,169,2026-03
3120260111010001,1-2-6,2026-01-11,30.3,3030,0,1650.0,7.0,0.0,0.9015977495514752,2731.84118114097,8,136,2026-01
3120260111010005,3-1-2,2026-01-11,30.7,3070,0,10290.0,30.0,0.0,0.9034137430664004,2773.480191213849,9,157,2026-01
3120260121020009,2-4-6,2026-01-22,30.1,3010,0,1760.0,3.0,0.0,0.9029448590674588,2717.8640257930515,7,204,2026-01
3120260121030006,3-7-5,2026-01-23,30.6,3060,0,1350.0,3.0,0.0,0.9195355445616056,2813.778766358513,5,192,2026-01
3120260127030002,1-5-7,2026-01-29,30.6,3060,0,22970.0,96.0,0.0,0.9230673657551344,2824.586139210711,4,202,2026-01
3120260127030005,4-1-3,2026-01-29,30.2,3020,0,620.0,1.0,0.0,0.9088210385251556,2744.6395363459696,5,205,2026-01
3120260127030007,3-2-7,2026-01-29,30.3,3030,1,3030.0,5.0,3030.0,0.9097138722966136,2756.433033058739,1,202,2026-01
3120260204020001,7-3-4,2026-02-05,30.1,3010,0,3840.0,12.0,0.0,0.9153713144497057,2755.267656493614,8,201,2026-02
3120260204030007,2-5-7,2026-02-06,30.3,3030,0,2260.0,5.0,0.0,0.9042686071619326,2739.933879700656,7,200,2026-02
3120260304020004,5-1-6,2026-03-05,30.6,3060,0,930.0,2.0,0.0,0.918261059525366,2809.87884214762,6,192,2026-03
3120260316020002,1-4-5,2026-03-17,30.6,3060,0,670.0,3.0,0.0,0.9056712778089407,2771.354110095359,9,191,2026-03
3120260316030008,1-4-6,2026-03-18,30.1,3010,0,4910.0,16.0,0.0,0.9014253100072702,2713.2901831218837,10,199,2026-03
3120260416020001,1-5-2,2026-04-17,30.1,3010,0,1430.0,5.0,0.0,0.92017006910445,2769.7119080043944,6,100,2026-04
3120260416020004,1-4-3,2026-04-17,30.5,3050,0,8950.0,24.0,0.0,0.9069971687067911,2766.3413645557134,6,183,2026-04
3120260531010009,5-7-1,2026-05-31,30.2,3020,0,1730.0,4.0,0.0,0.9031669931280214,2727.564319246625,10,197,2026-05
3120260531010012,2-3-5,2026-05-31,30.5,3050,0,1060.0,1.0,0.0,0.9041270118740372,2757.5873862158137,4,203,2026-05
3120260615030008,1-6-2,2026-06-17,30.5,3050,0,5320.0,18.0,0.0,0.9184167523654808,2801.1710947147167,9,196,2026-06
3120260615030009,6-1-3,2026-06-17,30.2,3020,0,8640.0,29.0,0.0,0.90996893045147,2748.1061699634392,5,190,2026-06
3120260625020002,2-4-3,2026-06-26,30.5,3050,0,5740.0,17.0,0.0,0.9074691749774828,2767.7809836813226,8,191,2026-06
3120260625020010,2-7-4,2026-06-26,30.0,3000,0,9000.0,34.0,0.0,0.9003861941350161,2701.158582405048,5,203,2026-06
3520260108020001,4-2-6,2026-01-09,30.3,3030,0,8160.0,21.0,0.0,0.9096681749475736,2756.294570091148,7,204,2026-01
3520260108020007,7-2-6,2026-01-09,30.2,3020,0,5930.0,17.0,0.0,0.9169129093701592,2769.0769862978805,5,204,2026-01
3520260114010007,1-2-6,2026-01-14,30.4,3040,0,46620.0,48.0,0.0,0.9007805679254884,2738.372926493485,6,199,2026-01
3520260114010009,4-3-5,2026-01-14,30.7,3070,0,8770.0,35.0,0.0,0.905205527884629,2778.9809706058118,2,206,2026-01
3520260114020002,1-2-5,2026-01-15,30.1,3010,0,2420.0,7.0,0.0,0.9041109818106686,2721.3740552501126,9,169,2026-01
3520260114020009,2-5-3,2026-01-15,30.6,3060,0,17370.0,65.0,0.0,0.908146223419752,2778.9274436644414,5,203,2026-01
3520260209010006,1-4-3,2026-02-09,30.4,3040,0,1740.0,8.0,0.0,0.9030109821257484,2745.153385662275,13,93,2026-02
3520260209010009,5-2-4,2026-02-09,30.3,3030,0,12140.0,38.0,0.0,0.9024183010201928,2734.327452091185,9,196,2026-02
3520260209010010,4-1-5,2026-02-09,30.2,3020,0,9240.0,30.0,0.0,0.9047553348269588,2732.361111177416,7,196,2026-02
3520260209020001,7-1-3,2026-02-10,30.0,3000,0,55980.0,147.0,0.0,0.9209802883843694,2762.940865153108,4,205,2026-02
3520260209020009,1-5-2,2026-02-10,30.5,3050,0,16140.0,61.0,0.0,0.9074761504034236,2767.802258730442,4,202,2026-02
3520260209020010,2-3-1,2026-02-10,30.1,3010,0,6380.0,24.0,0.0,0.9087586547945012,2735.363550931449,6,200,2026-02
3520260209030009,1-5-3,2026-02-11,30.5,3050,0,2200.0,7.0,0.0,0.9197874814508274,2805.351818425024,8,190,2026-02
3520260223030005,7-2-4,2026-02-25,30.5,3050,0,14260.0,55.0,0.0,0.9067354055920568,2765.5429870557728,4,207,2026-02
3520260329010006,2-4-1,2026-03-29,30.0,3000,0,7700.0,22.0,0.0,0.9077480643440584,2723.244193032175,7,189,2026-03
3520260329020001,2-1-5,2026-03-30,30.1,3010,0,300.0,1.0,0.0,0.9072533409954664,2730.832556396354,9,97,2026-03
3520260329020001,1-3-4,2026-03-30,30.0,3000,0,300.0,1.0,0.0,0.9037591976551004,2711.277592965301,10,99,2026-03
3520260329030008,1-4-3,2026-03-31,30.1,3010,0,9400.0,26.0,0.0,0.908612282106345,2734.9229691400988,7,166,2026-03
3520260407010005,1-4-3,2026-04-07,30.1,3010,0,38140.0,88.0,0.0,0.900130251028469,2709.3920555956915,8,203,2026-04
3520260407020004,1-5-2,2026-04-08,30.6,3060,0,2020.0,5.0,0.0,0.9091695953946408,2782.058961907601,7,135,2026-04
3520260423010011,7-4-3,2026-04-23,30.0,3000,0,8600.0,35.0,0.0,0.9065750877388644,2719.7252632165937,5,184,2026-04
3520260423020005,1-7-2,2026-04-24,30.3,3030,0,3780.0,12.0,0.0,0.9021790682155666,2733.6025766931666,9,51,2026-04
3520260423030007,7-1-3,2026-04-25,30.6,3060,1,3060.0,8.0,3060.0,0.9015037885750748,2758.601593039729,7,202,2026-04
3520260423030011,6-2-3,2026-04-25,30.6,3060,0,4610.0,12.0,0.0,0.9018236454979608,2759.5803552237603,8,163,2026-04
3520260501010005,5-3-7,2026-05-01,30.1,3010,0,4990.0,10.0,0.0,0.9093301235222048,2737.0836718018363,4,477,2026-05
3520260501010006,2-9-7,2026-05-01,30.0,3000,0,6220.0,19.0,0.0,0.90523878535911,2715.7163560773297,6,488,2026-05
3520260501010007,1-5-6,2026-05-01,30.3,3030,0,3290.0,12.0,0.0,0.910821783570024,2759.7900042171727,7,429,2026-05
3520260501020003,3-7-2,2026-05-02,30.2,3020,0,4630.0,10.0,0.0,0.9127322510510134,2756.4513981740606,4,495,2026-05
3520260501030003,2-8-9,2026-05-03,30.1,3010,0,7830.0,26.0,0.0,0.9121563679563032,2745.590667548473,2,473,2026-05
3520260522010002,5-1-6,2026-05-22,30.3,3030,0,8320.0,33.0,0.0,0.91345528851228,2767.769524192209,7,187,2026-05
3520260522010007,3-2-4,2026-05-22,30.5,3050,0,5670.0,18.0,0.0,0.9058484162935247,2762.8376696952505,8,134,2026-05
3520260522030004,6-5-4,2026-05-24,30.0,3000,1,3000.0,8.0,3000.0,0.9131288787128272,2739.386636138481,6,185,2026-05
3520260522030006,6-3-1,2026-05-24,30.6,3060,0,1540.0,2.0,0.0,0.9011937841251312,2757.652979422901,9,124,2026-05
3520260522030010,4-1-7,2026-05-24,30.3,3030,0,1070.0,3.0,0.0,0.9133762388509842,2767.530003718482,8,105,2026-05
3520260603010007,1-2-5,2026-06-03,30.2,3020,0,2360.0,6.0,0.0,0.9041877719156344,2730.647071185216,7,130,2026-06
3520260619010007,3-4-6,2026-06-19,30.5,3050,0,12690.0,36.0,0.0,0.9166285236630658,2795.7169971723506,7,201,2026-06
3520260619020005,2-1-5,2026-06-20,30.7,3070,0,2470.0,8.0,0.0,0.9157433663093728,2811.332134569775,9,200,2026-06
3520260619030001,1-5-7,2026-06-21,30.3,3030,0,15510.0,51.0,0.0,0.9149166213428634,2772.1973626688764,6,204,2026-06
3520260619030006,7-3-4,2026-06-21,30.4,3040,0,12570.0,42.0,0.0,0.9292973184069838,2825.063847957231,6,123,2026-06
3620260103010004,4-1-5,2026-01-03,30.2,3020,0,840.0,2.0,0.0,0.9005861026247158,2719.7700299266417,10,195,2026-01
3620260125010001,1-5-6,2026-01-25,30.5,3050,0,3210.0,9.0,0.0,0.9008791611678266,2747.681441561871,7,198,2026-01
3620260125010010,7-2-3,2026-01-25,30.1,3010,0,5950.0,13.0,0.0,0.9025227238021516,2716.593398644477,10,199,2026-01
3620260125020007,2-1-3,2026-01-26,30.2,3020,0,113350.0,140.0,0.0,0.9026861201477208,2726.112082846117,9,192,2026-01
3620260125020010,7-1-5,2026-01-26,30.7,3070,0,5380.0,14.0,0.0,0.9021247541501696,2769.5229952410205,8,202,2026-01
3620260125030012,1-4-7,2026-01-27,30.2,3020,0,800.0,1.0,0.0,0.9040155185517572,2730.1268660263063,9,201,2026-01
3620260216010007,7-1-4,2026-02-16,30.2,3020,0,410.0,1.0,0.0,0.90182583472733,2723.5140208765365,11,121,2026-02
3620260216020007,4-6-5,2026-02-17,30.1,3010,0,300.0,1.0,0.0,0.9008858272042564,2711.666339884812,10,107,2026-02
3620260225010007,4-3-5,2026-02-25,30.1,3010,0,870.0,1.0,0.0,0.901400547837769,2713.2156489916847,12,194,2026-02
3620260303030002,1-4-5,2026-03-05,30.1,3010,0,9940.0,39.0,0.0,0.9097063465083864,2738.216102990243,9,190,2026-03
3620260308010007,7-4-5,2026-03-08,30.4,3040,1,3040.0,10.0,3040.0,0.9024211539118304,2743.360307891964,10,200,2026-03
3620260308020002,1-6-2,2026-03-09,30.6,3060,0,5730.0,16.0,0.0,0.920255645254214,2815.982274477895,6,193,2026-03
3620260308030008,1-3-5,2026-03-10,30.5,3050,0,12560.0,45.0,0.0,0.9084555210665692,2770.789339253036,4,204,2026-03
3620260316020009,7-2-4,2026-03-17,30.5,3050,0,62890.0,120.0,0.0,0.9024827431082552,2752.572366480178,6,201,2026-03
3620260316030011,1-4-7,2026-03-18,30.4,3040,0,4720.0,16.0,0.0,0.9085458505040244,2761.979385532234,9,197,2026-03
3620260316030012,2-7-4,2026-03-18,30.1,3010,0,1000.0,1.0,0.0,0.9010567394497304,2712.180785743689,6,203,2026-03
3620260326010002,2-5-4,2026-03-26,30.7,3070,0,117910.0,145.0,0.0,0.902936272627904,2772.014356967665,7,199,2026-03
3620260326020003,1-5-6,2026-03-27,30.0,3000,0,3140.0,9.0,0.0,0.907047646676469,2721.142940029407,5,201,2026-03
3620260401020006,6-1-3,2026-04-02,30.6,3060,0,46710.0,46.0,0.0,0.907403267178034,2776.653997564784,11,128,2026-04
3620260409010003,7-1-6,2026-04-09,30.7,3070,0,274850.0,184.0,0.0,0.9018716771493824,2768.746048848604,6,203,2026-04
3620260409010006,1-4-3,2026-04-09,30.2,3020,0,12040.0,40.0,0.0,0.9166236494534,2768.203421349268,6,196,2026-04
3620260409020011,1-7-2,2026-04-10,30.3,3030,0,200.0,1.0,0.0,0.9092520543082976,2755.033724554142,7,169,2026-04
3620260510010003,3-4-7,2026-05-10,30.3,3030,0,540.0,1.0,0.0,0.9021532447079862,2733.524331465198,7,152,2026-05
3620260510030004,2-1-4,2026-05-12,30.3,3030,0,17600.0,45.0,0.0,0.9064531362253162,2746.5530027627083,10,201,2026-05
3620260510030007,4-7-1,2026-05-12,30.4,3040,0,6530.0,29.0,0.0,0.9116801074291246,2771.507526584539,7,173,2026-05
3620260515010004,4-1-7,2026-05-15,30.3,3030,0,8620.0,27.0,0.0,0.9191338950516892,2784.975702006618,12,159,2026-05
3620260515010010,2-4-7,2026-05-15,30.0,3000,0,53730.0,91.0,0.0,0.9062237397062408,2718.671219118722,10,186,2026-05
3620260515020010,5-4-7,2026-05-16,30.5,3050,0,25460.0,78.0,0.0,0.9245018692708108,2819.7307012759725,7,193,2026-05
3620260515030007,3-4-1,2026-05-17,30.5,3050,0,13280.0,31.0,0.0,0.915905753719134,2793.512548843358,8,101,2026-05
3620260531020007,1-7-2,2026-06-01,30.1,3010,0,8130.0,24.0,0.0,0.9005767961917533,2710.736156537177,8,196,2026-06
3620260531030002,2-5-6,2026-06-02,30.5,3050,0,4110.0,21.0,0.0,0.9095259951122444,2774.0542850923457,11,102,2026-06
3620260614020006,4-7-2,2026-06-15,30.6,3060,0,11130.0,22.0,0.0,0.9160440693520048,2803.0948522171348,10,159,2026-06
3620260622010011,2-7-3,2026-06-22,30.6,3060,0,41100.0,77.0,0.0,0.9014958621663396,2758.577338228999,10,193,2026-06
3620260622020009,4-2-1,2026-06-23,30.4,3040,0,7900.0,20.0,0.0,0.9001779328795855,2736.54091595394,6,203,2026-06
3720260116020008,4-1-6,2026-01-17,30.5,3050,0,5980.0,40.0,0.0,0.9359934054039816,2854.7798864821434,6,152,2026-01
3720260125010007,1-4-3,2026-01-25,30.6,3060,0,20240.0,73.0,0.0,0.9042296758512544,2766.9428081048386,7,200,2026-01
3720260125010011,3-7-4,2026-01-25,30.6,3060,0,9810.0,32.0,0.0,0.9049355819176664,2769.10288066806,6,204,2026-01
3720260125020002,1-4-6,2026-01-26,30.2,3020,0,13600.0,24.0,0.0,0.9021108577486412,2724.374790400897,7,163,2026-01
3720260125030003,4-2-7,2026-01-27,30.4,3040,0,1090.0,2.0,0.0,0.9006225519086097,2737.892557802173,7,197,2026-01
3720260125030011,7-4-3,2026-01-27,30.5,3050,0,1510.0,4.0,0.0,0.9152709941669,2791.576532209045,6,191,2026-01
3720260201010002,4-5-2,2026-02-01,30.6,3060,0,400.0,1.0,0.0,0.911672278615698,2789.7171725640355,7,195,2026-02
3720260201020004,3-1-4,2026-02-02,30.5,3050,0,2220.0,5.0,0.0,0.9002293898273079,2745.699638973289,7,155,2026-02
3720260201030005,4-5-2,2026-02-03,30.7,3070,1,3070.0,8.0,3070.0,0.9284466765968048,2850.331297152191,6,161,2026-02
3720260207010003,4-5-3,2026-02-07,30.6,3060,0,4390.0,17.0,0.0,0.915295613781052,2800.804578170019,10,195,2026-02
3720260207010007,1-6-2,2026-02-07,30.7,3070,0,1950.0,5.0,0.0,0.9057634114193964,2780.6936730575467,9,94,2026-02
3720260220020004,1-7-4,2026-02-21,30.4,3040,0,4720.0,17.0,0.0,0.9153478765604268,2782.657544743698,7,163,2026-02
3720260220030001,4-2-1,2026-02-22,30.4,3040,0,2030.0,4.0,0.0,0.9143215883800796,2779.5376286754417,7,186,2026-02
3720260220030007,3-4-2,2026-02-22,30.7,3070,0,1550.0,6.0,0.0,0.9135065987344344,2804.465258114714,10,99,2026-02
3720260304020002,3-7-1,2026-03-05,30.5,3050,1,3050.0,9.0,3050.0,0.9023101272813626,2752.045888208156,7,191,2026-03
3720260304020004,1-2-5,2026-03-05,30.6,3060,0,6330.0,23.0,0.0,0.9102151164381752,2785.2582563008164,7,199,2026-03
3720260304020004,5-1-2,2026-03-05,30.4,3040,0,6330.0,23.0,0.0,0.9071075845154364,2757.6070569269264,8,200,2026-03
3720260304020010,2-4-1,2026-03-05,30.3,3030,0,8060.0,27.0,0.0,0.9019464857520908,2732.897851828835,7,202,2026-03
3720260304030012,5-6-2,2026-03-06,30.0,3000,0,98770.0,183.0,0.0,0.9176162605262812,2752.8487815788435,8,200,2026-03
3720260329010006,6-1-2,2026-03-29,30.3,3030,0,390.0,1.0,0.0,0.9148310861190876,2771.9381909408357,9,94,2026-03
3720260329010012,4-1-5,2026-03-29,30.4,3040,0,18740.0,57.0,0.0,0.9119338991488798,2772.2790534125947,6,199,2026-03
3720260329020012,1-6-2,2026-03-30,30.4,3040,0,1200.0,3.0,0.0,0.9166294468285344,2786.5535183587444,10,106,2026-03
3720260329030002,3-1-5,2026-03-31,30.5,3050,0,460.0,1.0,0.0,0.9094787325690484,2773.910134335598,7,200,2026-03
3720260402010001,3-7-6,2026-04-02,30.0,3000,0,11630.0,34.0,0.0,0.9028582246098038,2708.5746738294115,6,417,2026-04
3720260402010007,7-2-1,2026-04-02,30.7,3070,0,1080.0,1.0,0.0,0.9020944310756246,2769.4299034021674,6,365,2026-04
3720260402030001,7-3-4,2026-04-04,30.4,3040,0,1240.0,2.0,0.0,0.9135760126569646,2777.2710784771725,5,194,2026-04
3720260402040001,3-4-7,2026-04-05,30.7,3070,0,960.0,2.0,0.0,0.9150278890894792,2809.135619504701,6,200,2026-04
3720260402040001,3-2-7,2026-04-05,30.7,3070,0,960.0,2.0,0.0,0.9023570768974264,2770.236226075099,7,201,2026-04
3720260402040002,7-3-5,2026-04-05,30.5,3050,0,5550.0,13.0,0.0,0.9277406422173856,2829.6089587630263,3,316,2026-04
3720260402040005,5-7-2,2026-04-05,30.5,3050,0,1380.0,1.0,0.0,0.9138086868396128,2787.11649486082,3,273,2026-04
3720260413020001,4-1-2,2026-04-14,30.3,3030,0,1870.0,5.0,0.0,0.9013697123764388,2731.150228500609,8,187,2026-04
3720260413020009,2-3-4,2026-04-14,30.3,3030,0,2410.0,5.0,0.0,0.9098592355077172,2756.873483588383,7,186,2026-04
3720260413020011,3-1-7,2026-04-14,30.3,3030,0,9840.0,29.0,0.0,0.9217849186558748,2793.0083035273005,7,139,2026-04
3720260413030003,1-4-3,2026-04-15,30.1,3010,0,4870.0,30.0,0.0,0.9028803204693516,2717.6697646127486,5,206,2026-04
3720260413030009,5-3-6,2026-04-15,30.4,3040,0,16590.0,49.0,0.0,0.9118142440270736,2771.9153018423035,8,202,2026-04
3720260418010006,2-4-5,2026-04-18,30.3,3030,0,4660.0,15.0,0.0,0.9054972271068572,2743.656598133777,9,183,2026-04
3720260418020002,5-1-4,2026-04-19,30.6,3060,0,11020.0,28.0,0.0,0.9125964942741476,2792.545272478892,10,51,2026-04
3720260418020006,7-1-2,2026-04-19,30.5,3050,0,14350.0,37.0,0.0,0.9042862763972004,2758.073143011461,11,151,2026-04
3720260418030003,5-3-1,2026-04-20,30.4,3040,0,620.0,2.0,0.0,0.9095663018682588,2765.081557679507,6,195,2026-04
3720260428020004,4-3-1,2026-04-29,30.5,3050,0,2510.0,5.0,0.0,0.9048452367337048,2759.7779720378,7,198,2026-04
3720260428020005,1-4-2,2026-04-29,30.2,3020,0,13840.0,50.0,0.0,0.9058751096113666,2735.742831026327,4,186,2026-04
3720260428020007,2-1-5,2026-04-29,30.5,3050,0,7190.0,28.0,0.0,0.9003873720155772,2746.1814846475104,4,207,2026-04
3720260428030006,6-1-4,2026-04-30,30.5,3050,0,2980.0,8.0,0.0,0.9154797718395756,2792.213304110706,8,202,2026-04
3720260511010004,7-5-3,2026-05-11,30.5,3050,0,10500.0,20.0,0.0,0.9011895951187652,2748.6282651122337,8,117,2026-05
3720260511010008,3-2-4,2026-05-11,30.3,3030,0,7530.0,24.0,0.0,0.9032601022327532,2736.878109765242,8,199,2026-05
3720260511010009,1-7-4,2026-05-11,30.2,3020,0,5400.0,19.0,0.0,0.9070080668742916,2739.164361960361,10,200,2026-05
3720260511020002,1-4-6,2026-05-12,30.5,3050,0,1700.0,4.0,0.0,0.9268289075914622,2826.82816815396,8,165,2026-05
3720260511020003,4-5-3,2026-05-12,30.0,3000,0,5200.0,22.0,0.0,0.9139394328665588,2741.818298599677,7,188,2026-05
3720260511020007,7-3-4,2026-05-12,30.6,3060,0,18160.0,59.0,0.0,0.9085747170583264,2780.238634198479,5,202,2026-05
3720260511030002,5-2-7,2026-05-13,30.6,3060,0,280.0,1.0,0.0,0.929167286005724,2843.2518951775155,8,142,2026-05
3720260511030006,1-5-7,2026-05-13,30.0,3000,0,5530.0,15.0,0.0,0.9114826563013408,2734.4479689040227,6,204,2026-05
3720260511030006,2-7-1,2026-05-13,30.3,3030,0,5530.0,15.0,0.0,0.9085362775920132,2752.8649211038,7,203,2026-05
3720260519030005,6-1-5,2026-05-21,30.7,3070,0,91020.0,195.0,0.0,0.9144699721136496,2807.4228143889045,3,203,2026-05
3720260519030008,1-2-4,2026-05-21,30.4,3040,0,13140.0,45.0,0.0,0.9010638013986522,2739.233956251903,10,185,2026-05
3720260528010004,4-7-2,2026-05-28,30.0,3000,0,670.0,3.0,0.0,0.9105539947070008,2731.661984121002,10,138,2026-05
3720260528010011,1-6-5,2026-05-28,30.5,3050,0,7290.0,21.0,0.0,0.9357096905002692,2853.914556025821,10,194,2026-05
3720260607010002,7-4-1,2026-06-07,30.0,3000,1,3000.0,8.0,3000.0,0.9098567532202032,2729.5702596606097,8,192,2026-06
3720260607010002,4-1-7,2026-06-07,30.2,3020,0,3000.0,8.0,0.0,0.9070607325683888,2739.3234123565344,9,191,2026-06
3720260607010004,7-1-2,2026-06-07,30.3,3030,0,51350.0,51.0,0.0,0.9097119985923184,2756.4273557347246,8,145,2026-06
3720260607020005,5-4-1,2026-06-08,30.4,3040,0,2560.0,5.0,0.0,0.9011130620175738,2739.3837085334244,6,204,2026-06
3720260607030007,4-1-3,2026-06-09,30.3,3030,0,16500.0,34.0,0.0,0.9005752214951084,2728.7429211301783,8,193,2026-06
3720260607030008,1-2-4,2026-06-09,30.0,3000,0,490.0,1.0,0.0,0.9087311998248836,2726.1935994746505,10,195,2026-06
3720260613010001,7-3-4,2026-06-13,30.7,3070,0,7320.0,34.0,0.0,0.9106924614457887,2795.825856638572,7,192,2026-06
3720260613010001,2-5-6,2026-06-13,30.5,3050,0,7320.0,34.0,0.0,0.9074285938760528,2767.6572113219613,8,193,2026-06
3720260613010003,5-2-4,2026-06-13,30.3,3030,0,1670.0,3.0,0.0,0.9068134025620334,2747.644609762961,5,193,2026-06
3720260613020011,5-1-7,2026-06-14,30.2,3020,0,6330.0,24.0,0.0,0.9158124705506973,2765.753661063105,4,197,2026-06
3720260613030001,4-5-3,2026-06-15,30.0,3000,0,3370.0,14.0,0.0,0.9028487643842577,2708.546293152773,10,194,2026-06
3720260613030003,2-5-7,2026-06-15,30.2,3020,0,15710.0,58.0,0.0,0.9012195979966682,2721.683185949938,4,204,2026-06
3820260101020006,1-3-4,2026-01-02,30.6,3060,0,1890.0,3.0,0.0,0.913519097628088,2795.36843874195,8,108,2026-01
3820260101030003,7-5-4,2026-01-03,30.5,3050,0,4690.0,10.0,0.0,0.9283057564341116,2831.3325571240407,5,197,2026-01
3820260131010001,6-1-4,2026-01-31,30.5,3050,0,19490.0,74.0,0.0,0.9069241513327344,2766.1186615648394,3,205,2026-01
3820260131010011,7-1-3,2026-01-31,30.6,3060,0,420.0,1.0,0.0,0.9036052258262506,2765.031991028327,6,198,2026-01
3820260212010004,7-2-9,2026-02-12,30.6,3060,0,2900.0,6.0,0.0,0.9073912984904174,2776.617373380677,6,495,2026-02
3820260212020003,5-1-9,2026-02-13,30.6,3060,0,5440.0,13.0,0.0,0.9073973745144628,2776.635966014256,5,497,2026-02
3820260310030003,1-4-5,2026-03-12,30.1,3010,0,6500.0,18.0,0.0,0.9059198809990604,2726.818841807172,7,203,2026-03
3820260323020004,7-5-4,2026-03-24,30.7,3070,0,780.0,3.0,0.0,0.9151999855686186,2809.6639556956598,8,196,2026-03
3820260524030004,4-6-3,2026-05-26,30.3,3030,0,1310.0,4.0,0.0,0.902353135507958,2734.130000589113,11,153,2026-05
4220260210020001,4-5-2,2026-02-11,30.5,3050,0,670.0,3.0,0.0,0.9002109326778894,2745.643344667563,4,111,2026-02
4220260210030006,6-2-4,2026-02-12,30.2,3020,0,1480.0,4.0,0.0,0.9138635463332396,2759.867909926384,7,92,2026-02
4220260210030009,5-6-1,2026-02-12,30.5,3050,1,3050.0,9.0,3050.0,0.9103783968255752,2776.6541103180048,8,128,2026-02
4220260214020005,7-3-4,2026-02-15,30.2,3020,0,4980.0,15.0,0.0,0.9074155108152352,2740.3948426620104,9,200,2026-02
4220260214030005,3-2-4,2026-02-16,30.2,3020,1,3020.0,7.0,3020.0,0.9014023781459584,2722.2351820007943,7,201,2026-02
4220260317010006,4-2-3,2026-03-17,30.6,3060,0,24050.0,80.0,0.0,0.91260055909501,2792.5577108307307,2,150,2026-03
4220260317030012,5-4-2,2026-03-19,30.6,3060,0,12820.0,46.0,0.0,0.9107274855776892,2786.826105867729,6,200,2026-03
4220260401010005,1-3-7,2026-04-01,30.7,3070,0,46180.0,93.0,0.0,0.913419044294562,2804.196465984305,7,201,2026-04
4220260406030008,1-2-4,2026-04-08,30.0,3000,0,1050.0,1.0,0.0,0.906615712711894,2719.8471381356817,6,202,2026-04
4220260411020006,5-1-7,2026-04-12,30.6,3060,0,4920.0,21.0,0.0,0.9189958068109456,2812.127168841494,10,149,2026-04
4220260423020008,9-5-1,2026-04-24,30.2,3020,0,3980.0,8.0,0.0,0.912502584700664,2755.757805796006,5,484,2026-04
4220260423040002,2-5-3,2026-04-26,30.6,3060,0,1210.0,6.0,0.0,0.9087016968405722,2780.627192332151,10,35,2026-04
4220260601020004,2-7-3,2026-06-02,30.4,3040,0,98470.0,115.0,0.0,0.9013949589978756,2740.240675353542,6,195,2026-06
4220260601020007,5-2-7,2026-06-02,30.6,3060,0,9000.0,39.0,0.0,0.9193169726427992,2813.109936286966,7,198,2026-06
4220260601020008,7-4-3,2026-06-02,30.6,3060,0,37380.0,109.0,0.0,0.905989339589354,2772.3273791434235,4,201,2026-06
4220260601030002,1-7-3,2026-06-03,30.0,3000,0,4410.0,15.0,0.0,0.91239120112127,2737.1736033638103,7,199,2026-06
4320260102010003,2-1-7,2026-01-02,30.2,3020,0,12520.0,42.0,0.0,0.918465897918126,2773.767011712741,6,200,2026-01
4320260107010003,1-4-3,2026-01-07,30.5,3050,1,3050.0,11.0,3050.0,0.9023291738915136,2752.1039803691165,10,170,2026-01
4320260107010004,2-5-3,2026-01-07,30.7,3070,0,23490.0,35.0,0.0,0.9020167967652116,2769.1915660692,7,177,2026-01
4320260107010008,5-1-3,2026-01-07,30.3,3030,0,59950.0,136.0,0.0,0.9095044279076469,2755.7984165601697,6,204,2026-01
4320260107020002,2-7-5,2026-01-08,30.5,3050,0,3530.0,6.0,0.0,0.90798743544474,2769.361678106457,3,159,2026-01
4320260112010009,2-4-7,2026-01-12,30.4,3040,0,2010.0,5.0,0.0,0.9108309863308786,2768.926198445871,8,192,2026-01
4320260112010009,3-2-4,2026-01-12,30.1,3010,0,2010.0,5.0,0.0,0.9025141389497692,2716.5675582388053,11,193,2026-01
4320260112030001,5-3-7,2026-01-14,30.3,3030,0,5310.0,16.0,0.0,0.902413244374149,2734.312130453672,6,202,2026-01
4320260112030010,3-7-5,2026-01-14,30.4,3040,0,5190.0,13.0,0.0,0.9046872222954604,2750.2491557782,6,202,2026-01
4320260112030010,7-3-1,2026-01-14,30.2,3020,0,5190.0,13.0,0.0,0.9044919862365878,2731.5657984344957,7,203,2026-01
4320260119010009,5-4-2,2026-01-19,30.1,3010,0,770.0,3.0,0.0,0.9021205473024304,2715.382847380316,7,171,2026-01
4320260119020003,4-2-7,2026-01-20,30.7,3070,0,2870.0,10.0,0.0,0.9013107452271026,2767.0239878472053,9,165,2026-01
4320260119030007,5-3-2,2026-01-21,30.6,3060,0,1730.0,1.0,0.0,0.9036074179342432,2765.0386988787845,6,196,2026-01
4320260207010009,1-7-4,2026-02-07,30.7,3070,0,4820.0,20.0,0.0,0.910588861931682,2795.507806130264,5,199,2026-02
4320260207020008,7-1-4,2026-02-08,30.6,3060,0,12980.0,44.0,0.0,0.9128640192905,2793.36389902893,5,202,2026-02
4320260207020011,1-4-5,2026-02-08,30.1,3010,0,760.0,2.0,0.0,0.9055279326149088,2725.639077170876,9,202,2026-02
4320260207030009,2-7-5,2026-02-09,30.6,3060,0,21960.0,76.0,0.0,0.9075619317015664,2777.1395110067933,4,204,2026-02
4320260216010006,7-3-5,2026-02-16,30.0,3000,0,1280.0,2.0,0.0,0.9050586278572188,2715.175883571657,6,202,2026-02
4320260216020003,3-6-2,2026-02-17,30.2,3020,0,248470.0,187.0,0.0,0.9157658520731552,2765.612873260929,5,178,2026-02
4320260216030002,7-3-4,2026-02-18,30.7,3070,0,6120.0,19.0,0.0,0.9205341680759804,2826.03989599326,7,178,2026-02
4320260307030004,4-3-6,2026-03-09,30.7,3070,0,1950.0,4.0,0.0,0.9202510210487808,2825.170634619757,5,202,2026-03
4320260314010001,7-4-3,2026-03-14,30.4,3040,0,3580.0,12.0,0.0,0.9037445372430222,2747.383393218787,8,191,2026-03
4320260314010002,5-2-3,2026-03-14,30.2,3020,0,2040.0,4.0,0.0,0.9055610288320052,2734.794307072656,7,198,2026-03
4320260314010007,5-1-2,2026-03-14,30.3,3030,0,5940.0,19.0,0.0,0.9196592152212852,2786.5674221204945,6,192,2026-03
4320260314020004,7-1-4,2026-03-15,30.1,3010,0,9460.0,31.0,0.0,0.9031473574984076,2718.473546070207,7,203,2026-03
4320260314030001,1-7-5,2026-03-16,30.4,3040,0,9740.0,39.0,0.0,0.9003367297894198,2737.0236585598363,6,204,2026-03
4320260427010003,2-7-4,2026-04-27,30.5,3050,0,4170.0,10.0,0.0,0.9061779350946124,2763.8427020385675,8,199,2026-04
4320260427010005,6-1-4,2026-04-27,30.3,3030,0,8010.0,26.0,0.0,0.9125908271993108,2765.1502064139117,1,208,2026-04
4320260427010007,7-1-4,2026-04-27,30.5,3050,0,8540.0,32.0,0.0,0.9021365903110584,2751.5166004487287,6,202,2026-04
4320260427010011,1-7-6,2026-04-27,30.1,3010,0,1160.0,5.0,0.0,0.9031879520265726,2718.5957355999835,7,194,2026-04
4320260505020005,4-2-3,2026-05-06,30.7,3070,0,9500.0,29.0,0.0,0.9129781974317582,2802.843066115497,7,109,2026-05
4320260516010001,1-4-3,2026-05-16,30.1,3010,0,500.0,2.0,0.0,0.9048707176971622,2723.6608602684582,9,124,2026-05
4320260516010002,1-4-5,2026-05-16,30.2,3020,0,1780.0,9.0,0.0,0.9034675782835287,2728.4720864162573,11,181,2026-05
4320260522020004,5-3-6,2026-05-23,30.0,3000,0,13550.0,44.0,0.0,0.9087008367338572,2726.1025102015715,6,203,2026-05
4320260522020009,1-6-4,2026-05-23,30.4,3040,0,4930.0,18.0,0.0,0.9039417392800092,2747.982887411228,10,172,2026-05
4320260528020001,5-3-6,2026-05-29,30.0,3000,0,7070.0,30.0,0.0,0.9119559674474538,2735.867902342361,7,110,2026-05
4320260622010001,2-7-4,2026-06-22,30.1,3010,0,1380.0,4.0,0.0,0.9090599175516828,2736.270351830565,9,176,2026-06
4320260622010002,4-3-5,2026-06-22,30.1,3010,0,5190.0,20.0,0.0,0.9021446649208862,2715.4554414118675,10,200,2026-06
4320260622020005,1-5-6,2026-06-23,30.2,3020,0,4070.0,15.0,0.0,0.9074498433930348,2740.4985270469656,6,195,2026-06
4420260105030004,2-1-7,2026-01-07,30.5,3050,0,410.0,1.0,0.0,0.907258971979267,2767.1398645367644,7,200,2026-01
4420260115030005,3-5-1,2026-01-17,30.4,3040,0,640.0,1.0,0.0,0.9031211733877634,2745.4883670988006,8,108,2026-01
4420260202020003,5-1-6,2026-02-03,30.3,3030,0,33790.0,89.0,0.0,0.9273520157253532,2809.87660764782,6,186,2026-02
4420260202020004,7-3-5,2026-02-03,30.6,3060,1,3060.0,12.0,3060.0,0.9149658523607236,2799.7955082238145,11,194,2026-02
4420260220030005,1-5-2,2026-02-22,30.1,3010,0,1810.0,5.0,0.0,0.901023717332472,2712.081389170741,7,194,2026-02
4420260228010008,9-3-1,2026-02-28,30.4,3040,0,4060.0,11.0,0.0,0.9013295978962051,2740.041977604464,6,494,2026-02
4420260228010008,1-7-9,2026-02-28,30.7,3070,0,4060.0,11.0,0.0,0.9003209002306316,2763.985163708039,7,493,2026-02
4420260228020008,2-5-8,2026-03-01,30.2,3020,0,3320.0,11.0,0.0,0.9036132781233008,2728.912099932368,8,456,2026-03
4420260228030001,3-2-5,2026-03-02,30.4,3040,0,4210.0,13.0,0.0,0.9198153514798544,2796.238668498757,5,164,2026-03
4420260228030012,5-2-8,2026-03-02,30.0,3000,0,8750.0,28.0,0.0,0.9039310269811168,2711.793080943351,7,473,2026-03
4420260313010009,3-1-7,2026-03-13,30.2,3020,0,1910.0,3.0,0.0,0.9055549221252616,2734.7758648182903,6,202,2026-03
4420260313020005,2-7-4,2026-03-14,30.0,3000,0,21050.0,99.0,0.0,0.905692870374539,2717.078611123617,1,209,2026-03
4420260313030002,4-1-3,2026-03-15,30.0,3000,0,1450.0,3.0,0.0,0.9033961137309008,2710.188341192703,6,92,2026-03
4420260325010005,5-2-7,2026-03-25,30.3,3030,0,5300.0,14.0,0.0,0.9105054827357948,2758.831612689458,3,206,2026-03
4420260325020004,1-3-5,2026-03-26,30.5,3050,0,5180.0,15.0,0.0,0.9041183485763428,2757.560963157846,5,201,2026-03
4420260408020001,4-1-6,2026-04-09,30.3,3030,0,5650.0,15.0,0.0,0.903382180170324,2737.2480059160816,6,204,2026-04
4420260408020012,1-7-4,2026-04-09,30.1,3010,0,14580.0,44.0,0.0,0.9088703628942196,2735.6997923116014,7,201,2026-04
4420260413020001,3-1-5,2026-04-14,30.6,3060,0,2190.0,9.0,0.0,0.9144563777838464,2798.236516018569,9,26,2026-04
4420260419020004,1-2-7,2026-04-20,30.5,3050,0,1340.0,3.0,0.0,0.9025543022817918,2752.790621959465,8,191,2026-04
4420260513010001,3-2-1,2026-05-13,30.1,3010,0,2500.0,8.0,0.0,0.9072562653153904,2730.841358599325,9,164,2026-05
4420260608030003,3-6-1,2026-06-10,30.5,3050,0,1040.0,4.0,0.0,0.9089115707785332,2772.1802908745262,14,97,2026-06
4420260608030005,1-3-5,2026-06-10,30.3,3030,0,440.0,1.0,0.0,0.9037117245595266,2738.246525415366,7,197,2026-06
4420260625010007,1-2-5,2026-06-25,30.3,3030,0,580.0,2.0,0.0,0.9033784268319498,2737.236633300808,8,151,2026-06
4520260102010002,2-4-7,2026-01-02,30.0,3000,0,12810.0,46.0,0.0,0.9151698436317298,2745.509530895189,9,178,2026-01
4520260102020007,5-1-2,2026-01-03,30.4,3040,0,1490.0,3.0,0.0,0.9009978984189044,2739.03361119347,13,174,2026-01
4520260102030004,7-2-3,2026-01-04,30.3,3030,0,3610.0,12.0,0.0,0.923702666696822,2798.819080091371,6,196,2026-01
4520260102030008,7-5-4,2026-01-04,30.0,3000,1,3000.0,4.0,3000.0,0.9149353635439932,2744.80609063198,4,189,2026-01
4520260102030011,2-3-4,2026-01-04,30.4,3040,0,6130.0,22.0,0.0,0.9029409966475684,2744.940629808608,10,195,2026-01
4520260102030012,2-7-5,2026-01-04,30.5,3050,0,7820.0,28.0,0.0,0.9084521044950354,2770.7789187098583,7,200,2026-01
4520260117030004,3-6-1,2026-01-19,30.2,3020,0,9310.0,22.0,0.0,0.9050021867642424,2733.106604028012,6,196,2026-01
4520260117030004,1-6-2,2026-01-19,30.0,3000,0,9310.0,22.0,0.0,0.9005402306946684,2701.620692084005,7,198,2026-01
4520260223010005,2-5-7,2026-02-23,30.1,3010,0,1030.0,1.0,0.0,0.9070216833806884,2730.135266975872,6,199,2026-02
4520260223020006,1-3-7,2026-02-24,30.3,3030,0,21380.0,86.0,0.0,0.9003376060652535,2728.022946377718,3,204,2026-02
4520260223030001,7-1-2,2026-02-25,30.6,3060,0,7400.0,15.0,0.0,0.924978379462105,2830.4338411540416,6,153,2026-02
4520260223030004,2-7-3,2026-02-25,30.0,3000,0,8680.0,26.0,0.0,0.9055248951360024,2716.574685408007,8,199,2026-02
4520260304010006,1-5-7,2026-03-04,30.2,3020,0,370.0,1.0,0.0,0.9063729035509408,2737.246168723841,7,191,2026-03
4520260304020004,3-5-2,2026-03-05,30.2,3020,0,4010.0,10.0,0.0,0.9143853955814594,2761.443894656007,7,203,2026-03
4520260304020006,1-7-4,2026-03-05,30.0,3000,0,1860.0,7.0,0.0,0.9087131227342142,2726.139368202643,8,201,2026-03
4520260328010012,3-4-9,2026-03-28,30.2,3020,0,10000.0,34.0,0.0,0.9027962113285594,2726.4445582122494,3,489,2026-03
4520260328020002,2-7-6,2026-03-29,30.1,3010,0,5940.0,14.0,0.0,0.9041967157275732,2721.6321143399955,3,334,2026-03
4520260328030007,2-9-3,2026-03-30,30.7,3070,0,10740.0,27.0,0.0,0.9011427247608588,2766.5081650158363,3,492,2026-03
4520260328040001,5-1-3,2026-03-31,30.0,3000,0,7170.0,24.0,0.0,0.9038040366828018,2711.4121100484053,8,107,2026-03
4520260328040004,7-2-4,2026-03-31,30.5,3050,0,57230.0,157.0,0.0,0.9071602787222196,2766.83885010277,6,473,2026-03
4520260404020006,7-3-6,2026-04-05,30.0,3000,0,3960.0,11.0,0.0,0.9095898674042192,2728.769602212658,9,121,2026-04
4520260404030008,1-4-7,2026-04-06,30.4,3040,0,13070.0,44.0,0.0,0.9158915149684832,2784.3102055041886,7,202,2026-04
4520260415010002,1-4-3,2026-04-15,30.4,3040,0,2070.0,6.0,0.0,0.9124960845244864,2773.988096954439,9,187,2026-04
4520260415020007,2-3-7,2026-04-16,30.1,3010,1,3010.0,7.0,3010.0,0.9199775172175484,2769.1323268248207,6,177,2026-04
4520260415020012,7-5-1,2026-04-16,30.5,3050,0,98680.0,76.0,0.0,0.9036955072206464,2756.271297022972,11,192,2026-04
4520260415030005,2-4-5,2026-04-17,30.1,3010,0,3810.0,16.0,0.0,0.9161921510489824,2757.7383746574374,8,94,2026-04
4520260415030005,4-2-6,2026-04-17,30.1,3010,0,3810.0,16.0,0.0,0.9011353683161032,2712.4174586314703,9,96,2026-04
4520260427010004,3-5-2,2026-04-27,30.1,3010,0,3530.0,11.0,0.0,0.9195389000441296,2767.8120891328304,7,181,2026-04
4520260427010007,7-3-2,2026-04-27,30.3,3030,0,530.0,2.0,0.0,0.912805938234682,2765.801992851087,9,110,2026-04
4520260427030002,3-1-2,2026-04-29,30.5,3050,0,5840.0,21.0,0.0,0.9035590644541386,2755.855146585123,8,197,2026-04
4520260427030004,4-5-3,2026-04-29,30.0,3000,0,61310.0,104.0,0.0,0.9067752049728708,2720.325614918612,6,205,2026-04
4520260427030006,2-7-5,2026-04-29,30.4,3040,0,8680.0,28.0,0.0,0.904920429089318,2750.9581044315264,8,199,2026-04
4620260412010002,7-3-5,2026-04-12,30.2,3020,0,3180.0,14.0,0.0,0.916324061453958,2767.298665590953,10,195,2026-04
4620260430010003,1-7-4,2026-04-30,30.3,3030,0,140.0,1.0,0.0,0.903340117705305,2737.120556647074,7,198,2026-04
4620260430010008,4-1-2,2026-04-30,30.1,3010,0,1140.0,3.0,0.0,0.9099912173802376,2739.073564314515,9,200,2026-04
4620260616020011,4-6-3,2026-06-17,30.6,3060,0,1410.0,4.0,0.0,0.914119890996814,2797.2068664502517,7,168,2026-06
4620260616030003,4-6-1,2026-06-18,30.3,3030,0,1520.0,4.0,0.0,0.9246980960685974,2801.8352310878504,5,188,2026-06
4620260625020007,3-5-4,2026-06-26,30.2,3020,0,3160.0,9.0,0.0,0.908525909700502,2743.748247295516,6,201,2026-06
4720251231030003,1-5-4,2026-01-02,30.1,3010,0,2660.0,7.0,0.0,0.9070557244083356,2730.2377304690904,8,141,2026-01
4720251231030008,4-5-3,2026-01-02,30.2,3020,0,21130.0,87.0,0.0,0.9008988550954964,2720.714542388399,2,207,2026-01
4720260105010002,2-1-7,2026-01-05,30.0,3000,0,4990.0,14.0,0.0,0.913373859579612,2740.121578738836,7,197,2026-01
4720260105010004,3-5-2,2026-01-05,30.3,3030,0,350.0,1.0,0.0,0.905771750915816,2744.488405274922,7,195,2026-01
4720260201020003,7-2-5,2026-02-02,30.2,3020,0,1520.0,3.0,0.0,0.9056268356735468,2734.993043734112,8,176,2026-02
4720260201020005,5-7-2,2026-02-02,30.0,3000,0,4540.0,13.0,0.0,0.9118510712404893,2735.5532137214677,8,171,2026-02
4720260201030007,1-7-4,2026-02-03,30.6,3060,0,78000.0,133.0,0.0,0.9033660529669374,2764.3001220788283,5,203,2026-02
4720260201030008,4-7-2,2026-02-03,30.5,3050,0,12860.0,53.0,0.0,0.9041909823189508,2757.7824960727994,4,206,2026-02
4720260216010001,7-2-3,2026-02-16,30.5,3050,0,63700.0,143.0,0.0,0.9024003805569778,2752.3211606987825,7,194,2026-02
4720260216030004,6-3-7,2026-02-18,30.5,3050,0,3030.0,9.0,0.0,0.9062216709078512,2763.9760962689465,8,200,2026-02
4720260226020001,1-4-2,2026-02-27,30.5,3050,0,30340.0,66.0,0.0,0.9127158965166482,2783.783484375777,6,205,2026-02
4720260226030005,1-2-4,2026-02-28,30.3,3030,0,11640.0,43.0,0.0,0.907302889091645,2749.1277539476846,7,189,2026-02
4720260322010002,4-1-7,2026-03-22,30.6,3060,0,1000.0,2.0,0.0,0.9019334615870732,2759.916392456444,10,172,2026-03
4720260322010002,1-4-6,2026-03-22,30.1,3010,0,1000.0,2.0,0.0,0.901780928040576,2714.360593402134,11,173,2026-03
4720260404030005,4-1-2,2026-04-06,30.6,3060,0,1970.0,6.0,0.0,0.9095077657343948,2783.093763147248,7,202,2026-04
4720260404030005,2-3-1,2026-04-06,30.4,3040,0,1970.0,6.0,0.0,0.9040848428497132,2748.417922263128,8,203,2026-04
4720260504010003,1-5-4,2026-05-04,30.0,3000,0,250.0,1.0,0.0,0.908085693845008,2724.257081535024,6,162,2026-05
4720260504010011,7-2-5,2026-05-04,30.0,3000,0,2550.0,7.0,0.0,0.9133113017064652,2739.933905119396,8,194,2026-05
4720260504020003,3-5-2,2026-05-05,30.6,3060,0,10450.0,35.0,0.0,0.9033606548264403,2764.283603768908,8,194,2026-05
4720260504030003,1-5-7,2026-05-06,30.5,3050,0,53150.0,103.0,0.0,0.9053851764484532,2761.424788167782,7,194,2026-05
4720260504030008,6-1-5,2026-05-06,30.5,3050,0,17600.0,58.0,0.0,0.9107395441248812,2777.7556095808877,4,204,2026-05
4720260509010006,1-7-8,2026-05-09,30.7,3070,0,69810.0,191.0,0.0,0.906403836476958,2782.6597779842605,3,469,2026-05
4720260509010007,1-7-2,2026-05-09,30.2,3020,0,141700.0,208.0,0.0,0.9006828815495856,2720.062302279749,5,314,2026-05
4720260509030010,5-1-7,2026-05-11,30.5,3050,0,4530.0,9.0,0.0,0.9048042895335052,2759.653083077191,4,493,2026-05
4720260607010008,5-3-2,2026-06-07,30.7,3070,0,830.0,1.0,0.0,0.9060263953602004,2781.501033755815,11,108,2026-06
4720260607030002,1-3-7,2026-06-09,30.0,3000,0,1930.0,4.0,0.0,0.903629736900086,2710.889210700258,8,203,2026-06
4820260124010007,5-7-6,2026-01-24,30.5,3050,0,5400.0,20.0,0.0,0.9106560731709548,2777.501023171412,10,108,2026-01
4820260124020002,1-7-4,2026-01-25,30.1,3010,0,820.0,2.0,0.0,0.901974310762552,2714.942675395281,9,96,2026-01
4820260124020005,2-1-4,2026-01-25,30.0,3000,0,12920.0,45.0,0.0,0.9069737437867283,2720.921231360185,7,196,2026-01
4820260124020007,7-1-3,2026-01-25,30.6,3060,0,3900.0,14.0,0.0,0.9054290915477832,2770.6130201362166,7,199,2026-01
4820260124020008,4-7-5,2026-01-25,30.5,3050,0,450.0,1.0,0.0,0.9047678675198386,2759.541995935508,6,204,2026-01
5320260129020009,2-4-3,2026-01-30,30.7,3070,0,5520.0,19.0,0.0,0.901834237964388,2768.631110550671,8,186,2026-01
5320260205020009,2-1-5,2026-02-06,30.7,3070,0,2200.0,5.0,0.0,0.9252381986593964,2840.4812698843466,8,469,2026-02
5320260205020011,1-7-2,2026-02-06,30.2,3020,0,18260.0,56.0,0.0,0.9044818562309204,2731.5352058173794,7,469,2026-02
5320260214010002,5-2-1,2026-02-14,30.5,3050,0,580.0,1.0,0.0,0.9048271662297231,2759.7228570006555,8,202,2026-02
5320260214010009,3-1-4,2026-02-14,30.0,3000,0,2310.0,5.0,0.0,0.909335272954727,2728.005818864181,6,205,2026-02
5320260214020002,1-6-2,2026-02-15,30.6,3060,0,4480.0,12.0,0.0,0.9119392469362546,2790.5340956249397,7,188,2026-02
5320260214030007,1-3-2,2026-02-16,30.3,3030,1,3030.0,7.0,3030.0,0.9009155812532385,2729.7742111973125,6,203,2026-02
5320260227010001,1-3-7,2026-02-27,30.2,3020,0,25590.0,60.0,0.0,0.9057743694823952,2735.438595836833,8,200,2026-02
5320260227010004,4-3-1,2026-02-27,30.0,3000,0,320.0,2.0,0.0,0.9081562050466347,2724.468615139904,6,202,2026-02
5320260314010006,7-3-4,2026-03-14,30.5,3050,0,300.0,1.0,0.0,0.907427119068651,2767.6527131593857,8,182,2026-03
5320260314020002,5-3-4,2026-03-15,30.7,3070,0,58160.0,66.0,0.0,0.903450158811209,2773.591987550412,7,107,2026-03
5320260314030007,2-4-6,2026-03-16,30.0,3000,0,5320.0,17.0,0.0,0.9209175271161324,2762.7525813483967,5,203,2026-03
5320260314030007,1-4-7,2026-03-16,30.3,3030,0,5320.0,17.0,0.0,0.906284161740627,2746.0410100741,7,204,2026-03
5320260314030008,5-4-3,2026-03-16,30.6,3060,0,7100.0,22.0,0.0,0.9029639578504862,2763.069711022488,6,198,2026-03
5320260407020007,4-1-3,2026-04-08,30.1,3010,0,1480.0,5.0,0.0,0.9078372459804284,2732.590110401089,9,155,2026-04
5320260425010005,1-2-4,2026-04-25,30.6,3060,0,2110.0,5.0,0.0,0.9007298353057426,2756.2332960355725,9,198,2026-04
5320260425010008,1-2-7,2026-04-25,30.7,3070,0,54470.0,42.0,0.0,0.9117432202028832,2799.0516860228518,6,182,2026-04
5320260425030004,2-1-4,2026-04-27,30.4,3040,0,1640.0,4.0,0.0,0.9029964090269982,2745.1090834420743,10,199,2026-04
5320260425030005,5-6-3,2026-04-27,30.6,3060,0,6450.0,15.0,0.0,0.9213738471434664,2819.403972259007,6,198,2026-04
5320260501020004,4-3-7,2026-05-02,30.2,3020,0,4280.0,9.0,0.0,0.9017119009989129,2723.1699410167166,7,199,2026-05
5320260501020007,1-7-6,2026-05-02,30.6,3060,0,1640.0,4.0,0.0,0.9042980283230916,2767.15196666866,10,179,2026-05
5320260501020009,3-7-6,2026-05-02,30.1,3010,0,28830.0,93.0,0.0,0.9105466871200196,2740.745528231259,5,203,2026-05
5320260507010005,2-1-6,2026-05-07,30.3,3030,0,900.0,2.0,0.0,0.9086992062688656,2753.358594994663,9,195,2026-05
5320260507020004,1-3-5,2026-05-08,30.2,3020,0,1190.0,3.0,0.0,0.910875136645868,2750.8429126705214,9,152,2026-05
5320260507030001,5-2-1,2026-05-09,30.1,3010,0,3800.0,11.0,0.0,0.9106652711967896,2741.102466302337,8,192,2026-05
5320260520030007,1-5-7,2026-05-22,30.6,3060,0,220.0,1.0,0.0,0.9159155024399044,2802.701437466108,5,203,2026-05
5320260606010003,1-4-2,2026-06-06,30.0,3000,0,7220.0,26.0,0.0,0.9036414968954986,2710.924490686496,9,199,2026-06
5320260606020002,1-4-5,2026-06-07,30.6,3060,0,6470.0,20.0,0.0,0.90410692660305,2766.5671954053328,8,170,2026-06
5320260606020008,1-7-2,2026-06-07,30.2,3020,0,1200.0,3.0,0.0,0.9088292032063684,2744.664193683232,8,169,2026-06
5320260613020007,5-2-3,2026-06-14,30.0,3000,0,22420.0,76.0,0.0,0.9042671604636334,2712.8014813909003,6,200,2026-06
5320260613020009,1-7-5,2026-06-14,30.6,3060,0,2190.0,8.0,0.0,0.9147801201871846,2799.227167772785,11,200,2026-06
5320260613020011,4-7-3,2026-06-14,30.0,3000,0,1150.0,4.0,0.0,0.9104382887281836,2731.314866184551,8,184,2026-06
5520260109010001,5-1-9,2026-01-09,30.5,3050,0,8930.0,27.0,0.0,0.9036445548986546,2756.1158924408965,1,490,2026-01
5520260109010007,5-2-7,2026-01-09,30.7,3070,0,362450.0,315.0,0.0,0.9178224816048216,2817.715018526802,6,449,2026-01
5520260109010009,1-5-9,2026-01-09,30.4,3040,0,32670.0,58.0,0.0,0.917089317259327,2787.951524468354,6,485,2026-01
5520260109020007,9-3-5,2026-01-10,30.6,3060,0,1920.0,3.0,0.0,0.9014503372884812,2758.438032102753,5,462,2026-01
5520260109020008,7-3-8,2026-01-10,30.7,3070,0,2290.0,7.0,0.0,0.916818106108,2814.63158575156,8,447,2026-01
5520260109020008,7-3-4,2026-01-10,30.7,3070,0,2290.0,7.0,0.0,0.909358757589003,2791.731385798239,10,449,2026-01
5520260109030012,1-7-4,2026-01-11,30.3,3030,0,12680.0,30.0,0.0,0.907721361007162,2750.3957238517005,7,449,2026-01
5520260202010002,5-2-6,2026-02-02,30.7,3070,0,860.0,1.0,0.0,0.9059113152962116,2781.14773795937,12,199,2026-02
5520260202010003,2-4-7,2026-02-02,30.1,3010,0,3740.0,12.0,0.0,0.9164397172012037,2758.483548775623,8,201,2026-02
5520260202020008,4-6-5,2026-02-03,30.3,3030,0,114070.0,150.0,0.0,0.9180493744495476,2781.689604582129,8,202,2026-02
5520260218010002,3-4-7,2026-02-18,30.5,3050,0,5870.0,16.0,0.0,0.9074833360538638,2767.8241749642843,7,202,2026-02
5520260218020004,2-5-7,2026-02-19,30.6,3060,0,730.0,3.0,0.0,0.9111742779595192,2788.193290556129,8,200,2026-02
5520260218020008,7-4-3,2026-02-19,30.3,3030,0,12790.0,28.0,0.0,0.9008823033268604,2729.673379080387,7,204,2026-02
5520260218030008,4-1-2,2026-02-20,30.2,3020,0,6330.0,19.0,0.0,0.904026365987432,2730.1596252820445,9,93,2026-02
5520260228010001,7-4-5,2026-02-28,30.1,3010,0,1340.0,2.0,0.0,0.9088085445128676,2735.513718983732,5,193,2026-02
5520260228030001,3-4-6,2026-03-02,30.5,3050,0,3030.0,12.0,0.0,0.9126894685394068,2783.702879045191,9,107,2026-03
5520260228030001,3-6-2,2026-03-02,30.3,3030,1,3030.0,12.0,3030.0,0.9093901082252348,2755.4520279224616,10,108,2026-03
5520260312010001,4-1-2,2026-03-12,30.4,3040,0,2020.0,6.0,0.0,0.901507412165492,2740.582532983096,12,198,2026-03
5520260312020004,2-5-7,2026-03-13,30.1,3010,1,3390.0,10.0,3390.0,0.915275816723713,2754.980208338376,6,183,2026-03
5520260312030005,3-7-5,2026-03-14,30.7,3070,0,47910.0,120.0,0.0,0.906154825951196,2781.895315670172,7,199,2026-03
5520260317020005,7-1-4,2026-03-18,30.5,3050,0,1040.0,1.0,0.0,0.9144367016418972,2789.0319400077865,9,170,2026-03
5520260317020006,7-3-4,2026-03-18,30.2,3020,0,17240.0,53.0,0.0,0.9087906765336792,2744.547843131711,8,197,2026-03
5520260423020002,2-5-3,2026-04-24,30.5,3050,0,9510.0,28.0,0.0,0.9046436039489256,2759.1629920442238,8,198,2026-04
5520260423020005,2-5-7,2026-04-24,30.7,3070,0,13700.0,36.0,0.0,0.902040955874149,2769.265734533637,9,179,2026-04
5520260423030004,1-5-7,2026-04-25,30.5,3050,0,17130.0,67.0,0.0,0.9126181358603634,2783.4853143741084,5,206,2026-04
5520260517020009,7-2-4,2026-05-18,30.7,3070,0,30670.0,86.0,0.0,0.9225745805517238,2832.303962293792,4,183,2026-05
5520260517030012,4-2-7,2026-05-19,30.6,3060,0,4510.0,17.0,0.0,0.9026986032347918,2762.257725898463,8,198,2026-05
5520260601010001,1-2-5,2026-06-01,30.4,3040,1,3040.0,9.0,3040.0,0.914720293772012,2780.7496930669163,8,200,2026-06
5520260601010002,5-1-3,2026-06-01,30.5,3050,0,15980.0,64.0,0.0,0.9080946652551496,2769.688729028206,4,203,2026-06
5520260601030003,3-6-4,2026-06-03,30.3,3030,0,30490.0,81.0,0.0,0.9081996425055164,2751.8449167917142,6,201,2026-06
5520260623020006,2-1-6,2026-06-24,30.1,3010,0,4010.0,15.0,0.0,0.9047364662021806,2723.256763268564,8,95,2026-06
5620251231020006,5-1-3,2026-01-01,30.7,3070,0,1460.0,3.0,0.0,0.9009968908857354,2766.060455019208,8,108,2026-01
5620251231020008,1-5-2,2026-01-01,30.5,3050,0,95100.0,181.0,0.0,0.9162073767628404,2794.432499126663,4,202,2026-01
5620260113010002,2-7-4,2026-01-13,30.5,3050,0,500.0,1.0,0.0,0.9296006775326744,2835.2820664746573,8,174,2026-01
5620260113010005,1-2-4,2026-01-13,30.1,3010,0,450.0,1.0,0.0,0.9152392357756686,2754.8700996847624,9,162,2026-01
5620260113020003,5-3-2,2026-01-14,30.1,3010,0,1440.0,6.0,0.0,0.9236420792654052,2780.1626585888694,8,172,2026-01
5620260113030008,1-2-7,2026-01-15,30.2,3020,0,2670.0,5.0,0.0,0.9082404358417694,2742.8861162421435,7,201,2026-01
5620260120010007,3-1-2,2026-01-20,30.4,3040,0,2110.0,6.0,0.0,0.9086121279697136,2762.180869027929,8,194,2026-01
5620260209020003,3-1-4,2026-02-10,30.0,3000,0,13990.0,28.0,0.0,0.910140608436304,2730.421825308912,8,183,2026-02
5620260209020003,3-5-4,2026-02-10,30.0,3000,0,13990.0,28.0,0.0,0.9033014434868524,2709.904330460557,11,184,2026-02
5620260209020007,1-7-3,2026-02-10,30.7,3070,0,150060.0,138.0,0.0,0.900255819474075,2763.7853657854102,5,193,2026-02
5620260209020010,3-5-7,2026-02-10,30.1,3010,0,80280.0,112.0,0.0,0.9260708122818718,2787.473144968434,10,192,2026-02
5620260209030005,7-6-4,2026-02-11,30.4,3040,0,5560.0,26.0,0.0,0.9028978408993534,2744.809436334034,7,198,2026-02
5620260209030009,5-3-4,2026-02-11,30.5,3050,0,5630.0,11.0,0.0,0.918805561076344,2802.3569612828496,4,186,2026-02
5620260224020010,4-3-5,2026-02-25,30.4,3040,0,5710.0,22.0,0.0,0.9059374356320592,2754.04980432146,8,200,2026-02
5620260224030004,3-2-4,2026-02-26,30.4,3040,0,5820.0,23.0,0.0,0.9081169212986334,2760.6754407478456,3,206,2026-02
5620260325010002,2-1-3,2026-03-25,30.5,3050,0,45050.0,39.0,0.0,0.9102588514972156,2776.2894970665075,9,102,2026-03
5620260325010006,2-1-7,2026-03-25,30.5,3050,0,990.0,3.0,0.0,0.9039296923968112,2756.9855618102747,9,166,2026-03
5620260325020005,1-3-7,2026-03-26,30.1,3010,0,15520.0,45.0,0.0,0.9174394710558424,2761.4928078780854,9,191,2026-03
5620260325030006,1-6-2,2026-03-27,30.5,3050,0,1110.0,2.0,0.0,0.9103466046778168,2776.5571442673413,8,200,2026-03
5620260401010001,2-7-4,2026-04-01,30.0,3000,0,60440.0,104.0,0.0,0.9048781542028772,2714.634462608632,8,192,2026-04
5620260401020002,7-3-5,2026-04-02,30.6,3060,0,33790.0,87.0,0.0,0.9073474973681098,2776.483341946416,5,198,2026-04
5620260401020003,4-1-3,2026-04-02,30.5,3050,0,1080.0,1.0,0.0,0.9008348133863598,2747.5461808283976,11,198,2026-04
5620260401020005,1-7-5,2026-04-02,30.3,3030,0,33450.0,88.0,0.0,0.9013072065000828,2730.960835695251,5,204,2026-04
5620260401020011,1-4-2,2026-04-02,30.7,3070,0,4030.0,12.0,0.0,0.9032637963400352,2773.019854763908,6,204,2026-04
5620260401030002,4-2-1,2026-04-03,30.3,3030,0,9130.0,38.0,0.0,0.9133924535735332,2767.5791343278056,4,202,2026-04
5620260504020003,7-4-2,2026-05-05,30.5,3050,0,3230.0,11.0,0.0,0.9110783732513964,2778.789038416759,9,186,2026-05
5620260504030003,7-1-2,2026-05-06,30.2,3020,0,16600.0,58.0,0.0,0.905261668900184,2733.890240078556,8,202,2026-05
5620260504030009,7-1-2,2026-05-06,30.6,3060,0,2780.0,5.0,0.0,0.9088263606920696,2781.008663717733,6,203,2026-05
5620260504030011,1-4-7,2026-05-06,30.3,3030,0,14610.0,53.0,0.0,0.9207827606599488,2789.971764799645,6,199,2026-05
5620260511010005,1-3-4,2026-05-11,30.7,3070,0,4410.0,14.0,0.0,0.918438404406689,2819.605901528535,8,163,2026-05
5620260516020003,6-1-2,2026-05-17,30.4,3040,0,33530.0,61.0,0.0,0.9181287226782824,2791.111316941978,7,201,2026-05
5620260531020004,1-3-5,2026-06-01,30.7,3070,0,3320.0,11.0,0.0,0.9118014757236412,2799.2305304715787,9,195,2026-06
5620260616010012,2-7-9,2026-06-16,30.4,3040,0,59890.0,146.0,0.0,0.9161885654918476,2785.213239095217,6,479,2026-06
5620260616040006,1-9-2,2026-06-19,30.3,3030,0,8620.0,22.0,0.0,0.9042201094973908,2739.7869317770937,3,477,2026-06
5620260616050002,9-1-8,2026-06-20,30.0,3000,0,3390.0,5.0,0.0,0.9130635842233368,2739.19075267001,3,498,2026-06
6120260104030005,4-3-7,2026-01-06,30.2,3020,0,16100.0,58.0,0.0,0.910288193711222,2749.0703450078904,5,200,2026-01
6120260109020006,5-2-6,2026-01-10,30.3,3030,0,11430.0,25.0,0.0,0.9060243835654824,2745.253882203412,8,188,2026-01
6120260109030006,1-4-5,2026-01-11,30.3,3030,0,4510.0,14.0,0.0,0.904904658386094,2741.8611149098647,7,200,2026-01
6120260115020004,5-3-1,2026-01-16,30.0,3000,0,2670.0,7.0,0.0,0.9000131336951639,2700.039401085492,9,200,2026-01
6120260115020005,1-4-2,2026-01-16,30.7,3070,0,75050.0,115.0,0.0,0.9102421562974784,2794.4434198332583,8,198,2026-01
6120260115030008,1-4-2,2026-01-17,30.3,3030,0,15060.0,38.0,0.0,0.9181500072748964,2781.9945220429363,7,169,2026-01
6120260115030010,7-2-1,2026-01-17,30.6,3060,0,3440.0,8.0,0.0,0.9151723139285848,2800.427280621469,4,203,2026-01
6120260122010002,4-1-2,2026-01-22,30.0,3000,0,1680.0,4.0,0.0,0.905953823082061,2717.861469246183,9,195,2026-01
6120260122020002,4-5-2,2026-01-23,30.1,3010,0,750.0,2.0,0.0,0.9228907451880888,2777.901143016148,5,195,2026-01
6120260122020011,1-2-7,2026-01-23,30.1,3010,0,6660.0,18.0,0.0,0.9108852398101378,2741.764571828515,5,204,2026-01
6120260122020011,1-2-4,2026-01-23,30.7,3070,0,6660.0,18.0,0.0,0.9041607143354246,2775.7733930097534,6,203,2026-01
6120260122030009,4-2-7,2026-01-24,30.0,3000,1,3000.0,9.0,3000.0,0.9061497063479292,2718.4491190437875,9,181,2026-01
6120260211030003,5-1-3,2026-02-13,30.1,3010,0,1910.0,2.0,0.0,0.9098144342913542,2738.5414472169764,4,204,2026-02
6120260223010004,2-3-1,2026-02-23,30.1,3010,0,3550.0,10.0,0.0,0.9087949110077068,2735.472682133198,8,196,2026-02
6120260316010011,5-1-6,2026-03-16,30.7,3070,0,2260.0,6.0,0.0,0.9055924540883517,2780.168834051239,9,198,2026-03
6120260316020010,3-7-6,2026-03-17,30.2,3020,0,1740.0,1.0,0.0,0.9087100736399794,2744.3044223927377,5,204,2026-03
6120260316030001,1-7-3,2026-03-18,30.2,3020,0,18480.0,51.0,0.0,0.9005465151603321,2719.650475784203,7,203,2026-03
6120260326010003,7-2-3,2026-03-26,30.2,3020,0,700.0,2.0,0.0,0.9077111365445136,2741.2876323644314,10,118,2026-03
6120260326020006,4-5-1,2026-03-27,30.0,3000,0,370.0,1.0,0.0,0.9153805230830584,2746.1415692491755,8,146,2026-03
6120260326020007,5-2-7,2026-03-27,30.1,3010,0,9190.0,24.0,0.0,0.9201602404727935,2769.682323823109,7,194,2026-03
6120260407020004,1-3-4,2026-04-08,30.5,3050,0,14320.0,36.0,0.0,0.9023741642443376,2752.241200945229,10,153,2026-04
6120260407020006,5-2-3,2026-04-08,30.1,3010,0,24710.0,73.0,0.0,0.9220725351839232,2775.4383309036084,5,184,2026-04
6120260423020008,7-1-4,2026-04-24,30.7,3070,0,19340.0,41.0,0.0,0.9159509019374608,2811.9692689480044,12,190,2026-04
6120260423030010,5-2-4,2026-04-25,30.0,3000,0,8300.0,23.0,0.0,0.9041705270053496,2712.5115810160487,7,194,2026-04
6120260428010003,4-3-2,2026-04-28,30.7,3070,0,4460.0,13.0,0.0,0.9000590346183855,2763.1812362784435,7,197,2026-04
6120260428030001,2-7-3,2026-04-30,30.3,3030,0,10180.0,42.0,0.0,0.905346908744704,2743.2011334964536,6,204,2026-04
6120260611020009,1-5-9,2026-06-12,30.2,3020,1,3020.0,3.0,3020.0,0.9167338051905708,2768.536091675524,3,491,2026-06
6120260611020009,5-1-9,2026-06-12,30.7,3070,0,3020.0,3.0,0.0,0.9014607386200372,2767.4844675635136,4,492,2026-06
6120260611040012,5-7-2,2026-06-14,30.3,3030,0,18570.0,60.0,0.0,0.904169105507839,2739.632389688752,4,493,2026-06
6220251231020002,4-3-6,2026-01-01,30.3,3030,0,2530.0,4.0,0.0,0.9165075790488356,2777.0179645179724,4,198,2026-01
6220251231030002,4-1-5,2026-01-02,30.7,3070,0,1400.0,2.0,0.0,0.90316119512694,2772.704869039706,6,199,2026-01
6220251231030004,5-4-1,2026-01-02,30.5,3050,0,1510.0,3.0,0.0,0.9004862601385861,2746.4830934226875,5,180,2026-01
6220260107020004,5-1-4,2026-01-08,30.2,3020,0,7210.0,26.0,0.0,0.9094937510047116,2746.6711280342297,6,192,2026-01
6220260107020005,4-5-7,2026-01-08,30.3,3030,0,17100.0,67.0,0.0,0.9021556292148658,2733.5315565210435,4,179,2026-01
6220260203010002,3-5-4,2026-02-03,30.4,3040,0,2750.0,7.0,0.0,0.9031160808876898,2745.472885898577,6,146,2026-02
6220260213010007,1-7-5,2026-02-13,30.0,3000,0,1440.0,3.0,0.0,0.9037800420083713,2711.340126025114,8,128,2026-02
6220260213020003,5-2-3,2026-02-14,30.1,3010,0,42830.0,93.0,0.0,0.9001358417438794,2709.408883649077,7,186,2026-02
6220260213020007,4-7-2,2026-02-14,30.7,3070,0,1140.0,3.0,0.0,0.9114249149398216,2798.0744888652525,9,154,2026-02
6220260213030007,1-2-4,2026-02-15,30.5,3050,0,1150.0,1.0,0.0,0.9030576608703612,2754.3258656546022,5,193,2026-02
6220260219020002,1-5-4,2026-02-20,30.7,3070,0,830.0,3.0,0.0,0.9147474531730878,2808.27468124138,10,26,2026-02
6220260219020006,5-2-3,2026-02-20,30.6,3060,0,6410.0,15.0,0.0,0.904482447010451,2767.7162878519803,9,65,2026-02
6220260228010004,5-1-7,2026-02-28,30.6,3060,0,970.0,4.0,0.0,0.9127073168171153,2792.884389460373,7,150,2026-02
6220260228010004,4-2-1,2026-02-28,30.5,3050,0,970.0,4.0,0.0,0.910783780768243,2777.890531343141,8,151,2026-02
6220260228030004,1-5-2,2026-03-02,30.1,3010,0,32390.0,68.0,0.0,0.9120259735659546,2745.1981804335232,8,133,2026-03
6220260228030004,1-3-5,2026-03-02,30.3,3030,0,32390.0,68.0,0.0,0.9025277359142276,2734.6590398201097,9,135,2026-03
6220260313030008,3-2-7,2026-03-15,30.1,3010,0,13360.0,33.0,0.0,0.9056724643442752,2726.074117676268,6,144,2026-03
6220260323010002,7-2-5,2026-03-23,30.1,3010,0,117190.0,113.0,0.0,0.9149078638024134,2753.8726700452644,11,153,2026-03
6220260323020001,5-2-3,2026-03-24,30.7,3070,0,15570.0,57.0,0.0,0.9099762296959996,2793.627025166719,7,200,2026-03
6220260323020004,7-1-6,2026-03-24,30.6,3060,0,870.0,1.0,0.0,0.9070590199320232,2775.600600991991,7,192,2026-03
6220260323020004,1-2-7,2026-03-24,30.1,3010,0,870.0,1.0,0.0,0.9039865506218072,2720.99951737164,8,194,2026-03
6220260428030006,3-5-4,2026-04-30,30.3,3030,0,400.0,1.0,0.0,0.901968014074464,2732.9630826456264,6,203,2026-04
6220260506010006,1-5-4,2026-05-06,30.7,3070,0,34000.0,63.0,0.0,0.900274677842068,2763.843260975149,9,188,2026-05
6220260506010011,4-1-5,2026-05-06,30.2,3020,0,26400.0,59.0,0.0,0.9125402983461326,2755.8717010053206,7,178,2026-05
6220260506020002,1-5-4,2026-05-07,30.4,3040,0,11560.0,40.0,0.0,0.9066587594541744,2756.2426287406897,5,203,2026-05
6220260506030012,1-5-3,2026-05-08,30.7,3070,0,2210.0,6.0,0.0,0.9060385902227476,2781.5384719838357,7,192,2026-05
6220260522010007,4-1-2,2026-05-22,30.1,3010,0,3760.0,16.0,0.0,0.9008204209721252,2711.469467126097,10,179,2026-05
6220260522030004,2-3-5,2026-05-24,30.1,3010,0,2490.0,5.0,0.0,0.915742212043633,2756.384058251336,7,159,2026-05
6220260528010011,5-4-2,2026-05-28,30.4,3040,0,700.0,2.0,0.0,0.913815933110542,2778.0004366560474,7,161,2026-05
6320260117020007,7-1-3,2026-01-18,30.0,3000,0,2090.0,8.0,0.0,0.9034169137853127,2710.2507413559388,11,163,2026-01
6320260117030003,2-4-5,2026-01-19,30.1,3010,0,9840.0,45.0,0.0,0.9056847289430966,2726.111034118721,6,111,2026-01
6320260221010003,4-1-2,2026-02-21,30.3,3030,0,2830.0,7.0,0.0,0.9164879170889554,2776.9583887795347,7,192,2026-02
6320260221030011,7-4-5,2026-02-23,30.0,3000,0,2150.0,7.0,0.0,0.901877577674072,2705.632733022216,10,153,2026-02
6320260410020004,2-6-3,2026-04-11,30.3,3030,0,5330.0,14.0,0.0,0.9184920831777396,2783.0310120285512,5,197,2026-04
6320260418020007,1-7-2,2026-04-19,30.5,3050,0,5680.0,18.0,0.0,0.9030828458061766,2754.4026797088386,8,196,2026-04
6320260517030003,5-1-3,2026-05-19,30.4,3040,0,3390.0,12.0,0.0,0.9090807752895296,2763.60555688017,10,181,2026-05
7320260103030001,1-2-5,2026-01-05,30.6,3060,0,1900.0,4.0,0.0,0.9129536121406606,2793.638053150421,10,199,2026-01
7320260103030010,2-7-3,2026-01-05,30.3,3030,1,3030.0,7.0,3030.0,0.9031936733655346,2736.6768302975697,3,149,2026-01
7320260111010006,4-3-2,2026-01-11,30.7,3070,0,1200.0,4.0,0.0,0.9026932626116356,2771.268316217722,11,183,2026-01
7320260111020006,1-4-3,2026-01-12,30.4,3040,0,19990.0,49.0,0.0,0.9065875800922988,2756.026243480588,7,198,2026-01
7320260111030003,1-5-4,2026-01-13,30.1,3010,0,2110.0,3.0,0.0,0.901316202177868,2712.961768555383,5,205,2026-01
7320260111030004,7-2-3,2026-01-13,30.6,3060,0,1180.0,3.0,0.0,0.9144288316653256,2798.1522248958963,7,186,2026-01
7320260129030006,7-3-5,2026-01-31,30.1,3010,0,20840.0,74.0,0.0,0.9042770369910932,2721.873881343191,5,462,2026-01
7320260129030011,9-2-7,2026-01-31,30.7,3070,0,2820.0,5.0,0.0,0.910633518529876,2795.64490188672,4,480,2026-01
7320260129040002,3-7-6,2026-02-01,30.6,3060,0,5970.0,23.0,0.0,0.9058570627213758,2771.92261192741,5,178,2026-02
7320260205030002,1-7-6,2026-02-07,30.6,3060,0,4760.0,10.0,0.0,0.9028630808741184,2762.761027474802,6,49,2026-02
7320260214030001,7-4-2,2026-02-16,30.2,3020,0,1490.0,4.0,0.0,0.9073171808536546,2740.097886178037,10,186,2026-02
7320260214030002,2-5-4,2026-02-16,30.6,3060,0,9690.0,31.0,0.0,0.9033492301298276,2764.248644197272,8,197,2026-02
7320260413020002,1-2-6,2026-04-14,30.2,3020,0,980.0,4.0,0.0,0.9048707961503604,2732.7098043740884,7,80,2026-04
7320260413020004,4-2-3,2026-04-14,30.3,3030,0,2160.0,7.0,0.0,0.9062884075319532,2746.053874821818,10,198,2026-04
7320260413020006,1-3-6,2026-04-14,30.4,3040,0,950.0,3.0,0.0,0.9017220128546304,2741.234919078077,10,183,2026-04
7320260413030009,1-7-3,2026-04-15,30.3,3030,0,3840.0,14.0,0.0,0.9085848811877504,2753.0121899988835,8,191,2026-04
7320260420030005,7-2-5,2026-04-22,30.1,3010,0,13180.0,38.0,0.0,0.9012774813411676,2712.8452188369147,8,202,2026-04
7420260102020006,2-4-6,2026-01-03,30.3,3030,1,3030.0,10.0,3030.0,0.913892507138082,2769.0942966283883,9,189,2026-01
7420260117020003,1-4-5,2026-01-18,30.5,3050,0,2630.0,7.0,0.0,0.9057100689024116,2762.415710152355,8,201,2026-01
7420260210010004,2-1-4,2026-02-10,30.1,3010,0,710.0,2.0,0.0,0.9127551990371544,2747.3931491018343,9,180,2026-02
7420260210010007,7-2-6,2026-02-10,30.6,3060,0,1380.0,5.0,0.0,0.9077809638811544,2777.8097494763324,8,73,2026-02
7420260210030002,5-1-2,2026-02-12,30.0,3000,0,5050.0,16.0,0.0,0.9072160199786388,2721.648059935916,8,194,2026-02
7420260222010008,3-7-6,2026-02-22,30.2,3020,0,1890.0,6.0,0.0,0.907368572866764,2740.253090057627,9,198,2026-02
7420260222020002,4-3-1,2026-02-23,30.1,3010,0,3600.0,10.0,0.0,0.916456398655046,2758.533759951689,5,95,2026-02
7420260222020011,4-1-6,2026-02-23,30.5,3050,0,3160.0,7.0,0.0,0.9020815287145908,2751.3486625795017,4,203,2026-02
7420260310010002,3-1-2,2026-03-10,30.6,3060,0,13530.0,48.0,0.0,0.90631416835114,2773.321355154488,5,203,2026-03
7420260310020003,3-2-1,2026-03-11,30.4,3040,0,8140.0,17.0,0.0,0.9010835223112869,2739.293907826312,6,201,2026-03
7420260310030007,3-1-2,2026-03-12,30.2,3020,0,5300.0,17.0,0.0,0.9006314514342936,2719.9069833315666,6,202,2026-03
7420260316020002,2-1-4,2026-03-17,30.0,3000,0,250.0,1.0,0.0,0.9021598046920396,2706.479414076119,9,65,2026-03
7420260405020001,5-3-4,2026-04-06,30.4,3040,0,14350.0,33.0,0.0,0.9003896768024017,2737.184617479301,5,194,2026-04
7420260405020004,1-7-5,2026-04-06,30.3,3030,0,1210.0,3.0,0.0,0.904912522351587,2741.8849427253085,7,203,2026-04
7420260415010002,2-1-4,2026-04-15,30.7,3070,1,3070.0,11.0,3070.0,0.9002196023179067,2763.6741791159734,8,197,2026-04
7420260415010004,5-3-1,2026-04-15,30.2,3020,0,210.0,1.0,0.0,0.9055635332867756,2734.8018705260624,6,173,2026-04
7420260415020007,1-7-6,2026-04-16,30.7,3070,0,2720.0,13.0,0.0,0.9006003673259454,2764.843127690652,13,164,2026-04
7420260504010003,1-4-3,2026-05-04,30.1,3010,0,1300.0,4.0,0.0,0.9017643565068976,2714.3107130857616,11,116,2026-05
7420260518010004,5-1-2,2026-05-18,30.7,3070,0,380.0,2.0,0.0,0.9174955828739724,2816.711439423096,9,142,2026-05
7420260518010005,3-7-2,2026-05-18,30.1,3010,0,5770.0,14.0,0.0,0.9127029096265856,2747.235757976023,8,77,2026-05
7420260518010008,5-7-4,2026-05-18,30.2,3020,0,4510.0,14.0,0.0,0.9083150861996656,2743.1115603229896,8,200,2026-05
7420260531030101,3-4-1,2026-06-02,30.2,3020,0,13610.0,45.0,0.0,0.904791911316052,2732.471572174477,8,201,2026-06
7520260227010002,3-4-5,2026-02-27,30.7,3070,0,3460.0,13.0,0.0,0.9085967992821368,2789.39217379616,7,196,2026-02
7520260227020006,4-7-5,2026-02-28,30.3,3030,0,3610.0,11.0,0.0,0.9041841106026942,2739.677855126164,7,199,2026-02
7520260227020006,4-5-7,2026-02-28,30.1,3010,0,3610.0,11.0,0.0,0.902282689698672,2715.8708959930027,8,200,2026-02
7520260227020011,1-5-4,2026-02-28,30.4,3040,0,1420.0,2.0,0.0,0.904933445172905,2750.9976733256312,6,202,2026-02
7520260227030008,5-2-6,2026-03-01,30.0,3000,0,1070.0,1.0,0.0,0.9161326070853432,2748.3978212560296,8,202,2026-03
7520260227030008,5-7-3,2026-03-01,30.3,3030,0,1070.0,1.0,0.0,0.906216695684912,2745.8365879252838,9,203,2026-03
7520260305010001,5-1-2,2026-03-05,30.0,3000,0,4650.0,18.0,0.0,0.907242408929547,2721.727226788641,7,451,2026-03
7520260305010002,1-5-4,2026-03-05,30.7,3070,0,14970.0,52.0,0.0,0.902094708312624,2769.430754519756,6,421,2026-03
7520260305010011,1-7-2,2026-03-05,30.2,3020,0,330.0,2.0,0.0,0.9084896188301682,2743.638648867108,7,310,2026-03
7520260305020005,9-7-3,2026-03-06,30.0,3000,0,2020.0,6.0,0.0,0.9030282462264446,2709.084738679334,10,446,2026-03
7520260305030004,5-1-3,2026-03-07,30.4,3040,0,1730.0,1.0,0.0,0.9112056888658514,2770.0652941521885,7,423,2026-03
7520260305030007,1-6-3,2026-03-07,30.4,3040,0,27030.0,97.0,0.0,0.9067149721067956,2756.413515204659,1,501,2026-03
7520260305030012,1-5-2,2026-03-07,30.6,3060,0,340.0,1.0,0.0,0.9060344142889286,2772.465307724121,6,482,2026-03
7520260305040006,1-8-3,2026-03-08,30.4,3040,0,7400.0,21.0,0.0,0.9102182304034684,2767.0634204265443,2,482,2026-03
7520260313010006,3-2-1,2026-03-13,30.2,3020,0,560.0,1.0,0.0,0.9013719436569742,2722.143269844062,10,186,2026-03
7520260313010007,3-1-4,2026-03-13,30.6,3060,0,2860.0,12.0,0.0,0.9022238579530558,2760.805005336351,13,188,2026-03
7520260420030002,1-4-3,2026-04-22,30.4,3040,0,4850.0,21.0,0.0,0.9174306030218194,2788.989033186331,11,46,2026-04
7520260420030005,1-5-4,2026-04-22,30.2,3020,0,3060.0,7.0,0.0,0.9168555299398446,2768.903700418331,4,205,2026-04
7520260420030005,5-1-2,2026-04-22,30.6,3060,1,3060.0,7.0,3060.0,0.9057228081010966,2771.511792789356,5,204,2026-04
7520260420030006,5-7-1,2026-04-22,30.4,3040,0,2330.0,3.0,0.0,0.9018373967081146,2741.5856859926685,11,191,2026-04
7520260501010003,3-4-2,2026-05-01,30.7,3070,0,13200.0,50.0,0.0,0.9063089186361916,2782.3683802131086,4,202,2026-05
7520260501010004,2-1-4,2026-05-01,30.5,3050,0,2100.0,5.0,0.0,0.909524027853394,2774.048284952852,7,154,2026-05
7520260501030005,5-1-2,2026-05-03,30.2,3020,0,71890.0,133.0,0.0,0.905575849523281,2734.8390655603084,6,204,2026-05
7520260508020002,5-1-4,2026-05-09,30.7,3070,0,1950.0,6.0,0.0,0.9009777890369252,2766.00181234336,10,199,2026-05
7520260508030009,1-5-3,2026-05-10,30.1,3010,0,3580.0,8.0,0.0,0.9096646978598122,2738.0907405580347,6,200,2026-05
7520260520010003,3-5-6,2026-05-20,30.3,3030,0,1580.0,4.0,0.0,0.9190120964004388,2784.60665209333,9,185,2026-05
7520260520010005,2-7-1,2026-05-20,30.3,3030,0,5170.0,17.0,0.0,0.9065016517934984,2746.7000049343,6,204,2026-05
7520260520010011,7-5-3,2026-05-20,30.2,3020,0,30080.0,84.0,0.0,0.9060908384416458,2736.3943320937706,5,199,2026-05
7520260520020010,3-4-5,2026-05-21,30.4,3040,0,1430.0,3.0,0.0,0.9009522118509148,2738.894724026781,7,200,2026-05
7520260520030006,5-1-4,2026-05-22,30.7,3070,0,2080.0,9.0,0.0,0.9061243191111727,2781.8016596713005,12,29,2026-05
7520260526010002,1-3-5,2026-05-26,30.5,3050,0,1440.0,2.0,0.0,0.900056330905811,2745.171809262724,11,195,2026-05
7520260526010003,7-1-2,2026-05-26,30.5,3050,0,11990.0,31.0,0.0,0.9209260473153558,2808.824444311835,8,179,2026-05
7520260526020007,2-4-1,2026-05-27,30.6,3060,0,770.0,2.0,0.0,0.912417592725259,2791.9978337392927,7,198,2026-05
7520260526020007,4-2-1,2026-05-27,30.2,3020,0,770.0,2.0,0.0,0.9049522224690676,2732.955711856584,9,199,2026-05
7520260619010002,1-7-3,2026-06-19,30.6,3060,0,2520.0,6.0,0.0,0.9172552345676596,2806.8010177770384,7,195,2026-06
7520260619020002,5-4-3,2026-06-20,30.6,3060,0,1140.0,2.0,0.0,0.9127878555449672,2793.1308379676,8,63,2026-06
7520260619020007,3-1-4,2026-06-20,30.2,3020,0,84320.0,89.0,0.0,0.9051896410702976,2733.6727160322985,10,157,2026-06
7520260619030001,2-1-5,2026-06-21,30.1,3010,0,31400.0,84.0,0.0,0.904083334976519,2721.2908382793225,10,157,2026-06
8120251230030008,2-5-6,2026-01-01,30.7,3070,0,9150.0,25.0,0.0,0.9039258628949656,2775.052399087544,7,202,2026-01
8120260108010007,2-5-4,2026-01-08,30.6,3060,0,360.0,1.0,0.0,0.9006411450851523,2755.961903960566,9,178,2026-01
8120260108020003,4-1-5,2026-01-09,30.0,3000,0,3310.0,13.0,0.0,0.9156089139269926,2746.826741780978,9,149,2026-01
8120260113020008,4-5-3,2026-01-14,30.2,3020,0,35920.0,85.0,0.0,0.9030022957131156,2727.0669330536093,8,203,2026-01
8120260113030011,1-2-4,2026-01-15,30.5,3050,0,3820.0,11.0,0.0,0.9061024346310128,2763.612425624589,7,163,2026-01
8120260126030003,4-1-2,2026-01-28,30.1,3010,0,7390.0,16.0,0.0,0.915067741196264,2754.3539010007544,6,203,2026-01
8120260126030005,4-1-6,2026-01-28,30.6,3060,0,38760.0,108.0,0.0,0.9273130143042144,2837.5778237708964,7,202,2026-01
8120260207010004,2-7-5,2026-02-07,30.2,3020,0,300.0,1.0,0.0,0.9118488813040154,2753.7836215381267,9,127,2026-02
8120260207020003,5-7-1,2026-02-08,30.2,3020,0,1910.0,4.0,0.0,0.9098585017717784,2747.772675350771,8,200,2026-02
8120260306010008,2-7-4,2026-03-06,30.5,3050,0,372310.0,196.0,0.0,0.9027505812478696,2753.3892728060023,8,202,2026-03
8120260319030007,7-2-4,2026-03-21,30.2,3020,0,4140.0,11.0,0.0,0.915122842578637,2763.6709845874834,6,184,2026-03
8120260326030008,1-7-5,2026-03-28,30.5,3050,0,2460.0,6.0,0.0,0.9088342921341342,2771.944591009109,6,197,2026-03
8120260326030009,2-6-1,2026-03-28,30.2,3020,0,8620.0,28.0,0.0,0.908163316688342,2742.653216398793,7,187,2026-03
8120260407030002,1-6-4,2026-04-09,30.6,3060,0,1710.0,3.0,0.0,0.920619160154334,2817.0946300722617,10,199,2026-04
8120260422020005,5-3-7,2026-04-23,30.6,3060,0,2890.0,7.0,0.0,0.9102862395076796,2785.4758928935,6,201,2026-04
8120260513020003,4-1-5,2026-05-14,30.5,3050,0,16230.0,51.0,0.0,0.9099870171235636,2775.460402226869,8,198,2026-05
8120260513020007,2-1-4,2026-05-14,30.3,3030,0,4880.0,15.0,0.0,0.9003845615408703,2728.165221468837,7,198,2026-05
8120260528010002,1-5-3,2026-05-28,30.5,3050,0,700.0,2.0,0.0,0.9079191805132928,2769.1535005655437,9,174,2026-05
8120260528020006,1-5-7,2026-05-29,30.7,3070,0,2090.0,5.0,0.0,0.906457518812269,2782.8245827536657,8,201,2026-05
8120260528020008,1-5-2,2026-05-29,30.4,3040,0,1570.0,4.0,0.0,0.9080886976763244,2760.5896409360257,10,176,2026-05
8120260528030002,6-1-4,2026-05-30,30.1,3010,0,1120.0,2.0,0.0,0.92453165283327,2782.8402750281425,5,202,2026-05
8120260618010007,1-3-4,2026-06-18,30.5,3050,0,2510.0,10.0,0.0,0.9034295434146056,2755.4601074145467,12,193,2026-06
8120260618010007,1-4-5,2026-06-18,30.2,3020,0,2510.0,10.0,0.0,0.900745360668847,2720.250989219918,13,194,2026-06
8120260618020005,2-5-1,2026-06-19,30.0,3000,0,5380.0,16.0,0.0,0.9039815710735246,2711.9447132205737,7,202,2026-06
8120260618020011,7-6-2,2026-06-19,30.7,3070,0,8700.0,34.0,0.0,0.9101297532814712,2794.098342574117,6,169,2026-06
8120260626010003,1-3-7,2026-06-26,30.3,3030,0,8290.0,27.0,0.0,0.91032356510704,2758.280402274331,8,203,2026-06
8320260106010011,5-3-7,2026-01-06,30.0,3000,0,620.0,1.0,0.0,0.9082221753838884,2724.666526151665,5,179,2026-01
8320260106020006,3-6-5,2026-01-07,30.7,3070,0,930.0,2.0,0.0,0.901574876762826,2767.834871661876,9,131,2026-01
8320260106030004,4-7-1,2026-01-08,30.0,3000,0,3350.0,8.0,0.0,0.90778900674383,2723.3670202314897,6,199,2026-01
8320260123020005,4-3-6,2026-01-24,30.0,3000,0,11520.0,47.0,0.0,0.9005400597189809,2701.6201791569424,2,206,2026-01
8320260201020007,2-5-1,2026-02-02,30.6,3060,0,1580.0,4.0,0.0,0.9058013578959028,2771.7521551614623,7,172,2026-02
8320260217010008,3-5-7,2026-02-17,30.5,3050,0,3280.0,8.0,0.0,0.9044606224534224,2758.604898482938,5,201,2026-02
8320260217020002,1-5-3,2026-02-18,30.5,3050,0,2240.0,5.0,0.0,0.9063340952361182,2764.3189904701603,9,202,2026-02
8320260217020004,2-5-1,2026-02-18,30.1,3010,0,57060.0,102.0,0.0,0.9015060805905116,2713.53330257744,8,200,2026-02
8320260301010002,3-7-5,2026-03-01,30.1,3010,0,94840.0,123.0,0.0,0.9076336500377352,2731.977286613583,8,198,2026-03
8320260307010007,1-5-2,2026-03-07,30.7,3070,0,5990.0,15.0,0.0,0.908919797407704,2790.383778041652,9,198,2026-03
8320260307030005,1-7-4,2026-03-09,30.4,3040,0,3610.0,11.0,0.0,0.9032919034719614,2746.007386554763,7,203,2026-03
8320260327030011,1-4-2,2026-03-29,30.3,3030,0,27660.0,100.0,0.0,0.9002405017993961,2727.72872045217,5,205,2026-03
8320260501030001,1-4-6,2026-05-03,30.2,3020,0,2310.0,8.0,0.0,0.921733815857094,2783.636123888424,8,179,2026-05
8320260517010002,1-5-6,2026-05-17,30.1,3010,0,440.0,1.0,0.0,0.9029610817603484,2717.912856098649,7,196,2026-05
8320260517020004,4-3-1,2026-05-18,30.5,3050,0,95650.0,97.0,0.0,0.9025982290144072,2752.9245984939425,11,170,2026-05
8420260118030002,7-1-2,2026-01-20,30.7,3070,0,10310.0,41.0,0.0,0.903749671454364,2774.511491364897,4,198,2026-01
8420260118030002,7-4-1,2026-01-20,30.4,3040,0,10310.0,41.0,0.0,0.9031226494799982,2745.4928544191944,5,199,2026-01
8420260118030010,2-6-1,2026-01-20,30.2,3020,0,1520.0,1.0,0.0,0.9092777711196486,2746.018868781339,3,204,2026-01
8420260309020007,7-5-1,2026-03-10,30.0,3000,0,1250.0,3.0,0.0,0.9063158305871124,2718.947491761337,9,200,2026-03
8420260402010006,4-3-5,2026-04-02,30.3,3030,0,62100.0,124.0,0.0,0.900394088293017,2728.194087527841,6,200,2026-04
8420260402020002,3-6-7,2026-04-03,30.5,3050,0,740.0,3.0,0.0,0.9065612959994354,2765.011952798278,11,129,2026-04
8420260402020007,1-7-6,2026-04-03,30.5,3050,0,2150.0,5.0,0.0,0.901832682911033,2750.589682878651,6,188,2026-04
8420260418020006,5-7-1,2026-04-19,30.5,3050,0,1360.0,3.0,0.0,0.9048230395621196,2759.710270664465,7,450,2026-04
8420260418030010,7-5-1,2026-04-20,30.7,3070,0,12930.0,37.0,0.0,0.911520896268255,2798.369151543543,7,456,2026-04
8420260418040002,2-4-3,2026-04-21,30.0,3000,0,3410.0,11.0,0.0,0.9039331584380644,2711.799475314194,8,200,2026-04
8420260612010006,4-1-3,2026-06-12,30.5,3050,0,45980.0,117.0,0.0,0.9112975392471988,2779.4574947039564,6,201,2026-06
8620260104010002,4-1-6,2026-01-04,30.1,3010,0,730.0,1.0,0.0,0.905647965295485,2726.0003755394096,8,198,2026-01
8620260104010002,1-4-5,2026-01-04,30.6,3060,0,730.0,1.0,0.0,0.905579324231004,2771.072732146872,9,197,2026-01
8620260104010004,6-1-2,2026-01-04,30.1,3010,0,8210.0,25.0,0.0,0.9006534403279651,2710.966855387175,6,204,2026-01
8620260115010001,4-2-1,2026-01-15,30.2,3020,0,16370.0,40.0,0.0,0.9028076125830552,2726.4789900008263,8,179,2026-01
8620260115020006,3-5-6,2026-01-16,30.4,3040,0,1570.0,7.0,0.0,0.9199550981747202,2796.6634984511493,10,133,2026-01
8620260120010002,1-5-2,2026-01-20,30.0,3000,0,2240.0,8.0,0.0,0.9059862421141356,2717.9587263424078,9,87,2026-01
8620260120010004,2-3-1,2026-01-20,30.2,3020,0,2570.0,10.0,0.0,0.9019381524624668,2723.8532204366497,11,165,2026-01
8620260120010006,3-2-4,2026-01-20,30.2,3020,0,14350.0,54.0,0.0,0.9079793935331012,2742.0977684699656,8,173,2026-01
8620260130020008,7-1-4,2026-01-31,30.1,3010,0,26570.0,74.0,0.0,0.9109330786640094,2741.9085667786685,7,108,2026-01
8620260324030002,5-2-1,2026-03-26,30.3,3030,0,8450.0,36.0,0.0,0.9060010076137576,2745.183053069685,6,200,2026-03
8620260324030003,1-4-3,2026-03-26,30.3,3030,0,7950.0,25.0,0.0,0.9149884152746732,2772.41489828226,7,201,2026-03
8620260324030010,2-5-7,2026-03-26,30.3,3030,0,13660.0,33.0,0.0,0.9199467717518136,2787.438718407995,6,182,2026-03
8620260410010002,1-4-3,2026-04-10,30.5,3050,0,2980.0,8.0,0.0,0.9056724793625012,2762.301062055629,8,88,2026-04
8620260525010003,7-3-6,2026-05-25,30.1,3010,0,710.0,3.0,0.0,0.9207268312278396,2771.387761995797,8,185,2026-05
8620260525020009,4-5-3,2026-05-26,30.2,3020,1,3020.0,7.0,3020.0,0.90914933228745,2745.630983508099,6,201,2026-05
8620260525030009,7-5-3,2026-05-27,30.6,3060,0,19640.0,60.0,0.0,0.9077074165797164,2777.584694733933,4,201,2026-05
8620260601020003,7-3-4,2026-06-02,30.4,3040,0,2960.0,9.0,0.0,0.9002578646531938,2736.783908545709,9,198,2026-06
8620260601030006,3-4-5,2026-06-03,30.7,3070,0,5780.0,20.0,0.0,0.9033237113939634,2773.203793979468,9,176,2026-06
8620260615010003,1-4-5,2026-06-15,30.6,3060,0,1120.0,1.0,0.0,0.9000408713653621,2754.1250663780083,7,202,2026-06
8620260615020001,3-5-4,2026-06-16,30.2,3020,0,3370.0,13.0,0.0,0.9141569066614312,2760.753858117522,3,191,2026-06
8720260127010005,7-2-6,2026-01-27,30.6,3060,0,22180.0,80.0,0.0,0.9035045684055164,2764.72397932088,4,198,2026-01
8720260127010009,4-1-7,2026-01-27,30.1,3010,0,58180.0,110.0,0.0,0.9054914067047096,2725.529134181176,6,204,2026-01
8720260127020012,2-1-7,2026-01-28,30.1,3010,0,25480.0,65.0,0.0,0.90210282386219,2715.3294998251918,9,200,2026-01
8720260203010001,4-6-1,2026-02-03,30.0,3000,0,1610.0,4.0,0.0,0.9090414495232422,2727.1243485697264,7,202,2026-02
8720260203010002,1-7-6,2026-02-03,30.4,3040,0,7140.0,24.0,0.0,0.9179564392714958,2790.5875753853475,6,190,2026-02
8720260203030002,4-3-5,2026-02-05,30.5,3050,0,2070.0,5.0,0.0,0.9130457206171364,2784.789447882266,7,91,2026-02
8720260211020001,1-4-5,2026-02-12,30.5,3050,0,1250.0,3.0,0.0,0.905258499912268,2761.0384247324178,10,82,2026-02
8720260211030006,1-2-3,2026-02-13,30.6,3060,0,5450.0,18.0,0.0,0.9088968525404324,2781.224368773724,6,165,2026-02
8720260211030009,2-6-7,2026-02-13,30.3,3030,0,730.0,1.0,0.0,0.9075096429242866,2749.7542180605883,5,200,2026-02
8720260304030003,3-2-4,2026-03-06,30.4,3040,0,7430.0,29.0,0.0,0.9014220185065874,2740.322936260026,9,191,2026-03
8720260320020010,4-3-1,2026-03-21,30.1,3010,0,66440.0,125.0,0.0,0.9008056668414932,2711.4250571928947,7,197,2026-03
8720260320030008,5-1-3,2026-03-22,30.7,3070,0,54280.0,107.0,0.0,0.9027011903725732,2771.2926544438,10,199,2026-03
8720260404030006,1-3-7,2026-04-06,30.1,3010,0,13900.0,32.0,0.0,0.9178993708596636,2762.877106287587,7,154,2026-04
8720260414010003,5-6-1,2026-04-14,30.6,3060,0,960.0,2.0,0.0,0.9119180581355312,2790.4692578947256,8,194,2026-04
8720260414030003,1-4-5,2026-04-16,30.3,3030,0,236970.0,183.0,0.0,0.902093484694752,2733.343258625099,6,199,2026-04
8720260426020004,3-6-2,2026-04-27,30.6,3060,0,3540.0,12.0,0.0,0.9008865926999904,2756.7129736619704,6,200,2026-04
8720260426030002,1-5-7,2026-04-28,30.7,3070,0,13020.0,44.0,0.0,0.9177206615509396,2817.402430961384,8,201,2026-04
8720260507030012,3-5-2,2026-05-09,30.3,3030,0,56410.0,128.0,0.0,0.9039692440990016,2739.0268096199748,6,203,2026-05
8720260529010007,2-5-6,2026-05-29,30.7,3070,0,13710.0,43.0,0.0,0.9024218072543,2770.434948270701,6,104,2026-05
8720260618010004,1-4-2,2026-06-18,30.3,3030,0,13260.0,40.0,0.0,0.9057219898184732,2744.337629149974,8,201,2026-06
8720260618010006,4-3-1,2026-06-18,30.3,3030,0,880.0,2.0,0.0,0.9060684490495606,2745.3874006201686,9,201,2026-06
8720260618020005,4-1-3,2026-06-19,30.4,3040,0,5090.0,14.0,0.0,0.9047171514028453,2750.3401402646496,6,204,2026-06
8720260618020006,5-6-2,2026-06-19,30.4,3040,0,67590.0,141.0,0.0,0.9099348416762444,2766.201918695783,6,202,2026-06
8720260618030005,1-6-2,2026-06-20,30.6,3060,0,6660.0,26.0,0.0,0.9003473844359825,2755.0629963741067,4,204,2026-06
