race_date,race_id,tickets,ret,hits,rule,bet,profit,cum_profit
2026-01-01,8320251230030008,2,0.0,0,high_odds_v1_top2,200,-200.0,-200.0
2026-01-04,1320260103020002,2,0.0,0,high_odds_v1_top2,200,-200.0,-400.0
2026-01-04,2820260104010001,2,0.0,0,high_odds_v1_top2,200,-200.0,-600.0
2026-01-04,2820260104010003,2,0.0,0,high_odds_v1_top2,200,-200.0,-800.0
2026-01-04,2820260104010005,2,0.0,0,high_odds_v1_top2,200,-200.0,-1000.0
2026-01-04,2820260104010006,2,0.0,0,high_odds_v1_top2,200,-200.0,-1200.0
2026-01-04,2820260104010008,2,0.0,0,high_odds_v1_top2,200,-200.0,-1400.0
2026-01-04,2820260104010009,2,0.0,0,high_odds_v1_top2,200,-200.0,-1600.0
2026-01-04,2820260104010012,2,0.0,0,high_odds_v1_top2,200,-200.0,-1800.0
2026-01-05,2820260104020001,2,0.0,0,high_odds_v1_top2,200,-200.0,-2000.0
2026-01-05,2820260104020009,2,0.0,0,high_odds_v1_top2,200,-200.0,-2200.0
2026-01-06,2820260104030001,2,0.0,0,high_odds_v1_top2,200,-200.0,-2400.0
2026-01-06,2820260104030002,2,0.0,0,high_odds_v1_top2,200,-200.0,-2600.0
2026-01-06,2820260104030004,2,0.0,0,high_odds_v1_top2,200,-200.0,-2800.0
2026-01-06,2820260104030005,2,0.0,0,high_odds_v1_top2,200,-200.0,-3000.0
2026-01-06,2820260104030006,2,0.0,0,high_odds_v1_top2,200,-200.0,-3200.0
2026-01-06,2820260104030007,2,0.0,0,high_odds_v1_top2,200,-200.0,-3400.0
2026-01-06,2820260104030008,2,0.0,0,high_odds_v1_top2,200,-200.0,-3600.0
2026-01-06,2820260104030009,2,0.0,0,high_odds_v1_top2,200,-200.0,-3800.0
2026-01-06,2820260104030011,2,0.0,0,high_odds_v1_top2,200,-200.0,-4000.0
2026-01-06,2820260104030012,2,0.0,0,high_odds_v1_top2,200,-200.0,-4200.0
2026-01-07,2820260104040002,2,0.0,0,high_odds_v1_top2,200,-200.0,-4400.0
2026-01-07,2820260104040003,2,0.0,0,high_odds_v1_top2,200,-200.0,-4600.0
2026-01-07,2820260104040004,2,0.0,0,high_odds_v1_top2,200,-200.0,-4800.0
2026-01-07,2820260104040005,2,0.0,0,high_odds_v1_top2,200,-200.0,-5000.0
2026-01-07,2820260104040006,2,0.0,0,high_odds_v1_top2,200,-200.0,-5200.0
2026-01-07,2820260104040007,2,0.0,0,high_odds_v1_top2,200,-200.0,-5400.0
2026-01-07,2820260104040008,2,0.0,0,high_odds_v1_top2,200,-200.0,-5600.0
2026-01-07,2820260104040010,2,0.0,0,high_odds_v1_top2,200,-200.0,-5800.0
2026-01-07,2820260104040011,2,0.0,0,high_odds_v1_top2,200,-200.0,-6000.0
2026-01-07,2820260104040012,2,0.0,0,high_odds_v1_top2,200,-200.0,-6200.0
2026-01-08,8320260106030001,2,0.0,0,high_odds_v1_top2,200,-200.0,-6400.0
2026-01-09,5520260109010001,2,0.0,0,high_odds_v1_top2,200,-200.0,-6600.0
2026-01-09,5520260109010002,2,0.0,0,high_odds_v1_top2,200,-200.0,-6800.0
2026-01-09,5520260109010003,2,0.0,0,high_odds_v1_top2,200,-200.0,-7000.0
2026-01-09,5520260109010004,2,0.0,0,high_odds_v1_top2,200,-200.0,-7200.0
2026-01-09,5520260109010005,2,0.0,0,high_odds_v1_top2,200,-200.0,-7400.0
2026-01-09,5520260109010006,2,0.0,0,high_odds_v1_top2,200,-200.0,-7600.0
2026-01-09,5520260109010007,2,0.0,0,high_odds_v1_top2,200,-200.0,-7800.0
2026-01-09,5520260109010008,2,0.0,0,high_odds_v1_top2,200,-200.0,-8000.0
2026-01-09,5520260109010009,2,0.0,0,high_odds_v1_top2,200,-200.0,-8200.0
2026-01-10,5520260109020001,2,0.0,0,high_odds_v1_top2,200,-200.0,-8400.0
2026-01-10,5520260109020002,2,10150.0,1,high_odds_v1_top2,200,9950.0,1550.0
2026-01-10,5520260109020003,2,0.0,0,high_odds_v1_top2,200,-200.0,1350.0
2026-01-10,5520260109020005,2,10690.0,1,high_odds_v1_top2,200,10490.0,11840.0
2026-01-10,5520260109020006,2,0.0,0,high_odds_v1_top2,200,-200.0,11640.0
2026-01-10,5520260109020007,2,0.0,0,high_odds_v1_top2,200,-200.0,11440.0
2026-01-11,5520260109030001,2,0.0,0,high_odds_v1_top2,200,-200.0,11240.0
2026-01-11,5520260109030004,2,0.0,0,high_odds_v1_top2,200,-200.0,11040.0
2026-01-11,5520260109030005,2,0.0,0,high_odds_v1_top2,200,-200.0,10840.0
2026-01-11,5520260109030006,2,0.0,0,high_odds_v1_top2,200,-200.0,10640.0
2026-01-11,5520260109030007,2,0.0,0,high_odds_v1_top2,200,-200.0,10440.0
2026-01-11,5520260109030009,2,0.0,0,high_odds_v1_top2,200,-200.0,10240.0
2026-01-11,5520260109030012,2,0.0,0,high_odds_v1_top2,200,-200.0,10040.0
2026-01-12,5520260109040004,2,0.0,0,high_odds_v1_top2,200,-200.0,9840.0
2026-01-12,5520260109040005,2,0.0,0,high_odds_v1_top2,200,-200.0,9640.0
2026-01-12,5520260109040006,2,0.0,0,high_odds_v1_top2,200,-200.0,9440.0
2026-01-12,5520260109040007,2,0.0,0,high_odds_v1_top2,200,-200.0,9240.0
2026-01-12,5520260109040010,2,0.0,0,high_odds_v1_top2,200,-200.0,9040.0
2026-01-12,5520260109040012,1,0.0,0,high_odds_v1_top2,100,-100.0,8940.0
2026-01-15,2520260115010001,2,0.0,0,high_odds_v1_top2,200,-200.0,8740.0
2026-01-15,2520260115010002,2,0.0,0,high_odds_v1_top2,200,-200.0,8540.0
2026-01-15,2520260115010003,2,0.0,0,high_odds_v1_top2,200,-200.0,8340.0
2026-01-15,2520260115010004,2,0.0,0,high_odds_v1_top2,200,-200.0,8140.0
2026-01-15,2520260115010005,2,0.0,0,high_odds_v1_top2,200,-200.0,7940.0
2026-01-15,2520260115010006,2,0.0,0,high_odds_v1_top2,200,-200.0,7740.0
2026-01-15,2520260115010008,2,10660.0,1,high_odds_v1_top2,200,10460.0,18200.0
2026-01-15,2520260115010012,2,0.0,0,high_odds_v1_top2,200,-200.0,18000.0
2026-01-16,2520260115020001,2,0.0,0,high_odds_v1_top2,200,-200.0,17800.0
2026-01-16,2520260115020003,2,0.0,0,high_odds_v1_top2,200,-200.0,17600.0
2026-01-16,2520260115020004,2,0.0,0,high_odds_v1_top2,200,-200.0,17400.0
2026-01-16,2520260115020005,2,0.0,0,high_odds_v1_top2,200,-200.0,17200.0
2026-01-16,2520260115020009,2,0.0,0,high_odds_v1_top2,200,-200.0,17000.0
2026-01-16,2520260115020010,2,0.0,0,high_odds_v1_top2,200,-200.0,16800.0
2026-01-16,2520260115020012,2,0.0,0,high_odds_v1_top2,200,-200.0,16600.0
2026-01-16,3520260114030006,2,0.0,0,high_odds_v1_top2,200,-200.0,16400.0
2026-01-17,2520260115030001,2,0.0,0,high_odds_v1_top2,200,-200.0,16200.0
2026-01-17,2520260115030003,2,0.0,0,high_odds_v1_top2,200,-200.0,16000.0
2026-01-17,2520260115030004,2,0.0,0,high_odds_v1_top2,200,-200.0,15800.0
2026-01-17,2520260115030005,2,0.0,0,high_odds_v1_top2,200,-200.0,15600.0
2026-01-17,2520260115030007,2,0.0,0,high_odds_v1_top2,200,-200.0,15400.0
2026-01-17,2520260115030008,2,0.0,0,high_odds_v1_top2,200,-200.0,15200.0
2026-01-17,2520260115030009,2,0.0,0,high_odds_v1_top2,200,-200.0,15000.0
2026-01-17,2520260115030010,2,0.0,0,high_odds_v1_top2,200,-200.0,14800.0
2026-01-17,2520260115030011,2,0.0,0,high_odds_v1_top2,200,-200.0,14600.0
2026-01-18,2520260115040001,2,0.0,0,high_odds_v1_top2,200,-200.0,14400.0
2026-01-18,2520260115040004,2,0.0,0,high_odds_v1_top2,200,-200.0,14200.0
2026-01-18,2520260115040005,2,0.0,0,high_odds_v1_top2,200,-200.0,14000.0
2026-01-18,2520260115040006,2,0.0,0,high_odds_v1_top2,200,-200.0,13800.0
2026-01-18,2520260115040007,2,0.0,0,high_odds_v1_top2,200,-200.0,13600.0
2026-01-18,2520260115040009,2,0.0,0,high_odds_v1_top2,200,-200.0,13400.0
2026-01-18,2520260115040010,2,0.0,0,high_odds_v1_top2,200,-200.0,13200.0
2026-01-18,2520260115040011,2,0.0,0,high_odds_v1_top2,200,-200.0,13000.0
2026-01-21,2820260119030005,2,0.0,0,high_odds_v1_top2,200,-200.0,12800.0
2026-01-22,1320260122010001,2,0.0,0,high_odds_v1_top2,200,-200.0,12600.0
2026-01-22,1320260122010002,2,0.0,0,high_odds_v1_top2,200,-200.0,12400.0
2026-01-22,1320260122010003,2,0.0,0,high_odds_v1_top2,200,-200.0,12200.0
2026-01-22,1320260122010004,2,0.0,0,high_odds_v1_top2,200,-200.0,12000.0
2026-01-22,1320260122010006,2,0.0,0,high_odds_v1_top2,200,-200.0,11800.0
2026-01-22,1320260122010008,2,0.0,0,high_odds_v1_top2,200,-200.0,11600.0
2026-01-22,1320260122010009,2,0.0,0,high_odds_v1_top2,200,-200.0,11400.0
2026-01-22,1320260122010011,2,0.0,0,high_odds_v1_top2,200,-200.0,11200.0
2026-01-22,1320260122010012,2,0.0,0,high_odds_v1_top2,200,-200.0,11000.0
2026-01-23,1320260122020003,2,0.0,0,high_odds_v1_top2,200,-200.0,10800.0
2026-01-23,1320260122020004,2,0.0,0,high_odds_v1_top2,200,-200.0,10600.0
2026-01-23,1320260122020005,2,0.0,0,high_odds_v1_top2,200,-200.0,10400.0
2026-01-23,1320260122020006,2,0.0,0,high_odds_v1_top2,200,-200.0,10200.0
2026-01-23,1320260122020007,2,0.0,0,high_odds_v1_top2,200,-200.0,10000.0
2026-01-23,1320260122020008,2,0.0,0,high_odds_v1_top2,200,-200.0,9800.0
2026-01-23,1320260122020009,2,0.0,0,high_odds_v1_top2,200,-200.0,9600.0
2026-01-24,1320260122030001,2,0.0,0,high_odds_v1_top2,200,-200.0,9400.0
2026-01-24,1320260122030004,2,0.0,0,high_odds_v1_top2,200,-200.0,9200.0
2026-01-24,1320260122030005,2,0.0,0,high_odds_v1_top2,200,-200.0,9000.0
2026-01-24,1320260122030006,2,0.0,0,high_odds_v1_top2,200,-200.0,8800.0
2026-01-24,1320260122030007,2,0.0,0,high_odds_v1_top2,200,-200.0,8600.0
2026-01-24,1320260122030008,2,0.0,0,high_odds_v1_top2,200,-200.0,8400.0
2026-01-24,1320260122030010,2,0.0,0,high_odds_v1_top2,200,-200.0,8200.0
2026-01-24,1320260122030011,2,0.0,0,high_odds_v1_top2,200,-200.0,8000.0
2026-01-25,1320260122040002,2,0.0,0,high_odds_v1_top2,200,-200.0,7800.0
2026-01-25,1320260122040004,2,0.0,0,high_odds_v1_top2,200,-200.0,7600.0
2026-01-25,1320260122040005,2,0.0,0,high_odds_v1_top2,200,-200.0,7400.0
2026-01-25,1320260122040006,2,0.0,0,high_odds_v1_top2,200,-200.0,7200.0
2026-01-25,1320260122040007,2,0.0,0,high_odds_v1_top2,200,-200.0,7000.0
2026-01-25,1320260122040008,2,0.0,0,high_odds_v1_top2,200,-200.0,6800.0
2026-01-25,1320260122040010,2,0.0,0,high_odds_v1_top2,200,-200.0,6600.0
2026-01-25,1320260122040011,2,0.0,0,high_odds_v1_top2,200,-200.0,6400.0
2026-01-25,1320260122040012,2,0.0,0,high_odds_v1_top2,200,-200.0,6200.0
2026-01-29,7320260129010001,2,0.0,0,high_odds_v1_top2,200,-200.0,6000.0
2026-01-29,7320260129010002,2,0.0,0,high_odds_v1_top2,200,-200.0,5800.0
2026-01-29,7320260129010007,2,0.0,0,high_odds_v1_top2,200,-200.0,5600.0
2026-01-29,7320260129010008,2,0.0,0,high_odds_v1_top2,200,-200.0,5400.0
2026-01-29,7320260129010009,2,0.0,0,high_odds_v1_top2,200,-200.0,5200.0
2026-01-29,7320260129010012,2,0.0,0,high_odds_v1_top2,200,-200.0,5000.0
2026-01-30,7320260129020002,2,0.0,0,high_odds_v1_top2,200,-200.0,4800.0
2026-01-30,7320260129020007,2,0.0,0,high_odds_v1_top2,200,-200.0,4600.0
2026-01-31,7320260129030005,2,0.0,0,high_odds_v1_top2,200,-200.0,4400.0
2026-01-31,7320260129030006,2,0.0,0,high_odds_v1_top2,200,-200.0,4200.0
2026-01-31,7320260129030008,2,0.0,0,high_odds_v1_top2,200,-200.0,4000.0
2026-01-31,7320260129030009,2,0.0,0,high_odds_v1_top2,200,-200.0,3800.0
2026-01-31,7320260129030010,2,0.0,0,high_odds_v1_top2,200,-200.0,3600.0
2026-01-31,7320260129030011,2,0.0,0,high_odds_v1_top2,200,-200.0,3400.0
2026-02-01,7320260129040004,2,0.0,0,high_odds_v1_top2,200,-200.0,3200.0
2026-02-01,7320260129040007,2,0.0,0,high_odds_v1_top2,200,-200.0,3000.0
2026-02-01,7320260129040008,2,0.0,0,high_odds_v1_top2,200,-200.0,2800.0
2026-02-01,7320260129040012,2,0.0,0,high_odds_v1_top2,200,-200.0,2600.0
2026-02-02,3820260131030003,2,0.0,0,high_odds_v1_top2,200,-200.0,2400.0
2026-02-05,3120260204020009,2,0.0,0,high_odds_v1_top2,200,-200.0,2200.0
2026-02-05,5320260205010001,2,0.0,0,high_odds_v1_top2,200,-200.0,2000.0
2026-02-05,5320260205010002,2,0.0,0,high_odds_v1_top2,200,-200.0,1800.0
2026-02-05,5320260205010003,2,0.0,0,high_odds_v1_top2,200,-200.0,1600.0
2026-02-05,5320260205010004,2,0.0,0,high_odds_v1_top2,200,-200.0,1400.0
2026-02-05,5320260205010005,2,0.0,0,high_odds_v1_top2,200,-200.0,1200.0
2026-02-05,5320260205010006,2,0.0,0,high_odds_v1_top2,200,-200.0,1000.0
2026-02-05,5320260205010007,2,0.0,0,high_odds_v1_top2,200,-200.0,800.0
2026-02-05,5320260205010008,2,0.0,0,high_odds_v1_top2,200,-200.0,600.0
2026-02-05,5320260205010009,2,0.0,0,high_odds_v1_top2,200,-200.0,400.0
2026-02-05,5320260205010010,2,0.0,0,high_odds_v1_top2,200,-200.0,200.0
2026-02-05,5320260205010011,2,0.0,0,high_odds_v1_top2,200,-200.0,0.0
2026-02-05,5320260205010012,2,0.0,0,high_odds_v1_top2,200,-200.0,-200.0
2026-02-06,5320260205020001,2,0.0,0,high_odds_v1_top2,200,-200.0,-400.0
2026-02-06,5320260205020002,2,0.0,0,high_odds_v1_top2,200,-200.0,-600.0
2026-02-06,5320260205020003,2,0.0,0,high_odds_v1_top2,200,-200.0,-800.0
2026-02-06,5320260205020004,2,0.0,0,high_odds_v1_top2,200,-200.0,-1000.0
2026-02-06,5320260205020005,2,0.0,0,high_odds_v1_top2,200,-200.0,-1200.0
2026-02-06,5320260205020006,2,0.0,0,high_odds_v1_top2,200,-200.0,-1400.0
2026-02-06,5320260205020008,2,0.0,0,high_odds_v1_top2,200,-200.0,-1600.0
2026-02-06,5320260205020009,2,0.0,0,high_odds_v1_top2,200,-200.0,-1800.0
2026-02-06,5320260205020010,2,0.0,0,high_odds_v1_top2,200,-200.0,-2000.0
2026-02-06,5320260205020011,2,0.0,0,high_odds_v1_top2,200,-200.0,-2200.0
2026-02-07,5320260205030004,2,0.0,0,high_odds_v1_top2,200,-200.0,-2400.0
2026-02-07,5320260205030005,2,0.0,0,high_odds_v1_top2,200,-200.0,-2600.0
2026-02-07,5320260205030007,2,0.0,0,high_odds_v1_top2,200,-200.0,-2800.0
2026-02-07,5320260205030008,2,0.0,0,high_odds_v1_top2,200,-200.0,-3000.0
2026-02-07,5320260205030010,2,0.0,0,high_odds_v1_top2,200,-200.0,-3200.0
2026-02-07,5320260205030011,2,0.0,0,high_odds_v1_top2,200,-200.0,-3400.0
2026-02-07,5320260205030012,2,0.0,0,high_odds_v1_top2,200,-200.0,-3600.0
2026-02-08,5320260205040004,2,0.0,0,high_odds_v1_top2,200,-200.0,-3800.0
2026-02-08,5320260205040005,2,0.0,0,high_odds_v1_top2,200,-200.0,-4000.0
2026-02-08,5320260205040006,2,0.0,0,high_odds_v1_top2,200,-200.0,-4200.0
2026-02-08,5320260205040007,2,0.0,0,high_odds_v1_top2,200,-200.0,-4400.0
2026-02-08,5320260205040008,2,0.0,0,high_odds_v1_top2,200,-200.0,-4600.0
2026-02-08,5320260205040009,2,0.0,0,high_odds_v1_top2,200,-200.0,-4800.0
2026-02-08,5320260205040010,2,0.0,0,high_odds_v1_top2,200,-200.0,-5000.0
2026-02-08,5320260205040012,2,0.0,0,high_odds_v1_top2,200,-200.0,-5200.0
2026-02-12,3820260212010002,2,0.0,0,high_odds_v1_top2,200,-200.0,-5400.0
2026-02-12,3820260212010003,2,0.0,0,high_odds_v1_top2,200,-200.0,-5600.0
2026-02-12,3820260212010004,2,0.0,0,high_odds_v1_top2,200,-200.0,-5800.0
2026-02-12,3820260212010005,2,0.0,0,high_odds_v1_top2,200,-200.0,-6000.0
2026-02-12,3820260212010006,2,0.0,0,high_odds_v1_top2,200,-200.0,-6200.0
2026-02-12,3820260212010008,2,0.0,0,high_odds_v1_top2,200,-200.0,-6400.0
2026-02-12,3820260212010009,2,0.0,0,high_odds_v1_top2,200,-200.0,-6600.0
2026-02-12,3820260212010010,2,0.0,0,high_odds_v1_top2,200,-200.0,-6800.0
2026-02-12,3820260212010011,1,0.0,0,high_odds_v1_top2,100,-100.0,-6900.0
2026-02-12,3820260212010012,2,0.0,0,high_odds_v1_top2,200,-200.0,-7100.0
2026-02-12,4220260210030008,2,0.0,0,high_odds_v1_top2,200,-200.0,-7300.0
2026-02-13,3820260212020001,2,0.0,0,high_odds_v1_top2,200,-200.0,-7500.0
2026-02-13,3820260212020002,2,0.0,0,high_odds_v1_top2,200,-200.0,-7700.0
2026-02-13,3820260212020004,2,0.0,0,high_odds_v1_top2,200,-200.0,-7900.0
2026-02-13,3820260212020005,2,0.0,0,high_odds_v1_top2,200,-200.0,-8100.0
2026-02-13,3820260212020006,2,0.0,0,high_odds_v1_top2,200,-200.0,-8300.0
2026-02-13,3820260212020007,2,0.0,0,high_odds_v1_top2,200,-200.0,-8500.0
2026-02-13,3820260212020008,2,0.0,0,high_odds_v1_top2,200,-200.0,-8700.0
2026-02-13,3820260212020009,2,0.0,0,high_odds_v1_top2,200,-200.0,-8900.0
2026-02-14,3820260212030001,2,0.0,0,high_odds_v1_top2,200,-200.0,-9100.0
2026-02-14,3820260212030002,2,0.0,0,high_odds_v1_top2,200,-200.0,-9300.0
2026-02-14,3820260212030003,2,11790.0,1,high_odds_v1_top2,200,11590.0,2290.0
2026-02-14,3820260212030004,2,0.0,0,high_odds_v1_top2,200,-200.0,2090.0
2026-02-14,3820260212030007,2,0.0,0,high_odds_v1_top2,200,-200.0,1890.0
2026-02-14,3820260212030008,2,0.0,0,high_odds_v1_top2,200,-200.0,1690.0
2026-02-14,3820260212030011,2,0.0,0,high_odds_v1_top2,200,-200.0,1490.0
2026-02-15,3820260212040003,2,0.0,0,high_odds_v1_top2,200,-200.0,1290.0
2026-02-15,3820260212040004,2,0.0,0,high_odds_v1_top2,200,-200.0,1090.0
2026-02-15,3820260212040005,2,0.0,0,high_odds_v1_top2,200,-200.0,890.0
2026-02-15,3820260212040006,2,0.0,0,high_odds_v1_top2,200,-200.0,690.0
2026-02-15,3820260212040010,2,0.0,0,high_odds_v1_top2,200,-200.0,490.0
2026-02-15,3820260212040011,2,0.0,0,high_odds_v1_top2,200,-200.0,290.0
2026-02-16,4220260214030003,2,0.0,0,high_odds_v1_top2,200,-200.0,90.0
2026-02-17,4320260216020010,2,0.0,0,high_odds_v1_top2,200,-200.0,-110.0
2026-02-20,8720260220010001,2,0.0,0,high_odds_v1_top2,200,-200.0,-310.0
2026-02-20,8720260220010002,2,0.0,0,high_odds_v1_top2,200,-200.0,-510.0
2026-02-20,8720260220010003,2,0.0,0,high_odds_v1_top2,200,-200.0,-710.0
2026-02-20,8720260220010004,2,0.0,0,high_odds_v1_top2,200,-200.0,-910.0
2026-02-20,8720260220010005,2,0.0,0,high_odds_v1_top2,200,-200.0,-1110.0
2026-02-20,8720260220010006,2,0.0,0,high_odds_v1_top2,200,-200.0,-1310.0
2026-02-20,8720260220010007,2,0.0,0,high_odds_v1_top2,200,-200.0,-1510.0
2026-02-20,8720260220010008,2,0.0,0,high_odds_v1_top2,200,-200.0,-1710.0
2026-02-20,8720260220010009,2,0.0,0,high_odds_v1_top2,200,-200.0,-1910.0
2026-02-20,8720260220010010,2,0.0,0,high_odds_v1_top2,200,-200.0,-2110.0
2026-02-20,8720260220010011,2,0.0,0,high_odds_v1_top2,200,-200.0,-2310.0
2026-02-20,8720260220010012,2,0.0,0,high_odds_v1_top2,200,-200.0,-2510.0
2026-02-21,6220260219030010,2,0.0,0,high_odds_v1_top2,200,-200.0,-2710.0
2026-02-21,8720260220020001,2,0.0,0,high_odds_v1_top2,200,-200.0,-2910.0
2026-02-21,8720260220020002,2,0.0,0,high_odds_v1_top2,200,-200.0,-3110.0
2026-02-21,8720260220020003,2,0.0,0,high_odds_v1_top2,200,-200.0,-3310.0
2026-02-21,8720260220020004,2,0.0,0,high_odds_v1_top2,200,-200.0,-3510.0
2026-02-21,8720260220020005,2,0.0,0,high_odds_v1_top2,200,-200.0,-3710.0
2026-02-21,8720260220020006,2,0.0,0,high_odds_v1_top2,200,-200.0,-3910.0
2026-02-21,8720260220020007,2,0.0,0,high_odds_v1_top2,200,-200.0,-4110.0
2026-02-21,8720260220020008,2,0.0,0,high_odds_v1_top2,200,-200.0,-4310.0
2026-02-21,8720260220020009,2,0.0,0,high_odds_v1_top2,200,-200.0,-4510.0
2026-02-21,8720260220020010,2,0.0,0,high_odds_v1_top2,200,-200.0,-4710.0
2026-02-21,8720260220020011,2,0.0,0,high_odds_v1_top2,200,-200.0,-4910.0
2026-02-21,8720260220020012,2,0.0,0,high_odds_v1_top2,200,-200.0,-5110.0
2026-02-22,8720260220030001,2,0.0,0,high_odds_v1_top2,200,-200.0,-5310.0
2026-02-22,8720260220030002,2,0.0,0,high_odds_v1_top2,200,-200.0,-5510.0
2026-02-22,8720260220030003,2,0.0,0,high_odds_v1_top2,200,-200.0,-5710.0
2026-02-22,8720260220030004,2,0.0,0,high_odds_v1_top2,200,-200.0,-5910.0
2026-02-22,8720260220030005,2,0.0,0,high_odds_v1_top2,200,-200.0,-6110.0
2026-02-22,8720260220030006,2,0.0,0,high_odds_v1_top2,200,-200.0,-6310.0
2026-02-22,8720260220030007,2,0.0,0,high_odds_v1_top2,200,-200.0,-6510.0
2026-02-22,8720260220030008,2,0.0,0,high_odds_v1_top2,200,-200.0,-6710.0
2026-02-22,8720260220030009,2,0.0,0,high_odds_v1_top2,200,-200.0,-6910.0
2026-02-22,8720260220030010,2,0.0,0,high_odds_v1_top2,200,-200.0,-7110.0
2026-02-22,8720260220030011,2,0.0,0,high_odds_v1_top2,200,-200.0,-7310.0
2026-02-22,8720260220030012,2,0.0,0,high_odds_v1_top2,200,-200.0,-7510.0
2026-02-23,8720260220040001,2,0.0,0,high_odds_v1_top2,200,-200.0,-7710.0
2026-02-23,8720260220040002,2,0.0,0,high_odds_v1_top2,200,-200.0,-7910.0
2026-02-23,8720260220040003,2,0.0,0,high_odds_v1_top2,200,-200.0,-8110.0
2026-02-23,8720260220040004,2,0.0,0,high_odds_v1_top2,200,-200.0,-8310.0
2026-02-23,8720260220040005,2,0.0,0,high_odds_v1_top2,200,-200.0,-8510.0
2026-02-23,8720260220040006,2,0.0,0,high_odds_v1_top2,200,-200.0,-8710.0
2026-02-23,8720260220040007,2,0.0,0,high_odds_v1_top2,200,-200.0,-8910.0
2026-02-23,8720260220040008,2,0.0,0,high_odds_v1_top2,200,-200.0,-9110.0
2026-02-23,8720260220040009,2,0.0,0,high_odds_v1_top2,200,-200.0,-9310.0
2026-02-23,8720260220040010,2,0.0,0,high_odds_v1_top2,200,-200.0,-9510.0
2026-02-23,8720260220040011,2,0.0,0,high_odds_v1_top2,200,-200.0,-9710.0
2026-02-23,8720260220040012,1,0.0,0,high_odds_v1_top2,100,-100.0,-9810.0
2026-02-26,8120260226010007,2,0.0,0,high_odds_v1_top2,200,-200.0,-10010.0
2026-02-28,4420260228010001,2,0.0,0,high_odds_v1_top2,200,-200.0,-10210.0
2026-02-28,4420260228010002,2,0.0,0,high_odds_v1_top2,200,-200.0,-10410.0
2026-02-28,4420260228010003,2,0.0,0,high_odds_v1_top2,200,-200.0,-10610.0
2026-02-28,4420260228010005,2,0.0,0,high_odds_v1_top2,200,-200.0,-10810.0
2026-02-28,4420260228010006,2,0.0,0,high_odds_v1_top2,200,-200.0,-11010.0
2026-02-28,4420260228010007,2,0.0,0,high_odds_v1_top2,200,-200.0,-11210.0
2026-02-28,4420260228010008,2,0.0,0,high_odds_v1_top2,200,-200.0,-11410.0
2026-02-28,4420260228010010,2,0.0,0,high_odds_v1_top2,200,-200.0,-11610.0
2026-02-28,4420260228010011,2,0.0,0,high_odds_v1_top2,200,-200.0,-11810.0
2026-02-28,4420260228010012,2,0.0,0,high_odds_v1_top2,200,-200.0,-12010.0
2026-03-01,4420260228020001,2,0.0,0,high_odds_v1_top2,200,-200.0,-12210.0
2026-03-01,4420260228020002,2,0.0,0,high_odds_v1_top2,200,-200.0,-12410.0
2026-03-01,4420260228020003,2,0.0,0,high_odds_v1_top2,200,-200.0,-12610.0
2026-03-01,4420260228020004,2,0.0,0,high_odds_v1_top2,200,-200.0,-12810.0
2026-03-01,4420260228020005,2,0.0,0,high_odds_v1_top2,200,-200.0,-13010.0
2026-03-01,4420260228020007,2,0.0,0,high_odds_v1_top2,200,-200.0,-13210.0
2026-03-01,4420260228020008,2,0.0,0,high_odds_v1_top2,200,-200.0,-13410.0
2026-03-01,4420260228020011,2,0.0,0,high_odds_v1_top2,200,-200.0,-13610.0
2026-03-02,4420260228030002,2,0.0,0,high_odds_v1_top2,200,-200.0,-13810.0
2026-03-02,4420260228030004,2,0.0,0,high_odds_v1_top2,200,-200.0,-14010.0
2026-03-02,4420260228030005,2,0.0,0,high_odds_v1_top2,200,-200.0,-14210.0
2026-03-02,4420260228030006,2,0.0,0,high_odds_v1_top2,200,-200.0,-14410.0
2026-03-02,4420260228030007,2,0.0,0,high_odds_v1_top2,200,-200.0,-14610.0
2026-03-02,4420260228030008,2,0.0,0,high_odds_v1_top2,200,-200.0,-14810.0
2026-03-02,4420260228030009,2,0.0,0,high_odds_v1_top2,200,-200.0,-15010.0
2026-03-02,4420260228030011,2,0.0,0,high_odds_v1_top2,200,-200.0,-15210.0
2026-03-03,4420260228040002,2,0.0,0,high_odds_v1_top2,200,-200.0,-15410.0
2026-03-03,4420260228040003,2,0.0,0,high_odds_v1_top2,200,-200.0,-15610.0
2026-03-03,4420260228040004,2,0.0,0,high_odds_v1_top2,200,-200.0,-15810.0
2026-03-03,4420260228040005,2,0.0,0,high_odds_v1_top2,200,-200.0,-16010.0
2026-03-03,4420260228040006,2,0.0,0,high_odds_v1_top2,200,-200.0,-16210.0
2026-03-03,4420260228040007,2,0.0,0,high_odds_v1_top2,200,-200.0,-16410.0
2026-03-03,4420260228040008,2,0.0,0,high_odds_v1_top2,200,-200.0,-16610.0
2026-03-03,4420260228040010,2,0.0,0,high_odds_v1_top2,200,-200.0,-16810.0
2026-03-03,4420260228040012,2,0.0,0,high_odds_v1_top2,200,-200.0,-17010.0
2026-03-05,7520260305010001,2,0.0,0,high_odds_v1_top2,200,-200.0,-17210.0
2026-03-05,7520260305010002,2,0.0,0,high_odds_v1_top2,200,-200.0,-17410.0
2026-03-05,7520260305010003,2,0.0,0,high_odds_v1_top2,200,-200.0,-17610.0
2026-03-05,7520260305010004,2,0.0,0,high_odds_v1_top2,200,-200.0,-17810.0
2026-03-05,7520260305010005,2,0.0,0,high_odds_v1_top2,200,-200.0,-18010.0
2026-03-05,7520260305010006,2,0.0,0,high_odds_v1_top2,200,-200.0,-18210.0
2026-03-05,7520260305010008,2,0.0,0,high_odds_v1_top2,200,-200.0,-18410.0
2026-03-05,7520260305010009,2,0.0,0,high_odds_v1_top2,200,-200.0,-18610.0
2026-03-05,7520260305010010,2,0.0,0,high_odds_v1_top2,200,-200.0,-18810.0
2026-03-05,7520260305010012,2,0.0,0,high_odds_v1_top2,200,-200.0,-19010.0
2026-03-06,7520260305020001,2,0.0,0,high_odds_v1_top2,200,-200.0,-19210.0
2026-03-06,7520260305020002,2,0.0,0,high_odds_v1_top2,200,-200.0,-19410.0
2026-03-06,7520260305020003,2,0.0,0,high_odds_v1_top2,200,-200.0,-19610.0
2026-03-06,7520260305020006,2,0.0,0,high_odds_v1_top2,200,-200.0,-19810.0
2026-03-06,7520260305020007,2,0.0,0,high_odds_v1_top2,200,-200.0,-20010.0
2026-03-06,7520260305020010,2,0.0,0,high_odds_v1_top2,200,-200.0,-20210.0
2026-03-06,7520260305020012,2,0.0,0,high_odds_v1_top2,200,-200.0,-20410.0
2026-03-07,2220260307010011,2,0.0,0,high_odds_v1_top2,200,-200.0,-20610.0
2026-03-07,7520260305030001,2,0.0,0,high_odds_v1_top2,200,-200.0,-20810.0
2026-03-07,7520260305030002,2,0.0,0,high_odds_v1_top2,200,-200.0,-21010.0
2026-03-07,7520260305030003,2,0.0,0,high_odds_v1_top2,200,-200.0,-21210.0
2026-03-07,7520260305030004,2,0.0,0,high_odds_v1_top2,200,-200.0,-21410.0
2026-03-07,7520260305030005,2,0.0,0,high_odds_v1_top2,200,-200.0,-21610.0
2026-03-07,7520260305030006,2,0.0,0,high_odds_v1_top2,200,-200.0,-21810.0
2026-03-07,7520260305030007,2,0.0,0,high_odds_v1_top2,200,-200.0,-22010.0
2026-03-07,7520260305030008,2,0.0,0,high_odds_v1_top2,200,-200.0,-22210.0
2026-03-07,7520260305030009,2,0.0,0,high_odds_v1_top2,200,-200.0,-22410.0
2026-03-07,7520260305030012,2,0.0,0,high_odds_v1_top2,200,-200.0,-22610.0
2026-03-08,7520260305040002,2,0.0,0,high_odds_v1_top2,200,-200.0,-22810.0
2026-03-08,7520260305040003,2,0.0,0,high_odds_v1_top2,200,-200.0,-23010.0
2026-03-08,7520260305040004,2,0.0,0,high_odds_v1_top2,200,-200.0,-23210.0
2026-03-08,7520260305040005,2,0.0,0,high_odds_v1_top2,200,-200.0,-23410.0
2026-03-08,7520260305040006,2,0.0,0,high_odds_v1_top2,200,-200.0,-23610.0
2026-03-08,7520260305040007,2,0.0,0,high_odds_v1_top2,200,-200.0,-23810.0
2026-03-08,7520260305040008,2,0.0,0,high_odds_v1_top2,200,-200.0,-24010.0
2026-03-08,7520260305040009,2,0.0,0,high_odds_v1_top2,200,-200.0,-24210.0
2026-03-08,7520260305040010,2,0.0,0,high_odds_v1_top2,200,-200.0,-24410.0
2026-03-08,7520260305040011,2,0.0,0,high_odds_v1_top2,200,-200.0,-24610.0
2026-03-09,4320260307030005,2,0.0,0,high_odds_v1_top2,200,-200.0,-24810.0
2026-03-10,7420260310010002,2,0.0,0,high_odds_v1_top2,200,-200.0,-25010.0
2026-03-11,3820260310020007,2,0.0,0,high_odds_v1_top2,200,-200.0,-25210.0
2026-03-12,2320260312010001,2,0.0,0,high_odds_v1_top2,200,-200.0,-25410.0
2026-03-12,2320260312010002,2,0.0,0,high_odds_v1_top2,200,-200.0,-25610.0
2026-03-12,2320260312010003,2,0.0,0,high_odds_v1_top2,200,-200.0,-25810.0
2026-03-12,2320260312010004,2,0.0,0,high_odds_v1_top2,200,-200.0,-26010.0
2026-03-12,2320260312010005,2,0.0,0,high_odds_v1_top2,200,-200.0,-26210.0
2026-03-12,2320260312010006,2,0.0,0,high_odds_v1_top2,200,-200.0,-26410.0
2026-03-12,2320260312010007,2,0.0,0,high_odds_v1_top2,200,-200.0,-26610.0
2026-03-12,2320260312010009,2,0.0,0,high_odds_v1_top2,200,-200.0,-26810.0
2026-03-12,2320260312010011,2,0.0,0,high_odds_v1_top2,200,-200.0,-27010.0
2026-03-12,2320260312010012,2,0.0,0,high_odds_v1_top2,200,-200.0,-27210.0
2026-03-12,2620260312010004,2,0.0,0,high_odds_v1_top2,200,-200.0,-27410.0
2026-03-12,2620260312010005,2,0.0,0,high_odds_v1_top2,200,-200.0,-27610.0
2026-03-12,2620260312010006,2,0.0,0,high_odds_v1_top2,200,-200.0,-27810.0
2026-03-12,2620260312010007,2,0.0,0,high_odds_v1_top2,200,-200.0,-28010.0
2026-03-12,2620260312010008,2,0.0,0,high_odds_v1_top2,200,-200.0,-28210.0
2026-03-12,2620260312010009,2,0.0,0,high_odds_v1_top2,200,-200.0,-28410.0
2026-03-12,2620260312010010,2,0.0,0,high_odds_v1_top2,200,-200.0,-28610.0
2026-03-12,2620260312010012,2,0.0,0,high_odds_v1_top2,200,-200.0,-28810.0
2026-03-13,2320260312020001,2,0.0,0,high_odds_v1_top2,200,-200.0,-29010.0
2026-03-13,2320260312020002,2,0.0,0,high_odds_v1_top2,200,-200.0,-29210.0
2026-03-13,2320260312020003,2,0.0,0,high_odds_v1_top2,200,-200.0,-29410.0
2026-03-13,2320260312020004,2,0.0,0,high_odds_v1_top2,200,-200.0,-29610.0
2026-03-13,2320260312020005,2,0.0,0,high_odds_v1_top2,200,-200.0,-29810.0
2026-03-13,2320260312020007,2,0.0,0,high_odds_v1_top2,200,-200.0,-30010.0
2026-03-13,2320260312020008,2,11370.0,1,high_odds_v1_top2,200,11170.0,-18840.0
2026-03-13,2320260312020009,2,0.0,0,high_odds_v1_top2,200,-200.0,-19040.0
2026-03-13,2320260312020010,2,0.0,0,high_odds_v1_top2,200,-200.0,-19240.0
2026-03-13,2320260312020011,2,0.0,0,high_odds_v1_top2,200,-200.0,-19440.0
2026-03-13,2620260312020004,2,0.0,0,high_odds_v1_top2,200,-200.0,-19640.0
2026-03-13,2620260312020005,2,0.0,0,high_odds_v1_top2,200,-200.0,-19840.0
2026-03-13,2620260312020006,2,0.0,0,high_odds_v1_top2,200,-200.0,-20040.0
2026-03-13,2620260312020007,2,0.0,0,high_odds_v1_top2,200,-200.0,-20240.0
2026-03-13,2620260312020008,2,0.0,0,high_odds_v1_top2,200,-200.0,-20440.0
2026-03-13,2620260312020009,2,0.0,0,high_odds_v1_top2,200,-200.0,-20640.0
2026-03-13,2620260312020010,2,0.0,0,high_odds_v1_top2,200,-200.0,-20840.0
2026-03-13,2620260312020011,2,0.0,0,high_odds_v1_top2,200,-200.0,-21040.0
2026-03-13,2620260312020012,2,0.0,0,high_odds_v1_top2,200,-200.0,-21240.0
2026-03-14,2320260312030001,2,0.0,0,high_odds_v1_top2,200,-200.0,-21440.0
2026-03-14,2320260312030003,2,0.0,0,high_odds_v1_top2,200,-200.0,-21640.0
2026-03-14,2320260312030004,2,0.0,0,high_odds_v1_top2,200,-200.0,-21840.0
2026-03-14,2320260312030005,2,0.0,0,high_odds_v1_top2,200,-200.0,-22040.0
2026-03-14,2320260312030006,2,0.0,0,high_odds_v1_top2,200,-200.0,-22240.0
2026-03-14,2320260312030007,2,0.0,0,high_odds_v1_top2,200,-200.0,-22440.0
2026-03-14,2320260312030008,2,0.0,0,high_odds_v1_top2,200,-200.0,-22640.0
2026-03-14,2320260312030009,2,0.0,0,high_odds_v1_top2,200,-200.0,-22840.0
2026-03-14,2320260312030010,2,0.0,0,high_odds_v1_top2,200,-200.0,-23040.0
2026-03-14,2320260312030011,2,0.0,0,high_odds_v1_top2,200,-200.0,-23240.0
2026-03-14,2620260312030004,2,0.0,0,high_odds_v1_top2,200,-200.0,-23440.0
2026-03-14,2620260312030005,2,0.0,0,high_odds_v1_top2,200,-200.0,-23640.0
2026-03-14,2620260312030007,2,0.0,0,high_odds_v1_top2,200,-200.0,-23840.0
2026-03-14,2620260312030008,2,0.0,0,high_odds_v1_top2,200,-200.0,-24040.0
2026-03-14,2620260312030009,2,0.0,0,high_odds_v1_top2,200,-200.0,-24240.0
2026-03-14,2620260312030010,2,0.0,0,high_odds_v1_top2,200,-200.0,-24440.0
2026-03-14,2620260312030011,2,0.0,0,high_odds_v1_top2,200,-200.0,-24640.0
2026-03-14,2620260312030012,2,0.0,0,high_odds_v1_top2,200,-200.0,-24840.0
2026-03-14,7520260313020003,2,0.0,0,high_odds_v1_top2,200,-200.0,-25040.0
2026-03-15,2320260312040002,2,0.0,0,high_odds_v1_top2,200,-200.0,-25240.0
2026-03-15,2320260312040003,2,0.0,0,high_odds_v1_top2,200,-200.0,-25440.0
2026-03-15,2320260312040004,2,0.0,0,high_odds_v1_top2,200,-200.0,-25640.0
2026-03-15,2320260312040005,2,11640.0,1,high_odds_v1_top2,200,11440.0,-14200.0
2026-03-15,2320260312040006,2,0.0,0,high_odds_v1_top2,200,-200.0,-14400.0
2026-03-15,2320260312040007,2,0.0,0,high_odds_v1_top2,200,-200.0,-14600.0
2026-03-15,2320260312040008,2,0.0,0,high_odds_v1_top2,200,-200.0,-14800.0
2026-03-15,2320260312040010,2,0.0,0,high_odds_v1_top2,200,-200.0,-15000.0
2026-03-15,2320260312040011,2,0.0,0,high_odds_v1_top2,200,-200.0,-15200.0
2026-03-15,2320260312040012,2,0.0,0,high_odds_v1_top2,200,-200.0,-15400.0
2026-03-15,2620260312040003,2,0.0,0,high_odds_v1_top2,200,-200.0,-15600.0
2026-03-15,2620260312040004,2,0.0,0,high_odds_v1_top2,200,-200.0,-15800.0
2026-03-15,2620260312040005,2,0.0,0,high_odds_v1_top2,200,-200.0,-16000.0
2026-03-15,2620260312040006,2,0.0,0,high_odds_v1_top2,200,-200.0,-16200.0
2026-03-15,2620260312040007,2,0.0,0,high_odds_v1_top2,200,-200.0,-16400.0
2026-03-15,2620260312040008,2,0.0,0,high_odds_v1_top2,200,-200.0,-16600.0
2026-03-15,2620260312040009,2,0.0,0,high_odds_v1_top2,200,-200.0,-16800.0
2026-03-15,2620260312040010,2,0.0,0,high_odds_v1_top2,200,-200.0,-17000.0
2026-03-15,2620260312040012,2,0.0,0,high_odds_v1_top2,200,-200.0,-17200.0
2026-03-16,4320260314030001,2,0.0,0,high_odds_v1_top2,200,-200.0,-17400.0
2026-03-17,6120260316020009,2,0.0,0,high_odds_v1_top2,200,-200.0,-17600.0
2026-03-19,5520260317030001,2,0.0,0,high_odds_v1_top2,200,-200.0,-17800.0
2026-03-19,6320260319010001,2,0.0,0,high_odds_v1_top2,200,-200.0,-18000.0
2026-03-19,6320260319010002,2,0.0,0,high_odds_v1_top2,200,-200.0,-18200.0
2026-03-19,6320260319010003,2,0.0,0,high_odds_v1_top2,200,-200.0,-18400.0
2026-03-19,6320260319010004,2,0.0,0,high_odds_v1_top2,200,-200.0,-18600.0
2026-03-19,6320260319010005,2,0.0,0,high_odds_v1_top2,200,-200.0,-18800.0
2026-03-19,6320260319010006,2,0.0,0,high_odds_v1_top2,200,-200.0,-19000.0
2026-03-19,6320260319010007,2,0.0,0,high_odds_v1_top2,200,-200.0,-19200.0
2026-03-19,6320260319010008,2,0.0,0,high_odds_v1_top2,200,-200.0,-19400.0
2026-03-19,6320260319010009,2,0.0,0,high_odds_v1_top2,200,-200.0,-19600.0
2026-03-20,6320260319020001,2,0.0,0,high_odds_v1_top2,200,-200.0,-19800.0
2026-03-20,6320260319020002,2,0.0,0,high_odds_v1_top2,200,-200.0,-20000.0
2026-03-20,6320260319020003,2,0.0,0,high_odds_v1_top2,200,-200.0,-20200.0
2026-03-20,6320260319020004,2,0.0,0,high_odds_v1_top2,200,-200.0,-20400.0
2026-03-20,6320260319020005,2,0.0,0,high_odds_v1_top2,200,-200.0,-20600.0
2026-03-20,6320260319020006,2,0.0,0,high_odds_v1_top2,200,-200.0,-20800.0
2026-03-20,6320260319020007,2,0.0,0,high_odds_v1_top2,200,-200.0,-21000.0
2026-03-20,6320260319020008,2,0.0,0,high_odds_v1_top2,200,-200.0,-21200.0
2026-03-20,6320260319020009,2,0.0,0,high_odds_v1_top2,200,-200.0,-21400.0
2026-03-20,6320260319020010,2,0.0,0,high_odds_v1_top2,200,-200.0,-21600.0
2026-03-20,6320260319020011,2,0.0,0,high_odds_v1_top2,200,-200.0,-21800.0
2026-03-20,6320260319020012,1,0.0,0,high_odds_v1_top2,100,-100.0,-21900.0
2026-03-21,6320260319030001,2,0.0,0,high_odds_v1_top2,200,-200.0,-22100.0
2026-03-21,6320260319030002,2,0.0,0,high_odds_v1_top2,200,-200.0,-22300.0
2026-03-21,6320260319030003,2,0.0,0,high_odds_v1_top2,200,-200.0,-22500.0
2026-03-21,6320260319030004,2,0.0,0,high_odds_v1_top2,200,-200.0,-22700.0
2026-03-21,6320260319030005,2,0.0,0,high_odds_v1_top2,200,-200.0,-22900.0
2026-03-21,6320260319030006,2,0.0,0,high_odds_v1_top2,200,-200.0,-23100.0
2026-03-21,6320260319030007,2,0.0,0,high_odds_v1_top2,200,-200.0,-23300.0
2026-03-21,6320260319030008,2,0.0,0,high_odds_v1_top2,200,-200.0,-23500.0
2026-03-21,6320260319030009,2,0.0,0,high_odds_v1_top2,200,-200.0,-23700.0
2026-03-21,6320260319030010,2,0.0,0,high_odds_v1_top2,200,-200.0,-23900.0
2026-03-21,6320260319030012,2,0.0,0,high_odds_v1_top2,200,-200.0,-24100.0
2026-03-22,6320260319040001,2,0.0,0,high_odds_v1_top2,200,-200.0,-24300.0
2026-03-22,6320260319040002,2,0.0,0,high_odds_v1_top2,200,-200.0,-24500.0
2026-03-22,6320260319040003,2,0.0,0,high_odds_v1_top2,200,-200.0,-24700.0
2026-03-22,6320260319040004,2,0.0,0,high_odds_v1_top2,200,-200.0,-24900.0
2026-03-22,6320260319040005,2,0.0,0,high_odds_v1_top2,200,-200.0,-25100.0
2026-03-22,6320260319040006,2,0.0,0,high_odds_v1_top2,200,-200.0,-25300.0
2026-03-22,6320260319040007,2,0.0,0,high_odds_v1_top2,200,-200.0,-25500.0
2026-03-22,6320260319040008,2,0.0,0,high_odds_v1_top2,200,-200.0,-25700.0
2026-03-22,6320260319040009,2,10820.0,1,high_odds_v1_top2,200,10620.0,-15080.0
2026-03-22,6320260319040010,2,0.0,0,high_odds_v1_top2,200,-200.0,-15280.0
2026-03-22,6320260319040011,2,0.0,0,high_odds_v1_top2,200,-200.0,-15480.0
2026-03-22,6320260319040012,2,0.0,0,high_odds_v1_top2,200,-200.0,-15680.0
2026-03-23,4320260322020003,2,0.0,0,high_odds_v1_top2,200,-200.0,-15880.0
2026-03-26,6120260326010011,2,0.0,0,high_odds_v1_top2,200,-200.0,-16080.0
2026-03-28,4520260328010001,2,0.0,0,high_odds_v1_top2,200,-200.0,-16280.0
2026-03-28,4520260328010002,2,0.0,0,high_odds_v1_top2,200,-200.0,-16480.0
2026-03-28,4520260328010003,2,0.0,0,high_odds_v1_top2,200,-200.0,-16680.0
2026-03-28,4520260328010004,2,0.0,0,high_odds_v1_top2,200,-200.0,-16880.0
2026-03-28,4520260328010005,2,0.0,0,high_odds_v1_top2,200,-200.0,-17080.0
2026-03-28,4520260328010010,2,0.0,0,high_odds_v1_top2,200,-200.0,-17280.0
2026-03-28,4520260328010011,2,0.0,0,high_odds_v1_top2,200,-200.0,-17480.0
2026-03-28,4520260328010012,2,10000.0,1,high_odds_v1_top2,200,9800.0,-7680.0
2026-03-29,4520260328020001,2,0.0,0,high_odds_v1_top2,200,-200.0,-7880.0
2026-03-29,4520260328020002,2,0.0,0,high_odds_v1_top2,200,-200.0,-8080.0
2026-03-29,4520260328020003,2,0.0,0,high_odds_v1_top2,200,-200.0,-8280.0
2026-03-29,4520260328020004,2,0.0,0,high_odds_v1_top2,200,-200.0,-8480.0
2026-03-29,4520260328020006,2,0.0,0,high_odds_v1_top2,200,-200.0,-8680.0
2026-03-29,4520260328020007,2,0.0,0,high_odds_v1_top2,200,-200.0,-8880.0
2026-03-29,4520260328020008,2,0.0,0,high_odds_v1_top2,200,-200.0,-9080.0
2026-03-29,4520260328020009,2,0.0,0,high_odds_v1_top2,200,-200.0,-9280.0
2026-03-30,4520260328030004,2,0.0,0,high_odds_v1_top2,200,-200.0,-9480.0
2026-03-30,4520260328030005,2,0.0,0,high_odds_v1_top2,200,-200.0,-9680.0
2026-03-30,4520260328030006,2,0.0,0,high_odds_v1_top2,200,-200.0,-9880.0
2026-03-30,4520260328030007,2,0.0,0,high_odds_v1_top2,200,-200.0,-10080.0
2026-03-30,4520260328030008,2,0.0,0,high_odds_v1_top2,200,-200.0,-10280.0
2026-03-30,4520260328030009,2,0.0,0,high_odds_v1_top2,200,-200.0,-10480.0
2026-03-30,4520260328030010,2,0.0,0,high_odds_v1_top2,200,-200.0,-10680.0
2026-03-30,4520260328030011,2,0.0,0,high_odds_v1_top2,200,-200.0,-10880.0
2026-03-30,4520260328030012,2,0.0,0,high_odds_v1_top2,200,-200.0,-11080.0
2026-03-31,4520260328040004,2,0.0,0,high_odds_v1_top2,200,-200.0,-11280.0
2026-03-31,4520260328040007,2,0.0,0,high_odds_v1_top2,200,-200.0,-11480.0
2026-03-31,4520260328040008,2,0.0,0,high_odds_v1_top2,200,-200.0,-11680.0
2026-03-31,4520260328040009,2,0.0,0,high_odds_v1_top2,200,-200.0,-11880.0
2026-03-31,4520260328040010,2,0.0,0,high_odds_v1_top2,200,-200.0,-12080.0
2026-03-31,4520260328040011,2,0.0,0,high_odds_v1_top2,200,-200.0,-12280.0
2026-03-31,4520260328040012,2,0.0,0,high_odds_v1_top2,200,-200.0,-12480.0
2026-04-02,3720260402010001,2,0.0,0,high_odds_v1_top2,200,-200.0,-12680.0
2026-04-02,3720260402010002,2,0.0,0,high_odds_v1_top2,200,-200.0,-12880.0
2026-04-02,3720260402010003,2,0.0,0,high_odds_v1_top2,200,-200.0,-13080.0
2026-04-02,3720260402010004,2,0.0,0,high_odds_v1_top2,200,-200.0,-13280.0
2026-04-02,3720260402010005,2,0.0,0,high_odds_v1_top2,200,-200.0,-13480.0
2026-04-02,3720260402010006,2,0.0,0,high_odds_v1_top2,200,-200.0,-13680.0
2026-04-02,3720260402010007,2,0.0,0,high_odds_v1_top2,200,-200.0,-13880.0
2026-04-02,3720260402010008,2,0.0,0,high_odds_v1_top2,200,-200.0,-14080.0
2026-04-02,3720260402010009,2,0.0,0,high_odds_v1_top2,200,-200.0,-14280.0
2026-04-02,3720260402010012,2,0.0,0,high_odds_v1_top2,200,-200.0,-14480.0
2026-04-03,3720260402020001,2,0.0,0,high_odds_v1_top2,200,-200.0,-14680.0
2026-04-03,3720260402020002,2,0.0,0,high_odds_v1_top2,200,-200.0,-14880.0
2026-04-03,3720260402020006,2,0.0,0,high_odds_v1_top2,200,-200.0,-15080.0
2026-04-03,3720260402020008,2,0.0,0,high_odds_v1_top2,200,-200.0,-15280.0
2026-04-03,3720260402020009,2,0.0,0,high_odds_v1_top2,200,-200.0,-15480.0
2026-04-04,3720260402030003,2,0.0,0,high_odds_v1_top2,200,-200.0,-15680.0
2026-04-04,3720260402030004,2,0.0,0,high_odds_v1_top2,200,-200.0,-15880.0
2026-04-04,3720260402030005,2,0.0,0,high_odds_v1_top2,200,-200.0,-16080.0
2026-04-04,3720260402030007,2,0.0,0,high_odds_v1_top2,200,-200.0,-16280.0
2026-04-04,3720260402030008,2,0.0,0,high_odds_v1_top2,200,-200.0,-16480.0
2026-04-04,3720260402030009,2,0.0,0,high_odds_v1_top2,200,-200.0,-16680.0
2026-04-04,3720260402030012,2,0.0,0,high_odds_v1_top2,200,-200.0,-16880.0
2026-04-05,3720260402040002,2,0.0,0,high_odds_v1_top2,200,-200.0,-17080.0
2026-04-05,3720260402040004,2,0.0,0,high_odds_v1_top2,200,-200.0,-17280.0
2026-04-05,3720260402040005,2,0.0,0,high_odds_v1_top2,200,-200.0,-17480.0
2026-04-05,3720260402040006,2,0.0,0,high_odds_v1_top2,200,-200.0,-17680.0
2026-04-05,3720260402040010,2,0.0,0,high_odds_v1_top2,200,-200.0,-17880.0
2026-04-05,3720260402040011,2,0.0,0,high_odds_v1_top2,200,-200.0,-18080.0
2026-04-09,2620260409010001,2,0.0,0,high_odds_v1_top2,200,-200.0,-18280.0
2026-04-09,2620260409010002,2,0.0,0,high_odds_v1_top2,200,-200.0,-18480.0
2026-04-09,2620260409010003,2,0.0,0,high_odds_v1_top2,200,-200.0,-18680.0
2026-04-09,2620260409010004,2,0.0,0,high_odds_v1_top2,200,-200.0,-18880.0
2026-04-09,2620260409010005,2,10070.0,1,high_odds_v1_top2,200,9870.0,-9010.0
2026-04-09,2620260409010006,2,0.0,0,high_odds_v1_top2,200,-200.0,-9210.0
2026-04-09,2620260409010007,2,0.0,0,high_odds_v1_top2,200,-200.0,-9410.0
2026-04-09,2620260409010008,2,14120.0,1,high_odds_v1_top2,200,13920.0,4510.0
2026-04-09,2620260409010009,2,0.0,0,high_odds_v1_top2,200,-200.0,4310.0
2026-04-09,2620260409010010,2,0.0,0,high_odds_v1_top2,200,-200.0,4110.0
2026-04-09,2620260409010012,2,0.0,0,high_odds_v1_top2,200,-200.0,3910.0
2026-04-09,5320260407030004,2,0.0,0,high_odds_v1_top2,200,-200.0,3710.0
2026-04-10,2620260409020001,2,0.0,0,high_odds_v1_top2,200,-200.0,3510.0
2026-04-10,2620260409020002,2,0.0,0,high_odds_v1_top2,200,-200.0,3310.0
2026-04-10,2620260409020003,2,0.0,0,high_odds_v1_top2,200,-200.0,3110.0
2026-04-10,2620260409020005,2,0.0,0,high_odds_v1_top2,200,-200.0,2910.0
2026-04-10,2620260409020006,2,0.0,0,high_odds_v1_top2,200,-200.0,2710.0
2026-04-10,2620260409020009,2,0.0,0,high_odds_v1_top2,200,-200.0,2510.0
2026-04-11,2620260409030004,2,0.0,0,high_odds_v1_top2,200,-200.0,2310.0
2026-04-11,2620260409030005,2,0.0,0,high_odds_v1_top2,200,-200.0,2110.0
2026-04-11,2620260409030006,2,0.0,0,high_odds_v1_top2,200,-200.0,1910.0
2026-04-11,2620260409030007,2,0.0,0,high_odds_v1_top2,200,-200.0,1710.0
2026-04-11,2620260409030008,2,0.0,0,high_odds_v1_top2,200,-200.0,1510.0
2026-04-11,2620260409030009,2,0.0,0,high_odds_v1_top2,200,-200.0,1310.0
2026-04-11,2620260409030010,2,0.0,0,high_odds_v1_top2,200,-200.0,1110.0
2026-04-11,2620260409030012,2,0.0,0,high_odds_v1_top2,200,-200.0,910.0
2026-04-12,2620260409040004,2,0.0,0,high_odds_v1_top2,200,-200.0,710.0
2026-04-12,2620260409040005,2,0.0,0,high_odds_v1_top2,200,-200.0,510.0
2026-04-12,2620260409040007,2,0.0,0,high_odds_v1_top2,200,-200.0,310.0
2026-04-12,2620260409040008,2,0.0,0,high_odds_v1_top2,200,-200.0,110.0
2026-04-12,2620260409040009,2,0.0,0,high_odds_v1_top2,200,-200.0,-90.0
2026-04-12,2620260409040010,2,0.0,0,high_odds_v1_top2,200,-200.0,-290.0
2026-04-12,2620260409040011,2,0.0,0,high_odds_v1_top2,200,-200.0,-490.0
2026-04-12,2620260409040012,2,0.0,0,high_odds_v1_top2,200,-200.0,-690.0
2026-04-14,4420260413020008,2,0.0,0,high_odds_v1_top2,200,-200.0,-890.0
2026-04-16,4320260416010006,2,0.0,0,high_odds_v1_top2,200,-200.0,-1090.0
2026-04-18,8420260418010002,2,0.0,0,high_odds_v1_top2,200,-200.0,-1290.0
2026-04-18,8420260418010003,2,0.0,0,high_odds_v1_top2,200,-200.0,-1490.0
2026-04-18,8420260418010004,2,0.0,0,high_odds_v1_top2,200,-200.0,-1690.0
2026-04-18,8420260418010005,2,0.0,0,high_odds_v1_top2,200,-200.0,-1890.0
2026-04-18,8420260418010006,2,0.0,0,high_odds_v1_top2,200,-200.0,-2090.0
2026-04-18,8420260418010008,2,0.0,0,high_odds_v1_top2,200,-200.0,-2290.0
2026-04-18,8420260418010010,2,0.0,0,high_odds_v1_top2,200,-200.0,-2490.0
2026-04-18,8420260418010011,2,0.0,0,high_odds_v1_top2,200,-200.0,-2690.0
2026-04-18,8420260418010012,2,0.0,0,high_odds_v1_top2,200,-200.0,-2890.0
2026-04-19,8420260418020001,2,0.0,0,high_odds_v1_top2,200,-200.0,-3090.0
2026-04-19,8420260418020003,2,0.0,0,high_odds_v1_top2,200,-200.0,-3290.0
2026-04-19,8420260418020004,2,0.0,0,high_odds_v1_top2,200,-200.0,-3490.0
2026-04-19,8420260418020005,2,0.0,0,high_odds_v1_top2,200,-200.0,-3690.0
2026-04-19,8420260418020007,2,0.0,0,high_odds_v1_top2,200,-200.0,-3890.0
2026-04-19,8420260418020008,2,0.0,0,high_odds_v1_top2,200,-200.0,-4090.0
2026-04-19,8420260418020009,2,0.0,0,high_odds_v1_top2,200,-200.0,-4290.0
2026-04-19,8420260418020010,2,0.0,0,high_odds_v1_top2,200,-200.0,-4490.0
2026-04-19,8420260418020011,2,0.0,0,high_odds_v1_top2,200,-200.0,-4690.0
2026-04-20,8420260418030001,2,0.0,0,high_odds_v1_top2,200,-200.0,-4890.0
2026-04-20,8420260418030002,2,0.0,0,high_odds_v1_top2,200,-200.0,-5090.0
2026-04-20,8420260418030004,2,10200.0,1,high_odds_v1_top2,200,10000.0,4910.0
2026-04-20,8420260418030005,2,0.0,0,high_odds_v1_top2,200,-200.0,4710.0
2026-04-20,8420260418030006,2,0.0,0,high_odds_v1_top2,200,-200.0,4510.0
2026-04-20,8420260418030007,2,0.0,0,high_odds_v1_top2,200,-200.0,4310.0
2026-04-20,8420260418030008,2,0.0,0,high_odds_v1_top2,200,-200.0,4110.0
2026-04-20,8420260418030009,2,0.0,0,high_odds_v1_top2,200,-200.0,3910.0
2026-04-20,8420260418030010,2,0.0,0,high_odds_v1_top2,200,-200.0,3710.0
2026-04-20,8420260418030012,2,0.0,0,high_odds_v1_top2,200,-200.0,3510.0
2026-04-21,3820260421010005,2,0.0,0,high_odds_v1_top2,200,-200.0,3310.0
2026-04-21,8420260418040004,2,0.0,0,high_odds_v1_top2,200,-200.0,3110.0
2026-04-21,8420260418040005,2,0.0,0,high_odds_v1_top2,200,-200.0,2910.0
2026-04-21,8420260418040006,2,0.0,0,high_odds_v1_top2,200,-200.0,2710.0
2026-04-21,8420260418040008,2,0.0,0,high_odds_v1_top2,200,-200.0,2510.0
2026-04-21,8420260418040009,2,0.0,0,high_odds_v1_top2,200,-200.0,2310.0
2026-04-21,8420260418040010,2,0.0,0,high_odds_v1_top2,200,-200.0,2110.0
2026-04-21,8420260418040011,2,0.0,0,high_odds_v1_top2,200,-200.0,1910.0
2026-04-21,8420260418040012,2,0.0,0,high_odds_v1_top2,200,-200.0,1710.0
2026-04-23,4220260423010001,1,0.0,0,high_odds_v1_top2,100,-100.0,1610.0
2026-04-23,4220260423010003,2,0.0,0,high_odds_v1_top2,200,-200.0,1410.0
2026-04-23,4220260423010004,2,0.0,0,high_odds_v1_top2,200,-200.0,1210.0
2026-04-23,4220260423010005,2,0.0,0,high_odds_v1_top2,200,-200.0,1010.0
2026-04-23,4220260423010008,2,0.0,0,high_odds_v1_top2,200,-200.0,810.0
2026-04-23,4220260423010010,2,0.0,0,high_odds_v1_top2,200,-200.0,610.0
2026-04-23,4220260423010011,2,0.0,0,high_odds_v1_top2,200,-200.0,410.0
2026-04-23,4220260423010012,2,0.0,0,high_odds_v1_top2,200,-200.0,210.0
2026-04-24,3120260424010007,2,0.0,0,high_odds_v1_top2,200,-200.0,10.0
2026-04-24,3120260424010008,2,0.0,0,high_odds_v1_top2,200,-200.0,-190.0
2026-04-24,3120260424010011,1,0.0,0,high_odds_v1_top2,100,-100.0,-290.0
2026-04-24,4220260423020001,2,0.0,0,high_odds_v1_top2,200,-200.0,-490.0
2026-04-24,4220260423020002,2,0.0,0,high_odds_v1_top2,200,-200.0,-690.0
2026-04-24,4220260423020006,2,0.0,0,high_odds_v1_top2,200,-200.0,-890.0
2026-04-24,4220260423020007,2,0.0,0,high_odds_v1_top2,200,-200.0,-1090.0
2026-04-24,4220260423020008,2,0.0,0,high_odds_v1_top2,200,-200.0,-1290.0
2026-04-24,4220260423020009,2,0.0,0,high_odds_v1_top2,200,-200.0,-1490.0
2026-04-24,4220260423020011,2,0.0,0,high_odds_v1_top2,200,-200.0,-1690.0
2026-04-24,4220260423020012,2,0.0,0,high_odds_v1_top2,200,-200.0,-1890.0
2026-04-25,3120260424020008,2,0.0,0,high_odds_v1_top2,200,-200.0,-2090.0
2026-04-25,3120260424020009,2,0.0,0,high_odds_v1_top2,200,-200.0,-2290.0
2026-04-25,3120260424020010,2,0.0,0,high_odds_v1_top2,200,-200.0,-2490.0
2026-04-25,4220260423030004,2,0.0,0,high_odds_v1_top2,200,-200.0,-2690.0
2026-04-25,4220260423030005,2,0.0,0,high_odds_v1_top2,200,-200.0,-2890.0
2026-04-25,4220260423030006,2,0.0,0,high_odds_v1_top2,200,-200.0,-3090.0
2026-04-25,4220260423030007,2,0.0,0,high_odds_v1_top2,200,-200.0,-3290.0
2026-04-25,4220260423030009,2,0.0,0,high_odds_v1_top2,200,-200.0,-3490.0
2026-04-25,4220260423030010,2,0.0,0,high_odds_v1_top2,200,-200.0,-3690.0
2026-04-25,4220260423030011,2,0.0,0,high_odds_v1_top2,200,-200.0,-3890.0
2026-04-25,4220260423030012,2,0.0,0,high_odds_v1_top2,200,-200.0,-4090.0
2026-04-25,5520260423030001,2,0.0,0,high_odds_v1_top2,200,-200.0,-4290.0
2026-04-26,3120260424030008,2,0.0,0,high_odds_v1_top2,200,-200.0,-4490.0
2026-04-26,3120260424030011,2,0.0,0,high_odds_v1_top2,200,-200.0,-4690.0
2026-04-26,4220260423040004,2,0.0,0,high_odds_v1_top2,200,-200.0,-4890.0
2026-04-26,4220260423040005,2,0.0,0,high_odds_v1_top2,200,-200.0,-5090.0
2026-04-26,4220260423040006,2,0.0,0,high_odds_v1_top2,200,-200.0,-5290.0
2026-04-26,4220260423040007,2,0.0,0,high_odds_v1_top2,200,-200.0,-5490.0
2026-04-26,4220260423040008,2,0.0,0,high_odds_v1_top2,200,-200.0,-5690.0
2026-04-26,4220260423040010,2,0.0,0,high_odds_v1_top2,200,-200.0,-5890.0
2026-04-26,4220260423040011,2,0.0,0,high_odds_v1_top2,200,-200.0,-6090.0
2026-04-26,4220260423040012,2,0.0,0,high_odds_v1_top2,200,-200.0,-6290.0
2026-05-01,3520260501010001,2,0.0,0,high_odds_v1_top2,200,-200.0,-6490.0
2026-05-01,3520260501010002,2,0.0,0,high_odds_v1_top2,200,-200.0,-6690.0
2026-05-01,3520260501010003,2,0.0,0,high_odds_v1_top2,200,-200.0,-6890.0
2026-05-01,3520260501010004,2,0.0,0,high_odds_v1_top2,200,-200.0,-7090.0
2026-05-01,3520260501010005,2,0.0,0,high_odds_v1_top2,200,-200.0,-7290.0
2026-05-01,3520260501010006,2,0.0,0,high_odds_v1_top2,200,-200.0,-7490.0
2026-05-01,3520260501010007,2,0.0,0,high_odds_v1_top2,200,-200.0,-7690.0
2026-05-01,3520260501010008,2,0.0,0,high_odds_v1_top2,200,-200.0,-7890.0
2026-05-01,3520260501010009,2,0.0,0,high_odds_v1_top2,200,-200.0,-8090.0
2026-05-01,3520260501010010,2,0.0,0,high_odds_v1_top2,200,-200.0,-8290.0
2026-05-01,3520260501010011,2,0.0,0,high_odds_v1_top2,200,-200.0,-8490.0
2026-05-02,2320260430030003,2,0.0,0,high_odds_v1_top2,200,-200.0,-8690.0
2026-05-02,3520260501020001,2,0.0,0,high_odds_v1_top2,200,-200.0,-8890.0
2026-05-02,3520260501020002,2,0.0,0,high_odds_v1_top2,200,-200.0,-9090.0
2026-05-02,3520260501020003,2,0.0,0,high_odds_v1_top2,200,-200.0,-9290.0
2026-05-02,3520260501020004,2,0.0,0,high_odds_v1_top2,200,-200.0,-9490.0
2026-05-02,3520260501020005,2,0.0,0,high_odds_v1_top2,200,-200.0,-9690.0
2026-05-02,3520260501020006,2,0.0,0,high_odds_v1_top2,200,-200.0,-9890.0
2026-05-02,3520260501020007,2,0.0,0,high_odds_v1_top2,200,-200.0,-10090.0
2026-05-02,3520260501020008,2,0.0,0,high_odds_v1_top2,200,-200.0,-10290.0
2026-05-02,3520260501020009,2,0.0,0,high_odds_v1_top2,200,-200.0,-10490.0
2026-05-02,3520260501020010,2,0.0,0,high_odds_v1_top2,200,-200.0,-10690.0
2026-05-02,3520260501020011,2,0.0,0,high_odds_v1_top2,200,-200.0,-10890.0
2026-05-02,4620260430030002,2,0.0,0,high_odds_v1_top2,200,-200.0,-11090.0
2026-05-03,3520260501030001,2,0.0,0,high_odds_v1_top2,200,-200.0,-11290.0
2026-05-03,3520260501030002,2,0.0,0,high_odds_v1_top2,200,-200.0,-11490.0
2026-05-03,3520260501030003,2,0.0,0,high_odds_v1_top2,200,-200.0,-11690.0
2026-05-03,3520260501030004,2,0.0,0,high_odds_v1_top2,200,-200.0,-11890.0
2026-05-03,3520260501030005,2,0.0,0,high_odds_v1_top2,200,-200.0,-12090.0
2026-05-03,3520260501030006,2,0.0,0,high_odds_v1_top2,200,-200.0,-12290.0
2026-05-03,3520260501030007,2,0.0,0,high_odds_v1_top2,200,-200.0,-12490.0
2026-05-03,3520260501030009,2,0.0,0,high_odds_v1_top2,200,-200.0,-12690.0
2026-05-03,3520260501030010,2,0.0,0,high_odds_v1_top2,200,-200.0,-12890.0
2026-05-03,3520260501030011,2,0.0,0,high_odds_v1_top2,200,-200.0,-13090.0
2026-05-04,2720260503020008,2,0.0,0,high_odds_v1_top2,200,-200.0,-13290.0
2026-05-04,3520260501040001,2,0.0,0,high_odds_v1_top2,200,-200.0,-13490.0
2026-05-04,3520260501040002,2,0.0,0,high_odds_v1_top2,200,-200.0,-13690.0
2026-05-04,3520260501040003,2,14190.0,1,high_odds_v1_top2,200,13990.0,300.0
2026-05-04,3520260501040004,2,0.0,0,high_odds_v1_top2,200,-200.0,100.0
2026-05-04,3520260501040005,2,0.0,0,high_odds_v1_top2,200,-200.0,-100.0
2026-05-04,3520260501040006,2,0.0,0,high_odds_v1_top2,200,-200.0,-300.0
2026-05-04,3520260501040007,2,0.0,0,high_odds_v1_top2,200,-200.0,-500.0
2026-05-04,3520260501040008,2,0.0,0,high_odds_v1_top2,200,-200.0,-700.0
2026-05-04,3520260501040009,2,0.0,0,high_odds_v1_top2,200,-200.0,-900.0
2026-05-04,3520260501040010,2,0.0,0,high_odds_v1_top2,200,-200.0,-1100.0
2026-05-04,3520260501040011,1,0.0,0,high_odds_v1_top2,100,-100.0,-1200.0
2026-05-04,5620260504010012,2,0.0,0,high_odds_v1_top2,200,-200.0,-1400.0
2026-05-05,3520260501050001,2,0.0,0,high_odds_v1_top2,200,-200.0,-1600.0
2026-05-05,3520260501050002,2,0.0,0,high_odds_v1_top2,200,-200.0,-1800.0
2026-05-05,3520260501050003,2,0.0,0,high_odds_v1_top2,200,-200.0,-2000.0
2026-05-05,3520260501050005,2,0.0,0,high_odds_v1_top2,200,-200.0,-2200.0
2026-05-05,3520260501050006,2,0.0,0,high_odds_v1_top2,200,-200.0,-2400.0
2026-05-05,3520260501050007,2,0.0,0,high_odds_v1_top2,200,-200.0,-2600.0
2026-05-05,3520260501050008,2,0.0,0,high_odds_v1_top2,200,-200.0,-2800.0
2026-05-05,3520260501050009,2,0.0,0,high_odds_v1_top2,200,-200.0,-3000.0
2026-05-05,3520260501050010,2,0.0,0,high_odds_v1_top2,200,-200.0,-3200.0
2026-05-05,3520260501050011,2,0.0,0,high_odds_v1_top2,200,-200.0,-3400.0
2026-05-06,3520260501060001,2,0.0,0,high_odds_v1_top2,200,-200.0,-3600.0
2026-05-06,3520260501060002,2,0.0,0,high_odds_v1_top2,200,-200.0,-3800.0
2026-05-06,3520260501060003,2,0.0,0,high_odds_v1_top2,200,-200.0,-4000.0
2026-05-06,3520260501060004,2,0.0,0,high_odds_v1_top2,200,-200.0,-4200.0
2026-05-06,3520260501060005,2,10220.0,1,high_odds_v1_top2,200,10020.0,5820.0
2026-05-06,3520260501060006,2,13230.0,1,high_odds_v1_top2,200,13030.0,18850.0
2026-05-06,3520260501060007,2,0.0,0,high_odds_v1_top2,200,-200.0,18650.0
2026-05-06,3520260501060008,2,0.0,0,high_odds_v1_top2,200,-200.0,18450.0
2026-05-06,3520260501060009,2,0.0,0,high_odds_v1_top2,200,-200.0,18250.0
2026-05-06,3520260501060010,2,0.0,0,high_odds_v1_top2,200,-200.0,18050.0
2026-05-06,3520260501060011,2,0.0,0,high_odds_v1_top2,200,-200.0,17850.0
2026-05-09,4720260509010004,2,0.0,0,high_odds_v1_top2,200,-200.0,17650.0
2026-05-09,4720260509010005,2,0.0,0,high_odds_v1_top2,200,-200.0,17450.0
2026-05-09,4720260509010006,2,0.0,0,high_odds_v1_top2,200,-200.0,17250.0
2026-05-09,4720260509010007,2,0.0,0,high_odds_v1_top2,200,-200.0,17050.0
2026-05-09,4720260509010008,2,0.0,0,high_odds_v1_top2,200,-200.0,16850.0
2026-05-09,4720260509010009,2,0.0,0,high_odds_v1_top2,200,-200.0,16650.0
2026-05-09,4720260509010010,2,0.0,0,high_odds_v1_top2,200,-200.0,16450.0
2026-05-09,4720260509010011,2,0.0,0,high_odds_v1_top2,200,-200.0,16250.0
2026-05-09,4720260509010012,2,0.0,0,high_odds_v1_top2,200,-200.0,16050.0
2026-05-09,5320260507030004,2,0.0,0,high_odds_v1_top2,200,-200.0,15850.0
2026-05-09,5320260507030005,2,0.0,0,high_odds_v1_top2,200,-200.0,15650.0
2026-05-10,4720260509020004,2,0.0,0,high_odds_v1_top2,200,-200.0,15450.0
2026-05-10,4720260509020005,2,0.0,0,high_odds_v1_top2,200,-200.0,15250.0
2026-05-10,4720260509020007,2,0.0,0,high_odds_v1_top2,200,-200.0,15050.0
2026-05-10,4720260509020008,2,0.0,0,high_odds_v1_top2,200,-200.0,14850.0
2026-05-10,4720260509020009,2,0.0,0,high_odds_v1_top2,200,-200.0,14650.0
2026-05-10,4720260509020010,2,0.0,0,high_odds_v1_top2,200,-200.0,14450.0
2026-05-10,4720260509020011,2,0.0,0,high_odds_v1_top2,200,-200.0,14250.0
2026-05-10,4720260509020012,2,0.0,0,high_odds_v1_top2,200,-200.0,14050.0
2026-05-11,4720260509030004,2,0.0,0,high_odds_v1_top2,200,-200.0,13850.0
2026-05-11,4720260509030005,2,0.0,0,high_odds_v1_top2,200,-200.0,13650.0
2026-05-11,4720260509030006,2,0.0,0,high_odds_v1_top2,200,-200.0,13450.0
2026-05-11,4720260509030007,2,0.0,0,high_odds_v1_top2,200,-200.0,13250.0
2026-05-11,4720260509030008,2,0.0,0,high_odds_v1_top2,200,-200.0,13050.0
2026-05-11,4720260509030009,2,0.0,0,high_odds_v1_top2,200,-200.0,12850.0
2026-05-11,4720260509030010,2,0.0,0,high_odds_v1_top2,200,-200.0,12650.0
2026-05-11,4720260509030011,2,0.0,0,high_odds_v1_top2,200,-200.0,12450.0
2026-05-11,4720260509030012,2,0.0,0,high_odds_v1_top2,200,-200.0,12250.0
2026-05-12,4720260509040004,2,0.0,0,high_odds_v1_top2,200,-200.0,12050.0
2026-05-12,4720260509040006,2,0.0,0,high_odds_v1_top2,200,-200.0,11850.0
2026-05-12,4720260509040007,2,0.0,0,high_odds_v1_top2,200,-200.0,11650.0
2026-05-12,4720260509040008,2,0.0,0,high_odds_v1_top2,200,-200.0,11450.0
2026-05-12,4720260509040009,2,0.0,0,high_odds_v1_top2,200,-200.0,11250.0
2026-05-12,4720260509040010,2,0.0,0,high_odds_v1_top2,200,-200.0,11050.0
2026-05-12,4720260509040012,2,0.0,0,high_odds_v1_top2,200,-200.0,10850.0
2026-05-14,1120260514010001,2,0.0,0,high_odds_v1_top2,200,-200.0,10650.0
2026-05-14,1120260514010003,2,0.0,0,high_odds_v1_top2,200,-200.0,10450.0
2026-05-14,1120260514010004,2,0.0,0,high_odds_v1_top2,200,-200.0,10250.0
2026-05-14,1120260514010006,2,0.0,0,high_odds_v1_top2,200,-200.0,10050.0
2026-05-14,1120260514010007,2,0.0,0,high_odds_v1_top2,200,-200.0,9850.0
2026-05-14,1120260514010009,2,0.0,0,high_odds_v1_top2,200,-200.0,9650.0
2026-05-14,1120260514010010,2,0.0,0,high_odds_v1_top2,200,-200.0,9450.0
2026-05-14,1120260514010011,2,0.0,0,high_odds_v1_top2,200,-200.0,9250.0
2026-05-14,1120260514010012,2,10010.0,1,high_odds_v1_top2,200,9810.0,19060.0
2026-05-15,1120260514020001,2,0.0,0,high_odds_v1_top2,200,-200.0,18860.0
2026-05-15,1120260514020003,2,0.0,0,high_odds_v1_top2,200,-200.0,18660.0
2026-05-15,1120260514020004,2,0.0,0,high_odds_v1_top2,200,-200.0,18460.0
2026-05-15,1120260514020005,2,0.0,0,high_odds_v1_top2,200,-200.0,18260.0
2026-05-15,1120260514020007,2,0.0,0,high_odds_v1_top2,200,-200.0,18060.0
2026-05-15,1120260514020008,2,10600.0,1,high_odds_v1_top2,200,10400.0,28460.0
2026-05-15,1120260514020011,2,0.0,0,high_odds_v1_top2,200,-200.0,28260.0
2026-05-15,1120260514020012,2,0.0,0,high_odds_v1_top2,200,-200.0,28060.0
2026-05-15,2420260515010008,2,0.0,0,high_odds_v1_top2,200,-200.0,27860.0
2026-05-15,2420260515010009,2,0.0,0,high_odds_v1_top2,200,-200.0,27660.0
2026-05-16,1120260514030001,2,0.0,0,high_odds_v1_top2,200,-200.0,27460.0
2026-05-16,1120260514030002,2,0.0,0,high_odds_v1_top2,200,-200.0,27260.0
2026-05-16,1120260514030003,2,0.0,0,high_odds_v1_top2,200,-200.0,27060.0
2026-05-16,1120260514030004,2,0.0,0,high_odds_v1_top2,200,-200.0,26860.0
2026-05-16,1120260514030005,2,0.0,0,high_odds_v1_top2,200,-200.0,26660.0
2026-05-16,1120260514030006,2,11940.0,1,high_odds_v1_top2,200,11740.0,38400.0
2026-05-16,1120260514030007,2,0.0,0,high_odds_v1_top2,200,-200.0,38200.0
2026-05-16,1120260514030008,2,0.0,0,high_odds_v1_top2,200,-200.0,38000.0
2026-05-16,1120260514030009,2,0.0,0,high_odds_v1_top2,200,-200.0,37800.0
2026-05-16,1120260514030011,2,0.0,0,high_odds_v1_top2,200,-200.0,37600.0
2026-05-16,1120260514030012,2,0.0,0,high_odds_v1_top2,200,-200.0,37400.0
2026-05-16,2420260515020011,2,0.0,0,high_odds_v1_top2,200,-200.0,37200.0
2026-05-16,5620260516010004,2,0.0,0,high_odds_v1_top2,200,-200.0,37000.0
2026-05-17,1120260514040003,2,0.0,0,high_odds_v1_top2,200,-200.0,36800.0
2026-05-17,1120260514040004,2,0.0,0,high_odds_v1_top2,200,-200.0,36600.0
2026-05-17,1120260514040005,2,0.0,0,high_odds_v1_top2,200,-200.0,36400.0
2026-05-17,1120260514040007,2,0.0,0,high_odds_v1_top2,200,-200.0,36200.0
2026-05-17,1120260514040009,2,0.0,0,high_odds_v1_top2,200,-200.0,36000.0
2026-05-17,1120260514040010,2,0.0,0,high_odds_v1_top2,200,-200.0,35800.0
2026-05-17,1120260514040011,2,0.0,0,high_odds_v1_top2,200,-200.0,35600.0
2026-05-17,1120260514040012,2,0.0,0,high_odds_v1_top2,200,-200.0,35400.0
2026-05-17,2420260515030006,2,0.0,0,high_odds_v1_top2,200,-200.0,35200.0
2026-05-17,2420260515030011,2,0.0,0,high_odds_v1_top2,200,-200.0,35000.0
2026-05-17,5620260516020004,2,0.0,0,high_odds_v1_top2,200,-200.0,34800.0
2026-05-22,3520260522010007,2,0.0,0,high_odds_v1_top2,200,-200.0,34600.0
2026-05-22,3520260522010009,2,0.0,0,high_odds_v1_top2,200,-200.0,34400.0
2026-05-22,3520260522010010,2,0.0,0,high_odds_v1_top2,200,-200.0,34200.0
2026-05-22,3520260522010011,2,0.0,0,high_odds_v1_top2,200,-200.0,34000.0
2026-05-22,5320260520030010,2,0.0,0,high_odds_v1_top2,200,-200.0,33800.0
2026-05-23,3520260522020008,2,0.0,0,high_odds_v1_top2,200,-200.0,33600.0
2026-05-23,3520260522020009,2,0.0,0,high_odds_v1_top2,200,-200.0,33400.0
2026-05-23,8420260523010001,2,10170.0,1,high_odds_v1_top2,200,9970.0,43370.0
2026-05-23,8420260523010002,2,0.0,0,high_odds_v1_top2,200,-200.0,43170.0
2026-05-23,8420260523010003,2,0.0,0,high_odds_v1_top2,200,-200.0,42970.0
2026-05-23,8420260523010004,2,0.0,0,high_odds_v1_top2,200,-200.0,42770.0
2026-05-23,8420260523010005,2,0.0,0,high_odds_v1_top2,200,-200.0,42570.0
2026-05-23,8420260523010006,2,0.0,0,high_odds_v1_top2,200,-200.0,42370.0
2026-05-23,8420260523010007,2,0.0,0,high_odds_v1_top2,200,-200.0,42170.0
2026-05-23,8420260523010008,2,0.0,0,high_odds_v1_top2,200,-200.0,41970.0
2026-05-23,8420260523010009,2,0.0,0,high_odds_v1_top2,200,-200.0,41770.0
2026-05-23,8420260523010010,2,0.0,0,high_odds_v1_top2,200,-200.0,41570.0
2026-05-23,8420260523010011,2,0.0,0,high_odds_v1_top2,200,-200.0,41370.0
2026-05-23,8420260523010012,2,0.0,0,high_odds_v1_top2,200,-200.0,41170.0
2026-05-24,2520260522030006,2,0.0,0,high_odds_v1_top2,200,-200.0,40970.0
2026-05-24,3520260522030004,2,0.0,0,high_odds_v1_top2,200,-200.0,40770.0
2026-05-24,3520260522030005,2,0.0,0,high_odds_v1_top2,200,-200.0,40570.0
2026-05-24,3520260522030007,2,0.0,0,high_odds_v1_top2,200,-200.0,40370.0
2026-05-24,4320260522030003,2,0.0,0,high_odds_v1_top2,200,-200.0,40170.0
2026-05-24,8420260523020001,2,0.0,0,high_odds_v1_top2,200,-200.0,39970.0
2026-05-24,8420260523020002,2,0.0,0,high_odds_v1_top2,200,-200.0,39770.0
2026-05-24,8420260523020003,2,0.0,0,high_odds_v1_top2,200,-200.0,39570.0
2026-05-24,8420260523020004,2,0.0,0,high_odds_v1_top2,200,-200.0,39370.0
2026-05-24,8420260523020005,2,0.0,0,high_odds_v1_top2,200,-200.0,39170.0
2026-05-24,8420260523020006,2,0.0,0,high_odds_v1_top2,200,-200.0,38970.0
2026-05-24,8420260523020007,2,0.0,0,high_odds_v1_top2,200,-200.0,38770.0
2026-05-24,8420260523020008,2,0.0,0,high_odds_v1_top2,200,-200.0,38570.0
2026-05-24,8420260523020009,2,0.0,0,high_odds_v1_top2,200,-200.0,38370.0
2026-05-24,8420260523020010,2,0.0,0,high_odds_v1_top2,200,-200.0,38170.0
2026-05-24,8420260523020011,2,0.0,0,high_odds_v1_top2,200,-200.0,37970.0
2026-05-24,8420260523020012,1,0.0,0,high_odds_v1_top2,100,-100.0,37870.0
2026-05-27,2220260526020007,2,0.0,0,high_odds_v1_top2,200,-200.0,37670.0
2026-05-27,7520260526020002,2,0.0,0,high_odds_v1_top2,200,-200.0,37470.0
2026-05-29,8720260529010010,2,0.0,0,high_odds_v1_top2,200,-200.0,37270.0
2026-05-30,2420260530010003,2,0.0,0,high_odds_v1_top2,200,-200.0,37070.0
2026-05-30,2420260530010004,2,0.0,0,high_odds_v1_top2,200,-200.0,36870.0
2026-05-30,2420260530010006,2,0.0,0,high_odds_v1_top2,200,-200.0,36670.0
2026-05-30,2420260530010007,2,0.0,0,high_odds_v1_top2,200,-200.0,36470.0
2026-05-30,2420260530010009,2,0.0,0,high_odds_v1_top2,200,-200.0,36270.0
2026-05-30,2420260530010010,2,0.0,0,high_odds_v1_top2,200,-200.0,36070.0
2026-05-30,2420260530010011,2,0.0,0,high_odds_v1_top2,200,-200.0,35870.0
2026-05-30,2420260530010012,2,0.0,0,high_odds_v1_top2,200,-200.0,35670.0
2026-05-30,8120260528030002,2,0.0,0,high_odds_v1_top2,200,-200.0,35470.0
2026-05-31,2420260530020001,2,0.0,0,high_odds_v1_top2,200,-200.0,35270.0
2026-05-31,2420260530020003,2,0.0,0,high_odds_v1_top2,200,-200.0,35070.0
2026-05-31,2420260530020005,2,0.0,0,high_odds_v1_top2,200,-200.0,34870.0
2026-05-31,8720260529030011,2,0.0,0,high_odds_v1_top2,200,-200.0,34670.0
2026-06-01,2420260530030004,2,0.0,0,high_odds_v1_top2,200,-200.0,34470.0
2026-06-01,2420260530030005,2,0.0,0,high_odds_v1_top2,200,-200.0,34270.0
2026-06-01,2420260530030006,2,0.0,0,high_odds_v1_top2,200,-200.0,34070.0
2026-06-01,2420260530030007,2,0.0,0,high_odds_v1_top2,200,-200.0,33870.0
2026-06-01,2420260530030008,2,0.0,0,high_odds_v1_top2,200,-200.0,33670.0
2026-06-01,2420260530030010,2,0.0,0,high_odds_v1_top2,200,-200.0,33470.0
2026-06-02,2420260530040005,2,0.0,0,high_odds_v1_top2,200,-200.0,33270.0
2026-06-02,2420260530040006,2,0.0,0,high_odds_v1_top2,200,-200.0,33070.0
2026-06-02,2420260530040007,2,0.0,0,high_odds_v1_top2,200,-200.0,32870.0
2026-06-02,2420260530040009,2,0.0,0,high_odds_v1_top2,200,-200.0,32670.0
2026-06-02,2420260530040010,2,0.0,0,high_odds_v1_top2,200,-200.0,32470.0
2026-06-02,2420260530040011,2,0.0,0,high_odds_v1_top2,200,-200.0,32270.0
2026-06-02,2420260530040012,2,0.0,0,high_odds_v1_top2,200,-200.0,32070.0
2026-06-04,4520260603020001,2,0.0,0,high_odds_v1_top2,200,-200.0,31870.0
2026-06-04,8320260604010001,2,0.0,0,high_odds_v1_top2,200,-200.0,31670.0
2026-06-04,8320260604010002,2,0.0,0,high_odds_v1_top2,200,-200.0,31470.0
2026-06-04,8320260604010003,2,0.0,0,high_odds_v1_top2,200,-200.0,31270.0
2026-06-04,8320260604010005,2,0.0,0,high_odds_v1_top2,200,-200.0,31070.0
2026-06-04,8320260604010006,2,0.0,0,high_odds_v1_top2,200,-200.0,30870.0
2026-06-04,8320260604010008,2,0.0,0,high_odds_v1_top2,200,-200.0,30670.0
2026-06-04,8320260604010009,1,0.0,0,high_odds_v1_top2,100,-100.0,30570.0
2026-06-04,8320260604010012,2,0.0,0,high_odds_v1_top2,200,-200.0,30370.0
2026-06-05,8320260604020001,2,0.0,0,high_odds_v1_top2,200,-200.0,30170.0
2026-06-05,8320260604020002,2,0.0,0,high_odds_v1_top2,200,-200.0,29970.0
2026-06-05,8320260604020003,2,0.0,0,high_odds_v1_top2,200,-200.0,29770.0
2026-06-05,8320260604020004,2,0.0,0,high_odds_v1_top2,200,-200.0,29570.0
2026-06-05,8320260604020005,2,0.0,0,high_odds_v1_top2,200,-200.0,29370.0
2026-06-05,8320260604020010,2,0.0,0,high_odds_v1_top2,200,-200.0,29170.0
2026-06-05,8320260604020011,2,0.0,0,high_odds_v1_top2,200,-200.0,28970.0
2026-06-06,5320260606010006,1,0.0,0,high_odds_v1_top2,100,-100.0,28870.0
2026-06-06,8320260604030003,2,0.0,0,high_odds_v1_top2,200,-200.0,28670.0
2026-06-06,8320260604030004,2,0.0,0,high_odds_v1_top2,200,-200.0,28470.0
2026-06-06,8320260604030005,2,0.0,0,high_odds_v1_top2,200,-200.0,28270.0
2026-06-06,8320260604030006,2,0.0,0,high_odds_v1_top2,200,-200.0,28070.0
2026-06-06,8320260604030007,2,0.0,0,high_odds_v1_top2,200,-200.0,27870.0
2026-06-06,8320260604030008,2,0.0,0,high_odds_v1_top2,200,-200.0,27670.0
2026-06-06,8320260604030009,2,0.0,0,high_odds_v1_top2,200,-200.0,27470.0
2026-06-06,8320260604030011,2,0.0,0,high_odds_v1_top2,200,-200.0,27270.0
2026-06-06,8320260604030012,2,0.0,0,high_odds_v1_top2,200,-200.0,27070.0
2026-06-07,5320260606020006,2,0.0,0,high_odds_v1_top2,200,-200.0,26870.0
2026-06-07,8320260604040001,2,0.0,0,high_odds_v1_top2,200,-200.0,26670.0
2026-06-07,8320260604040002,2,0.0,0,high_odds_v1_top2,200,-200.0,26470.0
2026-06-07,8320260604040003,2,0.0,0,high_odds_v1_top2,200,-200.0,26270.0
2026-06-07,8320260604040004,2,0.0,0,high_odds_v1_top2,200,-200.0,26070.0
2026-06-07,8320260604040005,2,0.0,0,high_odds_v1_top2,200,-200.0,25870.0
2026-06-07,8320260604040006,2,0.0,0,high_odds_v1_top2,200,-200.0,25670.0
2026-06-07,8320260604040007,2,0.0,0,high_odds_v1_top2,200,-200.0,25470.0
2026-06-07,8320260604040008,2,0.0,0,high_odds_v1_top2,200,-200.0,25270.0
2026-06-07,8320260604040010,2,0.0,0,high_odds_v1_top2,200,-200.0,25070.0
2026-06-07,8320260604040012,2,0.0,0,high_odds_v1_top2,200,-200.0,24870.0
2026-06-11,4320260611010001,2,0.0,0,high_odds_v1_top2,200,-200.0,24670.0
2026-06-11,4320260611010002,2,0.0,0,high_odds_v1_top2,200,-200.0,24470.0
2026-06-11,4320260611010003,2,0.0,0,high_odds_v1_top2,200,-200.0,24270.0
2026-06-11,4320260611010004,2,0.0,0,high_odds_v1_top2,200,-200.0,24070.0
2026-06-11,4320260611010005,2,0.0,0,high_odds_v1_top2,200,-200.0,23870.0
2026-06-11,4320260611010006,2,0.0,0,high_odds_v1_top2,200,-200.0,23670.0
2026-06-11,4320260611010007,2,0.0,0,high_odds_v1_top2,200,-200.0,23470.0
2026-06-11,4320260611010008,2,0.0,0,high_odds_v1_top2,200,-200.0,23270.0
2026-06-11,4320260611010010,2,0.0,0,high_odds_v1_top2,200,-200.0,23070.0
2026-06-11,4320260611010012,2,0.0,0,high_odds_v1_top2,200,-200.0,22870.0
2026-06-11,6120260611010004,2,0.0,0,high_odds_v1_top2,200,-200.0,22670.0
2026-06-11,6120260611010005,2,0.0,0,high_odds_v1_top2,200,-200.0,22470.0
2026-06-11,6120260611010007,2,0.0,0,high_odds_v1_top2,200,-200.0,22270.0
2026-06-11,6120260611010009,2,0.0,0,high_odds_v1_top2,200,-200.0,22070.0
2026-06-11,6120260611010010,2,17630.0,1,high_odds_v1_top2,200,17430.0,39500.0
2026-06-11,6120260611010011,2,0.0,0,high_odds_v1_top2,200,-200.0,39300.0
2026-06-11,6120260611010012,2,0.0,0,high_odds_v1_top2,200,-200.0,39100.0
2026-06-12,4320260611020003,2,0.0,0,high_odds_v1_top2,200,-200.0,38900.0
2026-06-12,4320260611020006,2,0.0,0,high_odds_v1_top2,200,-200.0,38700.0
2026-06-12,4320260611020007,2,0.0,0,high_odds_v1_top2,200,-200.0,38500.0
2026-06-12,4320260611020008,2,0.0,0,high_odds_v1_top2,200,-200.0,38300.0
2026-06-12,4320260611020010,2,0.0,0,high_odds_v1_top2,200,-200.0,38100.0
2026-06-12,4320260611020011,2,0.0,0,high_odds_v1_top2,200,-200.0,37900.0
2026-06-12,4320260611020012,2,0.0,0,high_odds_v1_top2,200,-200.0,37700.0
2026-06-12,6120260611020004,2,0.0,0,high_odds_v1_top2,200,-200.0,37500.0
2026-06-12,6120260611020005,2,0.0,0,high_odds_v1_top2,200,-200.0,37300.0
2026-06-12,6120260611020006,2,0.0,0,high_odds_v1_top2,200,-200.0,37100.0
2026-06-12,6120260611020007,2,0.0,0,high_odds_v1_top2,200,-200.0,36900.0
2026-06-12,6120260611020008,2,0.0,0,high_odds_v1_top2,200,-200.0,36700.0
2026-06-12,6120260611020009,2,0.0,0,high_odds_v1_top2,200,-200.0,36500.0
2026-06-12,6120260611020010,2,0.0,0,high_odds_v1_top2,200,-200.0,36300.0
2026-06-12,6120260611020011,2,0.0,0,high_odds_v1_top2,200,-200.0,36100.0
2026-06-12,6120260611020012,2,0.0,0,high_odds_v1_top2,200,-200.0,35900.0
2026-06-13,4320260611030004,2,0.0,0,high_odds_v1_top2,200,-200.0,35700.0
2026-06-13,4320260611030006,2,0.0,0,high_odds_v1_top2,200,-200.0,35500.0
2026-06-13,4320260611030007,2,0.0,0,high_odds_v1_top2,200,-200.0,35300.0
2026-06-13,4320260611030008,2,0.0,0,high_odds_v1_top2,200,-200.0,35100.0
2026-06-13,4320260611030009,2,0.0,0,high_odds_v1_top2,200,-200.0,34900.0
2026-06-13,4320260611030010,2,0.0,0,high_odds_v1_top2,200,-200.0,34700.0
2026-06-13,4320260611030011,2,0.0,0,high_odds_v1_top2,200,-200.0,34500.0
2026-06-13,4320260611030012,2,0.0,0,high_odds_v1_top2,200,-200.0,34300.0
2026-06-13,6120260611030004,2,0.0,0,high_odds_v1_top2,200,-200.0,34100.0
2026-06-13,6120260611030005,2,11500.0,1,high_odds_v1_top2,200,11300.0,45400.0
2026-06-13,6120260611030007,2,0.0,0,high_odds_v1_top2,200,-200.0,45200.0
2026-06-13,6120260611030008,2,0.0,0,high_odds_v1_top2,200,-200.0,45000.0
2026-06-13,6120260611030009,2,0.0,0,high_odds_v1_top2,200,-200.0,44800.0
2026-06-13,6120260611030010,2,0.0,0,high_odds_v1_top2,200,-200.0,44600.0
2026-06-13,6120260611030011,2,0.0,0,high_odds_v1_top2,200,-200.0,44400.0
2026-06-13,6120260611030012,2,0.0,0,high_odds_v1_top2,200,-200.0,44200.0
2026-06-14,2120260612030002,2,0.0,0,high_odds_v1_top2,200,-200.0,44000.0
2026-06-14,4320260611040004,2,0.0,0,high_odds_v1_top2,200,-200.0,43800.0
2026-06-14,4320260611040005,2,0.0,0,high_odds_v1_top2,200,-200.0,43600.0
2026-06-14,4320260611040006,2,0.0,0,high_odds_v1_top2,200,-200.0,43400.0
2026-06-14,4320260611040007,2,0.0,0,high_odds_v1_top2,200,-200.0,43200.0
2026-06-14,4320260611040008,2,0.0,0,high_odds_v1_top2,200,-200.0,43000.0
2026-06-14,4320260611040009,2,0.0,0,high_odds_v1_top2,200,-200.0,42800.0
2026-06-14,4320260611040010,2,0.0,0,high_odds_v1_top2,200,-200.0,42600.0
2026-06-14,4320260611040011,2,0.0,0,high_odds_v1_top2,200,-200.0,42400.0
2026-06-14,4320260611040012,2,0.0,0,high_odds_v1_top2,200,-200.0,42200.0
2026-06-14,6120260611040003,2,0.0,0,high_odds_v1_top2,200,-200.0,42000.0
2026-06-14,6120260611040005,2,0.0,0,high_odds_v1_top2,200,-200.0,41800.0
2026-06-14,6120260611040006,2,0.0,0,high_odds_v1_top2,200,-200.0,41600.0
2026-06-14,6120260611040007,2,0.0,0,high_odds_v1_top2,200,-200.0,41400.0
2026-06-14,6120260611040009,2,0.0,0,high_odds_v1_top2,200,-200.0,41200.0
2026-06-14,6120260611040010,2,0.0,0,high_odds_v1_top2,200,-200.0,41000.0
2026-06-14,6120260611040011,2,0.0,0,high_odds_v1_top2,200,-200.0,40800.0
2026-06-14,6120260611040012,2,0.0,0,high_odds_v1_top2,200,-200.0,40600.0
2026-06-16,5620260616010001,2,0.0,0,high_odds_v1_top2,200,-200.0,40400.0
2026-06-16,5620260616010002,1,0.0,0,high_odds_v1_top2,100,-100.0,40300.0
2026-06-16,5620260616010003,2,0.0,0,high_odds_v1_top2,200,-200.0,40100.0
2026-06-16,5620260616010004,2,0.0,0,high_odds_v1_top2,200,-200.0,39900.0
2026-06-16,5620260616010005,2,15310.0,1,high_odds_v1_top2,200,15110.0,55010.0
2026-06-16,5620260616010006,2,0.0,0,high_odds_v1_top2,200,-200.0,54810.0
2026-06-16,5620260616010008,2,0.0,0,high_odds_v1_top2,200,-200.0,54610.0
2026-06-16,5620260616010009,2,0.0,0,high_odds_v1_top2,200,-200.0,54410.0
2026-06-16,5620260616010010,2,0.0,0,high_odds_v1_top2,200,-200.0,54210.0
2026-06-16,5620260616010011,2,0.0,0,high_odds_v1_top2,200,-200.0,54010.0
2026-06-16,5620260616010012,2,0.0,0,high_odds_v1_top2,200,-200.0,53810.0
2026-06-17,5620260616020001,2,0.0,0,high_odds_v1_top2,200,-200.0,53610.0
2026-06-17,5620260616020002,2,0.0,0,high_odds_v1_top2,200,-200.0,53410.0
2026-06-17,5620260616020003,2,0.0,0,high_odds_v1_top2,200,-200.0,53210.0
2026-06-17,5620260616020004,2,0.0,0,high_odds_v1_top2,200,-200.0,53010.0
2026-06-17,5620260616020005,2,0.0,0,high_odds_v1_top2,200,-200.0,52810.0
2026-06-17,5620260616020006,2,0.0,0,high_odds_v1_top2,200,-200.0,52610.0
2026-06-17,5620260616020007,2,0.0,0,high_odds_v1_top2,200,-200.0,52410.0
2026-06-17,5620260616020008,2,0.0,0,high_odds_v1_top2,200,-200.0,52210.0
2026-06-17,5620260616020009,2,0.0,0,high_odds_v1_top2,200,-200.0,52010.0
2026-06-17,5620260616020010,2,0.0,0,high_odds_v1_top2,200,-200.0,51810.0
2026-06-17,5620260616020012,2,0.0,0,high_odds_v1_top2,200,-200.0,51610.0
2026-06-18,5620260616030001,2,0.0,0,high_odds_v1_top2,200,-200.0,51410.0
2026-06-18,5620260616030002,2,0.0,0,high_odds_v1_top2,200,-200.0,51210.0
2026-06-18,5620260616030003,2,0.0,0,high_odds_v1_top2,200,-200.0,51010.0
2026-06-18,5620260616030004,2,0.0,0,high_odds_v1_top2,200,-200.0,50810.0
2026-06-18,5620260616030005,2,0.0,0,high_odds_v1_top2,200,-200.0,50610.0
2026-06-18,5620260616030006,2,0.0,0,high_odds_v1_top2,200,-200.0,50410.0
2026-06-18,5620260616030007,2,0.0,0,high_odds_v1_top2,200,-200.0,50210.0
2026-06-18,5620260616030008,2,0.0,0,high_odds_v1_top2,200,-200.0,50010.0
2026-06-18,5620260616030009,2,0.0,0,high_odds_v1_top2,200,-200.0,49810.0
2026-06-18,5620260616030010,2,0.0,0,high_odds_v1_top2,200,-200.0,49610.0
2026-06-18,5620260616030011,2,0.0,0,high_odds_v1_top2,200,-200.0,49410.0
2026-06-19,5620260616040001,2,0.0,0,high_odds_v1_top2,200,-200.0,49210.0
2026-06-19,5620260616040002,2,0.0,0,high_odds_v1_top2,200,-200.0,49010.0
2026-06-19,5620260616040003,2,0.0,0,high_odds_v1_top2,200,-200.0,48810.0
2026-06-19,5620260616040004,2,0.0,0,high_odds_v1_top2,200,-200.0,48610.0
2026-06-19,5620260616040005,2,0.0,0,high_odds_v1_top2,200,-200.0,48410.0
2026-06-19,5620260616040006,2,0.0,0,high_odds_v1_top2,200,-200.0,48210.0
2026-06-19,5620260616040007,2,0.0,0,high_odds_v1_top2,200,-200.0,48010.0
2026-06-19,5620260616040008,2,0.0,0,high_odds_v1_top2,200,-200.0,47810.0
2026-06-19,5620260616040009,2,0.0,0,high_odds_v1_top2,200,-200.0,47610.0
2026-06-19,5620260616040010,2,0.0,0,high_odds_v1_top2,200,-200.0,47410.0
2026-06-19,5620260616040011,2,0.0,0,high_odds_v1_top2,200,-200.0,47210.0
2026-06-19,5620260616040012,2,0.0,0,high_odds_v1_top2,200,-200.0,47010.0
2026-06-20,5620260616050001,2,0.0,0,high_odds_v1_top2,200,-200.0,46810.0
2026-06-20,5620260616050002,2,0.0,0,high_odds_v1_top2,200,-200.0,46610.0
2026-06-20,5620260616050003,2,0.0,0,high_odds_v1_top2,200,-200.0,46410.0
2026-06-20,5620260616050004,2,0.0,0,high_odds_v1_top2,200,-200.0,46210.0
2026-06-20,5620260616050005,2,0.0,0,high_odds_v1_top2,200,-200.0,46010.0
2026-06-20,5620260616050006,2,0.0,0,high_odds_v1_top2,200,-200.0,45810.0
2026-06-20,5620260616050007,2,0.0,0,high_odds_v1_top2,200,-200.0,45610.0
2026-06-20,5620260616050008,2,0.0,0,high_odds_v1_top2,200,-200.0,45410.0
2026-06-20,5620260616050009,2,0.0,0,high_odds_v1_top2,200,-200.0,45210.0
2026-06-20,5620260616050010,2,0.0,0,high_odds_v1_top2,200,-200.0,45010.0
2026-06-20,5620260616050011,2,0.0,0,high_odds_v1_top2,200,-200.0,44810.0
2026-06-20,5620260616050012,2,0.0,0,high_odds_v1_top2,200,-200.0,44610.0
2026-06-21,5620260616060001,2,0.0,0,high_odds_v1_top2,200,-200.0,44410.0
2026-06-21,5620260616060002,2,0.0,0,high_odds_v1_top2,200,-200.0,44210.0
2026-06-21,5620260616060003,2,0.0,0,high_odds_v1_top2,200,-200.0,44010.0
2026-06-21,5620260616060004,2,0.0,0,high_odds_v1_top2,200,-200.0,43810.0
2026-06-21,5620260616060005,2,0.0,0,high_odds_v1_top2,200,-200.0,43610.0
2026-06-21,5620260616060006,2,0.0,0,high_odds_v1_top2,200,-200.0,43410.0
2026-06-21,5620260616060007,2,0.0,0,high_odds_v1_top2,200,-200.0,43210.0
2026-06-21,5620260616060008,2,0.0,0,high_odds_v1_top2,200,-200.0,43010.0
2026-06-21,5620260616060009,2,0.0,0,high_odds_v1_top2,200,-200.0,42810.0
2026-06-21,5620260616060010,2,0.0,0,high_odds_v1_top2,200,-200.0,42610.0
2026-06-21,5620260616060011,2,0.0,0,high_odds_v1_top2,200,-200.0,42410.0
2026-06-21,5620260616060012,2,0.0,0,high_odds_v1_top2,200,-200.0,42210.0
2026-06-23,2420260621030001,2,0.0,0,high_odds_v1_top2,200,-200.0,42010.0
2026-06-23,8420260621030008,2,0.0,0,high_odds_v1_top2,200,-200.0,41810.0
2026-01-01,8320251230030008,5,0.0,0,high_odds_v1_top5,500,-500.0,-500.0
2026-01-04,1320260103020002,5,0.0,0,high_odds_v1_top5,500,-500.0,-1000.0
2026-01-04,2820260104010001,5,0.0,0,high_odds_v1_top5,500,-500.0,-1500.0
2026-01-04,2820260104010003,5,0.0,0,high_odds_v1_top5,500,-500.0,-2000.0
2026-01-04,2820260104010005,5,0.0,0,high_odds_v1_top5,500,-500.0,-2500.0
2026-01-04,2820260104010006,5,0.0,0,high_odds_v1_top5,500,-500.0,-3000.0
2026-01-04,2820260104010008,3,0.0,0,high_odds_v1_top5,300,-300.0,-3300.0
2026-01-04,2820260104010009,5,0.0,0,high_odds_v1_top5,500,-500.0,-3800.0
2026-01-04,2820260104010012,5,0.0,0,high_odds_v1_top5,500,-500.0,-4300.0
2026-01-05,2820260104020001,5,18720.0,1,high_odds_v1_top5,500,18220.0,13920.0
2026-01-05,2820260104020009,5,0.0,0,high_odds_v1_top5,500,-500.0,13420.0
2026-01-06,2820260104030001,5,0.0,0,high_odds_v1_top5,500,-500.0,12920.0
2026-01-06,2820260104030002,5,0.0,0,high_odds_v1_top5,500,-500.0,12420.0
2026-01-06,2820260104030004,5,0.0,0,high_odds_v1_top5,500,-500.0,11920.0
2026-01-06,2820260104030005,5,0.0,0,high_odds_v1_top5,500,-500.0,11420.0
2026-01-06,2820260104030006,5,0.0,0,high_odds_v1_top5,500,-500.0,10920.0
2026-01-06,2820260104030007,5,0.0,0,high_odds_v1_top5,500,-500.0,10420.0
2026-01-06,2820260104030008,5,0.0,0,high_odds_v1_top5,500,-500.0,9920.0
2026-01-06,2820260104030009,5,0.0,0,high_odds_v1_top5,500,-500.0,9420.0
2026-01-06,2820260104030011,5,0.0,0,high_odds_v1_top5,500,-500.0,8920.0
2026-01-06,2820260104030012,5,0.0,0,high_odds_v1_top5,500,-500.0,8420.0
2026-01-07,2820260104040002,5,0.0,0,high_odds_v1_top5,500,-500.0,7920.0
2026-01-07,2820260104040003,5,0.0,0,high_odds_v1_top5,500,-500.0,7420.0
2026-01-07,2820260104040004,5,0.0,0,high_odds_v1_top5,500,-500.0,6920.0
2026-01-07,2820260104040005,5,0.0,0,high_odds_v1_top5,500,-500.0,6420.0
2026-01-07,2820260104040006,5,0.0,0,high_odds_v1_top5,500,-500.0,5920.0
2026-01-07,2820260104040007,5,0.0,0,high_odds_v1_top5,500,-500.0,5420.0
2026-01-07,2820260104040008,5,0.0,0,high_odds_v1_top5,500,-500.0,4920.0
2026-01-07,2820260104040010,5,0.0,0,high_odds_v1_top5,500,-500.0,4420.0
2026-01-07,2820260104040011,5,0.0,0,high_odds_v1_top5,500,-500.0,3920.0
2026-01-07,2820260104040012,5,0.0,0,high_odds_v1_top5,500,-500.0,3420.0
2026-01-08,8320260106030001,5,0.0,0,high_odds_v1_top5,500,-500.0,2920.0
2026-01-09,5520260109010001,5,0.0,0,high_odds_v1_top5,500,-500.0,2420.0
2026-01-09,5520260109010002,5,0.0,0,high_odds_v1_top5,500,-500.0,1920.0
2026-01-09,5520260109010003,5,0.0,0,high_odds_v1_top5,500,-500.0,1420.0
2026-01-09,5520260109010004,5,0.0,0,high_odds_v1_top5,500,-500.0,920.0
2026-01-09,5520260109010005,5,0.0,0,high_odds_v1_top5,500,-500.0,420.0
2026-01-09,5520260109010006,5,0.0,0,high_odds_v1_top5,500,-500.0,-80.0
2026-01-09,5520260109010007,5,0.0,0,high_odds_v1_top5,500,-500.0,-580.0
2026-01-09,5520260109010008,5,0.0,0,high_odds_v1_top5,500,-500.0,-1080.0
2026-01-09,5520260109010009,5,0.0,0,high_odds_v1_top5,500,-500.0,-1580.0
2026-01-10,5520260109020001,5,0.0,0,high_odds_v1_top5,500,-500.0,-2080.0
2026-01-10,5520260109020002,5,0.0,0,high_odds_v1_top5,500,-500.0,-2580.0
2026-01-10,5520260109020003,5,0.0,0,high_odds_v1_top5,500,-500.0,-3080.0
2026-01-10,5520260109020005,5,0.0,0,high_odds_v1_top5,500,-500.0,-3580.0
2026-01-10,5520260109020006,5,0.0,0,high_odds_v1_top5,500,-500.0,-4080.0
2026-01-10,5520260109020007,5,0.0,0,high_odds_v1_top5,500,-500.0,-4580.0
2026-01-11,5520260109030001,5,0.0,0,high_odds_v1_top5,500,-500.0,-5080.0
2026-01-11,5520260109030004,5,0.0,0,high_odds_v1_top5,500,-500.0,-5580.0
2026-01-11,5520260109030005,5,0.0,0,high_odds_v1_top5,500,-500.0,-6080.0
2026-01-11,5520260109030006,5,0.0,0,high_odds_v1_top5,500,-500.0,-6580.0
2026-01-11,5520260109030007,5,0.0,0,high_odds_v1_top5,500,-500.0,-7080.0
2026-01-11,5520260109030009,4,0.0,0,high_odds_v1_top5,400,-400.0,-7480.0
2026-01-11,5520260109030012,2,0.0,0,high_odds_v1_top5,200,-200.0,-7680.0
2026-01-12,5520260109040004,5,0.0,0,high_odds_v1_top5,500,-500.0,-8180.0
2026-01-12,5520260109040005,5,0.0,0,high_odds_v1_top5,500,-500.0,-8680.0
2026-01-12,5520260109040006,5,0.0,0,high_odds_v1_top5,500,-500.0,-9180.0
2026-01-12,5520260109040007,5,0.0,0,high_odds_v1_top5,500,-500.0,-9680.0
2026-01-12,5520260109040010,5,0.0,0,high_odds_v1_top5,500,-500.0,-10180.0
2026-01-12,5520260109040012,1,0.0,0,high_odds_v1_top5,100,-100.0,-10280.0
2026-01-15,2520260115010001,5,0.0,0,high_odds_v1_top5,500,-500.0,-10780.0
2026-01-15,2520260115010002,5,0.0,0,high_odds_v1_top5,500,-500.0,-11280.0
2026-01-15,2520260115010003,5,0.0,0,high_odds_v1_top5,500,-500.0,-11780.0
2026-01-15,2520260115010004,5,0.0,0,high_odds_v1_top5,500,-500.0,-12280.0
2026-01-15,2520260115010005,5,0.0,0,high_odds_v1_top5,500,-500.0,-12780.0
2026-01-15,2520260115010006,5,0.0,0,high_odds_v1_top5,500,-500.0,-13280.0
2026-01-15,2520260115010008,5,10660.0,1,high_odds_v1_top5,500,10160.0,-3120.0
2026-01-15,2520260115010012,5,0.0,0,high_odds_v1_top5,500,-500.0,-3620.0
2026-01-16,2520260115020001,5,0.0,0,high_odds_v1_top5,500,-500.0,-4120.0
2026-01-16,2520260115020003,5,0.0,0,high_odds_v1_top5,500,-500.0,-4620.0
2026-01-16,2520260115020004,5,0.0,0,high_odds_v1_top5,500,-500.0,-5120.0
2026-01-16,2520260115020005,5,0.0,0,high_odds_v1_top5,500,-500.0,-5620.0
2026-01-16,2520260115020009,5,0.0,0,high_odds_v1_top5,500,-500.0,-6120.0
2026-01-16,2520260115020010,5,0.0,0,high_odds_v1_top5,500,-500.0,-6620.0
2026-01-16,2520260115020012,2,0.0,0,high_odds_v1_top5,200,-200.0,-6820.0
2026-01-16,3520260114030006,5,0.0,0,high_odds_v1_top5,500,-500.0,-7320.0
2026-01-17,2520260115030001,5,0.0,0,high_odds_v1_top5,500,-500.0,-7820.0
2026-01-17,2520260115030003,5,0.0,0,high_odds_v1_top5,500,-500.0,-8320.0
2026-01-17,2520260115030004,5,0.0,0,high_odds_v1_top5,500,-500.0,-8820.0
2026-01-17,2520260115030005,5,0.0,0,high_odds_v1_top5,500,-500.0,-9320.0
2026-01-17,2520260115030007,5,0.0,0,high_odds_v1_top5,500,-500.0,-9820.0
2026-01-17,2520260115030008,5,0.0,0,high_odds_v1_top5,500,-500.0,-10320.0
2026-01-17,2520260115030009,5,0.0,0,high_odds_v1_top5,500,-500.0,-10820.0
2026-01-17,2520260115030010,5,0.0,0,high_odds_v1_top5,500,-500.0,-11320.0
2026-01-17,2520260115030011,5,0.0,0,high_odds_v1_top5,500,-500.0,-11820.0
2026-01-18,2520260115040001,5,0.0,0,high_odds_v1_top5,500,-500.0,-12320.0
2026-01-18,2520260115040004,5,0.0,0,high_odds_v1_top5,500,-500.0,-12820.0
2026-01-18,2520260115040005,5,0.0,0,high_odds_v1_top5,500,-500.0,-13320.0
2026-01-18,2520260115040006,5,0.0,0,high_odds_v1_top5,500,-500.0,-13820.0
2026-01-18,2520260115040007,5,0.0,0,high_odds_v1_top5,500,-500.0,-14320.0
2026-01-18,2520260115040009,5,0.0,0,high_odds_v1_top5,500,-500.0,-14820.0
2026-01-18,2520260115040010,5,17610.0,1,high_odds_v1_top5,500,17110.0,2290.0
2026-01-18,2520260115040011,5,0.0,0,high_odds_v1_top5,500,-500.0,1790.0
2026-01-21,2820260119030005,5,0.0,0,high_odds_v1_top5,500,-500.0,1290.0
2026-01-22,1320260122010001,5,0.0,0,high_odds_v1_top5,500,-500.0,790.0
2026-01-22,1320260122010002,5,0.0,0,high_odds_v1_top5,500,-500.0,290.0
2026-01-22,1320260122010003,5,20580.0,1,high_odds_v1_top5,500,20080.0,20370.0
2026-01-22,1320260122010004,5,0.0,0,high_odds_v1_top5,500,-500.0,19870.0
2026-01-22,1320260122010006,5,0.0,0,high_odds_v1_top5,500,-500.0,19370.0
2026-01-22,1320260122010008,5,0.0,0,high_odds_v1_top5,500,-500.0,18870.0
2026-01-22,1320260122010009,5,0.0,0,high_odds_v1_top5,500,-500.0,18370.0
2026-01-22,1320260122010011,5,0.0,0,high_odds_v1_top5,500,-500.0,17870.0
2026-01-22,1320260122010012,5,0.0,0,high_odds_v1_top5,500,-500.0,17370.0
2026-01-23,1320260122020003,5,0.0,0,high_odds_v1_top5,500,-500.0,16870.0
2026-01-23,1320260122020004,5,0.0,0,high_odds_v1_top5,500,-500.0,16370.0
2026-01-23,1320260122020005,5,0.0,0,high_odds_v1_top5,500,-500.0,15870.0
2026-01-23,1320260122020006,5,0.0,0,high_odds_v1_top5,500,-500.0,15370.0
2026-01-23,1320260122020007,5,0.0,0,high_odds_v1_top5,500,-500.0,14870.0
2026-01-23,1320260122020008,5,0.0,0,high_odds_v1_top5,500,-500.0,14370.0
2026-01-23,1320260122020009,5,0.0,0,high_odds_v1_top5,500,-500.0,13870.0
2026-01-24,1320260122030001,5,0.0,0,high_odds_v1_top5,500,-500.0,13370.0
2026-01-24,1320260122030004,5,0.0,0,high_odds_v1_top5,500,-500.0,12870.0
2026-01-24,1320260122030005,5,0.0,0,high_odds_v1_top5,500,-500.0,12370.0
2026-01-24,1320260122030006,5,0.0,0,high_odds_v1_top5,500,-500.0,11870.0
2026-01-24,1320260122030007,5,0.0,0,high_odds_v1_top5,500,-500.0,11370.0
2026-01-24,1320260122030008,5,0.0,0,high_odds_v1_top5,500,-500.0,10870.0
2026-01-24,1320260122030010,5,0.0,0,high_odds_v1_top5,500,-500.0,10370.0
2026-01-24,1320260122030011,5,0.0,0,high_odds_v1_top5,500,-500.0,9870.0
2026-01-25,1320260122040002,5,0.0,0,high_odds_v1_top5,500,-500.0,9370.0
2026-01-25,1320260122040004,5,0.0,0,high_odds_v1_top5,500,-500.0,8870.0
2026-01-25,1320260122040005,5,0.0,0,high_odds_v1_top5,500,-500.0,8370.0
2026-01-25,1320260122040006,5,0.0,0,high_odds_v1_top5,500,-500.0,7870.0
2026-01-25,1320260122040007,5,0.0,0,high_odds_v1_top5,500,-500.0,7370.0
2026-01-25,1320260122040008,5,0.0,0,high_odds_v1_top5,500,-500.0,6870.0
2026-01-25,1320260122040010,5,0.0,0,high_odds_v1_top5,500,-500.0,6370.0
2026-01-25,1320260122040011,5,0.0,0,high_odds_v1_top5,500,-500.0,5870.0
2026-01-25,1320260122040012,5,0.0,0,high_odds_v1_top5,500,-500.0,5370.0
2026-01-29,7320260129010001,5,0.0,0,high_odds_v1_top5,500,-500.0,4870.0
2026-01-29,7320260129010002,5,0.0,0,high_odds_v1_top5,500,-500.0,4370.0
2026-01-29,7320260129010007,5,0.0,0,high_odds_v1_top5,500,-500.0,3870.0
2026-01-29,7320260129010008,5,0.0,0,high_odds_v1_top5,500,-500.0,3370.0
2026-01-29,7320260129010009,5,0.0,0,high_odds_v1_top5,500,-500.0,2870.0
2026-01-29,7320260129010012,4,0.0,0,high_odds_v1_top5,400,-400.0,2470.0
2026-01-30,7320260129020002,5,0.0,0,high_odds_v1_top5,500,-500.0,1970.0
2026-01-30,7320260129020007,5,0.0,0,high_odds_v1_top5,500,-500.0,1470.0
2026-01-31,7320260129030005,5,0.0,0,high_odds_v1_top5,500,-500.0,970.0
2026-01-31,7320260129030006,5,0.0,0,high_odds_v1_top5,500,-500.0,470.0
2026-01-31,7320260129030008,5,0.0,0,high_odds_v1_top5,500,-500.0,-30.0
2026-01-31,7320260129030009,5,0.0,0,high_odds_v1_top5,500,-500.0,-530.0
2026-01-31,7320260129030010,5,0.0,0,high_odds_v1_top5,500,-500.0,-1030.0
2026-01-31,7320260129030011,5,0.0,0,high_odds_v1_top5,500,-500.0,-1530.0
2026-02-01,7320260129040004,5,0.0,0,high_odds_v1_top5,500,-500.0,-2030.0
2026-02-01,7320260129040007,5,0.0,0,high_odds_v1_top5,500,-500.0,-2530.0
2026-02-01,7320260129040008,5,0.0,0,high_odds_v1_top5,500,-500.0,-3030.0
2026-02-01,7320260129040012,5,0.0,0,high_odds_v1_top5,500,-500.0,-3530.0
2026-02-02,3820260131030003,5,0.0,0,high_odds_v1_top5,500,-500.0,-4030.0
2026-02-05,3120260204020009,5,0.0,0,high_odds_v1_top5,500,-500.0,-4530.0
2026-02-05,5320260205010001,2,0.0,0,high_odds_v1_top5,200,-200.0,-4730.0
2026-02-05,5320260205010002,5,0.0,0,high_odds_v1_top5,500,-500.0,-5230.0
2026-02-05,5320260205010003,5,0.0,0,high_odds_v1_top5,500,-500.0,-5730.0
2026-02-05,5320260205010004,5,0.0,0,high_odds_v1_top5,500,-500.0,-6230.0
2026-02-05,5320260205010005,5,16030.0,1,high_odds_v1_top5,500,15530.0,9300.0
2026-02-05,5320260205010006,3,0.0,0,high_odds_v1_top5,300,-300.0,9000.0
2026-02-05,5320260205010007,5,0.0,0,high_odds_v1_top5,500,-500.0,8500.0
2026-02-05,5320260205010008,2,0.0,0,high_odds_v1_top5,200,-200.0,8300.0
2026-02-05,5320260205010009,5,0.0,0,high_odds_v1_top5,500,-500.0,7800.0
2026-02-05,5320260205010010,3,0.0,0,high_odds_v1_top5,300,-300.0,7500.0
2026-02-05,5320260205010011,4,0.0,0,high_odds_v1_top5,400,-400.0,7100.0
2026-02-05,5320260205010012,5,0.0,0,high_odds_v1_top5,500,-500.0,6600.0
2026-02-06,5320260205020001,5,0.0,0,high_odds_v1_top5,500,-500.0,6100.0
2026-02-06,5320260205020002,5,0.0,0,high_odds_v1_top5,500,-500.0,5600.0
2026-02-06,5320260205020003,5,0.0,0,high_odds_v1_top5,500,-500.0,5100.0
2026-02-06,5320260205020004,5,0.0,0,high_odds_v1_top5,500,-500.0,4600.0
2026-02-06,5320260205020005,5,0.0,0,high_odds_v1_top5,500,-500.0,4100.0
2026-02-06,5320260205020006,5,0.0,0,high_odds_v1_top5,500,-500.0,3600.0
2026-02-06,5320260205020008,5,0.0,0,high_odds_v1_top5,500,-500.0,3100.0
2026-02-06,5320260205020009,5,0.0,0,high_odds_v1_top5,500,-500.0,2600.0
2026-02-06,5320260205020010,5,0.0,0,high_odds_v1_top5,500,-500.0,2100.0
2026-02-06,5320260205020011,5,0.0,0,high_odds_v1_top5,500,-500.0,1600.0
2026-02-07,5320260205030004,5,0.0,0,high_odds_v1_top5,500,-500.0,1100.0
2026-02-07,5320260205030005,5,0.0,0,high_odds_v1_top5,500,-500.0,600.0
2026-02-07,5320260205030007,5,0.0,0,high_odds_v1_top5,500,-500.0,100.0
2026-02-07,5320260205030008,5,0.0,0,high_odds_v1_top5,500,-500.0,-400.0
2026-02-07,5320260205030010,5,0.0,0,high_odds_v1_top5,500,-500.0,-900.0
2026-02-07,5320260205030011,5,0.0,0,high_odds_v1_top5,500,-500.0,-1400.0
2026-02-07,5320260205030012,5,0.0,0,high_odds_v1_top5,500,-500.0,-1900.0
2026-02-08,5320260205040004,5,0.0,0,high_odds_v1_top5,500,-500.0,-2400.0
2026-02-08,5320260205040005,5,0.0,0,high_odds_v1_top5,500,-500.0,-2900.0
2026-02-08,5320260205040006,5,0.0,0,high_odds_v1_top5,500,-500.0,-3400.0
2026-02-08,5320260205040007,5,0.0,0,high_odds_v1_top5,500,-500.0,-3900.0
2026-02-08,5320260205040008,5,0.0,0,high_odds_v1_top5,500,-500.0,-4400.0
2026-02-08,5320260205040009,5,0.0,0,high_odds_v1_top5,500,-500.0,-4900.0
2026-02-08,5320260205040010,5,0.0,0,high_odds_v1_top5,500,-500.0,-5400.0
2026-02-08,5320260205040012,5,0.0,0,high_odds_v1_top5,500,-500.0,-5900.0
2026-02-12,3820260212010002,5,0.0,0,high_odds_v1_top5,500,-500.0,-6400.0
2026-02-12,3820260212010003,5,0.0,0,high_odds_v1_top5,500,-500.0,-6900.0
2026-02-12,3820260212010004,3,0.0,0,high_odds_v1_top5,300,-300.0,-7200.0
2026-02-12,3820260212010005,5,0.0,0,high_odds_v1_top5,500,-500.0,-7700.0
2026-02-12,3820260212010006,5,0.0,0,high_odds_v1_top5,500,-500.0,-8200.0
2026-02-12,3820260212010008,5,0.0,0,high_odds_v1_top5,500,-500.0,-8700.0
2026-02-12,3820260212010009,5,0.0,0,high_odds_v1_top5,500,-500.0,-9200.0
2026-02-12,3820260212010010,5,0.0,0,high_odds_v1_top5,500,-500.0,-9700.0
2026-02-12,3820260212010011,1,0.0,0,high_odds_v1_top5,100,-100.0,-9800.0
2026-02-12,3820260212010012,5,0.0,0,high_odds_v1_top5,500,-500.0,-10300.0
2026-02-12,4220260210030008,5,0.0,0,high_odds_v1_top5,500,-500.0,-10800.0
2026-02-13,3820260212020001,5,0.0,0,high_odds_v1_top5,500,-500.0,-11300.0
2026-02-13,3820260212020002,5,0.0,0,high_odds_v1_top5,500,-500.0,-11800.0
2026-02-13,3820260212020004,5,0.0,0,high_odds_v1_top5,500,-500.0,-12300.0
2026-02-13,3820260212020005,5,0.0,0,high_odds_v1_top5,500,-500.0,-12800.0
2026-02-13,3820260212020006,5,0.0,0,high_odds_v1_top5,500,-500.0,-13300.0
2026-02-13,3820260212020007,5,0.0,0,high_odds_v1_top5,500,-500.0,-13800.0
2026-02-13,3820260212020008,5,0.0,0,high_odds_v1_top5,500,-500.0,-14300.0
2026-02-13,3820260212020009,5,0.0,0,high_odds_v1_top5,500,-500.0,-14800.0
2026-02-14,3820260212030001,5,0.0,0,high_odds_v1_top5,500,-500.0,-15300.0
2026-02-14,3820260212030002,5,0.0,0,high_odds_v1_top5,500,-500.0,-15800.0
2026-02-14,3820260212030003,5,0.0,0,high_odds_v1_top5,500,-500.0,-16300.0
2026-02-14,3820260212030004,5,0.0,0,high_odds_v1_top5,500,-500.0,-16800.0
2026-02-14,3820260212030007,5,0.0,0,high_odds_v1_top5,500,-500.0,-17300.0
2026-02-14,3820260212030008,5,0.0,0,high_odds_v1_top5,500,-500.0,-17800.0
2026-02-14,3820260212030011,3,0.0,0,high_odds_v1_top5,300,-300.0,-18100.0
2026-02-15,3820260212040003,5,0.0,0,high_odds_v1_top5,500,-500.0,-18600.0
2026-02-15,3820260212040004,5,0.0,0,high_odds_v1_top5,500,-500.0,-19100.0
2026-02-15,3820260212040005,5,0.0,0,high_odds_v1_top5,500,-500.0,-19600.0
2026-02-15,3820260212040006,5,0.0,0,high_odds_v1_top5,500,-500.0,-20100.0
2026-02-15,3820260212040010,5,17340.0,1,high_odds_v1_top5,500,16840.0,-3260.0
2026-02-15,3820260212040011,5,0.0,0,high_odds_v1_top5,500,-500.0,-3760.0
2026-02-16,4220260214030003,5,0.0,0,high_odds_v1_top5,500,-500.0,-4260.0
2026-02-17,4320260216020010,5,0.0,0,high_odds_v1_top5,500,-500.0,-4760.0
2026-02-20,8720260220010001,5,0.0,0,high_odds_v1_top5,500,-500.0,-5260.0
2026-02-20,8720260220010002,5,0.0,0,high_odds_v1_top5,500,-500.0,-5760.0
2026-02-20,8720260220010003,5,0.0,0,high_odds_v1_top5,500,-500.0,-6260.0
2026-02-20,8720260220010004,5,0.0,0,high_odds_v1_top5,500,-500.0,-6760.0
2026-02-20,8720260220010005,5,0.0,0,high_odds_v1_top5,500,-500.0,-7260.0
2026-02-20,8720260220010006,5,0.0,0,high_odds_v1_top5,500,-500.0,-7760.0
2026-02-20,8720260220010007,5,0.0,0,high_odds_v1_top5,500,-500.0,-8260.0
2026-02-20,8720260220010008,5,0.0,0,high_odds_v1_top5,500,-500.0,-8760.0
2026-02-20,8720260220010009,5,0.0,0,high_odds_v1_top5,500,-500.0,-9260.0
2026-02-20,8720260220010010,4,0.0,0,high_odds_v1_top5,400,-400.0,-9660.0
2026-02-20,8720260220010011,5,0.0,0,high_odds_v1_top5,500,-500.0,-10160.0
2026-02-20,8720260220010012,5,0.0,0,high_odds_v1_top5,500,-500.0,-10660.0
2026-02-21,6220260219030010,5,0.0,0,high_odds_v1_top5,500,-500.0,-11160.0
2026-02-21,8720260220020001,5,0.0,0,high_odds_v1_top5,500,-500.0,-11660.0
2026-02-21,8720260220020002,5,0.0,0,high_odds_v1_top5,500,-500.0,-12160.0
2026-02-21,8720260220020003,5,0.0,0,high_odds_v1_top5,500,-500.0,-12660.0
2026-02-21,8720260220020004,5,0.0,0,high_odds_v1_top5,500,-500.0,-13160.0
2026-02-21,8720260220020005,5,0.0,0,high_odds_v1_top5,500,-500.0,-13660.0
2026-02-21,8720260220020006,5,0.0,0,high_odds_v1_top5,500,-500.0,-14160.0
2026-02-21,8720260220020007,5,0.0,0,high_odds_v1_top5,500,-500.0,-14660.0
2026-02-21,8720260220020008,5,0.0,0,high_odds_v1_top5,500,-500.0,-15160.0
2026-02-21,8720260220020009,5,0.0,0,high_odds_v1_top5,500,-500.0,-15660.0
2026-02-21,8720260220020010,3,0.0,0,high_odds_v1_top5,300,-300.0,-15960.0
2026-02-21,8720260220020011,5,0.0,0,high_odds_v1_top5,500,-500.0,-16460.0
2026-02-21,8720260220020012,5,0.0,0,high_odds_v1_top5,500,-500.0,-16960.0
2026-02-22,8720260220030001,5,0.0,0,high_odds_v1_top5,500,-500.0,-17460.0
2026-02-22,8720260220030002,5,0.0,0,high_odds_v1_top5,500,-500.0,-17960.0
2026-02-22,8720260220030003,5,0.0,0,high_odds_v1_top5,500,-500.0,-18460.0
2026-02-22,8720260220030004,5,0.0,0,high_odds_v1_top5,500,-500.0,-18960.0
2026-02-22,8720260220030005,5,0.0,0,high_odds_v1_top5,500,-500.0,-19460.0
2026-02-22,8720260220030006,5,0.0,0,high_odds_v1_top5,500,-500.0,-19960.0
2026-02-22,8720260220030007,5,0.0,0,high_odds_v1_top5,500,-500.0,-20460.0
2026-02-22,8720260220030008,5,0.0,0,high_odds_v1_top5,500,-500.0,-20960.0
2026-02-22,8720260220030009,5,0.0,0,high_odds_v1_top5,500,-500.0,-21460.0
2026-02-22,8720260220030010,5,0.0,0,high_odds_v1_top5,500,-500.0,-21960.0
2026-02-22,8720260220030011,5,0.0,0,high_odds_v1_top5,500,-500.0,-22460.0
2026-02-22,8720260220030012,5,0.0,0,high_odds_v1_top5,500,-500.0,-22960.0
2026-02-23,8720260220040001,5,0.0,0,high_odds_v1_top5,500,-500.0,-23460.0
2026-02-23,8720260220040002,5,0.0,0,high_odds_v1_top5,500,-500.0,-23960.0
2026-02-23,8720260220040003,5,0.0,0,high_odds_v1_top5,500,-500.0,-24460.0
2026-02-23,8720260220040004,5,0.0,0,high_odds_v1_top5,500,-500.0,-24960.0
2026-02-23,8720260220040005,5,0.0,0,high_odds_v1_top5,500,-500.0,-25460.0
2026-02-23,8720260220040006,5,0.0,0,high_odds_v1_top5,500,-500.0,-25960.0
2026-02-23,8720260220040007,5,0.0,0,high_odds_v1_top5,500,-500.0,-26460.0
2026-02-23,8720260220040008,5,0.0,0,high_odds_v1_top5,500,-500.0,-26960.0
2026-02-23,8720260220040009,5,0.0,0,high_odds_v1_top5,500,-500.0,-27460.0
2026-02-23,8720260220040010,5,0.0,0,high_odds_v1_top5,500,-500.0,-27960.0
2026-02-23,8720260220040011,5,0.0,0,high_odds_v1_top5,500,-500.0,-28460.0
2026-02-23,8720260220040012,1,0.0,0,high_odds_v1_top5,100,-100.0,-28560.0
2026-02-26,8120260226010007,5,0.0,0,high_odds_v1_top5,500,-500.0,-29060.0
2026-02-28,4420260228010001,5,0.0,0,high_odds_v1_top5,500,-500.0,-29560.0
2026-02-28,4420260228010002,5,0.0,0,high_odds_v1_top5,500,-500.0,-30060.0
2026-02-28,4420260228010003,5,0.0,0,high_odds_v1_top5,500,-500.0,-30560.0
2026-02-28,4420260228010005,5,0.0,0,high_odds_v1_top5,500,-500.0,-31060.0
2026-02-28,4420260228010006,5,0.0,0,high_odds_v1_top5,500,-500.0,-31560.0
2026-02-28,4420260228010007,5,0.0,0,high_odds_v1_top5,500,-500.0,-32060.0
2026-02-28,4420260228010008,5,0.0,0,high_odds_v1_top5,500,-500.0,-32560.0
2026-02-28,4420260228010010,5,0.0,0,high_odds_v1_top5,500,-500.0,-33060.0
2026-02-28,4420260228010011,5,0.0,0,high_odds_v1_top5,500,-500.0,-33560.0
2026-02-28,4420260228010012,4,0.0,0,high_odds_v1_top5,400,-400.0,-33960.0
2026-03-01,4420260228020001,5,0.0,0,high_odds_v1_top5,500,-500.0,-34460.0
2026-03-01,4420260228020002,5,0.0,0,high_odds_v1_top5,500,-500.0,-34960.0
2026-03-01,4420260228020003,5,16920.0,1,high_odds_v1_top5,500,16420.0,-18540.0
2026-03-01,4420260228020004,5,0.0,0,high_odds_v1_top5,500,-500.0,-19040.0
2026-03-01,4420260228020005,5,0.0,0,high_odds_v1_top5,500,-500.0,-19540.0
2026-03-01,4420260228020007,5,0.0,0,high_odds_v1_top5,500,-500.0,-20040.0
2026-03-01,4420260228020008,4,0.0,0,high_odds_v1_top5,400,-400.0,-20440.0
2026-03-01,4420260228020011,5,0.0,0,high_odds_v1_top5,500,-500.0,-20940.0
2026-03-02,4420260228030002,5,0.0,0,high_odds_v1_top5,500,-500.0,-21440.0
2026-03-02,4420260228030004,5,0.0,0,high_odds_v1_top5,500,-500.0,-21940.0
2026-03-02,4420260228030005,5,0.0,0,high_odds_v1_top5,500,-500.0,-22440.0
2026-03-02,4420260228030006,5,0.0,0,high_odds_v1_top5,500,-500.0,-22940.0
2026-03-02,4420260228030007,5,0.0,0,high_odds_v1_top5,500,-500.0,-23440.0
2026-03-02,4420260228030008,5,0.0,0,high_odds_v1_top5,500,-500.0,-23940.0
2026-03-02,4420260228030009,5,0.0,0,high_odds_v1_top5,500,-500.0,-24440.0
2026-03-02,4420260228030011,3,0.0,0,high_odds_v1_top5,300,-300.0,-24740.0
2026-03-03,4420260228040002,4,0.0,0,high_odds_v1_top5,400,-400.0,-25140.0
2026-03-03,4420260228040003,5,0.0,0,high_odds_v1_top5,500,-500.0,-25640.0
2026-03-03,4420260228040004,5,0.0,0,high_odds_v1_top5,500,-500.0,-26140.0
2026-03-03,4420260228040005,5,0.0,0,high_odds_v1_top5,500,-500.0,-26640.0
2026-03-03,4420260228040006,5,0.0,0,high_odds_v1_top5,500,-500.0,-27140.0
2026-03-03,4420260228040007,5,0.0,0,high_odds_v1_top5,500,-500.0,-27640.0
2026-03-03,4420260228040008,5,0.0,0,high_odds_v1_top5,500,-500.0,-28140.0
2026-03-03,4420260228040010,5,0.0,0,high_odds_v1_top5,500,-500.0,-28640.0
2026-03-03,4420260228040012,2,0.0,0,high_odds_v1_top5,200,-200.0,-28840.0
2026-03-05,7520260305010001,5,0.0,0,high_odds_v1_top5,500,-500.0,-29340.0
2026-03-05,7520260305010002,5,0.0,0,high_odds_v1_top5,500,-500.0,-29840.0
2026-03-05,7520260305010003,5,0.0,0,high_odds_v1_top5,500,-500.0,-30340.0
2026-03-05,7520260305010004,5,0.0,0,high_odds_v1_top5,500,-500.0,-30840.0
2026-03-05,7520260305010005,5,0.0,0,high_odds_v1_top5,500,-500.0,-31340.0
2026-03-05,7520260305010006,5,0.0,0,high_odds_v1_top5,500,-500.0,-31840.0
2026-03-05,7520260305010008,5,0.0,0,high_odds_v1_top5,500,-500.0,-32340.0
2026-03-05,7520260305010009,5,0.0,0,high_odds_v1_top5,500,-500.0,-32840.0
2026-03-05,7520260305010010,3,0.0,0,high_odds_v1_top5,300,-300.0,-33140.0
2026-03-05,7520260305010012,5,0.0,0,high_odds_v1_top5,500,-500.0,-33640.0
2026-03-06,7520260305020001,5,0.0,0,high_odds_v1_top5,500,-500.0,-34140.0
2026-03-06,7520260305020002,5,0.0,0,high_odds_v1_top5,500,-500.0,-34640.0
2026-03-06,7520260305020003,5,0.0,0,high_odds_v1_top5,500,-500.0,-35140.0
2026-03-06,7520260305020006,5,0.0,0,high_odds_v1_top5,500,-500.0,-35640.0
2026-03-06,7520260305020007,2,0.0,0,high_odds_v1_top5,200,-200.0,-35840.0
2026-03-06,7520260305020010,3,0.0,0,high_odds_v1_top5,300,-300.0,-36140.0
2026-03-06,7520260305020012,5,0.0,0,high_odds_v1_top5,500,-500.0,-36640.0
2026-03-07,2220260307010011,5,0.0,0,high_odds_v1_top5,500,-500.0,-37140.0
2026-03-07,7520260305030001,5,0.0,0,high_odds_v1_top5,500,-500.0,-37640.0
2026-03-07,7520260305030002,5,0.0,0,high_odds_v1_top5,500,-500.0,-38140.0
2026-03-07,7520260305030003,5,0.0,0,high_odds_v1_top5,500,-500.0,-38640.0
2026-03-07,7520260305030004,5,0.0,0,high_odds_v1_top5,500,-500.0,-39140.0
2026-03-07,7520260305030005,5,0.0,0,high_odds_v1_top5,500,-500.0,-39640.0
2026-03-07,7520260305030006,5,0.0,0,high_odds_v1_top5,500,-500.0,-40140.0
2026-03-07,7520260305030007,5,0.0,0,high_odds_v1_top5,500,-500.0,-40640.0
2026-03-07,7520260305030008,5,0.0,0,high_odds_v1_top5,500,-500.0,-41140.0
2026-03-07,7520260305030009,5,0.0,0,high_odds_v1_top5,500,-500.0,-41640.0
2026-03-07,7520260305030012,5,0.0,0,high_odds_v1_top5,500,-500.0,-42140.0
2026-03-08,7520260305040002,5,0.0,0,high_odds_v1_top5,500,-500.0,-42640.0
2026-03-08,7520260305040003,5,0.0,0,high_odds_v1_top5,500,-500.0,-43140.0
2026-03-08,7520260305040004,5,0.0,0,high_odds_v1_top5,500,-500.0,-43640.0
2026-03-08,7520260305040005,5,0.0,0,high_odds_v1_top5,500,-500.0,-44140.0
2026-03-08,7520260305040006,5,0.0,0,high_odds_v1_top5,500,-500.0,-44640.0
2026-03-08,7520260305040007,5,0.0,0,high_odds_v1_top5,500,-500.0,-45140.0
2026-03-08,7520260305040008,5,0.0,0,high_odds_v1_top5,500,-500.0,-45640.0
2026-03-08,7520260305040009,5,0.0,0,high_odds_v1_top5,500,-500.0,-46140.0
2026-03-08,7520260305040010,5,0.0,0,high_odds_v1_top5,500,-500.0,-46640.0
2026-03-08,7520260305040011,5,0.0,0,high_odds_v1_top5,500,-500.0,-47140.0
2026-03-09,4320260307030005,5,0.0,0,high_odds_v1_top5,500,-500.0,-47640.0
2026-03-10,7420260310010002,5,0.0,0,high_odds_v1_top5,500,-500.0,-48140.0
2026-03-11,3820260310020007,5,0.0,0,high_odds_v1_top5,500,-500.0,-48640.0
2026-03-12,2320260312010001,5,0.0,0,high_odds_v1_top5,500,-500.0,-49140.0
2026-03-12,2320260312010002,5,0.0,0,high_odds_v1_top5,500,-500.0,-49640.0
2026-03-12,2320260312010003,5,0.0,0,high_odds_v1_top5,500,-500.0,-50140.0
2026-03-12,2320260312010004,5,0.0,0,high_odds_v1_top5,500,-500.0,-50640.0
2026-03-12,2320260312010005,5,0.0,0,high_odds_v1_top5,500,-500.0,-51140.0
2026-03-12,2320260312010006,5,0.0,0,high_odds_v1_top5,500,-500.0,-51640.0
2026-03-12,2320260312010007,5,0.0,0,high_odds_v1_top5,500,-500.0,-52140.0
2026-03-12,2320260312010009,5,0.0,0,high_odds_v1_top5,500,-500.0,-52640.0
2026-03-12,2320260312010011,3,0.0,0,high_odds_v1_top5,300,-300.0,-52940.0
2026-03-12,2320260312010012,5,0.0,0,high_odds_v1_top5,500,-500.0,-53440.0
2026-03-12,2620260312010004,5,0.0,0,high_odds_v1_top5,500,-500.0,-53940.0
2026-03-12,2620260312010005,5,0.0,0,high_odds_v1_top5,500,-500.0,-54440.0
2026-03-12,2620260312010006,5,0.0,0,high_odds_v1_top5,500,-500.0,-54940.0
2026-03-12,2620260312010007,5,0.0,0,high_odds_v1_top5,500,-500.0,-55440.0
2026-03-12,2620260312010008,5,0.0,0,high_odds_v1_top5,500,-500.0,-55940.0
2026-03-12,2620260312010009,5,0.0,0,high_odds_v1_top5,500,-500.0,-56440.0
2026-03-12,2620260312010010,5,0.0,0,high_odds_v1_top5,500,-500.0,-56940.0
2026-03-12,2620260312010012,5,0.0,0,high_odds_v1_top5,500,-500.0,-57440.0
2026-03-13,2320260312020001,5,18900.0,1,high_odds_v1_top5,500,18400.0,-39040.0
2026-03-13,2320260312020002,5,0.0,0,high_odds_v1_top5,500,-500.0,-39540.0
2026-03-13,2320260312020003,5,0.0,0,high_odds_v1_top5,500,-500.0,-40040.0
2026-03-13,2320260312020004,5,0.0,0,high_odds_v1_top5,500,-500.0,-40540.0
2026-03-13,2320260312020005,5,0.0,0,high_odds_v1_top5,500,-500.0,-41040.0
2026-03-13,2320260312020007,5,0.0,0,high_odds_v1_top5,500,-500.0,-41540.0
2026-03-13,2320260312020008,4,11370.0,1,high_odds_v1_top5,400,10970.0,-30570.0
2026-03-13,2320260312020009,5,0.0,0,high_odds_v1_top5,500,-500.0,-31070.0
2026-03-13,2320260312020010,5,0.0,0,high_odds_v1_top5,500,-500.0,-31570.0
2026-03-13,2320260312020011,5,0.0,0,high_odds_v1_top5,500,-500.0,-32070.0
2026-03-13,2620260312020004,5,0.0,0,high_odds_v1_top5,500,-500.0,-32570.0
2026-03-13,2620260312020005,5,0.0,0,high_odds_v1_top5,500,-500.0,-33070.0
2026-03-13,2620260312020006,5,0.0,0,high_odds_v1_top5,500,-500.0,-33570.0
2026-03-13,2620260312020007,5,0.0,0,high_odds_v1_top5,500,-500.0,-34070.0
2026-03-13,2620260312020008,5,0.0,0,high_odds_v1_top5,500,-500.0,-34570.0
2026-03-13,2620260312020009,5,18020.0,1,high_odds_v1_top5,500,17520.0,-17050.0
2026-03-13,2620260312020010,5,0.0,0,high_odds_v1_top5,500,-500.0,-17550.0
2026-03-13,2620260312020011,5,0.0,0,high_odds_v1_top5,500,-500.0,-18050.0
2026-03-13,2620260312020012,5,0.0,0,high_odds_v1_top5,500,-500.0,-18550.0
2026-03-14,2320260312030001,5,0.0,0,high_odds_v1_top5,500,-500.0,-19050.0
2026-03-14,2320260312030003,5,0.0,0,high_odds_v1_top5,500,-500.0,-19550.0
2026-03-14,2320260312030004,5,0.0,0,high_odds_v1_top5,500,-500.0,-20050.0
2026-03-14,2320260312030005,5,0.0,0,high_odds_v1_top5,500,-500.0,-20550.0
2026-03-14,2320260312030006,5,13690.0,1,high_odds_v1_top5,500,13190.0,-7360.0
2026-03-14,2320260312030007,4,0.0,0,high_odds_v1_top5,400,-400.0,-7760.0
2026-03-14,2320260312030008,5,0.0,0,high_odds_v1_top5,500,-500.0,-8260.0
2026-03-14,2320260312030009,5,0.0,0,high_odds_v1_top5,500,-500.0,-8760.0
2026-03-14,2320260312030010,5,0.0,0,high_odds_v1_top5,500,-500.0,-9260.0
2026-03-14,2320260312030011,5,0.0,0,high_odds_v1_top5,500,-500.0,-9760.0
2026-03-14,2620260312030004,5,16950.0,1,high_odds_v1_top5,500,16450.0,6690.0
2026-03-14,2620260312030005,4,0.0,0,high_odds_v1_top5,400,-400.0,6290.0
2026-03-14,2620260312030007,5,0.0,0,high_odds_v1_top5,500,-500.0,5790.0
2026-03-14,2620260312030008,5,0.0,0,high_odds_v1_top5,500,-500.0,5290.0
2026-03-14,2620260312030009,5,0.0,0,high_odds_v1_top5,500,-500.0,4790.0
2026-03-14,2620260312030010,5,0.0,0,high_odds_v1_top5,500,-500.0,4290.0
2026-03-14,2620260312030011,5,0.0,0,high_odds_v1_top5,500,-500.0,3790.0
2026-03-14,2620260312030012,5,0.0,0,high_odds_v1_top5,500,-500.0,3290.0
2026-03-14,7520260313020003,5,18290.0,1,high_odds_v1_top5,500,17790.0,21080.0
2026-03-15,2320260312040002,5,11470.0,1,high_odds_v1_top5,500,10970.0,32050.0
2026-03-15,2320260312040003,5,0.0,0,high_odds_v1_top5,500,-500.0,31550.0
2026-03-15,2320260312040004,5,0.0,0,high_odds_v1_top5,500,-500.0,31050.0
2026-03-15,2320260312040005,5,0.0,0,high_odds_v1_top5,500,-500.0,30550.0
2026-03-15,2320260312040006,5,0.0,0,high_odds_v1_top5,500,-500.0,30050.0
2026-03-15,2320260312040007,5,0.0,0,high_odds_v1_top5,500,-500.0,29550.0
2026-03-15,2320260312040008,5,0.0,0,high_odds_v1_top5,500,-500.0,29050.0
2026-03-15,2320260312040010,5,0.0,0,high_odds_v1_top5,500,-500.0,28550.0
2026-03-15,2320260312040011,5,0.0,0,high_odds_v1_top5,500,-500.0,28050.0
2026-03-15,2320260312040012,5,0.0,0,high_odds_v1_top5,500,-500.0,27550.0
2026-03-15,2620260312040003,5,18840.0,1,high_odds_v1_top5,500,18340.0,45890.0
2026-03-15,2620260312040004,5,0.0,0,high_odds_v1_top5,500,-500.0,45390.0
2026-03-15,2620260312040005,5,0.0,0,high_odds_v1_top5,500,-500.0,44890.0
2026-03-15,2620260312040006,5,0.0,0,high_odds_v1_top5,500,-500.0,44390.0
2026-03-15,2620260312040007,5,0.0,0,high_odds_v1_top5,500,-500.0,43890.0
2026-03-15,2620260312040008,5,0.0,0,high_odds_v1_top5,500,-500.0,43390.0
2026-03-15,2620260312040009,5,0.0,0,high_odds_v1_top5,500,-500.0,42890.0
2026-03-15,2620260312040010,5,0.0,0,high_odds_v1_top5,500,-500.0,42390.0
2026-03-15,2620260312040012,5,0.0,0,high_odds_v1_top5,500,-500.0,41890.0
2026-03-16,4320260314030001,5,0.0,0,high_odds_v1_top5,500,-500.0,41390.0
2026-03-17,6120260316020009,5,0.0,0,high_odds_v1_top5,500,-500.0,40890.0
2026-03-19,5520260317030001,5,0.0,0,high_odds_v1_top5,500,-500.0,40390.0
2026-03-19,6320260319010001,5,0.0,0,high_odds_v1_top5,500,-500.0,39890.0
2026-03-19,6320260319010002,5,0.0,0,high_odds_v1_top5,500,-500.0,39390.0
2026-03-19,6320260319010003,5,19750.0,1,high_odds_v1_top5,500,19250.0,58640.0
2026-03-19,6320260319010004,5,0.0,0,high_odds_v1_top5,500,-500.0,58140.0
2026-03-19,6320260319010005,5,0.0,0,high_odds_v1_top5,500,-500.0,57640.0
2026-03-19,6320260319010006,5,0.0,0,high_odds_v1_top5,500,-500.0,57140.0
2026-03-19,6320260319010007,5,0.0,0,high_odds_v1_top5,500,-500.0,56640.0
2026-03-19,6320260319010008,5,0.0,0,high_odds_v1_top5,500,-500.0,56140.0
2026-03-19,6320260319010009,5,0.0,0,high_odds_v1_top5,500,-500.0,55640.0
2026-03-20,6320260319020001,5,0.0,0,high_odds_v1_top5,500,-500.0,55140.0
2026-03-20,6320260319020002,5,0.0,0,high_odds_v1_top5,500,-500.0,54640.0
2026-03-20,6320260319020003,5,0.0,0,high_odds_v1_top5,500,-500.0,54140.0
2026-03-20,6320260319020004,5,0.0,0,high_odds_v1_top5,500,-500.0,53640.0
2026-03-20,6320260319020005,5,0.0,0,high_odds_v1_top5,500,-500.0,53140.0
2026-03-20,6320260319020006,5,0.0,0,high_odds_v1_top5,500,-500.0,52640.0
2026-03-20,6320260319020007,5,0.0,0,high_odds_v1_top5,500,-500.0,52140.0
2026-03-20,6320260319020008,4,0.0,0,high_odds_v1_top5,400,-400.0,51740.0
2026-03-20,6320260319020009,5,0.0,0,high_odds_v1_top5,500,-500.0,51240.0
2026-03-20,6320260319020010,5,0.0,0,high_odds_v1_top5,500,-500.0,50740.0
2026-03-20,6320260319020011,5,0.0,0,high_odds_v1_top5,500,-500.0,50240.0
2026-03-20,6320260319020012,1,0.0,0,high_odds_v1_top5,100,-100.0,50140.0
2026-03-21,6320260319030001,5,0.0,0,high_odds_v1_top5,500,-500.0,49640.0
2026-03-21,6320260319030002,5,0.0,0,high_odds_v1_top5,500,-500.0,49140.0
2026-03-21,6320260319030003,5,0.0,0,high_odds_v1_top5,500,-500.0,48640.0
2026-03-21,6320260319030004,5,0.0,0,high_odds_v1_top5,500,-500.0,48140.0
2026-03-21,6320260319030005,5,0.0,0,high_odds_v1_top5,500,-500.0,47640.0
2026-03-21,6320260319030006,5,0.0,0,high_odds_v1_top5,500,-500.0,47140.0
2026-03-21,6320260319030007,5,0.0,0,high_odds_v1_top5,500,-500.0,46640.0
2026-03-21,6320260319030008,5,0.0,0,high_odds_v1_top5,500,-500.0,46140.0
2026-03-21,6320260319030009,5,0.0,0,high_odds_v1_top5,500,-500.0,45640.0
2026-03-21,6320260319030010,5,0.0,0,high_odds_v1_top5,500,-500.0,45140.0
2026-03-21,6320260319030012,4,0.0,0,high_odds_v1_top5,400,-400.0,44740.0
2026-03-22,6320260319040001,5,0.0,0,high_odds_v1_top5,500,-500.0,44240.0
2026-03-22,6320260319040002,5,0.0,0,high_odds_v1_top5,500,-500.0,43740.0
2026-03-22,6320260319040003,5,0.0,0,high_odds_v1_top5,500,-500.0,43240.0
2026-03-22,6320260319040004,5,0.0,0,high_odds_v1_top5,500,-500.0,42740.0
2026-03-22,6320260319040005,5,17550.0,1,high_odds_v1_top5,500,17050.0,59790.0
2026-03-22,6320260319040006,5,0.0,0,high_odds_v1_top5,500,-500.0,59290.0
2026-03-22,6320260319040007,5,0.0,0,high_odds_v1_top5,500,-500.0,58790.0
2026-03-22,6320260319040008,4,0.0,0,high_odds_v1_top5,400,-400.0,58390.0
2026-03-22,6320260319040009,5,10820.0,1,high_odds_v1_top5,500,10320.0,68710.0
2026-03-22,6320260319040010,5,0.0,0,high_odds_v1_top5,500,-500.0,68210.0
2026-03-22,6320260319040011,2,0.0,0,high_odds_v1_top5,200,-200.0,68010.0
2026-03-22,6320260319040012,3,0.0,0,high_odds_v1_top5,300,-300.0,67710.0
2026-03-23,4320260322020003,5,0.0,0,high_odds_v1_top5,500,-500.0,67210.0
2026-03-26,6120260326010011,5,0.0,0,high_odds_v1_top5,500,-500.0,66710.0
2026-03-28,4520260328010001,5,0.0,0,high_odds_v1_top5,500,-500.0,66210.0
2026-03-28,4520260328010002,5,0.0,0,high_odds_v1_top5,500,-500.0,65710.0
2026-03-28,4520260328010003,5,0.0,0,high_odds_v1_top5,500,-500.0,65210.0
2026-03-28,4520260328010004,5,0.0,0,high_odds_v1_top5,500,-500.0,64710.0
2026-03-28,4520260328010005,5,0.0,0,high_odds_v1_top5,500,-500.0,64210.0
2026-03-28,4520260328010010,2,0.0,0,high_odds_v1_top5,200,-200.0,64010.0
2026-03-28,4520260328010011,2,0.0,0,high_odds_v1_top5,200,-200.0,63810.0
2026-03-28,4520260328010012,5,0.0,0,high_odds_v1_top5,500,-500.0,63310.0
2026-03-29,4520260328020001,5,0.0,0,high_odds_v1_top5,500,-500.0,62810.0
2026-03-29,4520260328020002,5,0.0,0,high_odds_v1_top5,500,-500.0,62310.0
2026-03-29,4520260328020003,5,0.0,0,high_odds_v1_top5,500,-500.0,61810.0
2026-03-29,4520260328020004,5,0.0,0,high_odds_v1_top5,500,-500.0,61310.0
2026-03-29,4520260328020006,5,0.0,0,high_odds_v1_top5,500,-500.0,60810.0
2026-03-29,4520260328020007,5,0.0,0,high_odds_v1_top5,500,-500.0,60310.0
2026-03-29,4520260328020008,5,0.0,0,high_odds_v1_top5,500,-500.0,59810.0
2026-03-29,4520260328020009,5,0.0,0,high_odds_v1_top5,500,-500.0,59310.0
2026-03-30,4520260328030004,5,0.0,0,high_odds_v1_top5,500,-500.0,58810.0
2026-03-30,4520260328030005,5,0.0,0,high_odds_v1_top5,500,-500.0,58310.0
2026-03-30,4520260328030006,5,0.0,0,high_odds_v1_top5,500,-500.0,57810.0
2026-03-30,4520260328030007,5,0.0,0,high_odds_v1_top5,500,-500.0,57310.0
2026-03-30,4520260328030008,5,0.0,0,high_odds_v1_top5,500,-500.0,56810.0
2026-03-30,4520260328030009,5,0.0,0,high_odds_v1_top5,500,-500.0,56310.0
2026-03-30,4520260328030010,5,0.0,0,high_odds_v1_top5,500,-500.0,55810.0
2026-03-30,4520260328030011,5,0.0,0,high_odds_v1_top5,500,-500.0,55310.0
2026-03-30,4520260328030012,5,0.0,0,high_odds_v1_top5,500,-500.0,54810.0
2026-03-31,4520260328040004,5,0.0,0,high_odds_v1_top5,500,-500.0,54310.0
2026-03-31,4520260328040007,5,0.0,0,high_odds_v1_top5,500,-500.0,53810.0
2026-03-31,4520260328040008,5,0.0,0,high_odds_v1_top5,500,-500.0,53310.0
2026-03-31,4520260328040009,5,0.0,0,high_odds_v1_top5,500,-500.0,52810.0
2026-03-31,4520260328040010,5,0.0,0,high_odds_v1_top5,500,-500.0,52310.0
2026-03-31,4520260328040011,5,0.0,0,high_odds_v1_top5,500,-500.0,51810.0
2026-03-31,4520260328040012,5,11240.0,1,high_odds_v1_top5,500,10740.0,62550.0
2026-04-02,3720260402010001,5,11630.0,1,high_odds_v1_top5,500,11130.0,73680.0
2026-04-02,3720260402010002,5,0.0,0,high_odds_v1_top5,500,-500.0,73180.0
2026-04-02,3720260402010003,5,0.0,0,high_odds_v1_top5,500,-500.0,72680.0
2026-04-02,3720260402010004,5,0.0,0,high_odds_v1_top5,500,-500.0,72180.0
2026-04-02,3720260402010005,5,0.0,0,high_odds_v1_top5,500,-500.0,71680.0
2026-04-02,3720260402010006,5,0.0,0,high_odds_v1_top5,500,-500.0,71180.0
2026-04-02,3720260402010007,5,0.0,0,high_odds_v1_top5,500,-500.0,70680.0
2026-04-02,3720260402010008,5,0.0,0,high_odds_v1_top5,500,-500.0,70180.0
2026-04-02,3720260402010009,5,0.0,0,high_odds_v1_top5,500,-500.0,69680.0
2026-04-02,3720260402010012,5,0.0,0,high_odds_v1_top5,500,-500.0,69180.0
2026-04-03,3720260402020001,5,0.0,0,high_odds_v1_top5,500,-500.0,68680.0
2026-04-03,3720260402020002,5,0.0,0,high_odds_v1_top5,500,-500.0,68180.0
2026-04-03,3720260402020006,5,0.0,0,high_odds_v1_top5,500,-500.0,67680.0
2026-04-03,3720260402020008,5,0.0,0,high_odds_v1_top5,500,-500.0,67180.0
2026-04-03,3720260402020009,3,0.0,0,high_odds_v1_top5,300,-300.0,66880.0
2026-04-04,3720260402030003,5,0.0,0,high_odds_v1_top5,500,-500.0,66380.0
2026-04-04,3720260402030004,5,0.0,0,high_odds_v1_top5,500,-500.0,65880.0
2026-04-04,3720260402030005,5,0.0,0,high_odds_v1_top5,500,-500.0,65380.0
2026-04-04,3720260402030007,5,0.0,0,high_odds_v1_top5,500,-500.0,64880.0
2026-04-04,3720260402030008,5,0.0,0,high_odds_v1_top5,500,-500.0,64380.0
2026-04-04,3720260402030009,5,0.0,0,high_odds_v1_top5,500,-500.0,63880.0
2026-04-04,3720260402030012,3,0.0,0,high_odds_v1_top5,300,-300.0,63580.0
2026-04-05,3720260402040002,5,0.0,0,high_odds_v1_top5,500,-500.0,63080.0
2026-04-05,3720260402040004,5,0.0,0,high_odds_v1_top5,500,-500.0,62580.0
2026-04-05,3720260402040005,4,0.0,0,high_odds_v1_top5,400,-400.0,62180.0
2026-04-05,3720260402040006,5,0.0,0,high_odds_v1_top5,500,-500.0,61680.0
2026-04-05,3720260402040010,5,0.0,0,high_odds_v1_top5,500,-500.0,61180.0
2026-04-05,3720260402040011,5,0.0,0,high_odds_v1_top5,500,-500.0,60680.0
2026-04-09,2620260409010001,5,0.0,0,high_odds_v1_top5,500,-500.0,60180.0
2026-04-09,2620260409010002,5,0.0,0,high_odds_v1_top5,500,-500.0,59680.0
2026-04-09,2620260409010003,5,0.0,0,high_odds_v1_top5,500,-500.0,59180.0
2026-04-09,2620260409010004,5,0.0,0,high_odds_v1_top5,500,-500.0,58680.0
2026-04-09,2620260409010005,5,0.0,0,high_odds_v1_top5,500,-500.0,58180.0
2026-04-09,2620260409010006,5,0.0,0,high_odds_v1_top5,500,-500.0,57680.0
2026-04-09,2620260409010007,5,0.0,0,high_odds_v1_top5,500,-500.0,57180.0
2026-04-09,2620260409010008,5,14120.0,1,high_odds_v1_top5,500,13620.0,70800.0
2026-04-09,2620260409010009,5,0.0,0,high_odds_v1_top5,500,-500.0,70300.0
2026-04-09,2620260409010010,5,0.0,0,high_odds_v1_top5,500,-500.0,69800.0
2026-04-09,2620260409010012,5,0.0,0,high_odds_v1_top5,500,-500.0,69300.0
2026-04-09,5320260407030004,5,0.0,0,high_odds_v1_top5,500,-500.0,68800.0
2026-04-10,2620260409020001,5,0.0,0,high_odds_v1_top5,500,-500.0,68300.0
2026-04-10,2620260409020002,5,0.0,0,high_odds_v1_top5,500,-500.0,67800.0
2026-04-10,2620260409020003,5,0.0,0,high_odds_v1_top5,500,-500.0,67300.0
2026-04-10,2620260409020005,5,0.0,0,high_odds_v1_top5,500,-500.0,66800.0
2026-04-10,2620260409020006,5,0.0,0,high_odds_v1_top5,500,-500.0,66300.0
2026-04-10,2620260409020009,5,0.0,0,high_odds_v1_top5,500,-500.0,65800.0
2026-04-11,2620260409030004,5,0.0,0,high_odds_v1_top5,500,-500.0,65300.0
2026-04-11,2620260409030005,5,0.0,0,high_odds_v1_top5,500,-500.0,64800.0
2026-04-11,2620260409030006,5,0.0,0,high_odds_v1_top5,500,-500.0,64300.0
2026-04-11,2620260409030007,5,0.0,0,high_odds_v1_top5,500,-500.0,63800.0
2026-04-11,2620260409030008,5,0.0,0,high_odds_v1_top5,500,-500.0,63300.0
2026-04-11,2620260409030009,5,0.0,0,high_odds_v1_top5,500,-500.0,62800.0
2026-04-11,2620260409030010,5,0.0,0,high_odds_v1_top5,500,-500.0,62300.0
2026-04-11,2620260409030012,5,0.0,0,high_odds_v1_top5,500,-500.0,61800.0
2026-04-12,2620260409040004,5,0.0,0,high_odds_v1_top5,500,-500.0,61300.0
2026-04-12,2620260409040005,5,0.0,0,high_odds_v1_top5,500,-500.0,60800.0
2026-04-12,2620260409040007,5,0.0,0,high_odds_v1_top5,500,-500.0,60300.0
2026-04-12,2620260409040008,5,0.0,0,high_odds_v1_top5,500,-500.0,59800.0
2026-04-12,2620260409040009,5,0.0,0,high_odds_v1_top5,500,-500.0,59300.0
2026-04-12,2620260409040010,5,0.0,0,high_odds_v1_top5,500,-500.0,58800.0
2026-04-12,2620260409040011,5,0.0,0,high_odds_v1_top5,500,-500.0,58300.0
2026-04-12,2620260409040012,5,0.0,0,high_odds_v1_top5,500,-500.0,57800.0
2026-04-14,4420260413020008,5,0.0,0,high_odds_v1_top5,500,-500.0,57300.0
2026-04-16,4320260416010006,5,0.0,0,high_odds_v1_top5,500,-500.0,56800.0
2026-04-18,8420260418010002,5,0.0,0,high_odds_v1_top5,500,-500.0,56300.0
2026-04-18,8420260418010003,5,0.0,0,high_odds_v1_top5,500,-500.0,55800.0
2026-04-18,8420260418010004,5,0.0,0,high_odds_v1_top5,500,-500.0,55300.0
2026-04-18,8420260418010005,5,0.0,0,high_odds_v1_top5,500,-500.0,54800.0
2026-04-18,8420260418010006,5,0.0,0,high_odds_v1_top5,500,-500.0,54300.0
2026-04-18,8420260418010008,5,0.0,0,high_odds_v1_top5,500,-500.0,53800.0
2026-04-18,8420260418010010,4,0.0,0,high_odds_v1_top5,400,-400.0,53400.0
2026-04-18,8420260418010011,2,0.0,0,high_odds_v1_top5,200,-200.0,53200.0
2026-04-18,8420260418010012,5,0.0,0,high_odds_v1_top5,500,-500.0,52700.0
2026-04-19,8420260418020001,5,0.0,0,high_odds_v1_top5,500,-500.0,52200.0
2026-04-19,8420260418020003,5,0.0,0,high_odds_v1_top5,500,-500.0,51700.0
2026-04-19,8420260418020004,5,0.0,0,high_odds_v1_top5,500,-500.0,51200.0
2026-04-19,8420260418020005,5,0.0,0,high_odds_v1_top5,500,-500.0,50700.0
2026-04-19,8420260418020007,5,0.0,0,high_odds_v1_top5,500,-500.0,50200.0
2026-04-19,8420260418020008,5,0.0,0,high_odds_v1_top5,500,-500.0,49700.0
2026-04-19,8420260418020009,5,0.0,0,high_odds_v1_top5,500,-500.0,49200.0
2026-04-19,8420260418020010,4,0.0,0,high_odds_v1_top5,400,-400.0,48800.0
2026-04-19,8420260418020011,2,0.0,0,high_odds_v1_top5,200,-200.0,48600.0
2026-04-20,8420260418030001,5,0.0,0,high_odds_v1_top5,500,-500.0,48100.0
2026-04-20,8420260418030002,5,0.0,0,high_odds_v1_top5,500,-500.0,47600.0
2026-04-20,8420260418030004,5,0.0,0,high_odds_v1_top5,500,-500.0,47100.0
2026-04-20,8420260418030005,5,0.0,0,high_odds_v1_top5,500,-500.0,46600.0
2026-04-20,8420260418030006,5,0.0,0,high_odds_v1_top5,500,-500.0,46100.0
2026-04-20,8420260418030007,5,0.0,0,high_odds_v1_top5,500,-500.0,45600.0
2026-04-20,8420260418030008,5,15080.0,1,high_odds_v1_top5,500,14580.0,60180.0
2026-04-20,8420260418030009,5,0.0,0,high_odds_v1_top5,500,-500.0,59680.0
2026-04-20,8420260418030010,5,0.0,0,high_odds_v1_top5,500,-500.0,59180.0
2026-04-20,8420260418030012,5,0.0,0,high_odds_v1_top5,500,-500.0,58680.0
2026-04-21,3820260421010005,5,0.0,0,high_odds_v1_top5,500,-500.0,58180.0
2026-04-21,8420260418040004,5,0.0,0,high_odds_v1_top5,500,-500.0,57680.0
2026-04-21,8420260418040005,5,0.0,0,high_odds_v1_top5,500,-500.0,57180.0
2026-04-21,8420260418040006,5,0.0,0,high_odds_v1_top5,500,-500.0,56680.0
2026-04-21,8420260418040008,5,0.0,0,high_odds_v1_top5,500,-500.0,56180.0
2026-04-21,8420260418040009,5,0.0,0,high_odds_v1_top5,500,-500.0,55680.0
2026-04-21,8420260418040010,5,0.0,0,high_odds_v1_top5,500,-500.0,55180.0
2026-04-21,8420260418040011,5,0.0,0,high_odds_v1_top5,500,-500.0,54680.0
2026-04-21,8420260418040012,5,0.0,0,high_odds_v1_top5,500,-500.0,54180.0
2026-04-23,4220260423010001,1,0.0,0,high_odds_v1_top5,100,-100.0,54080.0
2026-04-23,4220260423010003,5,0.0,0,high_odds_v1_top5,500,-500.0,53580.0
2026-04-23,4220260423010004,5,0.0,0,high_odds_v1_top5,500,-500.0,53080.0
2026-04-23,4220260423010005,5,0.0,0,high_odds_v1_top5,500,-500.0,52580.0
2026-04-23,4220260423010008,5,0.0,0,high_odds_v1_top5,500,-500.0,52080.0
2026-04-23,4220260423010010,5,0.0,0,high_odds_v1_top5,500,-500.0,51580.0
2026-04-23,4220260423010011,5,0.0,0,high_odds_v1_top5,500,-500.0,51080.0
2026-04-23,4220260423010012,5,0.0,0,high_odds_v1_top5,500,-500.0,50580.0
2026-04-24,3120260424010007,5,0.0,0,high_odds_v1_top5,500,-500.0,50080.0
2026-04-24,3120260424010008,5,0.0,0,high_odds_v1_top5,500,-500.0,49580.0
2026-04-24,3120260424010011,1,0.0,0,high_odds_v1_top5,100,-100.0,49480.0
2026-04-24,4220260423020001,5,19920.0,1,high_odds_v1_top5,500,19420.0,68900.0
2026-04-24,4220260423020002,5,0.0,0,high_odds_v1_top5,500,-500.0,68400.0
2026-04-24,4220260423020006,5,0.0,0,high_odds_v1_top5,500,-500.0,67900.0
2026-04-24,4220260423020007,5,0.0,0,high_odds_v1_top5,500,-500.0,67400.0
2026-04-24,4220260423020008,5,0.0,0,high_odds_v1_top5,500,-500.0,66900.0
2026-04-24,4220260423020009,5,0.0,0,high_odds_v1_top5,500,-500.0,66400.0
2026-04-24,4220260423020011,5,0.0,0,high_odds_v1_top5,500,-500.0,65900.0
2026-04-24,4220260423020012,5,0.0,0,high_odds_v1_top5,500,-500.0,65400.0
2026-04-25,3120260424020008,5,0.0,0,high_odds_v1_top5,500,-500.0,64900.0
2026-04-25,3120260424020009,5,0.0,0,high_odds_v1_top5,500,-500.0,64400.0
2026-04-25,3120260424020010,3,0.0,0,high_odds_v1_top5,300,-300.0,64100.0
2026-04-25,4220260423030004,5,0.0,0,high_odds_v1_top5,500,-500.0,63600.0
2026-04-25,4220260423030005,5,0.0,0,high_odds_v1_top5,500,-500.0,63100.0
2026-04-25,4220260423030006,5,0.0,0,high_odds_v1_top5,500,-500.0,62600.0
2026-04-25,4220260423030007,5,0.0,0,high_odds_v1_top5,500,-500.0,62100.0
2026-04-25,4220260423030009,5,0.0,0,high_odds_v1_top5,500,-500.0,61600.0
2026-04-25,4220260423030010,5,0.0,0,high_odds_v1_top5,500,-500.0,61100.0
2026-04-25,4220260423030011,5,0.0,0,high_odds_v1_top5,500,-500.0,60600.0
2026-04-25,4220260423030012,5,0.0,0,high_odds_v1_top5,500,-500.0,60100.0
2026-04-25,5520260423030001,5,0.0,0,high_odds_v1_top5,500,-500.0,59600.0
2026-04-26,3120260424030008,5,0.0,0,high_odds_v1_top5,500,-500.0,59100.0
2026-04-26,3120260424030011,5,0.0,0,high_odds_v1_top5,500,-500.0,58600.0
2026-04-26,4220260423040004,4,0.0,0,high_odds_v1_top5,400,-400.0,58200.0
2026-04-26,4220260423040005,5,0.0,0,high_odds_v1_top5,500,-500.0,57700.0
2026-04-26,4220260423040006,5,0.0,0,high_odds_v1_top5,500,-500.0,57200.0
2026-04-26,4220260423040007,5,0.0,0,high_odds_v1_top5,500,-500.0,56700.0
2026-04-26,4220260423040008,5,17250.0,1,high_odds_v1_top5,500,16750.0,73450.0
2026-04-26,4220260423040010,5,0.0,0,high_odds_v1_top5,500,-500.0,72950.0
2026-04-26,4220260423040011,5,0.0,0,high_odds_v1_top5,500,-500.0,72450.0
2026-04-26,4220260423040012,5,0.0,0,high_odds_v1_top5,500,-500.0,71950.0
2026-05-01,3520260501010001,3,0.0,0,high_odds_v1_top5,300,-300.0,71650.0
2026-05-01,3520260501010002,5,0.0,0,high_odds_v1_top5,500,-500.0,71150.0
2026-05-01,3520260501010003,5,0.0,0,high_odds_v1_top5,500,-500.0,70650.0
2026-05-01,3520260501010004,5,0.0,0,high_odds_v1_top5,500,-500.0,70150.0
2026-05-01,3520260501010005,5,0.0,0,high_odds_v1_top5,500,-500.0,69650.0
2026-05-01,3520260501010006,5,0.0,0,high_odds_v1_top5,500,-500.0,69150.0
2026-05-01,3520260501010007,4,0.0,0,high_odds_v1_top5,400,-400.0,68750.0
2026-05-01,3520260501010008,5,0.0,0,high_odds_v1_top5,500,-500.0,68250.0
2026-05-01,3520260501010009,5,0.0,0,high_odds_v1_top5,500,-500.0,67750.0
2026-05-01,3520260501010010,4,0.0,0,high_odds_v1_top5,400,-400.0,67350.0
2026-05-01,3520260501010011,5,0.0,0,high_odds_v1_top5,500,-500.0,66850.0
2026-05-02,2320260430030003,5,0.0,0,high_odds_v1_top5,500,-500.0,66350.0
2026-05-02,3520260501020001,5,0.0,0,high_odds_v1_top5,500,-500.0,65850.0
2026-05-02,3520260501020002,5,0.0,0,high_odds_v1_top5,500,-500.0,65350.0
2026-05-02,3520260501020003,5,0.0,0,high_odds_v1_top5,500,-500.0,64850.0
2026-05-02,3520260501020004,5,0.0,0,high_odds_v1_top5,500,-500.0,64350.0
2026-05-02,3520260501020005,5,0.0,0,high_odds_v1_top5,500,-500.0,63850.0
2026-05-02,3520260501020006,5,0.0,0,high_odds_v1_top5,500,-500.0,63350.0
2026-05-02,3520260501020007,5,0.0,0,high_odds_v1_top5,500,-500.0,62850.0
2026-05-02,3520260501020008,5,0.0,0,high_odds_v1_top5,500,-500.0,62350.0
2026-05-02,3520260501020009,3,0.0,0,high_odds_v1_top5,300,-300.0,62050.0
2026-05-02,3520260501020010,5,0.0,0,high_odds_v1_top5,500,-500.0,61550.0
2026-05-02,3520260501020011,3,0.0,0,high_odds_v1_top5,300,-300.0,61250.0
2026-05-02,4620260430030002,5,0.0,0,high_odds_v1_top5,500,-500.0,60750.0
2026-05-03,3520260501030001,5,0.0,0,high_odds_v1_top5,500,-500.0,60250.0
2026-05-03,3520260501030002,5,0.0,0,high_odds_v1_top5,500,-500.0,59750.0
2026-05-03,3520260501030003,5,0.0,0,high_odds_v1_top5,500,-500.0,59250.0
2026-05-03,3520260501030004,5,0.0,0,high_odds_v1_top5,500,-500.0,58750.0
2026-05-03,3520260501030005,5,0.0,0,high_odds_v1_top5,500,-500.0,58250.0
2026-05-03,3520260501030006,5,0.0,0,high_odds_v1_top5,500,-500.0,57750.0
2026-05-03,3520260501030007,5,0.0,0,high_odds_v1_top5,500,-500.0,57250.0
2026-05-03,3520260501030009,5,0.0,0,high_odds_v1_top5,500,-500.0,56750.0
2026-05-03,3520260501030010,5,0.0,0,high_odds_v1_top5,500,-500.0,56250.0
2026-05-03,3520260501030011,5,0.0,0,high_odds_v1_top5,500,-500.0,55750.0
2026-05-04,2720260503020008,5,0.0,0,high_odds_v1_top5,500,-500.0,55250.0
2026-05-04,3520260501040001,5,0.0,0,high_odds_v1_top5,500,-500.0,54750.0
2026-05-04,3520260501040002,5,0.0,0,high_odds_v1_top5,500,-500.0,54250.0
2026-05-04,3520260501040003,5,14190.0,1,high_odds_v1_top5,500,13690.0,67940.0
2026-05-04,3520260501040004,5,0.0,0,high_odds_v1_top5,500,-500.0,67440.0
2026-05-04,3520260501040005,5,0.0,0,high_odds_v1_top5,500,-500.0,66940.0
2026-05-04,3520260501040006,5,0.0,0,high_odds_v1_top5,500,-500.0,66440.0
2026-05-04,3520260501040007,5,0.0,0,high_odds_v1_top5,500,-500.0,65940.0
2026-05-04,3520260501040008,5,0.0,0,high_odds_v1_top5,500,-500.0,65440.0
2026-05-04,3520260501040009,5,0.0,0,high_odds_v1_top5,500,-500.0,64940.0
2026-05-04,3520260501040010,5,0.0,0,high_odds_v1_top5,500,-500.0,64440.0
2026-05-04,3520260501040011,1,0.0,0,high_odds_v1_top5,100,-100.0,64340.0
2026-05-04,5620260504010012,5,0.0,0,high_odds_v1_top5,500,-500.0,63840.0
2026-05-05,3520260501050001,5,0.0,0,high_odds_v1_top5,500,-500.0,63340.0
2026-05-05,3520260501050002,5,0.0,0,high_odds_v1_top5,500,-500.0,62840.0
2026-05-05,3520260501050003,5,0.0,0,high_odds_v1_top5,500,-500.0,62340.0
2026-05-05,3520260501050005,5,0.0,0,high_odds_v1_top5,500,-500.0,61840.0
2026-05-05,3520260501050006,5,0.0,0,high_odds_v1_top5,500,-500.0,61340.0
2026-05-05,3520260501050007,3,0.0,0,high_odds_v1_top5,300,-300.0,61040.0
2026-05-05,3520260501050008,5,0.0,0,high_odds_v1_top5,500,-500.0,60540.0
2026-05-05,3520260501050009,4,0.0,0,high_odds_v1_top5,400,-400.0,60140.0
2026-05-05,3520260501050010,5,0.0,0,high_odds_v1_top5,500,-500.0,59640.0
2026-05-05,3520260501050011,5,0.0,0,high_odds_v1_top5,500,-500.0,59140.0
2026-05-06,3520260501060001,5,0.0,0,high_odds_v1_top5,500,-500.0,58640.0
2026-05-06,3520260501060002,5,0.0,0,high_odds_v1_top5,500,-500.0,58140.0
2026-05-06,3520260501060003,5,0.0,0,high_odds_v1_top5,500,-500.0,57640.0
2026-05-06,3520260501060004,5,0.0,0,high_odds_v1_top5,500,-500.0,57140.0
2026-05-06,3520260501060005,5,0.0,0,high_odds_v1_top5,500,-500.0,56640.0
2026-05-06,3520260501060006,5,13230.0,1,high_odds_v1_top5,500,12730.0,69370.0
2026-05-06,3520260501060007,5,0.0,0,high_odds_v1_top5,500,-500.0,68870.0
2026-05-06,3520260501060008,5,0.0,0,high_odds_v1_top5,500,-500.0,68370.0
2026-05-06,3520260501060009,5,14900.0,1,high_odds_v1_top5,500,14400.0,82770.0
2026-05-06,3520260501060010,5,0.0,0,high_odds_v1_top5,500,-500.0,82270.0
2026-05-06,3520260501060011,5,0.0,0,high_odds_v1_top5,500,-500.0,81770.0
2026-05-09,4720260509010004,5,0.0,0,high_odds_v1_top5,500,-500.0,81270.0
2026-05-09,4720260509010005,5,0.0,0,high_odds_v1_top5,500,-500.0,80770.0
2026-05-09,4720260509010006,5,0.0,0,high_odds_v1_top5,500,-500.0,80270.0
2026-05-09,4720260509010007,5,0.0,0,high_odds_v1_top5,500,-500.0,79770.0
2026-05-09,4720260509010008,5,0.0,0,high_odds_v1_top5,500,-500.0,79270.0
2026-05-09,4720260509010009,5,0.0,0,high_odds_v1_top5,500,-500.0,78770.0
2026-05-09,4720260509010010,5,0.0,0,high_odds_v1_top5,500,-500.0,78270.0
2026-05-09,4720260509010011,5,0.0,0,high_odds_v1_top5,500,-500.0,77770.0
2026-05-09,4720260509010012,5,0.0,0,high_odds_v1_top5,500,-500.0,77270.0
2026-05-09,5320260507030004,5,0.0,0,high_odds_v1_top5,500,-500.0,76770.0
2026-05-09,5320260507030005,5,0.0,0,high_odds_v1_top5,500,-500.0,76270.0
2026-05-10,4720260509020004,5,0.0,0,high_odds_v1_top5,500,-500.0,75770.0
2026-05-10,4720260509020005,5,0.0,0,high_odds_v1_top5,500,-500.0,75270.0
2026-05-10,4720260509020007,5,0.0,0,high_odds_v1_top5,500,-500.0,74770.0
2026-05-10,4720260509020008,5,0.0,0,high_odds_v1_top5,500,-500.0,74270.0
2026-05-10,4720260509020009,5,0.0,0,high_odds_v1_top5,500,-500.0,73770.0
2026-05-10,4720260509020010,5,0.0,0,high_odds_v1_top5,500,-500.0,73270.0
2026-05-10,4720260509020011,5,0.0,0,high_odds_v1_top5,500,-500.0,72770.0
2026-05-10,4720260509020012,5,0.0,0,high_odds_v1_top5,500,-500.0,72270.0
2026-05-11,4720260509030004,5,0.0,0,high_odds_v1_top5,500,-500.0,71770.0
2026-05-11,4720260509030005,5,0.0,0,high_odds_v1_top5,500,-500.0,71270.0
2026-05-11,4720260509030006,5,0.0,0,high_odds_v1_top5,500,-500.0,70770.0
2026-05-11,4720260509030007,5,0.0,0,high_odds_v1_top5,500,-500.0,70270.0
2026-05-11,4720260509030008,5,0.0,0,high_odds_v1_top5,500,-500.0,69770.0
2026-05-11,4720260509030009,5,0.0,0,high_odds_v1_top5,500,-500.0,69270.0
2026-05-11,4720260509030010,5,0.0,0,high_odds_v1_top5,500,-500.0,68770.0
2026-05-11,4720260509030011,5,0.0,0,high_odds_v1_top5,500,-500.0,68270.0
2026-05-11,4720260509030012,5,0.0,0,high_odds_v1_top5,500,-500.0,67770.0
2026-05-12,4720260509040004,5,0.0,0,high_odds_v1_top5,500,-500.0,67270.0
2026-05-12,4720260509040006,5,0.0,0,high_odds_v1_top5,500,-500.0,66770.0
2026-05-12,4720260509040007,5,0.0,0,high_odds_v1_top5,500,-500.0,66270.0
2026-05-12,4720260509040008,5,0.0,0,high_odds_v1_top5,500,-500.0,65770.0
2026-05-12,4720260509040009,5,0.0,0,high_odds_v1_top5,500,-500.0,65270.0
2026-05-12,4720260509040010,5,0.0,0,high_odds_v1_top5,500,-500.0,64770.0
2026-05-12,4720260509040012,5,0.0,0,high_odds_v1_top5,500,-500.0,64270.0
2026-05-14,1120260514010001,5,0.0,0,high_odds_v1_top5,500,-500.0,63770.0
2026-05-14,1120260514010003,5,0.0,0,high_odds_v1_top5,500,-500.0,63270.0
2026-05-14,1120260514010004,5,0.0,0,high_odds_v1_top5,500,-500.0,62770.0
2026-05-14,1120260514010006,5,0.0,0,high_odds_v1_top5,500,-500.0,62270.0
2026-05-14,1120260514010007,5,0.0,0,high_odds_v1_top5,500,-500.0,61770.0
2026-05-14,1120260514010009,3,0.0,0,high_odds_v1_top5,300,-300.0,61470.0
2026-05-14,1120260514010010,5,0.0,0,high_odds_v1_top5,500,-500.0,60970.0
2026-05-14,1120260514010011,5,0.0,0,high_odds_v1_top5,500,-500.0,60470.0
2026-05-14,1120260514010012,5,0.0,0,high_odds_v1_top5,500,-500.0,59970.0
2026-05-15,1120260514020001,5,0.0,0,high_odds_v1_top5,500,-500.0,59470.0
2026-05-15,1120260514020003,5,0.0,0,high_odds_v1_top5,500,-500.0,58970.0
2026-05-15,1120260514020004,5,0.0,0,high_odds_v1_top5,500,-500.0,58470.0
2026-05-15,1120260514020005,5,0.0,0,high_odds_v1_top5,500,-500.0,57970.0
2026-05-15,1120260514020007,5,0.0,0,high_odds_v1_top5,500,-500.0,57470.0
2026-05-15,1120260514020008,5,0.0,0,high_odds_v1_top5,500,-500.0,56970.0
2026-05-15,1120260514020011,5,0.0,0,high_odds_v1_top5,500,-500.0,56470.0
2026-05-15,1120260514020012,5,0.0,0,high_odds_v1_top5,500,-500.0,55970.0
2026-05-15,2420260515010008,5,0.0,0,high_odds_v1_top5,500,-500.0,55470.0
2026-05-15,2420260515010009,5,0.0,0,high_odds_v1_top5,500,-500.0,54970.0
2026-05-16,1120260514030001,5,0.0,0,high_odds_v1_top5,500,-500.0,54470.0
2026-05-16,1120260514030002,5,0.0,0,high_odds_v1_top5,500,-500.0,53970.0
2026-05-16,1120260514030003,5,0.0,0,high_odds_v1_top5,500,-500.0,53470.0
2026-05-16,1120260514030004,5,0.0,0,high_odds_v1_top5,500,-500.0,52970.0
2026-05-16,1120260514030005,5,0.0,0,high_odds_v1_top5,500,-500.0,52470.0
2026-05-16,1120260514030006,5,11940.0,1,high_odds_v1_top5,500,11440.0,63910.0
2026-05-16,1120260514030007,5,0.0,0,high_odds_v1_top5,500,-500.0,63410.0
2026-05-16,1120260514030008,5,0.0,0,high_odds_v1_top5,500,-500.0,62910.0
2026-05-16,1120260514030009,5,0.0,0,high_odds_v1_top5,500,-500.0,62410.0
2026-05-16,1120260514030011,5,0.0,0,high_odds_v1_top5,500,-500.0,61910.0
2026-05-16,1120260514030012,5,0.0,0,high_odds_v1_top5,500,-500.0,61410.0
2026-05-16,2420260515020011,5,0.0,0,high_odds_v1_top5,500,-500.0,60910.0
2026-05-16,5620260516010004,5,0.0,0,high_odds_v1_top5,500,-500.0,60410.0
2026-05-17,1120260514040003,5,0.0,0,high_odds_v1_top5,500,-500.0,59910.0
2026-05-17,1120260514040004,5,0.0,0,high_odds_v1_top5,500,-500.0,59410.0
2026-05-17,1120260514040005,5,0.0,0,high_odds_v1_top5,500,-500.0,58910.0
2026-05-17,1120260514040007,5,0.0,0,high_odds_v1_top5,500,-500.0,58410.0
2026-05-17,1120260514040009,5,0.0,0,high_odds_v1_top5,500,-500.0,57910.0
2026-05-17,1120260514040010,5,0.0,0,high_odds_v1_top5,500,-500.0,57410.0
2026-05-17,1120260514040011,5,0.0,0,high_odds_v1_top5,500,-500.0,56910.0
2026-05-17,1120260514040012,5,0.0,0,high_odds_v1_top5,500,-500.0,56410.0
2026-05-17,2420260515030006,5,0.0,0,high_odds_v1_top5,500,-500.0,55910.0
2026-05-17,2420260515030011,2,0.0,0,high_odds_v1_top5,200,-200.0,55710.0
2026-05-17,5620260516020004,5,0.0,0,high_odds_v1_top5,500,-500.0,55210.0
2026-05-22,3520260522010007,5,0.0,0,high_odds_v1_top5,500,-500.0,54710.0
2026-05-22,3520260522010009,2,0.0,0,high_odds_v1_top5,200,-200.0,54510.0
2026-05-22,3520260522010010,2,0.0,0,high_odds_v1_top5,200,-200.0,54310.0
2026-05-22,3520260522010011,2,0.0,0,high_odds_v1_top5,200,-200.0,54110.0
2026-05-22,5320260520030010,5,0.0,0,high_odds_v1_top5,500,-500.0,53610.0
2026-05-23,3520260522020008,3,0.0,0,high_odds_v1_top5,300,-300.0,53310.0
2026-05-23,3520260522020009,4,0.0,0,high_odds_v1_top5,400,-400.0,52910.0
2026-05-23,8420260523010001,5,0.0,0,high_odds_v1_top5,500,-500.0,52410.0
2026-05-23,8420260523010002,5,0.0,0,high_odds_v1_top5,500,-500.0,51910.0
2026-05-23,8420260523010003,5,0.0,0,high_odds_v1_top5,500,-500.0,51410.0
2026-05-23,8420260523010004,5,0.0,0,high_odds_v1_top5,500,-500.0,50910.0
2026-05-23,8420260523010005,5,0.0,0,high_odds_v1_top5,500,-500.0,50410.0
2026-05-23,8420260523010006,5,0.0,0,high_odds_v1_top5,500,-500.0,49910.0
2026-05-23,8420260523010007,5,13000.0,1,high_odds_v1_top5,500,12500.0,62410.0
2026-05-23,8420260523010008,5,0.0,0,high_odds_v1_top5,500,-500.0,61910.0
2026-05-23,8420260523010009,5,0.0,0,high_odds_v1_top5,500,-500.0,61410.0
2026-05-23,8420260523010010,4,0.0,0,high_odds_v1_top5,400,-400.0,61010.0
2026-05-23,8420260523010011,2,0.0,0,high_odds_v1_top5,200,-200.0,60810.0
2026-05-23,8420260523010012,3,0.0,0,high_odds_v1_top5,300,-300.0,60510.0
2026-05-24,2520260522030006,3,0.0,0,high_odds_v1_top5,300,-300.0,60210.0
2026-05-24,3520260522030004,5,0.0,0,high_odds_v1_top5,500,-500.0,59710.0
2026-05-24,3520260522030005,4,0.0,0,high_odds_v1_top5,400,-400.0,59310.0
2026-05-24,3520260522030007,5,0.0,0,high_odds_v1_top5,500,-500.0,58810.0
2026-05-24,4320260522030003,5,0.0,0,high_odds_v1_top5,500,-500.0,58310.0
2026-05-24,8420260523020001,5,0.0,0,high_odds_v1_top5,500,-500.0,57810.0
2026-05-24,8420260523020002,5,0.0,0,high_odds_v1_top5,500,-500.0,57310.0
2026-05-24,8420260523020003,5,0.0,0,high_odds_v1_top5,500,-500.0,56810.0
2026-05-24,8420260523020004,5,0.0,0,high_odds_v1_top5,500,-500.0,56310.0
2026-05-24,8420260523020005,5,0.0,0,high_odds_v1_top5,500,-500.0,55810.0
2026-05-24,8420260523020006,5,0.0,0,high_odds_v1_top5,500,-500.0,55310.0
2026-05-24,8420260523020007,5,0.0,0,high_odds_v1_top5,500,-500.0,54810.0
2026-05-24,8420260523020008,5,0.0,0,high_odds_v1_top5,500,-500.0,54310.0
2026-05-24,8420260523020009,5,0.0,0,high_odds_v1_top5,500,-500.0,53810.0
2026-05-24,8420260523020010,5,0.0,0,high_odds_v1_top5,500,-500.0,53310.0
2026-05-24,8420260523020011,5,0.0,0,high_odds_v1_top5,500,-500.0,52810.0
2026-05-24,8420260523020012,1,0.0,0,high_odds_v1_top5,100,-100.0,52710.0
2026-05-27,2220260526020007,5,0.0,0,high_odds_v1_top5,500,-500.0,52210.0
2026-05-27,7520260526020002,5,0.0,0,high_odds_v1_top5,500,-500.0,51710.0
2026-05-29,8720260529010010,2,0.0,0,high_odds_v1_top5,200,-200.0,51510.0
2026-05-30,2420260530010003,5,0.0,0,high_odds_v1_top5,500,-500.0,51010.0
2026-05-30,2420260530010004,5,0.0,0,high_odds_v1_top5,500,-500.0,50510.0
2026-05-30,2420260530010006,5,0.0,0,high_odds_v1_top5,500,-500.0,50010.0
2026-05-30,2420260530010007,2,0.0,0,high_odds_v1_top5,200,-200.0,49810.0
2026-05-30,2420260530010009,5,0.0,0,high_odds_v1_top5,500,-500.0,49310.0
2026-05-30,2420260530010010,5,0.0,0,high_odds_v1_top5,500,-500.0,48810.0
2026-05-30,2420260530010011,5,0.0,0,high_odds_v1_top5,500,-500.0,48310.0
2026-05-30,2420260530010012,5,0.0,0,high_odds_v1_top5,500,-500.0,47810.0
2026-05-30,8120260528030002,5,0.0,0,high_odds_v1_top5,500,-500.0,47310.0
2026-05-31,2420260530020001,5,0.0,0,high_odds_v1_top5,500,-500.0,46810.0
2026-05-31,2420260530020003,5,0.0,0,high_odds_v1_top5,500,-500.0,46310.0
2026-05-31,2420260530020005,5,0.0,0,high_odds_v1_top5,500,-500.0,45810.0
2026-05-31,8720260529030011,5,0.0,0,high_odds_v1_top5,500,-500.0,45310.0
2026-06-01,2420260530030004,5,0.0,0,high_odds_v1_top5,500,-500.0,44810.0
2026-06-01,2420260530030005,5,0.0,0,high_odds_v1_top5,500,-500.0,44310.0
2026-06-01,2420260530030006,5,0.0,0,high_odds_v1_top5,500,-500.0,43810.0
2026-06-01,2420260530030007,5,0.0,0,high_odds_v1_top5,500,-500.0,43310.0
2026-06-01,2420260530030008,5,0.0,0,high_odds_v1_top5,500,-500.0,42810.0
2026-06-01,2420260530030010,5,0.0,0,high_odds_v1_top5,500,-500.0,42310.0
2026-06-02,2420260530040005,5,0.0,0,high_odds_v1_top5,500,-500.0,41810.0
2026-06-02,2420260530040006,5,0.0,0,high_odds_v1_top5,500,-500.0,41310.0
2026-06-02,2420260530040007,5,0.0,0,high_odds_v1_top5,500,-500.0,40810.0
2026-06-02,2420260530040009,5,0.0,0,high_odds_v1_top5,500,-500.0,40310.0
2026-06-02,2420260530040010,5,0.0,0,high_odds_v1_top5,500,-500.0,39810.0
2026-06-02,2420260530040011,5,0.0,0,high_odds_v1_top5,500,-500.0,39310.0
2026-06-02,2420260530040012,5,0.0,0,high_odds_v1_top5,500,-500.0,38810.0
2026-06-04,4520260603020001,5,0.0,0,high_odds_v1_top5,500,-500.0,38310.0
2026-06-04,8320260604010001,5,0.0,0,high_odds_v1_top5,500,-500.0,37810.0
2026-06-04,8320260604010002,5,0.0,0,high_odds_v1_top5,500,-500.0,37310.0
2026-06-04,8320260604010003,5,0.0,0,high_odds_v1_top5,500,-500.0,36810.0
2026-06-04,8320260604010005,5,0.0,0,high_odds_v1_top5,500,-500.0,36310.0
2026-06-04,8320260604010006,5,0.0,0,high_odds_v1_top5,500,-500.0,35810.0
2026-06-04,8320260604010008,5,0.0,0,high_odds_v1_top5,500,-500.0,35310.0
2026-06-04,8320260604010009,1,0.0,0,high_odds_v1_top5,100,-100.0,35210.0
2026-06-04,8320260604010012,5,0.0,0,high_odds_v1_top5,500,-500.0,34710.0
2026-06-05,8320260604020001,5,0.0,0,high_odds_v1_top5,500,-500.0,34210.0
2026-06-05,8320260604020002,5,0.0,0,high_odds_v1_top5,500,-500.0,33710.0
2026-06-05,8320260604020003,5,0.0,0,high_odds_v1_top5,500,-500.0,33210.0
2026-06-05,8320260604020004,5,0.0,0,high_odds_v1_top5,500,-500.0,32710.0
2026-06-05,8320260604020005,5,0.0,0,high_odds_v1_top5,500,-500.0,32210.0
2026-06-05,8320260604020010,5,0.0,0,high_odds_v1_top5,500,-500.0,31710.0
2026-06-05,8320260604020011,5,0.0,0,high_odds_v1_top5,500,-500.0,31210.0
2026-06-06,5320260606010006,1,0.0,0,high_odds_v1_top5,100,-100.0,31110.0
2026-06-06,8320260604030003,5,0.0,0,high_odds_v1_top5,500,-500.0,30610.0
2026-06-06,8320260604030004,5,0.0,0,high_odds_v1_top5,500,-500.0,30110.0
2026-06-06,8320260604030005,5,0.0,0,high_odds_v1_top5,500,-500.0,29610.0
2026-06-06,8320260604030006,5,0.0,0,high_odds_v1_top5,500,-500.0,29110.0
2026-06-06,8320260604030007,5,0.0,0,high_odds_v1_top5,500,-500.0,28610.0
2026-06-06,8320260604030008,5,0.0,0,high_odds_v1_top5,500,-500.0,28110.0
2026-06-06,8320260604030009,5,0.0,0,high_odds_v1_top5,500,-500.0,27610.0
2026-06-06,8320260604030011,5,0.0,0,high_odds_v1_top5,500,-500.0,27110.0
2026-06-06,8320260604030012,5,0.0,0,high_odds_v1_top5,500,-500.0,26610.0
2026-06-07,5320260606020006,5,0.0,0,high_odds_v1_top5,500,-500.0,26110.0
2026-06-07,8320260604040001,5,0.0,0,high_odds_v1_top5,500,-500.0,25610.0
2026-06-07,8320260604040002,5,0.0,0,high_odds_v1_top5,500,-500.0,25110.0
2026-06-07,8320260604040003,5,0.0,0,high_odds_v1_top5,500,-500.0,24610.0
2026-06-07,8320260604040004,5,0.0,0,high_odds_v1_top5,500,-500.0,24110.0
2026-06-07,8320260604040005,5,0.0,0,high_odds_v1_top5,500,-500.0,23610.0
2026-06-07,8320260604040006,5,0.0,0,high_odds_v1_top5,500,-500.0,23110.0
2026-06-07,8320260604040007,5,0.0,0,high_odds_v1_top5,500,-500.0,22610.0
2026-06-07,8320260604040008,5,0.0,0,high_odds_v1_top5,500,-500.0,22110.0
2026-06-07,8320260604040010,5,0.0,0,high_odds_v1_top5,500,-500.0,21610.0
2026-06-07,8320260604040012,5,0.0,0,high_odds_v1_top5,500,-500.0,21110.0
2026-06-11,4320260611010001,5,0.0,0,high_odds_v1_top5,500,-500.0,20610.0
2026-06-11,4320260611010002,5,0.0,0,high_odds_v1_top5,500,-500.0,20110.0
2026-06-11,4320260611010003,5,0.0,0,high_odds_v1_top5,500,-500.0,19610.0
2026-06-11,4320260611010004,5,0.0,0,high_odds_v1_top5,500,-500.0,19110.0
2026-06-11,4320260611010005,5,0.0,0,high_odds_v1_top5,500,-500.0,18610.0
2026-06-11,4320260611010006,5,0.0,0,high_odds_v1_top5,500,-500.0,18110.0
2026-06-11,4320260611010007,5,0.0,0,high_odds_v1_top5,500,-500.0,17610.0
2026-06-11,4320260611010008,5,0.0,0,high_odds_v1_top5,500,-500.0,17110.0
2026-06-11,4320260611010010,5,0.0,0,high_odds_v1_top5,500,-500.0,16610.0
2026-06-11,4320260611010012,5,0.0,0,high_odds_v1_top5,500,-500.0,16110.0
2026-06-11,6120260611010004,5,0.0,0,high_odds_v1_top5,500,-500.0,15610.0
2026-06-11,6120260611010005,5,0.0,0,high_odds_v1_top5,500,-500.0,15110.0
2026-06-11,6120260611010007,5,0.0,0,high_odds_v1_top5,500,-500.0,14610.0
2026-06-11,6120260611010009,5,0.0,0,high_odds_v1_top5,500,-500.0,14110.0
2026-06-11,6120260611010010,5,17630.0,1,high_odds_v1_top5,500,17130.0,31240.0
2026-06-11,6120260611010011,5,0.0,0,high_odds_v1_top5,500,-500.0,30740.0
2026-06-11,6120260611010012,5,19680.0,1,high_odds_v1_top5,500,19180.0,49920.0
2026-06-12,4320260611020003,5,0.0,0,high_odds_v1_top5,500,-500.0,49420.0
2026-06-12,4320260611020006,5,0.0,0,high_odds_v1_top5,500,-500.0,48920.0
2026-06-12,4320260611020007,5,0.0,0,high_odds_v1_top5,500,-500.0,48420.0
2026-06-12,4320260611020008,5,0.0,0,high_odds_v1_top5,500,-500.0,47920.0
2026-06-12,4320260611020010,5,0.0,0,high_odds_v1_top5,500,-500.0,47420.0
2026-06-12,4320260611020011,5,0.0,0,high_odds_v1_top5,500,-500.0,46920.0
2026-06-12,4320260611020012,5,0.0,0,high_odds_v1_top5,500,-500.0,46420.0
2026-06-12,6120260611020004,5,0.0,0,high_odds_v1_top5,500,-500.0,45920.0
2026-06-12,6120260611020005,5,0.0,0,high_odds_v1_top5,500,-500.0,45420.0
2026-06-12,6120260611020006,5,0.0,0,high_odds_v1_top5,500,-500.0,44920.0
2026-06-12,6120260611020007,5,0.0,0,high_odds_v1_top5,500,-500.0,44420.0
2026-06-12,6120260611020008,5,20190.0,1,high_odds_v1_top5,500,19690.0,64110.0
2026-06-12,6120260611020009,5,0.0,0,high_odds_v1_top5,500,-500.0,63610.0
2026-06-12,6120260611020010,5,0.0,0,high_odds_v1_top5,500,-500.0,63110.0
2026-06-12,6120260611020011,5,0.0,0,high_odds_v1_top5,500,-500.0,62610.0
2026-06-12,6120260611020012,5,15600.0,1,high_odds_v1_top5,500,15100.0,77710.0
2026-06-13,4320260611030004,5,0.0,0,high_odds_v1_top5,500,-500.0,77210.0
2026-06-13,4320260611030006,5,0.0,0,high_odds_v1_top5,500,-500.0,76710.0
2026-06-13,4320260611030007,5,0.0,0,high_odds_v1_top5,500,-500.0,76210.0
2026-06-13,4320260611030008,5,0.0,0,high_odds_v1_top5,500,-500.0,75710.0
2026-06-13,4320260611030009,5,0.0,0,high_odds_v1_top5,500,-500.0,75210.0
2026-06-13,4320260611030010,5,0.0,0,high_odds_v1_top5,500,-500.0,74710.0
2026-06-13,4320260611030011,5,0.0,0,high_odds_v1_top5,500,-500.0,74210.0
2026-06-13,4320260611030012,5,0.0,0,high_odds_v1_top5,500,-500.0,73710.0
2026-06-13,6120260611030004,5,0.0,0,high_odds_v1_top5,500,-500.0,73210.0
2026-06-13,6120260611030005,5,0.0,0,high_odds_v1_top5,500,-500.0,72710.0
2026-06-13,6120260611030007,5,0.0,0,high_odds_v1_top5,500,-500.0,72210.0
2026-06-13,6120260611030008,5,0.0,0,high_odds_v1_top5,500,-500.0,71710.0
2026-06-13,6120260611030009,5,0.0,0,high_odds_v1_top5,500,-500.0,71210.0
2026-06-13,6120260611030010,5,0.0,0,high_odds_v1_top5,500,-500.0,70710.0
2026-06-13,6120260611030011,5,0.0,0,high_odds_v1_top5,500,-500.0,70210.0
2026-06-13,6120260611030012,5,0.0,0,high_odds_v1_top5,500,-500.0,69710.0
2026-06-14,2120260612030002,5,0.0,0,high_odds_v1_top5,500,-500.0,69210.0
2026-06-14,4320260611040004,5,0.0,0,high_odds_v1_top5,500,-500.0,68710.0
2026-06-14,4320260611040005,5,0.0,0,high_odds_v1_top5,500,-500.0,68210.0
2026-06-14,4320260611040006,5,0.0,0,high_odds_v1_top5,500,-500.0,67710.0
2026-06-14,4320260611040007,5,0.0,0,high_odds_v1_top5,500,-500.0,67210.0
2026-06-14,4320260611040008,5,0.0,0,high_odds_v1_top5,500,-500.0,66710.0
2026-06-14,4320260611040009,5,0.0,0,high_odds_v1_top5,500,-500.0,66210.0
2026-06-14,4320260611040010,5,0.0,0,high_odds_v1_top5,500,-500.0,65710.0
2026-06-14,4320260611040011,5,0.0,0,high_odds_v1_top5,500,-500.0,65210.0
2026-06-14,4320260611040012,5,0.0,0,high_odds_v1_top5,500,-500.0,64710.0
2026-06-14,6120260611040003,5,0.0,0,high_odds_v1_top5,500,-500.0,64210.0
2026-06-14,6120260611040005,5,0.0,0,high_odds_v1_top5,500,-500.0,63710.0
2026-06-14,6120260611040006,5,0.0,0,high_odds_v1_top5,500,-500.0,63210.0
2026-06-14,6120260611040007,5,0.0,0,high_odds_v1_top5,500,-500.0,62710.0
2026-06-14,6120260611040009,5,0.0,0,high_odds_v1_top5,500,-500.0,62210.0
2026-06-14,6120260611040010,5,0.0,0,high_odds_v1_top5,500,-500.0,61710.0
2026-06-14,6120260611040011,5,0.0,0,high_odds_v1_top5,500,-500.0,61210.0
2026-06-14,6120260611040012,5,18570.0,1,high_odds_v1_top5,500,18070.0,79280.0
2026-06-16,5620260616010001,5,0.0,0,high_odds_v1_top5,500,-500.0,78780.0
2026-06-16,5620260616010002,1,0.0,0,high_odds_v1_top5,100,-100.0,78680.0
2026-06-16,5620260616010003,5,0.0,0,high_odds_v1_top5,500,-500.0,78180.0
2026-06-16,5620260616010004,5,0.0,0,high_odds_v1_top5,500,-500.0,77680.0
2026-06-16,5620260616010005,3,15310.0,1,high_odds_v1_top5,300,15010.0,92690.0
2026-06-16,5620260616010006,5,0.0,0,high_odds_v1_top5,500,-500.0,92190.0
2026-06-16,5620260616010008,4,0.0,0,high_odds_v1_top5,400,-400.0,91790.0
2026-06-16,5620260616010009,5,0.0,0,high_odds_v1_top5,500,-500.0,91290.0
2026-06-16,5620260616010010,5,0.0,0,high_odds_v1_top5,500,-500.0,90790.0
2026-06-16,5620260616010011,5,0.0,0,high_odds_v1_top5,500,-500.0,90290.0
2026-06-16,5620260616010012,5,0.0,0,high_odds_v1_top5,500,-500.0,89790.0
2026-06-17,5620260616020001,5,0.0,0,high_odds_v1_top5,500,-500.0,89290.0
2026-06-17,5620260616020002,5,0.0,0,high_odds_v1_top5,500,-500.0,88790.0
2026-06-17,5620260616020003,5,0.0,0,high_odds_v1_top5,500,-500.0,88290.0
2026-06-17,5620260616020004,5,0.0,0,high_odds_v1_top5,500,-500.0,87790.0
2026-06-17,5620260616020005,5,0.0,0,high_odds_v1_top5,500,-500.0,87290.0
2026-06-17,5620260616020006,5,0.0,0,high_odds_v1_top5,500,-500.0,86790.0
2026-06-17,5620260616020007,4,0.0,0,high_odds_v1_top5,400,-400.0,86390.0
2026-06-17,5620260616020008,5,0.0,0,high_odds_v1_top5,500,-500.0,85890.0
2026-06-17,5620260616020009,5,0.0,0,high_odds_v1_top5,500,-500.0,85390.0
2026-06-17,5620260616020010,5,0.0,0,high_odds_v1_top5,500,-500.0,84890.0
2026-06-17,5620260616020012,2,0.0,0,high_odds_v1_top5,200,-200.0,84690.0
2026-06-18,5620260616030001,5,0.0,0,high_odds_v1_top5,500,-500.0,84190.0
2026-06-18,5620260616030002,5,0.0,0,high_odds_v1_top5,500,-500.0,83690.0
2026-06-18,5620260616030003,5,0.0,0,high_odds_v1_top5,500,-500.0,83190.0
2026-06-18,5620260616030004,5,0.0,0,high_odds_v1_top5,500,-500.0,82690.0
2026-06-18,5620260616030005,5,0.0,0,high_odds_v1_top5,500,-500.0,82190.0
2026-06-18,5620260616030006,5,20890.0,1,high_odds_v1_top5,500,20390.0,102580.0
2026-06-18,5620260616030007,5,0.0,0,high_odds_v1_top5,500,-500.0,102080.0
2026-06-18,5620260616030008,5,0.0,0,high_odds_v1_top5,500,-500.0,101580.0
2026-06-18,5620260616030009,5,0.0,0,high_odds_v1_top5,500,-500.0,101080.0
2026-06-18,5620260616030010,5,0.0,0,high_odds_v1_top5,500,-500.0,100580.0
2026-06-18,5620260616030011,5,0.0,0,high_odds_v1_top5,500,-500.0,100080.0
2026-06-19,5620260616040001,5,0.0,0,high_odds_v1_top5,500,-500.0,99580.0
2026-06-19,5620260616040002,5,0.0,0,high_odds_v1_top5,500,-500.0,99080.0
2026-06-19,5620260616040003,5,0.0,0,high_odds_v1_top5,500,-500.0,98580.0
2026-06-19,5620260616040004,5,0.0,0,high_odds_v1_top5,500,-500.0,98080.0
2026-06-19,5620260616040005,5,0.0,0,high_odds_v1_top5,500,-500.0,97580.0
2026-06-19,5620260616040006,5,0.0,0,high_odds_v1_top5,500,-500.0,97080.0
2026-06-19,5620260616040007,5,0.0,0,high_odds_v1_top5,500,-500.0,96580.0
2026-06-19,5620260616040008,5,0.0,0,high_odds_v1_top5,500,-500.0,96080.0
2026-06-19,5620260616040009,5,0.0,0,high_odds_v1_top5,500,-500.0,95580.0
2026-06-19,5620260616040010,5,0.0,0,high_odds_v1_top5,500,-500.0,95080.0
2026-06-19,5620260616040011,4,0.0,0,high_odds_v1_top5,400,-400.0,94680.0
2026-06-19,5620260616040012,5,0.0,0,high_odds_v1_top5,500,-500.0,94180.0
2026-06-20,5620260616050001,5,0.0,0,high_odds_v1_top5,500,-500.0,93680.0
2026-06-20,5620260616050002,5,0.0,0,high_odds_v1_top5,500,-500.0,93180.0
2026-06-20,5620260616050003,5,0.0,0,high_odds_v1_top5,500,-500.0,92680.0
2026-06-20,5620260616050004,5,0.0,0,high_odds_v1_top5,500,-500.0,92180.0
2026-06-20,5620260616050005,5,0.0,0,high_odds_v1_top5,500,-500.0,91680.0
2026-06-20,5620260616050006,5,0.0,0,high_odds_v1_top5,500,-500.0,91180.0
2026-06-20,5620260616050007,5,0.0,0,high_odds_v1_top5,500,-500.0,90680.0
2026-06-20,5620260616050008,5,0.0,0,high_odds_v1_top5,500,-500.0,90180.0
2026-06-20,5620260616050009,5,0.0,0,high_odds_v1_top5,500,-500.0,89680.0
2026-06-20,5620260616050010,5,0.0,0,high_odds_v1_top5,500,-500.0,89180.0
2026-06-20,5620260616050011,5,0.0,0,high_odds_v1_top5,500,-500.0,88680.0
2026-06-20,5620260616050012,5,0.0,0,high_odds_v1_top5,500,-500.0,88180.0
2026-06-21,5620260616060001,5,0.0,0,high_odds_v1_top5,500,-500.0,87680.0
2026-06-21,5620260616060002,5,0.0,0,high_odds_v1_top5,500,-500.0,87180.0
2026-06-21,5620260616060003,5,0.0,0,high_odds_v1_top5,500,-500.0,86680.0
2026-06-21,5620260616060004,5,0.0,0,high_odds_v1_top5,500,-500.0,86180.0
2026-06-21,5620260616060005,5,0.0,0,high_odds_v1_top5,500,-500.0,85680.0
2026-06-21,5620260616060006,5,0.0,0,high_odds_v1_top5,500,-500.0,85180.0
2026-06-21,5620260616060007,5,0.0,0,high_odds_v1_top5,500,-500.0,84680.0
2026-06-21,5620260616060008,5,0.0,0,high_odds_v1_top5,500,-500.0,84180.0
2026-06-21,5620260616060009,5,0.0,0,high_odds_v1_top5,500,-500.0,83680.0
2026-06-21,5620260616060010,5,0.0,0,high_odds_v1_top5,500,-500.0,83180.0
2026-06-21,5620260616060011,5,0.0,0,high_odds_v1_top5,500,-500.0,82680.0
2026-06-21,5620260616060012,4,0.0,0,high_odds_v1_top5,400,-400.0,82280.0
2026-06-23,2420260621030001,5,0.0,0,high_odds_v1_top5,500,-500.0,81780.0
2026-06-23,8420260621030008,5,0.0,0,high_odds_v1_top5,500,-500.0,81280.0
