place,race_date_id,race_count
hakodate,11202304130100,9
hakodate,11202304130100,9
hakodate,11202304130100,9
hakodate,11202304130200,9
hakodate,11202304130200,9
hakodate,11202304130200,9
hakodate,11202304130300,9
hakodate,11202304130300,9
hakodate,11202304130300,9
hakodate,11202304190100,9
hakodate,11202304190100,9
hakodate,11202304190100,9
hakodate,11202304190200,9
hakodate,11202304190200,9
hakodate,11202304190200,9
hakodate,11202304190300,9
hakodate,11202304190300,9
hakodate,11202304190300,9
hakodate,11202304270100,12
hakodate,11202304270100,12
hakodate,11202304270100,12
hakodate,11202304270200,12
hakodate,11202304270200,12
hakodate,11202304270200,12
hakodate,11202304270300,12
hakodate,11202304270300,12
hakodate,11202304270300,12
hakodate,11202305010100,7
hakodate,11202305010100,7
hakodate,11202305010100,7
hakodate,11202305010200,7
hakodate,11202305010200,7
hakodate,11202305010200,7
hakodate,11202305010300,7
hakodate,11202305010300,7
hakodate,11202305010300,7
hakodate,11202305130100,12
hakodate,11202305130100,12
hakodate,11202305130100,12
hakodate,11202305130100,12
hakodate,11202305130200,12
hakodate,11202305130200,12
hakodate,11202305130200,12
hakodate,11202305130200,12
hakodate,11202305130300,12
hakodate,11202305130300,12
hakodate,11202305130300,12
hakodate,11202305130300,12
hakodate,11202305130400,12
hakodate,11202305130400,12
hakodate,11202305130400,12
hakodate,11202305130400,12
hakodate,11202305230100,12
hakodate,11202305230100,12
hakodate,11202305230100,12
hakodate,11202305230200,12
hakodate,11202305230200,12
hakodate,11202305230200,12
hakodate,11202305230300,12
hakodate,11202305230300,12
hakodate,11202305230300,12
hakodate,11202306030100,12
hakodate,11202306030100,12
hakodate,11202306030100,12
hakodate,11202306030200,12
hakodate,11202306030200,12
hakodate,11202306030200,12
hakodate,11202306030300,12
hakodate,11202306030300,12
hakodate,11202306030300,12
hakodate,11202306080100,12
hakodate,11202306080100,12
hakodate,11202306080100,12
hakodate,11202306080200,12
hakodate,11202306080200,12
hakodate,11202306080200,12
hakodate,11202306080300,12
hakodate,11202306080300,12
hakodate,11202306080300,12
hakodate,11202306130100,9
hakodate,11202306130100,9
hakodate,11202306130100,9
hakodate,11202306130200,9
hakodate,11202306130200,9
hakodate,11202306130200,9
hakodate,11202306130300,9
hakodate,11202306130300,9
hakodate,11202306130300,9
hakodate,11202306220100,12
hakodate,11202306220100,12
hakodate,11202306220100,12
hakodate,11202306220200,12
hakodate,11202306220200,12
hakodate,11202306220200,12
hakodate,11202306220300,12
hakodate,11202306220300,12
hakodate,11202306220300,12
hakodate,11202306280100,9
hakodate,11202306280100,9
hakodate,11202306280100,9
hakodate,11202306280200,9
hakodate,11202306280200,9
hakodate,11202306280200,9
hakodate,11202306280300,9
hakodate,11202306280300,9
hakodate,11202306280300,9
hakodate,11202307070100,9
hakodate,11202307070100,9
hakodate,11202307070100,9
hakodate,11202307070200,9
hakodate,11202307070200,9
hakodate,11202307070200,9
hakodate,11202307070300,9
hakodate,11202307070300,9
hakodate,11202307070300,9
hakodate,11202307150100,12
hakodate,11202307150100,12
hakodate,11202307150100,12
hakodate,11202307150200,12
hakodate,11202307150200,12
hakodate,11202307150200,12
hakodate,11202307150300,12
hakodate,11202307150300,12
hakodate,11202307150300,12
hakodate,11202307210100,12
hakodate,11202307210100,12
hakodate,11202307210100,12
hakodate,11202307210200,12
hakodate,11202307210200,12
hakodate,11202307210200,12
hakodate,11202307210300,12
hakodate,11202307210300,12
hakodate,11202307210300,12
hakodate,11202307290100,12
hakodate,11202307290100,12
hakodate,11202307290100,12
hakodate,11202307290200,12
hakodate,11202307290200,12
hakodate,11202307290200,12
hakodate,11202307290300,12
hakodate,11202307290300,12
hakodate,11202307290300,12
hakodate,11202308120100,12
hakodate,11202308120100,12
hakodate,11202308120100,12
hakodate,11202308120200,12
hakodate,11202308120200,12
hakodate,11202308120200,12
hakodate,11202308120300,12
hakodate,11202308120300,12
hakodate,11202308120300,12
hakodate,11202308230100,12
hakodate,11202308230100,12
hakodate,11202308230100,12
hakodate,11202308230200,12
hakodate,11202308230200,12
hakodate,11202308230200,12
hakodate,11202308230300,12
hakodate,11202308230300,12
hakodate,11202308230300,12
hakodate,11202308300100,9
hakodate,11202308300100,9
hakodate,11202308300100,9
hakodate,11202308300200,9
hakodate,11202308300200,9
hakodate,11202308300200,9
hakodate,11202308300300,9
hakodate,11202308300300,9
hakodate,11202308300300,9
hakodate,11202309050100,12
hakodate,11202309050100,12
hakodate,11202309050100,12
hakodate,11202309050200,12
hakodate,11202309050200,12
hakodate,11202309050200,12
hakodate,11202309050300,12
hakodate,11202309050300,12
hakodate,11202309050300,12
hakodate,11202309110100,9
hakodate,11202309110100,9
hakodate,11202309110100,9
hakodate,11202309110200,9
hakodate,11202309110200,9
hakodate,11202309110200,9
hakodate,11202309110300,9
hakodate,11202309110300,9
hakodate,11202309110300,9
hakodate,11202309260100,12
hakodate,11202309260100,12
hakodate,11202309260100,12
hakodate,11202309260200,12
hakodate,11202309260200,12
hakodate,11202309260200,12
hakodate,11202309260300,12
hakodate,11202309260300,12
hakodate,11202309260300,12
hakodate,11202310230100,12
hakodate,11202310230100,12
hakodate,11202310230100,12
hakodate,11202310230200,12
hakodate,11202310230200,12
hakodate,11202310230200,12
hakodate,11202310230300,12
hakodate,11202310230300,12
hakodate,11202310230300,12
hakodate,11202404130100,9
hakodate,11202404130100,9
hakodate,11202404130100,9
hakodate,11202404130200,9
hakodate,11202404130200,9
hakodate,11202404130200,9
hakodate,11202404130300,9
hakodate,11202404130300,9
hakodate,11202404130300,9
hakodate,11202404180100,12
hakodate,11202404180100,12
hakodate,11202404180100,12
hakodate,11202404180200,12
hakodate,11202404180200,12
hakodate,11202404180200,12
hakodate,11202404180300,12
hakodate,11202404180300,12
hakodate,11202404180300,12
hakodate,11202404230100,12
hakodate,11202404230100,12
hakodate,11202404230100,12
hakodate,11202404230200,12
hakodate,11202404230200,12
hakodate,11202404230200,12
hakodate,11202404230300,12
hakodate,11202404230300,12
hakodate,11202404230300,12
hakodate,11202405010100,7
hakodate,11202405010100,7
hakodate,11202405010100,7
hakodate,11202405010200,7
hakodate,11202405010200,7
hakodate,11202405010200,7
hakodate,11202405010300,7
hakodate,11202405010300,7
hakodate,11202405010300,7
hakodate,11202405090100,12
hakodate,11202405090100,12
hakodate,11202405090100,12
hakodate,11202405090200,12
hakodate,11202405090200,12
hakodate,11202405090200,12
hakodate,11202405090300,12
hakodate,11202405090300,12
hakodate,11202405090300,12
hakodate,11202405160100,12
hakodate,11202405160100,12
hakodate,11202405160100,12
hakodate,11202405160100,12
hakodate,11202405160200,12
hakodate,11202405160200,12
hakodate,11202405160200,12
hakodate,11202405160200,12
hakodate,11202405160300,12
hakodate,11202405160300,12
hakodate,11202405160300,12
hakodate,11202405160300,12
hakodate,11202405160400,12
hakodate,11202405160400,12
hakodate,11202405160400,12
hakodate,11202405160400,12
hakodate,11202405240100,12
hakodate,11202405240100,12
hakodate,11202405240100,12
hakodate,11202405240200,12
hakodate,11202405240200,12
hakodate,11202405240200,12
hakodate,11202405240300,11
hakodate,11202405240300,11
hakodate,11202405240300,11
hakodate,11202405290100,12
hakodate,11202405290100,12
hakodate,11202405290100,12
hakodate,11202405290200,12
hakodate,11202405290200,12
hakodate,11202405290200,12
hakodate,11202405290300,12
hakodate,11202405290300,12
hakodate,11202405290300,12
hakodate,11202406060100,12
hakodate,11202406060100,12
hakodate,11202406060100,12
hakodate,11202406060100,12
hakodate,11202406060200,12
hakodate,11202406060200,12
hakodate,11202406060200,12
hakodate,11202406060200,12
hakodate,11202406060300,12
hakodate,11202406060300,12
hakodate,11202406060300,12
hakodate,11202406060300,12
hakodate,11202406060400,12
hakodate,11202406060400,12
hakodate,11202406060400,12
hakodate,11202406060400,12
hakodate,11202408040100,12
hakodate,11202408040100,12
hakodate,11202408040100,12
hakodate,11202408040200,12
hakodate,11202408040200,12
hakodate,11202408040200,12
hakodate,11202408040300,12
hakodate,11202408040300,12
hakodate,11202408040300,12
hakodate,11202408100100,9
hakodate,11202408100100,9
hakodate,11202408100100,9
hakodate,11202408100200,9
hakodate,11202408100200,9
hakodate,11202408100200,9
hakodate,11202408100300,9
hakodate,11202408100300,9
hakodate,11202408100300,9
hakodate,11202408190100,12
hakodate,11202408190100,12
hakodate,11202408190100,12
hakodate,11202408190200,12
hakodate,11202408190200,12
hakodate,11202408190200,12
hakodate,11202408190300,12
hakodate,11202408190300,12
hakodate,11202408190300,12
hakodate,11202408250100,9
hakodate,11202408250100,9
hakodate,11202408250100,9
hakodate,11202408250200,9
hakodate,11202408250200,9
hakodate,11202408250200,9
hakodate,11202408250300,9
hakodate,11202408250300,9
hakodate,11202408250300,9
hakodate,11202409030100,7
hakodate,11202409030100,7
hakodate,11202409030100,7
hakodate,11202409030200,7
hakodate,11202409030200,7
hakodate,11202409030200,7
hakodate,11202409030300,7
hakodate,11202409030300,7
hakodate,11202409030300,7
hakodate,11202409120100,12
hakodate,11202409120100,12
hakodate,11202409120100,12
hakodate,11202409120200,12
hakodate,11202409120200,12
hakodate,11202409120200,12
hakodate,11202409120300,12
hakodate,11202409120300,12
hakodate,11202409120300,12
hakodate,11202409180100,9
hakodate,11202409180100,9
hakodate,11202409180100,9
hakodate,11202409180200,9
hakodate,11202409180200,9
hakodate,11202409180200,9
hakodate,11202409180300,9
hakodate,11202409180300,9
hakodate,11202409180300,9
hakodate,11202409230100,12
hakodate,11202409230100,12
hakodate,11202409230100,12
hakodate,11202409230200,12
hakodate,11202409230200,12
hakodate,11202409230200,12
hakodate,11202409230300,12
hakodate,11202409230300,12
hakodate,11202409230300,12
hakodate,11202410010100,12
hakodate,11202410010100,12
hakodate,11202410010100,12
hakodate,11202410010200,12
hakodate,11202410010200,12
hakodate,11202410010200,12
hakodate,11202410010300,11
hakodate,11202410010300,11
hakodate,11202410010300,11
hakodate,11202410180100,12
hakodate,11202410180100,12
hakodate,11202410180100,12
hakodate,11202410180200,12
hakodate,11202410180200,12
hakodate,11202410180200,12
hakodate,11202410180300,12
hakodate,11202410180300,12
hakodate,11202410180300,12
hakodate,11202410280100,12
hakodate,11202410280100,12
hakodate,11202410280100,12
hakodate,11202410280200,12
hakodate,11202410280200,12
hakodate,11202410280200,12
hakodate,11202410280300,12
hakodate,11202410280300,12
hakodate,11202410280300,12
hakodate,11202504160100,12
hakodate,11202504160100,12
hakodate,11202504160100,12
hakodate,11202504160200,12
hakodate,11202504160200,12
hakodate,11202504160200,12
hakodate,11202504160300,12
hakodate,11202504160300,12
hakodate,11202504160300,12
hakodate,11202504250100,7
hakodate,11202504250100,7
hakodate,11202504250100,7
hakodate,11202504250200,7
hakodate,11202504250200,7
hakodate,11202504250200,7
hakodate,11202504250300,7
hakodate,11202504250300,7
hakodate,11202504250300,7
hakodate,11202505020100,12
hakodate,11202505020100,12
hakodate,11202505020100,12
hakodate,11202505020200,12
hakodate,11202505020200,12
hakodate,11202505020200,12
hakodate,11202505020300,12
hakodate,11202505020300,12
hakodate,11202505020300,12
hakodate,11202505140100,9
hakodate,11202505140100,9
hakodate,11202505140100,9
hakodate,11202505140200,9
hakodate,11202505140200,9
hakodate,11202505140200,9
hakodate,11202505140300,9
hakodate,11202505140300,9
hakodate,11202505140300,9
hakodate,11202505190100,11
hakodate,11202505190100,11
hakodate,11202505190100,11
hakodate,11202505190200,11
hakodate,11202505190200,11
hakodate,11202505190200,11
hakodate,11202505190300,11
hakodate,11202505190300,11
hakodate,11202505190300,11
hakodate,11202505260100,9
hakodate,11202505260100,9
hakodate,11202505260100,9
hakodate,11202505260200,9
hakodate,11202505260200,9
hakodate,11202505260200,9
hakodate,11202505260300,9
hakodate,11202505260300,9
hakodate,11202505260300,9
hakodate,11202506020100,12
hakodate,11202506020100,12
hakodate,11202506020100,12
hakodate,11202506020200,12
hakodate,11202506020200,12
hakodate,11202506020200,12
hakodate,11202506020300,12
hakodate,11202506020300,12
hakodate,11202506020300,12
hakodate,11202506070100,9
hakodate,11202506070100,9
hakodate,11202506070100,9
hakodate,11202506070200,9
hakodate,11202506070200,9
hakodate,11202506070200,9
hakodate,11202506070300,9
hakodate,11202506070300,9
hakodate,11202506070300,9
hakodate,11202507010100,7
hakodate,11202507010100,7
hakodate,11202507010100,7
hakodate,11202507010200,7
hakodate,11202507010200,7
hakodate,11202507010200,7
hakodate,11202507010300,7
hakodate,11202507010300,7
hakodate,11202507010300,7
hakodate,11202507080100,11
hakodate,11202507080100,11
hakodate,11202507080100,11
hakodate,11202507080200,11
hakodate,11202507080200,11
hakodate,11202507080200,11
hakodate,11202507080300,11
hakodate,11202507080300,11
hakodate,11202507080300,11
hakodate,11202507130100,9
hakodate,11202507130100,9
hakodate,11202507130100,9
hakodate,11202507130200,9
hakodate,11202507130200,9
hakodate,11202507130200,9
hakodate,11202507130300,9
hakodate,11202507130300,9
hakodate,11202507130300,9
hakodate,11202507220100,11
hakodate,11202507220100,11
hakodate,11202507220100,11
hakodate,11202507220200,11
hakodate,11202507220200,11
hakodate,11202507220200,11
hakodate,11202507220300,11
hakodate,11202507220300,11
hakodate,11202507220300,11
hakodate,11202508120100,11
hakodate,11202508120100,11
hakodate,11202508120100,11
hakodate,11202508120100,11
hakodate,11202508120100,11
hakodate,11202508120100,11
hakodate,11202508120200,11
hakodate,11202508120200,11
hakodate,11202508120200,11
hakodate,11202508120200,11
hakodate,11202508120200,11
hakodate,11202508120200,11
hakodate,11202508120300,11
hakodate,11202508120300,11
hakodate,11202508120300,11
hakodate,11202508120300,11
hakodate,11202508120300,11
hakodate,11202508120300,11
hakodate,11202508120400,11
hakodate,11202508120400,11
hakodate,11202508120400,11
hakodate,11202508120400,11
hakodate,11202508120400,11
hakodate,11202508120400,11
hakodate,11202508120500,11
hakodate,11202508120500,11
hakodate,11202508120500,11
hakodate,11202508120500,11
hakodate,11202508120500,11
hakodate,11202508120500,11
hakodate,11202508120600,11
hakodate,11202508120600,11
hakodate,11202508120600,11
hakodate,11202508120600,11
hakodate,11202508120600,11
hakodate,11202508120600,11
hakodate,11202509080100,11
hakodate,11202509080100,11
hakodate,11202509080100,11
hakodate,11202509080200,11
hakodate,11202509080200,11
hakodate,11202509080200,11
hakodate,11202509080300,11
hakodate,11202509080300,11
hakodate,11202509080300,11
hakodate,11202509140100,9
hakodate,11202509140100,9
hakodate,11202509140100,9
hakodate,11202509140200,9
hakodate,11202509140200,9
hakodate,11202509140200,9
hakodate,11202509140300,9
hakodate,11202509140300,9
hakodate,11202509140300,9
hakodate,11202509290100,12
hakodate,11202509290100,12
hakodate,11202509290100,12
hakodate,11202509290200,12
hakodate,11202509290200,12
hakodate,11202509290200,12
hakodate,11202509290300,12
hakodate,11202509290300,12
hakodate,11202509290300,12
hakodate,11202510040100,11
hakodate,11202510040100,11
hakodate,11202510040100,11
hakodate,11202510040200,11
hakodate,11202510040200,11
hakodate,11202510040200,11
hakodate,11202510040300,11
hakodate,11202510040300,11
hakodate,11202510040300,11
hakodate,11202510110100,12
hakodate,11202510110100,12
hakodate,11202510110100,12
hakodate,11202510110200,12
hakodate,11202510110200,12
hakodate,11202510110200,12
hakodate,11202510110300,12
hakodate,11202510110300,12
hakodate,11202510110300,12
hakodate,11202510230100,12
hakodate,11202510230100,12
hakodate,11202510230100,12
hakodate,11202510230200,12
hakodate,11202510230200,12
hakodate,11202510230200,12
hakodate,11202510230300,12
hakodate,11202510230300,12
hakodate,11202510230300,12
hakodate,11202604090100,11
hakodate,11202604090100,11
hakodate,11202604090100,11
hakodate,11202604090200,11
hakodate,11202604090200,11
hakodate,11202604090200,11
hakodate,11202604090300,11
hakodate,11202604090300,11
hakodate,11202604090300,11
hakodate,11202604150100,12
hakodate,11202604150100,12
hakodate,11202604150100,12
hakodate,11202604150200,12
hakodate,11202604150200,12
hakodate,11202604150200,12
hakodate,11202604150300,12
hakodate,11202604150300,12
hakodate,11202604150300,12
hakodate,11202604190100,9
hakodate,11202604190100,9
hakodate,11202604190100,9
hakodate,11202604190200,9
hakodate,11202604190200,9
hakodate,11202604190200,9
hakodate,11202604190300,9
hakodate,11202604190300,9
hakodate,11202604190300,9
hakodate,11202604250100,9
hakodate,11202604250100,9
hakodate,11202604250100,9
hakodate,11202604250200,9
hakodate,11202604250200,9
hakodate,11202604250200,9
hakodate,11202604250300,9
hakodate,11202604250300,9
hakodate,11202604250300,9
hakodate,11202604300100,12
hakodate,11202604300100,12
hakodate,11202604300100,12
hakodate,11202604300200,12
hakodate,11202604300200,12
hakodate,11202604300200,12
hakodate,11202604300300,12
hakodate,11202604300300,12
hakodate,11202604300300,12
hakodate,11202605070100,11
hakodate,11202605070100,11
hakodate,11202605070100,11
hakodate,11202605070200,11
hakodate,11202605070200,11
hakodate,11202605070200,11
hakodate,11202605070300,11
hakodate,11202605070300,11
hakodate,11202605070300,11
hakodate,11202605140100,12
hakodate,11202605140100,12
hakodate,11202605140100,12
hakodate,11202605140100,12
hakodate,11202605140200,12
hakodate,11202605140200,12
hakodate,11202605140200,12
hakodate,11202605140200,12
hakodate,11202605140300,12
hakodate,11202605140300,12
hakodate,11202605140300,12
hakodate,11202605140300,12
hakodate,11202605140400,12
hakodate,11202605140400,12
hakodate,11202605140400,12
hakodate,11202605140400,12
hakodate,11202605230100,12
hakodate,11202605230100,12
hakodate,11202605230100,12
hakodate,11202605230200,12
hakodate,11202605230200,12
hakodate,11202605230200,12
hakodate,11202605230300,12
hakodate,11202605230300,12
hakodate,11202605230300,12
hakodate,11202605300100,11
hakodate,11202605300100,11
hakodate,11202605300100,11
hakodate,11202605300200,11
hakodate,11202605300200,11
hakodate,11202605300200,11
hakodate,11202605300300,11
hakodate,11202605300300,11
hakodate,11202605300300,11
hakodate,11202606050100,11
hakodate,11202606050100,11
hakodate,11202606050100,11
hakodate,11202606050200,11
hakodate,11202606050200,11
hakodate,11202606050200,11
hakodate,11202606050300,11
hakodate,11202606050300,11
hakodate,11202606050300,11
hakodate,11202606140100,11
hakodate,11202606140100,11
hakodate,11202606140100,11
hakodate,11202606140200,11
hakodate,11202606140200,11
hakodate,11202606140200,11
hakodate,11202606140300,11
hakodate,11202606140300,11
hakodate,11202606140300,11
hakodate,11202606200100,12
hakodate,11202606200100,12
hakodate,11202606200100,12
hakodate,11202606200200,12
hakodate,11202606200200,12
hakodate,11202606200200,12
hakodate,11202606200300,12
hakodate,11202606200300,12
hakodate,11202606200300,12
aomori,12202306050100,7
aomori,12202306050100,7
aomori,12202306050100,7
aomori,12202306050200,7
aomori,12202306050200,7
aomori,12202306050200,7
aomori,12202306050300,7
aomori,12202306050300,7
aomori,12202306050300,7
aomori,12202306100100,9
aomori,12202306100100,9
aomori,12202306100100,9
aomori,12202306100200,9
aomori,12202306100200,9
aomori,12202306100200,9
aomori,12202306100300,9
aomori,12202306100300,9
aomori,12202306100300,9
aomori,12202306170100,7
aomori,12202306170100,7
aomori,12202306170100,7
aomori,12202306170200,7
aomori,12202306170200,7
aomori,12202306170200,7
aomori,12202306170300,7
aomori,12202306170300,7
aomori,12202306170300,7
aomori,12202306220100,9
aomori,12202306220100,9
aomori,12202306220100,9
aomori,12202306220200,9
aomori,12202306220200,9
aomori,12202306220200,9
aomori,12202306220300,9
aomori,12202306220300,9
aomori,12202306220300,9
aomori,12202306270100,7
aomori,12202306270100,7
aomori,12202306270100,7
aomori,12202306270200,7
aomori,12202306270200,7
aomori,12202306270200,7
aomori,12202306270300,7
aomori,12202306270300,7
aomori,12202306270300,7
aomori,12202307020100,12
aomori,12202307020100,12
aomori,12202307020100,12
aomori,12202307020200,12
aomori,12202307020200,12
aomori,12202307020200,12
aomori,12202307020300,12
aomori,12202307020300,12
aomori,12202307020300,12
aomori,12202307090100,12
aomori,12202307090100,12
aomori,12202307090100,12
aomori,12202307090200,12
aomori,12202307090200,12
aomori,12202307090200,12
aomori,12202307090300,12
aomori,12202307090300,12
aomori,12202307090300,12
aomori,12202307190100,9
aomori,12202307190100,9
aomori,12202307190100,9
aomori,12202307190200,9
aomori,12202307190200,9
aomori,12202307190200,9
aomori,12202307190300,9
aomori,12202307190300,9
aomori,12202307190300,9
aomori,12202307240100,12
aomori,12202307240100,12
aomori,12202307240100,12
aomori,12202307240200,12
aomori,12202307240200,12
aomori,12202307240200,12
aomori,12202307240300,12
aomori,12202307240300,12
aomori,12202307240300,12
aomori,12202307300100,7
aomori,12202307300100,7
aomori,12202307300100,7
aomori,12202307300200,7
aomori,12202307300200,7
aomori,12202307300200,7
aomori,12202307300300,7
aomori,12202307300300,7
aomori,12202307300300,7
aomori,12202308070100,12
aomori,12202308070100,12
aomori,12202308070100,12
aomori,12202308070200,12
aomori,12202308070200,12
aomori,12202308070200,12
aomori,12202308070300,12
aomori,12202308070300,12
aomori,12202308070300,12
aomori,12202308120100,9
aomori,12202308120100,9
aomori,12202308120100,9
aomori,12202308120200,9
aomori,12202308120200,9
aomori,12202308120200,9
aomori,12202308120300,9
aomori,12202308120300,9
aomori,12202308120300,9
aomori,12202308190100,7
aomori,12202308190100,7
aomori,12202308190100,7
aomori,12202308190200,7
aomori,12202308190200,7
aomori,12202308190200,7
aomori,12202308190300,7
aomori,12202308190300,7
aomori,12202308190300,7
aomori,12202308260100,7
aomori,12202308260100,7
aomori,12202308260100,7
aomori,12202308260200,7
aomori,12202308260200,7
aomori,12202308260200,7
aomori,12202308260300,7
aomori,12202308260300,7
aomori,12202308260300,7
aomori,12202309010100,12
aomori,12202309010100,12
aomori,12202309010100,12
aomori,12202309010200,12
aomori,12202309010200,12
aomori,12202309010200,12
aomori,12202309010300,12
aomori,12202309010300,12
aomori,12202309010300,12
aomori,12202309150100,12
aomori,12202309150100,12
aomori,12202309150100,12
aomori,12202309150100,12
aomori,12202309150200,12
aomori,12202309150200,12
aomori,12202309150200,12
aomori,12202309150200,12
aomori,12202309150300,12
aomori,12202309150300,12
aomori,12202309150300,12
aomori,12202309150300,12
aomori,12202309150400,11
aomori,12202309150400,11
aomori,12202309150400,11
aomori,12202309150400,11
aomori,12202309230100,7
aomori,12202309230100,7
aomori,12202309230100,7
aomori,12202309230200,7
aomori,12202309230200,7
aomori,12202309230200,7
aomori,12202309230300,7
aomori,12202309230300,7
aomori,12202309230300,7
aomori,12202309290100,7
aomori,12202309290100,7
aomori,12202309290100,7
aomori,12202309290200,7
aomori,12202309290200,7
aomori,12202309290200,7
aomori,12202309290300,7
aomori,12202309290300,7
aomori,12202309290300,7
aomori,12202310080100,7
aomori,12202310080100,7
aomori,12202310080100,7
aomori,12202310080200,7
aomori,12202310080200,7
aomori,12202310080200,7
aomori,12202310080300,7
aomori,12202310080300,7
aomori,12202310080300,7
aomori,12202310120100,12
aomori,12202310120100,12
aomori,12202310120100,12
aomori,12202310120200,12
aomori,12202310120200,12
aomori,12202310120200,12
aomori,12202310120300,12
aomori,12202310120300,12
aomori,12202310120300,12
aomori,12202310200100,12
aomori,12202310200100,12
aomori,12202310200100,12
aomori,12202310200200,12
aomori,12202310200200,12
aomori,12202310200200,12
aomori,12202310200300,12
aomori,12202310200300,12
aomori,12202310200300,12
aomori,12202310280100,7
aomori,12202310280100,7
aomori,12202310280100,7
aomori,12202310280200,7
aomori,12202310280200,7
aomori,12202310280200,7
aomori,12202310280300,7
aomori,12202310280300,7
aomori,12202310280300,7
aomori,12202311030100,12
aomori,12202311030100,12
aomori,12202311030100,12
aomori,12202311030200,12
aomori,12202311030200,12
aomori,12202311030200,12
aomori,12202311030300,12
aomori,12202311030300,12
aomori,12202311030300,12
aomori,12202404250100,7
aomori,12202404250100,7
aomori,12202404250100,7
aomori,12202404250200,7
aomori,12202404250200,7
aomori,12202404250200,7
aomori,12202404250300,7
aomori,12202404250300,7
aomori,12202404250300,7
aomori,12202405110100,7
aomori,12202405110100,7
aomori,12202405110100,7
aomori,12202405110200,7
aomori,12202405110200,7
aomori,12202405110200,7
aomori,12202405110300,7
aomori,12202405110300,7
aomori,12202405110300,7
aomori,12202405200100,9
aomori,12202405200100,9
aomori,12202405200100,9
aomori,12202405200200,9
aomori,12202405200200,9
aomori,12202405200200,9
aomori,12202405200300,9
aomori,12202405200300,9
aomori,12202405200300,9
aomori,12202406010100,7
aomori,12202406010100,7
aomori,12202406010100,7
aomori,12202406010200,7
aomori,12202406010200,7
aomori,12202406010200,7
aomori,12202406010300,7
aomori,12202406010300,7
aomori,12202406010300,7
aomori,12202406100100,9
aomori,12202406100100,9
aomori,12202406100100,9
aomori,12202406100200,9
aomori,12202406100200,9
aomori,12202406100200,9
aomori,12202406100300,9
aomori,12202406100300,9
aomori,12202406100300,9
aomori,12202406190100,12
aomori,12202406190100,12
aomori,12202406190100,12
aomori,12202406190200,12
aomori,12202406190200,12
aomori,12202406190200,12
aomori,12202406190300,12
aomori,12202406190300,12
aomori,12202406190300,12
aomori,12202406260100,7
aomori,12202406260100,7
aomori,12202406260100,7
aomori,12202406260200,7
aomori,12202406260200,7
aomori,12202406260200,7
aomori,12202406260300,7
aomori,12202406260300,7
aomori,12202406260300,7
aomori,12202407040100,12
aomori,12202407040100,12
aomori,12202407040100,12
aomori,12202407040200,12
aomori,12202407040200,12
aomori,12202407040200,12
aomori,12202407040300,12
aomori,12202407040300,12
aomori,12202407040300,12
aomori,12202407100100,9
aomori,12202407100100,9
aomori,12202407100100,9
aomori,12202407100200,9
aomori,12202407100200,9
aomori,12202407100200,9
aomori,12202407100300,9
aomori,12202407100300,9
aomori,12202407100300,9
aomori,12202407160100,12
aomori,12202407160100,12
aomori,12202407160100,12
aomori,12202407160200,12
aomori,12202407160200,12
aomori,12202407160200,12
aomori,12202407160300,12
aomori,12202407160300,12
aomori,12202407160300,12
aomori,12202407260100,12
aomori,12202407260100,12
aomori,12202407260100,12
aomori,12202407260200,12
aomori,12202407260200,12
aomori,12202407260200,12
aomori,12202407260300,12
aomori,12202407260300,12
aomori,12202407260300,12
aomori,12202407310100,7
aomori,12202407310100,7
aomori,12202407310100,7
aomori,12202407310200,7
aomori,12202407310200,7
aomori,12202407310200,7
aomori,12202407310300,7
aomori,12202407310300,7
aomori,12202407310300,7
aomori,12202408130100,12
aomori,12202408130100,12
aomori,12202408130100,12
aomori,12202408130200,12
aomori,12202408130200,12
aomori,12202408130200,12
aomori,12202408130300,12
aomori,12202408130300,12
aomori,12202408130300,12
aomori,12202408190100,7
aomori,12202408190100,7
aomori,12202408190100,7
aomori,12202408190200,7
aomori,12202408190200,7
aomori,12202408190200,7
aomori,12202408190300,7
aomori,12202408190300,7
aomori,12202408190300,7
aomori,12202408240100,7
aomori,12202408240100,7
aomori,12202408240100,7
aomori,12202408240200,7
aomori,12202408240200,7
aomori,12202408240200,7
aomori,12202408240300,7
aomori,12202408240300,7
aomori,12202408240300,7
aomori,12202408300100,12
aomori,12202408300100,12
aomori,12202408300100,12
aomori,12202408300200,12
aomori,12202408300200,12
aomori,12202408300200,12
aomori,12202408300300,12
aomori,12202408300300,12
aomori,12202408300300,12
aomori,12202409040100,7
aomori,12202409040100,7
aomori,12202409040100,7
aomori,12202409040200,7
aomori,12202409040200,7
aomori,12202409040200,7
aomori,12202409040300,7
aomori,12202409040300,7
aomori,12202409040300,7
aomori,12202409090100,9
aomori,12202409090100,9
aomori,12202409090100,9
aomori,12202409090200,9
aomori,12202409090200,9
aomori,12202409090200,9
aomori,12202409090300,9
aomori,12202409090300,9
aomori,12202409090300,9
aomori,12202409150100,7
aomori,12202409150100,7
aomori,12202409150100,7
aomori,12202409150200,7
aomori,12202409150200,7
aomori,12202409150200,7
aomori,12202409150300,7
aomori,12202409150300,7
aomori,12202409150300,7
aomori,12202409260100,12
aomori,12202409260100,12
aomori,12202409260100,12
aomori,12202409260100,12
aomori,12202409260200,12
aomori,12202409260200,12
aomori,12202409260200,12
aomori,12202409260200,12
aomori,12202409260300,12
aomori,12202409260300,12
aomori,12202409260300,12
aomori,12202409260300,12
aomori,12202409260400,12
aomori,12202409260400,12
aomori,12202409260400,12
aomori,12202409260400,12
aomori,12202410030100,7
aomori,12202410030100,7
aomori,12202410030100,7
aomori,12202410030200,7
aomori,12202410030200,7
aomori,12202410030200,7
aomori,12202410030300,7
aomori,12202410030300,7
aomori,12202410030300,7
aomori,12202410150100,12
aomori,12202410150100,12
aomori,12202410150100,12
aomori,12202410150200,12
aomori,12202410150200,12
aomori,12202410150200,12
aomori,12202410150300,12
aomori,12202410150300,12
aomori,12202410150300,12
aomori,12202410230100,12
aomori,12202410230100,12
aomori,12202410230100,12
aomori,12202410230200,12
aomori,12202410230200,12
aomori,12202410230200,12
aomori,12202410230300,12
aomori,12202410230300,12
aomori,12202410230300,12
aomori,12202410280100,7
aomori,12202410280100,7
aomori,12202410280100,7
aomori,12202410280200,7
aomori,12202410280200,7
aomori,12202410280200,7
aomori,12202410280300,7
aomori,12202410280300,7
aomori,12202410280300,7
aomori,12202411040100,7
aomori,12202411040100,7
aomori,12202411040100,7
aomori,12202411040200,7
aomori,12202411040200,7
aomori,12202411040200,7
aomori,12202411040300,7
aomori,12202411040300,7
aomori,12202411040300,7
aomori,12202504120100,12
aomori,12202504120100,12
aomori,12202504120100,12
aomori,12202504120200,12
aomori,12202504120200,12
aomori,12202504120200,12
aomori,12202504120300,12
aomori,12202504120300,12
aomori,12202504120300,12
aomori,12202504190100,9
aomori,12202504190100,9
aomori,12202504190100,9
aomori,12202504190200,9
aomori,12202504190200,9
aomori,12202504190200,9
aomori,12202504190300,9
aomori,12202504190300,9
aomori,12202504190300,9
aomori,12202505070100,12
aomori,12202505070100,12
aomori,12202505070100,12
aomori,12202505070200,12
aomori,12202505070200,12
aomori,12202505070200,12
aomori,12202505070300,12
aomori,12202505070300,12
aomori,12202505070300,12
aomori,12202505240100,12
aomori,12202505240100,12
aomori,12202505240200,12
aomori,12202505240200,12
aomori,12202505310100,7
aomori,12202505310100,7
aomori,12202505310100,7
aomori,12202505310200,7
aomori,12202505310200,7
aomori,12202505310200,7
aomori,12202505310300,7
aomori,12202505310300,7
aomori,12202505310300,7
aomori,12202506050100,7
aomori,12202506050100,7
aomori,12202506050100,7
aomori,12202506050200,7
aomori,12202506050200,7
aomori,12202506050200,7
aomori,12202506050300,7
aomori,12202506050300,7
aomori,12202506050300,7
aomori,12202506130100,9
aomori,12202506130100,9
aomori,12202506130100,9
aomori,12202506130200,9
aomori,12202506130200,9
aomori,12202506130200,9
aomori,12202506130300,9
aomori,12202506130300,9
aomori,12202506130300,9
aomori,12202506230100,12
aomori,12202506230100,12
aomori,12202506230100,12
aomori,12202506230200,12
aomori,12202506230200,12
aomori,12202506230200,12
aomori,12202506230300,12
aomori,12202506230300,12
aomori,12202506230300,12
aomori,12202507100100,7
aomori,12202507100100,7
aomori,12202507100100,7
aomori,12202507100200,7
aomori,12202507100200,7
aomori,12202507100200,7
aomori,12202507100300,7
aomori,12202507100300,7
aomori,12202507100300,7
aomori,12202507170100,12
aomori,12202507170100,12
aomori,12202507170100,12
aomori,12202507170200,12
aomori,12202507170200,12
aomori,12202507170200,12
aomori,12202507170300,12
aomori,12202507170300,12
aomori,12202507170300,12
aomori,12202507230100,7
aomori,12202507230100,7
aomori,12202507230100,7
aomori,12202507230200,7
aomori,12202507230200,7
aomori,12202507230200,7
aomori,12202507230300,7
aomori,12202507230300,7
aomori,12202507230300,7
aomori,12202507280100,9
aomori,12202507280100,9
aomori,12202507280100,9
aomori,12202507280200,9
aomori,12202507280200,9
aomori,12202507280200,9
aomori,12202507280300,9
aomori,12202507280300,9
aomori,12202507280300,9
aomori,12202508090100,7
aomori,12202508090100,7
aomori,12202508090100,7
aomori,12202508090200,7
aomori,12202508090200,7
aomori,12202508090200,7
aomori,12202508090300,7
aomori,12202508090300,7
aomori,12202508090300,7
aomori,12202508180100,7
aomori,12202508180100,7
aomori,12202508180100,7
aomori,12202508180200,7
aomori,12202508180200,7
aomori,12202508180200,7
aomori,12202508180300,7
aomori,12202508180300,7
aomori,12202508180300,7
aomori,12202508240100,7
aomori,12202508240100,7
aomori,12202508240100,7
aomori,12202508240200,7
aomori,12202508240200,7
aomori,12202508240200,7
aomori,12202508240300,7
aomori,12202508240300,7
aomori,12202508240300,7
aomori,12202509010100,12
aomori,12202509010100,12
aomori,12202509010100,12
aomori,12202509010200,12
aomori,12202509010200,12
aomori,12202509010200,12
aomori,12202509010300,12
aomori,12202509010300,12
aomori,12202509010300,12
aomori,12202509110100,9
aomori,12202509110100,9
aomori,12202509110100,9
aomori,12202509110200,9
aomori,12202509110200,9
aomori,12202509110200,9
aomori,12202509110300,9
aomori,12202509110300,9
aomori,12202509110300,9
aomori,12202509200100,12
aomori,12202509200100,12
aomori,12202509200100,12
aomori,12202509200100,12
aomori,12202509200200,12
aomori,12202509200200,12
aomori,12202509200200,12
aomori,12202509200200,12
aomori,12202509200300,12
aomori,12202509200300,12
aomori,12202509200300,12
aomori,12202509200300,12
aomori,12202509200400,12
aomori,12202509200400,12
aomori,12202509200400,12
aomori,12202509200400,12
aomori,12202509260100,7
aomori,12202509260100,7
aomori,12202509260100,7
aomori,12202509260200,7
aomori,12202509260200,7
aomori,12202509260200,7
aomori,12202509260300,7
aomori,12202509260300,7
aomori,12202509260300,7
aomori,12202510030100,7
aomori,12202510030100,7
aomori,12202510030100,7
aomori,12202510030200,7
aomori,12202510030200,7
aomori,12202510030200,7
aomori,12202510030300,7
aomori,12202510030300,7
aomori,12202510030300,7
aomori,12202510080100,12
aomori,12202510080100,12
aomori,12202510080100,12
aomori,12202510080200,12
aomori,12202510080200,12
aomori,12202510080200,12
aomori,12202510080300,12
aomori,12202510080300,12
aomori,12202510080300,12
aomori,12202510270100,12
aomori,12202510270100,12
aomori,12202510270100,12
aomori,12202510270200,12
aomori,12202510270200,12
aomori,12202510270200,12
aomori,12202510270300,12
aomori,12202510270300,12
aomori,12202510270300,12
aomori,12202511030100,7
aomori,12202511030100,7
aomori,12202511030100,7
aomori,12202511030200,7
aomori,12202511030200,7
aomori,12202511030200,7
aomori,12202511030300,7
aomori,12202511030300,7
aomori,12202511030300,7
aomori,12202604120100,12
aomori,12202604120100,12
aomori,12202604120100,12
aomori,12202604120200,12
aomori,12202604120200,12
aomori,12202604120200,12
aomori,12202604120300,12
aomori,12202604120300,12
aomori,12202604120300,12
aomori,12202605040100,7
aomori,12202605040100,7
aomori,12202605040100,7
aomori,12202605040200,7
aomori,12202605040200,7
aomori,12202605040200,7
aomori,12202605040300,7
aomori,12202605040300,7
aomori,12202605040300,7
aomori,12202605190100,9
aomori,12202605190100,9
aomori,12202605190100,9
aomori,12202605190200,9
aomori,12202605190200,9
aomori,12202605190200,9
aomori,12202605190300,9
aomori,12202605190300,9
aomori,12202605190300,9
aomori,12202605280100,9
aomori,12202605280100,9
aomori,12202605280100,9
aomori,12202605280200,9
aomori,12202605280200,9
aomori,12202605280200,9
aomori,12202605280300,9
aomori,12202605280300,9
aomori,12202605280300,9
aomori,12202606020100,12
aomori,12202606020100,12
aomori,12202606020100,12
aomori,12202606020200,12
aomori,12202606020200,12
aomori,12202606020200,12
aomori,12202606020300,12
aomori,12202606020300,12
aomori,12202606020300,12
aomori,12202606100100,7
aomori,12202606100100,7
aomori,12202606100100,7
aomori,12202606100200,7
aomori,12202606100200,7
aomori,12202606100200,7
aomori,12202606100300,7
aomori,12202606100300,7
aomori,12202606100300,7
aomori,12202606170100,7
aomori,12202606170100,7
aomori,12202606170100,7
aomori,12202606170200,7
aomori,12202606170200,7
aomori,12202606170200,7
aomori,12202606170300,7
aomori,12202606170300,7
aomori,12202606170300,7
aomori,12202606250100,7
aomori,12202606250100,7
aomori,12202606250200,7
aomori,12202606250200,7
aomori,12202606250300,7
aomori,12202606250300,7
iwakitaira,13202301010100,12
iwakitaira,13202301010100,12
iwakitaira,13202301010100,12
iwakitaira,13202301010200,12
iwakitaira,13202301010200,12
iwakitaira,13202301010200,12
iwakitaira,13202301010300,12
iwakitaira,13202301010300,12
iwakitaira,13202301010300,12
iwakitaira,13202301130100,12
iwakitaira,13202301130100,12
iwakitaira,13202301130100,12
iwakitaira,13202301130200,12
iwakitaira,13202301130200,12
iwakitaira,13202301130200,12
iwakitaira,13202301130300,12
iwakitaira,13202301130300,12
iwakitaira,13202301130300,12
iwakitaira,13202302070100,12
iwakitaira,13202302070100,12
iwakitaira,13202302070100,12
iwakitaira,13202302070200,12
iwakitaira,13202302070200,12
iwakitaira,13202302070200,12
iwakitaira,13202302070300,12
iwakitaira,13202302070300,12
iwakitaira,13202302070300,12
iwakitaira,13202303130100,12
iwakitaira,13202303130100,12
iwakitaira,13202303130100,12
iwakitaira,13202303130200,12
iwakitaira,13202303130200,12
iwakitaira,13202303130200,12
iwakitaira,13202303130300,12
iwakitaira,13202303130300,12
iwakitaira,13202303130300,12
iwakitaira,13202303250100,12
iwakitaira,13202303250100,12
iwakitaira,13202303250100,12
iwakitaira,13202303250200,12
iwakitaira,13202303250200,12
iwakitaira,13202303250200,12
iwakitaira,13202303250300,12
iwakitaira,13202303250300,12
iwakitaira,13202303250300,12
iwakitaira,13202304080100,12
iwakitaira,13202304080100,12
iwakitaira,13202304080100,12
iwakitaira,13202304080200,12
iwakitaira,13202304080200,12
iwakitaira,13202304080200,12
iwakitaira,13202304080300,12
iwakitaira,13202304080300,12
iwakitaira,13202304080300,12
iwakitaira,13202304170100,12
iwakitaira,13202304170100,12
iwakitaira,13202304170100,12
iwakitaira,13202304170200,12
iwakitaira,13202304170200,12
iwakitaira,13202304170200,12
iwakitaira,13202304170300,12
iwakitaira,13202304170300,12
iwakitaira,13202304170300,12
iwakitaira,13202305050100,12
iwakitaira,13202305050100,12
iwakitaira,13202305050100,12
iwakitaira,13202305050200,12
iwakitaira,13202305050200,12
iwakitaira,13202305050200,12
iwakitaira,13202305050300,12
iwakitaira,13202305050300,12
iwakitaira,13202305050300,12
iwakitaira,13202305210100,7
iwakitaira,13202305210100,7
iwakitaira,13202305210100,7
iwakitaira,13202305210200,7
iwakitaira,13202305210200,7
iwakitaira,13202305210200,7
iwakitaira,13202305210300,7
iwakitaira,13202305210300,7
iwakitaira,13202305210300,7
iwakitaira,13202308020100,12
iwakitaira,13202308020100,12
iwakitaira,13202308020100,12
iwakitaira,13202308020200,12
iwakitaira,13202308020200,12
iwakitaira,13202308020200,12
iwakitaira,13202308020300,12
iwakitaira,13202308020300,12
iwakitaira,13202308020300,12
iwakitaira,13202309100100,7
iwakitaira,13202309100100,7
iwakitaira,13202309100100,7
iwakitaira,13202309100200,7
iwakitaira,13202309100200,7
iwakitaira,13202309100200,7
iwakitaira,13202309100300,7
iwakitaira,13202309100300,7
iwakitaira,13202309100300,7
iwakitaira,13202309180100,12
iwakitaira,13202309180100,12
iwakitaira,13202309180100,12
iwakitaira,13202309180200,12
iwakitaira,13202309180200,12
iwakitaira,13202309180200,12
iwakitaira,13202309180300,12
iwakitaira,13202309180300,12
iwakitaira,13202309180300,12
iwakitaira,13202311040100,9
iwakitaira,13202311040100,9
iwakitaira,13202311040100,9
iwakitaira,13202311040200,9
iwakitaira,13202311040200,9
iwakitaira,13202311040200,9
iwakitaira,13202311040300,9
iwakitaira,13202311040300,9
iwakitaira,13202311040300,9
iwakitaira,13202311130100,12
iwakitaira,13202311130100,12
iwakitaira,13202311130100,12
iwakitaira,13202311130200,12
iwakitaira,13202311130200,12
iwakitaira,13202311130200,12
iwakitaira,13202311130300,12
iwakitaira,13202311130300,12
iwakitaira,13202311130300,12
iwakitaira,13202311240100,10
iwakitaira,13202311240100,10
iwakitaira,13202311240100,10
iwakitaira,13202311240200,10
iwakitaira,13202311240200,10
iwakitaira,13202311240200,10
iwakitaira,13202311240300,10
iwakitaira,13202311240300,10
iwakitaira,13202311240300,10
iwakitaira,13202312140100,12
iwakitaira,13202312140100,12
iwakitaira,13202312140100,12
iwakitaira,13202312140200,12
iwakitaira,13202312140200,12
iwakitaira,13202312140200,12
iwakitaira,13202312140300,12
iwakitaira,13202312140300,12
iwakitaira,13202312140300,12
iwakitaira,13202312290100,12
iwakitaira,13202312290100,12
iwakitaira,13202312290100,12
iwakitaira,13202312290200,12
iwakitaira,13202312290200,12
iwakitaira,13202312290200,12
iwakitaira,13202312290300,12
iwakitaira,13202312290300,12
iwakitaira,13202312290300,12
iwakitaira,13202401160100,12
iwakitaira,13202401160100,12
iwakitaira,13202401160100,12
iwakitaira,13202401160200,12
iwakitaira,13202401160200,12
iwakitaira,13202401160200,12
iwakitaira,13202401160300,12
iwakitaira,13202401160300,12
iwakitaira,13202401160300,12
iwakitaira,13202401250100,12
iwakitaira,13202401250100,12
iwakitaira,13202401250100,12
iwakitaira,13202401250100,12
iwakitaira,13202401250200,12
iwakitaira,13202401250200,12
iwakitaira,13202401250200,12
iwakitaira,13202401250200,12
iwakitaira,13202401250300,12
iwakitaira,13202401250300,12
iwakitaira,13202401250300,12
iwakitaira,13202401250300,12
iwakitaira,13202401250400,12
iwakitaira,13202401250400,12
iwakitaira,13202401250400,12
iwakitaira,13202401250400,12
iwakitaira,13202402020100,12
iwakitaira,13202402020100,12
iwakitaira,13202402020100,12
iwakitaira,13202402020200,12
iwakitaira,13202402020200,12
iwakitaira,13202402020200,12
iwakitaira,13202402020300,12
iwakitaira,13202402020300,12
iwakitaira,13202402020300,12
iwakitaira,13202402170100,12
iwakitaira,13202402170100,12
iwakitaira,13202402170100,12
iwakitaira,13202402170200,12
iwakitaira,13202402170200,12
iwakitaira,13202402170200,12
iwakitaira,13202402170300,12
iwakitaira,13202402170300,12
iwakitaira,13202402170300,12
iwakitaira,13202403010100,12
iwakitaira,13202403010100,12
iwakitaira,13202403010100,12
iwakitaira,13202403010200,12
iwakitaira,13202403010200,12
iwakitaira,13202403010200,12
iwakitaira,13202403010300,12
iwakitaira,13202403010300,12
iwakitaira,13202403010300,12
iwakitaira,13202403230100,7
iwakitaira,13202403230100,7
iwakitaira,13202403230100,7
iwakitaira,13202403230200,7
iwakitaira,13202403230200,7
iwakitaira,13202403230200,7
iwakitaira,13202403230300,7
iwakitaira,13202403230300,7
iwakitaira,13202403230300,7
iwakitaira,13202404050100,12
iwakitaira,13202404050100,12
iwakitaira,13202404050100,12
iwakitaira,13202404050200,12
iwakitaira,13202404050200,12
iwakitaira,13202404050200,12
iwakitaira,13202404050300,12
iwakitaira,13202404050300,12
iwakitaira,13202404050300,12
iwakitaira,13202404230100,7
iwakitaira,13202404230100,7
iwakitaira,13202404230100,7
iwakitaira,13202404230200,7
iwakitaira,13202404230200,7
iwakitaira,13202404230200,7
iwakitaira,13202404230300,7
iwakitaira,13202404230300,7
iwakitaira,13202404230300,7
iwakitaira,13202404300100,11
iwakitaira,13202404300100,11
iwakitaira,13202404300100,11
iwakitaira,13202404300100,11
iwakitaira,13202404300100,11
iwakitaira,13202404300100,11
iwakitaira,13202404300200,11
iwakitaira,13202404300200,11
iwakitaira,13202404300200,11
iwakitaira,13202404300200,11
iwakitaira,13202404300200,11
iwakitaira,13202404300200,11
iwakitaira,13202404300300,11
iwakitaira,13202404300300,11
iwakitaira,13202404300300,11
iwakitaira,13202404300300,11
iwakitaira,13202404300300,11
iwakitaira,13202404300300,11
iwakitaira,13202404300400,11
iwakitaira,13202404300400,11
iwakitaira,13202404300400,11
iwakitaira,13202404300400,11
iwakitaira,13202404300400,11
iwakitaira,13202404300400,11
iwakitaira,13202404300500,11
iwakitaira,13202404300500,11
iwakitaira,13202404300500,11
iwakitaira,13202404300500,11
iwakitaira,13202404300500,11
iwakitaira,13202404300500,11
iwakitaira,13202404300600,11
iwakitaira,13202404300600,11
iwakitaira,13202404300600,11
iwakitaira,13202404300600,11
iwakitaira,13202404300600,11
iwakitaira,13202404300600,11
iwakitaira,13202406160100,7
iwakitaira,13202406160100,7
iwakitaira,13202406160100,7
iwakitaira,13202406160200,7
iwakitaira,13202406160200,7
iwakitaira,13202406160200,7
iwakitaira,13202406160300,7
iwakitaira,13202406160300,7
iwakitaira,13202406160300,7
iwakitaira,13202406290100,12
iwakitaira,13202406290100,12
iwakitaira,13202406290100,12
iwakitaira,13202406290200,12
iwakitaira,13202406290200,12
iwakitaira,13202406290200,12
iwakitaira,13202406290300,12
iwakitaira,13202406290300,12
iwakitaira,13202406290300,12
iwakitaira,13202407070100,12
iwakitaira,13202407070100,12
iwakitaira,13202407070100,12
iwakitaira,13202407070200,12
iwakitaira,13202407070200,12
iwakitaira,13202407070200,12
iwakitaira,13202407070300,12
iwakitaira,13202407070300,12
iwakitaira,13202407070300,12
iwakitaira,13202407250100,7
iwakitaira,13202407250100,7
iwakitaira,13202407250100,7
iwakitaira,13202407250200,7
iwakitaira,13202407250200,7
iwakitaira,13202407250200,7
iwakitaira,13202407250300,7
iwakitaira,13202407250300,7
iwakitaira,13202407250300,7
iwakitaira,13202408080100,7
iwakitaira,13202408080100,7
iwakitaira,13202408080100,7
iwakitaira,13202408080200,7
iwakitaira,13202408080200,7
iwakitaira,13202408080200,7
iwakitaira,13202408080300,7
iwakitaira,13202408080300,7
iwakitaira,13202408080300,7
iwakitaira,13202409060100,12
iwakitaira,13202409060100,12
iwakitaira,13202409060100,12
iwakitaira,13202409060200,12
iwakitaira,13202409060200,12
iwakitaira,13202409060200,12
iwakitaira,13202409060300,12
iwakitaira,13202409060300,12
iwakitaira,13202409060300,12
iwakitaira,13202409140100,12
iwakitaira,13202409140100,12
iwakitaira,13202409140100,12
iwakitaira,13202409140200,12
iwakitaira,13202409140200,12
iwakitaira,13202409140200,12
iwakitaira,13202409140300,12
iwakitaira,13202409140300,12
iwakitaira,13202409140300,12
iwakitaira,13202410120100,9
iwakitaira,13202410120100,9
iwakitaira,13202410120100,9
iwakitaira,13202410120200,9
iwakitaira,13202410120200,9
iwakitaira,13202410120200,9
iwakitaira,13202410120300,9
iwakitaira,13202410120300,9
iwakitaira,13202410120300,9
iwakitaira,13202411130100,12
iwakitaira,13202411130100,12
iwakitaira,13202411130100,12
iwakitaira,13202411130200,12
iwakitaira,13202411130200,12
iwakitaira,13202411130200,12
iwakitaira,13202411130300,12
iwakitaira,13202411130300,12
iwakitaira,13202411130300,12
iwakitaira,13202411240100,7
iwakitaira,13202411240100,7
iwakitaira,13202411240100,7
iwakitaira,13202411240200,7
iwakitaira,13202411240200,7
iwakitaira,13202411240200,7
iwakitaira,13202411240300,7
iwakitaira,13202411240300,7
iwakitaira,13202411240300,7
iwakitaira,13202411300100,12
iwakitaira,13202411300100,12
iwakitaira,13202411300100,12
iwakitaira,13202411300200,12
iwakitaira,13202411300200,12
iwakitaira,13202411300200,12
iwakitaira,13202411300300,12
iwakitaira,13202411300300,12
iwakitaira,13202411300300,12
iwakitaira,13202412130100,12
iwakitaira,13202412130100,12
iwakitaira,13202412130100,12
iwakitaira,13202412130200,12
iwakitaira,13202412130200,12
iwakitaira,13202412130200,12
iwakitaira,13202412130300,12
iwakitaira,13202412130300,12
iwakitaira,13202412130300,12
iwakitaira,13202501040100,12
iwakitaira,13202501040100,12
iwakitaira,13202501040100,12
iwakitaira,13202501040200,12
iwakitaira,13202501040200,12
iwakitaira,13202501040200,12
iwakitaira,13202501040300,12
iwakitaira,13202501040300,12
iwakitaira,13202501040300,12
iwakitaira,13202501240100,12
iwakitaira,13202501240100,12
iwakitaira,13202501240100,12
iwakitaira,13202501240200,12
iwakitaira,13202501240200,12
iwakitaira,13202501240200,12
iwakitaira,13202501240300,12
iwakitaira,13202501240300,12
iwakitaira,13202501240300,12
iwakitaira,13202502010100,12
iwakitaira,13202502010100,12
iwakitaira,13202502010100,12
iwakitaira,13202502010200,12
iwakitaira,13202502010200,12
iwakitaira,13202502010200,12
iwakitaira,13202502010300,12
iwakitaira,13202502010300,12
iwakitaira,13202502010300,12
iwakitaira,13202503180100,12
iwakitaira,13202503180100,12
iwakitaira,13202503180100,12
iwakitaira,13202503180200,12
iwakitaira,13202503180200,12
iwakitaira,13202503180200,12
iwakitaira,13202503180300,12
iwakitaira,13202503180300,12
iwakitaira,13202503180300,12
iwakitaira,13202504040100,11
iwakitaira,13202504040100,11
iwakitaira,13202504040100,11
iwakitaira,13202504040200,11
iwakitaira,13202504040200,11
iwakitaira,13202504040200,11
iwakitaira,13202504040300,11
iwakitaira,13202504040300,11
iwakitaira,13202504040300,11
iwakitaira,13202504190100,7
iwakitaira,13202504190100,7
iwakitaira,13202504190100,7
iwakitaira,13202504190200,7
iwakitaira,13202504190200,7
iwakitaira,13202504190200,7
iwakitaira,13202504190300,7
iwakitaira,13202504190300,7
iwakitaira,13202504190300,7
iwakitaira,13202504280100,12
iwakitaira,13202504280100,12
iwakitaira,13202504280100,12
iwakitaira,13202504280200,12
iwakitaira,13202504280200,12
iwakitaira,13202504280200,12
iwakitaira,13202504280300,12
iwakitaira,13202504280300,12
iwakitaira,13202504280300,12
iwakitaira,13202505160100,11
iwakitaira,13202505160100,11
iwakitaira,13202505160100,11
iwakitaira,13202505160200,11
iwakitaira,13202505160200,11
iwakitaira,13202505160200,11
iwakitaira,13202505160300,11
iwakitaira,13202505160300,11
iwakitaira,13202505160300,11
iwakitaira,13202506190100,9
iwakitaira,13202506190100,9
iwakitaira,13202506190100,9
iwakitaira,13202506190200,9
iwakitaira,13202506190200,9
iwakitaira,13202506190200,9
iwakitaira,13202506190300,9
iwakitaira,13202506190300,9
iwakitaira,13202506190300,9
iwakitaira,13202506290100,11
iwakitaira,13202506290100,11
iwakitaira,13202506290100,11
iwakitaira,13202506290200,11
iwakitaira,13202506290200,11
iwakitaira,13202506290200,11
iwakitaira,13202506290300,11
iwakitaira,13202506290300,11
iwakitaira,13202506290300,11
iwakitaira,13202507040100,12
iwakitaira,13202507040100,12
iwakitaira,13202507040100,12
iwakitaira,13202507040200,12
iwakitaira,13202507040200,12
iwakitaira,13202507040200,12
iwakitaira,13202507040300,12
iwakitaira,13202507040300,12
iwakitaira,13202507040300,12
iwakitaira,13202507250100,7
iwakitaira,13202507250100,7
iwakitaira,13202507250100,7
iwakitaira,13202507250200,7
iwakitaira,13202507250200,7
iwakitaira,13202507250200,7
iwakitaira,13202507250300,7
iwakitaira,13202507250300,7
iwakitaira,13202507250300,7
iwakitaira,13202508040100,12
iwakitaira,13202508040100,12
iwakitaira,13202508040100,12
iwakitaira,13202508040200,12
iwakitaira,13202508040200,12
iwakitaira,13202508040200,12
iwakitaira,13202508040300,12
iwakitaira,13202508040300,12
iwakitaira,13202508040300,12
iwakitaira,13202508300100,7
iwakitaira,13202508300100,7
iwakitaira,13202508300100,7
iwakitaira,13202508300200,7
iwakitaira,13202508300200,7
iwakitaira,13202508300200,7
iwakitaira,13202508300300,7
iwakitaira,13202508300300,7
iwakitaira,13202508300300,7
iwakitaira,13202509240100,7
iwakitaira,13202509240100,7
iwakitaira,13202509240100,7
iwakitaira,13202509240200,7
iwakitaira,13202509240200,7
iwakitaira,13202509240200,7
iwakitaira,13202509240300,7
iwakitaira,13202509240300,7
iwakitaira,13202509240300,7
iwakitaira,13202510150100,9
iwakitaira,13202510150100,9
iwakitaira,13202510150100,9
iwakitaira,13202510150200,9
iwakitaira,13202510150200,9
iwakitaira,13202510150200,9
iwakitaira,13202510150300,9
iwakitaira,13202510150300,9
iwakitaira,13202510150300,9
iwakitaira,13202510270100,9
iwakitaira,13202510270100,9
iwakitaira,13202510270100,9
iwakitaira,13202510270200,9
iwakitaira,13202510270200,9
iwakitaira,13202510270200,9
iwakitaira,13202510270300,9
iwakitaira,13202510270300,9
iwakitaira,13202510270300,9
iwakitaira,13202511080100,9
iwakitaira,13202511080100,9
iwakitaira,13202511080100,9
iwakitaira,13202511080200,9
iwakitaira,13202511080200,9
iwakitaira,13202511080200,9
iwakitaira,13202511080300,9
iwakitaira,13202511080300,9
iwakitaira,13202511080300,9
iwakitaira,13202511140100,12
iwakitaira,13202511140100,12
iwakitaira,13202511140100,12
iwakitaira,13202511140200,12
iwakitaira,13202511140200,12
iwakitaira,13202511140200,12
iwakitaira,13202511140300,12
iwakitaira,13202511140300,12
iwakitaira,13202511140300,12
iwakitaira,13202511240100,7
iwakitaira,13202511240100,7
iwakitaira,13202511240100,7
iwakitaira,13202511240200,7
iwakitaira,13202511240200,7
iwakitaira,13202511240200,7
iwakitaira,13202511240300,7
iwakitaira,13202511240300,7
iwakitaira,13202511240300,7
iwakitaira,13202511300100,7
iwakitaira,13202511300100,7
iwakitaira,13202511300100,7
iwakitaira,13202511300200,7
iwakitaira,13202511300200,7
iwakitaira,13202511300200,7
iwakitaira,13202511300300,7
iwakitaira,13202511300300,7
iwakitaira,13202511300300,7
iwakitaira,13202512060100,11
iwakitaira,13202512060100,11
iwakitaira,13202512060100,11
iwakitaira,13202512060200,11
iwakitaira,13202512060200,11
iwakitaira,13202512060200,11
iwakitaira,13202512060300,11
iwakitaira,13202512060300,11
iwakitaira,13202512060300,11
iwakitaira,13202601030100,12
iwakitaira,13202601030100,12
iwakitaira,13202601030100,12
iwakitaira,13202601030200,12
iwakitaira,13202601030200,12
iwakitaira,13202601030200,12
iwakitaira,13202601030300,12
iwakitaira,13202601030300,12
iwakitaira,13202601030300,12
iwakitaira,13202601220100,12
iwakitaira,13202601220100,12
iwakitaira,13202601220100,12
iwakitaira,13202601220100,12
iwakitaira,13202601220200,12
iwakitaira,13202601220200,12
iwakitaira,13202601220200,12
iwakitaira,13202601220200,12
iwakitaira,13202601220300,12
iwakitaira,13202601220300,12
iwakitaira,13202601220300,12
iwakitaira,13202601220300,12
iwakitaira,13202601220400,12
iwakitaira,13202601220400,12
iwakitaira,13202601220400,12
iwakitaira,13202601220400,12
iwakitaira,13202602130100,11
iwakitaira,13202602130100,11
iwakitaira,13202602130100,11
iwakitaira,13202602130200,11
iwakitaira,13202602130200,11
iwakitaira,13202602130200,11
iwakitaira,13202602130300,11
iwakitaira,13202602130300,11
iwakitaira,13202602130300,11
iwakitaira,13202603090100,12
iwakitaira,13202603090100,12
iwakitaira,13202603090100,12
iwakitaira,13202603090200,12
iwakitaira,13202603090200,12
iwakitaira,13202603090200,12
iwakitaira,13202603090300,12
iwakitaira,13202603090300,12
iwakitaira,13202603090300,12
iwakitaira,13202603190100,9
iwakitaira,13202603190100,9
iwakitaira,13202603190100,9
iwakitaira,13202603190200,9
iwakitaira,13202603190200,9
iwakitaira,13202603190200,9
iwakitaira,13202603190300,9
iwakitaira,13202603190300,9
iwakitaira,13202603190300,9
iwakitaira,13202604040100,7
iwakitaira,13202604040100,7
iwakitaira,13202604040100,7
iwakitaira,13202604040200,7
iwakitaira,13202604040200,7
iwakitaira,13202604040200,7
iwakitaira,13202604040300,7
iwakitaira,13202604040300,7
iwakitaira,13202604040300,7
iwakitaira,13202605100100,9
iwakitaira,13202605100100,9
iwakitaira,13202605100100,9
iwakitaira,13202605100200,9
iwakitaira,13202605100200,9
iwakitaira,13202605100200,9
iwakitaira,13202605100300,9
iwakitaira,13202605100300,9
iwakitaira,13202605100300,9
iwakitaira,13202606080100,12
iwakitaira,13202606080100,12
iwakitaira,13202606080100,12
iwakitaira,13202606080200,12
iwakitaira,13202606080200,12
iwakitaira,13202606080200,12
iwakitaira,13202606080300,12
iwakitaira,13202606080300,12
iwakitaira,13202606080300,12
yahiko,21202306070100,12
yahiko,21202306070100,12
yahiko,21202306070100,12
yahiko,21202306070200,12
yahiko,21202306070200,12
yahiko,21202306070200,12
yahiko,21202306070300,12
yahiko,21202306070300,12
yahiko,21202306070300,12
yahiko,21202306130100,12
yahiko,21202306130100,12
yahiko,21202306130100,12
yahiko,21202306130200,12
yahiko,21202306130200,12
yahiko,21202306130200,12
yahiko,21202306130300,12
yahiko,21202306130300,12
yahiko,21202306130300,12
yahiko,21202306190100,12
yahiko,21202306190100,12
yahiko,21202306190100,12
yahiko,21202306190200,12
yahiko,21202306190200,12
yahiko,21202306190200,12
yahiko,21202306190300,12
yahiko,21202306190300,12
yahiko,21202306190300,12
yahiko,21202306250100,7
yahiko,21202306250100,7
yahiko,21202306250100,7
yahiko,21202306250200,7
yahiko,21202306250200,7
yahiko,21202306250200,7
yahiko,21202306250300,7
yahiko,21202306250300,7
yahiko,21202306250300,7
yahiko,21202307030100,12
yahiko,21202307030100,12
yahiko,21202307030100,12
yahiko,21202307030200,12
yahiko,21202307030200,12
yahiko,21202307030200,12
yahiko,21202307030300,12
yahiko,21202307030300,12
yahiko,21202307030300,12
yahiko,21202307160100,9
yahiko,21202307160100,9
yahiko,21202307160100,9
yahiko,21202307160200,9
yahiko,21202307160200,9
yahiko,21202307160200,9
yahiko,21202307160300,9
yahiko,21202307160300,9
yahiko,21202307160300,9
yahiko,21202307220100,9
yahiko,21202307220100,9
yahiko,21202307220100,9
yahiko,21202307220200,9
yahiko,21202307220200,9
yahiko,21202307220200,9
yahiko,21202307220300,9
yahiko,21202307220300,9
yahiko,21202307220300,9
yahiko,21202308010100,9
yahiko,21202308010100,9
yahiko,21202308010100,9
yahiko,21202308010200,9
yahiko,21202308010200,9
yahiko,21202308010200,9
yahiko,21202308010300,9
yahiko,21202308010300,9
yahiko,21202308010300,9
yahiko,21202308250100,12
yahiko,21202308250100,12
yahiko,21202308250100,12
yahiko,21202308250200,12
yahiko,21202308250200,12
yahiko,21202308250200,12
yahiko,21202308250300,12
yahiko,21202308250300,12
yahiko,21202308250300,12
yahiko,21202309030100,12
yahiko,21202309030100,12
yahiko,21202309030100,12
yahiko,21202309030200,12
yahiko,21202309030200,12
yahiko,21202309030200,12
yahiko,21202309030300,12
yahiko,21202309030300,12
yahiko,21202309030300,12
yahiko,21202309160100,12
yahiko,21202309160100,12
yahiko,21202309160100,12
yahiko,21202309160200,12
yahiko,21202309160200,12
yahiko,21202309160200,12
yahiko,21202309160300,12
yahiko,21202309160300,12
yahiko,21202309160300,12
yahiko,21202309210100,12
yahiko,21202309210100,12
yahiko,21202309210100,12
yahiko,21202309210200,12
yahiko,21202309210200,12
yahiko,21202309210200,12
yahiko,21202309210300,12
yahiko,21202309210300,12
yahiko,21202309210300,12
yahiko,21202309280100,12
yahiko,21202309280100,12
yahiko,21202309280100,12
yahiko,21202309280200,12
yahiko,21202309280200,12
yahiko,21202309280200,12
yahiko,21202309280300,12
yahiko,21202309280300,12
yahiko,21202309280300,12
yahiko,21202310060100,12
yahiko,21202310060100,12
yahiko,21202310060100,12
yahiko,21202310060200,12
yahiko,21202310060200,12
yahiko,21202310060200,12
yahiko,21202310060300,12
yahiko,21202310060300,12
yahiko,21202310060300,12
yahiko,21202310190100,12
yahiko,21202310190100,12
yahiko,21202310190100,12
yahiko,21202310190100,12
yahiko,21202310190200,12
yahiko,21202310190200,12
yahiko,21202310190200,12
yahiko,21202310190200,12
yahiko,21202310190300,12
yahiko,21202310190300,12
yahiko,21202310190300,12
yahiko,21202310190300,12
yahiko,21202310190400,12
yahiko,21202310190400,12
yahiko,21202310190400,12
yahiko,21202310190400,12
yahiko,21202311130100,12
yahiko,21202311130100,12
yahiko,21202311130100,12
yahiko,21202311130200,12
yahiko,21202311130200,12
yahiko,21202311130200,12
yahiko,21202311130300,12
yahiko,21202311130300,12
yahiko,21202311130300,12
yahiko,21202404130100,9
yahiko,21202404130100,9
yahiko,21202404130100,9
yahiko,21202404130200,9
yahiko,21202404130200,9
yahiko,21202404130200,9
yahiko,21202404130300,9
yahiko,21202404130300,9
yahiko,21202404130300,9
yahiko,21202404250100,12
yahiko,21202404250100,12
yahiko,21202404250100,12
yahiko,21202404250200,12
yahiko,21202404250200,12
yahiko,21202404250200,12
yahiko,21202404250300,12
yahiko,21202404250300,12
yahiko,21202404250300,12
yahiko,21202405130100,12
yahiko,21202405130100,12
yahiko,21202405130100,12
yahiko,21202405130200,12
yahiko,21202405130200,12
yahiko,21202405130200,12
yahiko,21202405130300,12
yahiko,21202405130300,12
yahiko,21202405130300,12
yahiko,21202405290100,9
yahiko,21202405290100,9
yahiko,21202405290100,9
yahiko,21202405290200,9
yahiko,21202405290200,9
yahiko,21202405290200,9
yahiko,21202405290300,9
yahiko,21202405290300,9
yahiko,21202405290300,9
yahiko,21202406140100,12
yahiko,21202406140100,12
yahiko,21202406140100,12
yahiko,21202406140200,12
yahiko,21202406140200,12
yahiko,21202406140200,12
yahiko,21202406140300,12
yahiko,21202406140300,12
yahiko,21202406140300,12
yahiko,21202406190100,12
yahiko,21202406190100,12
yahiko,21202406190100,12
yahiko,21202406190200,12
yahiko,21202406190200,12
yahiko,21202406190200,12
yahiko,21202406190300,12
yahiko,21202406190300,12
yahiko,21202406190300,12
yahiko,21202406250100,7
yahiko,21202406250100,7
yahiko,21202406250100,7
yahiko,21202406250200,7
yahiko,21202406250200,7
yahiko,21202406250200,7
yahiko,21202406250300,7
yahiko,21202406250300,7
yahiko,21202406250300,7
yahiko,21202407010100,7
yahiko,21202407010100,7
yahiko,21202407010100,7
yahiko,21202407010200,7
yahiko,21202407010200,7
yahiko,21202407010200,7
yahiko,21202407010300,7
yahiko,21202407010300,7
yahiko,21202407010300,7
yahiko,21202407070100,9
yahiko,21202407070100,9
yahiko,21202407070100,9
yahiko,21202407070200,9
yahiko,21202407070200,9
yahiko,21202407070200,9
yahiko,21202407070300,9
yahiko,21202407070300,9
yahiko,21202407070300,9
yahiko,21202407210100,12
yahiko,21202407210100,12
yahiko,21202407210100,12
yahiko,21202407210200,12
yahiko,21202407210200,12
yahiko,21202407210200,12
yahiko,21202407210300,12
yahiko,21202407210300,12
yahiko,21202407210300,12
yahiko,21202407290100,12
yahiko,21202407290100,12
yahiko,21202407290100,12
yahiko,21202407290200,12
yahiko,21202407290200,12
yahiko,21202407290200,12
yahiko,21202407290300,12
yahiko,21202407290300,12
yahiko,21202407290300,12
yahiko,21202408160100,7
yahiko,21202408160100,7
yahiko,21202408160100,7
yahiko,21202408160200,7
yahiko,21202408160200,7
yahiko,21202408160200,7
yahiko,21202408160300,7
yahiko,21202408160300,7
yahiko,21202408160300,7
yahiko,21202408240100,12
yahiko,21202408240100,12
yahiko,21202408240100,12
yahiko,21202408240200,12
yahiko,21202408240200,12
yahiko,21202408240200,12
yahiko,21202408240300,12
yahiko,21202408240300,12
yahiko,21202408240300,12
yahiko,21202409030100,7
yahiko,21202409030100,7
yahiko,21202409030100,7
yahiko,21202409030200,7
yahiko,21202409030200,7
yahiko,21202409030200,7
yahiko,21202409030300,7
yahiko,21202409030300,7
yahiko,21202409030300,7
yahiko,21202409090100,9
yahiko,21202409090100,9
yahiko,21202409090100,9
yahiko,21202409090200,9
yahiko,21202409090200,9
yahiko,21202409090200,9
yahiko,21202409090300,9
yahiko,21202409090300,9
yahiko,21202409090300,9
yahiko,21202409230100,12
yahiko,21202409230100,12
yahiko,21202409230100,12
yahiko,21202409230200,12
yahiko,21202409230200,12
yahiko,21202409230200,12
yahiko,21202409230300,12
yahiko,21202409230300,12
yahiko,21202409230300,12
yahiko,21202409290100,12
yahiko,21202409290100,12
yahiko,21202409290100,12
yahiko,21202409290200,12
yahiko,21202409290200,12
yahiko,21202409290200,12
yahiko,21202409290300,12
yahiko,21202409290300,12
yahiko,21202409290300,12
yahiko,21202410170100,12
yahiko,21202410170100,12
yahiko,21202410170100,12
yahiko,21202410170100,12
yahiko,21202410170200,12
yahiko,21202410170200,12
yahiko,21202410170200,12
yahiko,21202410170200,12
yahiko,21202410170300,12
yahiko,21202410170300,12
yahiko,21202410170300,12
yahiko,21202410170300,12
yahiko,21202410170400,12
yahiko,21202410170400,12
yahiko,21202410170400,12
yahiko,21202410170400,12
yahiko,21202410300100,12
yahiko,21202410300100,12
yahiko,21202410300100,12
yahiko,21202410300200,12
yahiko,21202410300200,12
yahiko,21202410300200,12
yahiko,21202410300300,12
yahiko,21202410300300,12
yahiko,21202410300300,12
yahiko,21202411050100,12
yahiko,21202411050100,12
yahiko,21202411050100,12
yahiko,21202411050200,12
yahiko,21202411050200,12
yahiko,21202411050200,12
yahiko,21202411050300,12
yahiko,21202411050300,12
yahiko,21202411050300,12
yahiko,21202504250100,7
yahiko,21202504250100,7
yahiko,21202504250100,7
yahiko,21202504250200,7
yahiko,21202504250200,7
yahiko,21202504250200,7
yahiko,21202504250300,7
yahiko,21202504250300,7
yahiko,21202504250300,7
yahiko,21202505010100,11
yahiko,21202505010100,11
yahiko,21202505010100,11
yahiko,21202505010200,11
yahiko,21202505010200,11
yahiko,21202505010200,11
yahiko,21202505010300,11
yahiko,21202505010300,11
yahiko,21202505010300,11
yahiko,21202505110100,11
yahiko,21202505110100,11
yahiko,21202505110100,11
yahiko,21202505110200,11
yahiko,21202505110200,11
yahiko,21202505110200,11
yahiko,21202505110300,11
yahiko,21202505110300,11
yahiko,21202505110300,11
yahiko,21202505200100,12
yahiko,21202505200100,12
yahiko,21202505200100,12
yahiko,21202505200200,12
yahiko,21202505200200,12
yahiko,21202505200200,12
yahiko,21202505200300,12
yahiko,21202505200300,12
yahiko,21202505200300,12
yahiko,21202505270100,12
yahiko,21202505270100,12
yahiko,21202505270100,12
yahiko,21202505270200,12
yahiko,21202505270200,12
yahiko,21202505270200,12
yahiko,21202505270300,12
yahiko,21202505270300,12
yahiko,21202505270300,12
yahiko,21202506100100,9
yahiko,21202506100100,9
yahiko,21202506100100,9
yahiko,21202506100200,9
yahiko,21202506100200,9
yahiko,21202506100200,9
yahiko,21202506100300,9
yahiko,21202506100300,9
yahiko,21202506100300,9
yahiko,21202506180100,11
yahiko,21202506180100,11
yahiko,21202506180100,11
yahiko,21202506180200,11
yahiko,21202506180200,11
yahiko,21202506180200,11
yahiko,21202506180300,11
yahiko,21202506180300,11
yahiko,21202506180300,11
yahiko,21202507010100,7
yahiko,21202507010100,7
yahiko,21202507010100,7
yahiko,21202507010200,7
yahiko,21202507010200,7
yahiko,21202507010200,7
yahiko,21202507010300,7
yahiko,21202507010300,7
yahiko,21202507010300,7
yahiko,21202507100100,12
yahiko,21202507100100,12
yahiko,21202507100100,12
yahiko,21202507100100,12
yahiko,21202507100200,12
yahiko,21202507100200,12
yahiko,21202507100200,12
yahiko,21202507100200,12
yahiko,21202507100300,12
yahiko,21202507100300,12
yahiko,21202507100300,12
yahiko,21202507100300,12
yahiko,21202507100400,12
yahiko,21202507100400,12
yahiko,21202507100400,12
yahiko,21202507100400,12
yahiko,21202507210100,12
yahiko,21202507210100,12
yahiko,21202507210100,12
yahiko,21202507210200,12
yahiko,21202507210200,12
yahiko,21202507210200,12
yahiko,21202507210300,12
yahiko,21202507210300,12
yahiko,21202507210300,12
yahiko,21202508010100,11
yahiko,21202508010100,11
yahiko,21202508010100,11
yahiko,21202508010200,11
yahiko,21202508010200,11
yahiko,21202508010200,11
yahiko,21202508010300,11
yahiko,21202508010300,11
yahiko,21202508010300,11
yahiko,21202508210100,9
yahiko,21202508210100,9
yahiko,21202508210100,9
yahiko,21202508210200,9
yahiko,21202508210200,9
yahiko,21202508210200,9
yahiko,21202508210300,9
yahiko,21202508210300,9
yahiko,21202508210300,9
yahiko,21202509030100,12
yahiko,21202509030100,12
yahiko,21202509030100,12
yahiko,21202509030200,12
yahiko,21202509030200,12
yahiko,21202509030200,12
yahiko,21202509030300,12
yahiko,21202509030300,12
yahiko,21202509030300,12
yahiko,21202509140100,9
yahiko,21202509140100,9
yahiko,21202509140100,9
yahiko,21202509140200,9
yahiko,21202509140200,9
yahiko,21202509140200,9
yahiko,21202509140300,9
yahiko,21202509140300,9
yahiko,21202509140300,9
yahiko,21202509270100,9
yahiko,21202509270100,9
yahiko,21202509270100,9
yahiko,21202509270200,9
yahiko,21202509270200,9
yahiko,21202509270200,9
yahiko,21202509270300,9
yahiko,21202509270300,9
yahiko,21202509270300,9
yahiko,21202510060100,12
yahiko,21202510060100,12
yahiko,21202510060100,12
yahiko,21202510060200,12
yahiko,21202510060200,12
yahiko,21202510060200,12
yahiko,21202510060300,12
yahiko,21202510060300,12
yahiko,21202510060300,12
yahiko,21202510120100,9
yahiko,21202510120100,9
yahiko,21202510120100,9
yahiko,21202510120200,9
yahiko,21202510120200,9
yahiko,21202510120200,9
yahiko,21202510120300,9
yahiko,21202510120300,9
yahiko,21202510120300,9
yahiko,21202510200100,12
yahiko,21202510200100,12
yahiko,21202510200100,12
yahiko,21202510200200,12
yahiko,21202510200200,12
yahiko,21202510200200,12
yahiko,21202510200300,12
yahiko,21202510200300,12
yahiko,21202510200300,12
yahiko,21202510300100,7
yahiko,21202510300100,7
yahiko,21202510300100,7
yahiko,21202510300200,7
yahiko,21202510300200,7
yahiko,21202510300200,7
yahiko,21202510300300,7
yahiko,21202510300300,7
yahiko,21202510300300,7
yahiko,21202511090100,11
yahiko,21202511090100,11
yahiko,21202511090100,11
yahiko,21202511090200,11
yahiko,21202511090200,11
yahiko,21202511090200,11
yahiko,21202511090300,11
yahiko,21202511090300,11
yahiko,21202511090300,11
yahiko,21202604220100,7
yahiko,21202604220100,7
yahiko,21202604220100,7
yahiko,21202604220200,7
yahiko,21202604220200,7
yahiko,21202604220200,7
yahiko,21202604220300,7
yahiko,21202604220300,7
yahiko,21202604220300,7
yahiko,21202605040100,9
yahiko,21202605040100,9
yahiko,21202605040100,9
yahiko,21202605040200,9
yahiko,21202605040200,9
yahiko,21202605040200,9
yahiko,21202605040300,9
yahiko,21202605040300,9
yahiko,21202605040300,9
yahiko,21202605100100,9
yahiko,21202605100100,9
yahiko,21202605100100,9
yahiko,21202605100200,9
yahiko,21202605100200,9
yahiko,21202605100200,9
yahiko,21202605100300,9
yahiko,21202605100300,9
yahiko,21202605100300,9
yahiko,21202605270100,12
yahiko,21202605270100,12
yahiko,21202605270100,12
yahiko,21202605270200,12
yahiko,21202605270200,12
yahiko,21202605270200,12
yahiko,21202605270300,12
yahiko,21202605270300,12
yahiko,21202605270300,12
yahiko,21202606040100,12
yahiko,21202606040100,12
yahiko,21202606040100,12
yahiko,21202606040200,12
yahiko,21202606040200,12
yahiko,21202606040200,12
yahiko,21202606040300,12
yahiko,21202606040300,12
yahiko,21202606040300,12
yahiko,21202606120100,9
yahiko,21202606120100,9
yahiko,21202606120100,9
yahiko,21202606120200,9
yahiko,21202606120200,9
yahiko,21202606120200,9
yahiko,21202606120300,9
yahiko,21202606120300,9
yahiko,21202606120300,9
yahiko,21202606220100,11
yahiko,21202606220100,11
yahiko,21202606220100,11
yahiko,21202606220200,11
yahiko,21202606220200,11
yahiko,21202606220200,11
yahiko,21202606220300,11
yahiko,21202606220300,11
yahiko,21202606220300,11
maebashi,22202301140100,9
maebashi,22202301140100,9
maebashi,22202301140100,9
maebashi,22202301140200,9
maebashi,22202301140200,9
maebashi,22202301140200,9
maebashi,22202301140300,9
maebashi,22202301140300,9
maebashi,22202301140300,9
maebashi,22202301280100,12
maebashi,22202301280100,12
maebashi,22202301280100,12
maebashi,22202301280200,12
maebashi,22202301280200,12
maebashi,22202301280200,12
maebashi,22202301280300,12
maebashi,22202301280300,12
maebashi,22202301280300,12
maebashi,22202302010100,9
maebashi,22202302010100,9
maebashi,22202302010100,9
maebashi,22202302010200,9
maebashi,22202302010200,9
maebashi,22202302010200,9
maebashi,22202302010300,9
maebashi,22202302010300,9
maebashi,22202302010300,9
maebashi,22202302100100,12
maebashi,22202302100100,12
maebashi,22202302100100,12
maebashi,22202302100200,12
maebashi,22202302100200,12
maebashi,22202302100200,12
maebashi,22202302100300,12
maebashi,22202302100300,12
maebashi,22202302100300,12
maebashi,22202302150100,9
maebashi,22202302150100,9
maebashi,22202302150100,9
maebashi,22202302150200,9
maebashi,22202302150200,9
maebashi,22202302150200,9
maebashi,22202302150300,9
maebashi,22202302150300,9
maebashi,22202302150300,9
maebashi,22202302240100,12
maebashi,22202302240100,12
maebashi,22202302240100,12
maebashi,22202302240200,12
maebashi,22202302240200,12
maebashi,22202302240200,12
maebashi,22202302240300,11
maebashi,22202302240300,11
maebashi,22202302240300,11
maebashi,22202303020100,9
maebashi,22202303020100,9
maebashi,22202303020100,9
maebashi,22202303020200,9
maebashi,22202303020200,9
maebashi,22202303020200,9
maebashi,22202303020300,9
maebashi,22202303020300,9
maebashi,22202303020300,9
maebashi,22202303190100,12
maebashi,22202303190100,12
maebashi,22202303190100,12
maebashi,22202303190200,12
maebashi,22202303190200,12
maebashi,22202303190200,12
maebashi,22202303190300,12
maebashi,22202303190300,12
maebashi,22202303190300,12
maebashi,22202303290100,12
maebashi,22202303290100,12
maebashi,22202303290100,12
maebashi,22202303290200,12
maebashi,22202303290200,12
maebashi,22202303290200,12
maebashi,22202303290300,12
maebashi,22202303290300,12
maebashi,22202303290300,12
maebashi,22202304040100,9
maebashi,22202304040100,9
maebashi,22202304040100,9
maebashi,22202304040200,9
maebashi,22202304040200,9
maebashi,22202304040200,9
maebashi,22202304040300,9
maebashi,22202304040300,9
maebashi,22202304040300,9
maebashi,22202304090100,12
maebashi,22202304090100,12
maebashi,22202304090100,12
maebashi,22202304090200,12
maebashi,22202304090200,12
maebashi,22202304090200,12
maebashi,22202304090300,12
maebashi,22202304090300,12
maebashi,22202304090300,12
maebashi,22202304190100,9
maebashi,22202304190100,9
maebashi,22202304190100,9
maebashi,22202304190200,9
maebashi,22202304190200,9
maebashi,22202304190200,9
maebashi,22202304190300,9
maebashi,22202304190300,9
maebashi,22202304190300,9
maebashi,22202305040100,9
maebashi,22202305040100,9
maebashi,22202305040100,9
maebashi,22202305040200,9
maebashi,22202305040200,9
maebashi,22202305040200,9
maebashi,22202305040300,9
maebashi,22202305040300,9
maebashi,22202305040300,9
maebashi,22202305110100,9
maebashi,22202305110100,9
maebashi,22202305110100,9
maebashi,22202305110200,9
maebashi,22202305110200,9
maebashi,22202305110200,9
maebashi,22202305110300,9
maebashi,22202305110300,9
maebashi,22202305110300,9
maebashi,22202305170100,9
maebashi,22202305170100,9
maebashi,22202305170100,9
maebashi,22202305170200,9
maebashi,22202305170200,9
maebashi,22202305170200,9
maebashi,22202305170300,9
maebashi,22202305170300,9
maebashi,22202305170300,9
maebashi,22202306130100,9
maebashi,22202306130100,9
maebashi,22202306130100,9
maebashi,22202306130200,9
maebashi,22202306130200,9
maebashi,22202306130200,9
maebashi,22202306130300,9
maebashi,22202306130300,9
maebashi,22202306130300,9
maebashi,22202306290100,12
maebashi,22202306290100,12
maebashi,22202306290100,12
maebashi,22202306290100,12
maebashi,22202306290200,12
maebashi,22202306290200,12
maebashi,22202306290200,12
maebashi,22202306290200,12
maebashi,22202306290300,12
maebashi,22202306290300,12
maebashi,22202306290300,12
maebashi,22202306290300,12
maebashi,22202306290400,12
maebashi,22202306290400,12
maebashi,22202306290400,12
maebashi,22202306290400,12
maebashi,22202307100100,9
maebashi,22202307100100,9
maebashi,22202307100100,9
maebashi,22202307100200,9
maebashi,22202307100200,9
maebashi,22202307100200,9
maebashi,22202307100300,9
maebashi,22202307100300,9
maebashi,22202307100300,9
maebashi,22202307280100,12
maebashi,22202307280100,12
maebashi,22202307280100,12
maebashi,22202307280200,12
maebashi,22202307280200,12
maebashi,22202307280200,12
maebashi,22202307280300,12
maebashi,22202307280300,12
maebashi,22202307280300,12
maebashi,22202308050100,9
maebashi,22202308050100,9
maebashi,22202308050100,9
maebashi,22202308050200,9
maebashi,22202308050200,9
maebashi,22202308050200,9
maebashi,22202308050300,9
maebashi,22202308050300,9
maebashi,22202308050300,9
maebashi,22202308180100,12
maebashi,22202308180100,12
maebashi,22202308180100,12
maebashi,22202308180200,12
maebashi,22202308180200,12
maebashi,22202308180200,12
maebashi,22202308180300,12
maebashi,22202308180300,12
maebashi,22202308180300,12
maebashi,22202308280100,12
maebashi,22202308280100,12
maebashi,22202308280100,12
maebashi,22202308280200,12
maebashi,22202308280200,12
maebashi,22202308280200,12
maebashi,22202308280300,12
maebashi,22202308280300,12
maebashi,22202308280300,12
maebashi,22202309160100,12
maebashi,22202309160100,12
maebashi,22202309160100,12
maebashi,22202309160200,12
maebashi,22202309160200,12
maebashi,22202309160200,12
maebashi,22202309160300,12
maebashi,22202309160300,12
maebashi,22202309160300,12
maebashi,22202310080100,12
maebashi,22202310080100,12
maebashi,22202310080100,12
maebashi,22202310080200,12
maebashi,22202310080200,12
maebashi,22202310080200,12
maebashi,22202310080300,12
maebashi,22202310080300,12
maebashi,22202310080300,12
maebashi,22202310140100,9
maebashi,22202310140100,9
maebashi,22202310140100,9
maebashi,22202310140200,9
maebashi,22202310140200,9
maebashi,22202310140200,9
maebashi,22202310140300,9
maebashi,22202310140300,9
maebashi,22202310140300,9
maebashi,22202310230100,7
maebashi,22202310230100,7
maebashi,22202310230100,7
maebashi,22202310230200,7
maebashi,22202310230200,7
maebashi,22202310230200,7
maebashi,22202310230300,7
maebashi,22202310230300,7
maebashi,22202310230300,7
maebashi,22202311010100,7
maebashi,22202311010100,7
maebashi,22202311010100,7
maebashi,22202311010200,7
maebashi,22202311010200,7
maebashi,22202311010200,7
maebashi,22202311010300,7
maebashi,22202311010300,7
maebashi,22202311010300,7
maebashi,22202311070100,12
maebashi,22202311070100,12
maebashi,22202311070100,12
maebashi,22202311070200,12
maebashi,22202311070200,12
maebashi,22202311070200,12
maebashi,22202311070300,12
maebashi,22202311070300,12
maebashi,22202311070300,12
maebashi,22202311170100,12
maebashi,22202311170100,12
maebashi,22202311170100,12
maebashi,22202311170200,12
maebashi,22202311170200,12
maebashi,22202311170200,12
maebashi,22202311170300,12
maebashi,22202311170300,12
maebashi,22202311170300,12
maebashi,22202311230100,7
maebashi,22202311230100,7
maebashi,22202311230100,7
maebashi,22202311230200,7
maebashi,22202311230200,7
maebashi,22202311230200,7
maebashi,22202311230300,7
maebashi,22202311230300,7
maebashi,22202311230300,7
maebashi,22202312200100,9
maebashi,22202312200100,9
maebashi,22202312200100,9
maebashi,22202312200200,9
maebashi,22202312200200,9
maebashi,22202312200200,9
maebashi,22202312200300,9
maebashi,22202312200300,9
maebashi,22202312200300,9
maebashi,22202401190100,9
maebashi,22202401190100,9
maebashi,22202401190100,9
maebashi,22202401190200,9
maebashi,22202401190200,9
maebashi,22202401190200,9
maebashi,22202401190300,9
maebashi,22202401190300,9
maebashi,22202401190300,9
maebashi,22202401310100,9
maebashi,22202401310100,9
maebashi,22202401310100,9
maebashi,22202401310200,9
maebashi,22202401310200,9
maebashi,22202401310200,9
maebashi,22202401310300,9
maebashi,22202401310300,9
maebashi,22202401310300,9
maebashi,22202402180100,12
maebashi,22202402180100,12
maebashi,22202402180100,12
maebashi,22202402180200,12
maebashi,22202402180200,12
maebashi,22202402180200,12
maebashi,22202402180300,12
maebashi,22202402180300,12
maebashi,22202402180300,12
maebashi,22202402250100,7
maebashi,22202402250100,7
maebashi,22202402250100,7
maebashi,22202402250200,6
maebashi,22202402250200,6
maebashi,22202402250200,6
maebashi,22202402250300,6
maebashi,22202402250300,6
maebashi,22202402250300,6
maebashi,22202403150100,12
maebashi,22202403150100,12
maebashi,22202403150100,12
maebashi,22202403150200,12
maebashi,22202403150200,12
maebashi,22202403150200,12
maebashi,22202403150300,12
maebashi,22202403150300,12
maebashi,22202403150300,12
maebashi,22202403290100,12
maebashi,22202403290100,12
maebashi,22202403290100,12
maebashi,22202403290200,12
maebashi,22202403290200,12
maebashi,22202403290200,12
maebashi,22202403290300,10
maebashi,22202403290300,10
maebashi,22202403290300,10
maebashi,22202404040100,7
maebashi,22202404040100,7
maebashi,22202404040100,7
maebashi,22202404040200,7
maebashi,22202404040200,7
maebashi,22202404040200,7
maebashi,22202404040300,7
maebashi,22202404040300,7
maebashi,22202404040300,7
maebashi,22202404140100,12
maebashi,22202404140100,12
maebashi,22202404140100,12
maebashi,22202404140200,12
maebashi,22202404140200,12
maebashi,22202404140200,12
maebashi,22202404140300,12
maebashi,22202404140300,12
maebashi,22202404140300,12
maebashi,22202405010100,7
maebashi,22202405010100,7
maebashi,22202405010100,7
maebashi,22202405010200,7
maebashi,22202405010200,7
maebashi,22202405010200,7
maebashi,22202405010300,7
maebashi,22202405010300,7
maebashi,22202405010300,7
maebashi,22202405230100,7
maebashi,22202405230100,7
maebashi,22202405230100,7
maebashi,22202405230200,7
maebashi,22202405230200,7
maebashi,22202405230200,7
maebashi,22202405230300,7
maebashi,22202405230300,7
maebashi,22202405230300,7
maebashi,22202406010100,12
maebashi,22202406010100,12
maebashi,22202406010100,12
maebashi,22202406010100,12
maebashi,22202406010200,12
maebashi,22202406010200,12
maebashi,22202406010200,12
maebashi,22202406010200,12
maebashi,22202406010300,12
maebashi,22202406010300,12
maebashi,22202406010300,12
maebashi,22202406010300,12
maebashi,22202406010400,12
maebashi,22202406010400,12
maebashi,22202406010400,12
maebashi,22202406010400,12
maebashi,22202406190100,9
maebashi,22202406190100,9
maebashi,22202406190100,9
maebashi,22202406190200,9
maebashi,22202406190200,9
maebashi,22202406190200,9
maebashi,22202406190300,9
maebashi,22202406190300,9
maebashi,22202406190300,9
maebashi,22202407080100,12
maebashi,22202407080100,12
maebashi,22202407080100,12
maebashi,22202407080200,12
maebashi,22202407080200,12
maebashi,22202407080200,12
maebashi,22202407080300,12
maebashi,22202407080300,12
maebashi,22202407080300,12
maebashi,22202408160100,12
maebashi,22202408160100,12
maebashi,22202408160100,12
maebashi,22202408160200,12
maebashi,22202408160200,12
maebashi,22202408160200,12
maebashi,22202408160300,12
maebashi,22202408160300,12
maebashi,22202408160300,12
maebashi,22202409010100,12
maebashi,22202409010100,12
maebashi,22202409010100,12
maebashi,22202409010200,12
maebashi,22202409010200,12
maebashi,22202409010200,12
maebashi,22202409010300,12
maebashi,22202409010300,12
maebashi,22202409010300,12
maebashi,22202409140100,12
maebashi,22202409140100,12
maebashi,22202409140100,12
maebashi,22202409140200,12
maebashi,22202409140200,12
maebashi,22202409140200,12
maebashi,22202409140300,12
maebashi,22202409140300,12
maebashi,22202409140300,12
maebashi,22202410300100,7
maebashi,22202410300100,7
maebashi,22202410300100,7
maebashi,22202410300200,7
maebashi,22202410300200,7
maebashi,22202410300200,7
maebashi,22202410300300,7
maebashi,22202410300300,7
maebashi,22202410300300,7
maebashi,22202411110100,12
maebashi,22202411110100,12
maebashi,22202411110100,12
maebashi,22202411110200,12
maebashi,22202411110200,12
maebashi,22202411110200,12
maebashi,22202411110300,12
maebashi,22202411110300,12
maebashi,22202411110300,12
maebashi,22202411210100,9
maebashi,22202411210100,9
maebashi,22202411210100,9
maebashi,22202411210200,9
maebashi,22202411210200,9
maebashi,22202411210200,9
maebashi,22202411210300,9
maebashi,22202411210300,9
maebashi,22202411210300,9
maebashi,22202412040100,12
maebashi,22202412040100,12
maebashi,22202412040100,12
maebashi,22202412040200,12
maebashi,22202412040200,12
maebashi,22202412040200,12
maebashi,22202412040300,12
maebashi,22202412040300,12
maebashi,22202412040300,12
maebashi,22202412210100,9
maebashi,22202412210100,9
maebashi,22202412210100,9
maebashi,22202412210200,9
maebashi,22202412210200,9
maebashi,22202412210200,9
maebashi,22202412210300,9
maebashi,22202412210300,9
maebashi,22202412210300,9
maebashi,22202501010100,12
maebashi,22202501010100,12
maebashi,22202501010100,12
maebashi,22202501010200,11
maebashi,22202501010200,11
maebashi,22202501010200,11
maebashi,22202501010300,11
maebashi,22202501010300,11
maebashi,22202501010300,11
maebashi,22202501230100,7
maebashi,22202501230100,7
maebashi,22202501230100,7
maebashi,22202501230200,7
maebashi,22202501230200,7
maebashi,22202501230200,7
maebashi,22202501230300,7
maebashi,22202501230300,7
maebashi,22202501230300,7
maebashi,22202501310100,12
maebashi,22202501310100,12
maebashi,22202501310100,12
maebashi,22202501310200,12
maebashi,22202501310200,12
maebashi,22202501310200,12
maebashi,22202501310300,12
maebashi,22202501310300,12
maebashi,22202501310300,12
maebashi,22202502050100,9
maebashi,22202502050100,9
maebashi,22202502050100,9
maebashi,22202502050200,9
maebashi,22202502050200,9
maebashi,22202502050200,9
maebashi,22202502050300,9
maebashi,22202502050300,9
maebashi,22202502050300,9
maebashi,22202502140100,9
maebashi,22202502140100,9
maebashi,22202502140100,9
maebashi,22202502140200,9
maebashi,22202502140200,9
maebashi,22202502140200,9
maebashi,22202502140300,9
maebashi,22202502140300,9
maebashi,22202502140300,9
maebashi,22202502220100,12
maebashi,22202502220100,12
maebashi,22202502220100,12
maebashi,22202502220200,12
maebashi,22202502220200,12
maebashi,22202502220200,12
maebashi,22202502220300,11
maebashi,22202502220300,11
maebashi,22202502220300,11
maebashi,22202503040100,7
maebashi,22202503040100,7
maebashi,22202503040100,7
maebashi,22202503040200,7
maebashi,22202503040200,7
maebashi,22202503040200,7
maebashi,22202503040300,7
maebashi,22202503040300,7
maebashi,22202503040300,7
maebashi,22202503160100,7
maebashi,22202503160100,7
maebashi,22202503160100,7
maebashi,22202503160200,7
maebashi,22202503160200,7
maebashi,22202503160200,7
maebashi,22202503160300,7
maebashi,22202503160300,7
maebashi,22202503160300,7
maebashi,22202503210100,12
maebashi,22202503210100,12
maebashi,22202503210100,12
maebashi,22202503210200,12
maebashi,22202503210200,12
maebashi,22202503210200,12
maebashi,22202503210300,12
maebashi,22202503210300,12
maebashi,22202503210300,12
maebashi,22202503270100,12
maebashi,22202503270100,12
maebashi,22202503270100,12
maebashi,22202503270100,12
maebashi,22202503270200,12
maebashi,22202503270200,12
maebashi,22202503270200,12
maebashi,22202503270200,12
maebashi,22202503270300,12
maebashi,22202503270300,12
maebashi,22202503270300,12
maebashi,22202503270300,12
maebashi,22202503270400,12
maebashi,22202503270400,12
maebashi,22202503270400,12
maebashi,22202503270400,12
maebashi,22202504100100,12
maebashi,22202504100100,12
maebashi,22202504100100,12
maebashi,22202504100200,12
maebashi,22202504100200,12
maebashi,22202504100200,12
maebashi,22202504100300,12
maebashi,22202504100300,12
maebashi,22202504100300,12
maebashi,22202506040100,9
maebashi,22202506040100,9
maebashi,22202506040100,9
maebashi,22202506040200,9
maebashi,22202506040200,9
maebashi,22202506040200,9
maebashi,22202506040300,9
maebashi,22202506040300,9
maebashi,22202506040300,9
maebashi,22202506200100,12
maebashi,22202506200100,12
maebashi,22202506200100,12
maebashi,22202506200200,12
maebashi,22202506200200,12
maebashi,22202506200200,12
maebashi,22202506200300,12
maebashi,22202506200300,12
maebashi,22202506200300,12
maebashi,22202506260100,12
maebashi,22202506260100,12
maebashi,22202506260100,12
maebashi,22202506260200,12
maebashi,22202506260200,12
maebashi,22202506260200,12
maebashi,22202506260300,12
maebashi,22202506260300,12
maebashi,22202506260300,12
maebashi,22202507020100,11
maebashi,22202507020100,11
maebashi,22202507020100,11
maebashi,22202507020200,11
maebashi,22202507020200,11
maebashi,22202507020200,11
maebashi,22202507020300,11
maebashi,22202507020300,11
maebashi,22202507020300,11
maebashi,22202508030100,7
maebashi,22202508030100,7
maebashi,22202508030100,7
maebashi,22202508030200,7
maebashi,22202508030200,7
maebashi,22202508030200,7
maebashi,22202508030300,7
maebashi,22202508030300,7
maebashi,22202508030300,7
maebashi,22202508120100,12
maebashi,22202508120100,12
maebashi,22202508120100,12
maebashi,22202508120200,12
maebashi,22202508120200,12
maebashi,22202508120200,12
maebashi,22202508120300,12
maebashi,22202508120300,12
maebashi,22202508120300,12
maebashi,22202508180100,9
maebashi,22202508180100,9
maebashi,22202508180100,9
maebashi,22202508180200,9
maebashi,22202508180200,9
maebashi,22202508180200,9
maebashi,22202508180300,9
maebashi,22202508180300,9
maebashi,22202508180300,9
maebashi,22202508240100,7
maebashi,22202508240100,7
maebashi,22202508240100,7
maebashi,22202508240200,7
maebashi,22202508240200,7
maebashi,22202508240200,7
maebashi,22202508240300,7
maebashi,22202508240300,7
maebashi,22202508240300,7
maebashi,22202509010100,11
maebashi,22202509010100,11
maebashi,22202509010100,11
maebashi,22202509010200,11
maebashi,22202509010200,11
maebashi,22202509010200,11
maebashi,22202509010300,11
maebashi,22202509010300,11
maebashi,22202509010300,11
maebashi,22202509300100,7
maebashi,22202509300100,7
maebashi,22202509300100,7
maebashi,22202509300200,7
maebashi,22202509300200,7
maebashi,22202509300200,7
maebashi,22202509300300,7
maebashi,22202509300300,7
maebashi,22202509300300,7
maebashi,22202510060100,9
maebashi,22202510060100,9
maebashi,22202510060100,9
maebashi,22202510060200,9
maebashi,22202510060200,9
maebashi,22202510060200,9
maebashi,22202510060300,9
maebashi,22202510060300,9
maebashi,22202510060300,9
maebashi,22202510150100,9
maebashi,22202510150100,9
maebashi,22202510150100,9
maebashi,22202510150200,9
maebashi,22202510150200,9
maebashi,22202510150200,9
maebashi,22202510150300,9
maebashi,22202510150300,9
maebashi,22202510150300,9
maebashi,22202510230100,12
maebashi,22202510230100,12
maebashi,22202510230100,12
maebashi,22202510230100,12
maebashi,22202510230200,12
maebashi,22202510230200,12
maebashi,22202510230200,12
maebashi,22202510230200,12
maebashi,22202510230300,12
maebashi,22202510230300,12
maebashi,22202510230300,12
maebashi,22202510230300,12
maebashi,22202510230400,12
maebashi,22202510230400,12
maebashi,22202510230400,12
maebashi,22202510230400,12
maebashi,22202511240100,7
maebashi,22202511240100,7
maebashi,22202511240100,7
maebashi,22202511240200,7
maebashi,22202511240200,7
maebashi,22202511240200,7
maebashi,22202511240300,7
maebashi,22202511240300,7
maebashi,22202511240300,7
maebashi,22202512080100,12
maebashi,22202512080100,12
maebashi,22202512080100,12
maebashi,22202512080200,12
maebashi,22202512080200,12
maebashi,22202512080200,12
maebashi,22202512080300,12
maebashi,22202512080300,12
maebashi,22202512080300,12
maebashi,22202512130100,11
maebashi,22202512130100,11
maebashi,22202512130100,11
maebashi,22202512130200,11
maebashi,22202512130200,11
maebashi,22202512130200,11
maebashi,22202512130300,11
maebashi,22202512130300,11
maebashi,22202512130300,11
maebashi,22202512180100,9
maebashi,22202512180100,9
maebashi,22202512180100,9
maebashi,22202512180200,9
maebashi,22202512180200,9
maebashi,22202512180200,9
maebashi,22202512180300,9
maebashi,22202512180300,9
maebashi,22202512180300,9
maebashi,22202512270100,9
maebashi,22202512270100,9
maebashi,22202512270100,9
maebashi,22202512270200,9
maebashi,22202512270200,9
maebashi,22202512270200,9
maebashi,22202512270300,9
maebashi,22202512270300,9
maebashi,22202512270300,9
maebashi,22202601020100,7
maebashi,22202601020100,7
maebashi,22202601020100,7
maebashi,22202601020200,7
maebashi,22202601020200,7
maebashi,22202601020200,7
maebashi,22202601020300,7
maebashi,22202601020300,7
maebashi,22202601020300,7
maebashi,22202601190100,11
maebashi,22202601190100,11
maebashi,22202601190100,11
maebashi,22202601190200,11
maebashi,22202601190200,11
maebashi,22202601190200,11
maebashi,22202601190300,11
maebashi,22202601190300,11
maebashi,22202601190300,11
maebashi,22202602070100,9
maebashi,22202602070100,9
maebashi,22202602070100,9
maebashi,22202602070200,9
maebashi,22202602070200,9
maebashi,22202602070200,9
maebashi,22202602070300,9
maebashi,22202602070300,9
maebashi,22202602070300,9
maebashi,22202602250100,12
maebashi,22202602250100,12
maebashi,22202602250100,12
maebashi,22202602250200,12
maebashi,22202602250200,12
maebashi,22202602250200,12
maebashi,22202602250300,12
maebashi,22202602250300,12
maebashi,22202602250300,12
maebashi,22202603070100,11
maebashi,22202603070100,11
maebashi,22202603070100,11
maebashi,22202603070200,11
maebashi,22202603070200,11
maebashi,22202603070200,11
maebashi,22202603070300,11
maebashi,22202603070300,11
maebashi,22202603070300,11
maebashi,22202603200100,12
maebashi,22202603200100,12
maebashi,22202603200100,12
maebashi,22202603200200,12
maebashi,22202603200200,12
maebashi,22202603200200,12
maebashi,22202603200300,12
maebashi,22202603200300,12
maebashi,22202603200300,12
maebashi,22202604050100,12
maebashi,22202604050100,12
maebashi,22202604050100,12
maebashi,22202604050200,12
maebashi,22202604050200,12
maebashi,22202604050200,12
maebashi,22202604050300,12
maebashi,22202604050300,12
maebashi,22202604050300,12
maebashi,22202604220100,12
maebashi,22202604220100,12
maebashi,22202604220100,12
maebashi,22202604220200,12
maebashi,22202604220200,12
maebashi,22202604220200,12
maebashi,22202604220300,12
maebashi,22202604220300,12
maebashi,22202604220300,12
maebashi,22202605260100,11
maebashi,22202605260100,11
maebashi,22202605260100,11
maebashi,22202605260200,11
maebashi,22202605260200,11
maebashi,22202605260200,11
maebashi,22202605260300,11
maebashi,22202605260300,11
maebashi,22202605260300,11
maebashi,22202606030100,7
maebashi,22202606030100,7
maebashi,22202606030100,7
maebashi,22202606030200,7
maebashi,22202606030200,7
maebashi,22202606030200,7
maebashi,22202606030300,7
maebashi,22202606030300,7
maebashi,22202606030300,7
maebashi,22202606090100,12
maebashi,22202606090100,12
maebashi,22202606090100,12
maebashi,22202606090200,12
maebashi,22202606090200,12
maebashi,22202606090200,12
maebashi,22202606090300,12
maebashi,22202606090300,12
maebashi,22202606090300,12
toride,23202301010100,12
toride,23202301010100,12
toride,23202301010100,12
toride,23202301010200,12
toride,23202301010200,12
toride,23202301010200,12
toride,23202301010300,12
toride,23202301010300,12
toride,23202301010300,12
toride,23202301160100,12
toride,23202301160100,12
toride,23202301160100,12
toride,23202301160200,12
toride,23202301160200,12
toride,23202301160200,12
toride,23202301160300,12
toride,23202301160300,12
toride,23202301160300,12
toride,23202302170100,12
toride,23202302170100,12
toride,23202302170100,12
toride,23202302170200,12
toride,23202302170200,12
toride,23202302170200,12
toride,23202302170300,12
toride,23202302170300,12
toride,23202302170300,12
toride,23202303010100,12
toride,23202303010100,12
toride,23202303010100,12
toride,23202303010200,12
toride,23202303010200,12
toride,23202303010200,12
toride,23202303010300,12
toride,23202303010300,12
toride,23202303010300,12
toride,23202303090100,7
toride,23202303090100,7
toride,23202303090100,7
toride,23202303090200,7
toride,23202303090200,7
toride,23202303090200,7
toride,23202303090300,7
toride,23202303090300,7
toride,23202303090300,7
toride,23202304100100,12
toride,23202304100100,12
toride,23202304100100,12
toride,23202304100200,12
toride,23202304100200,12
toride,23202304100200,12
toride,23202304100300,12
toride,23202304100300,12
toride,23202304100300,12
toride,23202304240100,12
toride,23202304240100,12
toride,23202304240100,12
toride,23202304240200,12
toride,23202304240200,12
toride,23202304240200,12
toride,23202304240300,12
toride,23202304240300,12
toride,23202304240300,12
toride,23202305260100,12
toride,23202305260100,12
toride,23202305260100,12
toride,23202305260200,12
toride,23202305260200,12
toride,23202305260200,12
toride,23202305260300,12
toride,23202305260300,12
toride,23202305260300,12
toride,23202306260100,12
toride,23202306260100,12
toride,23202306260100,12
toride,23202306260200,12
toride,23202306260200,12
toride,23202306260200,12
toride,23202306260300,12
toride,23202306260300,12
toride,23202306260300,12
toride,23202307200100,7
toride,23202307200100,7
toride,23202307200100,7
toride,23202307200200,7
toride,23202307200200,7
toride,23202307200200,7
toride,23202307200300,7
toride,23202307200300,7
toride,23202307200300,7
toride,23202308310100,12
toride,23202308310100,12
toride,23202308310100,12
toride,23202308310200,12
toride,23202308310200,12
toride,23202308310200,12
toride,23202308310300,12
toride,23202308310300,12
toride,23202308310300,12
toride,23202309250100,7
toride,23202309250100,7
toride,23202309250100,7
toride,23202309250200,7
toride,23202309250200,7
toride,23202309250200,7
toride,23202309250300,7
toride,23202309250300,7
toride,23202309250300,7
toride,23202310160100,12
toride,23202310160100,12
toride,23202310160100,12
toride,23202310160200,12
toride,23202310160200,12
toride,23202310160200,12
toride,23202310160300,12
toride,23202310160300,12
toride,23202310160300,12
toride,23202311020100,12
toride,23202311020100,12
toride,23202311020100,12
toride,23202311020200,12
toride,23202311020200,12
toride,23202311020200,12
toride,23202311020300,12
toride,23202311020300,12
toride,23202311020300,12
toride,23202311090100,7
toride,23202311090100,7
toride,23202311090100,7
toride,23202311090200,7
toride,23202311090200,7
toride,23202311090200,7
toride,23202311090300,7
toride,23202311090300,7
toride,23202311090300,7
toride,23202311290100,12
toride,23202311290100,12
toride,23202311290100,12
toride,23202311290200,12
toride,23202311290200,12
toride,23202311290200,12
toride,23202311290300,12
toride,23202311290300,12
toride,23202311290300,12
toride,23202312070100,7
toride,23202312070100,7
toride,23202312070100,7
toride,23202312070200,7
toride,23202312070200,7
toride,23202312070200,7
toride,23202312070300,7
toride,23202312070300,7
toride,23202312070300,7
toride,23202312220100,7
toride,23202312220100,7
toride,23202312220100,7
toride,23202312220200,7
toride,23202312220200,7
toride,23202312220200,7
toride,23202312220300,7
toride,23202312220300,7
toride,23202312220300,7
toride,23202401120100,7
toride,23202401120100,7
toride,23202401120100,7
toride,23202401120200,7
toride,23202401120200,7
toride,23202401120200,7
toride,23202401120300,7
toride,23202401120300,7
toride,23202401120300,7
toride,23202401280100,12
toride,23202401280100,12
toride,23202401280100,12
toride,23202401280200,12
toride,23202401280200,12
toride,23202401280200,12
toride,23202401280300,12
toride,23202401280300,12
toride,23202401280300,12
toride,23202402100100,12
toride,23202402100100,12
toride,23202402100100,12
toride,23202402100200,12
toride,23202402100200,12
toride,23202402100200,12
toride,23202402100300,12
toride,23202402100300,12
toride,23202402100300,12
toride,23202403060100,7
toride,23202403060100,7
toride,23202403060100,7
toride,23202403060200,7
toride,23202403060200,7
toride,23202403060200,7
toride,23202403060300,7
toride,23202403060300,7
toride,23202403060300,7
toride,23202403120100,7
toride,23202403120100,7
toride,23202403120100,7
toride,23202403120200,7
toride,23202403120200,7
toride,23202403120200,7
toride,23202403120300,7
toride,23202403120300,7
toride,23202403120300,7
toride,23202403210100,12
toride,23202403210100,12
toride,23202403210100,12
toride,23202403210100,12
toride,23202403210200,12
toride,23202403210200,12
toride,23202403210200,12
toride,23202403210200,12
toride,23202403210300,12
toride,23202403210300,12
toride,23202403210300,12
toride,23202403210300,12
toride,23202403210400,12
toride,23202403210400,12
toride,23202403210400,12
toride,23202403210400,12
toride,23202404100100,7
toride,23202404100100,7
toride,23202404100100,7
toride,23202404100200,7
toride,23202404100200,7
toride,23202404100200,7
toride,23202404100300,7
toride,23202404100300,7
toride,23202404100300,7
toride,23202405060100,12
toride,23202405060100,12
toride,23202405060100,12
toride,23202405060200,12
toride,23202405060200,12
toride,23202405060200,12
toride,23202405060300,12
toride,23202405060300,12
toride,23202405060300,12
toride,23202405240100,7
toride,23202405240100,7
toride,23202405240100,7
toride,23202405240200,7
toride,23202405240200,7
toride,23202405240200,7
toride,23202405240300,7
toride,23202405240300,7
toride,23202405240300,7
toride,23202406270100,12
toride,23202406270100,12
toride,23202406270100,12
toride,23202406270100,12
toride,23202406270200,12
toride,23202406270200,12
toride,23202406270200,12
toride,23202406270200,12
toride,23202406270300,12
toride,23202406270300,12
toride,23202406270300,12
toride,23202406270300,12
toride,23202406270400,12
toride,23202406270400,12
toride,23202406270400,12
toride,23202406270400,12
toride,23202407300100,7
toride,23202407300100,7
toride,23202407300100,7
toride,23202407300200,7
toride,23202407300200,7
toride,23202407300200,7
toride,23202407300300,7
toride,23202407300300,7
toride,23202407300300,7
toride,23202408100100,12
toride,23202408100100,12
toride,23202408100100,12
toride,23202408100200,12
toride,23202408100200,12
toride,23202408100200,12
toride,23202408100300,12
toride,23202408100300,12
toride,23202408100300,12
toride,23202408210100,12
toride,23202408210100,12
toride,23202408210100,12
toride,23202408210200,12
toride,23202408210200,12
toride,23202408210200,12
toride,23202408210300,12
toride,23202408210300,12
toride,23202408210300,12
toride,23202409010100,7
toride,23202409010100,7
toride,23202409010100,7
toride,23202409010200,7
toride,23202409010200,7
toride,23202409010200,7
toride,23202409010300,7
toride,23202409010300,7
toride,23202409010300,7
toride,23202410040100,7
toride,23202410040100,7
toride,23202410040100,7
toride,23202410040200,7
toride,23202410040200,7
toride,23202410040200,7
toride,23202410040300,7
toride,23202410040300,7
toride,23202410040300,7
toride,23202411120100,12
toride,23202411120100,12
toride,23202411120100,12
toride,23202411120200,12
toride,23202411120200,12
toride,23202411120200,12
toride,23202411120300,12
toride,23202411120300,12
toride,23202411120300,12
toride,23202411220100,7
toride,23202411220100,7
toride,23202411220100,7
toride,23202411220200,7
toride,23202411220200,7
toride,23202411220200,7
toride,23202411220300,7
toride,23202411220300,7
toride,23202411220300,7
toride,23202412120100,7
toride,23202412120100,7
toride,23202412120100,7
toride,23202412120200,7
toride,23202412120200,7
toride,23202412120200,7
toride,23202412120300,7
toride,23202412120300,7
toride,23202412120300,7
toride,23202412210100,12
toride,23202412210100,12
toride,23202412210100,12
toride,23202412210200,12
toride,23202412210200,12
toride,23202412210200,12
toride,23202412210300,12
toride,23202412210300,12
toride,23202412210300,12
toride,23202412270100,12
toride,23202412270100,12
toride,23202412270100,12
toride,23202412270200,12
toride,23202412270200,12
toride,23202412270200,12
toride,23202412270300,12
toride,23202412270300,12
toride,23202412270300,12
toride,23202501010100,12
toride,23202501010100,12
toride,23202501010100,12
toride,23202501010200,11
toride,23202501010200,11
toride,23202501010200,11
toride,23202501010300,11
toride,23202501010300,11
toride,23202501010300,11
toride,23202501120100,12
toride,23202501120100,12
toride,23202501120100,12
toride,23202501120200,12
toride,23202501120200,12
toride,23202501120200,12
toride,23202501120300,12
toride,23202501120300,12
toride,23202501120300,12
toride,23202501280100,7
toride,23202501280100,7
toride,23202501280100,7
toride,23202501280200,7
toride,23202501280200,7
toride,23202501280200,7
toride,23202501280300,7
toride,23202501280300,7
toride,23202501280300,7
toride,23202502280100,12
toride,23202502280100,12
toride,23202502280100,12
toride,23202502280200,12
toride,23202502280200,12
toride,23202502280200,12
toride,23202502280300,12
toride,23202502280300,12
toride,23202502280300,12
toride,23202503100100,12
toride,23202503100100,12
toride,23202503100100,12
toride,23202503100200,12
toride,23202503100200,12
toride,23202503100200,12
toride,23202503100300,12
toride,23202503100300,12
toride,23202503100300,12
toride,23202504130100,7
toride,23202504130100,7
toride,23202504130100,7
toride,23202504130200,7
toride,23202504130200,7
toride,23202504130200,7
toride,23202504130300,7
toride,23202504130300,7
toride,23202504130300,7
toride,23202504220100,12
toride,23202504220100,12
toride,23202504220100,12
toride,23202504220200,12
toride,23202504220200,12
toride,23202504220200,12
toride,23202504220300,12
toride,23202504220300,12
toride,23202504220300,12
toride,23202505040100,7
toride,23202505040100,7
toride,23202505040100,7
toride,23202505040200,7
toride,23202505040200,7
toride,23202505040200,7
toride,23202505040300,7
toride,23202505040300,7
toride,23202505040300,7
toride,23202505310100,12
toride,23202505310100,12
toride,23202505310100,12
toride,23202505310100,12
toride,23202505310200,12
toride,23202505310200,12
toride,23202505310200,12
toride,23202505310200,12
toride,23202505310300,12
toride,23202505310300,12
toride,23202505310300,12
toride,23202505310300,12
toride,23202505310400,12
toride,23202505310400,12
toride,23202505310400,12
toride,23202505310400,12
toride,23202506140100,12
toride,23202506140100,12
toride,23202506140100,12
toride,23202506140200,12
toride,23202506140200,12
toride,23202506140200,12
toride,23202506140300,12
toride,23202506140300,12
toride,23202506140300,12
toride,23202506220100,7
toride,23202506220100,7
toride,23202506220100,7
toride,23202506220200,7
toride,23202506220200,7
toride,23202506220200,7
toride,23202506220300,7
toride,23202506220300,7
toride,23202506220300,7
toride,23202507170100,11
toride,23202507170100,11
toride,23202507170100,11
toride,23202507170200,11
toride,23202507170200,11
toride,23202507170200,11
toride,23202507170300,11
toride,23202507170300,11
toride,23202507170300,11
toride,23202507220100,7
toride,23202507220100,7
toride,23202507220100,7
toride,23202507220200,7
toride,23202507220200,7
toride,23202507220200,7
toride,23202507220300,7
toride,23202507220300,7
toride,23202507220300,7
toride,23202508040100,7
toride,23202508040100,7
toride,23202508040100,7
toride,23202508040200,7
toride,23202508040200,7
toride,23202508040200,7
toride,23202508040300,7
toride,23202508040300,7
toride,23202508040300,7
toride,23202508200100,12
toride,23202508200100,12
toride,23202508200100,12
toride,23202508200200,12
toride,23202508200200,12
toride,23202508200200,12
toride,23202508200300,12
toride,23202508200300,12
toride,23202508200300,12
toride,23202511220100,10
toride,23202511220100,10
toride,23202511220100,10
toride,23202511220200,10
toride,23202511220200,10
toride,23202511220200,10
toride,23202511220300,10
toride,23202511220300,10
toride,23202511220300,10
toride,23202512030100,12
toride,23202512030100,12
toride,23202512030100,12
toride,23202512030200,12
toride,23202512030200,12
toride,23202512030200,12
toride,23202512030300,12
toride,23202512030300,12
toride,23202512030300,12
toride,23202512090100,7
toride,23202512090100,7
toride,23202512090100,7
toride,23202512090200,7
toride,23202512090200,7
toride,23202512090200,7
toride,23202512090300,7
toride,23202512090300,7
toride,23202512090300,7
toride,23202512170100,7
toride,23202512170100,7
toride,23202512170100,7
toride,23202512170200,7
toride,23202512170200,7
toride,23202512170200,7
toride,23202512170300,7
toride,23202512170300,7
toride,23202512170300,7
toride,23202512240100,11
toride,23202512240100,11
toride,23202512240100,11
toride,23202512240200,11
toride,23202512240200,11
toride,23202512240200,11
toride,23202512240300,11
toride,23202512240300,11
toride,23202512240300,11
toride,23202601120100,12
toride,23202601120100,12
toride,23202601120100,12
toride,23202601120200,12
toride,23202601120200,12
toride,23202601120200,12
toride,23202601120300,12
toride,23202601120300,12
toride,23202601120300,12
toride,23202601260100,11
toride,23202601260100,11
toride,23202601260100,11
toride,23202601260200,11
toride,23202601260200,11
toride,23202601260200,11
toride,23202601260300,11
toride,23202601260300,11
toride,23202601260300,11
toride,23202601310100,7
toride,23202601310100,7
toride,23202601310100,7
toride,23202601310200,7
toride,23202601310200,7
toride,23202601310200,7
toride,23202601310300,7
toride,23202601310300,7
toride,23202601310300,7
toride,23202602170100,12
toride,23202602170100,12
toride,23202602170100,12
toride,23202602170200,12
toride,23202602170200,12
toride,23202602170200,12
toride,23202602170300,12
toride,23202602170300,12
toride,23202602170300,12
toride,23202602250100,11
toride,23202602250100,11
toride,23202602250100,11
toride,23202602250200,11
toride,23202602250200,11
toride,23202602250200,11
toride,23202602250300,11
toride,23202602250300,11
toride,23202602250300,11
toride,23202603120100,12
toride,23202603120100,12
toride,23202603120100,12
toride,23202603120100,12
toride,23202603120200,12
toride,23202603120200,12
toride,23202603120200,12
toride,23202603120200,12
toride,23202603120300,12
toride,23202603120300,12
toride,23202603120300,12
toride,23202603120300,12
toride,23202603120400,12
toride,23202603120400,12
toride,23202603120400,12
toride,23202603120400,12
toride,23202603190100,7
toride,23202603190100,7
toride,23202603190100,7
toride,23202603190200,7
toride,23202603190200,7
toride,23202603190200,7
toride,23202603190300,7
toride,23202603190300,7
toride,23202603190300,7
toride,23202603240100,12
toride,23202603240100,12
toride,23202603240100,12
toride,23202603240200,12
toride,23202603240200,12
toride,23202603240200,12
toride,23202603240300,12
toride,23202603240300,12
toride,23202603240300,12
toride,23202604050100,7
toride,23202604050100,7
toride,23202604050100,7
toride,23202604050200,7
toride,23202604050200,7
toride,23202604050200,7
toride,23202604050300,7
toride,23202604050300,7
toride,23202604050300,7
toride,23202604140100,12
toride,23202604140100,12
toride,23202604140100,12
toride,23202604140200,12
toride,23202604140200,12
toride,23202604140200,12
toride,23202604140300,12
toride,23202604140300,12
toride,23202604140300,12
toride,23202604190100,7
toride,23202604190100,7
toride,23202604190100,7
toride,23202604190200,7
toride,23202604190200,7
toride,23202604190200,7
toride,23202604190300,7
toride,23202604190300,7
toride,23202604190300,7
toride,23202604300100,7
toride,23202604300100,7
toride,23202604300100,7
toride,23202604300200,7
toride,23202604300200,7
toride,23202604300200,7
toride,23202604300300,7
toride,23202604300300,7
toride,23202604300300,7
toride,23202605080100,12
toride,23202605080100,12
toride,23202605080100,12
toride,23202605080200,12
toride,23202605080200,12
toride,23202605080200,12
toride,23202605080300,12
toride,23202605080300,12
toride,23202605080300,12
toride,23202606130100,7
toride,23202606130100,7
toride,23202606130100,7
toride,23202606130200,7
toride,23202606130200,7
toride,23202606130200,7
toride,23202606130300,7
toride,23202606130300,7
toride,23202606130300,7
utsunomiya,24202301110100,12
utsunomiya,24202301110100,12
utsunomiya,24202301110100,12
utsunomiya,24202301110200,12
utsunomiya,24202301110200,12
utsunomiya,24202301110200,12
utsunomiya,24202301110300,12
utsunomiya,24202301110300,12
utsunomiya,24202301110300,12
utsunomiya,24202301220100,12
utsunomiya,24202301220100,12
utsunomiya,24202301220100,12
utsunomiya,24202301220200,12
utsunomiya,24202301220200,12
utsunomiya,24202301220200,12
utsunomiya,24202301220300,12
utsunomiya,24202301220300,12
utsunomiya,24202301220300,12
utsunomiya,24202302050100,12
utsunomiya,24202302050100,12
utsunomiya,24202302050100,12
utsunomiya,24202302050200,12
utsunomiya,24202302050200,12
utsunomiya,24202302050200,12
utsunomiya,24202302050300,12
utsunomiya,24202302050300,12
utsunomiya,24202302050300,12
utsunomiya,24202303080100,9
utsunomiya,24202303080100,9
utsunomiya,24202303080100,9
utsunomiya,24202303080200,9
utsunomiya,24202303080200,9
utsunomiya,24202303080200,9
utsunomiya,24202303080300,9
utsunomiya,24202303080300,9
utsunomiya,24202303080300,9
utsunomiya,24202303220100,12
utsunomiya,24202303220100,12
utsunomiya,24202303220100,12
utsunomiya,24202303220200,12
utsunomiya,24202303220200,12
utsunomiya,24202303220200,12
utsunomiya,24202303220300,12
utsunomiya,24202303220300,12
utsunomiya,24202303220300,12
utsunomiya,24202304230100,7
utsunomiya,24202304230100,7
utsunomiya,24202304230100,7
utsunomiya,24202304230200,7
utsunomiya,24202304230200,7
utsunomiya,24202304230200,7
utsunomiya,24202304230300,7
utsunomiya,24202304230300,7
utsunomiya,24202304230300,7
utsunomiya,24202304300100,12
utsunomiya,24202304300100,12
utsunomiya,24202304300100,12
utsunomiya,24202304300200,12
utsunomiya,24202304300200,12
utsunomiya,24202304300200,12
utsunomiya,24202304300300,12
utsunomiya,24202304300300,12
utsunomiya,24202304300300,12
utsunomiya,24202305180100,12
utsunomiya,24202305180100,12
utsunomiya,24202305180100,12
utsunomiya,24202305180100,12
utsunomiya,24202305180200,12
utsunomiya,24202305180200,12
utsunomiya,24202305180200,12
utsunomiya,24202305180200,12
utsunomiya,24202305180300,12
utsunomiya,24202305180300,12
utsunomiya,24202305180300,12
utsunomiya,24202305180300,12
utsunomiya,24202305180400,12
utsunomiya,24202305180400,12
utsunomiya,24202305180400,12
utsunomiya,24202305180400,12
utsunomiya,24202305260100,9
utsunomiya,24202305260100,9
utsunomiya,24202305260100,9
utsunomiya,24202305260200,9
utsunomiya,24202305260200,9
utsunomiya,24202305260200,9
utsunomiya,24202305260300,9
utsunomiya,24202305260300,9
utsunomiya,24202305260300,9
utsunomiya,24202306040100,9
utsunomiya,24202306040100,9
utsunomiya,24202306040100,9
utsunomiya,24202306040200,9
utsunomiya,24202306040200,9
utsunomiya,24202306040200,9
utsunomiya,24202306040300,9
utsunomiya,24202306040300,9
utsunomiya,24202306040300,9
utsunomiya,24202306110100,12
utsunomiya,24202306110100,12
utsunomiya,24202306110100,12
utsunomiya,24202306110200,12
utsunomiya,24202306110200,12
utsunomiya,24202306110200,12
utsunomiya,24202306110300,12
utsunomiya,24202306110300,12
utsunomiya,24202306110300,12
utsunomiya,24202307260100,9
utsunomiya,24202307260100,9
utsunomiya,24202307260100,9
utsunomiya,24202307260200,9
utsunomiya,24202307260200,9
utsunomiya,24202307260200,9
utsunomiya,24202307260300,9
utsunomiya,24202307260300,9
utsunomiya,24202307260300,9
utsunomiya,24202308090100,7
utsunomiya,24202308090100,7
utsunomiya,24202308090100,7
utsunomiya,24202308090200,7
utsunomiya,24202308090200,7
utsunomiya,24202308090200,7
utsunomiya,24202308090300,7
utsunomiya,24202308090300,7
utsunomiya,24202308090300,7
utsunomiya,24202308150100,12
utsunomiya,24202308150100,12
utsunomiya,24202308150100,12
utsunomiya,24202308150200,12
utsunomiya,24202308150200,12
utsunomiya,24202308150200,12
utsunomiya,24202308150300,12
utsunomiya,24202308150300,12
utsunomiya,24202308150300,12
utsunomiya,24202308210100,9
utsunomiya,24202308210100,9
utsunomiya,24202308210100,9
utsunomiya,24202308210200,9
utsunomiya,24202308210200,9
utsunomiya,24202308210200,9
utsunomiya,24202308210300,9
utsunomiya,24202308210300,9
utsunomiya,24202308210300,9
utsunomiya,24202308270100,9
utsunomiya,24202308270100,9
utsunomiya,24202308270100,9
utsunomiya,24202308270200,9
utsunomiya,24202308270200,9
utsunomiya,24202308270200,9
utsunomiya,24202308270300,9
utsunomiya,24202308270300,9
utsunomiya,24202308270300,9
utsunomiya,24202309120100,12
utsunomiya,24202309120100,12
utsunomiya,24202309120100,12
utsunomiya,24202309120200,12
utsunomiya,24202309120200,12
utsunomiya,24202309120200,12
utsunomiya,24202309120300,12
utsunomiya,24202309120300,12
utsunomiya,24202309120300,12
utsunomiya,24202309230100,7
utsunomiya,24202309230100,7
utsunomiya,24202309230100,7
utsunomiya,24202309230200,7
utsunomiya,24202309230200,7
utsunomiya,24202309230200,7
utsunomiya,24202309230300,7
utsunomiya,24202309230300,7
utsunomiya,24202309230300,7
utsunomiya,24202310020100,9
utsunomiya,24202310020100,9
utsunomiya,24202310020100,9
utsunomiya,24202310020200,9
utsunomiya,24202310020200,9
utsunomiya,24202310020200,9
utsunomiya,24202310020300,9
utsunomiya,24202310020300,9
utsunomiya,24202310020300,9
utsunomiya,24202310200100,12
utsunomiya,24202310200100,12
utsunomiya,24202310200100,12
utsunomiya,24202310200200,12
utsunomiya,24202310200200,12
utsunomiya,24202310200200,12
utsunomiya,24202310200300,12
utsunomiya,24202310200300,12
utsunomiya,24202310200300,12
utsunomiya,24202312230100,12
utsunomiya,24202312230100,12
utsunomiya,24202312230100,12
utsunomiya,24202312230200,12
utsunomiya,24202312230200,12
utsunomiya,24202312230200,12
utsunomiya,24202312230300,12
utsunomiya,24202312230300,12
utsunomiya,24202312230300,12
utsunomiya,24202401010100,12
utsunomiya,24202401010100,12
utsunomiya,24202401010100,12
utsunomiya,24202401010200,12
utsunomiya,24202401010200,12
utsunomiya,24202401010200,12
utsunomiya,24202401010300,12
utsunomiya,24202401010300,12
utsunomiya,24202401010300,12
utsunomiya,24202401130100,9
utsunomiya,24202401130100,9
utsunomiya,24202401130100,9
utsunomiya,24202401130200,12
utsunomiya,24202401130200,12
utsunomiya,24202401130200,12
utsunomiya,24202401130300,12
utsunomiya,24202401130300,12
utsunomiya,24202401130300,12
utsunomiya,24202401220100,12
utsunomiya,24202401220100,12
utsunomiya,24202401220100,12
utsunomiya,24202401220200,12
utsunomiya,24202401220200,12
utsunomiya,24202401220200,12
utsunomiya,24202401220300,12
utsunomiya,24202401220300,12
utsunomiya,24202401220300,12
utsunomiya,24202402050100,5
utsunomiya,24202402050100,5
utsunomiya,24202402050100,5
utsunomiya,24202402050200,12
utsunomiya,24202402050200,12
utsunomiya,24202402050200,12
utsunomiya,24202402050300,12
utsunomiya,24202402050300,12
utsunomiya,24202402050300,12
utsunomiya,24202403170100,9
utsunomiya,24202403170100,9
utsunomiya,24202403170100,9
utsunomiya,24202403170200,9
utsunomiya,24202403170200,9
utsunomiya,24202403170200,9
utsunomiya,24202403170300,9
utsunomiya,24202403170300,9
utsunomiya,24202403170300,9
utsunomiya,24202403250100,12
utsunomiya,24202403250100,12
utsunomiya,24202403250100,12
utsunomiya,24202403250200,12
utsunomiya,24202403250200,12
utsunomiya,24202403250200,12
utsunomiya,24202403250300,12
utsunomiya,24202403250300,12
utsunomiya,24202403250300,12
utsunomiya,24202404010100,12
utsunomiya,24202404010100,12
utsunomiya,24202404010100,12
utsunomiya,24202404010200,12
utsunomiya,24202404010200,12
utsunomiya,24202404010200,12
utsunomiya,24202404010300,12
utsunomiya,24202404010300,12
utsunomiya,24202404010300,12
utsunomiya,24202404070100,9
utsunomiya,24202404070100,9
utsunomiya,24202404070100,9
utsunomiya,24202404070200,9
utsunomiya,24202404070200,9
utsunomiya,24202404070200,9
utsunomiya,24202404070300,9
utsunomiya,24202404070300,9
utsunomiya,24202404070300,9
utsunomiya,24202404250100,7
utsunomiya,24202404250100,7
utsunomiya,24202404250100,7
utsunomiya,24202404250200,7
utsunomiya,24202404250200,7
utsunomiya,24202404250200,7
utsunomiya,24202404250300,7
utsunomiya,24202404250300,7
utsunomiya,24202404250300,7
utsunomiya,24202405030100,12
utsunomiya,24202405030100,12
utsunomiya,24202405030100,12
utsunomiya,24202405030200,12
utsunomiya,24202405030200,12
utsunomiya,24202405030200,12
utsunomiya,24202405030300,12
utsunomiya,24202405030300,12
utsunomiya,24202405030300,12
utsunomiya,24202406080100,7
utsunomiya,24202406080100,7
utsunomiya,24202406080100,7
utsunomiya,24202406080200,7
utsunomiya,24202406080200,7
utsunomiya,24202406080200,7
utsunomiya,24202406080300,7
utsunomiya,24202406080300,7
utsunomiya,24202406080300,7
utsunomiya,24202407030100,12
utsunomiya,24202407030100,12
utsunomiya,24202407030100,12
utsunomiya,24202407030200,12
utsunomiya,24202407030200,12
utsunomiya,24202407030200,12
utsunomiya,24202407030300,12
utsunomiya,24202407030300,12
utsunomiya,24202407030300,12
utsunomiya,24202407130100,9
utsunomiya,24202407130100,9
utsunomiya,24202407130100,9
utsunomiya,24202407130200,9
utsunomiya,24202407130200,9
utsunomiya,24202407130200,9
utsunomiya,24202407130300,9
utsunomiya,24202407130300,9
utsunomiya,24202407130300,9
utsunomiya,24202407190100,7
utsunomiya,24202407190100,7
utsunomiya,24202407190100,7
utsunomiya,24202407190200,7
utsunomiya,24202407190200,7
utsunomiya,24202407190200,7
utsunomiya,24202407190300,7
utsunomiya,24202407190300,7
utsunomiya,24202407190300,7
utsunomiya,24202408030100,7
utsunomiya,24202408030100,7
utsunomiya,24202408030100,7
utsunomiya,24202408030200,7
utsunomiya,24202408030200,7
utsunomiya,24202408030200,7
utsunomiya,24202408030300,7
utsunomiya,24202408030300,7
utsunomiya,24202408030300,7
utsunomiya,24202408280100,7
utsunomiya,24202408280100,7
utsunomiya,24202408280100,7
utsunomiya,24202408280200,7
utsunomiya,24202408280200,7
utsunomiya,24202408280200,7
utsunomiya,24202408280300,7
utsunomiya,24202408280300,7
utsunomiya,24202408280300,7
utsunomiya,24202409130100,12
utsunomiya,24202409130100,12
utsunomiya,24202409130100,12
utsunomiya,24202409130100,12
utsunomiya,24202409130200,12
utsunomiya,24202409130200,12
utsunomiya,24202409130200,12
utsunomiya,24202409130200,12
utsunomiya,24202409130300,12
utsunomiya,24202409130300,12
utsunomiya,24202409130300,12
utsunomiya,24202409130300,12
utsunomiya,24202409130400,11
utsunomiya,24202409130400,11
utsunomiya,24202409130400,11
utsunomiya,24202409130400,11
utsunomiya,24202409210100,9
utsunomiya,24202409210100,9
utsunomiya,24202409210100,9
utsunomiya,24202409210200,9
utsunomiya,24202409210200,9
utsunomiya,24202409210200,9
utsunomiya,24202409210300,9
utsunomiya,24202409210300,9
utsunomiya,24202409210300,9
utsunomiya,24202410030100,7
utsunomiya,24202410030100,7
utsunomiya,24202410030100,7
utsunomiya,24202410030200,7
utsunomiya,24202410030200,7
utsunomiya,24202410030200,7
utsunomiya,24202410030300,7
utsunomiya,24202410030300,7
utsunomiya,24202410030300,7
utsunomiya,24202410090100,9
utsunomiya,24202410090100,9
utsunomiya,24202410090100,9
utsunomiya,24202410090200,9
utsunomiya,24202410090200,9
utsunomiya,24202410090200,9
utsunomiya,24202410090300,9
utsunomiya,24202410090300,9
utsunomiya,24202410090300,9
utsunomiya,24202410180100,12
utsunomiya,24202410180100,12
utsunomiya,24202410180100,12
utsunomiya,24202410180200,12
utsunomiya,24202410180200,12
utsunomiya,24202410180200,12
utsunomiya,24202410180300,12
utsunomiya,24202410180300,12
utsunomiya,24202410180300,12
utsunomiya,24202412060100,12
utsunomiya,24202412060100,12
utsunomiya,24202412060100,12
utsunomiya,24202412060200,12
utsunomiya,24202412060200,12
utsunomiya,24202412060200,12
utsunomiya,24202412060300,11
utsunomiya,24202412060300,11
utsunomiya,24202412060300,11
utsunomiya,24202501090100,12
utsunomiya,24202501090100,12
utsunomiya,24202501090100,12
utsunomiya,24202501090200,12
utsunomiya,24202501090200,12
utsunomiya,24202501090200,12
utsunomiya,24202501090300,12
utsunomiya,24202501090300,12
utsunomiya,24202501090300,12
utsunomiya,24202502100100,12
utsunomiya,24202502100100,12
utsunomiya,24202502100100,12
utsunomiya,24202502100200,12
utsunomiya,24202502100200,12
utsunomiya,24202502100200,12
utsunomiya,24202502100300,12
utsunomiya,24202502100300,12
utsunomiya,24202502100300,12
utsunomiya,24202502170100,12
utsunomiya,24202502170100,12
utsunomiya,24202502170100,12
utsunomiya,24202502170200,12
utsunomiya,24202502170200,12
utsunomiya,24202502170200,12
utsunomiya,24202502170300,12
utsunomiya,24202502170300,12
utsunomiya,24202502170300,12
utsunomiya,24202503050100,12
utsunomiya,24202503050100,12
utsunomiya,24202503050100,12
utsunomiya,24202503050200,12
utsunomiya,24202503050200,12
utsunomiya,24202503050200,12
utsunomiya,24202503050300,12
utsunomiya,24202503050300,12
utsunomiya,24202503050300,12
utsunomiya,24202503170100,12
utsunomiya,24202503170100,12
utsunomiya,24202503170100,12
utsunomiya,24202503170200,12
utsunomiya,24202503170200,12
utsunomiya,24202503170200,12
utsunomiya,24202503170300,12
utsunomiya,24202503170300,12
utsunomiya,24202503170300,12
utsunomiya,24202504010100,7
utsunomiya,24202504010100,7
utsunomiya,24202504010100,7
utsunomiya,24202504010200,7
utsunomiya,24202504010200,7
utsunomiya,24202504010200,7
utsunomiya,24202504010300,7
utsunomiya,24202504010300,7
utsunomiya,24202504010300,7
utsunomiya,24202504220100,9
utsunomiya,24202504220100,9
utsunomiya,24202504220100,9
utsunomiya,24202504220200,9
utsunomiya,24202504220200,9
utsunomiya,24202504220200,9
utsunomiya,24202504220300,9
utsunomiya,24202504220300,9
utsunomiya,24202504220300,9
utsunomiya,24202505010100,7
utsunomiya,24202505010100,7
utsunomiya,24202505010100,7
utsunomiya,24202505010200,7
utsunomiya,24202505010200,7
utsunomiya,24202505010200,7
utsunomiya,24202505010300,7
utsunomiya,24202505010300,7
utsunomiya,24202505010300,7
utsunomiya,24202505150100,12
utsunomiya,24202505150100,12
utsunomiya,24202505150100,12
utsunomiya,24202505150100,12
utsunomiya,24202505150200,12
utsunomiya,24202505150200,12
utsunomiya,24202505150200,12
utsunomiya,24202505150200,12
utsunomiya,24202505150300,12
utsunomiya,24202505150300,12
utsunomiya,24202505150300,12
utsunomiya,24202505150300,12
utsunomiya,24202505150400,12
utsunomiya,24202505150400,12
utsunomiya,24202505150400,12
utsunomiya,24202505150400,12
utsunomiya,24202506090100,12
utsunomiya,24202506090100,12
utsunomiya,24202506090100,12
utsunomiya,24202506090200,12
utsunomiya,24202506090200,12
utsunomiya,24202506090200,12
utsunomiya,24202506090300,12
utsunomiya,24202506090300,12
utsunomiya,24202506090300,12
utsunomiya,24202506190100,9
utsunomiya,24202506190100,9
utsunomiya,24202506190100,9
utsunomiya,24202506190200,9
utsunomiya,24202506190200,9
utsunomiya,24202506190200,9
utsunomiya,24202506190300,9
utsunomiya,24202506190300,9
utsunomiya,24202506190300,9
utsunomiya,24202507070100,12
utsunomiya,24202507070100,12
utsunomiya,24202507070100,12
utsunomiya,24202507070200,12
utsunomiya,24202507070200,12
utsunomiya,24202507070200,12
utsunomiya,24202507070300,12
utsunomiya,24202507070300,12
utsunomiya,24202507070300,12
utsunomiya,24202507220100,9
utsunomiya,24202507220100,9
utsunomiya,24202507220100,9
utsunomiya,24202507220200,9
utsunomiya,24202507220200,9
utsunomiya,24202507220200,9
utsunomiya,24202507220300,9
utsunomiya,24202507220300,9
utsunomiya,24202507220300,9
utsunomiya,24202507310100,7
utsunomiya,24202507310100,7
utsunomiya,24202507310100,7
utsunomiya,24202507310200,7
utsunomiya,24202507310200,7
utsunomiya,24202507310200,7
utsunomiya,24202507310300,7
utsunomiya,24202507310300,7
utsunomiya,24202507310300,7
utsunomiya,24202508080100,12
utsunomiya,24202508080100,12
utsunomiya,24202508080100,12
utsunomiya,24202508080200,12
utsunomiya,24202508080200,12
utsunomiya,24202508080200,12
utsunomiya,24202508080300,12
utsunomiya,24202508080300,12
utsunomiya,24202508080300,12
utsunomiya,24202508250100,12
utsunomiya,24202508250100,12
utsunomiya,24202508250100,12
utsunomiya,24202508250200,12
utsunomiya,24202508250200,12
utsunomiya,24202508250200,12
utsunomiya,24202508250300,12
utsunomiya,24202508250300,12
utsunomiya,24202508250300,12
utsunomiya,24202509050100,9
utsunomiya,24202509050100,9
utsunomiya,24202509050100,9
utsunomiya,24202509050200,9
utsunomiya,24202509050200,9
utsunomiya,24202509050200,9
utsunomiya,24202509050300,9
utsunomiya,24202509050300,9
utsunomiya,24202509050300,9
utsunomiya,24202509190100,11
utsunomiya,24202509190100,11
utsunomiya,24202509190100,11
utsunomiya,24202509190200,11
utsunomiya,24202509190200,11
utsunomiya,24202509190200,11
utsunomiya,24202509190300,11
utsunomiya,24202509190300,11
utsunomiya,24202509190300,11
utsunomiya,24202510140100,12
utsunomiya,24202510140100,12
utsunomiya,24202510140100,12
utsunomiya,24202510140200,12
utsunomiya,24202510140200,12
utsunomiya,24202510140200,12
utsunomiya,24202510140300,12
utsunomiya,24202510140300,12
utsunomiya,24202510140300,12
utsunomiya,24202510270100,9
utsunomiya,24202510270100,9
utsunomiya,24202510270100,9
utsunomiya,24202510270200,9
utsunomiya,24202510270200,9
utsunomiya,24202510270200,9
utsunomiya,24202510270300,9
utsunomiya,24202510270300,9
utsunomiya,24202510270300,9
utsunomiya,24202601010100,12
utsunomiya,24202601010100,12
utsunomiya,24202601010100,12
utsunomiya,24202601010200,12
utsunomiya,24202601010200,12
utsunomiya,24202601010200,12
utsunomiya,24202601010300,12
utsunomiya,24202601010300,12
utsunomiya,24202601010300,12
utsunomiya,24202601310100,12
utsunomiya,24202601310100,12
utsunomiya,24202601310100,12
utsunomiya,24202601310200,12
utsunomiya,24202601310200,12
utsunomiya,24202601310200,12
utsunomiya,24202601310300,12
utsunomiya,24202601310300,12
utsunomiya,24202601310300,12
utsunomiya,24202602060100,11
utsunomiya,24202602060100,11
utsunomiya,24202602060100,11
utsunomiya,24202602060200,11
utsunomiya,24202602060200,11
utsunomiya,24202602060200,11
utsunomiya,24202602060300,11
utsunomiya,24202602060300,11
utsunomiya,24202602060300,11
utsunomiya,24202602140100,12
utsunomiya,24202602140100,12
utsunomiya,24202602140100,12
utsunomiya,24202602140200,12
utsunomiya,24202602140200,12
utsunomiya,24202602140200,12
utsunomiya,24202602140300,12
utsunomiya,24202602140300,12
utsunomiya,24202602140300,12
utsunomiya,24202603040100,7
utsunomiya,24202603040100,7
utsunomiya,24202603040100,7
utsunomiya,24202603040200,7
utsunomiya,24202603040200,7
utsunomiya,24202603040200,7
utsunomiya,24202603040300,7
utsunomiya,24202603040300,7
utsunomiya,24202603040300,7
utsunomiya,24202603090100,11
utsunomiya,24202603090100,11
utsunomiya,24202603090100,11
utsunomiya,24202603090100,11
utsunomiya,24202603090200,12
utsunomiya,24202603090200,12
utsunomiya,24202603090200,12
utsunomiya,24202603090200,12
utsunomiya,24202603090201,11
utsunomiya,24202603090201,11
utsunomiya,24202603090201,11
utsunomiya,24202603090201,11
utsunomiya,24202603090400,11
utsunomiya,24202603090400,11
utsunomiya,24202603090400,11
utsunomiya,24202603090400,11
utsunomiya,24202603170100,11
utsunomiya,24202603170100,11
utsunomiya,24202603170100,11
utsunomiya,24202603170200,11
utsunomiya,24202603170200,11
utsunomiya,24202603170200,11
utsunomiya,24202603170300,11
utsunomiya,24202603170300,11
utsunomiya,24202603170300,11
utsunomiya,24202604010100,7
utsunomiya,24202604010100,7
utsunomiya,24202604010100,7
utsunomiya,24202604010200,7
utsunomiya,24202604010200,7
utsunomiya,24202604010200,7
utsunomiya,24202604010300,7
utsunomiya,24202604010300,7
utsunomiya,24202604010300,7
utsunomiya,24202605080100,7
utsunomiya,24202605080100,7
utsunomiya,24202605080100,7
utsunomiya,24202605080200,7
utsunomiya,24202605080200,7
utsunomiya,24202605080200,7
utsunomiya,24202605080300,7
utsunomiya,24202605080300,7
utsunomiya,24202605080300,7
utsunomiya,24202605150100,11
utsunomiya,24202605150100,11
utsunomiya,24202605150100,11
utsunomiya,24202605150200,11
utsunomiya,24202605150200,11
utsunomiya,24202605150200,11
utsunomiya,24202605150300,11
utsunomiya,24202605150300,11
utsunomiya,24202605150300,11
utsunomiya,24202605210100,12
utsunomiya,24202605210100,12
utsunomiya,24202605210100,12
utsunomiya,24202605210200,12
utsunomiya,24202605210200,12
utsunomiya,24202605210200,12
utsunomiya,24202605210300,12
utsunomiya,24202605210300,12
utsunomiya,24202605210300,12
utsunomiya,24202605300100,12
utsunomiya,24202605300100,12
utsunomiya,24202605300100,12
utsunomiya,24202605300100,12
utsunomiya,24202605300200,12
utsunomiya,24202605300200,12
utsunomiya,24202605300200,12
utsunomiya,24202605300200,12
utsunomiya,24202605300300,12
utsunomiya,24202605300300,12
utsunomiya,24202605300300,12
utsunomiya,24202605300300,12
utsunomiya,24202605300400,12
utsunomiya,24202605300400,12
utsunomiya,24202605300400,12
utsunomiya,24202605300400,12
utsunomiya,24202606090100,9
utsunomiya,24202606090100,9
utsunomiya,24202606090100,9
utsunomiya,24202606090200,9
utsunomiya,24202606090200,9
utsunomiya,24202606090200,9
utsunomiya,24202606090300,9
utsunomiya,24202606090300,9
utsunomiya,24202606090300,9
utsunomiya,24202606210100,9
utsunomiya,24202606210100,9
utsunomiya,24202606210100,9
utsunomiya,24202606210200,9
utsunomiya,24202606210200,9
utsunomiya,24202606210200,9
utsunomiya,24202606210300,9
utsunomiya,24202606210300,9
utsunomiya,24202606210300,9
omiya,25202301190100,12
omiya,25202301190100,12
omiya,25202301190100,12
omiya,25202301190100,12
omiya,25202301190200,12
omiya,25202301190200,12
omiya,25202301190200,12
omiya,25202301190200,12
omiya,25202301190300,12
omiya,25202301190300,12
omiya,25202301190300,12
omiya,25202301190300,12
omiya,25202301190400,12
omiya,25202301190400,12
omiya,25202301190400,12
omiya,25202301190400,12
omiya,25202303080100,12
omiya,25202303080100,12
omiya,25202303080100,12
omiya,25202303080200,12
omiya,25202303080200,12
omiya,25202303080200,12
omiya,25202303080300,12
omiya,25202303080300,12
omiya,25202303080300,12
omiya,25202303140100,12
omiya,25202303140100,12
omiya,25202303140100,12
omiya,25202303140200,12
omiya,25202303140200,12
omiya,25202303140200,12
omiya,25202303140300,12
omiya,25202303140300,12
omiya,25202303140300,12
omiya,25202303240100,7
omiya,25202303240100,7
omiya,25202303240100,7
omiya,25202303240200,7
omiya,25202303240200,7
omiya,25202303240200,7
omiya,25202303240300,7
omiya,25202303240300,7
omiya,25202303240300,7
omiya,25202305310100,12
omiya,25202305310100,12
omiya,25202305310100,12
omiya,25202305310200,12
omiya,25202305310200,12
omiya,25202305310200,12
omiya,25202305310300,8
omiya,25202305310300,8
omiya,25202305310300,8
omiya,25202306150100,7
omiya,25202306150100,7
omiya,25202306150100,7
omiya,25202306150200,7
omiya,25202306150200,7
omiya,25202306150200,7
omiya,25202306150300,7
omiya,25202306150300,7
omiya,25202306150300,7
omiya,25202307060100,12
omiya,25202307060100,12
omiya,25202307060100,12
omiya,25202307060200,12
omiya,25202307060200,12
omiya,25202307060200,12
omiya,25202307060300,12
omiya,25202307060300,12
omiya,25202307060300,12
omiya,25202307170100,12
omiya,25202307170100,12
omiya,25202307170100,12
omiya,25202307170200,12
omiya,25202307170200,12
omiya,25202307170200,12
omiya,25202307170300,12
omiya,25202307170300,12
omiya,25202307170300,12
omiya,25202307270100,7
omiya,25202307270100,7
omiya,25202307270100,7
omiya,25202307270200,7
omiya,25202307270200,7
omiya,25202307270200,7
omiya,25202307270300,7
omiya,25202307270300,7
omiya,25202307270300,7
omiya,25202308240100,7
omiya,25202308240100,7
omiya,25202308240100,7
omiya,25202308240200,7
omiya,25202308240200,7
omiya,25202308240200,7
omiya,25202308240300,7
omiya,25202308240300,7
omiya,25202308240300,7
omiya,25202309150100,7
omiya,25202309150100,7
omiya,25202309150100,7
omiya,25202309150200,7
omiya,25202309150200,7
omiya,25202309150200,7
omiya,25202309150300,7
omiya,25202309150300,7
omiya,25202309150300,7
omiya,25202309250100,12
omiya,25202309250100,12
omiya,25202309250100,12
omiya,25202309250200,12
omiya,25202309250200,12
omiya,25202309250200,12
omiya,25202309250300,12
omiya,25202309250300,12
omiya,25202309250300,12
omiya,25202310030100,12
omiya,25202310030100,12
omiya,25202310030100,12
omiya,25202310030200,12
omiya,25202310030200,12
omiya,25202310030200,12
omiya,25202310030300,12
omiya,25202310030300,12
omiya,25202310030300,12
omiya,25202310150100,7
omiya,25202310150100,7
omiya,25202310150100,7
omiya,25202310150200,7
omiya,25202310150200,7
omiya,25202310150200,7
omiya,25202310150300,7
omiya,25202310150300,7
omiya,25202310150300,7
omiya,25202310230100,12
omiya,25202310230100,12
omiya,25202310230100,12
omiya,25202310230200,12
omiya,25202310230200,12
omiya,25202310230200,12
omiya,25202310230300,12
omiya,25202310230300,12
omiya,25202310230300,12
omiya,25202311040100,7
omiya,25202311040100,7
omiya,25202311040100,7
omiya,25202311040200,7
omiya,25202311040200,7
omiya,25202311040200,7
omiya,25202311040300,7
omiya,25202311040300,7
omiya,25202311040300,7
omiya,25202312020100,12
omiya,25202312020100,12
omiya,25202312020100,12
omiya,25202312020200,12
omiya,25202312020200,12
omiya,25202312020200,12
omiya,25202312020300,12
omiya,25202312020300,12
omiya,25202312020300,12
omiya,25202401050100,12
omiya,25202401050100,12
omiya,25202401050100,12
omiya,25202401050100,12
omiya,25202401050200,12
omiya,25202401050200,12
omiya,25202401050200,12
omiya,25202401050200,12
omiya,25202401050300,12
omiya,25202401050300,12
omiya,25202401050300,12
omiya,25202401050300,12
omiya,25202401050400,12
omiya,25202401050400,12
omiya,25202401050400,12
omiya,25202401050400,12
omiya,25202401210100,12
omiya,25202401210100,12
omiya,25202401210100,12
omiya,25202401210200,12
omiya,25202401210200,12
omiya,25202401210200,12
omiya,25202401210300,12
omiya,25202401210300,12
omiya,25202401210300,12
omiya,25202403010100,12
omiya,25202403010100,12
omiya,25202403010100,12
omiya,25202403010200,12
omiya,25202403010200,12
omiya,25202403010200,12
omiya,25202403010300,12
omiya,25202403010300,12
omiya,25202403010300,12
omiya,25202403180100,12
omiya,25202403180100,12
omiya,25202403180100,12
omiya,25202403180200,12
omiya,25202403180200,12
omiya,25202403180200,12
omiya,25202403180300,12
omiya,25202403180300,12
omiya,25202403180300,12
omiya,25202404150100,12
omiya,25202404150100,12
omiya,25202404150100,12
omiya,25202404150200,12
omiya,25202404150200,12
omiya,25202404150200,12
omiya,25202404150300,12
omiya,25202404150300,12
omiya,25202404150300,12
omiya,25202404270100,12
omiya,25202404270100,12
omiya,25202404270100,12
omiya,25202404270200,12
omiya,25202404270200,12
omiya,25202404270200,12
omiya,25202404270300,12
omiya,25202404270300,12
omiya,25202404270300,12
omiya,25202405140100,12
omiya,25202405140100,12
omiya,25202405140100,12
omiya,25202405140200,12
omiya,25202405140200,12
omiya,25202405140200,12
omiya,25202405140300,12
omiya,25202405140300,12
omiya,25202405140300,12
omiya,25202405270100,7
omiya,25202405270100,7
omiya,25202405270100,7
omiya,25202405270200,7
omiya,25202405270200,7
omiya,25202405270200,7
omiya,25202405270300,7
omiya,25202405270300,7
omiya,25202405270300,7
omiya,25202406080100,12
omiya,25202406080100,12
omiya,25202406080100,12
omiya,25202406080200,12
omiya,25202406080200,12
omiya,25202406080200,12
omiya,25202406080300,12
omiya,25202406080300,12
omiya,25202406080300,12
omiya,25202407040100,7
omiya,25202407040100,7
omiya,25202407040100,7
omiya,25202407040200,7
omiya,25202407040200,7
omiya,25202407040200,7
omiya,25202407040300,7
omiya,25202407040300,7
omiya,25202407040300,7
omiya,25202407190100,7
omiya,25202407190100,7
omiya,25202407190100,7
omiya,25202407190200,7
omiya,25202407190200,7
omiya,25202407190200,7
omiya,25202407190300,7
omiya,25202407190300,7
omiya,25202407190300,7
omiya,25202407240100,12
omiya,25202407240100,12
omiya,25202407240100,12
omiya,25202407240200,12
omiya,25202407240200,12
omiya,25202407240200,12
omiya,25202407240300,12
omiya,25202407240300,12
omiya,25202407240300,12
omiya,25202409180100,7
omiya,25202409180100,7
omiya,25202409180100,7
omiya,25202409180200,7
omiya,25202409180200,7
omiya,25202409180200,7
omiya,25202409180300,7
omiya,25202409180300,7
omiya,25202409180300,7
omiya,25202411190100,10
omiya,25202411190100,10
omiya,25202411190100,10
omiya,25202411190200,10
omiya,25202411190200,10
omiya,25202411190200,10
omiya,25202411190300,10
omiya,25202411190300,10
omiya,25202411190300,10
omiya,25202412040100,7
omiya,25202412040100,7
omiya,25202412040100,7
omiya,25202412040200,7
omiya,25202412040200,7
omiya,25202412040200,7
omiya,25202412040300,7
omiya,25202412040300,7
omiya,25202412040300,7
omiya,25202412170100,12
omiya,25202412170100,12
omiya,25202412170100,12
omiya,25202412170200,12
omiya,25202412170200,12
omiya,25202412170200,12
omiya,25202412170300,12
omiya,25202412170300,12
omiya,25202412170300,12
omiya,25202501160100,12
omiya,25202501160100,12
omiya,25202501160100,12
omiya,25202501160100,12
omiya,25202501160200,12
omiya,25202501160200,12
omiya,25202501160200,12
omiya,25202501160200,12
omiya,25202501160300,12
omiya,25202501160300,12
omiya,25202501160300,12
omiya,25202501160300,12
omiya,25202501160400,12
omiya,25202501160400,12
omiya,25202501160400,12
omiya,25202501160400,12
omiya,25202501240100,12
omiya,25202501240100,12
omiya,25202501240100,12
omiya,25202501240200,12
omiya,25202501240200,12
omiya,25202501240200,12
omiya,25202501240300,12
omiya,25202501240300,12
omiya,25202501240300,12
omiya,25202502060100,12
omiya,25202502060100,12
omiya,25202502060100,12
omiya,25202502060200,12
omiya,25202502060200,12
omiya,25202502060200,12
omiya,25202502060300,12
omiya,25202502060300,12
omiya,25202502060300,12
omiya,25202502200100,7
omiya,25202502200100,7
omiya,25202502200100,7
omiya,25202502200200,7
omiya,25202502200200,7
omiya,25202502200200,7
omiya,25202502200300,7
omiya,25202502200300,7
omiya,25202502200300,7
omiya,25202503130100,12
omiya,25202503130100,12
omiya,25202503130100,12
omiya,25202503130200,12
omiya,25202503130200,12
omiya,25202503130200,12
omiya,25202503130300,12
omiya,25202503130300,12
omiya,25202503130300,12
omiya,25202503190100,12
omiya,25202503190100,12
omiya,25202503190100,12
omiya,25202503190100,12
omiya,25202503190101,12
omiya,25202503190101,12
omiya,25202503190101,12
omiya,25202503190101,12
omiya,25202503190300,12
omiya,25202503190300,12
omiya,25202503190300,12
omiya,25202503190300,12
omiya,25202503190400,12
omiya,25202503190400,12
omiya,25202503190400,12
omiya,25202503190400,12
omiya,25202504170100,12
omiya,25202504170100,12
omiya,25202504170100,12
omiya,25202504170200,12
omiya,25202504170200,12
omiya,25202504170200,12
omiya,25202504170300,12
omiya,25202504170300,12
omiya,25202504170300,12
omiya,25202504260100,7
omiya,25202504260100,7
omiya,25202504260100,7
omiya,25202504260200,7
omiya,25202504260200,7
omiya,25202504260200,7
omiya,25202504260300,7
omiya,25202504260300,7
omiya,25202504260300,7
omiya,25202505240100,7
omiya,25202505240100,7
omiya,25202505240100,7
omiya,25202505240200,7
omiya,25202505240200,7
omiya,25202505240200,7
omiya,25202505240300,7
omiya,25202505240300,7
omiya,25202505240300,7
omiya,25202506270100,7
omiya,25202506270100,7
omiya,25202506270100,7
omiya,25202506270200,7
omiya,25202506270200,7
omiya,25202506270200,7
omiya,25202506270300,7
omiya,25202506270300,7
omiya,25202506270300,7
omiya,25202507050100,7
omiya,25202507050100,7
omiya,25202507050100,7
omiya,25202507050200,7
omiya,25202507050200,7
omiya,25202507050200,7
omiya,25202507050300,7
omiya,25202507050300,7
omiya,25202507050300,7
omiya,25202507180100,7
omiya,25202507180100,7
omiya,25202507180100,7
omiya,25202507180200,7
omiya,25202507180200,7
omiya,25202507180200,7
omiya,25202507180300,7
omiya,25202507180300,7
omiya,25202507180300,7
omiya,25202508150100,12
omiya,25202508150100,12
omiya,25202508150100,12
omiya,25202508150200,12
omiya,25202508150200,12
omiya,25202508150200,12
omiya,25202508150300,12
omiya,25202508150300,12
omiya,25202508150300,12
omiya,25202509110100,11
omiya,25202509110100,11
omiya,25202509110100,11
omiya,25202509110200,11
omiya,25202509110200,11
omiya,25202509110200,11
omiya,25202509110300,11
omiya,25202509110300,11
omiya,25202509110300,11
omiya,25202509290100,12
omiya,25202509290100,12
omiya,25202509290100,12
omiya,25202509290200,12
omiya,25202509290200,12
omiya,25202509290200,12
omiya,25202509290300,12
omiya,25202509290300,12
omiya,25202509290300,12
omiya,25202510100100,12
omiya,25202510100100,12
omiya,25202510100100,12
omiya,25202510100200,12
omiya,25202510100200,12
omiya,25202510100200,12
omiya,25202510100300,12
omiya,25202510100300,12
omiya,25202510100300,12
omiya,25202511090100,7
omiya,25202511090100,7
omiya,25202511090100,7
omiya,25202511090200,7
omiya,25202511090200,7
omiya,25202511090200,7
omiya,25202511090300,7
omiya,25202511090300,7
omiya,25202511090300,7
omiya,25202511160100,11
omiya,25202511160100,11
omiya,25202511160100,11
omiya,25202511160200,11
omiya,25202511160200,11
omiya,25202511160200,11
omiya,25202511160300,11
omiya,25202511160300,11
omiya,25202511160300,11
omiya,25202511250100,12
omiya,25202511250100,12
omiya,25202511250100,12
omiya,25202511250200,12
omiya,25202511250200,12
omiya,25202511250200,12
omiya,25202511250300,12
omiya,25202511250300,12
omiya,25202511250300,12
omiya,25202512120100,7
omiya,25202512120100,7
omiya,25202512120100,7
omiya,25202512120200,7
omiya,25202512120200,7
omiya,25202512120200,7
omiya,25202512120300,7
omiya,25202512120300,7
omiya,25202512120300,7
omiya,25202512170100,12
omiya,25202512170100,12
omiya,25202512170100,12
omiya,25202512170200,12
omiya,25202512170200,12
omiya,25202512170200,12
omiya,25202512170300,12
omiya,25202512170300,12
omiya,25202512170300,12
omiya,25202512270100,7
omiya,25202512270100,7
omiya,25202512270100,7
omiya,25202512270200,7
omiya,25202512270200,7
omiya,25202512270200,7
omiya,25202512270300,7
omiya,25202512270300,7
omiya,25202512270300,7
omiya,25202601150100,12
omiya,25202601150100,12
omiya,25202601150100,12
omiya,25202601150100,12
omiya,25202601150200,12
omiya,25202601150200,12
omiya,25202601150200,12
omiya,25202601150200,12
omiya,25202601150300,12
omiya,25202601150300,12
omiya,25202601150300,12
omiya,25202601150300,12
omiya,25202601150400,12
omiya,25202601150400,12
omiya,25202601150400,12
omiya,25202601150400,12
omiya,25202602100100,7
omiya,25202602100100,7
omiya,25202602100100,7
omiya,25202602100200,7
omiya,25202602100200,7
omiya,25202602100200,7
omiya,25202602100300,7
omiya,25202602100300,7
omiya,25202602100300,7
omiya,25202604170100,11
omiya,25202604170100,11
omiya,25202604170100,11
omiya,25202604170200,11
omiya,25202604170200,11
omiya,25202604170200,11
omiya,25202604170300,11
omiya,25202604170300,11
omiya,25202604170300,11
omiya,25202604270100,12
omiya,25202604270100,12
omiya,25202604270100,12
omiya,25202604270200,12
omiya,25202604270200,12
omiya,25202604270200,12
omiya,25202604270300,12
omiya,25202604270300,12
omiya,25202604270300,12
omiya,25202605220100,7
omiya,25202605220100,7
omiya,25202605220100,7
omiya,25202605220200,7
omiya,25202605220200,7
omiya,25202605220200,7
omiya,25202605220300,7
omiya,25202605220300,7
omiya,25202605220300,7
omiya,25202606050100,7
omiya,25202606050100,7
omiya,25202606050100,7
omiya,25202606050200,7
omiya,25202606050200,7
omiya,25202606050200,7
omiya,25202606050300,7
omiya,25202606050300,7
omiya,25202606050300,7
seibuen,26202301080100,12
seibuen,26202301080100,12
seibuen,26202301080100,12
seibuen,26202301080200,12
seibuen,26202301080200,12
seibuen,26202301080200,12
seibuen,26202301080300,12
seibuen,26202301080300,12
seibuen,26202301080300,12
seibuen,26202302070100,7
seibuen,26202302070100,7
seibuen,26202302070100,7
seibuen,26202302070200,7
seibuen,26202302070200,7
seibuen,26202302070200,7
seibuen,26202302070300,7
seibuen,26202302070300,7
seibuen,26202302070300,7
seibuen,26202302200100,7
seibuen,26202302200100,7
seibuen,26202302200100,7
seibuen,26202302200200,7
seibuen,26202302200200,7
seibuen,26202302200200,7
seibuen,26202302200300,7
seibuen,26202302200300,7
seibuen,26202302200300,7
seibuen,26202302270100,9
seibuen,26202302270100,9
seibuen,26202302270100,9
seibuen,26202302270200,9
seibuen,26202302270200,9
seibuen,26202302270200,9
seibuen,26202302270300,9
seibuen,26202302270300,9
seibuen,26202302270300,9
seibuen,26202303200100,9
seibuen,26202303200100,9
seibuen,26202303200100,9
seibuen,26202303200200,9
seibuen,26202303200200,9
seibuen,26202303200200,9
seibuen,26202303200300,9
seibuen,26202303200300,9
seibuen,26202303200300,9
seibuen,26202304070100,9
seibuen,26202304070100,9
seibuen,26202304070100,9
seibuen,26202304070200,9
seibuen,26202304070200,9
seibuen,26202304070200,9
seibuen,26202304070300,9
seibuen,26202304070300,9
seibuen,26202304070300,9
seibuen,26202304130100,7
seibuen,26202304130100,7
seibuen,26202304130100,7
seibuen,26202304130200,7
seibuen,26202304130200,7
seibuen,26202304130200,7
seibuen,26202304130300,7
seibuen,26202304130300,7
seibuen,26202304130300,7
seibuen,26202304190100,12
seibuen,26202304190100,12
seibuen,26202304190100,12
seibuen,26202304190200,12
seibuen,26202304190200,12
seibuen,26202304190200,12
seibuen,26202304190300,12
seibuen,26202304190300,12
seibuen,26202304190300,12
seibuen,26202304250100,7
seibuen,26202304250100,7
seibuen,26202304250100,7
seibuen,26202304250200,7
seibuen,26202304250200,7
seibuen,26202304250200,7
seibuen,26202304250300,7
seibuen,26202304250300,7
seibuen,26202304250300,7
seibuen,26202305100100,12
seibuen,26202305100100,12
seibuen,26202305100100,12
seibuen,26202305100200,12
seibuen,26202305100200,12
seibuen,26202305100200,12
seibuen,26202305100300,12
seibuen,26202305100300,12
seibuen,26202305100300,12
seibuen,26202305160100,12
seibuen,26202305160100,12
seibuen,26202305160100,12
seibuen,26202305160200,12
seibuen,26202305160200,12
seibuen,26202305160200,12
seibuen,26202305160300,12
seibuen,26202305160300,12
seibuen,26202305160300,12
seibuen,26202305250100,12
seibuen,26202305250100,12
seibuen,26202305250100,12
seibuen,26202305250200,12
seibuen,26202305250200,12
seibuen,26202305250200,12
seibuen,26202305250300,12
seibuen,26202305250300,12
seibuen,26202305250300,12
seibuen,26202306250100,7
seibuen,26202306250100,7
seibuen,26202306250100,7
seibuen,26202306250200,7
seibuen,26202306250200,7
seibuen,26202306250200,7
seibuen,26202306250300,7
seibuen,26202306250300,7
seibuen,26202306250300,7
seibuen,26202308150100,10
seibuen,26202308150100,10
seibuen,26202308150100,10
seibuen,26202308150100,10
seibuen,26202308150100,10
seibuen,26202308150100,10
seibuen,26202308150200,11
seibuen,26202308150200,11
seibuen,26202308150200,11
seibuen,26202308150200,11
seibuen,26202308150200,11
seibuen,26202308150200,11
seibuen,26202308150300,11
seibuen,26202308150300,11
seibuen,26202308150300,11
seibuen,26202308150300,11
seibuen,26202308150300,11
seibuen,26202308150300,11
seibuen,26202308150400,11
seibuen,26202308150400,11
seibuen,26202308150400,11
seibuen,26202308150400,11
seibuen,26202308150400,11
seibuen,26202308150400,11
seibuen,26202308150500,11
seibuen,26202308150500,11
seibuen,26202308150500,11
seibuen,26202308150500,11
seibuen,26202308150500,11
seibuen,26202308150500,11
seibuen,26202308150600,11
seibuen,26202308150600,11
seibuen,26202308150600,11
seibuen,26202308150600,11
seibuen,26202308150600,11
seibuen,26202308150600,11
seibuen,26202310100100,12
seibuen,26202310100100,12
seibuen,26202310100100,12
seibuen,26202310100200,12
seibuen,26202310100200,12
seibuen,26202310100200,12
seibuen,26202310100300,11
seibuen,26202310100300,11
seibuen,26202310100300,11
seibuen,26202311170100,9
seibuen,26202311170100,9
seibuen,26202311170100,9
seibuen,26202311170200,9
seibuen,26202311170200,9
seibuen,26202311170200,9
seibuen,26202311170300,9
seibuen,26202311170300,9
seibuen,26202311170300,9
seibuen,26202311240100,7
seibuen,26202311240100,7
seibuen,26202311240100,7
seibuen,26202311240200,7
seibuen,26202311240200,7
seibuen,26202311240200,7
seibuen,26202311240300,7
seibuen,26202311240300,7
seibuen,26202311240300,7
seibuen,26202312080100,9
seibuen,26202312080100,9
seibuen,26202312080100,9
seibuen,26202312080200,9
seibuen,26202312080200,9
seibuen,26202312080200,9
seibuen,26202312080300,9
seibuen,26202312080300,9
seibuen,26202312080300,9
seibuen,26202312160100,12
seibuen,26202312160100,12
seibuen,26202312160100,12
seibuen,26202312160200,12
seibuen,26202312160200,12
seibuen,26202312160200,12
seibuen,26202312160300,12
seibuen,26202312160300,12
seibuen,26202312160300,12
seibuen,26202312230100,12
seibuen,26202312230100,12
seibuen,26202312230100,12
seibuen,26202312230200,12
seibuen,26202312230200,12
seibuen,26202312230200,12
seibuen,26202312230300,12
seibuen,26202312230300,12
seibuen,26202312230300,12
seibuen,26202401160100,9
seibuen,26202401160100,9
seibuen,26202401160100,9
seibuen,26202401160200,9
seibuen,26202401160200,9
seibuen,26202401160200,9
seibuen,26202401160300,9
seibuen,26202401160300,9
seibuen,26202401160300,9
seibuen,26202401270100,7
seibuen,26202401270100,7
seibuen,26202401270100,7
seibuen,26202401270200,7
seibuen,26202401270200,7
seibuen,26202401270200,7
seibuen,26202401270300,7
seibuen,26202401270300,7
seibuen,26202401270300,7
seibuen,26202402040100,12
seibuen,26202402040100,12
seibuen,26202402040100,12
seibuen,26202402040100,12
seibuen,26202402040200,12
seibuen,26202402040200,12
seibuen,26202402040200,12
seibuen,26202402040200,12
seibuen,26202402040201,12
seibuen,26202402040201,12
seibuen,26202402040201,12
seibuen,26202402040201,12
seibuen,26202402040400,12
seibuen,26202402040400,12
seibuen,26202402040400,12
seibuen,26202402040400,12
seibuen,26202402130100,12
seibuen,26202402130100,12
seibuen,26202402130100,12
seibuen,26202402130200,12
seibuen,26202402130200,12
seibuen,26202402130200,12
seibuen,26202402130300,12
seibuen,26202402130300,12
seibuen,26202402130300,12
seibuen,26202402190100,9
seibuen,26202402190100,9
seibuen,26202402190100,9
seibuen,26202402190200,9
seibuen,26202402190200,9
seibuen,26202402190200,9
seibuen,26202402190300,9
seibuen,26202402190300,9
seibuen,26202402190300,9
seibuen,26202402260100,12
seibuen,26202402260100,12
seibuen,26202402260100,12
seibuen,26202402260200,12
seibuen,26202402260200,12
seibuen,26202402260200,12
seibuen,26202402260300,12
seibuen,26202402260300,12
seibuen,26202402260300,12
seibuen,26202403080100,9
seibuen,26202403080100,9
seibuen,26202403080100,9
seibuen,26202403080200,9
seibuen,26202403080200,9
seibuen,26202403080200,9
seibuen,26202403080300,9
seibuen,26202403080300,9
seibuen,26202403080300,9
seibuen,26202403140100,9
seibuen,26202403140100,9
seibuen,26202403140100,9
seibuen,26202403140200,9
seibuen,26202403140200,9
seibuen,26202403140200,9
seibuen,26202403140300,9
seibuen,26202403140300,9
seibuen,26202403140300,9
seibuen,26202404050100,7
seibuen,26202404050100,7
seibuen,26202404050100,7
seibuen,26202404050200,7
seibuen,26202404050200,7
seibuen,26202404050200,7
seibuen,26202404050300,7
seibuen,26202404050300,7
seibuen,26202404050300,7
seibuen,26202404200100,12
seibuen,26202404200100,12
seibuen,26202404200100,12
seibuen,26202404200100,12
seibuen,26202404200200,12
seibuen,26202404200200,12
seibuen,26202404200200,12
seibuen,26202404200200,12
seibuen,26202404200300,12
seibuen,26202404200300,12
seibuen,26202404200300,12
seibuen,26202404200300,12
seibuen,26202404200400,12
seibuen,26202404200400,12
seibuen,26202404200400,12
seibuen,26202404200400,12
seibuen,26202405200100,12
seibuen,26202405200100,12
seibuen,26202405200100,12
seibuen,26202405200200,12
seibuen,26202405200200,12
seibuen,26202405200200,12
seibuen,26202405200300,12
seibuen,26202405200300,12
seibuen,26202405200300,12
seibuen,26202406150100,12
seibuen,26202406150100,12
seibuen,26202406150100,12
seibuen,26202406150200,12
seibuen,26202406150200,12
seibuen,26202406150200,12
seibuen,26202406150300,12
seibuen,26202406150300,12
seibuen,26202406150300,12
seibuen,26202406220100,7
seibuen,26202406220100,7
seibuen,26202406220100,7
seibuen,26202406220200,7
seibuen,26202406220200,7
seibuen,26202406220200,7
seibuen,26202406220300,7
seibuen,26202406220300,7
seibuen,26202406220300,7
seibuen,26202407120100,12
seibuen,26202407120100,12
seibuen,26202407120100,12
seibuen,26202407120200,12
seibuen,26202407120200,12
seibuen,26202407120200,12
seibuen,26202407120300,12
seibuen,26202407120300,12
seibuen,26202407120300,12
seibuen,26202408100100,12
seibuen,26202408100100,12
seibuen,26202408100100,12
seibuen,26202408100200,12
seibuen,26202408100200,12
seibuen,26202408100200,12
seibuen,26202408100300,12
seibuen,26202408100300,12
seibuen,26202408100300,12
seibuen,26202408220100,7
seibuen,26202408220100,7
seibuen,26202408220100,7
seibuen,26202408220200,7
seibuen,26202408220200,7
seibuen,26202408220200,7
seibuen,26202408220300,7
seibuen,26202408220300,7
seibuen,26202408220300,7
seibuen,26202408280100,9
seibuen,26202408280100,9
seibuen,26202408280100,9
seibuen,26202408280200,9
seibuen,26202408280200,9
seibuen,26202408280200,9
seibuen,26202408280300,9
seibuen,26202408280300,9
seibuen,26202408280300,9
seibuen,26202410070100,12
seibuen,26202410070100,12
seibuen,26202410070100,12
seibuen,26202410070200,12
seibuen,26202410070200,12
seibuen,26202410070200,12
seibuen,26202410070300,12
seibuen,26202410070300,12
seibuen,26202410070300,12
seibuen,26202410120100,7
seibuen,26202410120100,7
seibuen,26202410120100,7
seibuen,26202410120200,7
seibuen,26202410120200,7
seibuen,26202410120200,7
seibuen,26202410120300,7
seibuen,26202410120300,7
seibuen,26202410120300,7
seibuen,26202410210100,9
seibuen,26202410210100,9
seibuen,26202410210100,9
seibuen,26202410210200,9
seibuen,26202410210200,9
seibuen,26202410210200,9
seibuen,26202410210300,9
seibuen,26202410210300,9
seibuen,26202410210300,9
seibuen,26202411010100,12
seibuen,26202411010100,12
seibuen,26202411010100,12
seibuen,26202411010200,12
seibuen,26202411010200,12
seibuen,26202411010200,12
seibuen,26202411010300,12
seibuen,26202411010300,12
seibuen,26202411010300,12
seibuen,26202411080100,9
seibuen,26202411080100,9
seibuen,26202411080100,9
seibuen,26202411080200,9
seibuen,26202411080200,9
seibuen,26202411080200,9
seibuen,26202411080300,9
seibuen,26202411080300,9
seibuen,26202411080300,9
seibuen,26202411290100,12
seibuen,26202411290100,12
seibuen,26202411290100,12
seibuen,26202411290200,12
seibuen,26202411290200,12
seibuen,26202411290200,12
seibuen,26202411290300,12
seibuen,26202411290300,12
seibuen,26202411290300,12
seibuen,26202412090100,12
seibuen,26202412090100,12
seibuen,26202412090100,12
seibuen,26202412090200,12
seibuen,26202412090200,12
seibuen,26202412090200,12
seibuen,26202412090300,12
seibuen,26202412090300,12
seibuen,26202412090300,12
seibuen,26202412250100,12
seibuen,26202412250100,12
seibuen,26202412250100,12
seibuen,26202412250200,12
seibuen,26202412250200,12
seibuen,26202412250200,12
seibuen,26202412250300,12
seibuen,26202412250300,12
seibuen,26202412250300,12
seibuen,26202501080100,9
seibuen,26202501080100,9
seibuen,26202501080100,9
seibuen,26202501080200,9
seibuen,26202501080200,9
seibuen,26202501080200,9
seibuen,26202501080300,9
seibuen,26202501080300,9
seibuen,26202501080300,9
seibuen,26202501310100,7
seibuen,26202501310100,7
seibuen,26202501310100,7
seibuen,26202501310200,7
seibuen,26202501310200,7
seibuen,26202501310200,7
seibuen,26202501310300,7
seibuen,26202501310300,7
seibuen,26202501310300,7
seibuen,26202502130100,12
seibuen,26202502130100,12
seibuen,26202502130100,12
seibuen,26202502130200,12
seibuen,26202502130200,12
seibuen,26202502130200,12
seibuen,26202502130300,12
seibuen,26202502130300,12
seibuen,26202502130300,12
seibuen,26202502260100,7
seibuen,26202502260100,7
seibuen,26202502260100,7
seibuen,26202502260200,7
seibuen,26202502260200,7
seibuen,26202502260200,7
seibuen,26202502260300,7
seibuen,26202502260300,7
seibuen,26202502260300,7
seibuen,26202503070100,9
seibuen,26202503070100,9
seibuen,26202503070100,9
seibuen,26202503070200,9
seibuen,26202503070200,9
seibuen,26202503070200,9
seibuen,26202503070300,9
seibuen,26202503070300,9
seibuen,26202503070300,9
seibuen,26202503250100,9
seibuen,26202503250100,9
seibuen,26202503250100,9
seibuen,26202503250200,9
seibuen,26202503250200,9
seibuen,26202503250200,9
seibuen,26202503250300,9
seibuen,26202503250300,9
seibuen,26202503250300,9
seibuen,26202504040100,7
seibuen,26202504040100,7
seibuen,26202504040100,7
seibuen,26202504040200,7
seibuen,26202504040200,7
seibuen,26202504040200,7
seibuen,26202504040300,7
seibuen,26202504040300,7
seibuen,26202504040300,7
seibuen,26202504090100,7
seibuen,26202504090100,7
seibuen,26202504090100,7
seibuen,26202504090200,7
seibuen,26202504090200,7
seibuen,26202504090200,7
seibuen,26202504090300,7
seibuen,26202504090300,7
seibuen,26202504090300,7
seibuen,26202505050100,12
seibuen,26202505050100,12
seibuen,26202505050100,12
seibuen,26202505050200,12
seibuen,26202505050200,12
seibuen,26202505050200,12
seibuen,26202505050300,12
seibuen,26202505050300,12
seibuen,26202505050300,12
seibuen,26202505100100,7
seibuen,26202505100100,7
seibuen,26202505100100,7
seibuen,26202505100200,7
seibuen,26202505100200,7
seibuen,26202505100200,7
seibuen,26202505100300,7
seibuen,26202505100300,7
seibuen,26202505100300,7
seibuen,26202508040100,12
seibuen,26202508040100,12
seibuen,26202508040100,12
seibuen,26202508040200,12
seibuen,26202508040200,12
seibuen,26202508040200,12
seibuen,26202508040300,12
seibuen,26202508040300,12
seibuen,26202508040300,12
seibuen,26202508200100,7
seibuen,26202508200100,7
seibuen,26202508200100,7
seibuen,26202508200200,7
seibuen,26202508200200,7
seibuen,26202508200200,7
seibuen,26202508200300,7
seibuen,26202508200300,7
seibuen,26202508200300,7
seibuen,26202508280100,12
seibuen,26202508280100,12
seibuen,26202508280100,12
seibuen,26202508280100,12
seibuen,26202508280200,12
seibuen,26202508280200,12
seibuen,26202508280200,12
seibuen,26202508280200,12
seibuen,26202508280300,12
seibuen,26202508280300,12
seibuen,26202508280300,12
seibuen,26202508280300,12
seibuen,26202508280400,12
seibuen,26202508280400,12
seibuen,26202508280400,12
seibuen,26202508280400,12
seibuen,26202509040100,7
seibuen,26202509040100,7
seibuen,26202509040100,7
seibuen,26202509040200,7
seibuen,26202509040200,7
seibuen,26202509040200,7
seibuen,26202509040300,7
seibuen,26202509040300,7
seibuen,26202509040300,7
seibuen,26202509180100,9
seibuen,26202509180100,9
seibuen,26202509180100,9
seibuen,26202509180200,9
seibuen,26202509180200,9
seibuen,26202509180200,9
seibuen,26202509180300,9
seibuen,26202509180300,9
seibuen,26202509180300,9
seibuen,26202510170100,11
seibuen,26202510170100,11
seibuen,26202510170100,11
seibuen,26202510170200,11
seibuen,26202510170200,11
seibuen,26202510170200,11
seibuen,26202510170300,11
seibuen,26202510170300,11
seibuen,26202510170300,11
seibuen,26202510230100,7
seibuen,26202510230100,7
seibuen,26202510230100,7
seibuen,26202510230200,7
seibuen,26202510230200,7
seibuen,26202510230200,7
seibuen,26202510230300,7
seibuen,26202510230300,7
seibuen,26202510230300,7
seibuen,26202510280100,12
seibuen,26202510280100,12
seibuen,26202510280100,12
seibuen,26202510280200,12
seibuen,26202510280200,12
seibuen,26202510280200,12
seibuen,26202510280300,12
seibuen,26202510280300,12
seibuen,26202510280300,12
seibuen,26202511040100,7
seibuen,26202511040100,7
seibuen,26202511040100,7
seibuen,26202511040200,7
seibuen,26202511040200,7
seibuen,26202511040200,7
seibuen,26202511040300,7
seibuen,26202511040300,7
seibuen,26202511040300,7
seibuen,26202601080100,9
seibuen,26202601080100,9
seibuen,26202601080100,9
seibuen,26202601080200,9
seibuen,26202601080200,9
seibuen,26202601080200,9
seibuen,26202601080300,9
seibuen,26202601080300,9
seibuen,26202601080300,9
seibuen,26202601220100,7
seibuen,26202601220100,7
seibuen,26202601220100,7
seibuen,26202601220200,7
seibuen,26202601220200,7
seibuen,26202601220200,7
seibuen,26202601220300,7
seibuen,26202601220300,7
seibuen,26202601220300,7
seibuen,26202601270100,12
seibuen,26202601270100,12
seibuen,26202601270100,12
seibuen,26202601270200,12
seibuen,26202601270200,12
seibuen,26202601270200,12
seibuen,26202601270300,12
seibuen,26202601270300,12
seibuen,26202601270300,12
seibuen,26202602040100,9
seibuen,26202602040100,9
seibuen,26202602040100,9
seibuen,26202602040200,9
seibuen,26202602040200,9
seibuen,26202602040200,9
seibuen,26202602040300,9
seibuen,26202602040300,9
seibuen,26202602040300,9
seibuen,26202602150100,11
seibuen,26202602150100,11
seibuen,26202602150100,11
seibuen,26202602150200,11
seibuen,26202602150200,11
seibuen,26202602150200,11
seibuen,26202602150300,11
seibuen,26202602150300,11
seibuen,26202602150300,11
seibuen,26202602200100,9
seibuen,26202602200100,9
seibuen,26202602200100,9
seibuen,26202602200200,9
seibuen,26202602200200,9
seibuen,26202602200200,9
seibuen,26202602200300,9
seibuen,26202602200300,9
seibuen,26202602200300,9
seibuen,26202602260100,7
seibuen,26202602260100,7
seibuen,26202602260100,7
seibuen,26202602260200,7
seibuen,26202602260200,7
seibuen,26202602260200,7
seibuen,26202602260300,7
seibuen,26202602260300,7
seibuen,26202602260300,7
seibuen,26202603040100,12
seibuen,26202603040100,12
seibuen,26202603040100,12
seibuen,26202603040200,12
seibuen,26202603040200,12
seibuen,26202603040200,12
seibuen,26202603040300,12
seibuen,26202603040300,12
seibuen,26202603040300,12
seibuen,26202603120100,12
seibuen,26202603120100,12
seibuen,26202603120100,12
seibuen,26202603120100,12
seibuen,26202603120200,12
seibuen,26202603120200,12
seibuen,26202603120200,12
seibuen,26202603120200,12
seibuen,26202603120300,12
seibuen,26202603120300,12
seibuen,26202603120300,12
seibuen,26202603120300,12
seibuen,26202603120400,12
seibuen,26202603120400,12
seibuen,26202603120400,12
seibuen,26202603120400,12
seibuen,26202603220100,9
seibuen,26202603220100,9
seibuen,26202603220100,9
seibuen,26202603220200,9
seibuen,26202603220200,9
seibuen,26202603220200,9
seibuen,26202603220300,9
seibuen,26202603220300,9
seibuen,26202603220300,9
seibuen,26202604090100,12
seibuen,26202604090100,12
seibuen,26202604090100,12
seibuen,26202604090100,12
seibuen,26202604090200,12
seibuen,26202604090200,12
seibuen,26202604090200,12
seibuen,26202604090200,12
seibuen,26202604090300,12
seibuen,26202604090300,12
seibuen,26202604090300,12
seibuen,26202604090300,12
seibuen,26202604090400,12
seibuen,26202604090400,12
seibuen,26202604090400,12
seibuen,26202604090400,12
seibuen,26202605010100,7
seibuen,26202605010100,7
seibuen,26202605010100,7
seibuen,26202605010200,7
seibuen,26202605010200,7
seibuen,26202605010200,7
seibuen,26202605010300,7
seibuen,26202605010300,7
seibuen,26202605010300,7
keiokaku,27202301010100,12
keiokaku,27202301010100,12
keiokaku,27202301010100,12
keiokaku,27202301010200,12
keiokaku,27202301010200,12
keiokaku,27202301010200,12
keiokaku,27202301010300,12
keiokaku,27202301010300,12
keiokaku,27202301010300,12
keiokaku,27202301110100,9
keiokaku,27202301110100,9
keiokaku,27202301110100,9
keiokaku,27202301110200,9
keiokaku,27202301110200,9
keiokaku,27202301110200,9
keiokaku,27202301110300,9
keiokaku,27202301110300,9
keiokaku,27202301110300,9
keiokaku,27202301230100,12
keiokaku,27202301230100,12
keiokaku,27202301230100,12
keiokaku,27202301230200,12
keiokaku,27202301230200,12
keiokaku,27202301230200,12
keiokaku,27202301230300,12
keiokaku,27202301230300,12
keiokaku,27202301230300,12
keiokaku,27202301290100,9
keiokaku,27202301290100,9
keiokaku,27202301290100,9
keiokaku,27202301290200,9
keiokaku,27202301290200,9
keiokaku,27202301290200,9
keiokaku,27202301290300,9
keiokaku,27202301290300,9
keiokaku,27202301290300,9
keiokaku,27202302040100,12
keiokaku,27202302040100,12
keiokaku,27202302040100,12
keiokaku,27202302040200,12
keiokaku,27202302040200,12
keiokaku,27202302040200,12
keiokaku,27202302040300,12
keiokaku,27202302040300,12
keiokaku,27202302040300,12
keiokaku,27202302210100,12
keiokaku,27202302210100,12
keiokaku,27202302210100,12
keiokaku,27202302210200,12
keiokaku,27202302210200,12
keiokaku,27202302210200,12
keiokaku,27202302210300,12
keiokaku,27202302210300,12
keiokaku,27202302210300,12
keiokaku,27202303030100,11
keiokaku,27202303030100,11
keiokaku,27202303030100,11
keiokaku,27202303030200,11
keiokaku,27202303030200,11
keiokaku,27202303030200,11
keiokaku,27202303030300,11
keiokaku,27202303030300,11
keiokaku,27202303030300,11
keiokaku,27202303260100,9
keiokaku,27202303260100,9
keiokaku,27202303260100,9
keiokaku,27202303260200,9
keiokaku,27202303260200,9
keiokaku,27202303260200,9
keiokaku,27202303260300,9
keiokaku,27202303260300,9
keiokaku,27202303260300,9
keiokaku,27202304010100,7
keiokaku,27202304010100,7
keiokaku,27202304010100,7
keiokaku,27202304010200,7
keiokaku,27202304010200,7
keiokaku,27202304010200,7
keiokaku,27202304010300,7
keiokaku,27202304010300,7
keiokaku,27202304010300,7
keiokaku,27202304150100,12
keiokaku,27202304150100,12
keiokaku,27202304150100,12
keiokaku,27202304150200,12
keiokaku,27202304150200,12
keiokaku,27202304150200,12
keiokaku,27202304150300,12
keiokaku,27202304150300,12
keiokaku,27202304150300,12
keiokaku,27202305130100,12
keiokaku,27202305130100,12
keiokaku,27202305130100,12
keiokaku,27202305130200,12
keiokaku,27202305130200,12
keiokaku,27202305130200,12
keiokaku,27202305130300,12
keiokaku,27202305130300,12
keiokaku,27202305130300,12
keiokaku,27202305230100,7
keiokaku,27202305230100,7
keiokaku,27202305230100,7
keiokaku,27202305230200,7
keiokaku,27202305230200,7
keiokaku,27202305230200,7
keiokaku,27202305230300,7
keiokaku,27202305230300,7
keiokaku,27202305230300,7
keiokaku,27202306040100,12
keiokaku,27202306040100,12
keiokaku,27202306040100,12
keiokaku,27202306040200,12
keiokaku,27202306040200,12
keiokaku,27202306040200,12
keiokaku,27202306040300,12
keiokaku,27202306040300,12
keiokaku,27202306040300,12
keiokaku,27202306190100,9
keiokaku,27202306190100,9
keiokaku,27202306190100,9
keiokaku,27202306190200,9
keiokaku,27202306190200,9
keiokaku,27202306190200,9
keiokaku,27202306190300,9
keiokaku,27202306190300,9
keiokaku,27202306190300,9
keiokaku,27202307120100,12
keiokaku,27202307120100,12
keiokaku,27202307120100,12
keiokaku,27202307120200,12
keiokaku,27202307120200,12
keiokaku,27202307120200,12
keiokaku,27202307120300,12
keiokaku,27202307120300,12
keiokaku,27202307120300,12
keiokaku,27202308100100,12
keiokaku,27202308100100,12
keiokaku,27202308100100,12
keiokaku,27202308100100,12
keiokaku,27202308100200,12
keiokaku,27202308100200,12
keiokaku,27202308100200,12
keiokaku,27202308100200,12
keiokaku,27202308100300,12
keiokaku,27202308100300,12
keiokaku,27202308100300,12
keiokaku,27202308100300,12
keiokaku,27202308100400,12
keiokaku,27202308100400,12
keiokaku,27202308100400,12
keiokaku,27202308100400,12
keiokaku,27202309020100,9
keiokaku,27202309020100,9
keiokaku,27202309020100,9
keiokaku,27202309020200,9
keiokaku,27202309020200,9
keiokaku,27202309020200,9
keiokaku,27202309020300,9
keiokaku,27202309020300,9
keiokaku,27202309020300,9
keiokaku,27202309290100,12
keiokaku,27202309290100,12
keiokaku,27202309290100,12
keiokaku,27202309290200,12
keiokaku,27202309290200,12
keiokaku,27202309290200,12
keiokaku,27202309290300,12
keiokaku,27202309290300,12
keiokaku,27202309290300,12
keiokaku,27202310110100,9
keiokaku,27202310110100,9
keiokaku,27202310110100,9
keiokaku,27202310110200,9
keiokaku,27202310110200,9
keiokaku,27202310110200,9
keiokaku,27202310110300,9
keiokaku,27202310110300,9
keiokaku,27202310110300,9
keiokaku,27202310280100,12
keiokaku,27202310280100,12
keiokaku,27202310280100,12
keiokaku,27202310280100,12
keiokaku,27202310280200,12
keiokaku,27202310280200,12
keiokaku,27202310280200,12
keiokaku,27202310280200,12
keiokaku,27202310280300,12
keiokaku,27202310280300,12
keiokaku,27202310280300,12
keiokaku,27202310280300,12
keiokaku,27202310280400,12
keiokaku,27202310280400,12
keiokaku,27202310280400,12
keiokaku,27202310280400,12
keiokaku,27202311100100,12
keiokaku,27202311100100,12
keiokaku,27202311100100,12
keiokaku,27202311100200,12
keiokaku,27202311100200,12
keiokaku,27202311100200,12
keiokaku,27202311100300,12
keiokaku,27202311100300,12
keiokaku,27202311100300,12
keiokaku,27202311260100,9
keiokaku,27202311260100,9
keiokaku,27202311260100,9
keiokaku,27202311260200,9
keiokaku,27202311260200,9
keiokaku,27202311260200,9
keiokaku,27202311260300,9
keiokaku,27202311260300,9
keiokaku,27202311260300,9
keiokaku,27202312020100,9
keiokaku,27202312020100,9
keiokaku,27202312020100,9
keiokaku,27202312020200,9
keiokaku,27202312020200,9
keiokaku,27202312020200,9
keiokaku,27202312020300,9
keiokaku,27202312020300,9
keiokaku,27202312020300,9
keiokaku,27202312150100,12
keiokaku,27202312150100,12
keiokaku,27202312150100,12
keiokaku,27202312150200,12
keiokaku,27202312150200,12
keiokaku,27202312150200,12
keiokaku,27202312150300,12
keiokaku,27202312150300,12
keiokaku,27202312150300,12
keiokaku,27202401010100,12
keiokaku,27202401010100,12
keiokaku,27202401010100,12
keiokaku,27202401010200,12
keiokaku,27202401010200,12
keiokaku,27202401010200,12
keiokaku,27202401010300,12
keiokaku,27202401010300,12
keiokaku,27202401010300,12
keiokaku,27202402060100,9
keiokaku,27202402060100,9
keiokaku,27202402060100,9
keiokaku,27202402060200,9
keiokaku,27202402060200,9
keiokaku,27202402060200,9
keiokaku,27202402060300,9
keiokaku,27202402060300,9
keiokaku,27202402060300,9
keiokaku,27202402270100,12
keiokaku,27202402270100,12
keiokaku,27202402270100,12
keiokaku,27202402270200,12
keiokaku,27202402270200,12
keiokaku,27202402270200,12
keiokaku,27202402270300,12
keiokaku,27202402270300,12
keiokaku,27202402270300,12
keiokaku,27202403040100,12
keiokaku,27202403040100,12
keiokaku,27202403040100,12
keiokaku,27202403040200,12
keiokaku,27202403040200,12
keiokaku,27202403040200,12
keiokaku,27202403040300,12
keiokaku,27202403040300,12
keiokaku,27202403040300,12
keiokaku,27202404290100,12
keiokaku,27202404290100,12
keiokaku,27202404290100,12
keiokaku,27202404290200,12
keiokaku,27202404290200,12
keiokaku,27202404290200,12
keiokaku,27202404290300,12
keiokaku,27202404290300,12
keiokaku,27202404290300,12
keiokaku,27202405060100,12
keiokaku,27202405060100,12
keiokaku,27202405060100,12
keiokaku,27202405060200,12
keiokaku,27202405060200,12
keiokaku,27202405060200,12
keiokaku,27202405060300,12
keiokaku,27202405060300,12
keiokaku,27202405060300,12
keiokaku,27202405110100,9
keiokaku,27202405110100,9
keiokaku,27202405110100,9
keiokaku,27202405110200,9
keiokaku,27202405110200,9
keiokaku,27202405110200,9
keiokaku,27202405110300,9
keiokaku,27202405110300,9
keiokaku,27202405110300,9
keiokaku,27202406010100,7
keiokaku,27202406010100,7
keiokaku,27202406010100,7
keiokaku,27202406010200,7
keiokaku,27202406010200,7
keiokaku,27202406010200,7
keiokaku,27202406010300,7
keiokaku,27202406010300,7
keiokaku,27202406010300,7
keiokaku,27202406220100,12
keiokaku,27202406220100,12
keiokaku,27202406220100,12
keiokaku,27202406220200,12
keiokaku,27202406220200,12
keiokaku,27202406220200,12
keiokaku,27202406220300,12
keiokaku,27202406220300,12
keiokaku,27202406220300,12
keiokaku,27202407050100,12
keiokaku,27202407050100,12
keiokaku,27202407050100,12
keiokaku,27202407050200,12
keiokaku,27202407050200,12
keiokaku,27202407050200,12
keiokaku,27202407050300,12
keiokaku,27202407050300,12
keiokaku,27202407050300,12
keiokaku,27202408100100,9
keiokaku,27202408100100,9
keiokaku,27202408100100,9
keiokaku,27202408100200,9
keiokaku,27202408100200,9
keiokaku,27202408100200,9
keiokaku,27202408100300,9
keiokaku,27202408100300,9
keiokaku,27202408100300,9
keiokaku,27202408190100,9
keiokaku,27202408190100,9
keiokaku,27202408190100,9
keiokaku,27202408190200,9
keiokaku,27202408190200,9
keiokaku,27202408190200,9
keiokaku,27202408190300,8
keiokaku,27202408190300,8
keiokaku,27202408190300,8
keiokaku,27202408250100,12
keiokaku,27202408250100,12
keiokaku,27202408250100,12
keiokaku,27202408250200,12
keiokaku,27202408250200,12
keiokaku,27202408250200,12
keiokaku,27202408250300,12
keiokaku,27202408250300,12
keiokaku,27202408250300,12
keiokaku,27202409170100,12
keiokaku,27202409170100,12
keiokaku,27202409170100,12
keiokaku,27202409170200,12
keiokaku,27202409170200,12
keiokaku,27202409170200,12
keiokaku,27202409170300,12
keiokaku,27202409170300,12
keiokaku,27202409170300,12
keiokaku,27202410260100,12
keiokaku,27202410260100,12
keiokaku,27202410260100,12
keiokaku,27202410260100,12
keiokaku,27202410260200,12
keiokaku,27202410260200,12
keiokaku,27202410260200,12
keiokaku,27202410260200,12
keiokaku,27202410260300,12
keiokaku,27202410260300,12
keiokaku,27202410260300,12
keiokaku,27202410260300,12
keiokaku,27202410260400,12
keiokaku,27202410260400,12
keiokaku,27202410260400,12
keiokaku,27202410260400,12
keiokaku,27202411020100,7
keiokaku,27202411020100,7
keiokaku,27202411020100,7
keiokaku,27202411020200,7
keiokaku,27202411020200,7
keiokaku,27202411020200,7
keiokaku,27202411020300,7
keiokaku,27202411020300,7
keiokaku,27202411020300,7
keiokaku,27202411160100,12
keiokaku,27202411160100,12
keiokaku,27202411160100,12
keiokaku,27202411160200,12
keiokaku,27202411160200,12
keiokaku,27202411160200,12
keiokaku,27202411160300,12
keiokaku,27202411160300,12
keiokaku,27202411160300,12
keiokaku,27202411300100,7
keiokaku,27202411300100,7
keiokaku,27202411300100,7
keiokaku,27202411300200,7
keiokaku,27202411300200,7
keiokaku,27202411300200,7
keiokaku,27202411300300,7
keiokaku,27202411300300,7
keiokaku,27202411300300,7
keiokaku,27202412180100,9
keiokaku,27202412180100,9
keiokaku,27202412180100,9
keiokaku,27202412180200,9
keiokaku,27202412180200,9
keiokaku,27202412180200,9
keiokaku,27202412180300,8
keiokaku,27202412180300,8
keiokaku,27202412180300,8
keiokaku,27202501110100,9
keiokaku,27202501110100,9
keiokaku,27202501110100,9
keiokaku,27202501110200,9
keiokaku,27202501110200,9
keiokaku,27202501110200,9
keiokaku,27202501110300,9
keiokaku,27202501110300,9
keiokaku,27202501110300,9
keiokaku,27202501270100,12
keiokaku,27202501270100,12
keiokaku,27202501270100,12
keiokaku,27202501270200,12
keiokaku,27202501270200,12
keiokaku,27202501270200,12
keiokaku,27202501270300,12
keiokaku,27202501270300,12
keiokaku,27202501270300,12
keiokaku,27202502100100,12
keiokaku,27202502100100,12
keiokaku,27202502100100,12
keiokaku,27202502100200,12
keiokaku,27202502100200,12
keiokaku,27202502100200,12
keiokaku,27202502100300,12
keiokaku,27202502100300,12
keiokaku,27202502100300,12
keiokaku,27202502160100,12
keiokaku,27202502160100,12
keiokaku,27202502160100,12
keiokaku,27202502160200,12
keiokaku,27202502160200,12
keiokaku,27202502160200,12
keiokaku,27202502160300,12
keiokaku,27202502160300,12
keiokaku,27202502160300,12
keiokaku,27202502280100,12
keiokaku,27202502280100,12
keiokaku,27202502280100,12
keiokaku,27202502280200,12
keiokaku,27202502280200,12
keiokaku,27202502280200,12
keiokaku,27202502280300,12
keiokaku,27202502280300,12
keiokaku,27202502280300,12
keiokaku,27202503070100,12
keiokaku,27202503070100,12
keiokaku,27202503070100,12
keiokaku,27202503070200,12
keiokaku,27202503070200,12
keiokaku,27202503070200,12
keiokaku,27202503070300,12
keiokaku,27202503070300,12
keiokaku,27202503070300,12
keiokaku,27202504130100,9
keiokaku,27202504130100,9
keiokaku,27202504130100,9
keiokaku,27202504130200,9
keiokaku,27202504130200,9
keiokaku,27202504130200,9
keiokaku,27202504130300,9
keiokaku,27202504130300,9
keiokaku,27202504130300,9
keiokaku,27202505040100,7
keiokaku,27202505040100,7
keiokaku,27202505040100,7
keiokaku,27202505040200,7
keiokaku,27202505040200,7
keiokaku,27202505040200,7
keiokaku,27202505040300,7
keiokaku,27202505040300,7
keiokaku,27202505040300,7
keiokaku,27202505240100,12
keiokaku,27202505240100,12
keiokaku,27202505240100,12
keiokaku,27202505240200,12
keiokaku,27202505240200,12
keiokaku,27202505240200,12
keiokaku,27202505240300,12
keiokaku,27202505240300,12
keiokaku,27202505240300,12
keiokaku,27202506090100,11
keiokaku,27202506090100,11
keiokaku,27202506090100,11
keiokaku,27202506090200,11
keiokaku,27202506090200,11
keiokaku,27202506090200,11
keiokaku,27202506090300,11
keiokaku,27202506090300,11
keiokaku,27202506090300,11
keiokaku,27202506160100,9
keiokaku,27202506160100,9
keiokaku,27202506160100,9
keiokaku,27202506160200,9
keiokaku,27202506160200,9
keiokaku,27202506160200,9
keiokaku,27202506160300,9
keiokaku,27202506160300,9
keiokaku,27202506160300,9
keiokaku,27202506210100,11
keiokaku,27202506210100,11
keiokaku,27202506210100,11
keiokaku,27202506210200,11
keiokaku,27202506210200,11
keiokaku,27202506210200,11
keiokaku,27202506210300,11
keiokaku,27202506210300,11
keiokaku,27202506210300,11
keiokaku,27202507140100,11
keiokaku,27202507140100,11
keiokaku,27202507140100,11
keiokaku,27202507140200,11
keiokaku,27202507140200,11
keiokaku,27202507140200,11
keiokaku,27202507140300,11
keiokaku,27202507140300,11
keiokaku,27202507140300,11
keiokaku,27202507260100,12
keiokaku,27202507260100,12
keiokaku,27202507260100,12
keiokaku,27202507260200,12
keiokaku,27202507260200,12
keiokaku,27202507260200,12
keiokaku,27202507260300,12
keiokaku,27202507260300,12
keiokaku,27202507260300,12
keiokaku,27202507310100,12
keiokaku,27202507310100,12
keiokaku,27202507310100,12
keiokaku,27202507310200,12
keiokaku,27202507310200,12
keiokaku,27202507310200,12
keiokaku,27202507310300,12
keiokaku,27202507310300,12
keiokaku,27202507310300,12
keiokaku,27202508120100,9
keiokaku,27202508120100,9
keiokaku,27202508120100,9
keiokaku,27202508120200,9
keiokaku,27202508120200,9
keiokaku,27202508120200,9
keiokaku,27202508120300,9
keiokaku,27202508120300,9
keiokaku,27202508120300,9
keiokaku,27202509100100,12
keiokaku,27202509100100,12
keiokaku,27202509100100,12
keiokaku,27202509100200,12
keiokaku,27202509100200,12
keiokaku,27202509100200,12
keiokaku,27202509100300,12
keiokaku,27202509100300,12
keiokaku,27202509100300,12
keiokaku,27202510020100,12
keiokaku,27202510020100,12
keiokaku,27202510020100,12
keiokaku,27202510020100,12
keiokaku,27202510020200,12
keiokaku,27202510020200,12
keiokaku,27202510020200,12
keiokaku,27202510020200,12
keiokaku,27202510020300,12
keiokaku,27202510020300,12
keiokaku,27202510020300,12
keiokaku,27202510020300,12
keiokaku,27202510020400,12
keiokaku,27202510020400,12
keiokaku,27202510020400,12
keiokaku,27202510020400,12
keiokaku,27202511040100,11
keiokaku,27202511040100,11
keiokaku,27202511040100,11
keiokaku,27202511040200,11
keiokaku,27202511040200,11
keiokaku,27202511040200,11
keiokaku,27202511040300,11
keiokaku,27202511040300,11
keiokaku,27202511040300,11
keiokaku,27202511130100,11
keiokaku,27202511130100,11
keiokaku,27202511130100,11
keiokaku,27202511130200,11
keiokaku,27202511130200,11
keiokaku,27202511130200,11
keiokaku,27202511130300,11
keiokaku,27202511130300,11
keiokaku,27202511130300,11
keiokaku,27202511290100,12
keiokaku,27202511290100,12
keiokaku,27202511290100,12
keiokaku,27202511290200,12
keiokaku,27202511290200,12
keiokaku,27202511290200,12
keiokaku,27202511290300,12
keiokaku,27202511290300,12
keiokaku,27202511290300,12
keiokaku,27202512300100,9
keiokaku,27202512300100,9
keiokaku,27202512300100,9
keiokaku,27202512300200,9
keiokaku,27202512300200,9
keiokaku,27202512300200,9
keiokaku,27202512300300,9
keiokaku,27202512300300,9
keiokaku,27202512300300,9
keiokaku,27202601090100,12
keiokaku,27202601090100,12
keiokaku,27202601090100,12
keiokaku,27202601090200,12
keiokaku,27202601090200,12
keiokaku,27202601090200,12
keiokaku,27202601090300,12
keiokaku,27202601090300,12
keiokaku,27202601090300,12
keiokaku,27202601230100,7
keiokaku,27202601230100,7
keiokaku,27202601230100,7
keiokaku,27202601230200,7
keiokaku,27202601230200,7
keiokaku,27202601230200,7
keiokaku,27202601230300,7
keiokaku,27202601230300,7
keiokaku,27202601230300,7
keiokaku,27202601290100,9
keiokaku,27202601290100,9
keiokaku,27202601290100,9
keiokaku,27202601290200,9
keiokaku,27202601290200,9
keiokaku,27202601290200,9
keiokaku,27202601290300,9
keiokaku,27202601290300,9
keiokaku,27202601290300,9
keiokaku,27202602030100,12
keiokaku,27202602030100,12
keiokaku,27202602030100,12
keiokaku,27202602030200,12
keiokaku,27202602030200,12
keiokaku,27202602030200,12
keiokaku,27202602030300,12
keiokaku,27202602030300,12
keiokaku,27202602030300,12
keiokaku,27202602230100,7
keiokaku,27202602230100,7
keiokaku,27202602230100,7
keiokaku,27202602230200,7
keiokaku,27202602230200,7
keiokaku,27202602230200,7
keiokaku,27202602230300,7
keiokaku,27202602230300,7
keiokaku,27202602230300,7
keiokaku,27202603010100,11
keiokaku,27202603010100,11
keiokaku,27202603010100,11
keiokaku,27202603010200,11
keiokaku,27202603010200,11
keiokaku,27202603010200,11
keiokaku,27202603010300,11
keiokaku,27202603010300,11
keiokaku,27202603010300,11
keiokaku,27202604010100,12
keiokaku,27202604010100,12
keiokaku,27202604010100,12
keiokaku,27202604010200,12
keiokaku,27202604010200,12
keiokaku,27202604010200,12
keiokaku,27202604010300,12
keiokaku,27202604010300,12
keiokaku,27202604010300,12
keiokaku,27202604170100,12
keiokaku,27202604170100,12
keiokaku,27202604170100,12
keiokaku,27202604170200,12
keiokaku,27202604170200,12
keiokaku,27202604170200,12
keiokaku,27202604170300,12
keiokaku,27202604170300,12
keiokaku,27202604170300,12
keiokaku,27202604280100,11
keiokaku,27202604280100,11
keiokaku,27202604280100,11
keiokaku,27202604280200,11
keiokaku,27202604280200,11
keiokaku,27202604280200,11
keiokaku,27202604280300,11
keiokaku,27202604280300,11
keiokaku,27202604280300,11
keiokaku,27202605030100,11
keiokaku,27202605030100,11
keiokaku,27202605030100,11
keiokaku,27202605030200,11
keiokaku,27202605030200,11
keiokaku,27202605030200,11
keiokaku,27202605030300,11
keiokaku,27202605030300,11
keiokaku,27202605030300,11
keiokaku,27202605110100,11
keiokaku,27202605110100,11
keiokaku,27202605110100,11
keiokaku,27202605110200,11
keiokaku,27202605110200,11
keiokaku,27202605110200,11
keiokaku,27202605110300,11
keiokaku,27202605110300,11
keiokaku,27202605110300,11
keiokaku,27202605180100,12
keiokaku,27202605180100,12
keiokaku,27202605180100,12
keiokaku,27202605180200,12
keiokaku,27202605180200,12
keiokaku,27202605180200,12
keiokaku,27202605180300,12
keiokaku,27202605180300,12
keiokaku,27202605180300,12
keiokaku,27202605250100,7
keiokaku,27202605250100,7
keiokaku,27202605250100,7
keiokaku,27202605250200,7
keiokaku,27202605250200,7
keiokaku,27202605250200,7
keiokaku,27202605250300,7
keiokaku,27202605250300,7
keiokaku,27202605250300,7
keiokaku,27202606100100,11
keiokaku,27202606100100,11
keiokaku,27202606100100,11
keiokaku,27202606100200,11
keiokaku,27202606100200,11
keiokaku,27202606100200,11
keiokaku,27202606100300,11
keiokaku,27202606100300,11
keiokaku,27202606100300,11
keiokaku,27202606170100,12
keiokaku,27202606170100,12
keiokaku,27202606170100,12
keiokaku,27202606170200,12
keiokaku,27202606170200,12
keiokaku,27202606170200,12
keiokaku,27202606170300,12
keiokaku,27202606170300,12
keiokaku,27202606170300,12
keiokaku,27202606230100,11
keiokaku,27202606230100,11
keiokaku,27202606230100,11
keiokaku,27202606230200,11
keiokaku,27202606230200,11
keiokaku,27202606230200,11
keiokaku,27202606230300,11
keiokaku,27202606230300,11
keiokaku,27202606230300,11
tachikawa,28202301040100,12
tachikawa,28202301040100,12
tachikawa,28202301040100,12
tachikawa,28202301040100,12
tachikawa,28202301040200,12
tachikawa,28202301040200,12
tachikawa,28202301040200,12
tachikawa,28202301040200,12
tachikawa,28202301040300,12
tachikawa,28202301040300,12
tachikawa,28202301040300,12
tachikawa,28202301040300,12
tachikawa,28202301040400,12
tachikawa,28202301040400,12
tachikawa,28202301040400,12
tachikawa,28202301040400,12
tachikawa,28202302130100,12
tachikawa,28202302130100,12
tachikawa,28202302130100,12
tachikawa,28202302130200,12
tachikawa,28202302130200,12
tachikawa,28202302130200,12
tachikawa,28202302130300,12
tachikawa,28202302130300,12
tachikawa,28202302130300,12
tachikawa,28202302250100,7
tachikawa,28202302250100,7
tachikawa,28202302250100,7
tachikawa,28202302250200,7
tachikawa,28202302250200,7
tachikawa,28202302250200,7
tachikawa,28202302250300,7
tachikawa,28202302250300,7
tachikawa,28202302250300,7
tachikawa,28202303150100,12
tachikawa,28202303150100,12
tachikawa,28202303150100,12
tachikawa,28202303150200,12
tachikawa,28202303150200,12
tachikawa,28202303150200,12
tachikawa,28202303150300,12
tachikawa,28202303150300,12
tachikawa,28202303150300,12
tachikawa,28202304050100,12
tachikawa,28202304050100,12
tachikawa,28202304050100,12
tachikawa,28202304050200,12
tachikawa,28202304050200,12
tachikawa,28202304050200,12
tachikawa,28202304050300,12
tachikawa,28202304050300,12
tachikawa,28202304050300,12
tachikawa,28202305010100,12
tachikawa,28202305010100,12
tachikawa,28202305010100,12
tachikawa,28202305010200,12
tachikawa,28202305010200,12
tachikawa,28202305010200,12
tachikawa,28202305010300,12
tachikawa,28202305010300,12
tachikawa,28202305010300,12
tachikawa,28202305060100,7
tachikawa,28202305060100,7
tachikawa,28202305060100,7
tachikawa,28202305060200,7
tachikawa,28202305060200,7
tachikawa,28202305060200,7
tachikawa,28202305060300,7
tachikawa,28202305060300,7
tachikawa,28202305060300,7
tachikawa,28202306220100,7
tachikawa,28202306220100,7
tachikawa,28202306220100,7
tachikawa,28202306220200,7
tachikawa,28202306220200,7
tachikawa,28202306220200,7
tachikawa,28202306220300,7
tachikawa,28202306220300,7
tachikawa,28202306220300,7
tachikawa,28202307090100,12
tachikawa,28202307090100,12
tachikawa,28202307090100,12
tachikawa,28202307090200,12
tachikawa,28202307090200,12
tachikawa,28202307090200,12
tachikawa,28202307090300,12
tachikawa,28202307090300,12
tachikawa,28202307090300,12
tachikawa,28202307210100,12
tachikawa,28202307210100,12
tachikawa,28202307210100,12
tachikawa,28202307210200,12
tachikawa,28202307210200,12
tachikawa,28202307210200,12
tachikawa,28202307210300,12
tachikawa,28202307210300,12
tachikawa,28202307210300,12
tachikawa,28202308060100,12
tachikawa,28202308060100,12
tachikawa,28202308060100,12
tachikawa,28202308060200,12
tachikawa,28202308060200,12
tachikawa,28202308060200,12
tachikawa,28202308060300,12
tachikawa,28202308060300,12
tachikawa,28202308060300,12
tachikawa,28202309070100,12
tachikawa,28202309070100,12
tachikawa,28202309070100,12
tachikawa,28202309070100,12
tachikawa,28202309070200,12
tachikawa,28202309070200,12
tachikawa,28202309070200,12
tachikawa,28202309070200,12
tachikawa,28202309070300,12
tachikawa,28202309070300,12
tachikawa,28202309070300,12
tachikawa,28202309070300,12
tachikawa,28202309070400,12
tachikawa,28202309070400,12
tachikawa,28202309070400,12
tachikawa,28202309070400,12
tachikawa,28202312090100,12
tachikawa,28202312090100,12
tachikawa,28202312090100,12
tachikawa,28202312090200,12
tachikawa,28202312090200,12
tachikawa,28202312090200,12
tachikawa,28202312090300,12
tachikawa,28202312090300,12
tachikawa,28202312090300,12
tachikawa,28202312280100,11
tachikawa,28202312280100,11
tachikawa,28202312280100,11
tachikawa,28202312280200,11
tachikawa,28202312280200,11
tachikawa,28202312280200,11
tachikawa,28202312280300,11
tachikawa,28202312280300,11
tachikawa,28202312280300,11
tachikawa,28202401170100,12
tachikawa,28202401170100,12
tachikawa,28202401170100,12
tachikawa,28202401170200,12
tachikawa,28202401170200,12
tachikawa,28202401170200,12
tachikawa,28202401170300,12
tachikawa,28202401170300,12
tachikawa,28202401170300,12
tachikawa,28202402010100,7
tachikawa,28202402010100,7
tachikawa,28202402010100,7
tachikawa,28202402010200,7
tachikawa,28202402010200,7
tachikawa,28202402010200,7
tachikawa,28202402010300,7
tachikawa,28202402010300,7
tachikawa,28202402010300,7
tachikawa,28202402090100,12
tachikawa,28202402090100,12
tachikawa,28202402090100,12
tachikawa,28202402090200,12
tachikawa,28202402090200,12
tachikawa,28202402090200,12
tachikawa,28202402090300,12
tachikawa,28202402090300,12
tachikawa,28202402090300,12
tachikawa,28202402220100,7
tachikawa,28202402220100,7
tachikawa,28202402220100,7
tachikawa,28202402220200,7
tachikawa,28202402220200,7
tachikawa,28202402220200,7
tachikawa,28202402220300,7
tachikawa,28202402220300,7
tachikawa,28202402220300,7
tachikawa,28202403080100,12
tachikawa,28202403080100,12
tachikawa,28202403080100,12
tachikawa,28202403080200,12
tachikawa,28202403080200,12
tachikawa,28202403080200,12
tachikawa,28202403080300,12
tachikawa,28202403080300,12
tachikawa,28202403080300,12
tachikawa,28202403290100,12
tachikawa,28202403290100,12
tachikawa,28202403290100,12
tachikawa,28202403290200,12
tachikawa,28202403290200,12
tachikawa,28202403290200,12
tachikawa,28202403290300,12
tachikawa,28202403290300,12
tachikawa,28202403290300,12
tachikawa,28202404080100,12
tachikawa,28202404080100,12
tachikawa,28202404080100,12
tachikawa,28202404080200,12
tachikawa,28202404080200,12
tachikawa,28202404080200,12
tachikawa,28202404080300,12
tachikawa,28202404080300,12
tachikawa,28202404080300,12
tachikawa,28202406130100,7
tachikawa,28202406130100,7
tachikawa,28202406130100,7
tachikawa,28202406130200,7
tachikawa,28202406130200,7
tachikawa,28202406130200,7
tachikawa,28202406130300,7
tachikawa,28202406130300,7
tachikawa,28202406130300,7
tachikawa,28202407160100,12
tachikawa,28202407160100,12
tachikawa,28202407160100,12
tachikawa,28202407160200,12
tachikawa,28202407160200,12
tachikawa,28202407160200,12
tachikawa,28202407160300,12
tachikawa,28202407160300,12
tachikawa,28202407160300,12
tachikawa,28202408040100,12
tachikawa,28202408040100,12
tachikawa,28202408040100,12
tachikawa,28202408040200,12
tachikawa,28202408040200,12
tachikawa,28202408040200,12
tachikawa,28202408040300,12
tachikawa,28202408040300,12
tachikawa,28202408040300,12
tachikawa,28202408300100,12
tachikawa,28202408300100,12
tachikawa,28202408300100,12
tachikawa,28202408300200,12
tachikawa,28202408300200,12
tachikawa,28202408300200,12
tachikawa,28202408300300,11
tachikawa,28202408300300,11
tachikawa,28202408300300,11
tachikawa,28202409060100,12
tachikawa,28202409060100,12
tachikawa,28202409060100,12
tachikawa,28202409060200,12
tachikawa,28202409060200,12
tachikawa,28202409060200,12
tachikawa,28202409060300,12
tachikawa,28202409060300,12
tachikawa,28202409060300,12
tachikawa,28202409250100,7
tachikawa,28202409250100,7
tachikawa,28202409250100,7
tachikawa,28202409250200,7
tachikawa,28202409250200,7
tachikawa,28202409250200,7
tachikawa,28202409250300,7
tachikawa,28202409250300,7
tachikawa,28202409250300,7
tachikawa,28202410010100,12
tachikawa,28202410010100,12
tachikawa,28202410010100,12
tachikawa,28202410010200,12
tachikawa,28202410010200,12
tachikawa,28202410010200,12
tachikawa,28202410010300,12
tachikawa,28202410010300,12
tachikawa,28202410010300,12
tachikawa,28202410220100,12
tachikawa,28202410220100,12
tachikawa,28202410220100,12
tachikawa,28202410220200,12
tachikawa,28202410220200,12
tachikawa,28202410220200,12
tachikawa,28202410220300,12
tachikawa,28202410220300,12
tachikawa,28202410220300,12
tachikawa,28202411080100,12
tachikawa,28202411080100,12
tachikawa,28202411080100,12
tachikawa,28202411080200,12
tachikawa,28202411080200,12
tachikawa,28202411080200,12
tachikawa,28202411080300,12
tachikawa,28202411080300,12
tachikawa,28202411080300,12
tachikawa,28202412220100,7
tachikawa,28202412220100,7
tachikawa,28202412220100,7
tachikawa,28202412220200,7
tachikawa,28202412220200,7
tachikawa,28202412220200,7
tachikawa,28202412220300,7
tachikawa,28202412220300,7
tachikawa,28202412220300,7
tachikawa,28202412280100,12
tachikawa,28202412280100,12
tachikawa,28202412280100,12
tachikawa,28202412280200,12
tachikawa,28202412280200,12
tachikawa,28202412280200,12
tachikawa,28202412280300,12
tachikawa,28202412280300,12
tachikawa,28202412280300,12
tachikawa,28202501040100,12
tachikawa,28202501040100,12
tachikawa,28202501040100,12
tachikawa,28202501040100,12
tachikawa,28202501040200,12
tachikawa,28202501040200,12
tachikawa,28202501040200,12
tachikawa,28202501040200,12
tachikawa,28202501040300,12
tachikawa,28202501040300,12
tachikawa,28202501040300,12
tachikawa,28202501040300,12
tachikawa,28202501040400,12
tachikawa,28202501040400,12
tachikawa,28202501040400,12
tachikawa,28202501040400,12
tachikawa,28202501220100,12
tachikawa,28202501220100,12
tachikawa,28202501220100,12
tachikawa,28202501220200,12
tachikawa,28202501220200,12
tachikawa,28202501220200,12
tachikawa,28202501220300,12
tachikawa,28202501220300,12
tachikawa,28202501220300,12
tachikawa,28202502250100,7
tachikawa,28202502250100,7
tachikawa,28202502250100,7
tachikawa,28202502250200,7
tachikawa,28202502250200,7
tachikawa,28202502250200,7
tachikawa,28202502250300,7
tachikawa,28202502250300,7
tachikawa,28202502250300,7
tachikawa,28202503280100,12
tachikawa,28202503280100,12
tachikawa,28202503280100,12
tachikawa,28202503280200,12
tachikawa,28202503280200,12
tachikawa,28202503280200,12
tachikawa,28202503280300,12
tachikawa,28202503280300,12
tachikawa,28202503280300,12
tachikawa,28202504060100,7
tachikawa,28202504060100,7
tachikawa,28202504060100,7
tachikawa,28202504060200,7
tachikawa,28202504060200,7
tachikawa,28202504060200,7
tachikawa,28202504060300,7
tachikawa,28202504060300,7
tachikawa,28202504060300,7
tachikawa,28202504180100,7
tachikawa,28202504180100,7
tachikawa,28202504180100,7
tachikawa,28202504180200,7
tachikawa,28202504180200,7
tachikawa,28202504180200,7
tachikawa,28202504180300,7
tachikawa,28202504180300,7
tachikawa,28202504180300,7
tachikawa,28202504260100,11
tachikawa,28202504260100,11
tachikawa,28202504260100,11
tachikawa,28202504260200,11
tachikawa,28202504260200,11
tachikawa,28202504260200,11
tachikawa,28202504260300,11
tachikawa,28202504260300,11
tachikawa,28202504260300,11
tachikawa,28202505200100,7
tachikawa,28202505200100,7
tachikawa,28202505200100,7
tachikawa,28202505200200,7
tachikawa,28202505200200,7
tachikawa,28202505200200,7
tachikawa,28202505200300,7
tachikawa,28202505200300,7
tachikawa,28202505200300,7
tachikawa,28202507020100,12
tachikawa,28202507020100,12
tachikawa,28202507020100,12
tachikawa,28202507020200,12
tachikawa,28202507020200,12
tachikawa,28202507020200,12
tachikawa,28202507020300,12
tachikawa,28202507020300,12
tachikawa,28202507020300,12
tachikawa,28202509060100,11
tachikawa,28202509060100,11
tachikawa,28202509060100,11
tachikawa,28202509060200,11
tachikawa,28202509060200,11
tachikawa,28202509060200,11
tachikawa,28202509060300,11
tachikawa,28202509060300,11
tachikawa,28202509060300,11
tachikawa,28202509160100,12
tachikawa,28202509160100,12
tachikawa,28202509160100,12
tachikawa,28202509160200,12
tachikawa,28202509160200,12
tachikawa,28202509160200,12
tachikawa,28202509160300,12
tachikawa,28202509160300,12
tachikawa,28202509160300,12
tachikawa,28202509240100,12
tachikawa,28202509240100,12
tachikawa,28202509240100,12
tachikawa,28202509240200,12
tachikawa,28202509240200,12
tachikawa,28202509240200,12
tachikawa,28202509240300,12
tachikawa,28202509240300,12
tachikawa,28202509240300,12
tachikawa,28202510080100,7
tachikawa,28202510080100,7
tachikawa,28202510080100,7
tachikawa,28202510080200,7
tachikawa,28202510080200,7
tachikawa,28202510080200,7
tachikawa,28202510080300,7
tachikawa,28202510080300,7
tachikawa,28202510080300,7
tachikawa,28202512280100,11
tachikawa,28202512280100,11
tachikawa,28202512280100,11
tachikawa,28202512280200,11
tachikawa,28202512280200,11
tachikawa,28202512280200,11
tachikawa,28202512280300,11
tachikawa,28202512280300,11
tachikawa,28202512280300,11
tachikawa,28202601040100,12
tachikawa,28202601040100,12
tachikawa,28202601040100,12
tachikawa,28202601040100,12
tachikawa,28202601040200,12
tachikawa,28202601040200,12
tachikawa,28202601040200,12
tachikawa,28202601040200,12
tachikawa,28202601040300,12
tachikawa,28202601040300,12
tachikawa,28202601040300,12
tachikawa,28202601040300,12
tachikawa,28202601040400,12
tachikawa,28202601040400,12
tachikawa,28202601040400,12
tachikawa,28202601040400,12
tachikawa,28202601120100,7
tachikawa,28202601120100,7
tachikawa,28202601120100,7
tachikawa,28202601120200,7
tachikawa,28202601120200,7
tachikawa,28202601120200,7
tachikawa,28202601120300,7
tachikawa,28202601120300,7
tachikawa,28202601120300,7
tachikawa,28202601190100,12
tachikawa,28202601190100,12
tachikawa,28202601190100,12
tachikawa,28202601190200,12
tachikawa,28202601190200,12
tachikawa,28202601190200,12
tachikawa,28202601190300,12
tachikawa,28202601190300,12
tachikawa,28202601190300,12
tachikawa,28202602090100,12
tachikawa,28202602090100,12
tachikawa,28202602090100,12
tachikawa,28202602090200,12
tachikawa,28202602090200,12
tachikawa,28202602090200,12
tachikawa,28202602090300,12
tachikawa,28202602090300,12
tachikawa,28202602090300,12
tachikawa,28202603070100,7
tachikawa,28202603070100,7
tachikawa,28202603070100,7
tachikawa,28202603070200,7
tachikawa,28202603070200,7
tachikawa,28202603070200,7
tachikawa,28202603070300,7
tachikawa,28202603070300,7
tachikawa,28202603070300,7
tachikawa,28202603220100,7
tachikawa,28202603220100,7
tachikawa,28202603220100,7
tachikawa,28202603220200,7
tachikawa,28202603220200,7
tachikawa,28202603220200,7
tachikawa,28202603220300,7
tachikawa,28202603220300,7
tachikawa,28202603220300,7
tachikawa,28202603280100,12
tachikawa,28202603280100,12
tachikawa,28202603280100,12
tachikawa,28202603280200,12
tachikawa,28202603280200,12
tachikawa,28202603280200,12
tachikawa,28202603280300,12
tachikawa,28202603280300,12
tachikawa,28202603280300,12
tachikawa,28202604220100,7
tachikawa,28202604220100,7
tachikawa,28202604220100,7
tachikawa,28202604220200,7
tachikawa,28202604220200,7
tachikawa,28202604220200,7
tachikawa,28202604220300,7
tachikawa,28202604220300,7
tachikawa,28202604220300,7
matsudo,31202301050100,9
matsudo,31202301050100,9
matsudo,31202301050100,9
matsudo,31202301050200,9
matsudo,31202301050200,9
matsudo,31202301050200,9
matsudo,31202301050300,9
matsudo,31202301050300,9
matsudo,31202301050300,9
matsudo,31202301170100,12
matsudo,31202301170100,12
matsudo,31202301170100,12
matsudo,31202301170200,12
matsudo,31202301170200,12
matsudo,31202301170200,12
matsudo,31202301170300,12
matsudo,31202301170300,12
matsudo,31202301170300,12
matsudo,31202301300100,12
matsudo,31202301300100,12
matsudo,31202301300100,12
matsudo,31202301300200,12
matsudo,31202301300200,12
matsudo,31202301300200,12
matsudo,31202301300300,12
matsudo,31202301300300,12
matsudo,31202301300300,12
matsudo,31202302050100,12
matsudo,31202302050100,12
matsudo,31202302050100,12
matsudo,31202302050200,12
matsudo,31202302050200,12
matsudo,31202302050200,12
matsudo,31202302050300,12
matsudo,31202302050300,12
matsudo,31202302050300,12
matsudo,31202302170100,12
matsudo,31202302170100,12
matsudo,31202302170100,12
matsudo,31202302170200,12
matsudo,31202302170200,12
matsudo,31202302170200,12
matsudo,31202302170300,11
matsudo,31202302170300,11
matsudo,31202302170300,11
matsudo,31202302230100,12
matsudo,31202302230100,12
matsudo,31202302230100,12
matsudo,31202302230200,12
matsudo,31202302230200,12
matsudo,31202302230200,12
matsudo,31202302230300,12
matsudo,31202302230300,12
matsudo,31202302230300,12
matsudo,31202303050100,9
matsudo,31202303050100,9
matsudo,31202303050100,9
matsudo,31202303050200,9
matsudo,31202303050200,9
matsudo,31202303050200,9
matsudo,31202303050300,9
matsudo,31202303050300,9
matsudo,31202303050300,9
matsudo,31202303220100,12
matsudo,31202303220100,12
matsudo,31202303220100,12
matsudo,31202303220200,12
matsudo,31202303220200,12
matsudo,31202303220200,12
matsudo,31202303220300,12
matsudo,31202303220300,12
matsudo,31202303220300,12
matsudo,31202304010100,7
matsudo,31202304010100,7
matsudo,31202304010100,7
matsudo,31202304010200,7
matsudo,31202304010200,7
matsudo,31202304010200,7
matsudo,31202304010300,7
matsudo,31202304010300,7
matsudo,31202304010300,7
matsudo,31202304100100,12
matsudo,31202304100100,12
matsudo,31202304100100,12
matsudo,31202304100200,12
matsudo,31202304100200,12
matsudo,31202304100200,12
matsudo,31202304100300,12
matsudo,31202304100300,12
matsudo,31202304100300,12
matsudo,31202304280100,7
matsudo,31202304280100,7
matsudo,31202304280100,7
matsudo,31202304280200,7
matsudo,31202304280200,7
matsudo,31202304280200,7
matsudo,31202304280300,7
matsudo,31202304280300,7
matsudo,31202304280300,7
matsudo,31202305200100,12
matsudo,31202305200100,12
matsudo,31202305200100,12
matsudo,31202305200200,12
matsudo,31202305200200,12
matsudo,31202305200200,12
matsudo,31202305200300,12
matsudo,31202305200300,12
matsudo,31202305200300,12
matsudo,31202305260100,12
matsudo,31202305260100,12
matsudo,31202305260100,12
matsudo,31202305260200,12
matsudo,31202305260200,12
matsudo,31202305260200,12
matsudo,31202305260300,12
matsudo,31202305260300,12
matsudo,31202305260300,12
matsudo,31202306010100,7
matsudo,31202306010100,7
matsudo,31202306010100,7
matsudo,31202306010200,7
matsudo,31202306010200,7
matsudo,31202306010200,7
matsudo,31202306010300,7
matsudo,31202306010300,7
matsudo,31202306010300,7
matsudo,31202306140100,12
matsudo,31202306140100,12
matsudo,31202306140100,12
matsudo,31202306140200,12
matsudo,31202306140200,12
matsudo,31202306140200,12
matsudo,31202306140300,12
matsudo,31202306140300,12
matsudo,31202306140300,12
matsudo,31202306270100,12
matsudo,31202306270100,12
matsudo,31202306270100,12
matsudo,31202306270200,12
matsudo,31202306270200,12
matsudo,31202306270200,12
matsudo,31202306270300,12
matsudo,31202306270300,12
matsudo,31202306270300,12
matsudo,31202307040100,9
matsudo,31202307040100,9
matsudo,31202307040100,9
matsudo,31202307040200,9
matsudo,31202307040200,9
matsudo,31202307040200,9
matsudo,31202307040300,9
matsudo,31202307040300,9
matsudo,31202307040300,9
matsudo,31202307270100,12
matsudo,31202307270100,12
matsudo,31202307270100,12
matsudo,31202307270200,12
matsudo,31202307270200,12
matsudo,31202307270200,12
matsudo,31202307270300,12
matsudo,31202307270300,12
matsudo,31202307270300,12
matsudo,31202308090100,9
matsudo,31202308090100,9
matsudo,31202308090100,9
matsudo,31202308090200,9
matsudo,31202308090200,9
matsudo,31202308090200,9
matsudo,31202308090300,9
matsudo,31202308090300,9
matsudo,31202308090300,9
matsudo,31202308260100,12
matsudo,31202308260100,12
matsudo,31202308260100,12
matsudo,31202308260100,12
matsudo,31202308260200,12
matsudo,31202308260200,12
matsudo,31202308260200,12
matsudo,31202308260200,12
matsudo,31202308260300,12
matsudo,31202308260300,12
matsudo,31202308260300,12
matsudo,31202308260300,12
matsudo,31202308260400,12
matsudo,31202308260400,12
matsudo,31202308260400,12
matsudo,31202308260400,12
matsudo,31202309080100,9
matsudo,31202309080100,9
matsudo,31202309080100,9
matsudo,31202309080200,9
matsudo,31202309080200,9
matsudo,31202309080200,9
matsudo,31202309080300,9
matsudo,31202309080300,9
matsudo,31202309080300,9
matsudo,31202309240100,12
matsudo,31202309240100,12
matsudo,31202309240100,12
matsudo,31202309240200,12
matsudo,31202309240200,12
matsudo,31202309240200,12
matsudo,31202309240300,12
matsudo,31202309240300,12
matsudo,31202309240300,12
matsudo,31202310020100,12
matsudo,31202310020100,12
matsudo,31202310020100,12
matsudo,31202310020200,12
matsudo,31202310020200,12
matsudo,31202310020200,12
matsudo,31202310020300,12
matsudo,31202310020300,12
matsudo,31202310020300,12
matsudo,31202310200100,9
matsudo,31202310200100,9
matsudo,31202310200100,9
matsudo,31202310200200,9
matsudo,31202310200200,9
matsudo,31202310200200,9
matsudo,31202310200300,8
matsudo,31202310200300,8
matsudo,31202310200300,8
matsudo,31202310250100,12
matsudo,31202310250100,12
matsudo,31202310250100,12
matsudo,31202310250200,12
matsudo,31202310250200,12
matsudo,31202310250200,12
matsudo,31202310250300,12
matsudo,31202310250300,12
matsudo,31202310250300,12
matsudo,31202311080100,9
matsudo,31202311080100,9
matsudo,31202311080100,9
matsudo,31202311080200,9
matsudo,31202311080200,9
matsudo,31202311080200,9
matsudo,31202311080300,9
matsudo,31202311080300,9
matsudo,31202311080300,9
matsudo,31202311210100,10
matsudo,31202311210100,10
matsudo,31202311210100,10
matsudo,31202311210200,10
matsudo,31202311210200,10
matsudo,31202311210200,10
matsudo,31202311210300,10
matsudo,31202311210300,10
matsudo,31202311210300,10
matsudo,31202312260100,12
matsudo,31202312260100,12
matsudo,31202312260100,12
matsudo,31202312260200,11
matsudo,31202312260200,11
matsudo,31202312260200,11
matsudo,31202312260300,11
matsudo,31202312260300,11
matsudo,31202312260300,11
matsudo,31202401070100,9
matsudo,31202401070100,9
matsudo,31202401070100,9
matsudo,31202401070200,9
matsudo,31202401070200,9
matsudo,31202401070200,9
matsudo,31202401070300,9
matsudo,31202401070300,9
matsudo,31202401070300,9
matsudo,31202401230100,12
matsudo,31202401230100,12
matsudo,31202401230100,12
matsudo,31202401230200,12
matsudo,31202401230200,12
matsudo,31202401230200,12
matsudo,31202401230300,12
matsudo,31202401230300,12
matsudo,31202401230300,12
matsudo,31202401280100,9
matsudo,31202401280100,9
matsudo,31202401280100,9
matsudo,31202401280200,9
matsudo,31202401280200,9
matsudo,31202401280200,9
matsudo,31202401280300,9
matsudo,31202401280300,9
matsudo,31202401280300,9
matsudo,31202402100100,12
matsudo,31202402100100,12
matsudo,31202402100100,12
matsudo,31202402100200,12
matsudo,31202402100200,12
matsudo,31202402100200,12
matsudo,31202402100300,12
matsudo,31202402100300,12
matsudo,31202402100300,12
matsudo,31202404010100,7
matsudo,31202404010100,7
matsudo,31202404010100,7
matsudo,31202404010200,7
matsudo,31202404010200,7
matsudo,31202404010200,7
matsudo,31202404010300,7
matsudo,31202404010300,7
matsudo,31202404010300,7
matsudo,31202405110100,9
matsudo,31202405110100,9
matsudo,31202405110100,9
matsudo,31202405110200,9
matsudo,31202405110200,9
matsudo,31202405110200,9
matsudo,31202405110300,9
matsudo,31202405110300,9
matsudo,31202405110300,9
matsudo,31202405270100,12
matsudo,31202405270100,12
matsudo,31202405270100,12
matsudo,31202405270200,12
matsudo,31202405270200,12
matsudo,31202405270200,12
matsudo,31202405270300,12
matsudo,31202405270300,12
matsudo,31202405270300,12
matsudo,31202406100100,12
matsudo,31202406100100,12
matsudo,31202406100100,12
matsudo,31202406100200,12
matsudo,31202406100200,12
matsudo,31202406100200,12
matsudo,31202406100300,12
matsudo,31202406100300,12
matsudo,31202406100300,12
matsudo,31202406210100,12
matsudo,31202406210100,12
matsudo,31202406210100,12
matsudo,31202406210200,12
matsudo,31202406210200,12
matsudo,31202406210200,12
matsudo,31202406210300,12
matsudo,31202406210300,12
matsudo,31202406210300,12
matsudo,31202406280100,7
matsudo,31202406280100,7
matsudo,31202406280100,7
matsudo,31202406280200,7
matsudo,31202406280200,7
matsudo,31202406280200,7
matsudo,31202406280300,7
matsudo,31202406280300,7
matsudo,31202406280300,7
matsudo,31202407130100,12
matsudo,31202407130100,12
matsudo,31202407130100,12
matsudo,31202407130200,12
matsudo,31202407130200,12
matsudo,31202407130200,12
matsudo,31202407130300,12
matsudo,31202407130300,12
matsudo,31202407130300,12
matsudo,31202408010100,12
matsudo,31202408010100,12
matsudo,31202408010100,12
matsudo,31202408010100,12
matsudo,31202408010200,12
matsudo,31202408010200,12
matsudo,31202408010200,12
matsudo,31202408010200,12
matsudo,31202408010300,12
matsudo,31202408010300,12
matsudo,31202408010300,12
matsudo,31202408010300,12
matsudo,31202408010400,12
matsudo,31202408010400,12
matsudo,31202408010400,12
matsudo,31202408010400,12
matsudo,31202409110100,12
matsudo,31202409110100,12
matsudo,31202409110100,12
matsudo,31202409110200,12
matsudo,31202409110200,12
matsudo,31202409110200,12
matsudo,31202409110300,12
matsudo,31202409110300,12
matsudo,31202409110300,12
matsudo,31202409180100,9
matsudo,31202409180100,9
matsudo,31202409180100,9
matsudo,31202409180200,9
matsudo,31202409180200,9
matsudo,31202409180200,9
matsudo,31202409180300,9
matsudo,31202409180300,9
matsudo,31202409180300,9
matsudo,31202410150100,9
matsudo,31202410150100,9
matsudo,31202410150100,9
matsudo,31202410150200,9
matsudo,31202410150200,9
matsudo,31202410150200,9
matsudo,31202410150300,9
matsudo,31202410150300,9
matsudo,31202410150300,9
matsudo,31202410220100,7
matsudo,31202410220100,7
matsudo,31202410220100,7
matsudo,31202410220200,7
matsudo,31202410220200,7
matsudo,31202410220200,7
matsudo,31202410220300,7
matsudo,31202410220300,7
matsudo,31202410220300,7
matsudo,31202410300100,12
matsudo,31202410300100,12
matsudo,31202410300100,12
matsudo,31202410300200,12
matsudo,31202410300200,12
matsudo,31202410300200,12
matsudo,31202410300300,12
matsudo,31202410300300,12
matsudo,31202410300300,12
matsudo,31202411050100,9
matsudo,31202411050100,9
matsudo,31202411050100,9
matsudo,31202411050200,9
matsudo,31202411050200,9
matsudo,31202411050200,9
matsudo,31202411050300,9
matsudo,31202411050300,9
matsudo,31202411050300,9
matsudo,31202411140100,7
matsudo,31202411140100,7
matsudo,31202411140100,7
matsudo,31202411140200,7
matsudo,31202411140200,7
matsudo,31202411140200,7
matsudo,31202411140300,7
matsudo,31202411140300,7
matsudo,31202411140300,7
matsudo,31202411250100,12
matsudo,31202411250100,12
matsudo,31202411250100,12
matsudo,31202411250200,12
matsudo,31202411250200,12
matsudo,31202411250200,12
matsudo,31202411250300,12
matsudo,31202411250300,12
matsudo,31202411250300,12
matsudo,31202412160100,12
matsudo,31202412160100,12
matsudo,31202412160100,12
matsudo,31202412160200,12
matsudo,31202412160200,12
matsudo,31202412160200,12
matsudo,31202412160300,12
matsudo,31202412160300,12
matsudo,31202412160300,12
matsudo,31202412240100,7
matsudo,31202412240100,7
matsudo,31202412240100,7
matsudo,31202412240200,7
matsudo,31202412240200,7
matsudo,31202412240200,7
matsudo,31202412240300,7
matsudo,31202412240300,7
matsudo,31202412240300,7
matsudo,31202501040100,12
matsudo,31202501040100,12
matsudo,31202501040100,12
matsudo,31202501040200,11
matsudo,31202501040200,11
matsudo,31202501040200,11
matsudo,31202501040300,10
matsudo,31202501040300,10
matsudo,31202501040300,10
matsudo,31202501290100,9
matsudo,31202501290100,9
matsudo,31202501290100,9
matsudo,31202501290200,9
matsudo,31202501290200,9
matsudo,31202501290200,9
matsudo,31202501290300,9
matsudo,31202501290300,9
matsudo,31202501290300,9
matsudo,31202502250100,12
matsudo,31202502250100,12
matsudo,31202502250100,12
matsudo,31202502250200,12
matsudo,31202502250200,12
matsudo,31202502250200,12
matsudo,31202502250300,12
matsudo,31202502250300,12
matsudo,31202502250300,12
matsudo,31202503270100,12
matsudo,31202503270100,12
matsudo,31202503270100,12
matsudo,31202503270200,12
matsudo,31202503270200,12
matsudo,31202503270200,12
matsudo,31202503270300,12
matsudo,31202503270300,12
matsudo,31202503270300,12
matsudo,31202504160100,9
matsudo,31202504160100,9
matsudo,31202504160100,9
matsudo,31202504160200,9
matsudo,31202504160200,9
matsudo,31202504160200,9
matsudo,31202504160300,9
matsudo,31202504160300,9
matsudo,31202504160300,9
matsudo,31202504220100,11
matsudo,31202504220100,11
matsudo,31202504220100,11
matsudo,31202504220200,11
matsudo,31202504220200,11
matsudo,31202504220200,11
matsudo,31202504220300,11
matsudo,31202504220300,11
matsudo,31202504220300,11
matsudo,31202506010100,7
matsudo,31202506010100,7
matsudo,31202506010100,7
matsudo,31202506010200,7
matsudo,31202506010200,7
matsudo,31202506010200,7
matsudo,31202506010300,7
matsudo,31202506010300,7
matsudo,31202506010300,7
matsudo,31202506160100,12
matsudo,31202506160100,12
matsudo,31202506160100,12
matsudo,31202506160200,12
matsudo,31202506160200,12
matsudo,31202506160200,12
matsudo,31202506160300,12
matsudo,31202506160300,12
matsudo,31202506160300,12
matsudo,31202507070100,12
matsudo,31202507070100,12
matsudo,31202507070100,12
matsudo,31202507070200,12
matsudo,31202507070200,12
matsudo,31202507070200,12
matsudo,31202507070300,12
matsudo,31202507070300,12
matsudo,31202507070300,12
matsudo,31202507200100,11
matsudo,31202507200100,11
matsudo,31202507200100,11
matsudo,31202507200200,11
matsudo,31202507200200,11
matsudo,31202507200200,11
matsudo,31202507200300,11
matsudo,31202507200300,11
matsudo,31202507200300,11
matsudo,31202507270100,7
matsudo,31202507270100,7
matsudo,31202507270100,7
matsudo,31202507270200,7
matsudo,31202507270200,7
matsudo,31202507270200,7
matsudo,31202507270300,7
matsudo,31202507270300,7
matsudo,31202507270300,7
matsudo,31202508230100,12
matsudo,31202508230100,12
matsudo,31202508230100,12
matsudo,31202508230100,12
matsudo,31202508230200,12
matsudo,31202508230200,12
matsudo,31202508230200,12
matsudo,31202508230200,12
matsudo,31202508230300,12
matsudo,31202508230300,12
matsudo,31202508230300,12
matsudo,31202508230300,12
matsudo,31202508230400,12
matsudo,31202508230400,12
matsudo,31202508230400,12
matsudo,31202508230400,12
matsudo,31202509180100,9
matsudo,31202509180100,9
matsudo,31202509180100,9
matsudo,31202509180200,9
matsudo,31202509180200,9
matsudo,31202509180200,9
matsudo,31202509180300,9
matsudo,31202509180300,9
matsudo,31202509180300,9
matsudo,31202511020100,7
matsudo,31202511020100,7
matsudo,31202511020100,7
matsudo,31202511020200,7
matsudo,31202511020200,7
matsudo,31202511020200,7
matsudo,31202511020300,7
matsudo,31202511020300,7
matsudo,31202511020300,7
matsudo,31202511190100,10
matsudo,31202511190100,10
matsudo,31202511190100,10
matsudo,31202511190200,10
matsudo,31202511190200,10
matsudo,31202511190200,10
matsudo,31202511190300,10
matsudo,31202511190300,10
matsudo,31202511190300,10
matsudo,31202511260100,12
matsudo,31202511260100,12
matsudo,31202511260100,12
matsudo,31202511260200,12
matsudo,31202511260200,12
matsudo,31202511260200,12
matsudo,31202511260300,12
matsudo,31202511260300,12
matsudo,31202511260300,12
matsudo,31202512020100,12
matsudo,31202512020100,12
matsudo,31202512020100,12
matsudo,31202512020200,12
matsudo,31202512020200,12
matsudo,31202512020200,12
matsudo,31202512020300,12
matsudo,31202512020300,12
matsudo,31202512020300,12
matsudo,31202512080100,12
matsudo,31202512080100,12
matsudo,31202512080100,12
matsudo,31202512080200,12
matsudo,31202512080200,12
matsudo,31202512080200,12
matsudo,31202512080300,12
matsudo,31202512080300,12
matsudo,31202512080300,12
matsudo,31202512210100,9
matsudo,31202512210100,9
matsudo,31202512210100,9
matsudo,31202512210200,9
matsudo,31202512210200,9
matsudo,31202512210200,9
matsudo,31202512210300,9
matsudo,31202512210300,9
matsudo,31202512210300,9
matsudo,31202601110100,9
matsudo,31202601110100,9
matsudo,31202601110100,9
matsudo,31202601110200,9
matsudo,31202601110200,9
matsudo,31202601110200,9
matsudo,31202601110300,9
matsudo,31202601110300,9
matsudo,31202601110300,9
matsudo,31202601210100,12
matsudo,31202601210100,12
matsudo,31202601210100,12
matsudo,31202601210200,12
matsudo,31202601210200,12
matsudo,31202601210200,12
matsudo,31202601210300,12
matsudo,31202601210300,12
matsudo,31202601210300,12
matsudo,31202601270100,7
matsudo,31202601270100,7
matsudo,31202601270100,7
matsudo,31202601270200,7
matsudo,31202601270200,7
matsudo,31202601270200,7
matsudo,31202601270300,7
matsudo,31202601270300,7
matsudo,31202601270300,7
matsudo,31202602040100,12
matsudo,31202602040100,12
matsudo,31202602040100,12
matsudo,31202602040200,12
matsudo,31202602040200,12
matsudo,31202602040200,12
matsudo,31202602040300,12
matsudo,31202602040300,12
matsudo,31202602040300,12
matsudo,31202602220100,7
matsudo,31202602220100,7
matsudo,31202602220100,7
matsudo,31202602220200,7
matsudo,31202602220200,7
matsudo,31202602220200,7
matsudo,31202602220300,7
matsudo,31202602220300,7
matsudo,31202602220300,7
matsudo,31202603040100,7
matsudo,31202603040100,7
matsudo,31202603040100,7
matsudo,31202603040200,7
matsudo,31202603040200,7
matsudo,31202603040200,7
matsudo,31202603040300,7
matsudo,31202603040300,7
matsudo,31202603040300,7
matsudo,31202603160100,9
matsudo,31202603160100,9
matsudo,31202603160100,9
matsudo,31202603160200,9
matsudo,31202603160200,9
matsudo,31202603160200,9
matsudo,31202603160300,9
matsudo,31202603160300,9
matsudo,31202603160300,9
matsudo,31202603270100,7
matsudo,31202603270100,7
matsudo,31202603270100,7
matsudo,31202603270200,7
matsudo,31202603270200,7
matsudo,31202603270200,7
matsudo,31202603270300,7
matsudo,31202603270300,7
matsudo,31202603270300,7
matsudo,31202604160100,9
matsudo,31202604160100,9
matsudo,31202604160100,9
matsudo,31202604160200,9
matsudo,31202604160200,9
matsudo,31202604160200,9
matsudo,31202604160300,9
matsudo,31202604160300,9
matsudo,31202604160300,9
matsudo,31202604240100,12
matsudo,31202604240100,12
matsudo,31202604240100,12
matsudo,31202604240200,12
matsudo,31202604240200,12
matsudo,31202604240200,12
matsudo,31202604240300,12
matsudo,31202604240300,12
matsudo,31202604240300,12
matsudo,31202605140100,7
matsudo,31202605140100,7
matsudo,31202605140100,7
matsudo,31202605140200,7
matsudo,31202605140200,7
matsudo,31202605140200,7
matsudo,31202605140300,7
matsudo,31202605140300,7
matsudo,31202605140300,7
matsudo,31202605310100,12
matsudo,31202605310100,12
matsudo,31202605310100,12
matsudo,31202605310200,11
matsudo,31202605310200,11
matsudo,31202605310200,11
matsudo,31202605310300,11
matsudo,31202605310300,11
matsudo,31202605310300,11
matsudo,31202606150100,9
matsudo,31202606150100,9
matsudo,31202606150100,9
matsudo,31202606150200,9
matsudo,31202606150200,9
matsudo,31202606150200,9
matsudo,31202606150300,9
matsudo,31202606150300,9
matsudo,31202606150300,9
matsudo,31202606250100,12
matsudo,31202606250100,12
matsudo,31202606250200,12
matsudo,31202606250200,12
matsudo,31202606250300,12
matsudo,31202606250300,12
kawasaki,34202310070100,12
kawasaki,34202310070100,12
kawasaki,34202310070100,12
kawasaki,34202310070200,12
kawasaki,34202310070200,12
kawasaki,34202310070200,12
kawasaki,34202310070300,12
kawasaki,34202310070300,12
kawasaki,34202310070300,12
kawasaki,34202310170100,12
kawasaki,34202310170100,12
kawasaki,34202310170100,12
kawasaki,34202310170200,12
kawasaki,34202310170200,12
kawasaki,34202310170200,12
kawasaki,34202310170300,12
kawasaki,34202310170300,12
kawasaki,34202310170300,12
kawasaki,34202310260100,9
kawasaki,34202310260100,9
kawasaki,34202310260100,9
kawasaki,34202310260200,9
kawasaki,34202310260200,9
kawasaki,34202310260200,9
kawasaki,34202310260300,9
kawasaki,34202310260300,9
kawasaki,34202310260300,9
kawasaki,34202311110100,12
kawasaki,34202311110100,12
kawasaki,34202311110100,12
kawasaki,34202311110200,12
kawasaki,34202311110200,12
kawasaki,34202311110200,12
kawasaki,34202311110300,12
kawasaki,34202311110300,12
kawasaki,34202311110300,12
kawasaki,34202311180100,12
kawasaki,34202311180100,12
kawasaki,34202311180100,12
kawasaki,34202311180200,12
kawasaki,34202311180200,12
kawasaki,34202311180200,12
kawasaki,34202311180300,12
kawasaki,34202311180300,12
kawasaki,34202311180300,12
kawasaki,34202311240100,12
kawasaki,34202311240100,12
kawasaki,34202311240100,12
kawasaki,34202311240200,12
kawasaki,34202311240200,12
kawasaki,34202311240200,12
kawasaki,34202311240300,12
kawasaki,34202311240300,12
kawasaki,34202311240300,12
kawasaki,34202311290100,7
kawasaki,34202311290100,7
kawasaki,34202311290100,7
kawasaki,34202311290200,7
kawasaki,34202311290200,7
kawasaki,34202311290200,7
kawasaki,34202311290300,7
kawasaki,34202311290300,7
kawasaki,34202311290300,7
kawasaki,34202312060100,12
kawasaki,34202312060100,12
kawasaki,34202312060100,12
kawasaki,34202312060200,12
kawasaki,34202312060200,12
kawasaki,34202312060200,12
kawasaki,34202312060300,12
kawasaki,34202312060300,12
kawasaki,34202312060300,12
kawasaki,34202312130100,12
kawasaki,34202312130100,12
kawasaki,34202312130100,12
kawasaki,34202312130200,12
kawasaki,34202312130200,12
kawasaki,34202312130200,12
kawasaki,34202312130300,12
kawasaki,34202312130300,12
kawasaki,34202312130300,12
kawasaki,34202312210100,12
kawasaki,34202312210100,12
kawasaki,34202312210100,12
kawasaki,34202312210200,12
kawasaki,34202312210200,12
kawasaki,34202312210200,12
kawasaki,34202312210300,12
kawasaki,34202312210300,12
kawasaki,34202312210300,12
kawasaki,34202312260100,9
kawasaki,34202312260100,9
kawasaki,34202312260100,9
kawasaki,34202312260200,9
kawasaki,34202312260200,9
kawasaki,34202312260200,9
kawasaki,34202312260300,9
kawasaki,34202312260300,9
kawasaki,34202312260300,9
kawasaki,34202401180100,12
kawasaki,34202401180100,12
kawasaki,34202401180100,12
kawasaki,34202401180100,12
kawasaki,34202401180200,12
kawasaki,34202401180200,12
kawasaki,34202401180200,12
kawasaki,34202401180200,12
kawasaki,34202401180300,12
kawasaki,34202401180300,12
kawasaki,34202401180300,12
kawasaki,34202401180300,12
kawasaki,34202401180400,12
kawasaki,34202401180400,12
kawasaki,34202401180400,12
kawasaki,34202401180400,12
kawasaki,34202401260100,12
kawasaki,34202401260100,12
kawasaki,34202401260100,12
kawasaki,34202401260200,12
kawasaki,34202401260200,12
kawasaki,34202401260200,12
kawasaki,34202401260300,12
kawasaki,34202401260300,12
kawasaki,34202401260300,12
kawasaki,34202402070100,12
kawasaki,34202402070100,12
kawasaki,34202402070100,12
kawasaki,34202402070200,12
kawasaki,34202402070200,12
kawasaki,34202402070200,12
kawasaki,34202402070300,12
kawasaki,34202402070300,12
kawasaki,34202402070300,12
kawasaki,34202402160100,9
kawasaki,34202402160100,9
kawasaki,34202402160100,9
kawasaki,34202402160200,9
kawasaki,34202402160200,9
kawasaki,34202402160200,9
kawasaki,34202402160300,9
kawasaki,34202402160300,9
kawasaki,34202402160300,9
kawasaki,34202402240100,12
kawasaki,34202402240100,12
kawasaki,34202402240100,12
kawasaki,34202402240200,12
kawasaki,34202402240200,12
kawasaki,34202402240200,12
kawasaki,34202402240300,12
kawasaki,34202402240300,12
kawasaki,34202402240300,12
kawasaki,34202402280100,9
kawasaki,34202402280100,9
kawasaki,34202402280100,9
kawasaki,34202402280200,9
kawasaki,34202402280200,9
kawasaki,34202402280200,9
kawasaki,34202402280300,9
kawasaki,34202402280300,9
kawasaki,34202402280300,9
kawasaki,34202403050100,9
kawasaki,34202403050100,9
kawasaki,34202403050100,9
kawasaki,34202403050200,9
kawasaki,34202403050200,9
kawasaki,34202403050200,9
kawasaki,34202403050300,9
kawasaki,34202403050300,9
kawasaki,34202403050300,9
kawasaki,34202403100100,12
kawasaki,34202403100100,12
kawasaki,34202403100100,12
kawasaki,34202403100200,12
kawasaki,34202403100200,12
kawasaki,34202403100200,12
kawasaki,34202403100300,12
kawasaki,34202403100300,12
kawasaki,34202403100300,12
kawasaki,34202403210100,12
kawasaki,34202403210100,12
kawasaki,34202403210100,12
kawasaki,34202403210200,12
kawasaki,34202403210200,12
kawasaki,34202403210200,12
kawasaki,34202403210300,12
kawasaki,34202403210300,12
kawasaki,34202403210300,12
kawasaki,34202403260100,12
kawasaki,34202403260100,12
kawasaki,34202403260100,12
kawasaki,34202403260200,12
kawasaki,34202403260200,12
kawasaki,34202403260200,12
kawasaki,34202403260300,12
kawasaki,34202403260300,12
kawasaki,34202403260300,12
kawasaki,34202404040100,12
kawasaki,34202404040100,12
kawasaki,34202404040100,12
kawasaki,34202404040100,12
kawasaki,34202404040200,12
kawasaki,34202404040200,12
kawasaki,34202404040200,12
kawasaki,34202404040200,12
kawasaki,34202404040300,12
kawasaki,34202404040300,12
kawasaki,34202404040300,12
kawasaki,34202404040300,12
kawasaki,34202404040400,12
kawasaki,34202404040400,12
kawasaki,34202404040400,12
kawasaki,34202404040400,12
kawasaki,34202405030100,12
kawasaki,34202405030100,12
kawasaki,34202405030100,12
kawasaki,34202405030200,12
kawasaki,34202405030200,12
kawasaki,34202405030200,12
kawasaki,34202405030300,12
kawasaki,34202405030300,12
kawasaki,34202405030300,12
kawasaki,34202406040100,9
kawasaki,34202406040100,9
kawasaki,34202406040100,9
kawasaki,34202406040200,9
kawasaki,34202406040200,9
kawasaki,34202406040200,9
kawasaki,34202406040300,9
kawasaki,34202406040300,9
kawasaki,34202406040300,9
kawasaki,34202406130100,9
kawasaki,34202406130100,9
kawasaki,34202406130100,9
kawasaki,34202406130200,9
kawasaki,34202406130200,9
kawasaki,34202406130200,9
kawasaki,34202406130300,9
kawasaki,34202406130300,9
kawasaki,34202406130300,9
kawasaki,34202406270100,12
kawasaki,34202406270100,12
kawasaki,34202406270100,12
kawasaki,34202406270200,12
kawasaki,34202406270200,12
kawasaki,34202406270200,12
kawasaki,34202406270300,12
kawasaki,34202406270300,12
kawasaki,34202406270300,12
kawasaki,34202407160100,12
kawasaki,34202407160100,12
kawasaki,34202407160100,12
kawasaki,34202407160200,12
kawasaki,34202407160200,12
kawasaki,34202407160200,12
kawasaki,34202407160300,12
kawasaki,34202407160300,12
kawasaki,34202407160300,12
kawasaki,34202407290100,12
kawasaki,34202407290100,12
kawasaki,34202407290100,12
kawasaki,34202407290200,12
kawasaki,34202407290200,12
kawasaki,34202407290200,12
kawasaki,34202407290300,12
kawasaki,34202407290300,12
kawasaki,34202407290300,12
kawasaki,34202408100100,12
kawasaki,34202408100100,12
kawasaki,34202408100100,12
kawasaki,34202408100200,12
kawasaki,34202408100200,12
kawasaki,34202408100200,12
kawasaki,34202408100300,12
kawasaki,34202408100300,12
kawasaki,34202408100300,12
kawasaki,34202408200100,12
kawasaki,34202408200100,12
kawasaki,34202408200100,12
kawasaki,34202408200200,12
kawasaki,34202408200200,12
kawasaki,34202408200200,12
kawasaki,34202408200300,12
kawasaki,34202408200300,12
kawasaki,34202408200300,12
kawasaki,34202408280100,12
kawasaki,34202408280100,12
kawasaki,34202408280100,12
kawasaki,34202408280200,12
kawasaki,34202408280200,12
kawasaki,34202408280200,12
kawasaki,34202408280300,12
kawasaki,34202408280300,12
kawasaki,34202408280300,12
kawasaki,34202409240100,7
kawasaki,34202409240100,7
kawasaki,34202409240100,7
kawasaki,34202409240200,7
kawasaki,34202409240200,7
kawasaki,34202409240200,7
kawasaki,34202409240300,7
kawasaki,34202409240300,7
kawasaki,34202409240300,7
kawasaki,34202409290100,12
kawasaki,34202409290100,12
kawasaki,34202409290100,12
kawasaki,34202409290200,12
kawasaki,34202409290200,12
kawasaki,34202409290200,12
kawasaki,34202409290300,12
kawasaki,34202409290300,12
kawasaki,34202409290300,12
kawasaki,34202410110100,12
kawasaki,34202410110100,12
kawasaki,34202410110100,12
kawasaki,34202410110100,12
kawasaki,34202410110200,12
kawasaki,34202410110200,12
kawasaki,34202410110200,12
kawasaki,34202410110200,12
kawasaki,34202410110300,12
kawasaki,34202410110300,12
kawasaki,34202410110300,12
kawasaki,34202410110300,12
kawasaki,34202410110400,12
kawasaki,34202410110400,12
kawasaki,34202410110400,12
kawasaki,34202410110400,12
kawasaki,34202411120100,9
kawasaki,34202411120100,9
kawasaki,34202411120100,9
kawasaki,34202411120200,9
kawasaki,34202411120200,9
kawasaki,34202411120200,9
kawasaki,34202411120300,9
kawasaki,34202411120300,9
kawasaki,34202411120300,9
kawasaki,34202411180100,7
kawasaki,34202411180100,7
kawasaki,34202411180100,7
kawasaki,34202411180200,7
kawasaki,34202411180200,7
kawasaki,34202411180200,7
kawasaki,34202411180300,7
kawasaki,34202411180300,7
kawasaki,34202411180300,7
kawasaki,34202411300100,7
kawasaki,34202411300100,7
kawasaki,34202411300100,7
kawasaki,34202411300200,7
kawasaki,34202411300200,7
kawasaki,34202411300200,7
kawasaki,34202411300300,7
kawasaki,34202411300300,7
kawasaki,34202411300300,7
kawasaki,34202412120100,9
kawasaki,34202412120100,9
kawasaki,34202412120100,9
kawasaki,34202412120200,9
kawasaki,34202412120200,9
kawasaki,34202412120200,9
kawasaki,34202412120300,9
kawasaki,34202412120300,9
kawasaki,34202412120300,9
kawasaki,34202412220100,12
kawasaki,34202412220100,12
kawasaki,34202412220100,12
kawasaki,34202412220200,12
kawasaki,34202412220200,12
kawasaki,34202412220200,12
kawasaki,34202412220300,12
kawasaki,34202412220300,12
kawasaki,34202412220300,12
kawasaki,34202501050100,7
kawasaki,34202501050100,7
kawasaki,34202501050100,7
kawasaki,34202501050200,7
kawasaki,34202501050200,7
kawasaki,34202501050200,7
kawasaki,34202501050300,7
kawasaki,34202501050300,7
kawasaki,34202501050300,7
kawasaki,34202501200100,9
kawasaki,34202501200100,9
kawasaki,34202501200100,9
kawasaki,34202501200200,9
kawasaki,34202501200200,9
kawasaki,34202501200200,9
kawasaki,34202501200300,9
kawasaki,34202501200300,9
kawasaki,34202501200300,9
kawasaki,34202501250100,12
kawasaki,34202501250100,12
kawasaki,34202501250100,12
kawasaki,34202501250200,12
kawasaki,34202501250200,12
kawasaki,34202501250200,12
kawasaki,34202501250300,12
kawasaki,34202501250300,12
kawasaki,34202501250300,12
kawasaki,34202502030100,12
kawasaki,34202502030100,12
kawasaki,34202502030100,12
kawasaki,34202502030200,12
kawasaki,34202502030200,12
kawasaki,34202502030200,12
kawasaki,34202502030300,12
kawasaki,34202502030300,12
kawasaki,34202502030300,12
kawasaki,34202502230100,7
kawasaki,34202502230100,7
kawasaki,34202502230100,7
kawasaki,34202502230200,7
kawasaki,34202502230200,7
kawasaki,34202502230200,7
kawasaki,34202502230300,7
kawasaki,34202502230300,7
kawasaki,34202502230300,7
kawasaki,34202503040100,1
kawasaki,34202503040100,1
kawasaki,34202503040100,1
kawasaki,34202503040100,1
kawasaki,34202503040101,7
kawasaki,34202503040101,7
kawasaki,34202503040101,7
kawasaki,34202503040101,7
kawasaki,34202503040300,7
kawasaki,34202503040300,7
kawasaki,34202503040300,7
kawasaki,34202503040300,7
kawasaki,34202503040400,7
kawasaki,34202503040400,7
kawasaki,34202503040400,7
kawasaki,34202503040400,7
kawasaki,34202503130100,9
kawasaki,34202503130100,9
kawasaki,34202503130100,9
kawasaki,34202503130200,9
kawasaki,34202503130200,9
kawasaki,34202503130200,9
kawasaki,34202503130300,9
kawasaki,34202503130300,9
kawasaki,34202503130300,9
kawasaki,34202504040100,7
kawasaki,34202504040100,7
kawasaki,34202504040100,7
kawasaki,34202504040200,7
kawasaki,34202504040200,7
kawasaki,34202504040200,7
kawasaki,34202504040300,7
kawasaki,34202504040300,7
kawasaki,34202504040300,7
kawasaki,34202504190100,12
kawasaki,34202504190100,12
kawasaki,34202504190100,12
kawasaki,34202504190100,12
kawasaki,34202504190200,12
kawasaki,34202504190200,12
kawasaki,34202504190200,12
kawasaki,34202504190200,12
kawasaki,34202504190300,12
kawasaki,34202504190300,12
kawasaki,34202504190300,12
kawasaki,34202504190300,12
kawasaki,34202504190400,12
kawasaki,34202504190400,12
kawasaki,34202504190400,12
kawasaki,34202504190400,12
kawasaki,34202504280100,9
kawasaki,34202504280100,9
kawasaki,34202504280100,9
kawasaki,34202504280200,9
kawasaki,34202504280200,9
kawasaki,34202504280200,9
kawasaki,34202504280300,9
kawasaki,34202504280300,9
kawasaki,34202504280300,9
kawasaki,34202505050100,11
kawasaki,34202505050100,11
kawasaki,34202505050100,11
kawasaki,34202505050200,11
kawasaki,34202505050200,11
kawasaki,34202505050200,11
kawasaki,34202505050300,11
kawasaki,34202505050300,11
kawasaki,34202505050300,11
kawasaki,34202505150100,12
kawasaki,34202505150100,12
kawasaki,34202505150100,12
kawasaki,34202505150200,12
kawasaki,34202505150200,12
kawasaki,34202505150200,12
kawasaki,34202505150300,12
kawasaki,34202505150300,12
kawasaki,34202505150300,12
kawasaki,34202505230100,7
kawasaki,34202505230100,7
kawasaki,34202505230100,7
kawasaki,34202505230200,7
kawasaki,34202505230200,7
kawasaki,34202505230200,7
kawasaki,34202505230300,7
kawasaki,34202505230300,7
kawasaki,34202505230300,7
kawasaki,34202505290100,9
kawasaki,34202505290100,9
kawasaki,34202505290100,9
kawasaki,34202505290200,9
kawasaki,34202505290200,9
kawasaki,34202505290200,9
kawasaki,34202505290300,9
kawasaki,34202505290300,9
kawasaki,34202505290300,9
kawasaki,34202506070100,9
kawasaki,34202506070100,9
kawasaki,34202506070100,9
kawasaki,34202506070200,9
kawasaki,34202506070200,9
kawasaki,34202506070200,9
kawasaki,34202506070300,9
kawasaki,34202506070300,9
kawasaki,34202506070300,9
kawasaki,34202506250100,7
kawasaki,34202506250100,7
kawasaki,34202506250100,7
kawasaki,34202506250200,6
kawasaki,34202506250200,6
kawasaki,34202506250200,6
kawasaki,34202506250300,6
kawasaki,34202506250300,6
kawasaki,34202506250300,6
kawasaki,34202506300100,12
kawasaki,34202506300100,12
kawasaki,34202506300100,12
kawasaki,34202506300200,11
kawasaki,34202506300200,11
kawasaki,34202506300200,11
kawasaki,34202506300300,11
kawasaki,34202506300300,11
kawasaki,34202506300300,11
kawasaki,34202507070100,9
kawasaki,34202507070100,9
kawasaki,34202507070100,9
kawasaki,34202507070200,9
kawasaki,34202507070200,9
kawasaki,34202507070200,9
kawasaki,34202507070300,9
kawasaki,34202507070300,9
kawasaki,34202507070300,9
kawasaki,34202507160100,9
kawasaki,34202507160100,9
kawasaki,34202507160100,9
kawasaki,34202507160200,9
kawasaki,34202507160200,9
kawasaki,34202507160200,9
kawasaki,34202507160300,9
kawasaki,34202507160300,9
kawasaki,34202507160300,9
kawasaki,34202507240100,12
kawasaki,34202507240100,12
kawasaki,34202507240100,12
kawasaki,34202507240200,12
kawasaki,34202507240200,12
kawasaki,34202507240200,12
kawasaki,34202507240300,12
kawasaki,34202507240300,12
kawasaki,34202507240300,12
kawasaki,34202507310100,7
kawasaki,34202507310100,7
kawasaki,34202507310100,7
kawasaki,34202507310200,7
kawasaki,34202507310200,7
kawasaki,34202507310200,7
kawasaki,34202507310300,7
kawasaki,34202507310300,7
kawasaki,34202507310300,7
kawasaki,34202508090100,11
kawasaki,34202508090100,11
kawasaki,34202508090100,11
kawasaki,34202508090200,11
kawasaki,34202508090200,11
kawasaki,34202508090200,11
kawasaki,34202508090300,11
kawasaki,34202508090300,11
kawasaki,34202508090300,11
kawasaki,34202508280100,12
kawasaki,34202508280100,12
kawasaki,34202508280100,12
kawasaki,34202508280200,12
kawasaki,34202508280200,12
kawasaki,34202508280200,12
kawasaki,34202508280300,12
kawasaki,34202508280300,12
kawasaki,34202508280300,12
kawasaki,34202509030100,12
kawasaki,34202509030100,12
kawasaki,34202509030100,12
kawasaki,34202509030200,12
kawasaki,34202509030200,12
kawasaki,34202509030200,12
kawasaki,34202509030300,12
kawasaki,34202509030300,12
kawasaki,34202509030300,12
kawasaki,34202509140100,12
kawasaki,34202509140100,12
kawasaki,34202509140100,12
kawasaki,34202509140200,12
kawasaki,34202509140200,12
kawasaki,34202509140200,12
kawasaki,34202509140300,12
kawasaki,34202509140300,12
kawasaki,34202509140300,12
kawasaki,34202509210100,9
kawasaki,34202509210100,9
kawasaki,34202509210100,9
kawasaki,34202509210200,9
kawasaki,34202509210200,9
kawasaki,34202509210200,9
kawasaki,34202509210300,9
kawasaki,34202509210300,9
kawasaki,34202509210300,9
kawasaki,34202509280100,11
kawasaki,34202509280100,11
kawasaki,34202509280100,11
kawasaki,34202509280200,11
kawasaki,34202509280200,11
kawasaki,34202509280200,11
kawasaki,34202509280300,11
kawasaki,34202509280300,11
kawasaki,34202509280300,11
kawasaki,34202510030100,12
kawasaki,34202510030100,12
kawasaki,34202510030100,12
kawasaki,34202510030200,12
kawasaki,34202510030200,12
kawasaki,34202510030200,12
kawasaki,34202510030300,12
kawasaki,34202510030300,12
kawasaki,34202510030300,12
kawasaki,34202510100100,11
kawasaki,34202510100100,11
kawasaki,34202510100100,11
kawasaki,34202510100200,10
kawasaki,34202510100200,10
kawasaki,34202510100200,10
kawasaki,34202510100300,10
kawasaki,34202510100300,10
kawasaki,34202510100300,10
kawasaki,34202510180100,9
kawasaki,34202510180100,9
kawasaki,34202510180100,9
kawasaki,34202510180200,9
kawasaki,34202510180200,9
kawasaki,34202510180200,9
kawasaki,34202510180300,9
kawasaki,34202510180300,9
kawasaki,34202510180300,9
kawasaki,34202510250100,11
kawasaki,34202510250100,11
kawasaki,34202510250100,11
kawasaki,34202510250200,11
kawasaki,34202510250200,11
kawasaki,34202510250200,11
kawasaki,34202510250300,10
kawasaki,34202510250300,10
kawasaki,34202510250300,10
hiratsuka,35202301060100,12
hiratsuka,35202301060100,12
hiratsuka,35202301060100,12
hiratsuka,35202301060200,12
hiratsuka,35202301060200,12
hiratsuka,35202301060200,12
hiratsuka,35202301060300,12
hiratsuka,35202301060300,12
hiratsuka,35202301060300,12
hiratsuka,35202301200100,9
hiratsuka,35202301200100,9
hiratsuka,35202301200100,9
hiratsuka,35202301200200,9
hiratsuka,35202301200200,9
hiratsuka,35202301200200,9
hiratsuka,35202301200300,9
hiratsuka,35202301200300,9
hiratsuka,35202301200300,9
hiratsuka,35202302020100,12
hiratsuka,35202302020100,12
hiratsuka,35202302020100,12
hiratsuka,35202302020200,12
hiratsuka,35202302020200,12
hiratsuka,35202302020200,12
hiratsuka,35202302020300,12
hiratsuka,35202302020300,12
hiratsuka,35202302020300,12
hiratsuka,35202303110100,12
hiratsuka,35202303110100,12
hiratsuka,35202303110100,12
hiratsuka,35202303110200,12
hiratsuka,35202303110200,12
hiratsuka,35202303110200,12
hiratsuka,35202303110300,12
hiratsuka,35202303110300,12
hiratsuka,35202303110300,12
hiratsuka,35202303170100,7
hiratsuka,35202303170100,7
hiratsuka,35202303170100,7
hiratsuka,35202303170200,7
hiratsuka,35202303170200,7
hiratsuka,35202303170200,7
hiratsuka,35202303170300,7
hiratsuka,35202303170300,7
hiratsuka,35202303170300,7
hiratsuka,35202304220100,12
hiratsuka,35202304220100,12
hiratsuka,35202304220100,12
hiratsuka,35202304220200,12
hiratsuka,35202304220200,12
hiratsuka,35202304220200,12
hiratsuka,35202304220300,12
hiratsuka,35202304220300,12
hiratsuka,35202304220300,12
hiratsuka,35202305020100,11
hiratsuka,35202305020100,11
hiratsuka,35202305020100,11
hiratsuka,35202305020100,11
hiratsuka,35202305020100,11
hiratsuka,35202305020100,11
hiratsuka,35202305020200,11
hiratsuka,35202305020200,11
hiratsuka,35202305020200,11
hiratsuka,35202305020200,11
hiratsuka,35202305020200,11
hiratsuka,35202305020200,11
hiratsuka,35202305020300,12
hiratsuka,35202305020300,12
hiratsuka,35202305020300,12
hiratsuka,35202305020300,12
hiratsuka,35202305020300,12
hiratsuka,35202305020300,12
hiratsuka,35202305020400,11
hiratsuka,35202305020400,11
hiratsuka,35202305020400,11
hiratsuka,35202305020400,11
hiratsuka,35202305020400,11
hiratsuka,35202305020400,11
hiratsuka,35202305020500,11
hiratsuka,35202305020500,11
hiratsuka,35202305020500,11
hiratsuka,35202305020500,11
hiratsuka,35202305020500,11
hiratsuka,35202305020500,11
hiratsuka,35202305020600,11
hiratsuka,35202305020600,11
hiratsuka,35202305020600,11
hiratsuka,35202305020600,11
hiratsuka,35202305020600,11
hiratsuka,35202305020600,11
hiratsuka,35202305290100,9
hiratsuka,35202305290100,9
hiratsuka,35202305290100,9
hiratsuka,35202305290200,9
hiratsuka,35202305290200,9
hiratsuka,35202305290200,9
hiratsuka,35202305290300,9
hiratsuka,35202305290300,9
hiratsuka,35202305290300,9
hiratsuka,35202306160100,12
hiratsuka,35202306160100,12
hiratsuka,35202306160100,12
hiratsuka,35202306160200,12
hiratsuka,35202306160200,12
hiratsuka,35202306160200,12
hiratsuka,35202306160300,12
hiratsuka,35202306160300,12
hiratsuka,35202306160300,12
hiratsuka,35202307210100,12
hiratsuka,35202307210100,12
hiratsuka,35202307210100,12
hiratsuka,35202307210200,12
hiratsuka,35202307210200,12
hiratsuka,35202307210200,12
hiratsuka,35202307210300,12
hiratsuka,35202307210300,12
hiratsuka,35202307210300,12
hiratsuka,35202308030100,12
hiratsuka,35202308030100,12
hiratsuka,35202308030100,12
hiratsuka,35202308030200,12
hiratsuka,35202308030200,12
hiratsuka,35202308030200,12
hiratsuka,35202308030300,12
hiratsuka,35202308030300,12
hiratsuka,35202308030300,12
hiratsuka,35202309040100,12
hiratsuka,35202309040100,12
hiratsuka,35202309040100,12
hiratsuka,35202309040200,12
hiratsuka,35202309040200,12
hiratsuka,35202309040200,12
hiratsuka,35202309040300,12
hiratsuka,35202309040300,12
hiratsuka,35202309040300,12
hiratsuka,35202309140100,9
hiratsuka,35202309140100,9
hiratsuka,35202309140100,9
hiratsuka,35202309140200,9
hiratsuka,35202309140200,9
hiratsuka,35202309140200,9
hiratsuka,35202309140300,9
hiratsuka,35202309140300,9
hiratsuka,35202309140300,9
hiratsuka,35202309270100,12
hiratsuka,35202309270100,12
hiratsuka,35202309270100,12
hiratsuka,35202309270200,12
hiratsuka,35202309270200,12
hiratsuka,35202309270200,12
hiratsuka,35202309270300,12
hiratsuka,35202309270300,12
hiratsuka,35202309270300,12
hiratsuka,35202310200100,12
hiratsuka,35202310200100,12
hiratsuka,35202310200100,12
hiratsuka,35202310200200,12
hiratsuka,35202310200200,12
hiratsuka,35202310200200,12
hiratsuka,35202310200300,12
hiratsuka,35202310200300,12
hiratsuka,35202310200300,12
hiratsuka,35202311060100,12
hiratsuka,35202311060100,12
hiratsuka,35202311060100,12
hiratsuka,35202311060200,12
hiratsuka,35202311060200,12
hiratsuka,35202311060200,12
hiratsuka,35202311060300,12
hiratsuka,35202311060300,12
hiratsuka,35202311060300,12
hiratsuka,35202311140100,9
hiratsuka,35202311140100,9
hiratsuka,35202311140100,9
hiratsuka,35202311140200,9
hiratsuka,35202311140200,9
hiratsuka,35202311140200,9
hiratsuka,35202311140300,9
hiratsuka,35202311140300,9
hiratsuka,35202311140300,9
hiratsuka,35202312100100,12
hiratsuka,35202312100100,12
hiratsuka,35202312100100,12
hiratsuka,35202312100200,12
hiratsuka,35202312100200,12
hiratsuka,35202312100200,12
hiratsuka,35202312100300,12
hiratsuka,35202312100300,12
hiratsuka,35202312100300,12
hiratsuka,35202312170100,9
hiratsuka,35202312170100,9
hiratsuka,35202312170100,9
hiratsuka,35202312170200,9
hiratsuka,35202312170200,9
hiratsuka,35202312170200,9
hiratsuka,35202312170300,9
hiratsuka,35202312170300,9
hiratsuka,35202312170300,9
hiratsuka,35202401010100,12
hiratsuka,35202401010100,12
hiratsuka,35202401010100,12
hiratsuka,35202401010100,12
hiratsuka,35202401010200,12
hiratsuka,35202401010200,12
hiratsuka,35202401010200,12
hiratsuka,35202401010200,12
hiratsuka,35202401010300,12
hiratsuka,35202401010300,12
hiratsuka,35202401010300,12
hiratsuka,35202401010300,12
hiratsuka,35202401010400,12
hiratsuka,35202401010400,12
hiratsuka,35202401010400,12
hiratsuka,35202401010400,12
hiratsuka,35202401290100,12
hiratsuka,35202401290100,12
hiratsuka,35202401290100,12
hiratsuka,35202401290200,12
hiratsuka,35202401290200,12
hiratsuka,35202401290200,12
hiratsuka,35202401290300,12
hiratsuka,35202401290300,12
hiratsuka,35202401290300,12
hiratsuka,35202403180100,12
hiratsuka,35202403180100,12
hiratsuka,35202403180100,12
hiratsuka,35202403180200,12
hiratsuka,35202403180200,12
hiratsuka,35202403180200,12
hiratsuka,35202403180300,12
hiratsuka,35202403180300,12
hiratsuka,35202403180300,12
hiratsuka,35202404010100,7
hiratsuka,35202404010100,7
hiratsuka,35202404010100,7
hiratsuka,35202404010200,7
hiratsuka,35202404010200,7
hiratsuka,35202404010200,7
hiratsuka,35202404010300,7
hiratsuka,35202404010300,7
hiratsuka,35202404010300,7
hiratsuka,35202404190100,7
hiratsuka,35202404190100,7
hiratsuka,35202404190100,7
hiratsuka,35202404190200,7
hiratsuka,35202404190200,7
hiratsuka,35202404190200,7
hiratsuka,35202404190300,7
hiratsuka,35202404190300,7
hiratsuka,35202404190300,7
hiratsuka,35202404230100,12
hiratsuka,35202404230100,12
hiratsuka,35202404230100,12
hiratsuka,35202404230200,12
hiratsuka,35202404230200,12
hiratsuka,35202404230200,12
hiratsuka,35202404230300,12
hiratsuka,35202404230300,12
hiratsuka,35202404230300,12
hiratsuka,35202404280100,9
hiratsuka,35202404280100,9
hiratsuka,35202404280100,9
hiratsuka,35202404280200,9
hiratsuka,35202404280200,9
hiratsuka,35202404280200,9
hiratsuka,35202404280300,9
hiratsuka,35202404280300,9
hiratsuka,35202404280300,9
hiratsuka,35202405040100,7
hiratsuka,35202405040100,7
hiratsuka,35202405040100,7
hiratsuka,35202405040200,7
hiratsuka,35202405040200,7
hiratsuka,35202405040200,7
hiratsuka,35202405040300,7
hiratsuka,35202405040300,7
hiratsuka,35202405040300,7
hiratsuka,35202405100100,12
hiratsuka,35202405100100,12
hiratsuka,35202405100100,12
hiratsuka,35202405100200,12
hiratsuka,35202405100200,12
hiratsuka,35202405100200,12
hiratsuka,35202405100300,12
hiratsuka,35202405100300,12
hiratsuka,35202405100300,12
hiratsuka,35202407190100,12
hiratsuka,35202407190100,12
hiratsuka,35202407190100,12
hiratsuka,35202407190200,12
hiratsuka,35202407190200,12
hiratsuka,35202407190200,12
hiratsuka,35202407190300,12
hiratsuka,35202407190300,12
hiratsuka,35202407190300,12
hiratsuka,35202408070100,9
hiratsuka,35202408070100,9
hiratsuka,35202408070100,9
hiratsuka,35202408070200,9
hiratsuka,35202408070200,9
hiratsuka,35202408070200,9
hiratsuka,35202408070300,9
hiratsuka,35202408070300,9
hiratsuka,35202408070300,9
hiratsuka,35202408130100,12
hiratsuka,35202408130100,12
hiratsuka,35202408130100,12
hiratsuka,35202408130100,12
hiratsuka,35202408130100,12
hiratsuka,35202408130100,12
hiratsuka,35202408130200,12
hiratsuka,35202408130200,12
hiratsuka,35202408130200,12
hiratsuka,35202408130200,12
hiratsuka,35202408130200,12
hiratsuka,35202408130200,12
hiratsuka,35202408130300,12
hiratsuka,35202408130300,12
hiratsuka,35202408130300,12
hiratsuka,35202408130300,12
hiratsuka,35202408130300,12
hiratsuka,35202408130300,12
hiratsuka,35202408130400,11
hiratsuka,35202408130400,11
hiratsuka,35202408130400,11
hiratsuka,35202408130400,11
hiratsuka,35202408130400,11
hiratsuka,35202408130400,11
hiratsuka,35202408130500,11
hiratsuka,35202408130500,11
hiratsuka,35202408130500,11
hiratsuka,35202408130500,11
hiratsuka,35202408130500,11
hiratsuka,35202408130500,11
hiratsuka,35202408130600,11
hiratsuka,35202408130600,11
hiratsuka,35202408130600,11
hiratsuka,35202408130600,11
hiratsuka,35202408130600,11
hiratsuka,35202408130600,11
hiratsuka,35202408310100,7
hiratsuka,35202408310100,7
hiratsuka,35202408310100,7
hiratsuka,35202408310200,7
hiratsuka,35202408310200,7
hiratsuka,35202408310200,7
hiratsuka,35202408310300,7
hiratsuka,35202408310300,7
hiratsuka,35202408310300,7
hiratsuka,35202409150100,12
hiratsuka,35202409150100,12
hiratsuka,35202409150100,12
hiratsuka,35202409150200,12
hiratsuka,35202409150200,12
hiratsuka,35202409150200,12
hiratsuka,35202409150300,12
hiratsuka,35202409150300,12
hiratsuka,35202409150300,12
hiratsuka,35202409260100,12
hiratsuka,35202409260100,12
hiratsuka,35202409260100,12
hiratsuka,35202409260200,12
hiratsuka,35202409260200,12
hiratsuka,35202409260200,12
hiratsuka,35202409260300,12
hiratsuka,35202409260300,12
hiratsuka,35202409260300,12
hiratsuka,35202410060100,12
hiratsuka,35202410060100,12
hiratsuka,35202410060100,12
hiratsuka,35202410060200,12
hiratsuka,35202410060200,12
hiratsuka,35202410060200,12
hiratsuka,35202410060300,12
hiratsuka,35202410060300,12
hiratsuka,35202410060300,12
hiratsuka,35202410250100,12
hiratsuka,35202410250100,12
hiratsuka,35202410250100,12
hiratsuka,35202410250200,12
hiratsuka,35202410250200,12
hiratsuka,35202410250200,12
hiratsuka,35202410250300,12
hiratsuka,35202410250300,12
hiratsuka,35202410250300,12
hiratsuka,35202411040100,12
hiratsuka,35202411040100,12
hiratsuka,35202411040100,12
hiratsuka,35202411040200,12
hiratsuka,35202411040200,12
hiratsuka,35202411040200,12
hiratsuka,35202411040300,12
hiratsuka,35202411040300,12
hiratsuka,35202411040300,12
hiratsuka,35202411080100,12
hiratsuka,35202411080100,12
hiratsuka,35202411080100,12
hiratsuka,35202411080100,12
hiratsuka,35202411080200,12
hiratsuka,35202411080200,12
hiratsuka,35202411080200,12
hiratsuka,35202411080200,12
hiratsuka,35202411080300,12
hiratsuka,35202411080300,12
hiratsuka,35202411080300,12
hiratsuka,35202411080300,12
hiratsuka,35202411080400,12
hiratsuka,35202411080400,12
hiratsuka,35202411080400,12
hiratsuka,35202411080400,12
hiratsuka,35202412090100,7
hiratsuka,35202412090100,7
hiratsuka,35202412090100,7
hiratsuka,35202412090200,7
hiratsuka,35202412090200,7
hiratsuka,35202412090200,7
hiratsuka,35202412090300,7
hiratsuka,35202412090300,7
hiratsuka,35202412090300,7
hiratsuka,35202501170100,9
hiratsuka,35202501170100,9
hiratsuka,35202501170100,9
hiratsuka,35202501170200,9
hiratsuka,35202501170200,9
hiratsuka,35202501170200,9
hiratsuka,35202501170300,9
hiratsuka,35202501170300,9
hiratsuka,35202501170300,9
hiratsuka,35202501310100,12
hiratsuka,35202501310100,12
hiratsuka,35202501310100,12
hiratsuka,35202501310200,12
hiratsuka,35202501310200,12
hiratsuka,35202501310200,12
hiratsuka,35202501310300,12
hiratsuka,35202501310300,12
hiratsuka,35202501310300,12
hiratsuka,35202502200100,9
hiratsuka,35202502200100,9
hiratsuka,35202502200100,9
hiratsuka,35202502200200,9
hiratsuka,35202502200200,9
hiratsuka,35202502200200,9
hiratsuka,35202502200300,9
hiratsuka,35202502200300,9
hiratsuka,35202502200300,9
hiratsuka,35202503010100,12
hiratsuka,35202503010100,12
hiratsuka,35202503010100,12
hiratsuka,35202503010200,12
hiratsuka,35202503010200,12
hiratsuka,35202503010200,12
hiratsuka,35202503010300,12
hiratsuka,35202503010300,12
hiratsuka,35202503010300,12
hiratsuka,35202503100100,9
hiratsuka,35202503100100,9
hiratsuka,35202503100100,9
hiratsuka,35202503100200,9
hiratsuka,35202503100200,9
hiratsuka,35202503100200,9
hiratsuka,35202503100300,9
hiratsuka,35202503100300,9
hiratsuka,35202503100300,9
hiratsuka,35202504010100,12
hiratsuka,35202504010100,12
hiratsuka,35202504010100,12
hiratsuka,35202504010200,12
hiratsuka,35202504010200,12
hiratsuka,35202504010200,12
hiratsuka,35202504010300,12
hiratsuka,35202504010300,12
hiratsuka,35202504010300,12
hiratsuka,35202504070100,9
hiratsuka,35202504070100,9
hiratsuka,35202504070100,9
hiratsuka,35202504070200,9
hiratsuka,35202504070200,9
hiratsuka,35202504070200,9
hiratsuka,35202504070300,9
hiratsuka,35202504070300,9
hiratsuka,35202504070300,9
hiratsuka,35202505010100,7
hiratsuka,35202505010100,7
hiratsuka,35202505010100,7
hiratsuka,35202505010200,7
hiratsuka,35202505010200,7
hiratsuka,35202505010200,7
hiratsuka,35202505010300,7
hiratsuka,35202505010300,7
hiratsuka,35202505010300,7
hiratsuka,35202505100100,12
hiratsuka,35202505100100,12
hiratsuka,35202505100100,12
hiratsuka,35202505100100,12
hiratsuka,35202505100200,12
hiratsuka,35202505100200,12
hiratsuka,35202505100200,12
hiratsuka,35202505100200,12
hiratsuka,35202505100300,12
hiratsuka,35202505100300,12
hiratsuka,35202505100300,12
hiratsuka,35202505100300,12
hiratsuka,35202505100400,12
hiratsuka,35202505100400,12
hiratsuka,35202505100400,12
hiratsuka,35202505100400,12
hiratsuka,35202506120100,11
hiratsuka,35202506120100,11
hiratsuka,35202506120100,11
hiratsuka,35202506120200,11
hiratsuka,35202506120200,11
hiratsuka,35202506120200,11
hiratsuka,35202506120300,11
hiratsuka,35202506120300,11
hiratsuka,35202506120300,11
hiratsuka,35202506210100,12
hiratsuka,35202506210100,12
hiratsuka,35202506210100,12
hiratsuka,35202506210200,12
hiratsuka,35202506210200,12
hiratsuka,35202506210200,12
hiratsuka,35202506210300,12
hiratsuka,35202506210300,12
hiratsuka,35202506210300,12
hiratsuka,35202507280100,9
hiratsuka,35202507280100,9
hiratsuka,35202507280100,9
hiratsuka,35202507280200,9
hiratsuka,35202507280200,9
hiratsuka,35202507280200,9
hiratsuka,35202507280300,9
hiratsuka,35202507280300,9
hiratsuka,35202507280300,9
hiratsuka,35202508020100,11
hiratsuka,35202508020100,11
hiratsuka,35202508020100,11
hiratsuka,35202508020200,11
hiratsuka,35202508020200,11
hiratsuka,35202508020200,11
hiratsuka,35202508020300,11
hiratsuka,35202508020300,11
hiratsuka,35202508020300,11
hiratsuka,35202508150100,7
hiratsuka,35202508150100,7
hiratsuka,35202508150100,7
hiratsuka,35202508150200,7
hiratsuka,35202508150200,7
hiratsuka,35202508150200,7
hiratsuka,35202508150300,7
hiratsuka,35202508150300,7
hiratsuka,35202508150300,7
hiratsuka,35202509070100,12
hiratsuka,35202509070100,12
hiratsuka,35202509070100,12
hiratsuka,35202509070200,12
hiratsuka,35202509070200,12
hiratsuka,35202509070200,12
hiratsuka,35202509070300,12
hiratsuka,35202509070300,12
hiratsuka,35202509070300,12
hiratsuka,35202510130100,11
hiratsuka,35202510130100,11
hiratsuka,35202510130100,11
hiratsuka,35202510130200,11
hiratsuka,35202510130200,11
hiratsuka,35202510130200,11
hiratsuka,35202510130300,11
hiratsuka,35202510130300,11
hiratsuka,35202510130300,11
hiratsuka,35202510240100,7
hiratsuka,35202510240100,7
hiratsuka,35202510240100,7
hiratsuka,35202510240200,7
hiratsuka,35202510240200,7
hiratsuka,35202510240200,7
hiratsuka,35202510240300,7
hiratsuka,35202510240300,7
hiratsuka,35202510240300,7
hiratsuka,35202511010100,12
hiratsuka,35202511010100,12
hiratsuka,35202511010100,12
hiratsuka,35202511010200,12
hiratsuka,35202511010200,12
hiratsuka,35202511010200,12
hiratsuka,35202511010300,12
hiratsuka,35202511010300,12
hiratsuka,35202511010300,12
hiratsuka,35202511210100,9
hiratsuka,35202511210100,9
hiratsuka,35202511210100,9
hiratsuka,35202511210200,9
hiratsuka,35202511210200,9
hiratsuka,35202511210200,9
hiratsuka,35202511210300,9
hiratsuka,35202511210300,9
hiratsuka,35202511210300,9
hiratsuka,35202512020100,11
hiratsuka,35202512020100,11
hiratsuka,35202512020100,11
hiratsuka,35202512020200,11
hiratsuka,35202512020200,11
hiratsuka,35202512020200,11
hiratsuka,35202512020300,11
hiratsuka,35202512020300,11
hiratsuka,35202512020300,11
hiratsuka,35202512280100,11
hiratsuka,35202512280100,11
hiratsuka,35202512280100,11
hiratsuka,35202512280200,11
hiratsuka,35202512280200,11
hiratsuka,35202512280200,11
hiratsuka,35202512280300,11
hiratsuka,35202512280300,11
hiratsuka,35202512280300,11
hiratsuka,35202601080100,12
hiratsuka,35202601080100,12
hiratsuka,35202601080100,12
hiratsuka,35202601080200,12
hiratsuka,35202601080200,12
hiratsuka,35202601080200,12
hiratsuka,35202601080300,12
hiratsuka,35202601080300,12
hiratsuka,35202601080300,12
hiratsuka,35202601140100,9
hiratsuka,35202601140100,9
hiratsuka,35202601140100,9
hiratsuka,35202601140200,9
hiratsuka,35202601140200,9
hiratsuka,35202601140200,9
hiratsuka,35202601140300,9
hiratsuka,35202601140300,9
hiratsuka,35202601140300,9
hiratsuka,35202602090100,12
hiratsuka,35202602090100,12
hiratsuka,35202602090100,12
hiratsuka,35202602090200,12
hiratsuka,35202602090200,12
hiratsuka,35202602090200,12
hiratsuka,35202602090300,12
hiratsuka,35202602090300,12
hiratsuka,35202602090300,12
hiratsuka,35202602230100,7
hiratsuka,35202602230100,7
hiratsuka,35202602230100,7
hiratsuka,35202602230200,7
hiratsuka,35202602230200,7
hiratsuka,35202602230200,7
hiratsuka,35202602230300,7
hiratsuka,35202602230300,7
hiratsuka,35202602230300,7
hiratsuka,35202603290100,9
hiratsuka,35202603290100,9
hiratsuka,35202603290100,9
hiratsuka,35202603290200,9
hiratsuka,35202603290200,9
hiratsuka,35202603290200,9
hiratsuka,35202603290300,9
hiratsuka,35202603290300,9
hiratsuka,35202603290300,9
hiratsuka,35202604070100,9
hiratsuka,35202604070100,9
hiratsuka,35202604070100,9
hiratsuka,35202604070200,9
hiratsuka,35202604070200,9
hiratsuka,35202604070200,9
hiratsuka,35202604070300,9
hiratsuka,35202604070300,9
hiratsuka,35202604070300,9
hiratsuka,35202604230100,11
hiratsuka,35202604230100,11
hiratsuka,35202604230100,11
hiratsuka,35202604230200,11
hiratsuka,35202604230200,11
hiratsuka,35202604230200,11
hiratsuka,35202604230300,11
hiratsuka,35202604230300,11
hiratsuka,35202604230300,11
hiratsuka,35202605010100,11
hiratsuka,35202605010100,11
hiratsuka,35202605010100,11
hiratsuka,35202605010100,11
hiratsuka,35202605010100,11
hiratsuka,35202605010100,11
hiratsuka,35202605010200,11
hiratsuka,35202605010200,11
hiratsuka,35202605010200,11
hiratsuka,35202605010200,11
hiratsuka,35202605010200,11
hiratsuka,35202605010200,11
hiratsuka,35202605010300,11
hiratsuka,35202605010300,11
hiratsuka,35202605010300,11
hiratsuka,35202605010300,11
hiratsuka,35202605010300,11
hiratsuka,35202605010300,11
hiratsuka,35202605010400,11
hiratsuka,35202605010400,11
hiratsuka,35202605010400,11
hiratsuka,35202605010400,11
hiratsuka,35202605010400,11
hiratsuka,35202605010400,11
hiratsuka,35202605010500,11
hiratsuka,35202605010500,11
hiratsuka,35202605010500,11
hiratsuka,35202605010500,11
hiratsuka,35202605010500,11
hiratsuka,35202605010500,11
hiratsuka,35202605010600,11
hiratsuka,35202605010600,11
hiratsuka,35202605010600,11
hiratsuka,35202605010600,11
hiratsuka,35202605010600,11
hiratsuka,35202605010600,11
hiratsuka,35202605220100,11
hiratsuka,35202605220100,11
hiratsuka,35202605220100,11
hiratsuka,35202605220200,11
hiratsuka,35202605220200,11
hiratsuka,35202605220200,11
hiratsuka,35202605220300,11
hiratsuka,35202605220300,11
hiratsuka,35202605220300,11
hiratsuka,35202606030100,7
hiratsuka,35202606030100,7
hiratsuka,35202606030100,7
hiratsuka,35202606030200,7
hiratsuka,35202606030200,7
hiratsuka,35202606030200,7
hiratsuka,35202606030300,7
hiratsuka,35202606030300,7
hiratsuka,35202606030300,7
hiratsuka,35202606190100,12
hiratsuka,35202606190100,12
hiratsuka,35202606190100,12
hiratsuka,35202606190200,12
hiratsuka,35202606190200,12
hiratsuka,35202606190200,12
hiratsuka,35202606190300,12
hiratsuka,35202606190300,12
hiratsuka,35202606190300,12
odawara,36202301020100,7
odawara,36202301020100,7
odawara,36202301020100,7
odawara,36202301020200,6
odawara,36202301020200,6
odawara,36202301020200,6
odawara,36202301020300,6
odawara,36202301020300,6
odawara,36202301020300,6
odawara,36202301130100,7
odawara,36202301130100,7
odawara,36202301130100,7
odawara,36202301130200,7
odawara,36202301130200,7
odawara,36202301130200,7
odawara,36202301130300,7
odawara,36202301130300,7
odawara,36202301130300,7
odawara,36202301260100,7
odawara,36202301260100,7
odawara,36202301260100,7
odawara,36202301260200,7
odawara,36202301260200,7
odawara,36202301260200,7
odawara,36202301260300,7
odawara,36202301260300,7
odawara,36202301260300,7
odawara,36202302100100,7
odawara,36202302100100,7
odawara,36202302100100,7
odawara,36202302100200,7
odawara,36202302100200,7
odawara,36202302100200,7
odawara,36202302100300,7
odawara,36202302100300,7
odawara,36202302100300,7
odawara,36202302170100,7
odawara,36202302170100,7
odawara,36202302170100,7
odawara,36202302170200,7
odawara,36202302170200,7
odawara,36202302170200,7
odawara,36202302170300,7
odawara,36202302170300,7
odawara,36202302170300,7
odawara,36202303050100,12
odawara,36202303050100,12
odawara,36202303050100,12
odawara,36202303050200,12
odawara,36202303050200,12
odawara,36202303050200,12
odawara,36202303050300,12
odawara,36202303050300,12
odawara,36202303050300,12
odawara,36202303250100,12
odawara,36202303250100,12
odawara,36202303250100,12
odawara,36202303250200,12
odawara,36202303250200,12
odawara,36202303250200,12
odawara,36202303250300,12
odawara,36202303250300,12
odawara,36202303250300,12
odawara,36202303290100,7
odawara,36202303290100,7
odawara,36202303290100,7
odawara,36202303290200,7
odawara,36202303290200,7
odawara,36202303290200,7
odawara,36202303290300,7
odawara,36202303290300,7
odawara,36202303290300,7
odawara,36202304130100,12
odawara,36202304130100,12
odawara,36202304130100,12
odawara,36202304130100,12
odawara,36202304130200,12
odawara,36202304130200,12
odawara,36202304130200,12
odawara,36202304130200,12
odawara,36202304130300,12
odawara,36202304130300,12
odawara,36202304130300,12
odawara,36202304130300,12
odawara,36202304130400,12
odawara,36202304130400,12
odawara,36202304130400,12
odawara,36202304130400,12
odawara,36202305150100,12
odawara,36202305150100,12
odawara,36202305150100,12
odawara,36202305150200,12
odawara,36202305150200,12
odawara,36202305150200,12
odawara,36202305150300,12
odawara,36202305150300,12
odawara,36202305150300,12
odawara,36202306020100,7
odawara,36202306020100,7
odawara,36202306020100,7
odawara,36202306020200,7
odawara,36202306020200,7
odawara,36202306020200,7
odawara,36202306020300,7
odawara,36202306020300,7
odawara,36202306020300,7
odawara,36202307050100,7
odawara,36202307050100,7
odawara,36202307050100,7
odawara,36202307050200,7
odawara,36202307050200,7
odawara,36202307050200,7
odawara,36202307050300,7
odawara,36202307050300,7
odawara,36202307050300,7
odawara,36202307120100,11
odawara,36202307120100,11
odawara,36202307120100,11
odawara,36202307120200,12
odawara,36202307120200,12
odawara,36202307120200,12
odawara,36202307120300,12
odawara,36202307120300,12
odawara,36202307120300,12
odawara,36202307170100,7
odawara,36202307170100,7
odawara,36202307170100,7
odawara,36202307170200,7
odawara,36202307170200,7
odawara,36202307170200,7
odawara,36202307170300,7
odawara,36202307170300,7
odawara,36202307170300,7
odawara,36202307250100,7
odawara,36202307250100,7
odawara,36202307250100,7
odawara,36202307250200,7
odawara,36202307250200,7
odawara,36202307250200,7
odawara,36202307250300,7
odawara,36202307250300,7
odawara,36202307250300,7
odawara,36202307310100,12
odawara,36202307310100,12
odawara,36202307310100,12
odawara,36202307310200,12
odawara,36202307310200,12
odawara,36202307310200,12
odawara,36202307310300,12
odawara,36202307310300,12
odawara,36202307310300,12
odawara,36202308060100,7
odawara,36202308060100,7
odawara,36202308060100,7
odawara,36202308060200,7
odawara,36202308060200,7
odawara,36202308060200,7
odawara,36202308060300,7
odawara,36202308060300,7
odawara,36202308060300,7
odawara,36202308140100,7
odawara,36202308140100,7
odawara,36202308140100,7
odawara,36202308140200,7
odawara,36202308140200,7
odawara,36202308140200,7
odawara,36202308140300,7
odawara,36202308140300,7
odawara,36202308140300,7
odawara,36202309190100,12
odawara,36202309190100,12
odawara,36202309190100,12
odawara,36202309190200,12
odawara,36202309190200,12
odawara,36202309190200,12
odawara,36202309190300,12
odawara,36202309190300,12
odawara,36202309190300,12
odawara,36202310120100,12
odawara,36202310120100,12
odawara,36202310120100,12
odawara,36202310120100,12
odawara,36202310120200,12
odawara,36202310120200,12
odawara,36202310120200,12
odawara,36202310120200,12
odawara,36202310120300,12
odawara,36202310120300,12
odawara,36202310120300,12
odawara,36202310120300,12
odawara,36202310120400,12
odawara,36202310120400,12
odawara,36202310120400,12
odawara,36202310120400,12
odawara,36202401100100,12
odawara,36202401100100,12
odawara,36202401100100,12
odawara,36202401100200,12
odawara,36202401100200,12
odawara,36202401100200,12
odawara,36202401100300,12
odawara,36202401100300,12
odawara,36202401100300,12
odawara,36202401150100,7
odawara,36202401150100,7
odawara,36202401150100,7
odawara,36202401150200,7
odawara,36202401150200,7
odawara,36202401150200,7
odawara,36202401150300,7
odawara,36202401150300,7
odawara,36202401150300,7
odawara,36202401240100,7
odawara,36202401240100,7
odawara,36202401240100,7
odawara,36202401240200,7
odawara,36202401240200,7
odawara,36202401240200,7
odawara,36202401240300,7
odawara,36202401240300,7
odawara,36202401240300,7
odawara,36202402040100,7
odawara,36202402040100,7
odawara,36202402040100,7
odawara,36202402040200,7
odawara,36202402040200,7
odawara,36202402040200,7
odawara,36202402040300,7
odawara,36202402040300,7
odawara,36202402040300,7
odawara,36202402100100,7
odawara,36202402100100,7
odawara,36202402100100,7
odawara,36202402100200,6
odawara,36202402100200,6
odawara,36202402100200,6
odawara,36202402100300,6
odawara,36202402100300,6
odawara,36202402100300,6
odawara,36202402160100,7
odawara,36202402160100,7
odawara,36202402160100,7
odawara,36202402160200,7
odawara,36202402160200,7
odawara,36202402160200,7
odawara,36202402160300,7
odawara,36202402160300,7
odawara,36202402160300,7
odawara,36202402210100,12
odawara,36202402210100,12
odawara,36202402210100,12
odawara,36202402210200,12
odawara,36202402210200,12
odawara,36202402210200,12
odawara,36202402210300,12
odawara,36202402210300,12
odawara,36202402210300,12
odawara,36202402280100,7
odawara,36202402280100,7
odawara,36202402280100,7
odawara,36202402280200,7
odawara,36202402280200,7
odawara,36202402280200,7
odawara,36202402280300,7
odawara,36202402280300,7
odawara,36202402280300,7
odawara,36202403040100,7
odawara,36202403040100,7
odawara,36202403040100,7
odawara,36202403040200,7
odawara,36202403040200,7
odawara,36202403040200,7
odawara,36202403040300,7
odawara,36202403040300,7
odawara,36202403040300,7
odawara,36202403090100,7
odawara,36202403090100,7
odawara,36202403090100,7
odawara,36202403090200,7
odawara,36202403090200,7
odawara,36202403090200,7
odawara,36202403090300,7
odawara,36202403090300,7
odawara,36202403090300,7
odawara,36202404080100,12
odawara,36202404080100,12
odawara,36202404080100,12
odawara,36202404080200,12
odawara,36202404080200,12
odawara,36202404080200,12
odawara,36202404080300,12
odawara,36202404080300,12
odawara,36202404080300,12
odawara,36202404130100,12
odawara,36202404130100,12
odawara,36202404130100,12
odawara,36202404130200,12
odawara,36202404130200,12
odawara,36202404130200,12
odawara,36202404130300,12
odawara,36202404130300,12
odawara,36202404130300,12
odawara,36202404270100,7
odawara,36202404270100,7
odawara,36202404270100,7
odawara,36202404270200,7
odawara,36202404270200,7
odawara,36202404270200,7
odawara,36202404270300,7
odawara,36202404270300,7
odawara,36202404270300,7
odawara,36202405060100,7
odawara,36202405060100,7
odawara,36202405060100,7
odawara,36202405060200,7
odawara,36202405060200,7
odawara,36202405060200,7
odawara,36202405060300,7
odawara,36202405060300,7
odawara,36202405060300,7
odawara,36202405180100,12
odawara,36202405180100,12
odawara,36202405180100,12
odawara,36202405180200,12
odawara,36202405180200,12
odawara,36202405180200,12
odawara,36202405180300,12
odawara,36202405180300,12
odawara,36202405180300,12
odawara,36202405220100,12
odawara,36202405220100,12
odawara,36202405220100,12
odawara,36202405220200,12
odawara,36202405220200,12
odawara,36202405220200,12
odawara,36202405220300,12
odawara,36202405220300,12
odawara,36202405220300,12
odawara,36202405310100,7
odawara,36202405310100,7
odawara,36202405310100,7
odawara,36202405310200,7
odawara,36202405310200,7
odawara,36202405310200,7
odawara,36202405310300,7
odawara,36202405310300,7
odawara,36202405310300,7
odawara,36202406050100,7
odawara,36202406050100,7
odawara,36202406050100,7
odawara,36202406050200,7
odawara,36202406050200,7
odawara,36202406050200,7
odawara,36202406050300,7
odawara,36202406050300,7
odawara,36202406050300,7
odawara,36202406190100,7
odawara,36202406190100,7
odawara,36202406190100,7
odawara,36202406190200,7
odawara,36202406190200,7
odawara,36202406190200,7
odawara,36202406190300,7
odawara,36202406190300,7
odawara,36202406190300,7
odawara,36202406240100,12
odawara,36202406240100,12
odawara,36202406240100,12
odawara,36202406240200,11
odawara,36202406240200,11
odawara,36202406240200,11
odawara,36202406240300,10
odawara,36202406240300,10
odawara,36202406240300,10
odawara,36202407080100,12
odawara,36202407080100,12
odawara,36202407080100,12
odawara,36202407080200,12
odawara,36202407080200,12
odawara,36202407080200,12
odawara,36202407080300,12
odawara,36202407080300,12
odawara,36202407080300,12
odawara,36202407220100,7
odawara,36202407220100,7
odawara,36202407220100,7
odawara,36202407220200,7
odawara,36202407220200,7
odawara,36202407220200,7
odawara,36202407220300,7
odawara,36202407220300,7
odawara,36202407220300,7
odawara,36202407270100,7
odawara,36202407270100,7
odawara,36202407270100,7
odawara,36202407270200,7
odawara,36202407270200,7
odawara,36202407270200,7
odawara,36202407270300,7
odawara,36202407270300,7
odawara,36202407270300,7
odawara,36202408060100,12
odawara,36202408060100,12
odawara,36202408060100,12
odawara,36202408060200,12
odawara,36202408060200,12
odawara,36202408060200,12
odawara,36202408060300,12
odawara,36202408060300,12
odawara,36202408060300,12
odawara,36202408240100,12
odawara,36202408240100,12
odawara,36202408240100,12
odawara,36202408240100,12
odawara,36202408240200,12
odawara,36202408240200,12
odawara,36202408240200,12
odawara,36202408240200,12
odawara,36202408240300,12
odawara,36202408240300,12
odawara,36202408240300,12
odawara,36202408240300,12
odawara,36202408240400,12
odawara,36202408240400,12
odawara,36202408240400,12
odawara,36202408240400,12
odawara,36202409080100,7
odawara,36202409080100,7
odawara,36202409080100,7
odawara,36202409080200,7
odawara,36202409080200,7
odawara,36202409080200,7
odawara,36202409080300,7
odawara,36202409080300,7
odawara,36202409080300,7
odawara,36202409210100,12
odawara,36202409210100,12
odawara,36202409210100,12
odawara,36202409210200,12
odawara,36202409210200,12
odawara,36202409210200,12
odawara,36202409210300,12
odawara,36202409210300,12
odawara,36202409210300,12
odawara,36202409300100,7
odawara,36202409300100,7
odawara,36202409300100,7
odawara,36202409300200,7
odawara,36202409300200,7
odawara,36202409300200,7
odawara,36202409300300,7
odawara,36202409300300,7
odawara,36202409300300,7
odawara,36202410070100,7
odawara,36202410070100,7
odawara,36202410070100,7
odawara,36202410070200,7
odawara,36202410070200,7
odawara,36202410070200,7
odawara,36202410070300,7
odawara,36202410070300,7
odawara,36202410070300,7
odawara,36202509300100,7
odawara,36202509300100,7
odawara,36202509300100,7
odawara,36202509300200,7
odawara,36202509300200,7
odawara,36202509300200,7
odawara,36202509300300,7
odawara,36202509300300,7
odawara,36202509300300,7
odawara,36202510050100,7
odawara,36202510050100,7
odawara,36202510050100,7
odawara,36202510050200,7
odawara,36202510050200,7
odawara,36202510050200,7
odawara,36202510050300,7
odawara,36202510050300,7
odawara,36202510050300,7
odawara,36202510180100,12
odawara,36202510180100,12
odawara,36202510180100,12
odawara,36202510180200,12
odawara,36202510180200,12
odawara,36202510180200,12
odawara,36202510180300,12
odawara,36202510180300,12
odawara,36202510180300,12
odawara,36202510300100,7
odawara,36202510300100,7
odawara,36202510300100,7
odawara,36202510300200,7
odawara,36202510300200,7
odawara,36202510300200,7
odawara,36202510300300,7
odawara,36202510300300,7
odawara,36202510300300,7
odawara,36202511060100,12
odawara,36202511060100,12
odawara,36202511060100,12
odawara,36202511060100,12
odawara,36202511060200,12
odawara,36202511060200,12
odawara,36202511060200,12
odawara,36202511060200,12
odawara,36202511060300,12
odawara,36202511060300,12
odawara,36202511060300,12
odawara,36202511060300,12
odawara,36202511060400,12
odawara,36202511060400,12
odawara,36202511060400,12
odawara,36202511060400,12
odawara,36202511130100,12
odawara,36202511130100,12
odawara,36202511130100,12
odawara,36202511130100,12
odawara,36202511130200,12
odawara,36202511130200,12
odawara,36202511130200,12
odawara,36202511130200,12
odawara,36202511130300,12
odawara,36202511130300,12
odawara,36202511130300,12
odawara,36202511130300,12
odawara,36202511130400,12
odawara,36202511130400,12
odawara,36202511130400,12
odawara,36202511130400,12
odawara,36202511190100,7
odawara,36202511190100,7
odawara,36202511190100,7
odawara,36202511190200,7
odawara,36202511190200,7
odawara,36202511190200,7
odawara,36202511190300,7
odawara,36202511190300,7
odawara,36202511190300,7
odawara,36202511250100,7
odawara,36202511250100,7
odawara,36202511250100,7
odawara,36202511250200,7
odawara,36202511250200,7
odawara,36202511250200,7
odawara,36202511250300,7
odawara,36202511250300,7
odawara,36202511250300,7
odawara,36202512070100,7
odawara,36202512070100,7
odawara,36202512070100,7
odawara,36202512070200,7
odawara,36202512070200,7
odawara,36202512070200,7
odawara,36202512070300,7
odawara,36202512070300,7
odawara,36202512070300,7
odawara,36202512190100,7
odawara,36202512190100,7
odawara,36202512190100,7
odawara,36202512190200,7
odawara,36202512190200,7
odawara,36202512190200,7
odawara,36202512190300,7
odawara,36202512190300,7
odawara,36202512190300,7
odawara,36202512240100,12
odawara,36202512240100,12
odawara,36202512240100,12
odawara,36202512240200,12
odawara,36202512240200,12
odawara,36202512240200,12
odawara,36202512240300,12
odawara,36202512240300,12
odawara,36202512240300,12
odawara,36202601030100,7
odawara,36202601030100,7
odawara,36202601030100,7
odawara,36202601030200,7
odawara,36202601030200,7
odawara,36202601030200,7
odawara,36202601030300,7
odawara,36202601030300,7
odawara,36202601030300,7
odawara,36202601250100,12
odawara,36202601250100,12
odawara,36202601250100,12
odawara,36202601250200,12
odawara,36202601250200,12
odawara,36202601250200,12
odawara,36202601250300,12
odawara,36202601250300,12
odawara,36202601250300,12
odawara,36202601300100,7
odawara,36202601300100,7
odawara,36202601300100,7
odawara,36202601300200,7
odawara,36202601300200,7
odawara,36202601300200,7
odawara,36202601300300,7
odawara,36202601300300,7
odawara,36202601300300,7
odawara,36202602160100,7
odawara,36202602160100,7
odawara,36202602160100,7
odawara,36202602160200,7
odawara,36202602160200,7
odawara,36202602160200,7
odawara,36202602160300,7
odawara,36202602160300,7
odawara,36202602160300,7
odawara,36202602250100,12
odawara,36202602250100,12
odawara,36202602250100,12
odawara,36202602250200,12
odawara,36202602250200,12
odawara,36202602250200,12
odawara,36202602250300,12
odawara,36202602250300,12
odawara,36202602250300,12
odawara,36202603030100,7
odawara,36202603030100,7
odawara,36202603030100,7
odawara,36202603030200,7
odawara,36202603030200,7
odawara,36202603030200,7
odawara,36202603030300,7
odawara,36202603030300,7
odawara,36202603030300,7
odawara,36202603080100,12
odawara,36202603080100,12
odawara,36202603080100,12
odawara,36202603080200,12
odawara,36202603080200,12
odawara,36202603080200,12
odawara,36202603080300,12
odawara,36202603080300,12
odawara,36202603080300,12
odawara,36202603160100,12
odawara,36202603160100,12
odawara,36202603160100,12
odawara,36202603160200,12
odawara,36202603160200,12
odawara,36202603160200,12
odawara,36202603160300,12
odawara,36202603160300,12
odawara,36202603160300,12
odawara,36202603260100,11
odawara,36202603260100,11
odawara,36202603260100,11
odawara,36202603260200,11
odawara,36202603260200,11
odawara,36202603260200,11
odawara,36202603260300,10
odawara,36202603260300,10
odawara,36202603260300,10
odawara,36202604010100,7
odawara,36202604010100,7
odawara,36202604010100,7
odawara,36202604010200,7
odawara,36202604010200,7
odawara,36202604010200,7
odawara,36202604010300,7
odawara,36202604010300,7
odawara,36202604010300,7
odawara,36202604090100,11
odawara,36202604090100,11
odawara,36202604090100,11
odawara,36202604090200,11
odawara,36202604090200,11
odawara,36202604090200,11
odawara,36202604090300,11
odawara,36202604090300,11
odawara,36202604090300,11
odawara,36202605100100,7
odawara,36202605100100,7
odawara,36202605100100,7
odawara,36202605100200,7
odawara,36202605100200,7
odawara,36202605100200,7
odawara,36202605100300,7
odawara,36202605100300,7
odawara,36202605100300,7
odawara,36202605150100,12
odawara,36202605150100,12
odawara,36202605150100,12
odawara,36202605150200,12
odawara,36202605150200,12
odawara,36202605150200,12
odawara,36202605150300,12
odawara,36202605150300,12
odawara,36202605150300,12
odawara,36202605310100,7
odawara,36202605310100,7
odawara,36202605310100,7
odawara,36202605310200,7
odawara,36202605310200,7
odawara,36202605310200,7
odawara,36202605310300,7
odawara,36202605310300,7
odawara,36202605310300,7
odawara,36202606140100,7
odawara,36202606140100,7
odawara,36202606140100,7
odawara,36202606140200,7
odawara,36202606140200,7
odawara,36202606140200,7
odawara,36202606140300,7
odawara,36202606140300,7
odawara,36202606140300,7
odawara,36202606220100,12
odawara,36202606220100,12
odawara,36202606220100,12
odawara,36202606220200,12
odawara,36202606220200,12
odawara,36202606220200,12
odawara,36202606220300,12
odawara,36202606220300,12
odawara,36202606220300,12
ito,37202301080100,9
ito,37202301080100,9
ito,37202301080100,9
ito,37202301080200,9
ito,37202301080200,9
ito,37202301080200,9
ito,37202301080300,9
ito,37202301080300,9
ito,37202301080300,9
ito,37202301140100,12
ito,37202301140100,12
ito,37202301140100,12
ito,37202301140200,12
ito,37202301140200,12
ito,37202301140200,12
ito,37202301140300,12
ito,37202301140300,12
ito,37202301140300,12
ito,37202301220100,12
ito,37202301220100,12
ito,37202301220100,12
ito,37202301220200,12
ito,37202301220200,12
ito,37202301220200,12
ito,37202301220300,12
ito,37202301220300,12
ito,37202301220300,12
ito,37202301290100,9
ito,37202301290100,9
ito,37202301290100,9
ito,37202301290200,9
ito,37202301290200,9
ito,37202301290200,9
ito,37202301290300,9
ito,37202301290300,9
ito,37202301290300,9
ito,37202302160100,12
ito,37202302160100,12
ito,37202302160100,12
ito,37202302160100,12
ito,37202302160200,12
ito,37202302160200,12
ito,37202302160200,12
ito,37202302160200,12
ito,37202302160300,12
ito,37202302160300,12
ito,37202302160300,12
ito,37202302160300,12
ito,37202302160400,12
ito,37202302160400,12
ito,37202302160400,12
ito,37202302160400,12
ito,37202302210100,9
ito,37202302210100,9
ito,37202302210100,9
ito,37202302210200,9
ito,37202302210200,9
ito,37202302210200,9
ito,37202302210300,9
ito,37202302210300,9
ito,37202302210300,9
ito,37202302270100,12
ito,37202302270100,12
ito,37202302270100,12
ito,37202302270200,12
ito,37202302270200,12
ito,37202302270200,12
ito,37202302270300,12
ito,37202302270300,12
ito,37202302270300,12
ito,37202303170100,9
ito,37202303170100,9
ito,37202303170100,9
ito,37202303170200,9
ito,37202303170200,9
ito,37202303170200,9
ito,37202303170300,9
ito,37202303170300,9
ito,37202303170300,9
ito,37202303290100,12
ito,37202303290100,12
ito,37202303290100,12
ito,37202303290200,12
ito,37202303290200,12
ito,37202303290200,12
ito,37202303290300,12
ito,37202303290300,12
ito,37202303290300,12
ito,37202304040100,9
ito,37202304040100,9
ito,37202304040100,9
ito,37202304040200,9
ito,37202304040200,9
ito,37202304040200,9
ito,37202304040300,9
ito,37202304040300,9
ito,37202304040300,9
ito,37202304180100,12
ito,37202304180100,12
ito,37202304180100,12
ito,37202304180200,12
ito,37202304180200,12
ito,37202304180200,12
ito,37202304180300,12
ito,37202304180300,12
ito,37202304180300,12
ito,37202304250100,7
ito,37202304250100,7
ito,37202304250100,7
ito,37202304250200,7
ito,37202304250200,7
ito,37202304250200,7
ito,37202304250300,7
ito,37202304250300,7
ito,37202304250300,7
ito,37202305080100,7
ito,37202305080100,7
ito,37202305080100,7
ito,37202305080200,7
ito,37202305080200,7
ito,37202305080200,7
ito,37202305080300,7
ito,37202305080300,7
ito,37202305080300,7
ito,37202305290100,12
ito,37202305290100,12
ito,37202305290100,12
ito,37202305290200,12
ito,37202305290200,12
ito,37202305290200,12
ito,37202305290300,12
ito,37202305290300,12
ito,37202305290300,12
ito,37202306050100,12
ito,37202306050100,12
ito,37202306050100,12
ito,37202306050200,12
ito,37202306050200,12
ito,37202306050200,12
ito,37202306050300,12
ito,37202306050300,12
ito,37202306050300,12
ito,37202306210100,12
ito,37202306210100,12
ito,37202306210100,12
ito,37202306210200,12
ito,37202306210200,12
ito,37202306210200,12
ito,37202306210300,12
ito,37202306210300,12
ito,37202306210300,12
ito,37202306300100,7
ito,37202306300100,7
ito,37202306300100,7
ito,37202306300200,7
ito,37202306300200,7
ito,37202306300200,7
ito,37202306300300,7
ito,37202306300300,7
ito,37202306300300,7
ito,37202307180100,12
ito,37202307180100,12
ito,37202307180100,12
ito,37202307180200,12
ito,37202307180200,12
ito,37202307180200,12
ito,37202307180300,12
ito,37202307180300,12
ito,37202307180300,12
ito,37202307250100,9
ito,37202307250100,9
ito,37202307250100,9
ito,37202307250200,9
ito,37202307250200,9
ito,37202307250200,9
ito,37202307250300,9
ito,37202307250300,9
ito,37202307250300,9
ito,37202308180100,9
ito,37202308180100,9
ito,37202308180100,9
ito,37202308180200,9
ito,37202308180200,9
ito,37202308180200,9
ito,37202308180300,9
ito,37202308180300,9
ito,37202308180300,9
ito,37202308300100,12
ito,37202308300100,12
ito,37202308300100,12
ito,37202308300200,12
ito,37202308300200,12
ito,37202308300200,12
ito,37202308300300,12
ito,37202308300300,12
ito,37202308300300,12
ito,37202309050100,9
ito,37202309050100,9
ito,37202309050100,9
ito,37202309050200,9
ito,37202309050200,9
ito,37202309050200,9
ito,37202309050300,9
ito,37202309050300,9
ito,37202309050300,9
ito,37202309170100,9
ito,37202309170100,9
ito,37202309170100,9
ito,37202309170200,9
ito,37202309170200,9
ito,37202309170200,9
ito,37202309170300,9
ito,37202309170300,9
ito,37202309170300,9
ito,37202310300100,12
ito,37202310300100,12
ito,37202310300100,12
ito,37202310300200,12
ito,37202310300200,12
ito,37202310300200,12
ito,37202310300300,12
ito,37202310300300,12
ito,37202310300300,12
ito,37202311200100,9
ito,37202311200100,9
ito,37202311200100,9
ito,37202311200200,9
ito,37202311200200,9
ito,37202311200200,9
ito,37202311200300,9
ito,37202311200300,9
ito,37202311200300,9
ito,37202312020100,12
ito,37202312020100,12
ito,37202312020100,12
ito,37202312020100,12
ito,37202312020200,12
ito,37202312020200,12
ito,37202312020200,12
ito,37202312020200,12
ito,37202312020300,12
ito,37202312020300,12
ito,37202312020300,12
ito,37202312020300,12
ito,37202312020400,12
ito,37202312020400,12
ito,37202312020400,12
ito,37202312020400,12
ito,37202312110100,9
ito,37202312110100,9
ito,37202312110100,9
ito,37202312110200,9
ito,37202312110200,9
ito,37202312110200,9
ito,37202312110300,9
ito,37202312110300,9
ito,37202312110300,9
ito,37202401060100,12
ito,37202401060100,12
ito,37202401060100,12
ito,37202401060200,12
ito,37202401060200,12
ito,37202401060200,12
ito,37202401060300,12
ito,37202401060300,12
ito,37202401060300,12
ito,37202402130100,12
ito,37202402130100,12
ito,37202402130100,12
ito,37202402130200,12
ito,37202402130200,12
ito,37202402130200,12
ito,37202402130300,12
ito,37202402130300,12
ito,37202402130300,12
ito,37202402220100,9
ito,37202402220100,9
ito,37202402220100,9
ito,37202402220200,9
ito,37202402220200,9
ito,37202402220200,9
ito,37202402220300,9
ito,37202402220300,9
ito,37202402220300,9
ito,37202403140100,12
ito,37202403140100,12
ito,37202403140100,12
ito,37202403140100,12
ito,37202403140200,12
ito,37202403140200,12
ito,37202403140200,12
ito,37202403140200,12
ito,37202403140300,12
ito,37202403140300,12
ito,37202403140300,12
ito,37202403140300,12
ito,37202403140400,12
ito,37202403140400,12
ito,37202403140400,12
ito,37202403140400,12
ito,37202403290100,9
ito,37202403290100,9
ito,37202403290100,9
ito,37202403290200,9
ito,37202403290200,9
ito,37202403290200,9
ito,37202403290300,9
ito,37202403290300,9
ito,37202403290300,9
ito,37202404190100,9
ito,37202404190100,9
ito,37202404190100,9
ito,37202404190200,9
ito,37202404190200,9
ito,37202404190200,9
ito,37202404190300,9
ito,37202404190300,9
ito,37202404190300,9
ito,37202404260100,12
ito,37202404260100,12
ito,37202404260100,12
ito,37202404260200,12
ito,37202404260200,12
ito,37202404260200,12
ito,37202404260300,12
ito,37202404260300,12
ito,37202404260300,12
ito,37202405230100,7
ito,37202405230100,7
ito,37202405230100,7
ito,37202405230200,7
ito,37202405230200,7
ito,37202405230200,7
ito,37202405230300,7
ito,37202405230300,7
ito,37202405230300,7
ito,37202405300100,12
ito,37202405300100,12
ito,37202405300100,12
ito,37202405300200,12
ito,37202405300200,12
ito,37202405300200,12
ito,37202405300300,12
ito,37202405300300,12
ito,37202405300300,12
ito,37202406170100,12
ito,37202406170100,12
ito,37202406170100,12
ito,37202406170200,12
ito,37202406170200,12
ito,37202406170200,12
ito,37202406170300,12
ito,37202406170300,12
ito,37202406170300,12
ito,37202406220100,9
ito,37202406220100,9
ito,37202406220100,9
ito,37202406220200,9
ito,37202406220200,9
ito,37202406220200,9
ito,37202406220300,9
ito,37202406220300,9
ito,37202406220300,9
ito,37202407010100,7
ito,37202407010100,7
ito,37202407010100,7
ito,37202407010200,7
ito,37202407010200,7
ito,37202407010200,7
ito,37202407010300,7
ito,37202407010300,7
ito,37202407010300,7
ito,37202407150100,12
ito,37202407150100,12
ito,37202407150100,12
ito,37202407150200,12
ito,37202407150200,12
ito,37202407150200,12
ito,37202407150300,12
ito,37202407150300,12
ito,37202407150300,12
ito,37202407220100,9
ito,37202407220100,9
ito,37202407220100,9
ito,37202407220200,9
ito,37202407220200,9
ito,37202407220200,9
ito,37202407220300,9
ito,37202407220300,9
ito,37202407220300,9
ito,37202408300100,12
ito,37202408300100,12
ito,37202408300100,12
ito,37202408300200,12
ito,37202408300200,12
ito,37202408300200,12
ito,37202408300300,12
ito,37202408300300,12
ito,37202408300300,12
ito,37202409080100,12
ito,37202409080100,12
ito,37202409080100,12
ito,37202409080200,12
ito,37202409080200,12
ito,37202409080200,12
ito,37202409080300,12
ito,37202409080300,12
ito,37202409080300,12
ito,37202409150100,7
ito,37202409150100,7
ito,37202409150100,7
ito,37202409150200,7
ito,37202409150200,7
ito,37202409150200,7
ito,37202409150300,7
ito,37202409150300,7
ito,37202409150300,7
ito,37202410270100,9
ito,37202410270100,9
ito,37202410270100,9
ito,37202410270200,9
ito,37202410270200,9
ito,37202410270200,9
ito,37202410270300,9
ito,37202410270300,9
ito,37202410270300,9
ito,37202411020100,7
ito,37202411020100,7
ito,37202411020100,7
ito,37202411020200,7
ito,37202411020200,7
ito,37202411020200,7
ito,37202411020300,7
ito,37202411020300,7
ito,37202411020300,7
ito,37202411220100,10
ito,37202411220100,10
ito,37202411220100,10
ito,37202411220200,10
ito,37202411220200,10
ito,37202411220200,10
ito,37202411220300,10
ito,37202411220300,10
ito,37202411220300,10
ito,37202411300100,7
ito,37202411300100,7
ito,37202411300100,7
ito,37202411300200,7
ito,37202411300200,7
ito,37202411300200,7
ito,37202411300300,7
ito,37202411300300,7
ito,37202411300300,7
ito,37202412070100,12
ito,37202412070100,12
ito,37202412070100,12
ito,37202412070200,12
ito,37202412070200,12
ito,37202412070200,12
ito,37202412070300,12
ito,37202412070300,12
ito,37202412070300,12
ito,37202412170100,7
ito,37202412170100,7
ito,37202412170100,7
ito,37202412170200,7
ito,37202412170200,7
ito,37202412170200,7
ito,37202412170300,7
ito,37202412170300,7
ito,37202412170300,7
ito,37202501010100,12
ito,37202501010100,12
ito,37202501010100,12
ito,37202501010200,12
ito,37202501010200,12
ito,37202501010200,12
ito,37202501010300,12
ito,37202501010300,12
ito,37202501010300,12
ito,37202502220100,12
ito,37202502220100,12
ito,37202502220100,12
ito,37202502220200,12
ito,37202502220200,12
ito,37202502220200,12
ito,37202502220300,12
ito,37202502220300,12
ito,37202502220300,12
ito,37202503100100,12
ito,37202503100100,12
ito,37202503100100,12
ito,37202503100200,12
ito,37202503100200,12
ito,37202503100200,12
ito,37202503100300,12
ito,37202503100300,12
ito,37202503100300,12
ito,37202503200100,12
ito,37202503200100,12
ito,37202503200100,12
ito,37202503200100,12
ito,37202503200200,12
ito,37202503200200,12
ito,37202503200200,12
ito,37202503200200,12
ito,37202503200300,12
ito,37202503200300,12
ito,37202503200300,12
ito,37202503200300,12
ito,37202503200400,12
ito,37202503200400,12
ito,37202503200400,12
ito,37202503200400,12
ito,37202504010100,7
ito,37202504010100,7
ito,37202504010100,7
ito,37202504010200,7
ito,37202504010200,7
ito,37202504010200,7
ito,37202504010300,7
ito,37202504010300,7
ito,37202504010300,7
ito,37202504050100,12
ito,37202504050100,12
ito,37202504050100,12
ito,37202504050200,12
ito,37202504050200,12
ito,37202504050200,12
ito,37202504050300,12
ito,37202504050300,12
ito,37202504050300,12
ito,37202504190100,9
ito,37202504190100,9
ito,37202504190100,9
ito,37202504190200,9
ito,37202504190200,9
ito,37202504190200,9
ito,37202504190300,9
ito,37202504190300,9
ito,37202504190300,9
ito,37202505040100,7
ito,37202505040100,7
ito,37202505040100,7
ito,37202505040200,6
ito,37202505040200,6
ito,37202505040200,6
ito,37202505040300,6
ito,37202505040300,6
ito,37202505040300,6
ito,37202505170100,9
ito,37202505170100,9
ito,37202505170100,9
ito,37202505170200,9
ito,37202505170200,9
ito,37202505170200,9
ito,37202505170300,9
ito,37202505170300,9
ito,37202505170300,9
ito,37202505230100,7
ito,37202505230100,7
ito,37202505230100,7
ito,37202505230200,7
ito,37202505230200,7
ito,37202505230200,7
ito,37202505230300,7
ito,37202505230300,7
ito,37202505230300,7
ito,37202505270100,12
ito,37202505270100,12
ito,37202505270100,12
ito,37202505270200,12
ito,37202505270200,12
ito,37202505270200,12
ito,37202505270300,12
ito,37202505270300,12
ito,37202505270300,12
ito,37202506080100,7
ito,37202506080100,7
ito,37202506080100,7
ito,37202506080200,7
ito,37202506080200,7
ito,37202506080200,7
ito,37202506080300,7
ito,37202506080300,7
ito,37202506080300,7
ito,37202506130100,9
ito,37202506130100,9
ito,37202506130100,9
ito,37202506130200,9
ito,37202506130200,9
ito,37202506130200,9
ito,37202506130300,9
ito,37202506130300,9
ito,37202506130300,9
ito,37202506190100,7
ito,37202506190100,7
ito,37202506190100,7
ito,37202506190200,7
ito,37202506190200,7
ito,37202506190200,7
ito,37202506190300,7
ito,37202506190300,7
ito,37202506190300,7
ito,37202511100100,11
ito,37202511100100,11
ito,37202511100100,11
ito,37202511100200,11
ito,37202511100200,11
ito,37202511100200,11
ito,37202511100300,11
ito,37202511100300,11
ito,37202511100300,11
ito,37202511290100,12
ito,37202511290100,12
ito,37202511290100,12
ito,37202511290200,12
ito,37202511290200,12
ito,37202511290200,12
ito,37202511290300,12
ito,37202511290300,12
ito,37202511290300,12
ito,37202512060100,9
ito,37202512060100,9
ito,37202512060100,9
ito,37202512060200,9
ito,37202512060200,9
ito,37202512060200,9
ito,37202512060300,9
ito,37202512060300,9
ito,37202512060300,9
ito,37202512110100,12
ito,37202512110100,12
ito,37202512110100,12
ito,37202512110100,12
ito,37202512110200,12
ito,37202512110200,12
ito,37202512110200,12
ito,37202512110200,12
ito,37202512110300,12
ito,37202512110300,12
ito,37202512110300,12
ito,37202512110300,12
ito,37202512110400,12
ito,37202512110400,12
ito,37202512110400,12
ito,37202512110400,12
ito,37202512170100,12
ito,37202512170100,12
ito,37202512170100,12
ito,37202512170200,12
ito,37202512170200,12
ito,37202512170200,12
ito,37202512170300,12
ito,37202512170300,12
ito,37202512170300,12
ito,37202601050100,7
ito,37202601050100,7
ito,37202601050100,7
ito,37202601050200,7
ito,37202601050200,7
ito,37202601050200,7
ito,37202601050300,7
ito,37202601050300,7
ito,37202601050300,7
ito,37202601160100,11
ito,37202601160100,11
ito,37202601160100,11
ito,37202601160200,11
ito,37202601160200,11
ito,37202601160200,11
ito,37202601160300,11
ito,37202601160300,11
ito,37202601160300,11
ito,37202601250100,11
ito,37202601250100,11
ito,37202601250100,11
ito,37202601250200,11
ito,37202601250200,11
ito,37202601250200,11
ito,37202601250300,11
ito,37202601250300,11
ito,37202601250300,11
ito,37202602010100,7
ito,37202602010100,7
ito,37202602010100,7
ito,37202602010200,7
ito,37202602010200,7
ito,37202602010200,7
ito,37202602010300,7
ito,37202602010300,7
ito,37202602010300,7
ito,37202602070100,9
ito,37202602070100,9
ito,37202602070100,9
ito,37202602070200,12
ito,37202602070200,12
ito,37202602070200,12
ito,37202602070201,12
ito,37202602070201,12
ito,37202602070201,12
ito,37202602200100,12
ito,37202602200100,12
ito,37202602200100,12
ito,37202602200200,12
ito,37202602200200,12
ito,37202602200200,12
ito,37202602200300,12
ito,37202602200300,12
ito,37202602200300,12
ito,37202603040100,12
ito,37202603040100,12
ito,37202603040100,12
ito,37202603040200,12
ito,37202603040200,12
ito,37202603040200,12
ito,37202603040300,12
ito,37202603040300,12
ito,37202603040300,12
ito,37202603290100,12
ito,37202603290100,12
ito,37202603290100,12
ito,37202603290200,12
ito,37202603290200,12
ito,37202603290200,12
ito,37202603290300,11
ito,37202603290300,11
ito,37202603290300,11
ito,37202604020100,12
ito,37202604020100,12
ito,37202604020100,12
ito,37202604020100,12
ito,37202604020200,12
ito,37202604020200,12
ito,37202604020200,12
ito,37202604020200,12
ito,37202604020300,12
ito,37202604020300,12
ito,37202604020300,12
ito,37202604020300,12
ito,37202604020400,12
ito,37202604020400,12
ito,37202604020400,12
ito,37202604020400,12
ito,37202604130100,11
ito,37202604130100,11
ito,37202604130100,11
ito,37202604130200,11
ito,37202604130200,11
ito,37202604130200,11
ito,37202604130300,11
ito,37202604130300,11
ito,37202604130300,11
ito,37202604180100,12
ito,37202604180100,12
ito,37202604180100,12
ito,37202604180200,12
ito,37202604180200,12
ito,37202604180200,12
ito,37202604180300,12
ito,37202604180300,12
ito,37202604180300,12
ito,37202604280100,9
ito,37202604280100,9
ito,37202604280100,9
ito,37202604280200,9
ito,37202604280200,9
ito,37202604280200,9
ito,37202604280300,9
ito,37202604280300,9
ito,37202604280300,9
ito,37202605110100,12
ito,37202605110100,12
ito,37202605110100,12
ito,37202605110200,12
ito,37202605110200,12
ito,37202605110200,12
ito,37202605110300,12
ito,37202605110300,12
ito,37202605110300,12
ito,37202605190100,9
ito,37202605190100,9
ito,37202605190100,9
ito,37202605190200,9
ito,37202605190200,9
ito,37202605190200,9
ito,37202605190300,9
ito,37202605190300,9
ito,37202605190300,9
ito,37202605280100,12
ito,37202605280100,12
ito,37202605280100,12
ito,37202605280200,12
ito,37202605280200,12
ito,37202605280200,12
ito,37202605280300,12
ito,37202605280300,12
ito,37202605280300,12
ito,37202606070100,12
ito,37202606070100,12
ito,37202606070100,12
ito,37202606070200,10
ito,37202606070200,10
ito,37202606070200,10
ito,37202606070300,10
ito,37202606070300,10
ito,37202606070300,10
ito,37202606130100,12
ito,37202606130100,12
ito,37202606130100,12
ito,37202606130200,12
ito,37202606130200,12
ito,37202606130200,12
ito,37202606130300,12
ito,37202606130300,12
ito,37202606130300,12
ito,37202606230100,7
ito,37202606230100,7
ito,37202606230100,7
ito,37202606230200,7
ito,37202606230200,7
ito,37202606230200,7
ito,37202606230300,7
ito,37202606230300,7
ito,37202606230300,7
shizuoka,38202301030100,12
shizuoka,38202301030100,12
shizuoka,38202301030100,12
shizuoka,38202301030200,12
shizuoka,38202301030200,12
shizuoka,38202301030200,12
shizuoka,38202301030300,12
shizuoka,38202301030300,12
shizuoka,38202301030300,12
shizuoka,38202302090100,12
shizuoka,38202302090100,12
shizuoka,38202302090100,12
shizuoka,38202302090100,12
shizuoka,38202302090200,12
shizuoka,38202302090200,12
shizuoka,38202302090200,12
shizuoka,38202302090200,12
shizuoka,38202302090300,12
shizuoka,38202302090300,12
shizuoka,38202302090300,12
shizuoka,38202302090300,12
shizuoka,38202302090400,12
shizuoka,38202302090400,12
shizuoka,38202302090400,12
shizuoka,38202302090400,12
shizuoka,38202303130100,12
shizuoka,38202303130100,12
shizuoka,38202303130100,12
shizuoka,38202303130200,12
shizuoka,38202303130200,12
shizuoka,38202303130200,12
shizuoka,38202303130300,12
shizuoka,38202303130300,12
shizuoka,38202303130300,12
shizuoka,38202303200100,12
shizuoka,38202303200100,12
shizuoka,38202303200100,12
shizuoka,38202303200200,12
shizuoka,38202303200200,12
shizuoka,38202303200200,12
shizuoka,38202303200300,12
shizuoka,38202303200300,12
shizuoka,38202303200300,12
shizuoka,38202304290100,12
shizuoka,38202304290100,12
shizuoka,38202304290100,12
shizuoka,38202304290200,12
shizuoka,38202304290200,12
shizuoka,38202304290200,12
shizuoka,38202304290300,12
shizuoka,38202304290300,12
shizuoka,38202304290300,12
shizuoka,38202305120100,12
shizuoka,38202305120100,12
shizuoka,38202305120100,12
shizuoka,38202305120200,12
shizuoka,38202305120200,12
shizuoka,38202305120200,12
shizuoka,38202305120300,12
shizuoka,38202305120300,12
shizuoka,38202305120300,12
shizuoka,38202305230100,7
shizuoka,38202305230100,7
shizuoka,38202305230100,7
shizuoka,38202305230200,7
shizuoka,38202305230200,7
shizuoka,38202305230200,7
shizuoka,38202305230300,7
shizuoka,38202305230300,7
shizuoka,38202305230300,7
shizuoka,38202306090100,12
shizuoka,38202306090100,12
shizuoka,38202306090100,12
shizuoka,38202306090200,12
shizuoka,38202306090200,12
shizuoka,38202306090200,12
shizuoka,38202306090300,12
shizuoka,38202306090300,12
shizuoka,38202306090300,12
shizuoka,38202306160100,9
shizuoka,38202306160100,9
shizuoka,38202306160100,9
shizuoka,38202306160200,9
shizuoka,38202306160200,9
shizuoka,38202306160200,9
shizuoka,38202306160300,9
shizuoka,38202306160300,9
shizuoka,38202306160300,9
shizuoka,38202307070100,12
shizuoka,38202307070100,12
shizuoka,38202307070100,12
shizuoka,38202307070200,12
shizuoka,38202307070200,12
shizuoka,38202307070200,12
shizuoka,38202307070300,12
shizuoka,38202307070300,12
shizuoka,38202307070300,12
shizuoka,38202307140100,12
shizuoka,38202307140100,12
shizuoka,38202307140100,12
shizuoka,38202307140200,12
shizuoka,38202307140200,12
shizuoka,38202307140200,12
shizuoka,38202307140300,12
shizuoka,38202307140300,12
shizuoka,38202307140300,12
shizuoka,38202308120100,12
shizuoka,38202308120100,12
shizuoka,38202308120100,12
shizuoka,38202308120200,12
shizuoka,38202308120200,12
shizuoka,38202308120200,12
shizuoka,38202308120300,12
shizuoka,38202308120300,12
shizuoka,38202308120300,12
shizuoka,38202308250100,12
shizuoka,38202308250100,12
shizuoka,38202308250100,12
shizuoka,38202308250200,12
shizuoka,38202308250200,12
shizuoka,38202308250200,12
shizuoka,38202308250300,12
shizuoka,38202308250300,12
shizuoka,38202308250300,12
shizuoka,38202309100100,12
shizuoka,38202309100100,12
shizuoka,38202309100100,12
shizuoka,38202309100200,12
shizuoka,38202309100200,12
shizuoka,38202309100200,12
shizuoka,38202309100300,12
shizuoka,38202309100300,12
shizuoka,38202309100300,12
shizuoka,38202309220100,12
shizuoka,38202309220100,12
shizuoka,38202309220100,12
shizuoka,38202309220200,12
shizuoka,38202309220200,12
shizuoka,38202309220200,12
shizuoka,38202309220300,12
shizuoka,38202309220300,12
shizuoka,38202309220300,12
shizuoka,38202310050100,9
shizuoka,38202310050100,9
shizuoka,38202310050100,9
shizuoka,38202310050200,9
shizuoka,38202310050200,9
shizuoka,38202310050200,9
shizuoka,38202310050300,9
shizuoka,38202310050300,9
shizuoka,38202310050300,9
shizuoka,38202310200100,12
shizuoka,38202310200100,12
shizuoka,38202310200100,12
shizuoka,38202310200200,12
shizuoka,38202310200200,12
shizuoka,38202310200200,12
shizuoka,38202310200300,12
shizuoka,38202310200300,12
shizuoka,38202310200300,12
shizuoka,38202311030100,12
shizuoka,38202311030100,12
shizuoka,38202311030100,12
shizuoka,38202311030200,12
shizuoka,38202311030200,12
shizuoka,38202311030200,12
shizuoka,38202311030300,12
shizuoka,38202311030300,12
shizuoka,38202311030300,12
shizuoka,38202311140100,12
shizuoka,38202311140100,12
shizuoka,38202311140100,12
shizuoka,38202311140200,12
shizuoka,38202311140200,12
shizuoka,38202311140200,12
shizuoka,38202311140300,12
shizuoka,38202311140300,12
shizuoka,38202311140300,12
shizuoka,38202312180100,12
shizuoka,38202312180100,12
shizuoka,38202312180100,12
shizuoka,38202312180200,12
shizuoka,38202312180200,12
shizuoka,38202312180200,12
shizuoka,38202312180300,12
shizuoka,38202312180300,12
shizuoka,38202312180300,12
shizuoka,38202401120100,12
shizuoka,38202401120100,12
shizuoka,38202401120100,12
shizuoka,38202401120200,12
shizuoka,38202401120200,12
shizuoka,38202401120200,12
shizuoka,38202401120300,12
shizuoka,38202401120300,12
shizuoka,38202401120300,12
shizuoka,38202402010100,12
shizuoka,38202402010100,12
shizuoka,38202402010100,12
shizuoka,38202402010100,12
shizuoka,38202402010200,12
shizuoka,38202402010200,12
shizuoka,38202402010200,12
shizuoka,38202402010200,12
shizuoka,38202402010300,12
shizuoka,38202402010300,12
shizuoka,38202402010300,12
shizuoka,38202402010300,12
shizuoka,38202402010400,12
shizuoka,38202402010400,12
shizuoka,38202402010400,12
shizuoka,38202402010400,12
shizuoka,38202411280100,12
shizuoka,38202411280100,12
shizuoka,38202411280100,12
shizuoka,38202411280200,12
shizuoka,38202411280200,12
shizuoka,38202411280200,12
shizuoka,38202411280300,12
shizuoka,38202411280300,12
shizuoka,38202411280300,12
shizuoka,38202412030100,9
shizuoka,38202412030100,9
shizuoka,38202412030100,9
shizuoka,38202412030200,9
shizuoka,38202412030200,9
shizuoka,38202412030200,9
shizuoka,38202412030300,8
shizuoka,38202412030300,8
shizuoka,38202412030300,8
shizuoka,38202412120100,12
shizuoka,38202412120100,12
shizuoka,38202412120100,12
shizuoka,38202412120200,12
shizuoka,38202412120200,12
shizuoka,38202412120200,12
shizuoka,38202412120300,12
shizuoka,38202412120300,12
shizuoka,38202412120300,12
shizuoka,38202412280100,11
shizuoka,38202412280100,11
shizuoka,38202412280100,11
shizuoka,38202412280200,11
shizuoka,38202412280200,11
shizuoka,38202412280200,11
shizuoka,38202412280300,11
shizuoka,38202412280300,11
shizuoka,38202412280300,11
shizuoka,38202501080100,12
shizuoka,38202501080100,12
shizuoka,38202501080100,12
shizuoka,38202501080200,12
shizuoka,38202501080200,12
shizuoka,38202501080200,12
shizuoka,38202501080300,12
shizuoka,38202501080300,12
shizuoka,38202501080300,12
shizuoka,38202501130100,12
shizuoka,38202501130100,12
shizuoka,38202501130100,12
shizuoka,38202501130200,12
shizuoka,38202501130200,12
shizuoka,38202501130200,12
shizuoka,38202501130300,12
shizuoka,38202501130300,12
shizuoka,38202501130300,12
shizuoka,38202501190100,12
shizuoka,38202501190100,12
shizuoka,38202501190100,12
shizuoka,38202501190200,12
shizuoka,38202501190200,12
shizuoka,38202501190200,12
shizuoka,38202501190300,12
shizuoka,38202501190300,12
shizuoka,38202501190300,12
shizuoka,38202502010100,7
shizuoka,38202502010100,7
shizuoka,38202502010100,7
shizuoka,38202502010200,7
shizuoka,38202502010200,7
shizuoka,38202502010200,7
shizuoka,38202502010300,7
shizuoka,38202502010300,7
shizuoka,38202502010300,7
shizuoka,38202502070100,12
shizuoka,38202502070100,12
shizuoka,38202502070100,12
shizuoka,38202502070200,12
shizuoka,38202502070200,12
shizuoka,38202502070200,12
shizuoka,38202502070300,12
shizuoka,38202502070300,12
shizuoka,38202502070300,12
shizuoka,38202502130100,12
shizuoka,38202502130100,12
shizuoka,38202502130100,12
shizuoka,38202502130100,12
shizuoka,38202502130200,12
shizuoka,38202502130200,12
shizuoka,38202502130200,12
shizuoka,38202502130200,12
shizuoka,38202502130300,12
shizuoka,38202502130300,12
shizuoka,38202502130300,12
shizuoka,38202502130300,12
shizuoka,38202502130400,12
shizuoka,38202502130400,12
shizuoka,38202502130400,12
shizuoka,38202502130400,12
shizuoka,38202503070100,12
shizuoka,38202503070100,12
shizuoka,38202503070100,12
shizuoka,38202503070200,12
shizuoka,38202503070200,12
shizuoka,38202503070200,12
shizuoka,38202503070300,12
shizuoka,38202503070300,12
shizuoka,38202503070300,12
shizuoka,38202504100100,9
shizuoka,38202504100100,9
shizuoka,38202504100100,9
shizuoka,38202504100200,9
shizuoka,38202504100200,9
shizuoka,38202504100200,9
shizuoka,38202504100300,9
shizuoka,38202504100300,9
shizuoka,38202504100300,9
shizuoka,38202504160100,11
shizuoka,38202504160100,11
shizuoka,38202504160100,11
shizuoka,38202504160200,11
shizuoka,38202504160200,11
shizuoka,38202504160200,11
shizuoka,38202504160300,11
shizuoka,38202504160300,11
shizuoka,38202504160300,11
shizuoka,38202504250100,12
shizuoka,38202504250100,12
shizuoka,38202504250100,12
shizuoka,38202504250200,12
shizuoka,38202504250200,12
shizuoka,38202504250200,12
shizuoka,38202504250300,12
shizuoka,38202504250300,12
shizuoka,38202504250300,12
shizuoka,38202506050100,12
shizuoka,38202506050100,12
shizuoka,38202506050100,12
shizuoka,38202506050200,12
shizuoka,38202506050200,12
shizuoka,38202506050200,12
shizuoka,38202506050300,12
shizuoka,38202506050300,12
shizuoka,38202506050300,12
shizuoka,38202506160100,11
shizuoka,38202506160100,11
shizuoka,38202506160100,11
shizuoka,38202506160200,11
shizuoka,38202506160200,11
shizuoka,38202506160200,11
shizuoka,38202506160300,11
shizuoka,38202506160300,11
shizuoka,38202506160300,11
shizuoka,38202506240100,11
shizuoka,38202506240100,11
shizuoka,38202506240100,11
shizuoka,38202506240200,11
shizuoka,38202506240200,11
shizuoka,38202506240200,11
shizuoka,38202506240300,11
shizuoka,38202506240300,11
shizuoka,38202506240300,11
shizuoka,38202507040100,7
shizuoka,38202507040100,7
shizuoka,38202507040100,7
shizuoka,38202507040200,7
shizuoka,38202507040200,7
shizuoka,38202507040200,7
shizuoka,38202507040300,7
shizuoka,38202507040300,7
shizuoka,38202507040300,7
shizuoka,38202507110100,12
shizuoka,38202507110100,12
shizuoka,38202507110100,12
shizuoka,38202507110200,12
shizuoka,38202507110200,12
shizuoka,38202507110200,12
shizuoka,38202507110300,12
shizuoka,38202507110300,12
shizuoka,38202507110300,12
shizuoka,38202507290100,11
shizuoka,38202507290100,11
shizuoka,38202507290100,11
shizuoka,38202507290200,11
shizuoka,38202507290200,11
shizuoka,38202507290200,11
shizuoka,38202507290300,11
shizuoka,38202507290300,11
shizuoka,38202507290300,11
shizuoka,38202508130100,11
shizuoka,38202508130100,11
shizuoka,38202508130100,11
shizuoka,38202508130200,11
shizuoka,38202508130200,11
shizuoka,38202508130200,11
shizuoka,38202508130300,10
shizuoka,38202508130300,10
shizuoka,38202508130300,10
shizuoka,38202509240100,7
shizuoka,38202509240100,7
shizuoka,38202509240100,7
shizuoka,38202509240200,7
shizuoka,38202509240200,7
shizuoka,38202509240200,7
shizuoka,38202509240300,7
shizuoka,38202509240300,7
shizuoka,38202509240300,7
shizuoka,38202510090100,9
shizuoka,38202510090100,9
shizuoka,38202510090100,9
shizuoka,38202510090200,9
shizuoka,38202510090200,9
shizuoka,38202510090200,9
shizuoka,38202510090300,9
shizuoka,38202510090300,9
shizuoka,38202510090300,9
shizuoka,38202510210100,9
shizuoka,38202510210100,9
shizuoka,38202510210100,9
shizuoka,38202510210200,9
shizuoka,38202510210200,9
shizuoka,38202510210200,9
shizuoka,38202510210300,9
shizuoka,38202510210300,9
shizuoka,38202510210300,9
shizuoka,38202511230100,11
shizuoka,38202511230100,11
shizuoka,38202511230100,11
shizuoka,38202511230200,11
shizuoka,38202511230200,11
shizuoka,38202511230200,11
shizuoka,38202511230300,11
shizuoka,38202511230300,11
shizuoka,38202511230300,11
shizuoka,38202511270100,9
shizuoka,38202511270100,9
shizuoka,38202511270100,9
shizuoka,38202511270200,9
shizuoka,38202511270200,9
shizuoka,38202511270200,9
shizuoka,38202511270300,9
shizuoka,38202511270300,9
shizuoka,38202511270300,9
shizuoka,38202512200100,12
shizuoka,38202512200100,12
shizuoka,38202512200100,12
shizuoka,38202512200200,12
shizuoka,38202512200200,12
shizuoka,38202512200200,12
shizuoka,38202512200300,12
shizuoka,38202512200300,12
shizuoka,38202512200300,12
shizuoka,38202601010100,12
shizuoka,38202601010100,12
shizuoka,38202601010100,12
shizuoka,38202601010200,12
shizuoka,38202601010200,12
shizuoka,38202601010200,12
shizuoka,38202601010300,12
shizuoka,38202601010300,12
shizuoka,38202601010300,12
shizuoka,38202601310100,11
shizuoka,38202601310100,11
shizuoka,38202601310100,11
shizuoka,38202601310200,11
shizuoka,38202601310200,11
shizuoka,38202601310200,11
shizuoka,38202601310300,11
shizuoka,38202601310300,11
shizuoka,38202601310300,11
shizuoka,38202602120100,12
shizuoka,38202602120100,12
shizuoka,38202602120100,12
shizuoka,38202602120100,12
shizuoka,38202602120200,12
shizuoka,38202602120200,12
shizuoka,38202602120200,12
shizuoka,38202602120200,12
shizuoka,38202602120300,12
shizuoka,38202602120300,12
shizuoka,38202602120300,12
shizuoka,38202602120300,12
shizuoka,38202602120400,12
shizuoka,38202602120400,12
shizuoka,38202602120400,12
shizuoka,38202602120400,12
shizuoka,38202603010100,7
shizuoka,38202603010100,7
shizuoka,38202603010100,7
shizuoka,38202603010200,7
shizuoka,38202603010200,7
shizuoka,38202603010200,7
shizuoka,38202603010300,7
shizuoka,38202603010300,7
shizuoka,38202603010300,7
shizuoka,38202603100100,11
shizuoka,38202603100100,11
shizuoka,38202603100100,11
shizuoka,38202603100200,11
shizuoka,38202603100200,11
shizuoka,38202603100200,11
shizuoka,38202603100300,11
shizuoka,38202603100300,11
shizuoka,38202603100300,11
shizuoka,38202603230100,12
shizuoka,38202603230100,12
shizuoka,38202603230100,12
shizuoka,38202603230200,12
shizuoka,38202603230200,12
shizuoka,38202603230200,12
shizuoka,38202603230300,12
shizuoka,38202603230300,12
shizuoka,38202603230300,12
shizuoka,38202604100100,9
shizuoka,38202604100100,9
shizuoka,38202604100100,9
shizuoka,38202604100200,9
shizuoka,38202604100200,9
shizuoka,38202604100200,9
shizuoka,38202604100300,9
shizuoka,38202604100300,9
shizuoka,38202604100300,9
shizuoka,38202604210100,12
shizuoka,38202604210100,12
shizuoka,38202604210100,12
shizuoka,38202604210200,12
shizuoka,38202604210200,12
shizuoka,38202604210200,12
shizuoka,38202604210300,12
shizuoka,38202604210300,12
shizuoka,38202604210300,12
shizuoka,38202605240100,11
shizuoka,38202605240100,11
shizuoka,38202605240100,11
shizuoka,38202605240200,11
shizuoka,38202605240200,11
shizuoka,38202605240200,11
shizuoka,38202605240300,11
shizuoka,38202605240300,11
shizuoka,38202605240300,11
shizuoka,38202605310100,7
shizuoka,38202605310100,7
shizuoka,38202605310100,7
shizuoka,38202605310200,7
shizuoka,38202605310200,7
shizuoka,38202605310200,7
shizuoka,38202605310300,7
shizuoka,38202605310300,7
shizuoka,38202605310300,7
shizuoka,38202606100100,11
shizuoka,38202606100100,11
shizuoka,38202606100100,11
shizuoka,38202606100200,11
shizuoka,38202606100200,11
shizuoka,38202606100200,11
shizuoka,38202606100300,11
shizuoka,38202606100300,11
shizuoka,38202606100300,11
nagoya,42202301020100,9
nagoya,42202301020100,9
nagoya,42202301020100,9
nagoya,42202301020200,9
nagoya,42202301020200,9
nagoya,42202301020200,9
nagoya,42202301020300,9
nagoya,42202301020300,9
nagoya,42202301020300,9
nagoya,42202301110100,9
nagoya,42202301110100,9
nagoya,42202301110100,9
nagoya,42202301110200,9
nagoya,42202301110200,9
nagoya,42202301110200,9
nagoya,42202301110300,9
nagoya,42202301110300,9
nagoya,42202301110300,9
nagoya,42202301160100,12
nagoya,42202301160100,12
nagoya,42202301160100,12
nagoya,42202301160200,12
nagoya,42202301160200,12
nagoya,42202301160200,12
nagoya,42202301160300,12
nagoya,42202301160300,12
nagoya,42202301160300,12
nagoya,42202302060100,12
nagoya,42202302060100,12
nagoya,42202302060100,12
nagoya,42202302060200,12
nagoya,42202302060200,12
nagoya,42202302060200,12
nagoya,42202302060300,12
nagoya,42202302060300,12
nagoya,42202302060300,12
nagoya,42202302140100,12
nagoya,42202302140100,12
nagoya,42202302140100,12
nagoya,42202302140200,12
nagoya,42202302140200,12
nagoya,42202302140200,12
nagoya,42202302140300,12
nagoya,42202302140300,12
nagoya,42202302140300,12
nagoya,42202302200100,12
nagoya,42202302200100,12
nagoya,42202302200100,12
nagoya,42202302200200,12
nagoya,42202302200200,12
nagoya,42202302200200,12
nagoya,42202302200300,11
nagoya,42202302200300,11
nagoya,42202302200300,11
nagoya,42202302240100,9
nagoya,42202302240100,9
nagoya,42202302240100,9
nagoya,42202302240200,9
nagoya,42202302240200,9
nagoya,42202302240200,9
nagoya,42202302240300,9
nagoya,42202302240300,9
nagoya,42202302240300,9
nagoya,42202303090100,12
nagoya,42202303090100,12
nagoya,42202303090100,12
nagoya,42202303090200,12
nagoya,42202303090200,12
nagoya,42202303090200,12
nagoya,42202303090300,12
nagoya,42202303090300,12
nagoya,42202303090300,12
nagoya,42202303290100,9
nagoya,42202303290100,9
nagoya,42202303290100,9
nagoya,42202303290200,9
nagoya,42202303290200,9
nagoya,42202303290200,9
nagoya,42202303290300,9
nagoya,42202303290300,9
nagoya,42202303290300,9
nagoya,42202304060100,7
nagoya,42202304060100,7
nagoya,42202304060100,7
nagoya,42202304060200,7
nagoya,42202304060200,7
nagoya,42202304060200,7
nagoya,42202304060300,7
nagoya,42202304060300,7
nagoya,42202304060300,7
nagoya,42202304150100,12
nagoya,42202304150100,12
nagoya,42202304150100,12
nagoya,42202304150200,12
nagoya,42202304150200,12
nagoya,42202304150200,12
nagoya,42202304150300,12
nagoya,42202304150300,12
nagoya,42202304150300,12
nagoya,42202304210100,7
nagoya,42202304210100,7
nagoya,42202304210100,7
nagoya,42202304210200,7
nagoya,42202304210200,7
nagoya,42202304210200,7
nagoya,42202304210300,7
nagoya,42202304210300,7
nagoya,42202304210300,7
nagoya,42202304260100,12
nagoya,42202304260100,12
nagoya,42202304260100,12
nagoya,42202304260200,12
nagoya,42202304260200,12
nagoya,42202304260200,12
nagoya,42202304260300,12
nagoya,42202304260300,12
nagoya,42202304260300,12
nagoya,42202305010100,7
nagoya,42202305010100,7
nagoya,42202305010100,7
nagoya,42202305010200,7
nagoya,42202305010200,7
nagoya,42202305010200,7
nagoya,42202305010300,7
nagoya,42202305010300,7
nagoya,42202305010300,7
nagoya,42202305070100,9
nagoya,42202305070100,9
nagoya,42202305070100,9
nagoya,42202305070200,9
nagoya,42202305070200,9
nagoya,42202305070200,9
nagoya,42202305070300,9
nagoya,42202305070300,9
nagoya,42202305070300,9
nagoya,42202305170100,9
nagoya,42202305170100,9
nagoya,42202305170100,9
nagoya,42202305170200,9
nagoya,42202305170200,9
nagoya,42202305170200,9
nagoya,42202305170300,9
nagoya,42202305170300,9
nagoya,42202305170300,9
nagoya,42202305220100,12
nagoya,42202305220100,12
nagoya,42202305220100,12
nagoya,42202305220200,12
nagoya,42202305220200,12
nagoya,42202305220200,12
nagoya,42202305220300,12
nagoya,42202305220300,12
nagoya,42202305220300,12
nagoya,42202306010100,7
nagoya,42202306010100,7
nagoya,42202306010100,7
nagoya,42202306010200,7
nagoya,42202306010200,7
nagoya,42202306010200,7
nagoya,42202306010300,7
nagoya,42202306010300,7
nagoya,42202306010300,7
nagoya,42202306070100,7
nagoya,42202306070100,7
nagoya,42202306070100,7
nagoya,42202306070200,7
nagoya,42202306070200,7
nagoya,42202306070200,7
nagoya,42202306070300,7
nagoya,42202306070300,7
nagoya,42202306070300,7
nagoya,42202306120100,7
nagoya,42202306120100,7
nagoya,42202306120100,7
nagoya,42202306120200,7
nagoya,42202306120200,7
nagoya,42202306120200,7
nagoya,42202306120300,7
nagoya,42202306120300,7
nagoya,42202306120300,7
nagoya,42202306190100,12
nagoya,42202306190100,12
nagoya,42202306190100,12
nagoya,42202306190200,12
nagoya,42202306190200,12
nagoya,42202306190200,12
nagoya,42202306190300,12
nagoya,42202306190300,12
nagoya,42202306190300,12
nagoya,42202306240100,12
nagoya,42202306240100,12
nagoya,42202306240100,12
nagoya,42202306240200,12
nagoya,42202306240200,12
nagoya,42202306240200,12
nagoya,42202306240300,12
nagoya,42202306240300,12
nagoya,42202306240300,12
nagoya,42202307040100,12
nagoya,42202307040100,12
nagoya,42202307040100,12
nagoya,42202307040200,12
nagoya,42202307040200,12
nagoya,42202307040200,12
nagoya,42202307040300,12
nagoya,42202307040300,12
nagoya,42202307040300,12
nagoya,42202307130100,9
nagoya,42202307130100,9
nagoya,42202307130100,9
nagoya,42202307130200,9
nagoya,42202307130200,9
nagoya,42202307130200,9
nagoya,42202307130300,9
nagoya,42202307130300,9
nagoya,42202307130300,9
nagoya,42202307190100,9
nagoya,42202307190100,9
nagoya,42202307190100,9
nagoya,42202307190200,9
nagoya,42202307190200,9
nagoya,42202307190200,9
nagoya,42202307190300,9
nagoya,42202307190300,9
nagoya,42202307190300,9
nagoya,42202307270100,12
nagoya,42202307270100,12
nagoya,42202307270100,12
nagoya,42202307270100,12
nagoya,42202307270200,12
nagoya,42202307270200,12
nagoya,42202307270200,12
nagoya,42202307270200,12
nagoya,42202307270300,12
nagoya,42202307270300,12
nagoya,42202307270300,12
nagoya,42202307270300,12
nagoya,42202307270400,12
nagoya,42202307270400,12
nagoya,42202307270400,12
nagoya,42202307270400,12
nagoya,42202401210100,12
nagoya,42202401210100,12
nagoya,42202401210100,12
nagoya,42202401210200,12
nagoya,42202401210200,12
nagoya,42202401210200,12
nagoya,42202401210300,12
nagoya,42202401210300,12
nagoya,42202401210300,12
nagoya,42202401280100,12
nagoya,42202401280100,12
nagoya,42202401280100,12
nagoya,42202401280200,12
nagoya,42202401280200,12
nagoya,42202401280200,12
nagoya,42202401280300,12
nagoya,42202401280300,12
nagoya,42202401280300,12
nagoya,42202402120100,9
nagoya,42202402120100,9
nagoya,42202402120100,9
nagoya,42202402120200,9
nagoya,42202402120200,9
nagoya,42202402120200,9
nagoya,42202402120300,9
nagoya,42202402120300,9
nagoya,42202402120300,9
nagoya,42202403020100,9
nagoya,42202403020100,9
nagoya,42202403020100,9
nagoya,42202403020200,9
nagoya,42202403020200,9
nagoya,42202403020200,9
nagoya,42202403020300,9
nagoya,42202403020300,9
nagoya,42202403020300,9
nagoya,42202403080100,12
nagoya,42202403080100,12
nagoya,42202403080100,12
nagoya,42202403080200,12
nagoya,42202403080200,12
nagoya,42202403080200,12
nagoya,42202403080300,12
nagoya,42202403080300,12
nagoya,42202403080300,12
nagoya,42202407040100,7
nagoya,42202407040100,7
nagoya,42202407040100,7
nagoya,42202407040200,7
nagoya,42202407040200,7
nagoya,42202407040200,7
nagoya,42202407040300,7
nagoya,42202407040300,7
nagoya,42202407040300,7
nagoya,42202407130100,12
nagoya,42202407130100,12
nagoya,42202407130100,12
nagoya,42202407130200,12
nagoya,42202407130200,12
nagoya,42202407130200,12
nagoya,42202407130300,12
nagoya,42202407130300,12
nagoya,42202407130300,12
nagoya,42202408030100,7
nagoya,42202408030100,7
nagoya,42202408030100,7
nagoya,42202408030200,7
nagoya,42202408030200,7
nagoya,42202408030200,7
nagoya,42202408030300,7
nagoya,42202408030300,7
nagoya,42202408030300,7
nagoya,42202408160100,12
nagoya,42202408160100,12
nagoya,42202408160100,12
nagoya,42202408160200,12
nagoya,42202408160200,12
nagoya,42202408160200,12
nagoya,42202408160300,12
nagoya,42202408160300,12
nagoya,42202408160300,12
nagoya,42202408230100,7
nagoya,42202408230100,7
nagoya,42202408230100,7
nagoya,42202408230200,7
nagoya,42202408230200,7
nagoya,42202408230200,7
nagoya,42202408230300,7
nagoya,42202408230300,7
nagoya,42202408230300,7
nagoya,42202409030100,12
nagoya,42202409030100,12
nagoya,42202409030100,12
nagoya,42202409030200,12
nagoya,42202409030200,12
nagoya,42202409030200,12
nagoya,42202409030300,12
nagoya,42202409030300,12
nagoya,42202409030300,12
nagoya,42202409290100,7
nagoya,42202409290100,7
nagoya,42202409290100,7
nagoya,42202409290200,7
nagoya,42202409290200,7
nagoya,42202409290200,7
nagoya,42202409290300,7
nagoya,42202409290300,7
nagoya,42202409290300,7
nagoya,42202410030100,12
nagoya,42202410030100,12
nagoya,42202410030100,12
nagoya,42202410030200,12
nagoya,42202410030200,12
nagoya,42202410030200,12
nagoya,42202410030300,12
nagoya,42202410030300,12
nagoya,42202410030300,12
nagoya,42202410140100,7
nagoya,42202410140100,7
nagoya,42202410140100,7
nagoya,42202410140200,7
nagoya,42202410140200,7
nagoya,42202410140200,7
nagoya,42202410140300,7
nagoya,42202410140300,7
nagoya,42202410140300,7
nagoya,42202411010100,12
nagoya,42202411010100,12
nagoya,42202411010100,12
nagoya,42202411010200,12
nagoya,42202411010200,12
nagoya,42202411010200,12
nagoya,42202411010300,12
nagoya,42202411010300,12
nagoya,42202411010300,12
nagoya,42202412060100,9
nagoya,42202412060100,9
nagoya,42202412060100,9
nagoya,42202412060200,9
nagoya,42202412060200,9
nagoya,42202412060200,9
nagoya,42202412060300,9
nagoya,42202412060300,9
nagoya,42202412060300,9
nagoya,42202412100100,12
nagoya,42202412100100,12
nagoya,42202412100100,12
nagoya,42202412100200,12
nagoya,42202412100200,12
nagoya,42202412100200,12
nagoya,42202412100300,12
nagoya,42202412100300,12
nagoya,42202412100300,12
nagoya,42202412190100,12
nagoya,42202412190100,12
nagoya,42202412190100,12
nagoya,42202412190200,12
nagoya,42202412190200,12
nagoya,42202412190200,12
nagoya,42202412190300,12
nagoya,42202412190300,12
nagoya,42202412190300,12
nagoya,42202412230100,12
nagoya,42202412230100,12
nagoya,42202412230100,12
nagoya,42202412230200,12
nagoya,42202412230200,12
nagoya,42202412230200,12
nagoya,42202412230300,12
nagoya,42202412230300,12
nagoya,42202412230300,12
nagoya,42202412300100,9
nagoya,42202412300100,9
nagoya,42202412300100,9
nagoya,42202412300200,8
nagoya,42202412300200,8
nagoya,42202412300200,8
nagoya,42202412300300,8
nagoya,42202412300300,8
nagoya,42202412300300,8
nagoya,42202501040100,12
nagoya,42202501040100,12
nagoya,42202501040100,12
nagoya,42202501040200,12
nagoya,42202501040200,12
nagoya,42202501040200,12
nagoya,42202501040300,12
nagoya,42202501040300,12
nagoya,42202501040300,12
nagoya,42202501170100,9
nagoya,42202501170100,9
nagoya,42202501170100,9
nagoya,42202501170200,9
nagoya,42202501170200,9
nagoya,42202501170200,9
nagoya,42202501170300,9
nagoya,42202501170300,9
nagoya,42202501170300,9
nagoya,42202501290100,9
nagoya,42202501290100,9
nagoya,42202501290100,9
nagoya,42202501290200,9
nagoya,42202501290200,9
nagoya,42202501290200,9
nagoya,42202501290300,9
nagoya,42202501290300,9
nagoya,42202501290300,9
nagoya,42202502040100,7
nagoya,42202502040100,7
nagoya,42202502040100,7
nagoya,42202502040200,7
nagoya,42202502040200,7
nagoya,42202502040200,7
nagoya,42202502040300,7
nagoya,42202502040300,7
nagoya,42202502040300,7
nagoya,42202502110100,9
nagoya,42202502110100,9
nagoya,42202502110100,9
nagoya,42202502110200,9
nagoya,42202502110200,9
nagoya,42202502110200,9
nagoya,42202502110300,9
nagoya,42202502110300,9
nagoya,42202502110300,9
nagoya,42202503010100,12
nagoya,42202503010100,12
nagoya,42202503010100,12
nagoya,42202503010100,12
nagoya,42202503010200,12
nagoya,42202503010200,12
nagoya,42202503010200,12
nagoya,42202503010200,12
nagoya,42202503010300,12
nagoya,42202503010300,12
nagoya,42202503010300,12
nagoya,42202503010300,12
nagoya,42202503010400,12
nagoya,42202503010400,12
nagoya,42202503010400,12
nagoya,42202503010400,12
nagoya,42202503250100,9
nagoya,42202503250100,9
nagoya,42202503250100,9
nagoya,42202503250200,9
nagoya,42202503250200,9
nagoya,42202503250200,9
nagoya,42202503250300,9
nagoya,42202503250300,9
nagoya,42202503250300,9
nagoya,42202504010100,7
nagoya,42202504010100,7
nagoya,42202504010100,7
nagoya,42202504010200,7
nagoya,42202504010200,7
nagoya,42202504010200,7
nagoya,42202504010300,7
nagoya,42202504010300,7
nagoya,42202504010300,7
nagoya,42202504290100,11
nagoya,42202504290100,11
nagoya,42202504290100,11
nagoya,42202504290100,11
nagoya,42202504290100,11
nagoya,42202504290100,11
nagoya,42202504290200,11
nagoya,42202504290200,11
nagoya,42202504290200,11
nagoya,42202504290200,11
nagoya,42202504290200,11
nagoya,42202504290200,11
nagoya,42202504290300,11
nagoya,42202504290300,11
nagoya,42202504290300,11
nagoya,42202504290300,11
nagoya,42202504290300,11
nagoya,42202504290300,11
nagoya,42202504290400,11
nagoya,42202504290400,11
nagoya,42202504290400,11
nagoya,42202504290400,11
nagoya,42202504290400,11
nagoya,42202504290400,11
nagoya,42202504290500,11
nagoya,42202504290500,11
nagoya,42202504290500,11
nagoya,42202504290500,11
nagoya,42202504290500,11
nagoya,42202504290500,11
nagoya,42202504290600,11
nagoya,42202504290600,11
nagoya,42202504290600,11
nagoya,42202504290600,11
nagoya,42202504290600,11
nagoya,42202504290600,11
nagoya,42202507010100,12
nagoya,42202507010100,12
nagoya,42202507010100,12
nagoya,42202507010200,12
nagoya,42202507010200,12
nagoya,42202507010200,12
nagoya,42202507010300,12
nagoya,42202507010300,12
nagoya,42202507010300,12
nagoya,42202507100100,9
nagoya,42202507100100,9
nagoya,42202507100100,9
nagoya,42202507100200,9
nagoya,42202507100200,9
nagoya,42202507100200,9
nagoya,42202507100300,9
nagoya,42202507100300,9
nagoya,42202507100300,9
nagoya,42202508090100,9
nagoya,42202508090100,9
nagoya,42202508090100,9
nagoya,42202508090200,9
nagoya,42202508090200,9
nagoya,42202508090200,9
nagoya,42202508090300,9
nagoya,42202508090300,9
nagoya,42202508090300,9
nagoya,42202508180100,12
nagoya,42202508180100,12
nagoya,42202508180100,12
nagoya,42202508180200,12
nagoya,42202508180200,12
nagoya,42202508180200,12
nagoya,42202508180300,12
nagoya,42202508180300,12
nagoya,42202508180300,12
nagoya,42202508230100,7
nagoya,42202508230100,7
nagoya,42202508230100,7
nagoya,42202508230200,7
nagoya,42202508230200,7
nagoya,42202508230200,7
nagoya,42202508230300,7
nagoya,42202508230300,7
nagoya,42202508230300,7
nagoya,42202508270100,7
nagoya,42202508270100,7
nagoya,42202508270100,7
nagoya,42202508270200,7
nagoya,42202508270200,7
nagoya,42202508270200,7
nagoya,42202508270300,7
nagoya,42202508270300,7
nagoya,42202508270300,7
nagoya,42202509080100,7
nagoya,42202509080100,7
nagoya,42202509080100,7
nagoya,42202509080200,7
nagoya,42202509080200,7
nagoya,42202509080200,7
nagoya,42202509080300,7
nagoya,42202509080300,7
nagoya,42202509080300,7
nagoya,42202509130100,12
nagoya,42202509130100,12
nagoya,42202509130100,12
nagoya,42202509130200,12
nagoya,42202509130200,12
nagoya,42202509130200,12
nagoya,42202509130300,12
nagoya,42202509130300,12
nagoya,42202509130300,12
nagoya,42202509230100,11
nagoya,42202509230100,11
nagoya,42202509230100,11
nagoya,42202509230200,11
nagoya,42202509230200,11
nagoya,42202509230200,11
nagoya,42202509230300,11
nagoya,42202509230300,11
nagoya,42202509230300,11
nagoya,42202511070100,7
nagoya,42202511070100,7
nagoya,42202511070100,7
nagoya,42202511070200,7
nagoya,42202511070200,7
nagoya,42202511070200,7
nagoya,42202511070300,7
nagoya,42202511070300,7
nagoya,42202511070300,7
nagoya,42202511160100,12
nagoya,42202511160100,12
nagoya,42202511160100,12
nagoya,42202511160200,12
nagoya,42202511160200,12
nagoya,42202511160200,12
nagoya,42202511160300,12
nagoya,42202511160300,12
nagoya,42202511160300,12
nagoya,42202511220100,10
nagoya,42202511220100,10
nagoya,42202511220100,10
nagoya,42202511220200,10
nagoya,42202511220200,10
nagoya,42202511220200,10
nagoya,42202511220300,10
nagoya,42202511220300,10
nagoya,42202511220300,10
nagoya,42202512010100,12
nagoya,42202512010100,12
nagoya,42202512010100,12
nagoya,42202512010200,12
nagoya,42202512010200,12
nagoya,42202512010200,12
nagoya,42202512010300,12
nagoya,42202512010300,12
nagoya,42202512010300,12
nagoya,42202512060100,9
nagoya,42202512060100,9
nagoya,42202512060100,9
nagoya,42202512060200,9
nagoya,42202512060200,9
nagoya,42202512060200,9
nagoya,42202512060300,9
nagoya,42202512060300,9
nagoya,42202512060300,9
nagoya,42202512140100,7
nagoya,42202512140100,7
nagoya,42202512140100,7
nagoya,42202512140200,7
nagoya,42202512140200,7
nagoya,42202512140200,7
nagoya,42202512140300,7
nagoya,42202512140300,7
nagoya,42202512140300,7
nagoya,42202512240100,7
nagoya,42202512240100,7
nagoya,42202512240100,7
nagoya,42202512240200,7
nagoya,42202512240200,7
nagoya,42202512240200,7
nagoya,42202512240300,7
nagoya,42202512240300,7
nagoya,42202512240300,7
nagoya,42202602100100,11
nagoya,42202602100100,11
nagoya,42202602100100,11
nagoya,42202602100200,11
nagoya,42202602100200,11
nagoya,42202602100200,11
nagoya,42202602100300,11
nagoya,42202602100300,11
nagoya,42202602100300,11
nagoya,42202602140100,9
nagoya,42202602140100,9
nagoya,42202602140100,9
nagoya,42202602140200,9
nagoya,42202602140200,9
nagoya,42202602140200,9
nagoya,42202602140300,9
nagoya,42202602140300,9
nagoya,42202602140300,9
nagoya,42202603170100,12
nagoya,42202603170100,12
nagoya,42202603170100,12
nagoya,42202603170200,12
nagoya,42202603170200,12
nagoya,42202603170200,12
nagoya,42202603170300,12
nagoya,42202603170300,12
nagoya,42202603170300,12
nagoya,42202603250100,7
nagoya,42202603250100,7
nagoya,42202603250100,7
nagoya,42202603250200,7
nagoya,42202603250200,7
nagoya,42202603250200,7
nagoya,42202603250300,7
nagoya,42202603250300,7
nagoya,42202603250300,7
nagoya,42202604010100,7
nagoya,42202604010100,7
nagoya,42202604010100,7
nagoya,42202604010200,7
nagoya,42202604010200,7
nagoya,42202604010200,7
nagoya,42202604010300,7
nagoya,42202604010300,7
nagoya,42202604010300,7
nagoya,42202604060100,12
nagoya,42202604060100,12
nagoya,42202604060100,12
nagoya,42202604060200,12
nagoya,42202604060200,12
nagoya,42202604060200,12
nagoya,42202604060300,12
nagoya,42202604060300,12
nagoya,42202604060300,12
nagoya,42202604110100,7
nagoya,42202604110100,7
nagoya,42202604110100,7
nagoya,42202604110200,7
nagoya,42202604110200,7
nagoya,42202604110200,7
nagoya,42202604110300,7
nagoya,42202604110300,7
nagoya,42202604110300,7
nagoya,42202604230100,12
nagoya,42202604230100,12
nagoya,42202604230100,12
nagoya,42202604230100,12
nagoya,42202604230200,12
nagoya,42202604230200,12
nagoya,42202604230200,12
nagoya,42202604230200,12
nagoya,42202604230300,12
nagoya,42202604230300,12
nagoya,42202604230300,12
nagoya,42202604230300,12
nagoya,42202604230400,12
nagoya,42202604230400,12
nagoya,42202604230400,12
nagoya,42202604230400,12
nagoya,42202605190100,7
nagoya,42202605190100,7
nagoya,42202605190100,7
nagoya,42202605190200,7
nagoya,42202605190200,7
nagoya,42202605190200,7
nagoya,42202605190300,7
nagoya,42202605190300,7
nagoya,42202605190300,7
nagoya,42202605250100,7
nagoya,42202605250100,7
nagoya,42202605250100,7
nagoya,42202605250200,7
nagoya,42202605250200,7
nagoya,42202605250200,7
nagoya,42202605250300,7
nagoya,42202605250300,7
nagoya,42202605250300,7
nagoya,42202606010100,12
nagoya,42202606010100,12
nagoya,42202606010100,12
nagoya,42202606010200,11
nagoya,42202606010200,11
nagoya,42202606010200,11
nagoya,42202606010300,11
nagoya,42202606010300,11
nagoya,42202606010300,11
gifu,43202401250100,12
gifu,43202401250100,12
gifu,43202401250100,12
gifu,43202401250200,12
gifu,43202401250200,12
gifu,43202401250200,12
gifu,43202401250300,12
gifu,43202401250300,12
gifu,43202401250300,12
gifu,43202402010100,12
gifu,43202402010100,12
gifu,43202402010100,12
gifu,43202402010200,12
gifu,43202402010200,12
gifu,43202402010200,12
gifu,43202402010300,12
gifu,43202402010300,12
gifu,43202402010300,12
gifu,43202402090100,12
gifu,43202402090100,12
gifu,43202402090100,12
gifu,43202402090100,12
gifu,43202402090200,12
gifu,43202402090200,12
gifu,43202402090200,12
gifu,43202402090200,12
gifu,43202402090300,12
gifu,43202402090300,12
gifu,43202402090300,12
gifu,43202402090300,12
gifu,43202402090400,12
gifu,43202402090400,12
gifu,43202402090400,12
gifu,43202402090400,12
gifu,43202402250100,12
gifu,43202402250100,12
gifu,43202402250100,12
gifu,43202402250200,12
gifu,43202402250200,12
gifu,43202402250200,12
gifu,43202402250300,12
gifu,43202402250300,12
gifu,43202402250300,12
gifu,43202403010100,12
gifu,43202403010100,12
gifu,43202403010100,12
gifu,43202403010200,12
gifu,43202403010200,12
gifu,43202403010200,12
gifu,43202403010300,12
gifu,43202403010300,12
gifu,43202403010300,12
gifu,43202403120100,12
gifu,43202403120100,12
gifu,43202403120100,12
gifu,43202403120200,12
gifu,43202403120200,12
gifu,43202403120200,12
gifu,43202403120300,12
gifu,43202403120300,12
gifu,43202403120300,12
gifu,43202403170100,12
gifu,43202403170100,12
gifu,43202403170100,12
gifu,43202403170200,12
gifu,43202403170200,12
gifu,43202403170200,12
gifu,43202403170300,12
gifu,43202403170300,12
gifu,43202403170300,12
gifu,43202403220100,12
gifu,43202403220100,12
gifu,43202403220100,12
gifu,43202403220200,12
gifu,43202403220200,12
gifu,43202403220200,12
gifu,43202403220300,12
gifu,43202403220300,12
gifu,43202403220300,12
gifu,43202404200100,12
gifu,43202404200100,12
gifu,43202404200100,12
gifu,43202404200200,12
gifu,43202404200200,12
gifu,43202404200200,12
gifu,43202404200300,12
gifu,43202404200300,12
gifu,43202404200300,12
gifu,43202405040100,7
gifu,43202405040100,7
gifu,43202405040100,7
gifu,43202405040200,7
gifu,43202405040200,7
gifu,43202405040200,7
gifu,43202405040300,7
gifu,43202405040300,7
gifu,43202405040300,7
gifu,43202405170100,7
gifu,43202405170100,7
gifu,43202405170100,7
gifu,43202405170200,7
gifu,43202405170200,7
gifu,43202405170200,7
gifu,43202405170300,7
gifu,43202405170300,7
gifu,43202405170300,7
gifu,43202405240100,12
gifu,43202405240100,12
gifu,43202405240100,12
gifu,43202405240200,12
gifu,43202405240200,12
gifu,43202405240200,12
gifu,43202405240300,12
gifu,43202405240300,12
gifu,43202405240300,12
gifu,43202406010100,12
gifu,43202406010100,12
gifu,43202406010100,12
gifu,43202406010200,12
gifu,43202406010200,12
gifu,43202406010200,12
gifu,43202406010300,12
gifu,43202406010300,12
gifu,43202406010300,12
gifu,43202406130100,9
gifu,43202406130100,9
gifu,43202406130100,9
gifu,43202406130200,9
gifu,43202406130200,9
gifu,43202406130200,9
gifu,43202406130300,9
gifu,43202406130300,9
gifu,43202406130300,9
gifu,43202407090100,12
gifu,43202407090100,12
gifu,43202407090100,12
gifu,43202407090200,12
gifu,43202407090200,12
gifu,43202407090200,12
gifu,43202407090300,12
gifu,43202407090300,12
gifu,43202407090300,12
gifu,43202407170100,12
gifu,43202407170100,12
gifu,43202407170100,12
gifu,43202407170200,12
gifu,43202407170200,12
gifu,43202407170200,12
gifu,43202407170300,12
gifu,43202407170300,12
gifu,43202407170300,12
gifu,43202407220100,12
gifu,43202407220100,12
gifu,43202407220100,12
gifu,43202407220200,12
gifu,43202407220200,12
gifu,43202407220200,12
gifu,43202407220300,12
gifu,43202407220300,12
gifu,43202407220300,12
gifu,43202408220100,7
gifu,43202408220100,7
gifu,43202408220100,7
gifu,43202408220200,7
gifu,43202408220200,7
gifu,43202408220200,7
gifu,43202408220300,7
gifu,43202408220300,7
gifu,43202408220300,7
gifu,43202409210100,12
gifu,43202409210100,12
gifu,43202409210100,12
gifu,43202409210100,12
gifu,43202409210200,12
gifu,43202409210200,12
gifu,43202409210200,12
gifu,43202409210200,12
gifu,43202409210300,12
gifu,43202409210300,12
gifu,43202409210300,12
gifu,43202409210300,12
gifu,43202409210400,12
gifu,43202409210400,12
gifu,43202409210400,12
gifu,43202409210400,12
gifu,43202410210100,9
gifu,43202410210100,9
gifu,43202410210100,9
gifu,43202410210200,9
gifu,43202410210200,9
gifu,43202410210200,9
gifu,43202410210300,9
gifu,43202410210300,9
gifu,43202410210300,9
gifu,43202411110100,12
gifu,43202411110100,12
gifu,43202411110100,12
gifu,43202411110200,12
gifu,43202411110200,12
gifu,43202411110200,12
gifu,43202411110300,12
gifu,43202411110300,12
gifu,43202411110300,12
gifu,43202411180100,12
gifu,43202411180100,12
gifu,43202411180100,12
gifu,43202411180200,12
gifu,43202411180200,12
gifu,43202411180200,12
gifu,43202411180300,12
gifu,43202411180300,12
gifu,43202411180300,12
gifu,43202411220100,12
gifu,43202411220100,12
gifu,43202411220100,12
gifu,43202411220200,12
gifu,43202411220200,12
gifu,43202411220200,12
gifu,43202411220300,12
gifu,43202411220300,12
gifu,43202411220300,12
gifu,43202411270100,9
gifu,43202411270100,9
gifu,43202411270100,9
gifu,43202411270200,9
gifu,43202411270200,9
gifu,43202411270200,9
gifu,43202411270300,9
gifu,43202411270300,9
gifu,43202411270300,9
gifu,43202412160100,12
gifu,43202412160100,12
gifu,43202412160100,12
gifu,43202412160200,12
gifu,43202412160200,12
gifu,43202412160200,12
gifu,43202412160300,12
gifu,43202412160300,12
gifu,43202412160300,12
gifu,43202412270100,12
gifu,43202412270100,12
gifu,43202412270100,12
gifu,43202412270200,11
gifu,43202412270200,11
gifu,43202412270200,11
gifu,43202412270300,11
gifu,43202412270300,11
gifu,43202412270300,11
gifu,43202501140100,9
gifu,43202501140100,9
gifu,43202501140100,9
gifu,43202501140200,9
gifu,43202501140200,9
gifu,43202501140200,9
gifu,43202501140300,9
gifu,43202501140300,9
gifu,43202501140300,9
gifu,43202502050100,12
gifu,43202502050100,12
gifu,43202502050100,12
gifu,43202502050200,12
gifu,43202502050200,12
gifu,43202502050200,12
gifu,43202502050300,12
gifu,43202502050300,12
gifu,43202502050300,12
gifu,43202502120100,12
gifu,43202502120100,12
gifu,43202502120100,12
gifu,43202502120200,12
gifu,43202502120200,12
gifu,43202502120200,12
gifu,43202502120300,12
gifu,43202502120300,12
gifu,43202502120300,12
gifu,43202502260100,7
gifu,43202502260100,7
gifu,43202502260100,7
gifu,43202502260200,7
gifu,43202502260200,7
gifu,43202502260200,7
gifu,43202502260300,7
gifu,43202502260300,7
gifu,43202502260300,7
gifu,43202503050100,12
gifu,43202503050100,12
gifu,43202503050100,12
gifu,43202503050200,12
gifu,43202503050200,12
gifu,43202503050200,12
gifu,43202503050300,12
gifu,43202503050300,12
gifu,43202503050300,12
gifu,43202503190100,12
gifu,43202503190100,12
gifu,43202503190100,12
gifu,43202503190200,12
gifu,43202503190200,12
gifu,43202503190200,12
gifu,43202503190300,12
gifu,43202503190300,12
gifu,43202503190300,12
gifu,43202504130100,9
gifu,43202504130100,9
gifu,43202504130100,9
gifu,43202504130200,9
gifu,43202504130200,9
gifu,43202504130200,9
gifu,43202504130300,9
gifu,43202504130300,9
gifu,43202504130300,9
gifu,43202504250100,12
gifu,43202504250100,12
gifu,43202504250100,12
gifu,43202504250200,12
gifu,43202504250200,12
gifu,43202504250200,12
gifu,43202504250300,12
gifu,43202504250300,12
gifu,43202504250300,12
gifu,43202505080100,9
gifu,43202505080100,9
gifu,43202505080100,9
gifu,43202505080200,9
gifu,43202505080200,9
gifu,43202505080200,9
gifu,43202505080300,9
gifu,43202505080300,9
gifu,43202505080300,9
gifu,43202505140100,12
gifu,43202505140100,12
gifu,43202505140100,12
gifu,43202505140200,12
gifu,43202505140200,12
gifu,43202505140200,12
gifu,43202505140300,12
gifu,43202505140300,12
gifu,43202505140300,12
gifu,43202506010100,7
gifu,43202506010100,7
gifu,43202506010100,7
gifu,43202506010200,7
gifu,43202506010200,7
gifu,43202506010200,7
gifu,43202506010300,7
gifu,43202506010300,7
gifu,43202506010300,7
gifu,43202506090100,11
gifu,43202506090100,11
gifu,43202506090100,11
gifu,43202506090200,11
gifu,43202506090200,11
gifu,43202506090200,11
gifu,43202506090300,11
gifu,43202506090300,11
gifu,43202506090300,11
gifu,43202508300100,12
gifu,43202508300100,12
gifu,43202508300100,12
gifu,43202508300200,12
gifu,43202508300200,12
gifu,43202508300200,12
gifu,43202508300300,12
gifu,43202508300300,12
gifu,43202508300300,12
gifu,43202509040100,12
gifu,43202509040100,12
gifu,43202509040100,12
gifu,43202509040100,12
gifu,43202509040200,12
gifu,43202509040200,12
gifu,43202509040200,12
gifu,43202509040200,12
gifu,43202509040300,12
gifu,43202509040300,12
gifu,43202509040300,12
gifu,43202509040300,12
gifu,43202509040400,12
gifu,43202509040400,12
gifu,43202509040400,12
gifu,43202509040400,12
gifu,43202509160100,12
gifu,43202509160100,12
gifu,43202509160100,12
gifu,43202509160200,12
gifu,43202509160200,12
gifu,43202509160200,12
gifu,43202509160300,12
gifu,43202509160300,12
gifu,43202509160300,12
gifu,43202509220100,11
gifu,43202509220100,11
gifu,43202509220100,11
gifu,43202509220200,11
gifu,43202509220200,11
gifu,43202509220200,11
gifu,43202509220300,11
gifu,43202509220300,11
gifu,43202509220300,11
gifu,43202510210100,9
gifu,43202510210100,9
gifu,43202510210100,9
gifu,43202510210200,9
gifu,43202510210200,9
gifu,43202510210200,9
gifu,43202510210300,9
gifu,43202510210300,9
gifu,43202510210300,9
gifu,43202511050100,9
gifu,43202511050100,9
gifu,43202511050100,9
gifu,43202511050200,9
gifu,43202511050200,9
gifu,43202511050200,9
gifu,43202511050300,9
gifu,43202511050300,9
gifu,43202511050300,9
gifu,43202512270100,11
gifu,43202512270100,11
gifu,43202512270100,11
gifu,43202512270200,11
gifu,43202512270200,11
gifu,43202512270200,11
gifu,43202512270300,11
gifu,43202512270300,11
gifu,43202512270300,11
gifu,43202601020100,7
gifu,43202601020100,7
gifu,43202601020100,7
gifu,43202601020200,7
gifu,43202601020200,7
gifu,43202601020200,7
gifu,43202601020300,7
gifu,43202601020300,7
gifu,43202601020300,7
gifu,43202601070100,11
gifu,43202601070100,11
gifu,43202601070100,11
gifu,43202601070200,11
gifu,43202601070200,11
gifu,43202601070200,11
gifu,43202601070300,11
gifu,43202601070300,11
gifu,43202601070300,11
gifu,43202601120100,12
gifu,43202601120100,12
gifu,43202601120100,12
gifu,43202601120200,12
gifu,43202601120200,12
gifu,43202601120200,12
gifu,43202601120300,12
gifu,43202601120300,12
gifu,43202601120300,12
gifu,43202601190100,11
gifu,43202601190100,11
gifu,43202601190100,11
gifu,43202601190200,11
gifu,43202601190200,11
gifu,43202601190200,11
gifu,43202601190300,11
gifu,43202601190300,11
gifu,43202601190300,11
gifu,43202602010100,7
gifu,43202602010100,7
gifu,43202602010100,7
gifu,43202602010200,7
gifu,43202602010200,7
gifu,43202602010200,7
gifu,43202602010300,7
gifu,43202602010300,7
gifu,43202602010300,7
gifu,43202602070100,12
gifu,43202602070100,12
gifu,43202602070100,12
gifu,43202602070200,12
gifu,43202602070200,12
gifu,43202602070200,12
gifu,43202602070300,12
gifu,43202602070300,12
gifu,43202602070300,12
gifu,43202602160100,12
gifu,43202602160100,12
gifu,43202602160100,12
gifu,43202602160200,12
gifu,43202602160200,12
gifu,43202602160200,12
gifu,43202602160300,12
gifu,43202602160300,12
gifu,43202602160300,12
gifu,43202603070100,9
gifu,43202603070100,9
gifu,43202603070100,9
gifu,43202603070200,9
gifu,43202603070200,9
gifu,43202603070200,9
gifu,43202603070300,9
gifu,43202603070300,9
gifu,43202603070300,9
gifu,43202603140100,12
gifu,43202603140100,12
gifu,43202603140100,12
gifu,43202603140200,12
gifu,43202603140200,12
gifu,43202603140200,12
gifu,43202603140300,12
gifu,43202603140300,12
gifu,43202603140300,12
gifu,43202603220100,11
gifu,43202603220100,11
gifu,43202603220100,11
gifu,43202603220200,11
gifu,43202603220200,11
gifu,43202603220200,11
gifu,43202603220300,11
gifu,43202603220300,11
gifu,43202603220300,11
gifu,43202604160100,9
gifu,43202604160100,9
gifu,43202604160100,9
gifu,43202604160200,9
gifu,43202604160200,9
gifu,43202604160200,9
gifu,43202604160300,9
gifu,43202604160300,9
gifu,43202604160300,9
gifu,43202604270100,12
gifu,43202604270100,12
gifu,43202604270100,12
gifu,43202604270200,12
gifu,43202604270200,12
gifu,43202604270200,12
gifu,43202604270300,12
gifu,43202604270300,12
gifu,43202604270300,12
gifu,43202605050100,7
gifu,43202605050100,7
gifu,43202605050100,7
gifu,43202605050200,7
gifu,43202605050200,7
gifu,43202605050200,7
gifu,43202605050300,7
gifu,43202605050300,7
gifu,43202605050300,7
gifu,43202605160100,9
gifu,43202605160100,9
gifu,43202605160100,9
gifu,43202605160200,9
gifu,43202605160200,9
gifu,43202605160200,9
gifu,43202605160300,9
gifu,43202605160300,9
gifu,43202605160300,9
gifu,43202605220100,9
gifu,43202605220100,9
gifu,43202605220100,9
gifu,43202605220200,9
gifu,43202605220200,9
gifu,43202605220200,9
gifu,43202605220300,9
gifu,43202605220300,9
gifu,43202605220300,9
gifu,43202605280100,7
gifu,43202605280100,7
gifu,43202605280100,7
gifu,43202605280200,7
gifu,43202605280200,7
gifu,43202605280200,7
gifu,43202605280300,7
gifu,43202605280300,7
gifu,43202605280300,7
gifu,43202606040100,7
gifu,43202606040100,7
gifu,43202606040100,7
gifu,43202606040200,7
gifu,43202606040200,7
gifu,43202606040200,7
gifu,43202606040300,7
gifu,43202606040300,7
gifu,43202606040300,7
gifu,43202606110100,12
gifu,43202606110100,12
gifu,43202606110100,12
gifu,43202606110100,12
gifu,43202606110200,12
gifu,43202606110200,12
gifu,43202606110200,12
gifu,43202606110200,12
gifu,43202606110300,12
gifu,43202606110300,12
gifu,43202606110300,12
gifu,43202606110300,12
gifu,43202606110400,12
gifu,43202606110400,12
gifu,43202606110400,12
gifu,43202606110400,12
gifu,43202606220100,7
gifu,43202606220100,7
gifu,43202606220100,7
gifu,43202606220200,7
gifu,43202606220200,7
gifu,43202606220200,7
gifu,43202606220300,7
gifu,43202606220300,7
gifu,43202606220300,7
ogaki,44202301010100,12
ogaki,44202301010100,12
ogaki,44202301010100,12
ogaki,44202301010200,10
ogaki,44202301010200,10
ogaki,44202301010200,10
ogaki,44202301010300,10
ogaki,44202301010300,10
ogaki,44202301010300,10
ogaki,44202301060100,12
ogaki,44202301060100,12
ogaki,44202301060100,12
ogaki,44202301060200,12
ogaki,44202301060200,12
ogaki,44202301060200,12
ogaki,44202301060300,12
ogaki,44202301060300,12
ogaki,44202301060300,12
ogaki,44202301130100,12
ogaki,44202301130100,12
ogaki,44202301130100,12
ogaki,44202301130200,12
ogaki,44202301130200,12
ogaki,44202301130200,12
ogaki,44202301130300,12
ogaki,44202301130300,12
ogaki,44202301130300,12
ogaki,44202301230100,9
ogaki,44202301230100,9
ogaki,44202301230100,9
ogaki,44202301230100,9
ogaki,44202301230200,1
ogaki,44202301230200,1
ogaki,44202301230200,1
ogaki,44202301230200,1
ogaki,44202301230201,9
ogaki,44202301230201,9
ogaki,44202301230201,9
ogaki,44202301230201,9
ogaki,44202301230400,9
ogaki,44202301230400,9
ogaki,44202301230400,9
ogaki,44202301230400,9
ogaki,44202302010100,9
ogaki,44202302010100,9
ogaki,44202302010100,9
ogaki,44202302010200,9
ogaki,44202302010200,9
ogaki,44202302010200,9
ogaki,44202302010300,9
ogaki,44202302010300,9
ogaki,44202302010300,9
ogaki,44202302080100,9
ogaki,44202302080100,9
ogaki,44202302080100,9
ogaki,44202302080200,9
ogaki,44202302080200,9
ogaki,44202302080200,9
ogaki,44202302080300,9
ogaki,44202302080300,9
ogaki,44202302080300,9
ogaki,44202302130100,12
ogaki,44202302130100,12
ogaki,44202302130100,12
ogaki,44202302130200,12
ogaki,44202302130200,12
ogaki,44202302130200,12
ogaki,44202302130300,12
ogaki,44202302130300,12
ogaki,44202302130300,12
ogaki,44202302180100,9
ogaki,44202302180100,9
ogaki,44202302180100,9
ogaki,44202302180200,9
ogaki,44202302180200,9
ogaki,44202302180200,9
ogaki,44202302180300,9
ogaki,44202302180300,9
ogaki,44202302180300,9
ogaki,44202302270100,12
ogaki,44202302270100,12
ogaki,44202302270100,12
ogaki,44202302270200,12
ogaki,44202302270200,12
ogaki,44202302270200,12
ogaki,44202302270300,12
ogaki,44202302270300,12
ogaki,44202302270300,12
ogaki,44202303040100,12
ogaki,44202303040100,12
ogaki,44202303040100,12
ogaki,44202303040100,12
ogaki,44202303040200,12
ogaki,44202303040200,12
ogaki,44202303040200,12
ogaki,44202303040200,12
ogaki,44202303040300,12
ogaki,44202303040300,12
ogaki,44202303040300,12
ogaki,44202303040300,12
ogaki,44202303040400,12
ogaki,44202303040400,12
ogaki,44202303040400,12
ogaki,44202303040400,12
ogaki,44202303140100,12
ogaki,44202303140100,12
ogaki,44202303140100,12
ogaki,44202303140200,12
ogaki,44202303140200,12
ogaki,44202303140200,12
ogaki,44202303140300,11
ogaki,44202303140300,11
ogaki,44202303140300,11
ogaki,44202303200100,9
ogaki,44202303200100,9
ogaki,44202303200100,9
ogaki,44202303200200,9
ogaki,44202303200200,9
ogaki,44202303200200,9
ogaki,44202303200300,9
ogaki,44202303200300,9
ogaki,44202303200300,9
ogaki,44202303260100,9
ogaki,44202303260100,9
ogaki,44202303260100,9
ogaki,44202303260200,9
ogaki,44202303260200,9
ogaki,44202303260200,9
ogaki,44202303260300,9
ogaki,44202303260300,9
ogaki,44202303260300,9
ogaki,44202304070100,9
ogaki,44202304070100,9
ogaki,44202304070100,9
ogaki,44202304070200,9
ogaki,44202304070200,9
ogaki,44202304070200,9
ogaki,44202304070300,9
ogaki,44202304070300,9
ogaki,44202304070300,9
ogaki,44202304250100,7
ogaki,44202304250100,7
ogaki,44202304250100,7
ogaki,44202304250200,7
ogaki,44202304250200,7
ogaki,44202304250200,7
ogaki,44202304250300,7
ogaki,44202304250300,7
ogaki,44202304250300,7
ogaki,44202305080100,12
ogaki,44202305080100,12
ogaki,44202305080100,12
ogaki,44202305080200,12
ogaki,44202305080200,12
ogaki,44202305080200,12
ogaki,44202305080300,12
ogaki,44202305080300,12
ogaki,44202305080300,12
ogaki,44202305190100,12
ogaki,44202305190100,12
ogaki,44202305190100,12
ogaki,44202305190200,12
ogaki,44202305190200,12
ogaki,44202305190200,12
ogaki,44202305190300,12
ogaki,44202305190300,12
ogaki,44202305190300,12
ogaki,44202306030100,12
ogaki,44202306030100,12
ogaki,44202306030100,12
ogaki,44202306030100,12
ogaki,44202306030200,12
ogaki,44202306030200,12
ogaki,44202306030200,12
ogaki,44202306030200,12
ogaki,44202306030300,12
ogaki,44202306030300,12
ogaki,44202306030300,12
ogaki,44202306030300,12
ogaki,44202306030400,12
ogaki,44202306030400,12
ogaki,44202306030400,12
ogaki,44202306030400,12
ogaki,44202306100100,12
ogaki,44202306100100,12
ogaki,44202306100100,12
ogaki,44202306100200,12
ogaki,44202306100200,12
ogaki,44202306100200,12
ogaki,44202306100300,12
ogaki,44202306100300,12
ogaki,44202306100300,12
ogaki,44202306190100,9
ogaki,44202306190100,9
ogaki,44202306190100,9
ogaki,44202306190200,9
ogaki,44202306190200,9
ogaki,44202306190200,9
ogaki,44202306190300,9
ogaki,44202306190300,9
ogaki,44202306190300,9
ogaki,44202307010100,7
ogaki,44202307010100,7
ogaki,44202307010100,7
ogaki,44202307010200,7
ogaki,44202307010200,7
ogaki,44202307010200,7
ogaki,44202307010300,7
ogaki,44202307010300,7
ogaki,44202307010300,7
ogaki,44202307070100,9
ogaki,44202307070100,9
ogaki,44202307070100,9
ogaki,44202307070200,9
ogaki,44202307070200,9
ogaki,44202307070200,9
ogaki,44202307070300,9
ogaki,44202307070300,9
ogaki,44202307070300,9
ogaki,44202307180100,12
ogaki,44202307180100,12
ogaki,44202307180100,12
ogaki,44202307180200,12
ogaki,44202307180200,12
ogaki,44202307180200,12
ogaki,44202307180300,12
ogaki,44202307180300,12
ogaki,44202307180300,12
ogaki,44202308070100,12
ogaki,44202308070100,12
ogaki,44202308070100,12
ogaki,44202308070200,12
ogaki,44202308070200,12
ogaki,44202308070200,12
ogaki,44202308070300,11
ogaki,44202308070300,11
ogaki,44202308070300,11
ogaki,44202308230100,12
ogaki,44202308230100,12
ogaki,44202308230100,12
ogaki,44202308230200,12
ogaki,44202308230200,12
ogaki,44202308230200,12
ogaki,44202308230300,12
ogaki,44202308230300,12
ogaki,44202308230300,12
ogaki,44202308300100,9
ogaki,44202308300100,9
ogaki,44202308300100,9
ogaki,44202308300200,9
ogaki,44202308300200,9
ogaki,44202308300200,9
ogaki,44202308300300,9
ogaki,44202308300300,9
ogaki,44202308300300,9
ogaki,44202309200100,9
ogaki,44202309200100,9
ogaki,44202309200100,9
ogaki,44202309200200,9
ogaki,44202309200200,9
ogaki,44202309200200,9
ogaki,44202309200300,9
ogaki,44202309200300,9
ogaki,44202309200300,9
ogaki,44202309290100,7
ogaki,44202309290100,7
ogaki,44202309290100,7
ogaki,44202309290200,7
ogaki,44202309290200,7
ogaki,44202309290200,7
ogaki,44202309290300,7
ogaki,44202309290300,7
ogaki,44202309290300,7
ogaki,44202310290100,12
ogaki,44202310290100,12
ogaki,44202310290100,12
ogaki,44202310290200,12
ogaki,44202310290200,12
ogaki,44202310290200,12
ogaki,44202310290300,12
ogaki,44202310290300,12
ogaki,44202310290300,12
ogaki,44202311040100,9
ogaki,44202311040100,9
ogaki,44202311040100,9
ogaki,44202311040200,9
ogaki,44202311040200,9
ogaki,44202311040200,9
ogaki,44202311040300,9
ogaki,44202311040300,9
ogaki,44202311040300,9
ogaki,44202311160100,12
ogaki,44202311160100,12
ogaki,44202311160100,12
ogaki,44202311160100,12
ogaki,44202311160200,12
ogaki,44202311160200,12
ogaki,44202311160200,12
ogaki,44202311160200,12
ogaki,44202311160300,12
ogaki,44202311160300,12
ogaki,44202311160300,12
ogaki,44202311160300,12
ogaki,44202311160400,12
ogaki,44202311160400,12
ogaki,44202311160400,12
ogaki,44202311160400,12
ogaki,44202311230100,7
ogaki,44202311230100,7
ogaki,44202311230100,7
ogaki,44202311230200,7
ogaki,44202311230200,7
ogaki,44202311230200,7
ogaki,44202311230300,7
ogaki,44202311230300,7
ogaki,44202311230300,7
ogaki,44202312050100,9
ogaki,44202312050100,9
ogaki,44202312050100,9
ogaki,44202312050200,9
ogaki,44202312050200,9
ogaki,44202312050200,9
ogaki,44202312050300,9
ogaki,44202312050300,9
ogaki,44202312050300,9
ogaki,44202312110100,12
ogaki,44202312110100,12
ogaki,44202312110100,12
ogaki,44202312110200,12
ogaki,44202312110200,12
ogaki,44202312110200,12
ogaki,44202312110300,12
ogaki,44202312110300,12
ogaki,44202312110300,12
ogaki,44202312230100,7
ogaki,44202312230100,7
ogaki,44202312230100,7
ogaki,44202312230200,6
ogaki,44202312230200,6
ogaki,44202312230200,6
ogaki,44202312230300,6
ogaki,44202312230300,6
ogaki,44202312230300,6
ogaki,44202312310100,12
ogaki,44202312310100,12
ogaki,44202312310100,12
ogaki,44202312310200,12
ogaki,44202312310200,12
ogaki,44202312310200,12
ogaki,44202312310300,12
ogaki,44202312310300,12
ogaki,44202312310300,12
ogaki,44202401070100,12
ogaki,44202401070100,12
ogaki,44202401070100,12
ogaki,44202401070200,12
ogaki,44202401070200,12
ogaki,44202401070200,12
ogaki,44202401070300,11
ogaki,44202401070300,11
ogaki,44202401070300,11
ogaki,44202401180100,12
ogaki,44202401180100,12
ogaki,44202401180100,12
ogaki,44202401180200,12
ogaki,44202401180200,12
ogaki,44202401180200,12
ogaki,44202401180300,12
ogaki,44202401180300,12
ogaki,44202401180300,12
ogaki,44202402160100,9
ogaki,44202402160100,9
ogaki,44202402160100,9
ogaki,44202402160200,9
ogaki,44202402160200,9
ogaki,44202402160200,9
ogaki,44202402160300,8
ogaki,44202402160300,8
ogaki,44202402160300,8
ogaki,44202402220100,9
ogaki,44202402220100,9
ogaki,44202402220100,9
ogaki,44202402220200,9
ogaki,44202402220200,9
ogaki,44202402220200,9
ogaki,44202402220300,9
ogaki,44202402220300,9
ogaki,44202402220300,9
ogaki,44202403200100,9
ogaki,44202403200100,9
ogaki,44202403200100,9
ogaki,44202403200200,9
ogaki,44202403200200,9
ogaki,44202403200200,9
ogaki,44202403200300,9
ogaki,44202403200300,9
ogaki,44202403200300,9
ogaki,44202403260100,9
ogaki,44202403260100,9
ogaki,44202403260100,9
ogaki,44202403260200,9
ogaki,44202403260200,9
ogaki,44202403260200,9
ogaki,44202403260300,9
ogaki,44202403260300,9
ogaki,44202403260300,9
ogaki,44202404010100,7
ogaki,44202404010100,7
ogaki,44202404010100,7
ogaki,44202404010200,7
ogaki,44202404010200,7
ogaki,44202404010200,7
ogaki,44202404010300,7
ogaki,44202404010300,7
ogaki,44202404010300,7
ogaki,44202404100100,9
ogaki,44202404100100,9
ogaki,44202404100100,9
ogaki,44202404100200,9
ogaki,44202404100200,9
ogaki,44202404100200,9
ogaki,44202404100300,9
ogaki,44202404100300,9
ogaki,44202404100300,9
ogaki,44202404190100,9
ogaki,44202404190100,9
ogaki,44202404190100,9
ogaki,44202404190200,9
ogaki,44202404190200,9
ogaki,44202404190200,9
ogaki,44202404190300,9
ogaki,44202404190300,9
ogaki,44202404190300,9
ogaki,44202405090100,12
ogaki,44202405090100,12
ogaki,44202405090100,12
ogaki,44202405090200,12
ogaki,44202405090200,12
ogaki,44202405090200,12
ogaki,44202405090300,12
ogaki,44202405090300,12
ogaki,44202405090300,12
ogaki,44202405190100,12
ogaki,44202405190100,12
ogaki,44202405190100,12
ogaki,44202405190200,12
ogaki,44202405190200,12
ogaki,44202405190200,12
ogaki,44202405190300,12
ogaki,44202405190300,12
ogaki,44202405190300,12
ogaki,44202406050100,12
ogaki,44202406050100,12
ogaki,44202406050100,12
ogaki,44202406050200,12
ogaki,44202406050200,12
ogaki,44202406050200,12
ogaki,44202406050300,12
ogaki,44202406050300,12
ogaki,44202406050300,12
ogaki,44202406170100,12
ogaki,44202406170100,12
ogaki,44202406170100,12
ogaki,44202406170200,12
ogaki,44202406170200,12
ogaki,44202406170200,12
ogaki,44202406170300,12
ogaki,44202406170300,12
ogaki,44202406170300,12
ogaki,44202407050100,12
ogaki,44202407050100,12
ogaki,44202407050100,12
ogaki,44202407050200,12
ogaki,44202407050200,12
ogaki,44202407050200,12
ogaki,44202407050300,12
ogaki,44202407050300,12
ogaki,44202407050300,12
ogaki,44202407130100,9
ogaki,44202407130100,9
ogaki,44202407130100,9
ogaki,44202407130200,9
ogaki,44202407130200,9
ogaki,44202407130200,9
ogaki,44202407130300,8
ogaki,44202407130300,8
ogaki,44202407130300,8
ogaki,44202407190100,7
ogaki,44202407190100,7
ogaki,44202407190100,7
ogaki,44202407190200,7
ogaki,44202407190200,7
ogaki,44202407190200,7
ogaki,44202407190300,7
ogaki,44202407190300,7
ogaki,44202407190300,7
ogaki,44202407280100,9
ogaki,44202407280100,9
ogaki,44202407280100,9
ogaki,44202407280200,9
ogaki,44202407280200,9
ogaki,44202407280200,9
ogaki,44202407280300,9
ogaki,44202407280300,9
ogaki,44202407280300,9
ogaki,44202408090100,12
ogaki,44202408090100,12
ogaki,44202408090100,12
ogaki,44202408090200,12
ogaki,44202408090200,12
ogaki,44202408090200,12
ogaki,44202408090300,12
ogaki,44202408090300,12
ogaki,44202408090300,12
ogaki,44202411050100,9
ogaki,44202411050100,9
ogaki,44202411050100,9
ogaki,44202411050200,9
ogaki,44202411050200,9
ogaki,44202411050200,9
ogaki,44202411050300,9
ogaki,44202411050300,9
ogaki,44202411050300,9
ogaki,44202411150100,9
ogaki,44202411150100,9
ogaki,44202411150100,9
ogaki,44202411150200,9
ogaki,44202411150200,9
ogaki,44202411150200,9
ogaki,44202411150300,9
ogaki,44202411150300,9
ogaki,44202411150300,9
ogaki,44202411250100,12
ogaki,44202411250100,12
ogaki,44202411250100,12
ogaki,44202411250200,12
ogaki,44202411250200,12
ogaki,44202411250200,12
ogaki,44202411250300,12
ogaki,44202411250300,12
ogaki,44202411250300,12
ogaki,44202411300100,12
ogaki,44202411300100,12
ogaki,44202411300100,12
ogaki,44202411300100,12
ogaki,44202411300200,12
ogaki,44202411300200,12
ogaki,44202411300200,12
ogaki,44202411300200,12
ogaki,44202411300300,12
ogaki,44202411300300,12
ogaki,44202411300300,12
ogaki,44202411300300,12
ogaki,44202411300400,12
ogaki,44202411300400,12
ogaki,44202411300400,12
ogaki,44202411300400,12
ogaki,44202501020100,7
ogaki,44202501020100,7
ogaki,44202501020100,7
ogaki,44202501020200,7
ogaki,44202501020200,7
ogaki,44202501020200,7
ogaki,44202501020300,7
ogaki,44202501020300,7
ogaki,44202501020300,7
ogaki,44202501140100,12
ogaki,44202501140100,12
ogaki,44202501140100,12
ogaki,44202501140200,12
ogaki,44202501140200,12
ogaki,44202501140200,12
ogaki,44202501140300,12
ogaki,44202501140300,12
ogaki,44202501140300,12
ogaki,44202501230100,7
ogaki,44202501230100,7
ogaki,44202501230100,7
ogaki,44202501230200,7
ogaki,44202501230200,7
ogaki,44202501230200,7
ogaki,44202501230300,7
ogaki,44202501230300,7
ogaki,44202501230300,7
ogaki,44202502010100,12
ogaki,44202502010100,12
ogaki,44202502010100,12
ogaki,44202502010200,12
ogaki,44202502010200,12
ogaki,44202502010200,12
ogaki,44202502010300,12
ogaki,44202502010300,12
ogaki,44202502010300,12
ogaki,44202502140100,9
ogaki,44202502140100,9
ogaki,44202502140100,9
ogaki,44202502140200,9
ogaki,44202502140200,9
ogaki,44202502140200,9
ogaki,44202502140300,9
ogaki,44202502140300,9
ogaki,44202502140300,9
ogaki,44202502250100,12
ogaki,44202502250100,12
ogaki,44202502250100,12
ogaki,44202502250200,12
ogaki,44202502250200,12
ogaki,44202502250200,12
ogaki,44202502250300,12
ogaki,44202502250300,12
ogaki,44202502250300,12
ogaki,44202503040100,7
ogaki,44202503040100,7
ogaki,44202503040100,7
ogaki,44202503040200,7
ogaki,44202503040200,7
ogaki,44202503040200,7
ogaki,44202503040300,7
ogaki,44202503040300,7
ogaki,44202503040300,7
ogaki,44202503130100,12
ogaki,44202503130100,12
ogaki,44202503130100,12
ogaki,44202503130100,12
ogaki,44202503130200,12
ogaki,44202503130200,12
ogaki,44202503130200,12
ogaki,44202503130200,12
ogaki,44202503130300,12
ogaki,44202503130300,12
ogaki,44202503130300,12
ogaki,44202503130300,12
ogaki,44202503130400,12
ogaki,44202503130400,12
ogaki,44202503130400,12
ogaki,44202503130400,12
ogaki,44202503290100,12
ogaki,44202503290100,12
ogaki,44202503290100,12
ogaki,44202503290200,12
ogaki,44202503290200,12
ogaki,44202503290200,12
ogaki,44202503290300,12
ogaki,44202503290300,12
ogaki,44202503290300,12
ogaki,44202504040100,7
ogaki,44202504040100,7
ogaki,44202504040100,7
ogaki,44202504040200,7
ogaki,44202504040200,7
ogaki,44202504040200,7
ogaki,44202504040300,7
ogaki,44202504040300,7
ogaki,44202504040300,7
ogaki,44202504160100,9
ogaki,44202504160100,9
ogaki,44202504160100,9
ogaki,44202504160200,9
ogaki,44202504160200,9
ogaki,44202504160200,9
ogaki,44202504160300,9
ogaki,44202504160300,9
ogaki,44202504160300,9
ogaki,44202504210100,11
ogaki,44202504210100,11
ogaki,44202504210100,11
ogaki,44202504210200,11
ogaki,44202504210200,11
ogaki,44202504210200,11
ogaki,44202504210300,11
ogaki,44202504210300,11
ogaki,44202504210300,11
ogaki,44202505080100,12
ogaki,44202505080100,12
ogaki,44202505080100,12
ogaki,44202505080200,12
ogaki,44202505080200,12
ogaki,44202505080200,12
ogaki,44202505080300,12
ogaki,44202505080300,12
ogaki,44202505080300,12
ogaki,44202505140100,11
ogaki,44202505140100,11
ogaki,44202505140100,11
ogaki,44202505140200,11
ogaki,44202505140200,11
ogaki,44202505140200,11
ogaki,44202505140300,11
ogaki,44202505140300,11
ogaki,44202505140300,11
ogaki,44202505200100,12
ogaki,44202505200100,12
ogaki,44202505200100,12
ogaki,44202505200200,12
ogaki,44202505200200,12
ogaki,44202505200200,12
ogaki,44202505200300,12
ogaki,44202505200300,12
ogaki,44202505200300,12
ogaki,44202505300100,11
ogaki,44202505300100,11
ogaki,44202505300100,11
ogaki,44202505300200,11
ogaki,44202505300200,11
ogaki,44202505300200,11
ogaki,44202505300300,11
ogaki,44202505300300,11
ogaki,44202505300300,11
ogaki,44202506060100,12
ogaki,44202506060100,12
ogaki,44202506060100,12
ogaki,44202506060200,12
ogaki,44202506060200,12
ogaki,44202506060200,12
ogaki,44202506060300,12
ogaki,44202506060300,12
ogaki,44202506060300,12
ogaki,44202506280100,7
ogaki,44202506280100,7
ogaki,44202506280100,7
ogaki,44202506280200,7
ogaki,44202506280200,7
ogaki,44202506280200,7
ogaki,44202506280300,7
ogaki,44202506280300,7
ogaki,44202506280300,7
ogaki,44202507190100,9
ogaki,44202507190100,9
ogaki,44202507190100,9
ogaki,44202507190200,9
ogaki,44202507190200,9
ogaki,44202507190200,9
ogaki,44202507190300,8
ogaki,44202507190300,8
ogaki,44202507190300,8
ogaki,44202508060100,9
ogaki,44202508060100,9
ogaki,44202508060100,9
ogaki,44202508060200,9
ogaki,44202508060200,9
ogaki,44202508060200,9
ogaki,44202508060300,9
ogaki,44202508060300,9
ogaki,44202508060300,9
ogaki,44202511040100,12
ogaki,44202511040100,12
ogaki,44202511040100,12
ogaki,44202511040200,12
ogaki,44202511040200,12
ogaki,44202511040200,12
ogaki,44202511040300,12
ogaki,44202511040300,12
ogaki,44202511040300,12
ogaki,44202511120100,9
ogaki,44202511120100,9
ogaki,44202511120100,9
ogaki,44202511120200,9
ogaki,44202511120200,9
ogaki,44202511120200,9
ogaki,44202511120300,9
ogaki,44202511120300,9
ogaki,44202511120300,9
ogaki,44202511190100,11
ogaki,44202511190100,11
ogaki,44202511190100,11
ogaki,44202511190200,11
ogaki,44202511190200,11
ogaki,44202511190200,11
ogaki,44202511190300,11
ogaki,44202511190300,11
ogaki,44202511190300,11
ogaki,44202511270100,9
ogaki,44202511270100,9
ogaki,44202511270100,9
ogaki,44202511270200,9
ogaki,44202511270200,9
ogaki,44202511270200,9
ogaki,44202511270300,9
ogaki,44202511270300,9
ogaki,44202511270300,9
ogaki,44202512090100,7
ogaki,44202512090100,7
ogaki,44202512090100,7
ogaki,44202512090200,7
ogaki,44202512090200,7
ogaki,44202512090200,7
ogaki,44202512090300,7
ogaki,44202512090300,7
ogaki,44202512090300,7
ogaki,44202512150100,9
ogaki,44202512150100,9
ogaki,44202512150100,9
ogaki,44202512150200,9
ogaki,44202512150200,9
ogaki,44202512150200,9
ogaki,44202512150300,9
ogaki,44202512150300,9
ogaki,44202512150300,9
ogaki,44202601050100,7
ogaki,44202601050100,7
ogaki,44202601050100,7
ogaki,44202601050200,7
ogaki,44202601050200,7
ogaki,44202601050200,7
ogaki,44202601050300,7
ogaki,44202601050300,7
ogaki,44202601050300,7
ogaki,44202601150100,12
ogaki,44202601150100,12
ogaki,44202601150100,12
ogaki,44202601150200,12
ogaki,44202601150200,12
ogaki,44202601150200,12
ogaki,44202601150300,12
ogaki,44202601150300,12
ogaki,44202601150300,12
ogaki,44202602020100,11
ogaki,44202602020100,11
ogaki,44202602020100,11
ogaki,44202602020200,11
ogaki,44202602020200,11
ogaki,44202602020200,11
ogaki,44202602020300,11
ogaki,44202602020300,11
ogaki,44202602020300,11
ogaki,44202602200100,9
ogaki,44202602200100,9
ogaki,44202602200100,9
ogaki,44202602200200,9
ogaki,44202602200200,9
ogaki,44202602200200,9
ogaki,44202602200300,9
ogaki,44202602200300,9
ogaki,44202602200300,9
ogaki,44202602280100,12
ogaki,44202602280100,12
ogaki,44202602280100,12
ogaki,44202602280100,12
ogaki,44202602280200,12
ogaki,44202602280200,12
ogaki,44202602280200,12
ogaki,44202602280200,12
ogaki,44202602280300,12
ogaki,44202602280300,12
ogaki,44202602280300,12
ogaki,44202602280300,12
ogaki,44202602280400,12
ogaki,44202602280400,12
ogaki,44202602280400,12
ogaki,44202602280400,12
ogaki,44202603130100,9
ogaki,44202603130100,9
ogaki,44202603130100,9
ogaki,44202603130200,9
ogaki,44202603130200,9
ogaki,44202603130200,9
ogaki,44202603130300,9
ogaki,44202603130300,9
ogaki,44202603130300,9
ogaki,44202603250100,12
ogaki,44202603250100,12
ogaki,44202603250100,12
ogaki,44202603250200,12
ogaki,44202603250200,12
ogaki,44202603250200,12
ogaki,44202603250300,12
ogaki,44202603250300,12
ogaki,44202603250300,12
ogaki,44202604010100,11
ogaki,44202604010100,11
ogaki,44202604010100,11
ogaki,44202604010200,11
ogaki,44202604010200,11
ogaki,44202604010200,11
ogaki,44202604010300,11
ogaki,44202604010300,11
ogaki,44202604010300,11
ogaki,44202604080100,12
ogaki,44202604080100,12
ogaki,44202604080100,12
ogaki,44202604080200,12
ogaki,44202604080200,12
ogaki,44202604080200,12
ogaki,44202604080300,12
ogaki,44202604080300,12
ogaki,44202604080300,12
ogaki,44202604130100,11
ogaki,44202604130100,11
ogaki,44202604130100,11
ogaki,44202604130200,11
ogaki,44202604130200,11
ogaki,44202604130200,11
ogaki,44202604130300,11
ogaki,44202604130300,11
ogaki,44202604130300,11
ogaki,44202604190100,9
ogaki,44202604190100,9
ogaki,44202604190100,9
ogaki,44202604190200,9
ogaki,44202604190200,9
ogaki,44202604190200,9
ogaki,44202604190300,9
ogaki,44202604190300,9
ogaki,44202604190300,9
ogaki,44202605130100,9
ogaki,44202605130100,9
ogaki,44202605130100,9
ogaki,44202605130200,9
ogaki,44202605130200,9
ogaki,44202605130200,9
ogaki,44202605130300,9
ogaki,44202605130300,9
ogaki,44202605130300,9
ogaki,44202605200100,12
ogaki,44202605200100,12
ogaki,44202605200100,12
ogaki,44202605200200,12
ogaki,44202605200200,12
ogaki,44202605200200,12
ogaki,44202605200300,12
ogaki,44202605200300,12
ogaki,44202605200300,12
ogaki,44202605250100,12
ogaki,44202605250100,12
ogaki,44202605250100,12
ogaki,44202605250200,12
ogaki,44202605250200,12
ogaki,44202605250200,12
ogaki,44202605250300,12
ogaki,44202605250300,12
ogaki,44202605250300,12
ogaki,44202606080100,7
ogaki,44202606080100,7
ogaki,44202606080100,7
ogaki,44202606080200,7
ogaki,44202606080200,7
ogaki,44202606080200,7
ogaki,44202606080300,7
ogaki,44202606080300,7
ogaki,44202606080300,7
ogaki,44202606250100,7
ogaki,44202606250100,7
ogaki,44202606250200,7
ogaki,44202606250200,7
ogaki,44202606250300,7
ogaki,44202606250300,7
toyohashi,45202301070100,12
toyohashi,45202301070100,12
toyohashi,45202301070100,12
toyohashi,45202301070200,11
toyohashi,45202301070200,11
toyohashi,45202301070200,11
toyohashi,45202301070300,11
toyohashi,45202301070300,11
toyohashi,45202301070300,11
toyohashi,45202301190100,12
toyohashi,45202301190100,12
toyohashi,45202301190100,12
toyohashi,45202301190200,12
toyohashi,45202301190200,12
toyohashi,45202301190200,12
toyohashi,45202301190300,12
toyohashi,45202301190300,12
toyohashi,45202301190300,12
toyohashi,45202301260100,12
toyohashi,45202301260100,12
toyohashi,45202301260100,12
toyohashi,45202301260100,12
toyohashi,45202301260200,12
toyohashi,45202301260200,12
toyohashi,45202301260200,12
toyohashi,45202301260200,12
toyohashi,45202301260300,12
toyohashi,45202301260300,12
toyohashi,45202301260300,12
toyohashi,45202301260300,12
toyohashi,45202301260400,12
toyohashi,45202301260400,12
toyohashi,45202301260400,12
toyohashi,45202301260400,12
toyohashi,45202302010100,12
toyohashi,45202302010100,12
toyohashi,45202302010100,12
toyohashi,45202302010200,12
toyohashi,45202302010200,12
toyohashi,45202302010200,12
toyohashi,45202302010300,12
toyohashi,45202302010300,12
toyohashi,45202302010300,12
toyohashi,45202302060100,12
toyohashi,45202302060100,12
toyohashi,45202302060100,12
toyohashi,45202302060200,12
toyohashi,45202302060200,12
toyohashi,45202302060200,12
toyohashi,45202302060300,12
toyohashi,45202302060300,12
toyohashi,45202302060300,12
toyohashi,45202302110100,9
toyohashi,45202302110100,9
toyohashi,45202302110100,9
toyohashi,45202302110200,9
toyohashi,45202302110200,9
toyohashi,45202302110200,9
toyohashi,45202302110300,9
toyohashi,45202302110300,9
toyohashi,45202302110300,9
toyohashi,45202302260100,12
toyohashi,45202302260100,12
toyohashi,45202302260100,12
toyohashi,45202302260200,12
toyohashi,45202302260200,12
toyohashi,45202302260200,12
toyohashi,45202302260300,12
toyohashi,45202302260300,12
toyohashi,45202302260300,12
toyohashi,45202308040100,7
toyohashi,45202308040100,7
toyohashi,45202308040100,7
toyohashi,45202308040200,7
toyohashi,45202308040200,7
toyohashi,45202308040200,7
toyohashi,45202308040300,7
toyohashi,45202308040300,7
toyohashi,45202308040300,7
toyohashi,45202308120100,9
toyohashi,45202308120100,9
toyohashi,45202308120100,9
toyohashi,45202308120200,9
toyohashi,45202308120200,9
toyohashi,45202308120200,9
toyohashi,45202308120300,9
toyohashi,45202308120300,9
toyohashi,45202308120300,9
toyohashi,45202308180100,12
toyohashi,45202308180100,12
toyohashi,45202308180100,12
toyohashi,45202308180200,12
toyohashi,45202308180200,12
toyohashi,45202308180200,12
toyohashi,45202308180300,12
toyohashi,45202308180300,12
toyohashi,45202308180300,12
toyohashi,45202308240100,7
toyohashi,45202308240100,7
toyohashi,45202308240100,7
toyohashi,45202308240200,7
toyohashi,45202308240200,7
toyohashi,45202308240200,7
toyohashi,45202308240300,7
toyohashi,45202308240300,7
toyohashi,45202308240300,7
toyohashi,45202309070100,12
toyohashi,45202309070100,12
toyohashi,45202309070100,12
toyohashi,45202309070200,12
toyohashi,45202309070200,12
toyohashi,45202309070200,12
toyohashi,45202309070300,12
toyohashi,45202309070300,12
toyohashi,45202309070300,12
toyohashi,45202309130100,12
toyohashi,45202309130100,12
toyohashi,45202309130100,12
toyohashi,45202309130200,12
toyohashi,45202309130200,12
toyohashi,45202309130200,12
toyohashi,45202309130300,12
toyohashi,45202309130300,12
toyohashi,45202309130300,12
toyohashi,45202309200100,7
toyohashi,45202309200100,7
toyohashi,45202309200100,7
toyohashi,45202309200200,7
toyohashi,45202309200200,7
toyohashi,45202309200200,7
toyohashi,45202309200300,7
toyohashi,45202309200300,7
toyohashi,45202309200300,7
toyohashi,45202309280100,12
toyohashi,45202309280100,12
toyohashi,45202309280100,12
toyohashi,45202309280100,12
toyohashi,45202309280200,12
toyohashi,45202309280200,12
toyohashi,45202309280200,12
toyohashi,45202309280200,12
toyohashi,45202309280300,12
toyohashi,45202309280300,12
toyohashi,45202309280300,12
toyohashi,45202309280300,12
toyohashi,45202309280400,12
toyohashi,45202309280400,12
toyohashi,45202309280400,12
toyohashi,45202309280400,12
toyohashi,45202310080100,9
toyohashi,45202310080100,9
toyohashi,45202310080100,9
toyohashi,45202310080200,9
toyohashi,45202310080200,9
toyohashi,45202310080200,9
toyohashi,45202310080300,9
toyohashi,45202310080300,9
toyohashi,45202310080300,9
toyohashi,45202310290100,9
toyohashi,45202310290100,9
toyohashi,45202310290100,9
toyohashi,45202310290200,9
toyohashi,45202310290200,9
toyohashi,45202310290200,9
toyohashi,45202310290300,9
toyohashi,45202310290300,9
toyohashi,45202310290300,9
toyohashi,45202311060100,12
toyohashi,45202311060100,12
toyohashi,45202311060100,12
toyohashi,45202311060200,12
toyohashi,45202311060200,12
toyohashi,45202311060200,12
toyohashi,45202311060300,12
toyohashi,45202311060300,12
toyohashi,45202311060300,12
toyohashi,45202311130100,12
toyohashi,45202311130100,12
toyohashi,45202311130100,12
toyohashi,45202311130200,12
toyohashi,45202311130200,12
toyohashi,45202311130200,12
toyohashi,45202311130300,11
toyohashi,45202311130300,11
toyohashi,45202311130300,11
toyohashi,45202311200100,9
toyohashi,45202311200100,9
toyohashi,45202311200100,9
toyohashi,45202311200200,9
toyohashi,45202311200200,9
toyohashi,45202311200200,9
toyohashi,45202311200300,9
toyohashi,45202311200300,9
toyohashi,45202311200300,9
toyohashi,45202311270100,12
toyohashi,45202311270100,12
toyohashi,45202311270100,12
toyohashi,45202311270200,12
toyohashi,45202311270200,12
toyohashi,45202311270200,12
toyohashi,45202311270300,12
toyohashi,45202311270300,12
toyohashi,45202311270300,12
toyohashi,45202312040100,12
toyohashi,45202312040100,12
toyohashi,45202312040100,12
toyohashi,45202312040200,12
toyohashi,45202312040200,12
toyohashi,45202312040200,12
toyohashi,45202312040300,12
toyohashi,45202312040300,12
toyohashi,45202312040300,12
toyohashi,45202312140100,9
toyohashi,45202312140100,9
toyohashi,45202312140100,9
toyohashi,45202312140200,9
toyohashi,45202312140200,9
toyohashi,45202312140200,9
toyohashi,45202312140300,9
toyohashi,45202312140300,9
toyohashi,45202312140300,9
toyohashi,45202312200100,9
toyohashi,45202312200100,9
toyohashi,45202312200100,9
toyohashi,45202312200200,9
toyohashi,45202312200200,9
toyohashi,45202312200200,9
toyohashi,45202312200300,9
toyohashi,45202312200300,9
toyohashi,45202312200300,9
toyohashi,45202401030100,12
toyohashi,45202401030100,12
toyohashi,45202401030100,12
toyohashi,45202401030200,12
toyohashi,45202401030200,12
toyohashi,45202401030200,12
toyohashi,45202401030300,12
toyohashi,45202401030300,12
toyohashi,45202401030300,12
toyohashi,45202401160100,9
toyohashi,45202401160100,9
toyohashi,45202401160100,9
toyohashi,45202401160200,9
toyohashi,45202401160200,9
toyohashi,45202401160200,9
toyohashi,45202401160300,9
toyohashi,45202401160300,9
toyohashi,45202401160300,9
toyohashi,45202402050100,12
toyohashi,45202402050100,12
toyohashi,45202402050100,12
toyohashi,45202402050200,12
toyohashi,45202402050200,12
toyohashi,45202402050200,12
toyohashi,45202402050300,12
toyohashi,45202402050300,12
toyohashi,45202402050300,12
toyohashi,45202402170100,12
toyohashi,45202402170100,12
toyohashi,45202402170100,12
toyohashi,45202402170200,12
toyohashi,45202402170200,12
toyohashi,45202402170200,12
toyohashi,45202402170300,12
toyohashi,45202402170300,12
toyohashi,45202402170300,12
toyohashi,45202406070100,9
toyohashi,45202406070100,9
toyohashi,45202406070100,9
toyohashi,45202406070200,9
toyohashi,45202406070200,9
toyohashi,45202406070200,9
toyohashi,45202406070300,9
toyohashi,45202406070300,9
toyohashi,45202406070300,9
toyohashi,45202406240100,12
toyohashi,45202406240100,12
toyohashi,45202406240100,12
toyohashi,45202406240200,12
toyohashi,45202406240200,12
toyohashi,45202406240200,12
toyohashi,45202406240300,12
toyohashi,45202406240300,12
toyohashi,45202406240300,12
toyohashi,45202407010100,12
toyohashi,45202407010100,12
toyohashi,45202407010100,12
toyohashi,45202407010200,12
toyohashi,45202407010200,12
toyohashi,45202407010200,12
toyohashi,45202407010300,12
toyohashi,45202407010300,12
toyohashi,45202407010300,12
toyohashi,45202407100100,12
toyohashi,45202407100100,12
toyohashi,45202407100100,12
toyohashi,45202407100200,12
toyohashi,45202407100200,12
toyohashi,45202407100200,12
toyohashi,45202407100300,12
toyohashi,45202407100300,12
toyohashi,45202407100300,12
toyohashi,45202407250100,12
toyohashi,45202407250100,12
toyohashi,45202407250100,12
toyohashi,45202407250200,12
toyohashi,45202407250200,12
toyohashi,45202407250200,12
toyohashi,45202407250300,12
toyohashi,45202407250300,12
toyohashi,45202407250300,12
toyohashi,45202407300100,12
toyohashi,45202407300100,12
toyohashi,45202407300100,12
toyohashi,45202407300200,12
toyohashi,45202407300200,12
toyohashi,45202407300200,12
toyohashi,45202407300300,12
toyohashi,45202407300300,12
toyohashi,45202407300300,12
toyohashi,45202408070100,9
toyohashi,45202408070100,9
toyohashi,45202408070100,9
toyohashi,45202408070200,9
toyohashi,45202408070200,9
toyohashi,45202408070200,9
toyohashi,45202408070300,9
toyohashi,45202408070300,9
toyohashi,45202408070300,9
toyohashi,45202408130100,9
toyohashi,45202408130100,9
toyohashi,45202408130100,9
toyohashi,45202408130200,9
toyohashi,45202408130200,9
toyohashi,45202408130200,9
toyohashi,45202408130300,9
toyohashi,45202408130300,9
toyohashi,45202408130300,9
toyohashi,45202409090100,12
toyohashi,45202409090100,12
toyohashi,45202409090100,12
toyohashi,45202409090200,12
toyohashi,45202409090200,12
toyohashi,45202409090200,12
toyohashi,45202409090300,12
toyohashi,45202409090300,12
toyohashi,45202409090300,12
toyohashi,45202409240100,7
toyohashi,45202409240100,7
toyohashi,45202409240100,7
toyohashi,45202409240200,7
toyohashi,45202409240200,7
toyohashi,45202409240200,7
toyohashi,45202409240300,7
toyohashi,45202409240300,7
toyohashi,45202409240300,7
toyohashi,45202409300100,7
toyohashi,45202409300100,7
toyohashi,45202409300100,7
toyohashi,45202409300200,7
toyohashi,45202409300200,7
toyohashi,45202409300200,7
toyohashi,45202409300300,7
toyohashi,45202409300300,7
toyohashi,45202409300300,7
toyohashi,45202410260100,12
toyohashi,45202410260100,12
toyohashi,45202410260100,12
toyohashi,45202410260200,12
toyohashi,45202410260200,12
toyohashi,45202410260200,12
toyohashi,45202410260300,12
toyohashi,45202410260300,12
toyohashi,45202410260300,12
toyohashi,45202411110100,7
toyohashi,45202411110100,7
toyohashi,45202411110100,7
toyohashi,45202411110200,7
toyohashi,45202411110200,7
toyohashi,45202411110200,7
toyohashi,45202411110300,7
toyohashi,45202411110300,7
toyohashi,45202411110300,7
toyohashi,45202411180100,7
toyohashi,45202411180100,7
toyohashi,45202411180100,7
toyohashi,45202411180200,7
toyohashi,45202411180200,7
toyohashi,45202411180200,7
toyohashi,45202411180300,7
toyohashi,45202411180300,7
toyohashi,45202411180300,7
toyohashi,45202412150100,9
toyohashi,45202412150100,9
toyohashi,45202412150100,9
toyohashi,45202412150200,9
toyohashi,45202412150200,9
toyohashi,45202412150200,9
toyohashi,45202412150300,9
toyohashi,45202412150300,9
toyohashi,45202412150300,9
toyohashi,45202412310100,12
toyohashi,45202412310100,12
toyohashi,45202412310100,12
toyohashi,45202412310200,12
toyohashi,45202412310200,12
toyohashi,45202412310200,12
toyohashi,45202412310300,12
toyohashi,45202412310300,12
toyohashi,45202412310300,12
toyohashi,45202501070100,12
toyohashi,45202501070100,12
toyohashi,45202501070100,12
toyohashi,45202501070200,12
toyohashi,45202501070200,12
toyohashi,45202501070200,12
toyohashi,45202501070300,12
toyohashi,45202501070300,12
toyohashi,45202501070300,12
toyohashi,45202502080100,9
toyohashi,45202502080100,9
toyohashi,45202502080100,9
toyohashi,45202502080200,9
toyohashi,45202502080200,9
toyohashi,45202502080200,9
toyohashi,45202502080300,9
toyohashi,45202502080300,9
toyohashi,45202502080300,9
toyohashi,45202502210100,12
toyohashi,45202502210100,12
toyohashi,45202502210100,12
toyohashi,45202502210100,12
toyohashi,45202502210200,12
toyohashi,45202502210200,12
toyohashi,45202502210200,12
toyohashi,45202502210200,12
toyohashi,45202502210300,12
toyohashi,45202502210300,12
toyohashi,45202502210300,12
toyohashi,45202502210300,12
toyohashi,45202502210400,12
toyohashi,45202502210400,12
toyohashi,45202502210400,12
toyohashi,45202502210400,12
toyohashi,45202503210100,12
toyohashi,45202503210100,12
toyohashi,45202503210100,12
toyohashi,45202503210200,12
toyohashi,45202503210200,12
toyohashi,45202503210200,12
toyohashi,45202503210300,12
toyohashi,45202503210300,12
toyohashi,45202503210300,12
toyohashi,45202503260100,7
toyohashi,45202503260100,7
toyohashi,45202503260100,7
toyohashi,45202503260200,7
toyohashi,45202503260200,7
toyohashi,45202503260200,7
toyohashi,45202503260300,7
toyohashi,45202503260300,7
toyohashi,45202503260300,7
toyohashi,45202504010100,11
toyohashi,45202504010100,11
toyohashi,45202504010100,11
toyohashi,45202504010200,11
toyohashi,45202504010200,11
toyohashi,45202504010200,11
toyohashi,45202504010300,11
toyohashi,45202504010300,11
toyohashi,45202504010300,11
toyohashi,45202504140100,12
toyohashi,45202504140100,12
toyohashi,45202504140100,12
toyohashi,45202504140200,12
toyohashi,45202504140200,12
toyohashi,45202504140200,12
toyohashi,45202504140300,12
toyohashi,45202504140300,12
toyohashi,45202504140300,12
toyohashi,45202505050100,7
toyohashi,45202505050100,7
toyohashi,45202505050100,7
toyohashi,45202505050200,7
toyohashi,45202505050200,7
toyohashi,45202505050200,7
toyohashi,45202505050300,7
toyohashi,45202505050300,7
toyohashi,45202505050300,7
toyohashi,45202505280100,12
toyohashi,45202505280100,12
toyohashi,45202505280100,12
toyohashi,45202505280200,12
toyohashi,45202505280200,12
toyohashi,45202505280200,12
toyohashi,45202505280300,12
toyohashi,45202505280300,12
toyohashi,45202505280300,12
toyohashi,45202506250100,7
toyohashi,45202506250100,7
toyohashi,45202506250100,7
toyohashi,45202506250200,7
toyohashi,45202506250200,7
toyohashi,45202506250200,7
toyohashi,45202506250300,7
toyohashi,45202506250300,7
toyohashi,45202506250300,7
toyohashi,45202507040100,7
toyohashi,45202507040100,7
toyohashi,45202507040100,7
toyohashi,45202507040200,7
toyohashi,45202507040200,7
toyohashi,45202507040200,7
toyohashi,45202507040300,7
toyohashi,45202507040300,7
toyohashi,45202507040300,7
toyohashi,45202507160100,9
toyohashi,45202507160100,9
toyohashi,45202507160100,9
toyohashi,45202507160200,9
toyohashi,45202507160200,9
toyohashi,45202507160200,9
toyohashi,45202507160300,9
toyohashi,45202507160300,9
toyohashi,45202507160300,9
toyohashi,45202507220100,12
toyohashi,45202507220100,12
toyohashi,45202507220100,12
toyohashi,45202507220200,12
toyohashi,45202507220200,12
toyohashi,45202507220200,12
toyohashi,45202507220300,12
toyohashi,45202507220300,12
toyohashi,45202507220300,12
toyohashi,45202509290100,7
toyohashi,45202509290100,7
toyohashi,45202509290100,7
toyohashi,45202509290200,7
toyohashi,45202509290200,7
toyohashi,45202509290200,7
toyohashi,45202509290300,7
toyohashi,45202509290300,7
toyohashi,45202509290300,7
toyohashi,45202510060100,9
toyohashi,45202510060100,9
toyohashi,45202510060100,9
toyohashi,45202510060200,9
toyohashi,45202510060200,9
toyohashi,45202510060200,9
toyohashi,45202510060300,8
toyohashi,45202510060300,8
toyohashi,45202510060300,8
toyohashi,45202510160100,12
toyohashi,45202510160100,12
toyohashi,45202510160100,12
toyohashi,45202510160100,12
toyohashi,45202510160200,12
toyohashi,45202510160200,12
toyohashi,45202510160200,12
toyohashi,45202510160200,12
toyohashi,45202510160300,12
toyohashi,45202510160300,12
toyohashi,45202510160300,12
toyohashi,45202510160300,12
toyohashi,45202510160400,12
toyohashi,45202510160400,12
toyohashi,45202510160400,12
toyohashi,45202510160400,12
toyohashi,45202510280100,12
toyohashi,45202510280100,12
toyohashi,45202510280100,12
toyohashi,45202510280200,12
toyohashi,45202510280200,12
toyohashi,45202510280200,12
toyohashi,45202510280300,12
toyohashi,45202510280300,12
toyohashi,45202510280300,12
toyohashi,45202511120100,11
toyohashi,45202511120100,11
toyohashi,45202511120100,11
toyohashi,45202511120200,11
toyohashi,45202511120200,11
toyohashi,45202511120200,11
toyohashi,45202511120300,11
toyohashi,45202511120300,11
toyohashi,45202511120300,11
toyohashi,45202511300100,7
toyohashi,45202511300100,7
toyohashi,45202511300100,7
toyohashi,45202511300200,7
toyohashi,45202511300200,7
toyohashi,45202511300200,7
toyohashi,45202511300300,7
toyohashi,45202511300300,7
toyohashi,45202511300300,7
toyohashi,45202512230100,7
toyohashi,45202512230100,7
toyohashi,45202512230100,7
toyohashi,45202512230200,7
toyohashi,45202512230200,7
toyohashi,45202512230200,7
toyohashi,45202512230300,7
toyohashi,45202512230300,7
toyohashi,45202512230300,7
toyohashi,45202601020100,12
toyohashi,45202601020100,12
toyohashi,45202601020100,12
toyohashi,45202601020200,12
toyohashi,45202601020200,12
toyohashi,45202601020200,12
toyohashi,45202601020300,12
toyohashi,45202601020300,12
toyohashi,45202601020300,12
toyohashi,45202601170100,9
toyohashi,45202601170100,9
toyohashi,45202601170100,9
toyohashi,45202601170200,9
toyohashi,45202601170200,9
toyohashi,45202601170200,9
toyohashi,45202601170300,9
toyohashi,45202601170300,9
toyohashi,45202601170300,9
toyohashi,45202601230100,7
toyohashi,45202601230100,7
toyohashi,45202601230100,7
toyohashi,45202601230200,7
toyohashi,45202601230200,7
toyohashi,45202601230200,7
toyohashi,45202601230300,7
toyohashi,45202601230300,7
toyohashi,45202601230300,7
toyohashi,45202602230100,12
toyohashi,45202602230100,12
toyohashi,45202602230100,12
toyohashi,45202602230200,12
toyohashi,45202602230200,12
toyohashi,45202602230200,12
toyohashi,45202602230300,12
toyohashi,45202602230300,12
toyohashi,45202602230300,12
toyohashi,45202603040100,7
toyohashi,45202603040100,7
toyohashi,45202603040100,7
toyohashi,45202603040200,7
toyohashi,45202603040200,7
toyohashi,45202603040200,7
toyohashi,45202603040300,7
toyohashi,45202603040300,7
toyohashi,45202603040300,7
toyohashi,45202603100100,9
toyohashi,45202603100100,9
toyohashi,45202603100100,9
toyohashi,45202603100200,9
toyohashi,45202603100200,9
toyohashi,45202603100200,9
toyohashi,45202603100300,9
toyohashi,45202603100300,9
toyohashi,45202603100300,9
toyohashi,45202603280100,12
toyohashi,45202603280100,12
toyohashi,45202603280100,12
toyohashi,45202603280100,12
toyohashi,45202603280200,12
toyohashi,45202603280200,12
toyohashi,45202603280200,12
toyohashi,45202603280200,12
toyohashi,45202603280300,12
toyohashi,45202603280300,12
toyohashi,45202603280300,12
toyohashi,45202603280300,12
toyohashi,45202603280400,12
toyohashi,45202603280400,12
toyohashi,45202603280400,12
toyohashi,45202603280400,12
toyohashi,45202604040100,11
toyohashi,45202604040100,11
toyohashi,45202604040100,11
toyohashi,45202604040200,11
toyohashi,45202604040200,11
toyohashi,45202604040200,11
toyohashi,45202604040300,11
toyohashi,45202604040300,11
toyohashi,45202604040300,11
toyohashi,45202604150100,12
toyohashi,45202604150100,12
toyohashi,45202604150100,12
toyohashi,45202604150200,12
toyohashi,45202604150200,12
toyohashi,45202604150200,12
toyohashi,45202604150300,12
toyohashi,45202604150300,12
toyohashi,45202604150300,12
toyohashi,45202604270100,7
toyohashi,45202604270100,7
toyohashi,45202604270100,7
toyohashi,45202604270200,7
toyohashi,45202604270200,7
toyohashi,45202604270200,7
toyohashi,45202604270300,7
toyohashi,45202604270300,7
toyohashi,45202604270300,7
toyohashi,45202606030100,7
toyohashi,45202606030100,7
toyohashi,45202606030100,7
toyohashi,45202606030200,7
toyohashi,45202606030200,7
toyohashi,45202606030200,7
toyohashi,45202606030300,7
toyohashi,45202606030300,7
toyohashi,45202606030300,7
toyama,46202304090100,12
toyama,46202304090100,12
toyama,46202304090100,12
toyama,46202304090200,12
toyama,46202304090200,12
toyama,46202304090200,12
toyama,46202304090300,12
toyama,46202304090300,12
toyama,46202304090300,12
toyama,46202304200100,12
toyama,46202304200100,12
toyama,46202304200100,12
toyama,46202304200200,12
toyama,46202304200200,12
toyama,46202304200200,12
toyama,46202304200300,12
toyama,46202304200300,12
toyama,46202304200300,12
toyama,46202305010100,12
toyama,46202305010100,12
toyama,46202305010100,12
toyama,46202305010200,12
toyama,46202305010200,12
toyama,46202305010200,12
toyama,46202305010300,12
toyama,46202305010300,12
toyama,46202305010300,12
toyama,46202305110100,12
toyama,46202305110100,12
toyama,46202305110100,12
toyama,46202305110200,12
toyama,46202305110200,12
toyama,46202305110200,12
toyama,46202305110300,12
toyama,46202305110300,12
toyama,46202305110300,12
toyama,46202305270100,12
toyama,46202305270100,12
toyama,46202305270200,12
toyama,46202305270200,12
toyama,46202306280100,12
toyama,46202306280100,12
toyama,46202306280100,12
toyama,46202306280200,12
toyama,46202306280200,12
toyama,46202306280200,12
toyama,46202306280300,11
toyama,46202306280300,11
toyama,46202306280300,11
toyama,46202307060100,12
toyama,46202307060100,12
toyama,46202307060100,12
toyama,46202307060200,12
toyama,46202307060200,12
toyama,46202307060200,12
toyama,46202307060300,12
toyama,46202307060300,12
toyama,46202307060300,12
toyama,46202307120100,12
toyama,46202307120100,12
toyama,46202307120100,12
toyama,46202307120200,12
toyama,46202307120200,12
toyama,46202307120200,12
toyama,46202307120300,12
toyama,46202307120300,12
toyama,46202307120300,12
toyama,46202307220100,12
toyama,46202307220100,12
toyama,46202307220100,12
toyama,46202307220200,12
toyama,46202307220200,12
toyama,46202307220200,12
toyama,46202307220300,12
toyama,46202307220300,12
toyama,46202307220300,12
toyama,46202308030100,12
toyama,46202308030100,12
toyama,46202308030100,12
toyama,46202308030100,12
toyama,46202308030200,12
toyama,46202308030200,12
toyama,46202308030200,12
toyama,46202308030200,12
toyama,46202308030300,12
toyama,46202308030300,12
toyama,46202308030300,12
toyama,46202308030300,12
toyama,46202308030400,12
toyama,46202308030400,12
toyama,46202308030400,12
toyama,46202308030400,12
toyama,46202308110100,12
toyama,46202308110100,12
toyama,46202308110100,12
toyama,46202308110200,12
toyama,46202308110200,12
toyama,46202308110200,12
toyama,46202308110300,11
toyama,46202308110300,11
toyama,46202308110300,11
toyama,46202308250100,12
toyama,46202308250100,12
toyama,46202308250100,12
toyama,46202308250200,12
toyama,46202308250200,12
toyama,46202308250200,12
toyama,46202308250300,12
toyama,46202308250300,12
toyama,46202308250300,12
toyama,46202308310100,12
toyama,46202308310100,12
toyama,46202308310100,12
toyama,46202308310200,12
toyama,46202308310200,12
toyama,46202308310200,12
toyama,46202308310300,12
toyama,46202308310300,12
toyama,46202308310300,12
toyama,46202310100100,12
toyama,46202310100100,12
toyama,46202310100100,12
toyama,46202310100200,12
toyama,46202310100200,12
toyama,46202310100200,12
toyama,46202310100300,12
toyama,46202310100300,12
toyama,46202310100300,12
toyama,46202310150100,12
toyama,46202310150100,12
toyama,46202310150100,12
toyama,46202310150200,12
toyama,46202310150200,12
toyama,46202310150200,12
toyama,46202310150300,12
toyama,46202310150300,12
toyama,46202310150300,12
toyama,46202311010100,12
toyama,46202311010100,12
toyama,46202311010100,12
toyama,46202311010200,12
toyama,46202311010200,12
toyama,46202311010200,12
toyama,46202311010300,12
toyama,46202311010300,12
toyama,46202311010300,12
toyama,46202404270100,12
toyama,46202404270100,12
toyama,46202404270100,12
toyama,46202404270200,12
toyama,46202404270200,12
toyama,46202404270200,12
toyama,46202404270300,12
toyama,46202404270300,12
toyama,46202404270300,12
toyama,46202405030100,12
toyama,46202405030100,12
toyama,46202405030100,12
toyama,46202405030200,12
toyama,46202405030200,12
toyama,46202405030200,12
toyama,46202405030300,12
toyama,46202405030300,12
toyama,46202405030300,12
toyama,46202405120100,12
toyama,46202405120100,12
toyama,46202405120100,12
toyama,46202405120200,12
toyama,46202405120200,12
toyama,46202405120200,12
toyama,46202405120300,12
toyama,46202405120300,12
toyama,46202405120300,12
toyama,46202405290100,12
toyama,46202405290100,12
toyama,46202405290100,12
toyama,46202405290200,12
toyama,46202405290200,12
toyama,46202405290200,12
toyama,46202405290300,12
toyama,46202405290300,12
toyama,46202405290300,12
toyama,46202406070100,12
toyama,46202406070100,12
toyama,46202406070100,12
toyama,46202406070200,12
toyama,46202406070200,12
toyama,46202406070200,12
toyama,46202406070300,12
toyama,46202406070300,12
toyama,46202406070300,12
toyama,46202406280100,12
toyama,46202406280100,12
toyama,46202406280100,12
toyama,46202406280200,12
toyama,46202406280200,12
toyama,46202406280200,12
toyama,46202406280300,12
toyama,46202406280300,12
toyama,46202406280300,12
toyama,46202407210100,12
toyama,46202407210100,12
toyama,46202407210100,12
toyama,46202407210200,12
toyama,46202407210200,12
toyama,46202407210200,12
toyama,46202407210300,11
toyama,46202407210300,11
toyama,46202407210300,11
toyama,46202408010100,12
toyama,46202408010100,12
toyama,46202408010100,12
toyama,46202408010200,12
toyama,46202408010200,12
toyama,46202408010200,12
toyama,46202408010300,12
toyama,46202408010300,12
toyama,46202408010300,12
toyama,46202408200100,12
toyama,46202408200100,12
toyama,46202408200100,12
toyama,46202408200200,12
toyama,46202408200200,12
toyama,46202408200200,12
toyama,46202408200300,12
toyama,46202408200300,12
toyama,46202408200300,12
toyama,46202408290100,12
toyama,46202408290100,12
toyama,46202408290100,12
toyama,46202408290100,12
toyama,46202408290200,12
toyama,46202408290200,12
toyama,46202408290200,12
toyama,46202408290200,12
toyama,46202408290300,12
toyama,46202408290300,12
toyama,46202408290300,12
toyama,46202408290300,12
toyama,46202408290400,12
toyama,46202408290400,12
toyama,46202408290400,12
toyama,46202408290400,12
toyama,46202409100100,12
toyama,46202409100100,12
toyama,46202409100100,12
toyama,46202409100200,12
toyama,46202409100200,12
toyama,46202409100200,12
toyama,46202409100300,12
toyama,46202409100300,12
toyama,46202409100300,12
toyama,46202409170100,12
toyama,46202409170100,12
toyama,46202409170100,12
toyama,46202409170200,12
toyama,46202409170200,12
toyama,46202409170200,12
toyama,46202409170300,12
toyama,46202409170300,12
toyama,46202409170300,12
toyama,46202410060100,12
toyama,46202410060100,12
toyama,46202410060100,12
toyama,46202410060200,12
toyama,46202410060200,12
toyama,46202410060200,12
toyama,46202410060300,12
toyama,46202410060300,12
toyama,46202410060300,12
toyama,46202410130100,12
toyama,46202410130100,12
toyama,46202410130100,12
toyama,46202410130200,12
toyama,46202410130200,12
toyama,46202410130200,12
toyama,46202410130300,12
toyama,46202410130300,12
toyama,46202410130300,12
toyama,46202410250100,12
toyama,46202410250100,12
toyama,46202410250100,12
toyama,46202410250200,12
toyama,46202410250200,12
toyama,46202410250200,12
toyama,46202410250300,12
toyama,46202410250300,12
toyama,46202410250300,12
toyama,46202410290100,12
toyama,46202410290100,12
toyama,46202410290100,12
toyama,46202410290200,12
toyama,46202410290200,12
toyama,46202410290200,12
toyama,46202410290300,12
toyama,46202410290300,12
toyama,46202410290300,12
toyama,46202506030100,11
toyama,46202506030100,11
toyama,46202506030100,11
toyama,46202506030200,11
toyama,46202506030200,11
toyama,46202506030200,11
toyama,46202506030300,11
toyama,46202506030300,11
toyama,46202506030300,11
toyama,46202506120100,12
toyama,46202506120100,12
toyama,46202506120100,12
toyama,46202506120100,12
toyama,46202506120200,12
toyama,46202506120200,12
toyama,46202506120200,12
toyama,46202506120200,12
toyama,46202506120300,12
toyama,46202506120300,12
toyama,46202506120300,12
toyama,46202506120300,12
toyama,46202506120400,12
toyama,46202506120400,12
toyama,46202506120400,12
toyama,46202506120400,12
toyama,46202506190100,11
toyama,46202506190100,11
toyama,46202506190100,11
toyama,46202506190200,11
toyama,46202506190200,11
toyama,46202506190200,11
toyama,46202506190300,10
toyama,46202506190300,10
toyama,46202506190300,10
toyama,46202506230100,12
toyama,46202506230100,12
toyama,46202506230100,12
toyama,46202506230200,12
toyama,46202506230200,12
toyama,46202506230200,12
toyama,46202506230300,12
toyama,46202506230300,12
toyama,46202506230300,12
toyama,46202507150100,11
toyama,46202507150100,11
toyama,46202507150100,11
toyama,46202507150200,11
toyama,46202507150200,11
toyama,46202507150200,11
toyama,46202507150300,11
toyama,46202507150300,11
toyama,46202507150300,11
toyama,46202507270100,12
toyama,46202507270100,12
toyama,46202507270100,12
toyama,46202507270200,12
toyama,46202507270200,12
toyama,46202507270200,12
toyama,46202507270300,12
toyama,46202507270300,12
toyama,46202507270300,12
toyama,46202507310100,12
toyama,46202507310100,12
toyama,46202507310100,12
toyama,46202507310100,12
toyama,46202507310200,12
toyama,46202507310200,12
toyama,46202507310200,12
toyama,46202507310200,12
toyama,46202507310300,12
toyama,46202507310300,12
toyama,46202507310300,12
toyama,46202507310300,12
toyama,46202507310400,12
toyama,46202507310400,12
toyama,46202507310400,12
toyama,46202507310400,12
toyama,46202508060100,11
toyama,46202508060100,11
toyama,46202508060100,11
toyama,46202508060200,11
toyama,46202508060200,11
toyama,46202508060200,11
toyama,46202508060300,11
toyama,46202508060300,11
toyama,46202508060300,11
toyama,46202508120100,12
toyama,46202508120100,12
toyama,46202508120100,12
toyama,46202508120200,12
toyama,46202508120200,12
toyama,46202508120200,12
toyama,46202508120300,12
toyama,46202508120300,12
toyama,46202508120300,12
toyama,46202508210100,11
toyama,46202508210100,11
toyama,46202508210100,11
toyama,46202508210200,11
toyama,46202508210200,11
toyama,46202508210200,11
toyama,46202508210300,11
toyama,46202508210300,11
toyama,46202508210300,11
toyama,46202508260100,11
toyama,46202508260100,11
toyama,46202508260100,11
toyama,46202508260200,11
toyama,46202508260200,11
toyama,46202508260200,11
toyama,46202508260300,11
toyama,46202508260300,11
toyama,46202508260300,11
toyama,46202509200100,12
toyama,46202509200100,12
toyama,46202509200100,12
toyama,46202509200200,12
toyama,46202509200200,12
toyama,46202509200200,12
toyama,46202509200300,12
toyama,46202509200300,12
toyama,46202509200300,12
toyama,46202510010100,11
toyama,46202510010100,11
toyama,46202510010100,11
toyama,46202510010200,11
toyama,46202510010200,11
toyama,46202510010200,11
toyama,46202510010300,11
toyama,46202510010300,11
toyama,46202510010300,11
toyama,46202510070100,12
toyama,46202510070100,12
toyama,46202510070100,12
toyama,46202510070200,12
toyama,46202510070200,12
toyama,46202510070200,12
toyama,46202510070300,12
toyama,46202510070300,12
toyama,46202510070300,12
toyama,46202510210100,11
toyama,46202510210100,11
toyama,46202510210100,11
toyama,46202510210200,11
toyama,46202510210200,11
toyama,46202510210200,11
toyama,46202510210300,11
toyama,46202510210300,11
toyama,46202510210300,11
toyama,46202511080100,12
toyama,46202511080100,12
toyama,46202511080100,12
toyama,46202511080200,12
toyama,46202511080200,12
toyama,46202511080200,12
toyama,46202511080300,12
toyama,46202511080300,12
toyama,46202511080300,12
toyama,46202604120100,12
toyama,46202604120100,12
toyama,46202604120100,12
toyama,46202604120200,12
toyama,46202604120200,12
toyama,46202604120200,12
toyama,46202604120300,12
toyama,46202604120300,12
toyama,46202604120300,12
toyama,46202604300100,11
toyama,46202604300100,11
toyama,46202604300100,11
toyama,46202604300200,11
toyama,46202604300200,11
toyama,46202604300200,11
toyama,46202604300300,11
toyama,46202604300300,11
toyama,46202604300300,11
toyama,46202606160100,11
toyama,46202606160100,11
toyama,46202606160100,11
toyama,46202606160200,11
toyama,46202606160200,11
toyama,46202606160200,11
toyama,46202606160300,11
toyama,46202606160300,11
toyama,46202606160300,11
toyama,46202606250100,12
toyama,46202606250100,12
toyama,46202606250200,12
toyama,46202606250200,12
toyama,46202606250300,12
toyama,46202606250300,12
matsusaka,47202309060100,12
matsusaka,47202309060100,12
matsusaka,47202309060100,12
matsusaka,47202309060200,12
matsusaka,47202309060200,12
matsusaka,47202309060200,12
matsusaka,47202309060300,12
matsusaka,47202309060300,12
matsusaka,47202309060300,12
matsusaka,47202309230100,12
matsusaka,47202309230100,12
matsusaka,47202309230100,12
matsusaka,47202309230100,12
matsusaka,47202309230200,12
matsusaka,47202309230200,12
matsusaka,47202309230200,12
matsusaka,47202309230200,12
matsusaka,47202309230300,12
matsusaka,47202309230300,12
matsusaka,47202309230300,12
matsusaka,47202309230300,12
matsusaka,47202309230400,12
matsusaka,47202309230400,12
matsusaka,47202309230400,12
matsusaka,47202309230400,12
matsusaka,47202310050100,12
matsusaka,47202310050100,12
matsusaka,47202310050100,12
matsusaka,47202310050200,12
matsusaka,47202310050200,12
matsusaka,47202310050200,12
matsusaka,47202310050300,12
matsusaka,47202310050300,12
matsusaka,47202310050300,12
matsusaka,47202310140100,9
matsusaka,47202310140100,9
matsusaka,47202310140100,9
matsusaka,47202310140200,9
matsusaka,47202310140200,9
matsusaka,47202310140200,9
matsusaka,47202310140300,9
matsusaka,47202310140300,9
matsusaka,47202310140300,9
matsusaka,47202310190100,12
matsusaka,47202310190100,12
matsusaka,47202310190100,12
matsusaka,47202310190200,12
matsusaka,47202310190200,12
matsusaka,47202310190200,12
matsusaka,47202310190300,12
matsusaka,47202310190300,12
matsusaka,47202310190300,12
matsusaka,47202310230100,7
matsusaka,47202310230100,7
matsusaka,47202310230100,7
matsusaka,47202310230200,7
matsusaka,47202310230200,7
matsusaka,47202310230200,7
matsusaka,47202310230300,7
matsusaka,47202310230300,7
matsusaka,47202310230300,7
matsusaka,47202311010100,12
matsusaka,47202311010100,12
matsusaka,47202311010100,12
matsusaka,47202311010200,12
matsusaka,47202311010200,12
matsusaka,47202311010200,12
matsusaka,47202311010300,12
matsusaka,47202311010300,12
matsusaka,47202311010300,12
matsusaka,47202311170100,9
matsusaka,47202311170100,9
matsusaka,47202311170100,9
matsusaka,47202311170200,9
matsusaka,47202311170200,9
matsusaka,47202311170200,9
matsusaka,47202311170300,9
matsusaka,47202311170300,9
matsusaka,47202311170300,9
matsusaka,47202311220100,12
matsusaka,47202311220100,12
matsusaka,47202311220100,12
matsusaka,47202311220200,12
matsusaka,47202311220200,12
matsusaka,47202311220200,12
matsusaka,47202311220300,12
matsusaka,47202311220300,12
matsusaka,47202311220300,12
matsusaka,47202311260100,9
matsusaka,47202311260100,9
matsusaka,47202311260100,9
matsusaka,47202311260200,9
matsusaka,47202311260200,9
matsusaka,47202311260200,9
matsusaka,47202311260300,9
matsusaka,47202311260300,9
matsusaka,47202311260300,9
matsusaka,47202312010100,12
matsusaka,47202312010100,12
matsusaka,47202312010100,12
matsusaka,47202312010200,12
matsusaka,47202312010200,12
matsusaka,47202312010200,12
matsusaka,47202312010300,12
matsusaka,47202312010300,12
matsusaka,47202312010300,12
matsusaka,47202312080100,12
matsusaka,47202312080100,12
matsusaka,47202312080100,12
matsusaka,47202312080200,11
matsusaka,47202312080200,11
matsusaka,47202312080200,11
matsusaka,47202312080300,11
matsusaka,47202312080300,11
matsusaka,47202312080300,11
matsusaka,47202312200100,12
matsusaka,47202312200100,12
matsusaka,47202312200100,12
matsusaka,47202312200200,12
matsusaka,47202312200200,12
matsusaka,47202312200200,12
matsusaka,47202312200300,12
matsusaka,47202312200300,12
matsusaka,47202312200300,12
matsusaka,47202312280100,12
matsusaka,47202312280100,12
matsusaka,47202312280100,12
matsusaka,47202312280200,12
matsusaka,47202312280200,12
matsusaka,47202312280200,12
matsusaka,47202312280300,12
matsusaka,47202312280300,12
matsusaka,47202312280300,12
matsusaka,47202401010100,7
matsusaka,47202401010100,7
matsusaka,47202401010100,7
matsusaka,47202401010200,7
matsusaka,47202401010200,7
matsusaka,47202401010200,7
matsusaka,47202401010300,7
matsusaka,47202401010300,7
matsusaka,47202401010300,7
matsusaka,47202401070100,9
matsusaka,47202401070100,9
matsusaka,47202401070100,9
matsusaka,47202401070200,9
matsusaka,47202401070200,9
matsusaka,47202401070200,9
matsusaka,47202401070300,9
matsusaka,47202401070300,9
matsusaka,47202401070300,9
matsusaka,47202401130100,9
matsusaka,47202401130100,9
matsusaka,47202401130100,9
matsusaka,47202401130200,9
matsusaka,47202401130200,9
matsusaka,47202401130200,9
matsusaka,47202401130300,9
matsusaka,47202401130300,9
matsusaka,47202401130300,9
matsusaka,47202401220100,9
matsusaka,47202401220100,9
matsusaka,47202401220100,9
matsusaka,47202401220200,9
matsusaka,47202401220200,9
matsusaka,47202401220200,9
matsusaka,47202401220300,9
matsusaka,47202401220300,9
matsusaka,47202401220300,9
matsusaka,47202401310100,9
matsusaka,47202401310100,9
matsusaka,47202401310100,9
matsusaka,47202401310200,9
matsusaka,47202401310200,9
matsusaka,47202401310200,9
matsusaka,47202401310300,9
matsusaka,47202401310300,9
matsusaka,47202401310300,9
matsusaka,47202402250100,7
matsusaka,47202402250100,7
matsusaka,47202402250100,7
matsusaka,47202402250200,7
matsusaka,47202402250200,7
matsusaka,47202402250200,7
matsusaka,47202402250300,7
matsusaka,47202402250300,7
matsusaka,47202402250300,7
matsusaka,47202403050100,9
matsusaka,47202403050100,9
matsusaka,47202403050100,9
matsusaka,47202403050200,9
matsusaka,47202403050200,9
matsusaka,47202403050200,9
matsusaka,47202403050300,9
matsusaka,47202403050300,9
matsusaka,47202403050300,9
matsusaka,47202403140100,9
matsusaka,47202403140100,9
matsusaka,47202403140100,9
matsusaka,47202403140200,9
matsusaka,47202403140200,9
matsusaka,47202403140200,9
matsusaka,47202403140300,9
matsusaka,47202403140300,9
matsusaka,47202403140300,9
matsusaka,47202403190100,12
matsusaka,47202403190100,12
matsusaka,47202403190100,12
matsusaka,47202403190200,12
matsusaka,47202403190200,12
matsusaka,47202403190200,12
matsusaka,47202403190300,12
matsusaka,47202403190300,12
matsusaka,47202403190300,12
matsusaka,47202403290100,12
matsusaka,47202403290100,12
matsusaka,47202403290100,12
matsusaka,47202403290200,12
matsusaka,47202403290200,12
matsusaka,47202403290200,12
matsusaka,47202403290300,12
matsusaka,47202403290300,12
matsusaka,47202403290300,12
matsusaka,47202404040100,12
matsusaka,47202404040100,12
matsusaka,47202404040100,12
matsusaka,47202404040200,12
matsusaka,47202404040200,12
matsusaka,47202404040200,12
matsusaka,47202404040300,12
matsusaka,47202404040300,12
matsusaka,47202404040300,12
matsusaka,47202404110100,12
matsusaka,47202404110100,12
matsusaka,47202404110100,12
matsusaka,47202404110200,12
matsusaka,47202404110200,12
matsusaka,47202404110200,12
matsusaka,47202404110300,12
matsusaka,47202404110300,12
matsusaka,47202404110300,12
matsusaka,47202405260100,9
matsusaka,47202405260100,9
matsusaka,47202405260100,9
matsusaka,47202405260200,9
matsusaka,47202405260200,9
matsusaka,47202405260200,9
matsusaka,47202405260300,9
matsusaka,47202405260300,9
matsusaka,47202405260300,9
matsusaka,47202406190100,9
matsusaka,47202406190100,9
matsusaka,47202406190100,9
matsusaka,47202406190200,9
matsusaka,47202406190200,9
matsusaka,47202406190200,9
matsusaka,47202406190300,9
matsusaka,47202406190300,9
matsusaka,47202406190300,9
matsusaka,47202407250100,7
matsusaka,47202407250100,7
matsusaka,47202407250100,7
matsusaka,47202407250200,7
matsusaka,47202407250200,7
matsusaka,47202407250200,7
matsusaka,47202407250300,7
matsusaka,47202407250300,7
matsusaka,47202407250300,7
matsusaka,47202408100100,12
matsusaka,47202408100100,12
matsusaka,47202408100100,12
matsusaka,47202408100200,12
matsusaka,47202408100200,12
matsusaka,47202408100200,12
matsusaka,47202408100300,12
matsusaka,47202408100300,12
matsusaka,47202408100300,12
matsusaka,47202408230100,12
matsusaka,47202408230100,12
matsusaka,47202408230100,12
matsusaka,47202408230200,12
matsusaka,47202408230200,12
matsusaka,47202408230200,12
matsusaka,47202408230300,12
matsusaka,47202408230300,12
matsusaka,47202408230300,12
matsusaka,47202409060100,9
matsusaka,47202409060100,9
matsusaka,47202409060100,9
matsusaka,47202409060200,9
matsusaka,47202409060200,9
matsusaka,47202409060200,9
matsusaka,47202409060300,9
matsusaka,47202409060300,9
matsusaka,47202409060300,9
matsusaka,47202409120100,9
matsusaka,47202409120100,9
matsusaka,47202409120100,9
matsusaka,47202409120200,9
matsusaka,47202409120200,9
matsusaka,47202409120200,9
matsusaka,47202409120300,9
matsusaka,47202409120300,9
matsusaka,47202409120300,9
matsusaka,47202409170100,12
matsusaka,47202409170100,12
matsusaka,47202409170100,12
matsusaka,47202409170200,12
matsusaka,47202409170200,12
matsusaka,47202409170200,12
matsusaka,47202409170300,12
matsusaka,47202409170300,12
matsusaka,47202409170300,12
matsusaka,47202409270100,9
matsusaka,47202409270100,9
matsusaka,47202409270100,9
matsusaka,47202409270200,9
matsusaka,47202409270200,9
matsusaka,47202409270200,9
matsusaka,47202409270300,9
matsusaka,47202409270300,9
matsusaka,47202409270300,9
matsusaka,47202410010100,12
matsusaka,47202410010100,12
matsusaka,47202410010100,12
matsusaka,47202410010200,12
matsusaka,47202410010200,12
matsusaka,47202410010200,12
matsusaka,47202410010300,12
matsusaka,47202410010300,12
matsusaka,47202410010300,12
matsusaka,47202410090100,9
matsusaka,47202410090100,9
matsusaka,47202410090100,9
matsusaka,47202410090200,9
matsusaka,47202410090200,9
matsusaka,47202410090200,9
matsusaka,47202410090300,9
matsusaka,47202410090300,9
matsusaka,47202410090300,9
matsusaka,47202410240100,7
matsusaka,47202410240100,7
matsusaka,47202410240100,7
matsusaka,47202410240200,7
matsusaka,47202410240200,7
matsusaka,47202410240200,7
matsusaka,47202410240300,7
matsusaka,47202410240300,7
matsusaka,47202410240300,7
matsusaka,47202410300100,7
matsusaka,47202410300100,7
matsusaka,47202410300100,7
matsusaka,47202410300200,7
matsusaka,47202410300200,7
matsusaka,47202410300200,7
matsusaka,47202410300300,7
matsusaka,47202410300300,7
matsusaka,47202410300300,7
matsusaka,47202411040100,12
matsusaka,47202411040100,12
matsusaka,47202411040100,12
matsusaka,47202411040200,12
matsusaka,47202411040200,12
matsusaka,47202411040200,12
matsusaka,47202411040300,12
matsusaka,47202411040300,12
matsusaka,47202411040300,12
matsusaka,47202411140100,12
matsusaka,47202411140100,12
matsusaka,47202411140100,12
matsusaka,47202411140100,12
matsusaka,47202411140200,12
matsusaka,47202411140200,12
matsusaka,47202411140200,12
matsusaka,47202411140200,12
matsusaka,47202411140300,12
matsusaka,47202411140300,12
matsusaka,47202411140300,12
matsusaka,47202411140300,12
matsusaka,47202411140400,12
matsusaka,47202411140400,12
matsusaka,47202411140400,12
matsusaka,47202411140400,12
matsusaka,47202411240100,7
matsusaka,47202411240100,7
matsusaka,47202411240100,7
matsusaka,47202411240200,7
matsusaka,47202411240200,7
matsusaka,47202411240200,7
matsusaka,47202411240300,7
matsusaka,47202411240300,7
matsusaka,47202411240300,7
matsusaka,47202412120100,9
matsusaka,47202412120100,9
matsusaka,47202412120100,9
matsusaka,47202412120200,9
matsusaka,47202412120200,9
matsusaka,47202412120200,9
matsusaka,47202412120300,9
matsusaka,47202412120300,9
matsusaka,47202412120300,9
matsusaka,47202412190100,12
matsusaka,47202412190100,12
matsusaka,47202412190100,12
matsusaka,47202412190200,12
matsusaka,47202412190200,12
matsusaka,47202412190200,12
matsusaka,47202412190300,12
matsusaka,47202412190300,12
matsusaka,47202412190300,12
matsusaka,47202412240100,7
matsusaka,47202412240100,7
matsusaka,47202412240100,7
matsusaka,47202412240200,7
matsusaka,47202412240200,7
matsusaka,47202412240200,7
matsusaka,47202412240300,7
matsusaka,47202412240300,7
matsusaka,47202412240300,7
matsusaka,47202412280100,12
matsusaka,47202412280100,12
matsusaka,47202412280100,12
matsusaka,47202412280200,12
matsusaka,47202412280200,12
matsusaka,47202412280200,12
matsusaka,47202412280300,12
matsusaka,47202412280300,12
matsusaka,47202412280300,12
matsusaka,47202501020100,7
matsusaka,47202501020100,7
matsusaka,47202501020100,7
matsusaka,47202501020200,5
matsusaka,47202501020200,5
matsusaka,47202501020200,5
matsusaka,47202501020300,5
matsusaka,47202501020300,5
matsusaka,47202501020300,5
matsusaka,47202501080100,12
matsusaka,47202501080100,12
matsusaka,47202501080100,12
matsusaka,47202501080200,12
matsusaka,47202501080200,12
matsusaka,47202501080200,12
matsusaka,47202501080300,12
matsusaka,47202501080300,12
matsusaka,47202501080300,12
matsusaka,47202501140100,9
matsusaka,47202501140100,9
matsusaka,47202501140100,9
matsusaka,47202501140200,9
matsusaka,47202501140200,9
matsusaka,47202501140200,9
matsusaka,47202501140300,8
matsusaka,47202501140300,8
matsusaka,47202501140300,8
matsusaka,47202501230100,12
matsusaka,47202501230100,12
matsusaka,47202501230100,12
matsusaka,47202501230100,12
matsusaka,47202501230200,12
matsusaka,47202501230200,12
matsusaka,47202501230200,12
matsusaka,47202501230200,12
matsusaka,47202501230300,12
matsusaka,47202501230300,12
matsusaka,47202501230300,12
matsusaka,47202501230300,12
matsusaka,47202501230400,12
matsusaka,47202501230400,12
matsusaka,47202501230400,12
matsusaka,47202501230400,12
matsusaka,47202502010100,7
matsusaka,47202502010100,7
matsusaka,47202502010100,7
matsusaka,47202502010200,7
matsusaka,47202502010200,7
matsusaka,47202502010200,7
matsusaka,47202502010300,7
matsusaka,47202502010300,7
matsusaka,47202502010300,7
matsusaka,47202502090100,12
matsusaka,47202502090100,12
matsusaka,47202502090100,12
matsusaka,47202502090200,12
matsusaka,47202502090200,12
matsusaka,47202502090200,12
matsusaka,47202502090300,11
matsusaka,47202502090300,11
matsusaka,47202502090300,11
matsusaka,47202502170100,12
matsusaka,47202502170100,12
matsusaka,47202502170100,12
matsusaka,47202502170200,12
matsusaka,47202502170200,12
matsusaka,47202502170200,12
matsusaka,47202502170300,12
matsusaka,47202502170300,12
matsusaka,47202502170300,12
matsusaka,47202503010100,7
matsusaka,47202503010100,7
matsusaka,47202503010100,7
matsusaka,47202503010200,7
matsusaka,47202503010200,7
matsusaka,47202503010200,7
matsusaka,47202503010300,7
matsusaka,47202503010300,7
matsusaka,47202503010300,7
matsusaka,47202503090100,12
matsusaka,47202503090100,12
matsusaka,47202503090100,12
matsusaka,47202503090200,12
matsusaka,47202503090200,12
matsusaka,47202503090200,12
matsusaka,47202503090300,12
matsusaka,47202503090300,12
matsusaka,47202503090300,12
matsusaka,47202503170100,12
matsusaka,47202503170100,12
matsusaka,47202503170100,12
matsusaka,47202503170200,12
matsusaka,47202503170200,12
matsusaka,47202503170200,12
matsusaka,47202503170300,12
matsusaka,47202503170300,12
matsusaka,47202503170300,12
matsusaka,47202504100100,12
matsusaka,47202504100100,12
matsusaka,47202504100100,12
matsusaka,47202504100200,12
matsusaka,47202504100200,12
matsusaka,47202504100200,12
matsusaka,47202504100300,12
matsusaka,47202504100300,12
matsusaka,47202504100300,12
matsusaka,47202505200100,9
matsusaka,47202505200100,9
matsusaka,47202505200100,9
matsusaka,47202505200200,9
matsusaka,47202505200200,9
matsusaka,47202505200200,9
matsusaka,47202505200300,9
matsusaka,47202505200300,9
matsusaka,47202505200300,9
matsusaka,47202507060100,12
matsusaka,47202507060100,12
matsusaka,47202507060100,12
matsusaka,47202507060200,12
matsusaka,47202507060200,12
matsusaka,47202507060200,12
matsusaka,47202507060300,12
matsusaka,47202507060300,12
matsusaka,47202507060300,12
matsusaka,47202507130100,7
matsusaka,47202507130100,7
matsusaka,47202507130100,7
matsusaka,47202507130200,7
matsusaka,47202507130200,7
matsusaka,47202507130200,7
matsusaka,47202507130300,6
matsusaka,47202507130300,6
matsusaka,47202507130300,6
matsusaka,47202507250100,11
matsusaka,47202507250100,11
matsusaka,47202507250100,11
matsusaka,47202507250200,11
matsusaka,47202507250200,11
matsusaka,47202507250200,11
matsusaka,47202507250300,11
matsusaka,47202507250300,11
matsusaka,47202507250300,11
matsusaka,47202508150100,9
matsusaka,47202508150100,9
matsusaka,47202508150100,9
matsusaka,47202508150200,9
matsusaka,47202508150200,9
matsusaka,47202508150200,9
matsusaka,47202508150300,9
matsusaka,47202508150300,9
matsusaka,47202508150300,9
matsusaka,47202508190100,11
matsusaka,47202508190100,11
matsusaka,47202508190100,11
matsusaka,47202508190200,11
matsusaka,47202508190200,11
matsusaka,47202508190200,11
matsusaka,47202508190300,11
matsusaka,47202508190300,11
matsusaka,47202508190300,11
matsusaka,47202509020100,7
matsusaka,47202509020100,7
matsusaka,47202509020100,7
matsusaka,47202509020200,7
matsusaka,47202509020200,7
matsusaka,47202509020200,7
matsusaka,47202509020300,7
matsusaka,47202509020300,7
matsusaka,47202509020300,7
matsusaka,47202509080100,9
matsusaka,47202509080100,9
matsusaka,47202509080100,9
matsusaka,47202509080200,9
matsusaka,47202509080200,9
matsusaka,47202509080200,9
matsusaka,47202509080300,9
matsusaka,47202509080300,9
matsusaka,47202509080300,9
matsusaka,47202509260100,12
matsusaka,47202509260100,12
matsusaka,47202509260100,12
matsusaka,47202509260200,12
matsusaka,47202509260200,12
matsusaka,47202509260200,12
matsusaka,47202509260300,12
matsusaka,47202509260300,12
matsusaka,47202509260300,12
matsusaka,47202510100100,12
matsusaka,47202510100100,12
matsusaka,47202510100100,12
matsusaka,47202510100100,12
matsusaka,47202510100200,12
matsusaka,47202510100200,12
matsusaka,47202510100200,12
matsusaka,47202510100200,12
matsusaka,47202510100300,12
matsusaka,47202510100300,12
matsusaka,47202510100300,12
matsusaka,47202510100300,12
matsusaka,47202510100400,12
matsusaka,47202510100400,12
matsusaka,47202510100400,12
matsusaka,47202510100400,12
matsusaka,47202510240100,7
matsusaka,47202510240100,7
matsusaka,47202510240100,7
matsusaka,47202510240200,7
matsusaka,47202510240200,7
matsusaka,47202510240200,7
matsusaka,47202510240300,7
matsusaka,47202510240300,7
matsusaka,47202510240300,7
matsusaka,47202511150100,9
matsusaka,47202511150100,9
matsusaka,47202511150100,9
matsusaka,47202511150200,9
matsusaka,47202511150200,9
matsusaka,47202511150200,9
matsusaka,47202511150300,9
matsusaka,47202511150300,9
matsusaka,47202511150300,9
matsusaka,47202511210100,9
matsusaka,47202511210100,9
matsusaka,47202511210100,9
matsusaka,47202511210200,9
matsusaka,47202511210200,9
matsusaka,47202511210200,9
matsusaka,47202511210300,9
matsusaka,47202511210300,9
matsusaka,47202511210300,9
matsusaka,47202512050100,12
matsusaka,47202512050100,12
matsusaka,47202512050100,12
matsusaka,47202512050200,12
matsusaka,47202512050200,12
matsusaka,47202512050200,12
matsusaka,47202512050300,12
matsusaka,47202512050300,12
matsusaka,47202512050300,12
matsusaka,47202512170100,12
matsusaka,47202512170100,12
matsusaka,47202512170100,12
matsusaka,47202512170200,12
matsusaka,47202512170200,12
matsusaka,47202512170200,12
matsusaka,47202512170300,12
matsusaka,47202512170300,12
matsusaka,47202512170300,12
matsusaka,47202512270100,9
matsusaka,47202512270100,9
matsusaka,47202512270100,9
matsusaka,47202512270200,9
matsusaka,47202512270200,9
matsusaka,47202512270200,9
matsusaka,47202512270300,9
matsusaka,47202512270300,9
matsusaka,47202512270300,9
matsusaka,47202512310100,11
matsusaka,47202512310100,11
matsusaka,47202512310100,11
matsusaka,47202512310200,11
matsusaka,47202512310200,11
matsusaka,47202512310200,11
matsusaka,47202512310300,11
matsusaka,47202512310300,11
matsusaka,47202512310300,11
matsusaka,47202601050100,7
matsusaka,47202601050100,7
matsusaka,47202601050100,7
matsusaka,47202601050200,7
matsusaka,47202601050200,7
matsusaka,47202601050200,7
matsusaka,47202601050300,7
matsusaka,47202601050300,7
matsusaka,47202601050300,7
matsusaka,47202602010100,12
matsusaka,47202602010100,12
matsusaka,47202602010100,12
matsusaka,47202602010200,12
matsusaka,47202602010200,12
matsusaka,47202602010200,12
matsusaka,47202602010300,12
matsusaka,47202602010300,12
matsusaka,47202602010300,12
matsusaka,47202602160100,11
matsusaka,47202602160100,11
matsusaka,47202602160100,11
matsusaka,47202602160200,11
matsusaka,47202602160200,11
matsusaka,47202602160200,11
matsusaka,47202602160300,11
matsusaka,47202602160300,11
matsusaka,47202602160300,11
matsusaka,47202602260100,7
matsusaka,47202602260100,7
matsusaka,47202602260100,7
matsusaka,47202602260200,7
matsusaka,47202602260200,7
matsusaka,47202602260200,7
matsusaka,47202602260300,7
matsusaka,47202602260300,7
matsusaka,47202602260300,7
matsusaka,47202603220100,9
matsusaka,47202603220100,9
matsusaka,47202603220100,9
matsusaka,47202603220200,9
matsusaka,47202603220200,9
matsusaka,47202603220200,9
matsusaka,47202603220300,9
matsusaka,47202603220300,9
matsusaka,47202603220300,9
matsusaka,47202604040100,7
matsusaka,47202604040100,7
matsusaka,47202604040100,7
matsusaka,47202604040200,7
matsusaka,47202604040200,7
matsusaka,47202604040200,7
matsusaka,47202604040300,7
matsusaka,47202604040300,7
matsusaka,47202604040300,7
matsusaka,47202605040100,12
matsusaka,47202605040100,12
matsusaka,47202605040100,12
matsusaka,47202605040200,12
matsusaka,47202605040200,12
matsusaka,47202605040200,12
matsusaka,47202605040300,12
matsusaka,47202605040300,12
matsusaka,47202605040300,12
matsusaka,47202605090100,12
matsusaka,47202605090100,12
matsusaka,47202605090100,12
matsusaka,47202605090100,12
matsusaka,47202605090200,12
matsusaka,47202605090200,12
matsusaka,47202605090200,12
matsusaka,47202605090200,12
matsusaka,47202605090300,12
matsusaka,47202605090300,12
matsusaka,47202605090300,12
matsusaka,47202605090300,12
matsusaka,47202605090400,12
matsusaka,47202605090400,12
matsusaka,47202605090400,12
matsusaka,47202605090400,12
matsusaka,47202606070100,12
matsusaka,47202606070100,12
matsusaka,47202606070100,12
matsusaka,47202606070200,11
matsusaka,47202606070200,11
matsusaka,47202606070200,11
matsusaka,47202606070300,11
matsusaka,47202606070300,11
matsusaka,47202606070300,11
matsusaka,47202606150100,9
matsusaka,47202606150100,9
matsusaka,47202606150100,9
matsusaka,47202606150200,9
matsusaka,47202606150200,9
matsusaka,47202606150200,9
matsusaka,47202606150300,9
matsusaka,47202606150300,9
matsusaka,47202606150300,9
yokkaichi,48202302050100,9
yokkaichi,48202302050100,9
yokkaichi,48202302050100,9
yokkaichi,48202302050200,9
yokkaichi,48202302050200,9
yokkaichi,48202302050200,9
yokkaichi,48202302050300,9
yokkaichi,48202302050300,9
yokkaichi,48202302050300,9
yokkaichi,48202302180100,12
yokkaichi,48202302180100,12
yokkaichi,48202302180100,12
yokkaichi,48202302180200,12
yokkaichi,48202302180200,12
yokkaichi,48202302180200,12
yokkaichi,48202302180300,12
yokkaichi,48202302180300,12
yokkaichi,48202302180300,12
yokkaichi,48202303110100,9
yokkaichi,48202303110100,9
yokkaichi,48202303110100,9
yokkaichi,48202303110200,9
yokkaichi,48202303110200,9
yokkaichi,48202303110200,9
yokkaichi,48202303110300,9
yokkaichi,48202303110300,9
yokkaichi,48202303110300,9
yokkaichi,48202303160100,12
yokkaichi,48202303160100,12
yokkaichi,48202303160100,12
yokkaichi,48202303160200,12
yokkaichi,48202303160200,12
yokkaichi,48202303160200,12
yokkaichi,48202303160300,12
yokkaichi,48202303160300,12
yokkaichi,48202303160300,12
yokkaichi,48202303240100,12
yokkaichi,48202303240100,12
yokkaichi,48202303240100,12
yokkaichi,48202303240200,12
yokkaichi,48202303240200,12
yokkaichi,48202303240200,12
yokkaichi,48202303240300,12
yokkaichi,48202303240300,12
yokkaichi,48202303240300,12
yokkaichi,48202303280100,12
yokkaichi,48202303280100,12
yokkaichi,48202303280100,12
yokkaichi,48202303280200,12
yokkaichi,48202303280200,12
yokkaichi,48202303280200,12
yokkaichi,48202303280300,12
yokkaichi,48202303280300,12
yokkaichi,48202303280300,12
yokkaichi,48202304010100,12
yokkaichi,48202304010100,12
yokkaichi,48202304010100,12
yokkaichi,48202304010100,12
yokkaichi,48202304010200,12
yokkaichi,48202304010200,12
yokkaichi,48202304010200,12
yokkaichi,48202304010200,12
yokkaichi,48202304010300,12
yokkaichi,48202304010300,12
yokkaichi,48202304010300,12
yokkaichi,48202304010300,12
yokkaichi,48202304010400,12
yokkaichi,48202304010400,12
yokkaichi,48202304010400,12
yokkaichi,48202304010400,12
yokkaichi,48202304120100,12
yokkaichi,48202304120100,12
yokkaichi,48202304120100,12
yokkaichi,48202304120200,12
yokkaichi,48202304120200,12
yokkaichi,48202304120200,12
yokkaichi,48202304120300,12
yokkaichi,48202304120300,12
yokkaichi,48202304120300,12
yokkaichi,48202304280100,12
yokkaichi,48202304280100,12
yokkaichi,48202304280100,12
yokkaichi,48202304280200,12
yokkaichi,48202304280200,12
yokkaichi,48202304280200,12
yokkaichi,48202304280300,12
yokkaichi,48202304280300,12
yokkaichi,48202304280300,12
yokkaichi,48202305050100,12
yokkaichi,48202305050100,12
yokkaichi,48202305050100,12
yokkaichi,48202305050200,12
yokkaichi,48202305050200,12
yokkaichi,48202305050200,12
yokkaichi,48202305050300,12
yokkaichi,48202305050300,12
yokkaichi,48202305050300,12
yokkaichi,48202305150100,12
yokkaichi,48202305150100,12
yokkaichi,48202305150100,12
yokkaichi,48202305150200,12
yokkaichi,48202305150200,12
yokkaichi,48202305150200,12
yokkaichi,48202305150300,12
yokkaichi,48202305150300,12
yokkaichi,48202305150300,12
yokkaichi,48202305200100,9
yokkaichi,48202305200100,9
yokkaichi,48202305200100,9
yokkaichi,48202305200200,9
yokkaichi,48202305200200,9
yokkaichi,48202305200200,9
yokkaichi,48202305200300,9
yokkaichi,48202305200300,9
yokkaichi,48202305200300,9
yokkaichi,48202306160100,12
yokkaichi,48202306160100,12
yokkaichi,48202306160100,12
yokkaichi,48202306160200,12
yokkaichi,48202306160200,12
yokkaichi,48202306160200,12
yokkaichi,48202306160300,12
yokkaichi,48202306160300,12
yokkaichi,48202306160300,12
yokkaichi,48202306290100,12
yokkaichi,48202306290100,12
yokkaichi,48202306290100,12
yokkaichi,48202306290200,12
yokkaichi,48202306290200,12
yokkaichi,48202306290200,12
yokkaichi,48202306290300,12
yokkaichi,48202306290300,12
yokkaichi,48202306290300,12
yokkaichi,48202307250100,9
yokkaichi,48202307250100,9
yokkaichi,48202307250100,9
yokkaichi,48202307250200,9
yokkaichi,48202307250200,9
yokkaichi,48202307250200,9
yokkaichi,48202307250300,9
yokkaichi,48202307250300,9
yokkaichi,48202307250300,9
yokkaichi,48202309050100,9
yokkaichi,48202309050100,9
yokkaichi,48202309050100,9
yokkaichi,48202309050200,9
yokkaichi,48202309050200,9
yokkaichi,48202309050200,9
yokkaichi,48202309050300,9
yokkaichi,48202309050300,9
yokkaichi,48202309050300,9
yokkaichi,48202309110100,9
yokkaichi,48202309110100,9
yokkaichi,48202309110100,9
yokkaichi,48202309110200,9
yokkaichi,48202309110200,9
yokkaichi,48202309110200,9
yokkaichi,48202309110300,9
yokkaichi,48202309110300,9
yokkaichi,48202309110300,9
yokkaichi,48202311090100,12
yokkaichi,48202311090100,12
yokkaichi,48202311090100,12
yokkaichi,48202311090100,12
yokkaichi,48202311090200,12
yokkaichi,48202311090200,12
yokkaichi,48202311090200,12
yokkaichi,48202311090200,12
yokkaichi,48202311090300,12
yokkaichi,48202311090300,12
yokkaichi,48202311090300,12
yokkaichi,48202311090300,12
yokkaichi,48202311090400,12
yokkaichi,48202311090400,12
yokkaichi,48202311090400,12
yokkaichi,48202311090400,12
yokkaichi,48202311290100,7
yokkaichi,48202311290100,7
yokkaichi,48202311290100,7
yokkaichi,48202311290200,7
yokkaichi,48202311290200,7
yokkaichi,48202311290200,7
yokkaichi,48202311290300,7
yokkaichi,48202311290300,7
yokkaichi,48202311290300,7
yokkaichi,48202312240100,12
yokkaichi,48202312240100,12
yokkaichi,48202312240100,12
yokkaichi,48202312240200,12
yokkaichi,48202312240200,12
yokkaichi,48202312240200,12
yokkaichi,48202312240300,12
yokkaichi,48202312240300,12
yokkaichi,48202312240300,12
yokkaichi,48202401110100,12
yokkaichi,48202401110100,12
yokkaichi,48202401110100,12
yokkaichi,48202401110200,12
yokkaichi,48202401110200,12
yokkaichi,48202401110200,12
yokkaichi,48202401110300,12
yokkaichi,48202401110300,12
yokkaichi,48202401110300,12
yokkaichi,48202402030100,9
yokkaichi,48202402030100,9
yokkaichi,48202402030100,9
yokkaichi,48202402030200,9
yokkaichi,48202402030200,9
yokkaichi,48202402030200,9
yokkaichi,48202402030300,9
yokkaichi,48202402030300,9
yokkaichi,48202402030300,9
yokkaichi,48202402200100,12
yokkaichi,48202402200100,12
yokkaichi,48202402200100,12
yokkaichi,48202402200200,12
yokkaichi,48202402200200,12
yokkaichi,48202402200200,12
yokkaichi,48202402200300,12
yokkaichi,48202402200300,12
yokkaichi,48202402200300,12
yokkaichi,48202403090100,12
yokkaichi,48202403090100,12
yokkaichi,48202403090100,12
yokkaichi,48202403090200,12
yokkaichi,48202403090200,12
yokkaichi,48202403090200,12
yokkaichi,48202403090300,12
yokkaichi,48202403090300,12
yokkaichi,48202403090300,12
yokkaichi,48202403250100,12
yokkaichi,48202403250100,12
yokkaichi,48202403250100,12
yokkaichi,48202403250200,12
yokkaichi,48202403250200,12
yokkaichi,48202403250200,12
yokkaichi,48202403250300,12
yokkaichi,48202403250300,12
yokkaichi,48202403250300,12
yokkaichi,48202404080100,12
yokkaichi,48202404080100,12
yokkaichi,48202404080100,12
yokkaichi,48202404080200,12
yokkaichi,48202404080200,12
yokkaichi,48202404080200,12
yokkaichi,48202404080300,12
yokkaichi,48202404080300,12
yokkaichi,48202404080300,12
yokkaichi,48202404160100,12
yokkaichi,48202404160100,12
yokkaichi,48202404160100,12
yokkaichi,48202404160200,12
yokkaichi,48202404160200,12
yokkaichi,48202404160200,12
yokkaichi,48202404160300,12
yokkaichi,48202404160300,12
yokkaichi,48202404160300,12
yokkaichi,48202404300100,12
yokkaichi,48202404300100,12
yokkaichi,48202404300100,12
yokkaichi,48202404300200,12
yokkaichi,48202404300200,12
yokkaichi,48202404300200,12
yokkaichi,48202404300300,12
yokkaichi,48202404300300,12
yokkaichi,48202404300300,12
yokkaichi,48202405140100,9
yokkaichi,48202405140100,9
yokkaichi,48202405140100,9
yokkaichi,48202405140200,9
yokkaichi,48202405140200,9
yokkaichi,48202405140200,9
yokkaichi,48202405140300,9
yokkaichi,48202405140300,9
yokkaichi,48202405140300,9
yokkaichi,48202406010100,7
yokkaichi,48202406010100,7
yokkaichi,48202406010100,7
yokkaichi,48202406010200,7
yokkaichi,48202406010200,7
yokkaichi,48202406010200,7
yokkaichi,48202406010300,7
yokkaichi,48202406010300,7
yokkaichi,48202406010300,7
yokkaichi,48202406110100,12
yokkaichi,48202406110100,12
yokkaichi,48202406110100,12
yokkaichi,48202406110200,12
yokkaichi,48202406110200,12
yokkaichi,48202406110200,12
yokkaichi,48202406110300,12
yokkaichi,48202406110300,12
yokkaichi,48202406110300,12
yokkaichi,48202406200100,12
yokkaichi,48202406200100,12
yokkaichi,48202406200100,12
yokkaichi,48202406200200,12
yokkaichi,48202406200200,12
yokkaichi,48202406200200,12
yokkaichi,48202406200300,12
yokkaichi,48202406200300,12
yokkaichi,48202406200300,12
yokkaichi,48202409260100,12
yokkaichi,48202409260100,12
yokkaichi,48202409260100,12
yokkaichi,48202409260200,12
yokkaichi,48202409260200,12
yokkaichi,48202409260200,12
yokkaichi,48202409260300,12
yokkaichi,48202409260300,12
yokkaichi,48202409260300,12
yokkaichi,48202410060100,9
yokkaichi,48202410060100,9
yokkaichi,48202410060100,9
yokkaichi,48202410060200,9
yokkaichi,48202410060200,9
yokkaichi,48202410060200,9
yokkaichi,48202410060300,9
yokkaichi,48202410060300,9
yokkaichi,48202410060300,9
yokkaichi,48202410150100,12
yokkaichi,48202410150100,12
yokkaichi,48202410150100,12
yokkaichi,48202410150200,12
yokkaichi,48202410150200,12
yokkaichi,48202410150200,12
yokkaichi,48202410150300,12
yokkaichi,48202410150300,12
yokkaichi,48202410150300,12
yokkaichi,48202410300100,7
yokkaichi,48202410300100,7
yokkaichi,48202410300100,7
yokkaichi,48202410300200,7
yokkaichi,48202410300200,7
yokkaichi,48202410300200,7
yokkaichi,48202410300300,7
yokkaichi,48202410300300,7
yokkaichi,48202410300300,7
yokkaichi,48202411070100,12
yokkaichi,48202411070100,12
yokkaichi,48202411070100,12
yokkaichi,48202411070100,12
yokkaichi,48202411070200,12
yokkaichi,48202411070200,12
yokkaichi,48202411070200,12
yokkaichi,48202411070200,12
yokkaichi,48202411070300,12
yokkaichi,48202411070300,12
yokkaichi,48202411070300,12
yokkaichi,48202411070300,12
yokkaichi,48202411070400,12
yokkaichi,48202411070400,12
yokkaichi,48202411070400,12
yokkaichi,48202411070400,12
yokkaichi,48202412060100,12
yokkaichi,48202412060100,12
yokkaichi,48202412060100,12
yokkaichi,48202412060200,12
yokkaichi,48202412060200,12
yokkaichi,48202412060200,12
yokkaichi,48202412060300,12
yokkaichi,48202412060300,12
yokkaichi,48202412060300,12
yokkaichi,48202412210100,9
yokkaichi,48202412210100,9
yokkaichi,48202412210100,9
yokkaichi,48202412210200,9
yokkaichi,48202412210200,9
yokkaichi,48202412210200,9
yokkaichi,48202412210300,9
yokkaichi,48202412210300,9
yokkaichi,48202412210300,9
yokkaichi,48202501100100,12
yokkaichi,48202501100100,12
yokkaichi,48202501100100,12
yokkaichi,48202501100200,12
yokkaichi,48202501100200,12
yokkaichi,48202501100200,12
yokkaichi,48202501100300,12
yokkaichi,48202501100300,12
yokkaichi,48202501100300,12
yokkaichi,48202503130100,12
yokkaichi,48202503130100,12
yokkaichi,48202503130100,12
yokkaichi,48202503130100,12
yokkaichi,48202503130200,12
yokkaichi,48202503130200,12
yokkaichi,48202503130200,12
yokkaichi,48202503130200,12
yokkaichi,48202503130300,12
yokkaichi,48202503130300,12
yokkaichi,48202503130300,12
yokkaichi,48202503130300,12
yokkaichi,48202503130400,12
yokkaichi,48202503130400,12
yokkaichi,48202503130400,12
yokkaichi,48202503130400,12
yokkaichi,48202503240100,12
yokkaichi,48202503240100,12
yokkaichi,48202503240100,12
yokkaichi,48202503240200,12
yokkaichi,48202503240200,12
yokkaichi,48202503240200,12
yokkaichi,48202503240300,12
yokkaichi,48202503240300,12
yokkaichi,48202503240300,12
yokkaichi,48202503290100,9
yokkaichi,48202503290100,9
yokkaichi,48202503290100,9
yokkaichi,48202503290200,9
yokkaichi,48202503290200,9
yokkaichi,48202503290200,9
yokkaichi,48202503290300,9
yokkaichi,48202503290300,9
yokkaichi,48202503290300,9
yokkaichi,48202504070100,12
yokkaichi,48202504070100,12
yokkaichi,48202504070100,12
yokkaichi,48202504070200,12
yokkaichi,48202504070200,12
yokkaichi,48202504070200,12
yokkaichi,48202504070300,12
yokkaichi,48202504070300,12
yokkaichi,48202504070300,12
yokkaichi,48202504130100,11
yokkaichi,48202504130100,11
yokkaichi,48202504130100,11
yokkaichi,48202504130200,11
yokkaichi,48202504130200,11
yokkaichi,48202504130200,11
yokkaichi,48202504130300,11
yokkaichi,48202504130300,11
yokkaichi,48202504130300,11
yokkaichi,48202505110100,9
yokkaichi,48202505110100,9
yokkaichi,48202505110100,9
yokkaichi,48202505110200,9
yokkaichi,48202505110200,9
yokkaichi,48202505110200,9
yokkaichi,48202505110300,9
yokkaichi,48202505110300,9
yokkaichi,48202505110300,9
yokkaichi,48202505170100,9
yokkaichi,48202505170100,9
yokkaichi,48202505170100,9
yokkaichi,48202505170200,9
yokkaichi,48202505170200,9
yokkaichi,48202505170200,9
yokkaichi,48202505170300,9
yokkaichi,48202505170300,9
yokkaichi,48202505170300,9
yokkaichi,48202505230100,11
yokkaichi,48202505230100,11
yokkaichi,48202505230100,11
yokkaichi,48202505230200,11
yokkaichi,48202505230200,11
yokkaichi,48202505230200,11
yokkaichi,48202505230300,11
yokkaichi,48202505230300,11
yokkaichi,48202505230300,11
yokkaichi,48202505310100,12
yokkaichi,48202505310100,12
yokkaichi,48202505310100,12
yokkaichi,48202505310200,12
yokkaichi,48202505310200,12
yokkaichi,48202505310200,12
yokkaichi,48202505310300,12
yokkaichi,48202505310300,12
yokkaichi,48202505310300,12
yokkaichi,48202506120100,12
yokkaichi,48202506120100,12
yokkaichi,48202506120100,12
yokkaichi,48202506120100,12
yokkaichi,48202506120200,12
yokkaichi,48202506120200,12
yokkaichi,48202506120200,12
yokkaichi,48202506120200,12
yokkaichi,48202506120300,12
yokkaichi,48202506120300,12
yokkaichi,48202506120300,12
yokkaichi,48202506120300,12
yokkaichi,48202506120400,12
yokkaichi,48202506120400,12
yokkaichi,48202506120400,12
yokkaichi,48202506120400,12
yokkaichi,48202506220100,9
yokkaichi,48202506220100,9
yokkaichi,48202506220100,9
yokkaichi,48202506220200,9
yokkaichi,48202506220200,9
yokkaichi,48202506220200,9
yokkaichi,48202506220300,9
yokkaichi,48202506220300,9
yokkaichi,48202506220300,9
yokkaichi,48202507050100,11
yokkaichi,48202507050100,11
yokkaichi,48202507050100,11
yokkaichi,48202507050200,11
yokkaichi,48202507050200,11
yokkaichi,48202507050200,11
yokkaichi,48202507050300,11
yokkaichi,48202507050300,11
yokkaichi,48202507050300,11
yokkaichi,48202507110100,11
yokkaichi,48202507110100,11
yokkaichi,48202507110100,11
yokkaichi,48202507110200,11
yokkaichi,48202507110200,11
yokkaichi,48202507110200,11
yokkaichi,48202507110300,11
yokkaichi,48202507110300,11
yokkaichi,48202507110300,11
yokkaichi,48202507250100,7
yokkaichi,48202507250100,7
yokkaichi,48202507250100,7
yokkaichi,48202507250200,7
yokkaichi,48202507250200,7
yokkaichi,48202507250200,7
yokkaichi,48202507250300,7
yokkaichi,48202507250300,7
yokkaichi,48202507250300,7
yokkaichi,48202508050100,12
yokkaichi,48202508050100,12
yokkaichi,48202508050100,12
yokkaichi,48202508050200,12
yokkaichi,48202508050200,12
yokkaichi,48202508050200,12
yokkaichi,48202508050300,12
yokkaichi,48202508050300,12
yokkaichi,48202508050300,12
yokkaichi,48202508300100,7
yokkaichi,48202508300100,7
yokkaichi,48202508300100,7
yokkaichi,48202508300200,7
yokkaichi,48202508300200,7
yokkaichi,48202508300200,7
yokkaichi,48202508300300,7
yokkaichi,48202508300300,7
yokkaichi,48202508300300,7
yokkaichi,48202509130100,11
yokkaichi,48202509130100,11
yokkaichi,48202509130100,11
yokkaichi,48202509130200,11
yokkaichi,48202509130200,11
yokkaichi,48202509130200,11
yokkaichi,48202509130300,11
yokkaichi,48202509130300,11
yokkaichi,48202509130300,11
yokkaichi,48202509300100,7
yokkaichi,48202509300100,7
yokkaichi,48202509300100,7
yokkaichi,48202509300200,7
yokkaichi,48202509300200,7
yokkaichi,48202509300200,7
yokkaichi,48202509300300,7
yokkaichi,48202509300300,7
yokkaichi,48202509300300,7
yokkaichi,48202510310100,12
yokkaichi,48202510310100,12
yokkaichi,48202510310100,12
yokkaichi,48202510310100,12
yokkaichi,48202510310200,12
yokkaichi,48202510310200,12
yokkaichi,48202510310200,12
yokkaichi,48202510310200,12
yokkaichi,48202510310300,12
yokkaichi,48202510310300,12
yokkaichi,48202510310300,12
yokkaichi,48202510310300,12
yokkaichi,48202510310400,12
yokkaichi,48202510310400,12
yokkaichi,48202510310400,12
yokkaichi,48202510310400,12
yokkaichi,48202511120100,9
yokkaichi,48202511120100,9
yokkaichi,48202511120100,9
yokkaichi,48202511120200,9
yokkaichi,48202511120200,9
yokkaichi,48202511120200,9
yokkaichi,48202511120300,9
yokkaichi,48202511120300,9
yokkaichi,48202511120300,9
yokkaichi,48202512120100,12
yokkaichi,48202512120100,12
yokkaichi,48202512120100,12
yokkaichi,48202512120200,12
yokkaichi,48202512120200,12
yokkaichi,48202512120200,12
yokkaichi,48202512120300,12
yokkaichi,48202512120300,12
yokkaichi,48202512120300,12
yokkaichi,48202512220100,12
yokkaichi,48202512220100,12
yokkaichi,48202512220100,12
yokkaichi,48202512220200,12
yokkaichi,48202512220200,12
yokkaichi,48202512220200,12
yokkaichi,48202512220300,12
yokkaichi,48202512220300,12
yokkaichi,48202512220300,12
yokkaichi,48202601240100,12
yokkaichi,48202601240100,12
yokkaichi,48202601240100,12
yokkaichi,48202601240200,12
yokkaichi,48202601240200,12
yokkaichi,48202601240200,12
yokkaichi,48202601240300,12
yokkaichi,48202601240300,12
yokkaichi,48202601240300,12
yokkaichi,48202601280100,11
yokkaichi,48202601280100,11
yokkaichi,48202601280100,11
yokkaichi,48202601280200,11
yokkaichi,48202601280200,11
yokkaichi,48202601280200,11
yokkaichi,48202601280300,11
yokkaichi,48202601280300,11
yokkaichi,48202601280300,11
fukui,51202303120100,12
fukui,51202303120100,12
fukui,51202303120100,12
fukui,51202303120200,12
fukui,51202303120200,12
fukui,51202303120200,12
fukui,51202303120300,12
fukui,51202303120300,12
fukui,51202303120300,12
fukui,51202303230100,12
fukui,51202303230100,12
fukui,51202303230100,12
fukui,51202303230200,12
fukui,51202303230200,12
fukui,51202303230200,12
fukui,51202303230300,12
fukui,51202303230300,12
fukui,51202303230300,12
fukui,51202304010100,12
fukui,51202304010100,12
fukui,51202304010100,12
fukui,51202304010200,12
fukui,51202304010200,12
fukui,51202304010200,12
fukui,51202304010300,12
fukui,51202304010300,12
fukui,51202304010300,12
fukui,51202304100100,12
fukui,51202304100100,12
fukui,51202304100100,12
fukui,51202304100200,12
fukui,51202304100200,12
fukui,51202304100200,12
fukui,51202304100300,12
fukui,51202304100300,12
fukui,51202304100300,12
fukui,51202305130100,7
fukui,51202305130100,7
fukui,51202305130100,7
fukui,51202305130200,7
fukui,51202305130200,7
fukui,51202305130200,7
fukui,51202305130300,7
fukui,51202305130300,7
fukui,51202305130300,7
fukui,51202305220100,12
fukui,51202305220100,12
fukui,51202305220100,12
fukui,51202305220200,12
fukui,51202305220200,12
fukui,51202305220200,12
fukui,51202305220300,12
fukui,51202305220300,12
fukui,51202305220300,12
fukui,51202306010100,12
fukui,51202306010100,12
fukui,51202306010100,12
fukui,51202306010200,12
fukui,51202306010200,12
fukui,51202306010200,12
fukui,51202306010300,12
fukui,51202306010300,12
fukui,51202306010300,12
fukui,51202307220100,12
fukui,51202307220100,12
fukui,51202307220100,12
fukui,51202307220100,12
fukui,51202307220200,12
fukui,51202307220200,12
fukui,51202307220200,12
fukui,51202307220200,12
fukui,51202307220300,12
fukui,51202307220300,12
fukui,51202307220300,12
fukui,51202307220300,12
fukui,51202307220400,12
fukui,51202307220400,12
fukui,51202307220400,12
fukui,51202307220400,12
fukui,51202307310100,12
fukui,51202307310100,12
fukui,51202307310100,12
fukui,51202307310200,12
fukui,51202307310200,12
fukui,51202307310200,12
fukui,51202307310300,12
fukui,51202307310300,12
fukui,51202307310300,12
fukui,51202308210100,7
fukui,51202308210100,7
fukui,51202308210100,7
fukui,51202308210200,7
fukui,51202308210200,7
fukui,51202308210200,7
fukui,51202308210300,7
fukui,51202308210300,7
fukui,51202308210300,7
fukui,51202309210100,11
fukui,51202309210100,11
fukui,51202309210100,11
fukui,51202309210200,12
fukui,51202309210200,12
fukui,51202309210200,12
fukui,51202310020100,12
fukui,51202310020100,12
fukui,51202310020100,12
fukui,51202310020200,12
fukui,51202310020200,12
fukui,51202310020200,12
fukui,51202310020300,12
fukui,51202310020300,12
fukui,51202310020300,12
fukui,51202310200100,7
fukui,51202310200100,7
fukui,51202310200100,7
fukui,51202310200200,6
fukui,51202310200200,6
fukui,51202310200200,6
fukui,51202310200300,6
fukui,51202310200300,6
fukui,51202310200300,6
fukui,51202311020100,7
fukui,51202311020100,7
fukui,51202311020100,7
fukui,51202311020200,7
fukui,51202311020200,7
fukui,51202311020200,7
fukui,51202311020300,7
fukui,51202311020300,7
fukui,51202311020300,7
fukui,51202311130100,12
fukui,51202311130100,12
fukui,51202311130100,12
fukui,51202311130200,12
fukui,51202311130200,12
fukui,51202311130200,12
fukui,51202311130300,12
fukui,51202311130300,12
fukui,51202311130300,12
fukui,51202311280100,12
fukui,51202311280100,12
fukui,51202311280100,12
fukui,51202311280200,12
fukui,51202311280200,12
fukui,51202311280200,12
fukui,51202311280300,11
fukui,51202311280300,11
fukui,51202311280300,11
fukui,51202403040100,12
fukui,51202403040100,12
fukui,51202403040100,12
fukui,51202403040200,12
fukui,51202403040200,12
fukui,51202403040200,12
fukui,51202403040300,12
fukui,51202403040300,12
fukui,51202403040300,12
fukui,51202403110100,12
fukui,51202403110100,12
fukui,51202403110100,12
fukui,51202403110200,12
fukui,51202403110200,12
fukui,51202403110200,12
fukui,51202403110300,12
fukui,51202403110300,12
fukui,51202403110300,12
fukui,51202403210100,7
fukui,51202403210100,7
fukui,51202403210100,7
fukui,51202403210200,7
fukui,51202403210200,7
fukui,51202403210200,7
fukui,51202403210300,7
fukui,51202403210300,7
fukui,51202403210300,7
fukui,51202403260100,7
fukui,51202403260100,7
fukui,51202403260100,7
fukui,51202403260200,7
fukui,51202403260200,7
fukui,51202403260200,7
fukui,51202403260300,7
fukui,51202403260300,7
fukui,51202403260300,7
fukui,51202404010100,12
fukui,51202404010100,12
fukui,51202404010100,12
fukui,51202404010200,12
fukui,51202404010200,12
fukui,51202404010200,12
fukui,51202404010300,12
fukui,51202404010300,12
fukui,51202404010300,12
fukui,51202404180100,7
fukui,51202404180100,7
fukui,51202404180100,7
fukui,51202404180200,7
fukui,51202404180200,7
fukui,51202404180200,7
fukui,51202404180300,7
fukui,51202404180300,7
fukui,51202404180300,7
fukui,51202404240100,12
fukui,51202404240100,12
fukui,51202404240100,12
fukui,51202404240200,12
fukui,51202404240200,12
fukui,51202404240200,12
fukui,51202404240300,12
fukui,51202404240300,12
fukui,51202404240300,12
fukui,51202405040100,7
fukui,51202405040100,7
fukui,51202405040100,7
fukui,51202405040200,7
fukui,51202405040200,7
fukui,51202405040200,7
fukui,51202405040300,7
fukui,51202405040300,7
fukui,51202405040300,7
fukui,51202405230100,12
fukui,51202405230100,12
fukui,51202405230100,12
fukui,51202405230200,12
fukui,51202405230200,12
fukui,51202405230200,12
fukui,51202405230300,12
fukui,51202405230300,12
fukui,51202405230300,12
fukui,51202406190100,12
fukui,51202406190100,12
fukui,51202406190100,12
fukui,51202406190200,12
fukui,51202406190200,12
fukui,51202406190200,12
fukui,51202406190300,12
fukui,51202406190300,12
fukui,51202406190300,12
fukui,51202406300100,7
fukui,51202406300100,7
fukui,51202406300100,7
fukui,51202406300200,7
fukui,51202406300200,7
fukui,51202406300200,7
fukui,51202406300300,7
fukui,51202406300300,7
fukui,51202406300300,7
fukui,51202407200100,12
fukui,51202407200100,12
fukui,51202407200100,12
fukui,51202407200100,12
fukui,51202407200200,12
fukui,51202407200200,12
fukui,51202407200200,12
fukui,51202407200200,12
fukui,51202407200300,12
fukui,51202407200300,12
fukui,51202407200300,12
fukui,51202407200300,12
fukui,51202407200400,12
fukui,51202407200400,12
fukui,51202407200400,12
fukui,51202407200400,12
fukui,51202407310100,12
fukui,51202407310100,12
fukui,51202407310100,12
fukui,51202407310200,12
fukui,51202407310200,12
fukui,51202407310200,12
fukui,51202407310300,11
fukui,51202407310300,11
fukui,51202407310300,11
fukui,51202408080100,12
fukui,51202408080100,12
fukui,51202408080100,12
fukui,51202408080200,12
fukui,51202408080200,12
fukui,51202408080200,12
fukui,51202408080300,12
fukui,51202408080300,12
fukui,51202408080300,12
fukui,51202408130100,12
fukui,51202408130100,12
fukui,51202408130100,12
fukui,51202408130200,12
fukui,51202408130200,12
fukui,51202408130200,12
fukui,51202408130300,12
fukui,51202408130300,12
fukui,51202408130300,12
fukui,51202409090100,7
fukui,51202409090100,7
fukui,51202409090100,7
fukui,51202409090200,7
fukui,51202409090200,7
fukui,51202409090200,7
fukui,51202409090300,7
fukui,51202409090300,7
fukui,51202409090300,7
fukui,51202409180100,12
fukui,51202409180100,12
fukui,51202409180100,12
fukui,51202409180200,12
fukui,51202409180200,12
fukui,51202409180200,12
fukui,51202409180300,12
fukui,51202409180300,12
fukui,51202409180300,12
fukui,51202409250100,12
fukui,51202409250100,12
fukui,51202409250100,12
fukui,51202409250200,12
fukui,51202409250200,12
fukui,51202409250200,12
fukui,51202409250300,12
fukui,51202409250300,12
fukui,51202409250300,12
fukui,51202410110100,12
fukui,51202410110100,12
fukui,51202410110100,12
fukui,51202410110200,12
fukui,51202410110200,12
fukui,51202410110200,12
fukui,51202410110300,12
fukui,51202410110300,12
fukui,51202410110300,12
fukui,51202504050100,7
fukui,51202504050100,7
fukui,51202504050100,7
fukui,51202504050200,7
fukui,51202504050200,7
fukui,51202504050200,7
fukui,51202504050300,7
fukui,51202504050300,7
fukui,51202504050300,7
fukui,51202504130100,11
fukui,51202504130100,11
fukui,51202504130100,11
fukui,51202504130200,11
fukui,51202504130200,11
fukui,51202504130200,11
fukui,51202504130300,11
fukui,51202504130300,11
fukui,51202504130300,11
fukui,51202504240100,12
fukui,51202504240100,12
fukui,51202504240100,12
fukui,51202504240200,12
fukui,51202504240200,12
fukui,51202504240200,12
fukui,51202504240300,12
fukui,51202504240300,12
fukui,51202504240300,12
fukui,51202505020100,12
fukui,51202505020100,12
fukui,51202505020100,12
fukui,51202505020200,12
fukui,51202505020200,12
fukui,51202505020200,12
fukui,51202505020300,12
fukui,51202505020300,12
fukui,51202505020300,12
fukui,51202505080100,7
fukui,51202505080100,7
fukui,51202505080100,7
fukui,51202505080200,7
fukui,51202505080200,7
fukui,51202505080200,7
fukui,51202505080300,7
fukui,51202505080300,7
fukui,51202505080300,7
fukui,51202505140100,12
fukui,51202505140100,12
fukui,51202505140100,12
fukui,51202505140200,12
fukui,51202505140200,12
fukui,51202505140200,12
fukui,51202505140300,12
fukui,51202505140300,12
fukui,51202505140300,12
fukui,51202505270100,7
fukui,51202505270100,7
fukui,51202505270100,7
fukui,51202505270200,7
fukui,51202505270200,7
fukui,51202505270200,7
fukui,51202505270300,7
fukui,51202505270300,7
fukui,51202505270300,7
fukui,51202506020100,12
fukui,51202506020100,12
fukui,51202506020100,12
fukui,51202506020200,12
fukui,51202506020200,12
fukui,51202506020200,12
fukui,51202506020300,12
fukui,51202506020300,12
fukui,51202506020300,12
fukui,51202506120100,11
fukui,51202506120100,11
fukui,51202506120100,11
fukui,51202506120200,11
fukui,51202506120200,11
fukui,51202506120200,11
fukui,51202506120300,11
fukui,51202506120300,11
fukui,51202506120300,11
fukui,51202506260100,7
fukui,51202506260100,7
fukui,51202506260100,7
fukui,51202506260200,7
fukui,51202506260200,7
fukui,51202506260200,7
fukui,51202506260300,7
fukui,51202506260300,7
fukui,51202506260300,7
fukui,51202507010100,7
fukui,51202507010100,7
fukui,51202507010100,7
fukui,51202507010200,7
fukui,51202507010200,7
fukui,51202507010200,7
fukui,51202507010300,7
fukui,51202507010300,7
fukui,51202507010300,7
fukui,51202507080100,7
fukui,51202507080100,7
fukui,51202507080100,7
fukui,51202507080200,7
fukui,51202507080200,7
fukui,51202507080200,7
fukui,51202507080300,7
fukui,51202507080300,7
fukui,51202507080300,7
fukui,51202507140100,12
fukui,51202507140100,12
fukui,51202507140100,12
fukui,51202507140200,12
fukui,51202507140200,12
fukui,51202507140200,12
fukui,51202507140300,12
fukui,51202507140300,12
fukui,51202507140300,12
fukui,51202508050100,12
fukui,51202508050100,12
fukui,51202508050100,12
fukui,51202508050200,12
fukui,51202508050200,12
fukui,51202508050200,12
fukui,51202508050300,12
fukui,51202508050300,12
fukui,51202508050300,12
fukui,51202508180100,11
fukui,51202508180100,11
fukui,51202508180100,11
fukui,51202508180200,11
fukui,51202508180200,11
fukui,51202508180200,11
fukui,51202508180300,11
fukui,51202508180300,11
fukui,51202508180300,11
fukui,51202508240100,7
fukui,51202508240100,7
fukui,51202508240100,7
fukui,51202508240200,7
fukui,51202508240200,7
fukui,51202508240200,7
fukui,51202508240300,7
fukui,51202508240300,7
fukui,51202508240300,7
fukui,51202509010100,7
fukui,51202509010100,7
fukui,51202509010100,7
fukui,51202509010200,7
fukui,51202509010200,7
fukui,51202509010200,7
fukui,51202509010300,7
fukui,51202509010300,7
fukui,51202509010300,7
fukui,51202509120100,12
fukui,51202509120100,12
fukui,51202509120100,12
fukui,51202509120100,12
fukui,51202509120200,12
fukui,51202509120200,12
fukui,51202509120200,12
fukui,51202509120200,12
fukui,51202509120300,12
fukui,51202509120300,12
fukui,51202509120300,12
fukui,51202509120300,12
fukui,51202509120400,11
fukui,51202509120400,11
fukui,51202509120400,11
fukui,51202509120400,11
fukui,51202509220100,7
fukui,51202509220100,7
fukui,51202509220100,7
fukui,51202509220200,7
fukui,51202509220200,7
fukui,51202509220200,7
fukui,51202509220300,7
fukui,51202509220300,7
fukui,51202509220300,7
nara,53202301080100,12
nara,53202301080100,12
nara,53202301080100,12
nara,53202301080200,12
nara,53202301080200,12
nara,53202301080200,12
nara,53202301080300,12
nara,53202301080300,12
nara,53202301080300,12
nara,53202302020100,12
nara,53202302020100,12
nara,53202302020100,12
nara,53202302020100,12
nara,53202302020200,12
nara,53202302020200,12
nara,53202302020200,12
nara,53202302020200,12
nara,53202302020300,12
nara,53202302020300,12
nara,53202302020300,12
nara,53202302020300,12
nara,53202302020400,12
nara,53202302020400,12
nara,53202302020400,12
nara,53202302020400,12
nara,53202302150100,9
nara,53202302150100,9
nara,53202302150100,9
nara,53202302150200,9
nara,53202302150200,9
nara,53202302150200,9
nara,53202302150300,9
nara,53202302150300,9
nara,53202302150300,9
nara,53202302210100,9
nara,53202302210100,9
nara,53202302210100,9
nara,53202302210200,9
nara,53202302210200,9
nara,53202302210200,9
nara,53202302210300,9
nara,53202302210300,9
nara,53202302210300,9
nara,53202303020100,9
nara,53202303020100,9
nara,53202303020100,9
nara,53202303020200,9
nara,53202303020200,9
nara,53202303020200,9
nara,53202303020300,9
nara,53202303020300,9
nara,53202303020300,9
nara,53202303080100,9
nara,53202303080100,9
nara,53202303080100,9
nara,53202303080200,9
nara,53202303080200,9
nara,53202303080200,9
nara,53202303080300,9
nara,53202303080300,9
nara,53202303080300,9
nara,53202304050100,12
nara,53202304050100,12
nara,53202304050100,12
nara,53202304050200,12
nara,53202304050200,12
nara,53202304050200,12
nara,53202304050300,12
nara,53202304050300,12
nara,53202304050300,12
nara,53202304110100,12
nara,53202304110100,12
nara,53202304110100,12
nara,53202304110200,12
nara,53202304110200,12
nara,53202304110200,12
nara,53202304110300,12
nara,53202304110300,12
nara,53202304110300,12
nara,53202304180100,12
nara,53202304180100,12
nara,53202304180100,12
nara,53202304180200,12
nara,53202304180200,12
nara,53202304180200,12
nara,53202304180300,12
nara,53202304180300,12
nara,53202304180300,12
nara,53202304250100,12
nara,53202304250100,12
nara,53202304250100,12
nara,53202304250200,12
nara,53202304250200,12
nara,53202304250200,12
nara,53202304250300,12
nara,53202304250300,12
nara,53202304250300,12
nara,53202305080100,12
nara,53202305080100,12
nara,53202305080100,12
nara,53202305080200,12
nara,53202305080200,12
nara,53202305080200,12
nara,53202305080300,12
nara,53202305080300,12
nara,53202305080300,12
nara,53202306070100,9
nara,53202306070100,9
nara,53202306070100,9
nara,53202306070200,9
nara,53202306070200,9
nara,53202306070200,9
nara,53202306070300,9
nara,53202306070300,9
nara,53202306070300,9
nara,53202308010100,9
nara,53202308010100,9
nara,53202308010100,9
nara,53202308010200,9
nara,53202308010200,9
nara,53202308010200,9
nara,53202308010300,9
nara,53202308010300,9
nara,53202308010300,9
nara,53202308150101,9
nara,53202308150101,9
nara,53202308150101,9
nara,53202308150101,9
nara,53202308150300,9
nara,53202308150300,9
nara,53202308150300,9
nara,53202308150300,9
nara,53202308150400,9
nara,53202308150400,9
nara,53202308150400,9
nara,53202308150400,9
nara,53202308240100,7
nara,53202308240100,7
nara,53202308240100,7
nara,53202308240200,7
nara,53202308240200,7
nara,53202308240200,7
nara,53202308240300,7
nara,53202308240300,7
nara,53202308240300,7
nara,53202309140100,9
nara,53202309140100,9
nara,53202309140100,9
nara,53202309140200,8
nara,53202309140200,8
nara,53202309140200,8
nara,53202309140300,8
nara,53202309140300,8
nara,53202309140300,8
nara,53202309260100,9
nara,53202309260100,9
nara,53202309260100,9
nara,53202309260200,9
nara,53202309260200,9
nara,53202309260200,9
nara,53202309260300,9
nara,53202309260300,9
nara,53202309260300,9
nara,53202310100100,12
nara,53202310100100,12
nara,53202310100100,12
nara,53202310100200,12
nara,53202310100200,12
nara,53202310100200,12
nara,53202310100300,12
nara,53202310100300,12
nara,53202310100300,12
nara,53202311010100,7
nara,53202311010100,7
nara,53202311010100,7
nara,53202311010200,7
nara,53202311010200,7
nara,53202311010200,7
nara,53202311010300,7
nara,53202311010300,7
nara,53202311010300,7
nara,53202311080100,9
nara,53202311080100,9
nara,53202311080100,9
nara,53202311080200,9
nara,53202311080200,9
nara,53202311080200,9
nara,53202311080300,9
nara,53202311080300,9
nara,53202311080300,9
nara,53202311160100,12
nara,53202311160100,12
nara,53202311160100,12
nara,53202311160200,12
nara,53202311160200,12
nara,53202311160200,12
nara,53202311160300,12
nara,53202311160300,12
nara,53202311160300,12
nara,53202312040100,12
nara,53202312040100,12
nara,53202312040100,12
nara,53202312040200,12
nara,53202312040200,12
nara,53202312040200,12
nara,53202312040300,12
nara,53202312040300,12
nara,53202312040300,12
nara,53202312180100,12
nara,53202312180100,12
nara,53202312180100,12
nara,53202312180200,12
nara,53202312180200,12
nara,53202312180200,12
nara,53202312180300,12
nara,53202312180300,12
nara,53202312180300,12
nara,53202312230100,7
nara,53202312230100,7
nara,53202312230100,7
nara,53202312230200,7
nara,53202312230200,7
nara,53202312230200,7
nara,53202312230300,7
nara,53202312230300,7
nara,53202312230300,7
nara,53202401180100,12
nara,53202401180100,12
nara,53202401180100,12
nara,53202401180200,12
nara,53202401180200,12
nara,53202401180200,12
nara,53202401180300,12
nara,53202401180300,12
nara,53202401180300,12
nara,53202401250100,9
nara,53202401250100,9
nara,53202401250100,9
nara,53202401250200,9
nara,53202401250200,9
nara,53202401250200,9
nara,53202401250300,9
nara,53202401250300,9
nara,53202401250300,9
nara,53202402030100,9
nara,53202402030100,9
nara,53202402030100,9
nara,53202402030200,9
nara,53202402030200,9
nara,53202402030200,9
nara,53202402030300,9
nara,53202402030300,9
nara,53202402030300,9
nara,53202402130100,12
nara,53202402130100,12
nara,53202402130100,12
nara,53202402130200,12
nara,53202402130200,12
nara,53202402130200,12
nara,53202402130300,12
nara,53202402130300,12
nara,53202402130300,12
nara,53202402220100,12
nara,53202402220100,12
nara,53202402220100,12
nara,53202402220100,12
nara,53202402220200,12
nara,53202402220200,12
nara,53202402220200,12
nara,53202402220200,12
nara,53202402220300,12
nara,53202402220300,12
nara,53202402220300,12
nara,53202402220300,12
nara,53202402220400,12
nara,53202402220400,12
nara,53202402220400,12
nara,53202402220400,12
nara,53202402280100,9
nara,53202402280100,9
nara,53202402280100,9
nara,53202402280200,9
nara,53202402280200,9
nara,53202402280200,9
nara,53202402280300,9
nara,53202402280300,9
nara,53202402280300,9
nara,53202404040100,7
nara,53202404040100,7
nara,53202404040100,7
nara,53202404040200,7
nara,53202404040200,7
nara,53202404040200,7
nara,53202404040300,7
nara,53202404040300,7
nara,53202404040300,7
nara,53202404110100,12
nara,53202404110100,12
nara,53202404110100,12
nara,53202404110200,12
nara,53202404110200,12
nara,53202404110200,12
nara,53202404110300,12
nara,53202404110300,12
nara,53202404110300,12
nara,53202405120100,12
nara,53202405120100,12
nara,53202405120100,12
nara,53202405120200,12
nara,53202405120200,12
nara,53202405120200,12
nara,53202405120300,12
nara,53202405120300,12
nara,53202405120300,12
nara,53202405200100,12
nara,53202405200100,12
nara,53202405200100,12
nara,53202405200200,12
nara,53202405200200,12
nara,53202405200200,12
nara,53202405200300,12
nara,53202405200300,12
nara,53202405200300,12
nara,53202406010100,7
nara,53202406010100,7
nara,53202406010100,7
nara,53202406010200,7
nara,53202406010200,7
nara,53202406010200,7
nara,53202406010300,7
nara,53202406010300,7
nara,53202406010300,7
nara,53202406060100,12
nara,53202406060100,12
nara,53202406060100,12
nara,53202406060100,12
nara,53202406060200,12
nara,53202406060200,12
nara,53202406060200,12
nara,53202406060200,12
nara,53202406060300,12
nara,53202406060300,12
nara,53202406060300,12
nara,53202406060300,12
nara,53202406060400,12
nara,53202406060400,12
nara,53202406060400,12
nara,53202406060400,12
nara,53202406250100,7
nara,53202406250100,7
nara,53202406250100,7
nara,53202406250200,6
nara,53202406250200,6
nara,53202406250200,6
nara,53202406250300,6
nara,53202406250300,6
nara,53202406250300,6
nara,53202406300100,12
nara,53202406300100,12
nara,53202406300100,12
nara,53202406300200,12
nara,53202406300200,12
nara,53202406300200,12
nara,53202406300300,12
nara,53202406300300,12
nara,53202406300300,12
nara,53202407130100,12
nara,53202407130100,12
nara,53202407130100,12
nara,53202407130200,12
nara,53202407130200,12
nara,53202407130200,12
nara,53202407130300,12
nara,53202407130300,12
nara,53202407130300,12
nara,53202407280100,9
nara,53202407280100,9
nara,53202407280100,9
nara,53202407280200,9
nara,53202407280200,9
nara,53202407280200,9
nara,53202407280300,9
nara,53202407280300,9
nara,53202407280300,9
nara,53202408250100,9
nara,53202408250100,9
nara,53202408250100,9
nara,53202408250200,9
nara,53202408250200,9
nara,53202408250200,9
nara,53202408250300,9
nara,53202408250300,9
nara,53202408250300,9
nara,53202408310100,7
nara,53202408310100,7
nara,53202408310100,7
nara,53202408310200,7
nara,53202408310200,7
nara,53202408310200,7
nara,53202408310300,7
nara,53202408310300,7
nara,53202408310300,7
nara,53202410180100,7
nara,53202410180100,7
nara,53202410180100,7
nara,53202410180200,7
nara,53202410180200,7
nara,53202410180200,7
nara,53202410180300,7
nara,53202410180300,7
nara,53202410180300,7
nara,53202410270100,12
nara,53202410270100,12
nara,53202410270100,12
nara,53202410270200,12
nara,53202410270200,12
nara,53202410270200,12
nara,53202410270300,12
nara,53202410270300,12
nara,53202410270300,12
nara,53202411140100,12
nara,53202411140100,12
nara,53202411140100,12
nara,53202411140200,12
nara,53202411140200,12
nara,53202411140200,12
nara,53202411140300,12
nara,53202411140300,12
nara,53202411140300,12
nara,53202411270100,12
nara,53202411270100,12
nara,53202411270100,12
nara,53202411270200,12
nara,53202411270200,12
nara,53202411270200,12
nara,53202411270300,12
nara,53202411270300,12
nara,53202411270300,12
nara,53202412040100,12
nara,53202412040100,12
nara,53202412040100,12
nara,53202412040200,12
nara,53202412040200,12
nara,53202412040200,12
nara,53202412040300,12
nara,53202412040300,12
nara,53202412040300,12
nara,53202412270100,9
nara,53202412270100,9
nara,53202412270100,9
nara,53202412270200,9
nara,53202412270200,9
nara,53202412270200,9
nara,53202412270300,9
nara,53202412270300,9
nara,53202412270300,9
nara,53202501050100,7
nara,53202501050100,7
nara,53202501050100,7
nara,53202501050200,7
nara,53202501050200,7
nara,53202501050200,7
nara,53202501050300,7
nara,53202501050300,7
nara,53202501050300,7
nara,53202501140100,12
nara,53202501140100,12
nara,53202501140100,12
nara,53202501140200,12
nara,53202501140200,12
nara,53202501140200,12
nara,53202501140300,12
nara,53202501140300,12
nara,53202501140300,12
nara,53202502010100,7
nara,53202502010100,7
nara,53202502010100,7
nara,53202502010200,7
nara,53202502010200,7
nara,53202502010200,7
nara,53202502010300,7
nara,53202502010300,7
nara,53202502010300,7
nara,53202502080100,12
nara,53202502080100,12
nara,53202502080100,12
nara,53202502080100,12
nara,53202502080200,12
nara,53202502080200,12
nara,53202502080200,12
nara,53202502080200,12
nara,53202502080300,12
nara,53202502080300,12
nara,53202502080300,12
nara,53202502080300,12
nara,53202502080400,12
nara,53202502080400,12
nara,53202502080400,12
nara,53202502080400,12
nara,53202502200100,9
nara,53202502200100,9
nara,53202502200100,9
nara,53202502200200,9
nara,53202502200200,9
nara,53202502200200,9
nara,53202502200300,9
nara,53202502200300,9
nara,53202502200300,9
nara,53202503060100,12
nara,53202503060100,12
nara,53202503060100,12
nara,53202503060200,12
nara,53202503060200,12
nara,53202503060200,12
nara,53202503060300,12
nara,53202503060300,12
nara,53202503060300,12
nara,53202503160100,7
nara,53202503160100,7
nara,53202503160100,7
nara,53202503160200,7
nara,53202503160200,7
nara,53202503160200,7
nara,53202503160300,7
nara,53202503160300,7
nara,53202503160300,7
nara,53202504220100,7
nara,53202504220100,7
nara,53202504220100,7
nara,53202504220200,7
nara,53202504220200,7
nara,53202504220200,7
nara,53202504220300,7
nara,53202504220300,7
nara,53202504220300,7
nara,53202504280100,9
nara,53202504280100,9
nara,53202504280100,9
nara,53202504280200,9
nara,53202504280200,9
nara,53202504280200,9
nara,53202504280300,9
nara,53202504280300,9
nara,53202504280300,9
nara,53202505110100,9
nara,53202505110100,9
nara,53202505110100,9
nara,53202505110200,9
nara,53202505110200,9
nara,53202505110200,9
nara,53202505110300,9
nara,53202505110300,9
nara,53202505110300,9
nara,53202505230100,12
nara,53202505230100,12
nara,53202505230100,12
nara,53202505230200,12
nara,53202505230200,12
nara,53202505230200,12
nara,53202505230300,12
nara,53202505230300,12
nara,53202505230300,12
nara,53202505300100,11
nara,53202505300100,11
nara,53202505300100,11
nara,53202505300200,11
nara,53202505300200,11
nara,53202505300200,11
nara,53202505300300,11
nara,53202505300300,11
nara,53202505300300,11
nara,53202506090100,12
nara,53202506090100,12
nara,53202506090100,12
nara,53202506090200,12
nara,53202506090200,12
nara,53202506090200,12
nara,53202506090300,12
nara,53202506090300,12
nara,53202506090300,12
nara,53202506140100,7
nara,53202506140100,7
nara,53202506140100,7
nara,53202506140200,7
nara,53202506140200,7
nara,53202506140200,7
nara,53202506140300,7
nara,53202506140300,7
nara,53202506140300,7
nara,53202506280100,7
nara,53202506280100,7
nara,53202506280100,7
nara,53202506280200,7
nara,53202506280200,7
nara,53202506280200,7
nara,53202506280300,7
nara,53202506280300,7
nara,53202506280300,7
nara,53202507220100,12
nara,53202507220100,12
nara,53202507220100,12
nara,53202507220200,12
nara,53202507220200,12
nara,53202507220200,12
nara,53202507220300,12
nara,53202507220300,12
nara,53202507220300,12
nara,53202507310100,7
nara,53202507310100,7
nara,53202507310100,7
nara,53202507310200,7
nara,53202507310200,7
nara,53202507310200,7
nara,53202507310300,7
nara,53202507310300,7
nara,53202507310300,7
nara,53202508120100,7
nara,53202508120100,7
nara,53202508120100,7
nara,53202508120200,7
nara,53202508120200,7
nara,53202508120200,7
nara,53202508120300,7
nara,53202508120300,7
nara,53202508120300,7
nara,53202508210100,12
nara,53202508210100,12
nara,53202508210100,12
nara,53202508210200,12
nara,53202508210200,12
nara,53202508210200,12
nara,53202508210300,12
nara,53202508210300,12
nara,53202508210300,12
nara,53202508270100,9
nara,53202508270100,9
nara,53202508270100,9
nara,53202508270200,9
nara,53202508270200,9
nara,53202508270200,9
nara,53202508270300,8
nara,53202508270300,8
nara,53202508270300,8
nara,53202509070100,12
nara,53202509070100,12
nara,53202509070100,12
nara,53202509070200,12
nara,53202509070200,12
nara,53202509070200,12
nara,53202509070300,12
nara,53202509070300,12
nara,53202509070300,12
nara,53202509190100,12
nara,53202509190100,12
nara,53202509190100,12
nara,53202509190200,12
nara,53202509190200,12
nara,53202509190200,12
nara,53202509190300,12
nara,53202509190300,12
nara,53202509190300,12
nara,53202509250100,12
nara,53202509250100,12
nara,53202509250100,12
nara,53202509250100,12
nara,53202509250200,12
nara,53202509250200,12
nara,53202509250200,12
nara,53202509250200,12
nara,53202509250300,12
nara,53202509250300,12
nara,53202509250300,12
nara,53202509250300,12
nara,53202509250400,12
nara,53202509250400,12
nara,53202509250400,12
nara,53202509250400,12
nara,53202510030100,7
nara,53202510030100,7
nara,53202510030100,7
nara,53202510030200,7
nara,53202510030200,7
nara,53202510030200,7
nara,53202510030300,7
nara,53202510030300,7
nara,53202510030300,7
nara,53202510120100,9
nara,53202510120100,9
nara,53202510120100,9
nara,53202510120200,9
nara,53202510120200,9
nara,53202510120200,9
nara,53202510120300,9
nara,53202510120300,9
nara,53202510120300,9
nara,53202510210100,11
nara,53202510210100,11
nara,53202510210100,11
nara,53202510210200,11
nara,53202510210200,11
nara,53202510210200,11
nara,53202510210300,11
nara,53202510210300,11
nara,53202510210300,11
nara,53202510310100,7
nara,53202510310100,7
nara,53202510310100,7
nara,53202510310200,7
nara,53202510310200,7
nara,53202510310200,7
nara,53202510310300,7
nara,53202510310300,7
nara,53202510310300,7
nara,53202511060100,12
nara,53202511060100,12
nara,53202511060100,12
nara,53202511060200,12
nara,53202511060200,12
nara,53202511060200,12
nara,53202511060300,12
nara,53202511060300,12
nara,53202511060300,12
nara,53202511120100,7
nara,53202511120100,7
nara,53202511120100,7
nara,53202511120200,7
nara,53202511120200,7
nara,53202511120200,7
nara,53202511120300,7
nara,53202511120300,7
nara,53202511120300,7
nara,53202511180100,9
nara,53202511180100,9
nara,53202511180100,9
nara,53202511180200,9
nara,53202511180200,9
nara,53202511180200,9
nara,53202511180300,9
nara,53202511180300,9
nara,53202511180300,9
nara,53202511240100,7
nara,53202511240100,7
nara,53202511240100,7
nara,53202511240200,7
nara,53202511240200,7
nara,53202511240200,7
nara,53202511240300,7
nara,53202511240300,7
nara,53202511240300,7
nara,53202511300100,7
nara,53202511300100,7
nara,53202511300100,7
nara,53202511300200,7
nara,53202511300200,7
nara,53202511300200,7
nara,53202511300300,7
nara,53202511300300,7
nara,53202511300300,7
nara,53202512110100,12
nara,53202512110100,12
nara,53202512110100,12
nara,53202512110200,12
nara,53202512110200,12
nara,53202512110200,12
nara,53202512110300,12
nara,53202512110300,12
nara,53202512110300,12
nara,53202512250100,12
nara,53202512250100,12
nara,53202512250100,12
nara,53202512250200,12
nara,53202512250200,12
nara,53202512250200,12
nara,53202512250300,12
nara,53202512250300,12
nara,53202512250300,12
nara,53202601140100,9
nara,53202601140100,9
nara,53202601140100,9
nara,53202601140200,9
nara,53202601140200,9
nara,53202601140200,9
nara,53202601140300,9
nara,53202601140300,9
nara,53202601140300,9
nara,53202601290100,9
nara,53202601290100,9
nara,53202601290100,9
nara,53202601290200,9
nara,53202601290200,9
nara,53202601290200,9
nara,53202601290300,9
nara,53202601290300,9
nara,53202601290300,9
nara,53202602050100,12
nara,53202602050100,12
nara,53202602050100,12
nara,53202602050100,12
nara,53202602050200,12
nara,53202602050200,12
nara,53202602050200,12
nara,53202602050200,12
nara,53202602050300,12
nara,53202602050300,12
nara,53202602050300,12
nara,53202602050300,12
nara,53202602050400,12
nara,53202602050400,12
nara,53202602050400,12
nara,53202602050400,12
nara,53202602140100,9
nara,53202602140100,9
nara,53202602140100,9
nara,53202602140200,9
nara,53202602140200,9
nara,53202602140200,9
nara,53202602140300,9
nara,53202602140300,9
nara,53202602140300,9
nara,53202602270100,7
nara,53202602270100,7
nara,53202602270100,7
nara,53202602270200,7
nara,53202602270200,7
nara,53202602270200,7
nara,53202602270300,7
nara,53202602270300,7
nara,53202602270300,7
nara,53202603140100,11
nara,53202603140100,11
nara,53202603140100,11
nara,53202603140200,11
nara,53202603140200,11
nara,53202603140200,11
nara,53202603140300,11
nara,53202603140300,11
nara,53202603140300,11
nara,53202604070100,7
nara,53202604070100,7
nara,53202604070100,7
nara,53202604070200,7
nara,53202604070200,7
nara,53202604070200,7
nara,53202604070300,7
nara,53202604070300,7
nara,53202604070300,7
nara,53202604180100,11
nara,53202604180100,11
nara,53202604180100,11
nara,53202604180200,11
nara,53202604180200,11
nara,53202604180200,11
nara,53202604180300,11
nara,53202604180300,11
nara,53202604180300,11
nara,53202604250100,9
nara,53202604250100,9
nara,53202604250100,9
nara,53202604250200,9
nara,53202604250200,9
nara,53202604250200,9
nara,53202604250300,9
nara,53202604250300,9
nara,53202604250300,9
nara,53202605010100,12
nara,53202605010100,12
nara,53202605010100,12
nara,53202605010200,12
nara,53202605010200,12
nara,53202605010200,12
nara,53202605010300,12
nara,53202605010300,12
nara,53202605010300,12
nara,53202605070100,9
nara,53202605070100,9
nara,53202605070100,9
nara,53202605070200,9
nara,53202605070200,9
nara,53202605070200,9
nara,53202605070300,9
nara,53202605070300,9
nara,53202605070300,9
nara,53202605200100,11
nara,53202605200100,11
nara,53202605200100,11
nara,53202605200200,11
nara,53202605200200,11
nara,53202605200200,11
nara,53202605200300,11
nara,53202605200300,11
nara,53202605200300,11
nara,53202606060100,9
nara,53202606060100,9
nara,53202606060100,9
nara,53202606060200,9
nara,53202606060200,9
nara,53202606060200,9
nara,53202606060300,9
nara,53202606060300,9
nara,53202606060300,9
nara,53202606130100,11
nara,53202606130100,11
nara,53202606130100,11
nara,53202606130200,11
nara,53202606130200,11
nara,53202606130200,11
nara,53202606130300,11
nara,53202606130300,11
nara,53202606130300,11
mukomachi,54202301010100,9
mukomachi,54202301010100,9
mukomachi,54202301010100,9
mukomachi,54202301010200,9
mukomachi,54202301010200,9
mukomachi,54202301010200,9
mukomachi,54202301010300,9
mukomachi,54202301010300,9
mukomachi,54202301010300,9
mukomachi,54202301200100,12
mukomachi,54202301200100,12
mukomachi,54202301200100,12
mukomachi,54202301200200,12
mukomachi,54202301200200,12
mukomachi,54202301200200,12
mukomachi,54202301200300,12
mukomachi,54202301200300,12
mukomachi,54202301200300,12
mukomachi,54202301270100,12
mukomachi,54202301270100,12
mukomachi,54202301270100,12
mukomachi,54202301270200,12
mukomachi,54202301270200,12
mukomachi,54202301270200,12
mukomachi,54202301270300,12
mukomachi,54202301270300,12
mukomachi,54202301270300,12
mukomachi,54202302060100,12
mukomachi,54202302060100,12
mukomachi,54202302060100,12
mukomachi,54202302060200,12
mukomachi,54202302060200,12
mukomachi,54202302060200,12
mukomachi,54202302060300,12
mukomachi,54202302060300,12
mukomachi,54202302060300,12
mukomachi,54202302270100,12
mukomachi,54202302270100,12
mukomachi,54202302270100,12
mukomachi,54202302270200,12
mukomachi,54202302270200,12
mukomachi,54202302270200,12
mukomachi,54202302270300,12
mukomachi,54202302270300,12
mukomachi,54202302270300,12
mukomachi,54202303130100,12
mukomachi,54202303130100,12
mukomachi,54202303130100,12
mukomachi,54202303130200,12
mukomachi,54202303130200,12
mukomachi,54202303130200,12
mukomachi,54202303130300,12
mukomachi,54202303130300,12
mukomachi,54202303130300,12
mukomachi,54202304220100,9
mukomachi,54202304220100,9
mukomachi,54202304220100,9
mukomachi,54202304220200,9
mukomachi,54202304220200,9
mukomachi,54202304220200,9
mukomachi,54202304220300,9
mukomachi,54202304220300,9
mukomachi,54202304220300,9
mukomachi,54202305040100,9
mukomachi,54202305040100,9
mukomachi,54202305040100,9
mukomachi,54202305040200,9
mukomachi,54202305040200,9
mukomachi,54202305040200,9
mukomachi,54202305040300,9
mukomachi,54202305040300,9
mukomachi,54202305040300,9
mukomachi,54202306010100,7
mukomachi,54202306010100,7
mukomachi,54202306010100,7
mukomachi,54202306010200,7
mukomachi,54202306010200,7
mukomachi,54202306010200,7
mukomachi,54202306010300,7
mukomachi,54202306010300,7
mukomachi,54202306010300,7
mukomachi,54202306080100,12
mukomachi,54202306080100,12
mukomachi,54202306080100,12
mukomachi,54202306080100,12
mukomachi,54202306080200,12
mukomachi,54202306080200,12
mukomachi,54202306080200,12
mukomachi,54202306080200,12
mukomachi,54202306080300,12
mukomachi,54202306080300,12
mukomachi,54202306080300,12
mukomachi,54202306080300,12
mukomachi,54202306080400,12
mukomachi,54202306080400,12
mukomachi,54202306080400,12
mukomachi,54202306080400,12
mukomachi,54202306290100,12
mukomachi,54202306290100,12
mukomachi,54202306290100,12
mukomachi,54202306290200,12
mukomachi,54202306290200,12
mukomachi,54202306290200,12
mukomachi,54202306290300,12
mukomachi,54202306290300,12
mukomachi,54202306290300,12
mukomachi,54202307050100,12
mukomachi,54202307050100,12
mukomachi,54202307050100,12
mukomachi,54202307050200,12
mukomachi,54202307050200,12
mukomachi,54202307050200,12
mukomachi,54202307050300,12
mukomachi,54202307050300,12
mukomachi,54202307050300,12
mukomachi,54202307100100,9
mukomachi,54202307100100,9
mukomachi,54202307100100,9
mukomachi,54202307100200,9
mukomachi,54202307100200,9
mukomachi,54202307100200,9
mukomachi,54202307100300,8
mukomachi,54202307100300,8
mukomachi,54202307100300,8
mukomachi,54202308210100,12
mukomachi,54202308210100,12
mukomachi,54202308210100,12
mukomachi,54202308210200,12
mukomachi,54202308210200,12
mukomachi,54202308210200,12
mukomachi,54202308210300,12
mukomachi,54202308210300,12
mukomachi,54202308210300,12
mukomachi,54202308310100,12
mukomachi,54202308310100,12
mukomachi,54202308310100,12
mukomachi,54202308310100,12
mukomachi,54202308310200,12
mukomachi,54202308310200,12
mukomachi,54202308310200,12
mukomachi,54202308310200,12
mukomachi,54202308310300,12
mukomachi,54202308310300,12
mukomachi,54202308310300,12
mukomachi,54202308310300,12
mukomachi,54202308310400,12
mukomachi,54202308310400,12
mukomachi,54202308310400,12
mukomachi,54202308310400,12
mukomachi,54202309100100,12
mukomachi,54202309100100,12
mukomachi,54202309100100,12
mukomachi,54202309100200,12
mukomachi,54202309100200,12
mukomachi,54202309100200,12
mukomachi,54202309100300,12
mukomachi,54202309100300,12
mukomachi,54202309100300,12
mukomachi,54202309190100,12
mukomachi,54202309190100,12
mukomachi,54202309190100,12
mukomachi,54202309190200,12
mukomachi,54202309190200,12
mukomachi,54202309190200,12
mukomachi,54202309190300,12
mukomachi,54202309190300,12
mukomachi,54202309190300,12
mukomachi,54202310080100,9
mukomachi,54202310080100,9
mukomachi,54202310080100,9
mukomachi,54202310080200,9
mukomachi,54202310080200,9
mukomachi,54202310080200,9
mukomachi,54202310080300,9
mukomachi,54202310080300,9
mukomachi,54202310080300,9
mukomachi,54202310200100,9
mukomachi,54202310200100,9
mukomachi,54202310200100,9
mukomachi,54202310200200,9
mukomachi,54202310200200,9
mukomachi,54202310200200,9
mukomachi,54202310200300,9
mukomachi,54202310200300,9
mukomachi,54202310200300,9
mukomachi,54202310270100,12
mukomachi,54202310270100,12
mukomachi,54202310270100,12
mukomachi,54202310270200,12
mukomachi,54202310270200,12
mukomachi,54202310270200,12
mukomachi,54202310270300,12
mukomachi,54202310270300,12
mukomachi,54202310270300,12
mukomachi,54202311030100,12
mukomachi,54202311030100,12
mukomachi,54202311030100,12
mukomachi,54202311030200,12
mukomachi,54202311030200,12
mukomachi,54202311030200,12
mukomachi,54202311030300,12
mukomachi,54202311030300,12
mukomachi,54202311030300,12
mukomachi,54202312140100,12
mukomachi,54202312140100,12
mukomachi,54202312140100,12
mukomachi,54202312140200,12
mukomachi,54202312140200,12
mukomachi,54202312140200,12
mukomachi,54202312140300,12
mukomachi,54202312140300,12
mukomachi,54202312140300,12
mukomachi,54202312290100,9
mukomachi,54202312290100,9
mukomachi,54202312290100,9
mukomachi,54202312290200,9
mukomachi,54202312290200,9
mukomachi,54202312290200,9
mukomachi,54202312290300,9
mukomachi,54202312290300,9
mukomachi,54202312290300,9
mukomachi,54202401190100,9
mukomachi,54202401190100,9
mukomachi,54202401190100,9
mukomachi,54202401190200,9
mukomachi,54202401190200,9
mukomachi,54202401190200,9
mukomachi,54202401190300,9
mukomachi,54202401190300,9
mukomachi,54202401190300,9
mukomachi,54202402080100,12
mukomachi,54202402080100,12
mukomachi,54202402080100,12
mukomachi,54202402080200,12
mukomachi,54202402080200,12
mukomachi,54202402080200,12
mukomachi,54202402080300,12
mukomachi,54202402080300,12
mukomachi,54202402080300,12
mukomachi,54202402270100,12
mukomachi,54202402270100,12
mukomachi,54202402270100,12
mukomachi,54202402270200,12
mukomachi,54202402270200,12
mukomachi,54202402270200,12
mukomachi,54202402270300,12
mukomachi,54202402270300,12
mukomachi,54202402270300,12
mukomachi,54202403040100,12
mukomachi,54202403040100,12
mukomachi,54202403040100,12
mukomachi,54202403040200,12
mukomachi,54202403040200,12
mukomachi,54202403040200,12
mukomachi,54202403040300,12
mukomachi,54202403040300,12
mukomachi,54202403040300,12
mukomachi,54202404150100,12
mukomachi,54202404150100,12
mukomachi,54202404150100,12
mukomachi,54202404150200,12
mukomachi,54202404150200,12
mukomachi,54202404150200,12
mukomachi,54202404150300,12
mukomachi,54202404150300,12
mukomachi,54202404150300,12
mukomachi,54202404220100,9
mukomachi,54202404220100,9
mukomachi,54202404220100,9
mukomachi,54202404220200,9
mukomachi,54202404220200,9
mukomachi,54202404220200,9
mukomachi,54202404220300,9
mukomachi,54202404220300,9
mukomachi,54202404220300,9
mukomachi,54202404290100,12
mukomachi,54202404290100,12
mukomachi,54202404290100,12
mukomachi,54202404290200,12
mukomachi,54202404290200,12
mukomachi,54202404290200,12
mukomachi,54202404290300,11
mukomachi,54202404290300,11
mukomachi,54202404290300,11
mukomachi,54202405080100,9
mukomachi,54202405080100,9
mukomachi,54202405080100,9
mukomachi,54202405080200,9
mukomachi,54202405080200,9
mukomachi,54202405080200,9
mukomachi,54202405080300,9
mukomachi,54202405080300,9
mukomachi,54202405080300,9
mukomachi,54202405270100,12
mukomachi,54202405270100,12
mukomachi,54202405270100,12
mukomachi,54202405270200,12
mukomachi,54202405270200,12
mukomachi,54202405270200,12
mukomachi,54202405270300,12
mukomachi,54202405270300,12
mukomachi,54202405270300,12
mukomachi,54202406010100,12
mukomachi,54202406010100,12
mukomachi,54202406010100,12
mukomachi,54202406010200,12
mukomachi,54202406010200,12
mukomachi,54202406010200,12
mukomachi,54202406010300,12
mukomachi,54202406010300,12
mukomachi,54202406010300,12
mukomachi,54202406260100,12
mukomachi,54202406260100,12
mukomachi,54202406260100,12
mukomachi,54202406260200,12
mukomachi,54202406260200,12
mukomachi,54202406260200,12
mukomachi,54202406260300,12
mukomachi,54202406260300,12
mukomachi,54202406260300,12
mukomachi,54202407040100,7
mukomachi,54202407040100,7
mukomachi,54202407040100,7
mukomachi,54202407040200,7
mukomachi,54202407040200,7
mukomachi,54202407040200,7
mukomachi,54202407040300,7
mukomachi,54202407040300,7
mukomachi,54202407040300,7
mukomachi,54202407090100,12
mukomachi,54202407090100,12
mukomachi,54202407090100,12
mukomachi,54202407090200,12
mukomachi,54202407090200,12
mukomachi,54202407090200,12
mukomachi,54202407090300,12
mukomachi,54202407090300,12
mukomachi,54202407090300,12
mukomachi,54202407170100,12
mukomachi,54202407170100,12
mukomachi,54202407170100,12
mukomachi,54202407170200,12
mukomachi,54202407170200,12
mukomachi,54202407170200,12
mukomachi,54202407170300,12
mukomachi,54202407170300,12
mukomachi,54202407170300,12
mukomachi,54202408030100,7
mukomachi,54202408030100,7
mukomachi,54202408030100,7
mukomachi,54202408030200,7
mukomachi,54202408030200,7
mukomachi,54202408030200,7
mukomachi,54202408030300,7
mukomachi,54202408030300,7
mukomachi,54202408030300,7
mukomachi,54202408220100,12
mukomachi,54202408220100,12
mukomachi,54202408220100,12
mukomachi,54202408220200,12
mukomachi,54202408220200,12
mukomachi,54202408220200,12
mukomachi,54202408220300,12
mukomachi,54202408220300,12
mukomachi,54202408220300,12
mukomachi,54202409050100,12
mukomachi,54202409050100,12
mukomachi,54202409050100,12
mukomachi,54202409050100,12
mukomachi,54202409050200,12
mukomachi,54202409050200,12
mukomachi,54202409050200,12
mukomachi,54202409050200,12
mukomachi,54202409050300,12
mukomachi,54202409050300,12
mukomachi,54202409050300,12
mukomachi,54202409050300,12
mukomachi,54202409050400,12
mukomachi,54202409050400,12
mukomachi,54202409050400,12
mukomachi,54202409050400,12
wakayama,55202301120100,12
wakayama,55202301120100,12
wakayama,55202301120100,12
wakayama,55202301120100,12
wakayama,55202301120200,12
wakayama,55202301120200,12
wakayama,55202301120200,12
wakayama,55202301120200,12
wakayama,55202301120300,12
wakayama,55202301120300,12
wakayama,55202301120300,12
wakayama,55202301120300,12
wakayama,55202301120400,12
wakayama,55202301120400,12
wakayama,55202301120400,12
wakayama,55202301120400,12
wakayama,55202301230100,12
wakayama,55202301230100,12
wakayama,55202301230100,12
wakayama,55202301230100,12
wakayama,55202301230200,12
wakayama,55202301230200,12
wakayama,55202301230200,12
wakayama,55202301230200,12
wakayama,55202301230300,12
wakayama,55202301230300,12
wakayama,55202301230300,12
wakayama,55202301230300,12
wakayama,55202301230301,11
wakayama,55202301230301,11
wakayama,55202301230301,11
wakayama,55202301230301,11
wakayama,55202302230100,12
wakayama,55202302230100,12
wakayama,55202302230100,12
wakayama,55202302230200,12
wakayama,55202302230200,12
wakayama,55202302230200,12
wakayama,55202302230300,12
wakayama,55202302230300,12
wakayama,55202302230300,12
wakayama,55202304260100,12
wakayama,55202304260100,12
wakayama,55202304260100,12
wakayama,55202304260200,12
wakayama,55202304260200,12
wakayama,55202304260200,12
wakayama,55202304260300,12
wakayama,55202304260300,12
wakayama,55202304260300,12
wakayama,55202305010100,7
wakayama,55202305010100,7
wakayama,55202305010100,7
wakayama,55202305010200,7
wakayama,55202305010200,7
wakayama,55202305010200,7
wakayama,55202305010300,7
wakayama,55202305010300,7
wakayama,55202305010300,7
wakayama,55202305280100,12
wakayama,55202305280100,12
wakayama,55202305280100,12
wakayama,55202305280200,12
wakayama,55202305280200,12
wakayama,55202305280200,12
wakayama,55202305280300,12
wakayama,55202305280300,12
wakayama,55202305280300,12
wakayama,55202306220100,12
wakayama,55202306220100,12
wakayama,55202306220100,12
wakayama,55202306220200,12
wakayama,55202306220200,12
wakayama,55202306220200,12
wakayama,55202306220300,12
wakayama,55202306220300,12
wakayama,55202306220300,12
wakayama,55202307100100,7
wakayama,55202307100100,7
wakayama,55202307100100,7
wakayama,55202307100200,7
wakayama,55202307100200,7
wakayama,55202307100200,7
wakayama,55202307100300,7
wakayama,55202307100300,7
wakayama,55202307100300,7
wakayama,55202307180100,12
wakayama,55202307180100,12
wakayama,55202307180100,12
wakayama,55202307180200,12
wakayama,55202307180200,12
wakayama,55202307180200,12
wakayama,55202307180300,12
wakayama,55202307180300,12
wakayama,55202307180300,12
wakayama,55202308100100,12
wakayama,55202308100100,12
wakayama,55202308100100,12
wakayama,55202308100100,12
wakayama,55202308100200,12
wakayama,55202308100200,12
wakayama,55202308100200,12
wakayama,55202308100200,12
wakayama,55202308100300,12
wakayama,55202308100300,12
wakayama,55202308100300,12
wakayama,55202308100300,12
wakayama,55202308100400,12
wakayama,55202308100400,12
wakayama,55202308100400,12
wakayama,55202308100400,12
wakayama,55202309040100,12
wakayama,55202309040100,12
wakayama,55202309040100,12
wakayama,55202309040200,12
wakayama,55202309040200,12
wakayama,55202309040200,12
wakayama,55202309040300,12
wakayama,55202309040300,12
wakayama,55202309040300,12
wakayama,55202309290100,12
wakayama,55202309290100,12
wakayama,55202309290100,12
wakayama,55202309290200,12
wakayama,55202309290200,12
wakayama,55202309290200,12
wakayama,55202309290300,12
wakayama,55202309290300,12
wakayama,55202309290300,12
wakayama,55202310050100,7
wakayama,55202310050100,7
wakayama,55202310050100,7
wakayama,55202310050200,7
wakayama,55202310050200,7
wakayama,55202310050200,7
wakayama,55202310050300,7
wakayama,55202310050300,7
wakayama,55202310050300,7
wakayama,55202310090100,12
wakayama,55202310090100,12
wakayama,55202310090100,12
wakayama,55202310090200,12
wakayama,55202310090200,12
wakayama,55202310090200,12
wakayama,55202310090300,12
wakayama,55202310090300,12
wakayama,55202310090300,12
wakayama,55202310140100,12
wakayama,55202310140100,12
wakayama,55202310140100,12
wakayama,55202310140200,12
wakayama,55202310140200,12
wakayama,55202310140200,12
wakayama,55202310140300,12
wakayama,55202310140300,12
wakayama,55202310140300,12
wakayama,55202310230100,12
wakayama,55202310230100,12
wakayama,55202310230100,12
wakayama,55202310230200,12
wakayama,55202310230200,12
wakayama,55202310230200,12
wakayama,55202310230300,12
wakayama,55202310230300,12
wakayama,55202310230300,12
wakayama,55202311280100,12
wakayama,55202311280100,12
wakayama,55202311280100,12
wakayama,55202311280200,12
wakayama,55202311280200,12
wakayama,55202311280200,12
wakayama,55202311280300,12
wakayama,55202311280300,12
wakayama,55202311280300,12
wakayama,55202312100100,12
wakayama,55202312100100,12
wakayama,55202312100100,12
wakayama,55202312100200,12
wakayama,55202312100200,12
wakayama,55202312100200,12
wakayama,55202312100300,12
wakayama,55202312100300,12
wakayama,55202312100300,12
wakayama,55202401110100,12
wakayama,55202401110100,12
wakayama,55202401110100,12
wakayama,55202401110100,12
wakayama,55202401110200,12
wakayama,55202401110200,12
wakayama,55202401110200,12
wakayama,55202401110200,12
wakayama,55202401110300,12
wakayama,55202401110300,12
wakayama,55202401110300,12
wakayama,55202401110300,12
wakayama,55202401110400,12
wakayama,55202401110400,12
wakayama,55202401110400,12
wakayama,55202401110400,12
wakayama,55202402190100,12
wakayama,55202402190100,12
wakayama,55202402190100,12
wakayama,55202402190200,12
wakayama,55202402190200,12
wakayama,55202402190200,12
wakayama,55202402190300,12
wakayama,55202402190300,12
wakayama,55202402190300,12
wakayama,55202403150100,7
wakayama,55202403150100,7
wakayama,55202403150100,7
wakayama,55202403150200,7
wakayama,55202403150200,7
wakayama,55202403150200,7
wakayama,55202403150300,7
wakayama,55202403150300,7
wakayama,55202403150300,7
wakayama,55202404040100,12
wakayama,55202404040100,12
wakayama,55202404040100,12
wakayama,55202404040200,12
wakayama,55202404040200,12
wakayama,55202404040200,12
wakayama,55202404040300,12
wakayama,55202404040300,12
wakayama,55202404040300,12
wakayama,55202405060100,12
wakayama,55202405060100,12
wakayama,55202405060100,12
wakayama,55202405060200,12
wakayama,55202405060200,12
wakayama,55202405060200,12
wakayama,55202405060300,12
wakayama,55202405060300,12
wakayama,55202405060300,12
wakayama,55202405150100,12
wakayama,55202405150100,12
wakayama,55202405150100,12
wakayama,55202405150200,12
wakayama,55202405150200,12
wakayama,55202405150200,12
wakayama,55202405150300,12
wakayama,55202405150300,12
wakayama,55202405150300,12
wakayama,55202405230100,7
wakayama,55202405230100,7
wakayama,55202405230100,7
wakayama,55202405230200,7
wakayama,55202405230200,7
wakayama,55202405230200,7
wakayama,55202405230300,7
wakayama,55202405230300,7
wakayama,55202405230300,7
wakayama,55202406230100,7
wakayama,55202406230100,7
wakayama,55202406230100,7
wakayama,55202406230200,7
wakayama,55202406230200,7
wakayama,55202406230200,7
wakayama,55202406230300,7
wakayama,55202406230300,7
wakayama,55202406230300,7
wakayama,55202407050100,7
wakayama,55202407050100,7
wakayama,55202407050100,7
wakayama,55202407050200,7
wakayama,55202407050200,7
wakayama,55202407050200,7
wakayama,55202407050300,7
wakayama,55202407050300,7
wakayama,55202407050300,7
wakayama,55202407270100,12
wakayama,55202407270100,12
wakayama,55202407270100,12
wakayama,55202407270200,12
wakayama,55202407270200,12
wakayama,55202407270200,12
wakayama,55202407270300,12
wakayama,55202407270300,12
wakayama,55202407270300,12
wakayama,55202408310100,12
wakayama,55202408310100,12
wakayama,55202408310100,12
wakayama,55202408310200,12
wakayama,55202408310200,12
wakayama,55202408310200,12
wakayama,55202408310300,12
wakayama,55202408310300,12
wakayama,55202408310300,12
wakayama,55202409280100,12
wakayama,55202409280100,12
wakayama,55202409280100,12
wakayama,55202409280200,12
wakayama,55202409280200,12
wakayama,55202409280200,12
wakayama,55202409280300,12
wakayama,55202409280300,12
wakayama,55202409280300,12
wakayama,55202410080100,12
wakayama,55202410080100,12
wakayama,55202410080100,12
wakayama,55202410080200,12
wakayama,55202410080200,12
wakayama,55202410080200,12
wakayama,55202410080300,12
wakayama,55202410080300,12
wakayama,55202410080300,12
wakayama,55202410150100,12
wakayama,55202410150100,12
wakayama,55202410150100,12
wakayama,55202410150200,12
wakayama,55202410150200,12
wakayama,55202410150200,12
wakayama,55202410150300,11
wakayama,55202410150300,11
wakayama,55202410150300,11
wakayama,55202410310100,7
wakayama,55202410310100,7
wakayama,55202410310100,7
wakayama,55202410310200,7
wakayama,55202410310200,7
wakayama,55202410310200,7
wakayama,55202410310300,7
wakayama,55202410310300,7
wakayama,55202410310300,7
wakayama,55202411110100,12
wakayama,55202411110100,12
wakayama,55202411110100,12
wakayama,55202411110200,12
wakayama,55202411110200,12
wakayama,55202411110200,12
wakayama,55202411110300,12
wakayama,55202411110300,12
wakayama,55202411110300,12
wakayama,55202411250100,12
wakayama,55202411250100,12
wakayama,55202411250100,12
wakayama,55202411250200,12
wakayama,55202411250200,12
wakayama,55202411250200,12
wakayama,55202411250300,12
wakayama,55202411250300,12
wakayama,55202411250300,12
wakayama,55202412080100,12
wakayama,55202412080100,12
wakayama,55202412080100,12
wakayama,55202412080200,12
wakayama,55202412080200,12
wakayama,55202412080200,12
wakayama,55202412080300,12
wakayama,55202412080300,12
wakayama,55202412080300,12
wakayama,55202412130100,12
wakayama,55202412130100,12
wakayama,55202412130100,12
wakayama,55202412130200,12
wakayama,55202412130200,12
wakayama,55202412130200,12
wakayama,55202412130300,12
wakayama,55202412130300,12
wakayama,55202412130300,12
wakayama,55202501100100,12
wakayama,55202501100100,12
wakayama,55202501100100,12
wakayama,55202501100100,12
wakayama,55202501100200,12
wakayama,55202501100200,12
wakayama,55202501100200,12
wakayama,55202501100200,12
wakayama,55202501100300,12
wakayama,55202501100300,12
wakayama,55202501100300,12
wakayama,55202501100300,12
wakayama,55202501100400,12
wakayama,55202501100400,12
wakayama,55202501100400,12
wakayama,55202501100400,12
wakayama,55202512080100,11
wakayama,55202512080100,11
wakayama,55202512080100,11
wakayama,55202512080200,11
wakayama,55202512080200,11
wakayama,55202512080200,11
wakayama,55202512080300,11
wakayama,55202512080300,11
wakayama,55202512080300,11
wakayama,55202512200100,12
wakayama,55202512200100,12
wakayama,55202512200100,12
wakayama,55202512200200,12
wakayama,55202512200200,12
wakayama,55202512200200,12
wakayama,55202512200300,12
wakayama,55202512200300,12
wakayama,55202512200300,12
wakayama,55202601090100,12
wakayama,55202601090100,12
wakayama,55202601090100,12
wakayama,55202601090100,12
wakayama,55202601090200,12
wakayama,55202601090200,12
wakayama,55202601090200,12
wakayama,55202601090200,12
wakayama,55202601090300,12
wakayama,55202601090300,12
wakayama,55202601090300,12
wakayama,55202601090300,12
wakayama,55202601090400,12
wakayama,55202601090400,12
wakayama,55202601090400,12
wakayama,55202601090400,12
wakayama,55202602020100,12
wakayama,55202602020100,12
wakayama,55202602020100,12
wakayama,55202602020200,12
wakayama,55202602020200,12
wakayama,55202602020200,12
wakayama,55202602020300,12
wakayama,55202602020300,12
wakayama,55202602020300,12
wakayama,55202602180100,11
wakayama,55202602180100,11
wakayama,55202602180100,11
wakayama,55202602180200,11
wakayama,55202602180200,11
wakayama,55202602180200,11
wakayama,55202602180300,11
wakayama,55202602180300,11
wakayama,55202602180300,11
wakayama,55202602280100,12
wakayama,55202602280100,12
wakayama,55202602280100,12
wakayama,55202602280200,12
wakayama,55202602280200,12
wakayama,55202602280200,12
wakayama,55202602280300,12
wakayama,55202602280300,12
wakayama,55202602280300,12
wakayama,55202603120100,7
wakayama,55202603120100,7
wakayama,55202603120100,7
wakayama,55202603120200,7
wakayama,55202603120200,7
wakayama,55202603120200,7
wakayama,55202603120300,7
wakayama,55202603120300,7
wakayama,55202603120300,7
wakayama,55202603170100,7
wakayama,55202603170100,7
wakayama,55202603170100,7
wakayama,55202603170200,7
wakayama,55202603170200,7
wakayama,55202603170200,7
wakayama,55202603170300,7
wakayama,55202603170300,7
wakayama,55202603170300,7
wakayama,55202604230100,7
wakayama,55202604230100,7
wakayama,55202604230100,7
wakayama,55202604230200,7
wakayama,55202604230200,7
wakayama,55202604230200,7
wakayama,55202604230300,7
wakayama,55202604230300,7
wakayama,55202604230300,7
wakayama,55202605170100,12
wakayama,55202605170100,12
wakayama,55202605170100,12
wakayama,55202605170200,12
wakayama,55202605170200,12
wakayama,55202605170200,12
wakayama,55202605170300,12
wakayama,55202605170300,12
wakayama,55202605170300,12
wakayama,55202605230100,7
wakayama,55202605230100,7
wakayama,55202605230100,7
wakayama,55202605230200,7
wakayama,55202605230200,7
wakayama,55202605230200,7
wakayama,55202605230300,7
wakayama,55202605230300,7
wakayama,55202605230300,7
wakayama,55202606010100,11
wakayama,55202606010100,11
wakayama,55202606010100,11
wakayama,55202606010200,11
wakayama,55202606010200,11
wakayama,55202606010200,11
wakayama,55202606010300,11
wakayama,55202606010300,11
wakayama,55202606010300,11
wakayama,55202606230100,12
wakayama,55202606230100,12
wakayama,55202606230100,12
wakayama,55202606230200,12
wakayama,55202606230200,12
wakayama,55202606230200,12
wakayama,55202606230300,12
wakayama,55202606230300,12
wakayama,55202606230300,12
kishiwada,56202212310100,12
kishiwada,56202212310100,12
kishiwada,56202212310200,12
kishiwada,56202212310200,12
kishiwada,56202212310300,11
kishiwada,56202212310300,11
kishiwada,56202301170100,9
kishiwada,56202301170100,9
kishiwada,56202301170100,9
kishiwada,56202301170200,9
kishiwada,56202301170200,9
kishiwada,56202301170200,9
kishiwada,56202301170300,9
kishiwada,56202301170300,9
kishiwada,56202301170300,9
kishiwada,56202301260100,9
kishiwada,56202301260100,9
kishiwada,56202301260100,9
kishiwada,56202301260200,9
kishiwada,56202301260200,9
kishiwada,56202301260200,9
kishiwada,56202301260300,9
kishiwada,56202301260300,9
kishiwada,56202301260300,9
kishiwada,56202302090100,12
kishiwada,56202302090100,12
kishiwada,56202302090100,12
kishiwada,56202302090200,12
kishiwada,56202302090200,12
kishiwada,56202302090200,12
kishiwada,56202302090300,12
kishiwada,56202302090300,12
kishiwada,56202302090300,12
kishiwada,56202302140100,12
kishiwada,56202302140100,12
kishiwada,56202302140100,12
kishiwada,56202302140200,12
kishiwada,56202302140200,12
kishiwada,56202302140200,12
kishiwada,56202302140300,12
kishiwada,56202302140300,12
kishiwada,56202302140300,12
kishiwada,56202303060100,12
kishiwada,56202303060100,12
kishiwada,56202303060100,12
kishiwada,56202303060200,12
kishiwada,56202303060200,12
kishiwada,56202303060200,12
kishiwada,56202303060300,12
kishiwada,56202303060300,12
kishiwada,56202303060300,12
kishiwada,56202303190100,12
kishiwada,56202303190100,12
kishiwada,56202303190100,12
kishiwada,56202303190200,12
kishiwada,56202303190200,12
kishiwada,56202303190200,12
kishiwada,56202303190300,11
kishiwada,56202303190300,11
kishiwada,56202303190300,11
kishiwada,56202304010100,7
kishiwada,56202304010100,7
kishiwada,56202304010100,7
kishiwada,56202304010200,7
kishiwada,56202304010200,7
kishiwada,56202304010200,7
kishiwada,56202304010300,7
kishiwada,56202304010300,7
kishiwada,56202304010300,7
kishiwada,56202304130100,9
kishiwada,56202304130100,9
kishiwada,56202304130100,9
kishiwada,56202304130200,9
kishiwada,56202304130200,9
kishiwada,56202304130200,9
kishiwada,56202304130300,9
kishiwada,56202304130300,9
kishiwada,56202304130300,9
kishiwada,56202305050100,12
kishiwada,56202305050100,12
kishiwada,56202305050100,12
kishiwada,56202305050200,12
kishiwada,56202305050200,12
kishiwada,56202305050200,12
kishiwada,56202305050300,12
kishiwada,56202305050300,12
kishiwada,56202305050300,12
kishiwada,56202305190100,12
kishiwada,56202305190100,12
kishiwada,56202305190100,12
kishiwada,56202305190200,12
kishiwada,56202305190200,12
kishiwada,56202305190200,12
kishiwada,56202305190300,12
kishiwada,56202305190300,12
kishiwada,56202305190300,12
kishiwada,56202305290100,9
kishiwada,56202305290100,9
kishiwada,56202305290100,9
kishiwada,56202305290200,9
kishiwada,56202305290200,9
kishiwada,56202305290200,9
kishiwada,56202305290300,9
kishiwada,56202305290300,9
kishiwada,56202305290300,9
kishiwada,56202306040100,12
kishiwada,56202306040100,12
kishiwada,56202306040100,12
kishiwada,56202306040200,12
kishiwada,56202306040200,12
kishiwada,56202306040200,12
kishiwada,56202306040300,12
kishiwada,56202306040300,12
kishiwada,56202306040300,12
kishiwada,56202306130100,12
kishiwada,56202306130100,12
kishiwada,56202306130100,12
kishiwada,56202306130100,12
kishiwada,56202306130100,12
kishiwada,56202306130100,12
kishiwada,56202306130200,12
kishiwada,56202306130200,12
kishiwada,56202306130200,12
kishiwada,56202306130200,12
kishiwada,56202306130200,12
kishiwada,56202306130200,12
kishiwada,56202306130300,12
kishiwada,56202306130300,12
kishiwada,56202306130300,12
kishiwada,56202306130300,12
kishiwada,56202306130300,12
kishiwada,56202306130300,12
kishiwada,56202306130400,12
kishiwada,56202306130400,12
kishiwada,56202306130400,12
kishiwada,56202306130400,12
kishiwada,56202306130400,12
kishiwada,56202306130400,12
kishiwada,56202306130500,12
kishiwada,56202306130500,12
kishiwada,56202306130500,12
kishiwada,56202306130500,12
kishiwada,56202306130500,12
kishiwada,56202306130500,12
kishiwada,56202306130600,12
kishiwada,56202306130600,12
kishiwada,56202306130600,12
kishiwada,56202306130600,12
kishiwada,56202306130600,12
kishiwada,56202306130600,12
kishiwada,56202307040100,9
kishiwada,56202307040100,9
kishiwada,56202307040100,9
kishiwada,56202307040200,9
kishiwada,56202307040200,9
kishiwada,56202307040200,9
kishiwada,56202307040300,9
kishiwada,56202307040300,9
kishiwada,56202307040300,9
kishiwada,56202307260100,12
kishiwada,56202307260100,12
kishiwada,56202307260100,12
kishiwada,56202307260200,12
kishiwada,56202307260200,12
kishiwada,56202307260200,12
kishiwada,56202307260300,11
kishiwada,56202307260300,11
kishiwada,56202307260300,11
kishiwada,56202308020100,12
kishiwada,56202308020100,12
kishiwada,56202308020100,12
kishiwada,56202308020200,12
kishiwada,56202308020200,12
kishiwada,56202308020200,12
kishiwada,56202308020300,12
kishiwada,56202308020300,12
kishiwada,56202308020300,12
kishiwada,56202308070100,12
kishiwada,56202308070100,12
kishiwada,56202308070100,12
kishiwada,56202308070200,12
kishiwada,56202308070200,12
kishiwada,56202308070200,12
kishiwada,56202308070300,12
kishiwada,56202308070300,12
kishiwada,56202308070300,12
kishiwada,56202308250100,12
kishiwada,56202308250100,12
kishiwada,56202308250100,12
kishiwada,56202308250200,12
kishiwada,56202308250200,12
kishiwada,56202308250200,12
kishiwada,56202308250300,12
kishiwada,56202308250300,12
kishiwada,56202308250300,12
kishiwada,56202311100100,12
kishiwada,56202311100100,12
kishiwada,56202311100100,12
kishiwada,56202311100200,12
kishiwada,56202311100200,12
kishiwada,56202311100200,12
kishiwada,56202311100300,12
kishiwada,56202311100300,12
kishiwada,56202311100300,12
kishiwada,56202311140100,9
kishiwada,56202311140100,9
kishiwada,56202311140100,9
kishiwada,56202311140200,9
kishiwada,56202311140200,9
kishiwada,56202311140200,9
kishiwada,56202311140300,9
kishiwada,56202311140300,9
kishiwada,56202311140300,9
kishiwada,56202312020100,9
kishiwada,56202312020100,9
kishiwada,56202312020100,9
kishiwada,56202312020200,9
kishiwada,56202312020200,9
kishiwada,56202312020200,9
kishiwada,56202312020300,9
kishiwada,56202312020300,9
kishiwada,56202312020300,9
kishiwada,56202312080100,9
kishiwada,56202312080100,9
kishiwada,56202312080100,9
kishiwada,56202312080200,9
kishiwada,56202312080200,9
kishiwada,56202312080200,9
kishiwada,56202312080300,9
kishiwada,56202312080300,9
kishiwada,56202312080300,9
kishiwada,56202312310100,12
kishiwada,56202312310100,12
kishiwada,56202312310100,12
kishiwada,56202312310100,12
kishiwada,56202312310200,12
kishiwada,56202312310200,12
kishiwada,56202312310200,12
kishiwada,56202312310200,12
kishiwada,56202312310300,12
kishiwada,56202312310300,12
kishiwada,56202312310300,12
kishiwada,56202312310300,12
kishiwada,56202312310400,12
kishiwada,56202312310400,12
kishiwada,56202312310400,12
kishiwada,56202312310400,12
kishiwada,56202401070100,12
kishiwada,56202401070100,12
kishiwada,56202401070100,12
kishiwada,56202401070200,12
kishiwada,56202401070200,12
kishiwada,56202401070200,12
kishiwada,56202401070300,12
kishiwada,56202401070300,12
kishiwada,56202401070300,12
kishiwada,56202401290100,12
kishiwada,56202401290100,12
kishiwada,56202401290100,12
kishiwada,56202401290200,12
kishiwada,56202401290200,12
kishiwada,56202401290200,12
kishiwada,56202401290300,12
kishiwada,56202401290300,12
kishiwada,56202401290300,12
kishiwada,56202402050100,12
kishiwada,56202402050100,12
kishiwada,56202402050100,12
kishiwada,56202402050200,12
kishiwada,56202402050200,12
kishiwada,56202402050200,12
kishiwada,56202402050300,12
kishiwada,56202402050300,12
kishiwada,56202402050300,12
kishiwada,56202403230100,7
kishiwada,56202403230100,7
kishiwada,56202403230100,7
kishiwada,56202403230200,7
kishiwada,56202403230200,7
kishiwada,56202403230200,7
kishiwada,56202403230300,7
kishiwada,56202403230300,7
kishiwada,56202403230300,7
kishiwada,56202403280100,12
kishiwada,56202403280100,12
kishiwada,56202403280100,12
kishiwada,56202403280200,12
kishiwada,56202403280200,12
kishiwada,56202403280200,12
kishiwada,56202403280300,12
kishiwada,56202403280300,12
kishiwada,56202403280300,12
kishiwada,56202404080100,12
kishiwada,56202404080100,12
kishiwada,56202404080100,12
kishiwada,56202404080200,12
kishiwada,56202404080200,12
kishiwada,56202404080200,12
kishiwada,56202404080300,12
kishiwada,56202404080300,12
kishiwada,56202404080300,12
kishiwada,56202404180100,12
kishiwada,56202404180100,12
kishiwada,56202404180100,12
kishiwada,56202404180200,12
kishiwada,56202404180200,12
kishiwada,56202404180200,12
kishiwada,56202404180300,11
kishiwada,56202404180300,11
kishiwada,56202404180300,11
kishiwada,56202404280100,9
kishiwada,56202404280100,9
kishiwada,56202404280100,9
kishiwada,56202404280200,9
kishiwada,56202404280200,9
kishiwada,56202404280200,9
kishiwada,56202404280300,9
kishiwada,56202404280300,9
kishiwada,56202404280300,9
kishiwada,56202405260100,9
kishiwada,56202405260100,9
kishiwada,56202405260100,9
kishiwada,56202405260200,9
kishiwada,56202405260200,9
kishiwada,56202405260200,9
kishiwada,56202405260300,8
kishiwada,56202405260300,8
kishiwada,56202405260300,8
kishiwada,56202406110100,12
kishiwada,56202406110100,12
kishiwada,56202406110100,12
kishiwada,56202406110100,12
kishiwada,56202406110100,12
kishiwada,56202406110100,12
kishiwada,56202406110200,12
kishiwada,56202406110200,12
kishiwada,56202406110200,12
kishiwada,56202406110200,12
kishiwada,56202406110200,12
kishiwada,56202406110200,12
kishiwada,56202406110300,12
kishiwada,56202406110300,12
kishiwada,56202406110300,12
kishiwada,56202406110300,12
kishiwada,56202406110300,12
kishiwada,56202406110300,12
kishiwada,56202406110400,12
kishiwada,56202406110400,12
kishiwada,56202406110400,12
kishiwada,56202406110400,12
kishiwada,56202406110400,12
kishiwada,56202406110400,12
kishiwada,56202406110500,12
kishiwada,56202406110500,12
kishiwada,56202406110500,12
kishiwada,56202406110500,12
kishiwada,56202406110500,12
kishiwada,56202406110500,12
kishiwada,56202406110600,12
kishiwada,56202406110600,12
kishiwada,56202406110600,12
kishiwada,56202406110600,12
kishiwada,56202406110600,12
kishiwada,56202406110600,12
kishiwada,56202406280100,7
kishiwada,56202406280100,7
kishiwada,56202406280100,7
kishiwada,56202406280200,7
kishiwada,56202406280200,7
kishiwada,56202406280200,7
kishiwada,56202406280300,7
kishiwada,56202406280300,7
kishiwada,56202406280300,7
kishiwada,56202408030100,12
kishiwada,56202408030100,12
kishiwada,56202408030100,12
kishiwada,56202408030200,12
kishiwada,56202408030200,12
kishiwada,56202408030200,12
kishiwada,56202408030300,12
kishiwada,56202408030300,12
kishiwada,56202408030300,12
kishiwada,56202408190100,12
kishiwada,56202408190100,12
kishiwada,56202408190100,12
kishiwada,56202408190200,12
kishiwada,56202408190200,12
kishiwada,56202408190200,12
kishiwada,56202408190300,12
kishiwada,56202408190300,12
kishiwada,56202408190300,12
kishiwada,56202409270100,9
kishiwada,56202409270100,9
kishiwada,56202409270100,9
kishiwada,56202409270200,9
kishiwada,56202409270200,9
kishiwada,56202409270200,9
kishiwada,56202409270300,9
kishiwada,56202409270300,9
kishiwada,56202409270300,9
kishiwada,56202410030100,7
kishiwada,56202410030100,7
kishiwada,56202410030100,7
kishiwada,56202410030200,7
kishiwada,56202410030200,7
kishiwada,56202410030200,7
kishiwada,56202410030300,7
kishiwada,56202410030300,7
kishiwada,56202410030300,7
kishiwada,56202410180100,12
kishiwada,56202410180100,12
kishiwada,56202410180100,12
kishiwada,56202410180200,12
kishiwada,56202410180200,12
kishiwada,56202410180200,12
kishiwada,56202410180300,12
kishiwada,56202410180300,12
kishiwada,56202410180300,12
kishiwada,56202411050100,12
kishiwada,56202411050100,12
kishiwada,56202411050100,12
kishiwada,56202411050200,12
kishiwada,56202411050200,12
kishiwada,56202411050200,12
kishiwada,56202411050300,12
kishiwada,56202411050300,12
kishiwada,56202411050300,12
kishiwada,56202411180100,12
kishiwada,56202411180100,12
kishiwada,56202411180100,12
kishiwada,56202411180200,12
kishiwada,56202411180200,12
kishiwada,56202411180200,12
kishiwada,56202411180300,12
kishiwada,56202411180300,12
kishiwada,56202411180300,12
kishiwada,56202412180100,9
kishiwada,56202412180100,9
kishiwada,56202412180100,9
kishiwada,56202412180200,9
kishiwada,56202412180200,9
kishiwada,56202412180200,9
kishiwada,56202412180300,9
kishiwada,56202412180300,9
kishiwada,56202412180300,9
kishiwada,56202412240100,7
kishiwada,56202412240100,7
kishiwada,56202412240100,7
kishiwada,56202412240200,7
kishiwada,56202412240200,7
kishiwada,56202412240200,7
kishiwada,56202412240300,7
kishiwada,56202412240300,7
kishiwada,56202412240300,7
kishiwada,56202412310100,12
kishiwada,56202412310100,12
kishiwada,56202412310100,12
kishiwada,56202412310100,12
kishiwada,56202412310200,12
kishiwada,56202412310200,12
kishiwada,56202412310200,12
kishiwada,56202412310200,12
kishiwada,56202412310300,11
kishiwada,56202412310300,11
kishiwada,56202412310300,11
kishiwada,56202412310300,11
kishiwada,56202412310400,11
kishiwada,56202412310400,11
kishiwada,56202412310400,11
kishiwada,56202412310400,11
kishiwada,56202501200100,12
kishiwada,56202501200100,12
kishiwada,56202501200100,12
kishiwada,56202501200200,12
kishiwada,56202501200200,12
kishiwada,56202501200200,12
kishiwada,56202501200300,12
kishiwada,56202501200300,12
kishiwada,56202501200300,12
kishiwada,56202501270100,12
kishiwada,56202501270100,12
kishiwada,56202501270100,12
kishiwada,56202501270200,12
kishiwada,56202501270200,12
kishiwada,56202501270200,12
kishiwada,56202501270300,12
kishiwada,56202501270300,12
kishiwada,56202501270300,12
kishiwada,56202502180100,12
kishiwada,56202502180100,12
kishiwada,56202502180100,12
kishiwada,56202502180200,12
kishiwada,56202502180200,12
kishiwada,56202502180200,12
kishiwada,56202502180300,12
kishiwada,56202502180300,12
kishiwada,56202502180300,12
kishiwada,56202502270100,12
kishiwada,56202502270100,12
kishiwada,56202502270100,12
kishiwada,56202502270200,12
kishiwada,56202502270200,12
kishiwada,56202502270200,12
kishiwada,56202502270300,12
kishiwada,56202502270300,12
kishiwada,56202502270300,12
kishiwada,56202503220100,9
kishiwada,56202503220100,9
kishiwada,56202503220100,9
kishiwada,56202503220200,9
kishiwada,56202503220200,9
kishiwada,56202503220200,9
kishiwada,56202503220300,9
kishiwada,56202503220300,9
kishiwada,56202503220300,9
kishiwada,56202504010100,12
kishiwada,56202504010100,12
kishiwada,56202504010100,12
kishiwada,56202504010200,12
kishiwada,56202504010200,12
kishiwada,56202504010200,12
kishiwada,56202504010300,12
kishiwada,56202504010300,12
kishiwada,56202504010300,12
kishiwada,56202504080100,11
kishiwada,56202504080100,11
kishiwada,56202504080100,11
kishiwada,56202504080200,11
kishiwada,56202504080200,11
kishiwada,56202504080200,11
kishiwada,56202504080300,11
kishiwada,56202504080300,11
kishiwada,56202504080300,11
kishiwada,56202504160100,11
kishiwada,56202504160100,11
kishiwada,56202504160100,11
kishiwada,56202504160200,11
kishiwada,56202504160200,11
kishiwada,56202504160200,11
kishiwada,56202504160300,11
kishiwada,56202504160300,11
kishiwada,56202504160300,11
kishiwada,56202505040100,7
kishiwada,56202505040100,7
kishiwada,56202505040100,7
kishiwada,56202505040200,7
kishiwada,56202505040200,7
kishiwada,56202505040200,7
kishiwada,56202505040300,7
kishiwada,56202505040300,7
kishiwada,56202505040300,7
kishiwada,56202505090100,12
kishiwada,56202505090100,12
kishiwada,56202505090100,12
kishiwada,56202505090200,12
kishiwada,56202505090200,12
kishiwada,56202505090200,12
kishiwada,56202505090300,12
kishiwada,56202505090300,12
kishiwada,56202505090300,12
kishiwada,56202505180100,12
kishiwada,56202505180100,12
kishiwada,56202505180100,12
kishiwada,56202505180200,12
kishiwada,56202505180200,12
kishiwada,56202505180200,12
kishiwada,56202505180300,12
kishiwada,56202505180300,12
kishiwada,56202505180300,12
kishiwada,56202506170100,12
kishiwada,56202506170100,12
kishiwada,56202506170100,12
kishiwada,56202506170100,12
kishiwada,56202506170100,12
kishiwada,56202506170100,12
kishiwada,56202506170200,12
kishiwada,56202506170200,12
kishiwada,56202506170200,12
kishiwada,56202506170200,12
kishiwada,56202506170200,12
kishiwada,56202506170200,12
kishiwada,56202506170300,12
kishiwada,56202506170300,12
kishiwada,56202506170300,12
kishiwada,56202506170300,12
kishiwada,56202506170300,12
kishiwada,56202506170300,12
kishiwada,56202506170400,12
kishiwada,56202506170400,12
kishiwada,56202506170400,12
kishiwada,56202506170400,12
kishiwada,56202506170400,12
kishiwada,56202506170400,12
kishiwada,56202506170500,12
kishiwada,56202506170500,12
kishiwada,56202506170500,12
kishiwada,56202506170500,12
kishiwada,56202506170500,12
kishiwada,56202506170500,12
kishiwada,56202506170600,12
kishiwada,56202506170600,12
kishiwada,56202506170600,12
kishiwada,56202506170600,12
kishiwada,56202506170600,12
kishiwada,56202506170600,12
kishiwada,56202506290100,12
kishiwada,56202506290100,12
kishiwada,56202506290100,12
kishiwada,56202506290200,12
kishiwada,56202506290200,12
kishiwada,56202506290200,12
kishiwada,56202506290300,12
kishiwada,56202506290300,12
kishiwada,56202506290300,12
kishiwada,56202507050100,11
kishiwada,56202507050100,11
kishiwada,56202507050100,11
kishiwada,56202507050200,11
kishiwada,56202507050200,11
kishiwada,56202507050200,11
kishiwada,56202507050300,11
kishiwada,56202507050300,11
kishiwada,56202507050300,11
kishiwada,56202507110100,11
kishiwada,56202507110100,11
kishiwada,56202507110100,11
kishiwada,56202507110200,11
kishiwada,56202507110200,11
kishiwada,56202507110200,11
kishiwada,56202507110300,11
kishiwada,56202507110300,11
kishiwada,56202507110300,11
kishiwada,56202507190100,12
kishiwada,56202507190100,12
kishiwada,56202507190100,12
kishiwada,56202507190200,12
kishiwada,56202507190200,12
kishiwada,56202507190200,12
kishiwada,56202507190300,12
kishiwada,56202507190300,12
kishiwada,56202507190300,12
kishiwada,56202507230100,11
kishiwada,56202507230100,11
kishiwada,56202507230100,11
kishiwada,56202507230200,11
kishiwada,56202507230200,11
kishiwada,56202507230200,11
kishiwada,56202507230300,11
kishiwada,56202507230300,11
kishiwada,56202507230300,11
kishiwada,56202508030100,7
kishiwada,56202508030100,7
kishiwada,56202508030100,7
kishiwada,56202508030200,7
kishiwada,56202508030200,7
kishiwada,56202508030200,7
kishiwada,56202508030300,7
kishiwada,56202508030300,7
kishiwada,56202508030300,7
kishiwada,56202508090100,11
kishiwada,56202508090100,11
kishiwada,56202508090100,11
kishiwada,56202508090200,11
kishiwada,56202508090200,11
kishiwada,56202508090200,11
kishiwada,56202508090300,11
kishiwada,56202508090300,11
kishiwada,56202508090300,11
kishiwada,56202508150100,12
kishiwada,56202508150100,12
kishiwada,56202508150100,12
kishiwada,56202508150200,12
kishiwada,56202508150200,12
kishiwada,56202508150200,12
kishiwada,56202508150300,12
kishiwada,56202508150300,12
kishiwada,56202508150300,12
kishiwada,56202508270100,12
kishiwada,56202508270100,12
kishiwada,56202508270100,12
kishiwada,56202508270200,12
kishiwada,56202508270200,12
kishiwada,56202508270200,12
kishiwada,56202508270300,12
kishiwada,56202508270300,12
kishiwada,56202508270300,12
kishiwada,56202508310100,11
kishiwada,56202508310100,11
kishiwada,56202508310100,11
kishiwada,56202508310200,11
kishiwada,56202508310200,11
kishiwada,56202508310200,11
kishiwada,56202508310300,11
kishiwada,56202508310300,11
kishiwada,56202508310300,11
kishiwada,56202509050100,9
kishiwada,56202509050100,9
kishiwada,56202509050100,9
kishiwada,56202509050200,9
kishiwada,56202509050200,9
kishiwada,56202509050200,9
kishiwada,56202509050300,9
kishiwada,56202509050300,9
kishiwada,56202509050300,9
kishiwada,56202509170100,11
kishiwada,56202509170100,11
kishiwada,56202509170100,11
kishiwada,56202509170200,11
kishiwada,56202509170200,11
kishiwada,56202509170200,11
kishiwada,56202509170300,11
kishiwada,56202509170300,11
kishiwada,56202509170300,11
kishiwada,56202509270100,9
kishiwada,56202509270100,9
kishiwada,56202509270100,9
kishiwada,56202509270200,9
kishiwada,56202509270200,9
kishiwada,56202509270200,9
kishiwada,56202509270300,9
kishiwada,56202509270300,9
kishiwada,56202509270300,9
kishiwada,56202510070100,11
kishiwada,56202510070100,11
kishiwada,56202510070100,11
kishiwada,56202510070200,11
kishiwada,56202510070200,11
kishiwada,56202510070200,11
kishiwada,56202510070300,11
kishiwada,56202510070300,11
kishiwada,56202510070300,11
kishiwada,56202510180100,9
kishiwada,56202510180100,9
kishiwada,56202510180100,9
kishiwada,56202510180200,9
kishiwada,56202510180200,9
kishiwada,56202510180200,9
kishiwada,56202510180300,9
kishiwada,56202510180300,9
kishiwada,56202510180300,9
kishiwada,56202510240100,12
kishiwada,56202510240100,12
kishiwada,56202510240100,12
kishiwada,56202510240200,12
kishiwada,56202510240200,12
kishiwada,56202510240200,12
kishiwada,56202510240300,12
kishiwada,56202510240300,12
kishiwada,56202510240300,12
kishiwada,56202511010100,11
kishiwada,56202511010100,11
kishiwada,56202511010100,11
kishiwada,56202511010200,11
kishiwada,56202511010200,11
kishiwada,56202511010200,11
kishiwada,56202511010300,11
kishiwada,56202511010300,11
kishiwada,56202511010300,11
kishiwada,56202511100100,12
kishiwada,56202511100100,12
kishiwada,56202511100100,12
kishiwada,56202511100200,12
kishiwada,56202511100200,12
kishiwada,56202511100200,12
kishiwada,56202511100300,12
kishiwada,56202511100300,12
kishiwada,56202511100300,12
kishiwada,56202511160100,12
kishiwada,56202511160100,12
kishiwada,56202511160100,12
kishiwada,56202511160200,12
kishiwada,56202511160200,12
kishiwada,56202511160200,12
kishiwada,56202511160300,12
kishiwada,56202511160300,12
kishiwada,56202511160300,12
kishiwada,56202511270100,12
kishiwada,56202511270100,12
kishiwada,56202511270100,12
kishiwada,56202511270200,12
kishiwada,56202511270200,12
kishiwada,56202511270200,12
kishiwada,56202511270300,12
kishiwada,56202511270300,12
kishiwada,56202511270300,12
kishiwada,56202512030100,9
kishiwada,56202512030100,9
kishiwada,56202512030100,9
kishiwada,56202512030200,9
kishiwada,56202512030200,9
kishiwada,56202512030200,9
kishiwada,56202512030300,9
kishiwada,56202512030300,9
kishiwada,56202512030300,9
kishiwada,56202512090100,7
kishiwada,56202512090100,7
kishiwada,56202512090100,7
kishiwada,56202512090200,7
kishiwada,56202512090200,7
kishiwada,56202512090200,7
kishiwada,56202512090300,7
kishiwada,56202512090300,7
kishiwada,56202512090300,7
kishiwada,56202512180100,9
kishiwada,56202512180100,9
kishiwada,56202512180100,9
kishiwada,56202512180200,9
kishiwada,56202512180200,9
kishiwada,56202512180200,9
kishiwada,56202512180300,9
kishiwada,56202512180300,9
kishiwada,56202512180300,9
kishiwada,56202512310100,12
kishiwada,56202512310100,12
kishiwada,56202512310100,12
kishiwada,56202512310200,11
kishiwada,56202512310200,11
kishiwada,56202512310200,11
kishiwada,56202512310300,11
kishiwada,56202512310300,11
kishiwada,56202512310300,11
kishiwada,56202601130100,11
kishiwada,56202601130100,11
kishiwada,56202601130100,11
kishiwada,56202601130200,11
kishiwada,56202601130200,11
kishiwada,56202601130200,11
kishiwada,56202601130300,11
kishiwada,56202601130300,11
kishiwada,56202601130300,11
kishiwada,56202601200100,9
kishiwada,56202601200100,9
kishiwada,56202601200100,9
kishiwada,56202601200200,9
kishiwada,56202601200200,9
kishiwada,56202601200200,9
kishiwada,56202601200300,9
kishiwada,56202601200300,9
kishiwada,56202601200300,9
kishiwada,56202602090100,11
kishiwada,56202602090100,11
kishiwada,56202602090100,11
kishiwada,56202602090200,11
kishiwada,56202602090200,11
kishiwada,56202602090200,11
kishiwada,56202602090300,11
kishiwada,56202602090300,11
kishiwada,56202602090300,11
kishiwada,56202602240100,12
kishiwada,56202602240100,12
kishiwada,56202602240100,12
kishiwada,56202602240200,12
kishiwada,56202602240200,12
kishiwada,56202602240200,12
kishiwada,56202602240300,12
kishiwada,56202602240300,12
kishiwada,56202602240300,12
kishiwada,56202603010100,7
kishiwada,56202603010100,7
kishiwada,56202603010100,7
kishiwada,56202603010200,7
kishiwada,56202603010200,7
kishiwada,56202603010200,7
kishiwada,56202603010300,7
kishiwada,56202603010300,7
kishiwada,56202603010300,7
kishiwada,56202603250100,7
kishiwada,56202603250100,7
kishiwada,56202603250100,7
kishiwada,56202603250200,7
kishiwada,56202603250200,7
kishiwada,56202603250200,7
kishiwada,56202603250300,7
kishiwada,56202603250300,7
kishiwada,56202603250300,7
kishiwada,56202604010100,12
kishiwada,56202604010100,12
kishiwada,56202604010100,12
kishiwada,56202604010200,12
kishiwada,56202604010200,12
kishiwada,56202604010200,12
kishiwada,56202604010300,12
kishiwada,56202604010300,12
kishiwada,56202604010300,12
kishiwada,56202605040100,12
kishiwada,56202605040100,12
kishiwada,56202605040100,12
kishiwada,56202605040200,12
kishiwada,56202605040200,12
kishiwada,56202605040200,12
kishiwada,56202605040300,12
kishiwada,56202605040300,12
kishiwada,56202605040300,12
kishiwada,56202605110100,11
kishiwada,56202605110100,11
kishiwada,56202605110100,11
kishiwada,56202605110200,11
kishiwada,56202605110200,11
kishiwada,56202605110200,11
kishiwada,56202605110300,11
kishiwada,56202605110300,11
kishiwada,56202605110300,11
kishiwada,56202605160100,9
kishiwada,56202605160100,9
kishiwada,56202605160100,9
kishiwada,56202605160200,9
kishiwada,56202605160200,9
kishiwada,56202605160200,9
kishiwada,56202605160300,9
kishiwada,56202605160300,9
kishiwada,56202605160300,9
kishiwada,56202605310100,7
kishiwada,56202605310100,7
kishiwada,56202605310100,7
kishiwada,56202605310200,7
kishiwada,56202605310200,7
kishiwada,56202605310200,7
kishiwada,56202605310300,7
kishiwada,56202605310300,7
kishiwada,56202605310300,7
kishiwada,56202606160100,12
kishiwada,56202606160100,12
kishiwada,56202606160100,12
kishiwada,56202606160100,12
kishiwada,56202606160100,12
kishiwada,56202606160100,12
kishiwada,56202606160200,12
kishiwada,56202606160200,12
kishiwada,56202606160200,12
kishiwada,56202606160200,12
kishiwada,56202606160200,12
kishiwada,56202606160200,12
kishiwada,56202606160300,12
kishiwada,56202606160300,12
kishiwada,56202606160300,12
kishiwada,56202606160300,12
kishiwada,56202606160300,12
kishiwada,56202606160300,12
kishiwada,56202606160400,12
kishiwada,56202606160400,12
kishiwada,56202606160400,12
kishiwada,56202606160400,12
kishiwada,56202606160400,12
kishiwada,56202606160400,12
kishiwada,56202606160500,12
kishiwada,56202606160500,12
kishiwada,56202606160500,12
kishiwada,56202606160500,12
kishiwada,56202606160500,12
kishiwada,56202606160500,12
kishiwada,56202606160600,12
kishiwada,56202606160600,12
kishiwada,56202606160600,12
kishiwada,56202606160600,12
kishiwada,56202606160600,12
kishiwada,56202606160600,12
tamano,61202301010100,9
tamano,61202301010100,9
tamano,61202301010100,9
tamano,61202301010200,8
tamano,61202301010200,8
tamano,61202301010200,8
tamano,61202301010300,8
tamano,61202301010300,8
tamano,61202301010300,8
tamano,61202302100100,12
tamano,61202302100100,12
tamano,61202302100100,12
tamano,61202302100200,12
tamano,61202302100200,12
tamano,61202302100200,12
tamano,61202302100300,12
tamano,61202302100300,12
tamano,61202302100300,12
tamano,61202302200100,12
tamano,61202302200100,12
tamano,61202302200100,12
tamano,61202302200200,12
tamano,61202302200200,12
tamano,61202302200200,12
tamano,61202302200300,12
tamano,61202302200300,12
tamano,61202302200300,12
tamano,61202303040100,12
tamano,61202303040100,12
tamano,61202303040100,12
tamano,61202303040200,12
tamano,61202303040200,12
tamano,61202303040200,12
tamano,61202303040300,12
tamano,61202303040300,12
tamano,61202303040300,12
tamano,61202303260100,12
tamano,61202303260100,12
tamano,61202303260100,12
tamano,61202303260100,12
tamano,61202303260200,12
tamano,61202303260200,12
tamano,61202303260200,12
tamano,61202303260200,12
tamano,61202303260300,12
tamano,61202303260300,12
tamano,61202303260300,12
tamano,61202303260300,12
tamano,61202303260400,12
tamano,61202303260400,12
tamano,61202303260400,12
tamano,61202303260400,12
tamano,61202304030100,12
tamano,61202304030100,12
tamano,61202304030100,12
tamano,61202304030200,12
tamano,61202304030200,12
tamano,61202304030200,12
tamano,61202304030300,12
tamano,61202304030300,12
tamano,61202304030300,12
tamano,61202304160100,9
tamano,61202304160100,9
tamano,61202304160100,9
tamano,61202304160200,9
tamano,61202304160200,9
tamano,61202304160200,9
tamano,61202304160300,9
tamano,61202304160300,9
tamano,61202304160300,9
tamano,61202304230100,12
tamano,61202304230100,12
tamano,61202304230100,12
tamano,61202304230200,12
tamano,61202304230200,12
tamano,61202304230200,12
tamano,61202304230300,12
tamano,61202304230300,12
tamano,61202304230300,12
tamano,61202304280100,9
tamano,61202304280100,9
tamano,61202304280100,9
tamano,61202304280200,9
tamano,61202304280200,9
tamano,61202304280200,9
tamano,61202304280300,9
tamano,61202304280300,9
tamano,61202304280300,9
tamano,61202305180100,12
tamano,61202305180100,12
tamano,61202305180100,12
tamano,61202305180200,12
tamano,61202305180200,12
tamano,61202305180200,12
tamano,61202305180300,12
tamano,61202305180300,12
tamano,61202305180300,12
tamano,61202305290100,12
tamano,61202305290100,12
tamano,61202305290100,12
tamano,61202305290200,12
tamano,61202305290200,12
tamano,61202305290200,12
tamano,61202305290300,12
tamano,61202305290300,12
tamano,61202305290300,12
tamano,61202306060100,12
tamano,61202306060100,12
tamano,61202306060100,12
tamano,61202306060200,12
tamano,61202306060200,12
tamano,61202306060200,12
tamano,61202306060300,12
tamano,61202306060300,12
tamano,61202306060300,12
tamano,61202306250100,12
tamano,61202306250100,12
tamano,61202306250100,12
tamano,61202306250200,12
tamano,61202306250200,12
tamano,61202306250200,12
tamano,61202306250300,12
tamano,61202306250300,12
tamano,61202306250300,12
tamano,61202307100100,12
tamano,61202307100100,12
tamano,61202307100100,12
tamano,61202307100200,12
tamano,61202307100200,12
tamano,61202307100200,12
tamano,61202307100300,12
tamano,61202307100300,12
tamano,61202307100300,12
tamano,61202307200100,12
tamano,61202307200100,12
tamano,61202307200100,12
tamano,61202307200200,12
tamano,61202307200200,12
tamano,61202307200200,12
tamano,61202307200300,12
tamano,61202307200300,12
tamano,61202307200300,12
tamano,61202307260100,12
tamano,61202307260100,12
tamano,61202307260100,12
tamano,61202307260200,12
tamano,61202307260200,12
tamano,61202307260200,12
tamano,61202307260300,12
tamano,61202307260300,12
tamano,61202307260300,12
tamano,61202307310100,12
tamano,61202307310100,12
tamano,61202307310100,12
tamano,61202307310200,12
tamano,61202307310200,12
tamano,61202307310200,12
tamano,61202307310300,12
tamano,61202307310300,12
tamano,61202307310300,12
tamano,61202308080100,12
tamano,61202308080100,12
tamano,61202308080100,12
tamano,61202308080200,12
tamano,61202308080200,12
tamano,61202308080200,12
tamano,61202308080300,12
tamano,61202308080300,12
tamano,61202308080300,12
tamano,61202308210100,9
tamano,61202308210100,9
tamano,61202308210100,9
tamano,61202308210200,9
tamano,61202308210200,9
tamano,61202308210200,9
tamano,61202308210300,9
tamano,61202308210300,9
tamano,61202308210300,9
tamano,61202309070100,12
tamano,61202309070100,12
tamano,61202309070100,12
tamano,61202309070200,12
tamano,61202309070200,12
tamano,61202309070200,12
tamano,61202309070300,12
tamano,61202309070300,12
tamano,61202309070300,12
tamano,61202309230100,7
tamano,61202309230100,7
tamano,61202309230100,7
tamano,61202309230200,7
tamano,61202309230200,7
tamano,61202309230200,7
tamano,61202309230300,7
tamano,61202309230300,7
tamano,61202309230300,7
tamano,61202310050100,12
tamano,61202310050100,12
tamano,61202310050100,12
tamano,61202310050200,12
tamano,61202310050200,12
tamano,61202310050200,12
tamano,61202310050300,12
tamano,61202310050300,12
tamano,61202310050300,12
tamano,61202310150100,12
tamano,61202310150100,12
tamano,61202310150100,12
tamano,61202310150200,12
tamano,61202310150200,12
tamano,61202310150200,12
tamano,61202310150300,12
tamano,61202310150300,12
tamano,61202310150300,12
tamano,61202310260100,12
tamano,61202310260100,12
tamano,61202310260100,12
tamano,61202310260200,12
tamano,61202310260200,12
tamano,61202310260200,12
tamano,61202310260300,12
tamano,61202310260300,12
tamano,61202310260300,12
tamano,61202311020100,12
tamano,61202311020100,12
tamano,61202311020100,12
tamano,61202311020100,12
tamano,61202311020200,12
tamano,61202311020200,12
tamano,61202311020200,12
tamano,61202311020200,12
tamano,61202311020300,12
tamano,61202311020300,12
tamano,61202311020300,12
tamano,61202311020300,12
tamano,61202311020400,12
tamano,61202311020400,12
tamano,61202311020400,12
tamano,61202311020400,12
tamano,61202311110100,9
tamano,61202311110100,9
tamano,61202311110100,9
tamano,61202311110200,9
tamano,61202311110200,9
tamano,61202311110200,9
tamano,61202311110300,9
tamano,61202311110300,9
tamano,61202311110300,9
tamano,61202311180100,12
tamano,61202311180100,12
tamano,61202311180100,12
tamano,61202311180200,12
tamano,61202311180200,12
tamano,61202311180200,12
tamano,61202311180300,12
tamano,61202311180300,12
tamano,61202311180300,12
tamano,61202311270100,12
tamano,61202311270100,12
tamano,61202311270100,12
tamano,61202311270200,12
tamano,61202311270200,12
tamano,61202311270200,12
tamano,61202311270300,12
tamano,61202311270300,12
tamano,61202311270300,12
tamano,61202312040100,12
tamano,61202312040100,12
tamano,61202312040100,12
tamano,61202312040200,12
tamano,61202312040200,12
tamano,61202312040200,12
tamano,61202312040300,12
tamano,61202312040300,12
tamano,61202312040300,12
tamano,61202312110100,9
tamano,61202312110100,9
tamano,61202312110100,9
tamano,61202312110200,9
tamano,61202312110200,9
tamano,61202312110200,9
tamano,61202312110300,9
tamano,61202312110300,9
tamano,61202312110300,9
tamano,61202312210100,12
tamano,61202312210100,12
tamano,61202312210100,12
tamano,61202312210100,12
tamano,61202312210200,12
tamano,61202312210200,12
tamano,61202312210200,12
tamano,61202312210200,12
tamano,61202312210300,12
tamano,61202312210300,12
tamano,61202312210300,12
tamano,61202312210300,12
tamano,61202312210400,12
tamano,61202312210400,12
tamano,61202312210400,12
tamano,61202312210400,12
tamano,61202401040100,9
tamano,61202401040100,9
tamano,61202401040100,9
tamano,61202401040200,9
tamano,61202401040200,9
tamano,61202401040200,9
tamano,61202401040300,9
tamano,61202401040300,9
tamano,61202401040300,9
tamano,61202401100100,9
tamano,61202401100100,9
tamano,61202401100100,9
tamano,61202401100200,9
tamano,61202401100200,9
tamano,61202401100200,9
tamano,61202401100300,9
tamano,61202401100300,9
tamano,61202401100300,9
tamano,61202401190100,12
tamano,61202401190100,12
tamano,61202401190100,12
tamano,61202401190200,12
tamano,61202401190200,12
tamano,61202401190200,12
tamano,61202401190300,12
tamano,61202401190300,12
tamano,61202401190300,12
tamano,61202402080100,12
tamano,61202402080100,12
tamano,61202402080100,12
tamano,61202402080200,12
tamano,61202402080200,12
tamano,61202402080200,12
tamano,61202402080300,12
tamano,61202402080300,12
tamano,61202402080300,12
tamano,61202402140100,12
tamano,61202402140100,12
tamano,61202402140100,12
tamano,61202402140200,12
tamano,61202402140200,12
tamano,61202402140200,12
tamano,61202402140300,12
tamano,61202402140300,12
tamano,61202402140300,12
tamano,61202402290100,12
tamano,61202402290100,12
tamano,61202402290100,12
tamano,61202402290100,12
tamano,61202402290200,12
tamano,61202402290200,12
tamano,61202402290200,12
tamano,61202402290200,12
tamano,61202402290300,12
tamano,61202402290300,12
tamano,61202402290300,12
tamano,61202402290300,12
tamano,61202402290400,12
tamano,61202402290400,12
tamano,61202402290400,12
tamano,61202402290400,12
tamano,61202403130100,12
tamano,61202403130100,12
tamano,61202403130100,12
tamano,61202403130200,12
tamano,61202403130200,12
tamano,61202403130200,12
tamano,61202403130300,12
tamano,61202403130300,12
tamano,61202403130300,12
tamano,61202403250100,12
tamano,61202403250100,12
tamano,61202403250100,12
tamano,61202403250200,12
tamano,61202403250200,12
tamano,61202403250200,12
tamano,61202403250300,12
tamano,61202403250300,12
tamano,61202403250300,12
tamano,61202404020100,12
tamano,61202404020100,12
tamano,61202404020100,12
tamano,61202404020200,12
tamano,61202404020200,12
tamano,61202404020200,12
tamano,61202404020300,12
tamano,61202404020300,12
tamano,61202404020300,12
tamano,61202404220100,9
tamano,61202404220100,9
tamano,61202404220100,9
tamano,61202404220200,9
tamano,61202404220200,9
tamano,61202404220200,9
tamano,61202404220300,9
tamano,61202404220300,9
tamano,61202404220300,9
tamano,61202405010100,12
tamano,61202405010100,12
tamano,61202405010100,12
tamano,61202405010200,12
tamano,61202405010200,12
tamano,61202405010200,12
tamano,61202405010300,12
tamano,61202405010300,12
tamano,61202405010300,12
tamano,61202405060100,12
tamano,61202405060100,12
tamano,61202405060100,12
tamano,61202405060200,12
tamano,61202405060200,12
tamano,61202405060200,12
tamano,61202405060300,12
tamano,61202405060300,12
tamano,61202405060300,12
tamano,61202405130100,12
tamano,61202405130100,12
tamano,61202405130100,12
tamano,61202405130200,12
tamano,61202405130200,12
tamano,61202405130200,12
tamano,61202405130300,12
tamano,61202405130300,12
tamano,61202405130300,12
tamano,61202405190100,12
tamano,61202405190100,12
tamano,61202405190100,12
tamano,61202405190200,12
tamano,61202405190200,12
tamano,61202405190200,12
tamano,61202405190300,12
tamano,61202405190300,12
tamano,61202405190300,12
tamano,61202405280100,12
tamano,61202405280100,12
tamano,61202405280100,12
tamano,61202405280200,12
tamano,61202405280200,12
tamano,61202405280200,12
tamano,61202405280300,12
tamano,61202405280300,12
tamano,61202405280300,12
tamano,61202406030100,12
tamano,61202406030100,12
tamano,61202406030100,12
tamano,61202406030200,12
tamano,61202406030200,12
tamano,61202406030200,12
tamano,61202406030300,12
tamano,61202406030300,12
tamano,61202406030300,12
tamano,61202406140100,12
tamano,61202406140100,12
tamano,61202406140100,12
tamano,61202406140200,12
tamano,61202406140200,12
tamano,61202406140200,12
tamano,61202406140300,12
tamano,61202406140300,12
tamano,61202406140300,12
tamano,61202407130100,12
tamano,61202407130100,12
tamano,61202407130100,12
tamano,61202407130200,12
tamano,61202407130200,12
tamano,61202407130200,12
tamano,61202407130300,12
tamano,61202407130300,12
tamano,61202407130300,12
tamano,61202407250100,12
tamano,61202407250100,12
tamano,61202407250100,12
tamano,61202407250200,12
tamano,61202407250200,12
tamano,61202407250200,12
tamano,61202407250300,12
tamano,61202407250300,12
tamano,61202407250300,12
tamano,61202408040100,12
tamano,61202408040100,12
tamano,61202408040100,12
tamano,61202408040200,12
tamano,61202408040200,12
tamano,61202408040200,12
tamano,61202408040300,12
tamano,61202408040300,12
tamano,61202408040300,12
tamano,61202408160100,7
tamano,61202408160100,7
tamano,61202408160100,7
tamano,61202408160200,7
tamano,61202408160200,7
tamano,61202408160200,7
tamano,61202408160300,7
tamano,61202408160300,7
tamano,61202408160300,7
tamano,61202408280100,9
tamano,61202408280100,9
tamano,61202408280100,9
tamano,61202408280200,9
tamano,61202408280200,9
tamano,61202408280200,9
tamano,61202408280300,9
tamano,61202408280300,9
tamano,61202408280300,9
tamano,61202409030100,7
tamano,61202409030100,7
tamano,61202409030100,7
tamano,61202409030200,7
tamano,61202409030200,7
tamano,61202409030200,7
tamano,61202409030300,7
tamano,61202409030300,7
tamano,61202409030300,7
tamano,61202409090100,12
tamano,61202409090100,12
tamano,61202409090100,12
tamano,61202409090200,12
tamano,61202409090200,12
tamano,61202409090200,12
tamano,61202409090300,12
tamano,61202409090300,12
tamano,61202409090300,12
tamano,61202410070100,12
tamano,61202410070100,12
tamano,61202410070100,12
tamano,61202410070200,12
tamano,61202410070200,12
tamano,61202410070200,12
tamano,61202410070300,12
tamano,61202410070300,12
tamano,61202410070300,12
tamano,61202410140100,12
tamano,61202410140100,12
tamano,61202410140100,12
tamano,61202410140200,12
tamano,61202410140200,12
tamano,61202410140200,12
tamano,61202410140300,12
tamano,61202410140300,12
tamano,61202410140300,12
tamano,61202411080100,12
tamano,61202411080100,12
tamano,61202411080100,12
tamano,61202411080200,12
tamano,61202411080200,12
tamano,61202411080200,12
tamano,61202411080300,12
tamano,61202411080300,12
tamano,61202411080300,12
tamano,61202411220100,10
tamano,61202411220100,10
tamano,61202411220100,10
tamano,61202411220200,10
tamano,61202411220200,10
tamano,61202411220200,10
tamano,61202411220300,10
tamano,61202411220300,10
tamano,61202411220300,10
tamano,61202412030100,9
tamano,61202412030100,9
tamano,61202412030100,9
tamano,61202412030200,9
tamano,61202412030200,9
tamano,61202412030200,9
tamano,61202412030300,9
tamano,61202412030300,9
tamano,61202412030300,9
tamano,61202412120100,12
tamano,61202412120100,12
tamano,61202412120100,12
tamano,61202412120100,12
tamano,61202412120200,12
tamano,61202412120200,12
tamano,61202412120200,12
tamano,61202412120200,12
tamano,61202412120300,12
tamano,61202412120300,12
tamano,61202412120300,12
tamano,61202412120300,12
tamano,61202412120400,12
tamano,61202412120400,12
tamano,61202412120400,12
tamano,61202412120400,12
tamano,61202412300100,9
tamano,61202412300100,9
tamano,61202412300100,9
tamano,61202412300200,9
tamano,61202412300200,9
tamano,61202412300200,9
tamano,61202412300300,9
tamano,61202412300300,9
tamano,61202412300300,9
tamano,61202501160100,12
tamano,61202501160100,12
tamano,61202501160100,12
tamano,61202501160200,12
tamano,61202501160200,12
tamano,61202501160200,12
tamano,61202501160300,12
tamano,61202501160300,12
tamano,61202501160300,12
tamano,61202502050100,9
tamano,61202502050100,9
tamano,61202502050100,9
tamano,61202502050200,9
tamano,61202502050200,9
tamano,61202502050200,9
tamano,61202502050300,9
tamano,61202502050300,9
tamano,61202502050300,9
tamano,61202502130100,12
tamano,61202502130100,12
tamano,61202502130100,12
tamano,61202502130200,12
tamano,61202502130200,12
tamano,61202502130200,12
tamano,61202502130300,12
tamano,61202502130300,12
tamano,61202502130300,12
tamano,61202502200100,12
tamano,61202502200100,12
tamano,61202502200100,12
tamano,61202502200200,12
tamano,61202502200200,12
tamano,61202502200200,12
tamano,61202502200300,12
tamano,61202502200300,12
tamano,61202502200300,12
tamano,61202502260100,12
tamano,61202502260100,12
tamano,61202502260100,12
tamano,61202502260200,12
tamano,61202502260200,12
tamano,61202502260200,12
tamano,61202502260300,12
tamano,61202502260300,12
tamano,61202502260300,12
tamano,61202503060100,12
tamano,61202503060100,12
tamano,61202503060100,12
tamano,61202503060100,12
tamano,61202503060200,12
tamano,61202503060200,12
tamano,61202503060200,12
tamano,61202503060200,12
tamano,61202503060300,12
tamano,61202503060300,12
tamano,61202503060300,12
tamano,61202503060300,12
tamano,61202503060400,12
tamano,61202503060400,12
tamano,61202503060400,12
tamano,61202503060400,12
tamano,61202503140100,12
tamano,61202503140100,12
tamano,61202503140100,12
tamano,61202503140200,12
tamano,61202503140200,12
tamano,61202503140200,12
tamano,61202503140300,12
tamano,61202503140300,12
tamano,61202503140300,12
tamano,61202503220100,12
tamano,61202503220100,12
tamano,61202503220100,12
tamano,61202503220200,12
tamano,61202503220200,12
tamano,61202503220200,12
tamano,61202503220300,12
tamano,61202503220300,12
tamano,61202503220300,12
tamano,61202503290100,9
tamano,61202503290100,9
tamano,61202503290100,9
tamano,61202503290200,9
tamano,61202503290200,9
tamano,61202503290200,9
tamano,61202503290300,9
tamano,61202503290300,9
tamano,61202503290300,9
tamano,61202504090100,11
tamano,61202504090100,11
tamano,61202504090100,11
tamano,61202504090200,11
tamano,61202504090200,11
tamano,61202504090200,11
tamano,61202504090300,11
tamano,61202504090300,11
tamano,61202504090300,11
tamano,61202504180100,12
tamano,61202504180100,12
tamano,61202504180100,12
tamano,61202504180200,12
tamano,61202504180200,12
tamano,61202504180200,12
tamano,61202504180300,12
tamano,61202504180300,12
tamano,61202504180300,12
tamano,61202504290100,12
tamano,61202504290100,12
tamano,61202504290100,12
tamano,61202504290200,12
tamano,61202504290200,12
tamano,61202504290200,12
tamano,61202504290300,12
tamano,61202504290300,12
tamano,61202504290300,12
tamano,61202505120100,12
tamano,61202505120100,12
tamano,61202505120100,12
tamano,61202505120200,12
tamano,61202505120200,12
tamano,61202505120200,12
tamano,61202505120300,12
tamano,61202505120300,12
tamano,61202505120300,12
tamano,61202505180100,12
tamano,61202505180100,12
tamano,61202505180100,12
tamano,61202505180200,12
tamano,61202505180200,12
tamano,61202505180200,12
tamano,61202505180300,12
tamano,61202505180300,12
tamano,61202505180300,12
tamano,61202505230100,7
tamano,61202505230100,7
tamano,61202505230100,7
tamano,61202505230200,7
tamano,61202505230200,7
tamano,61202505230200,7
tamano,61202505230300,7
tamano,61202505230300,7
tamano,61202505230300,7
tamano,61202505290100,9
tamano,61202505290100,9
tamano,61202505290100,9
tamano,61202505290200,9
tamano,61202505290200,9
tamano,61202505290200,9
tamano,61202505290300,9
tamano,61202505290300,9
tamano,61202505290300,9
tamano,61202506040100,9
tamano,61202506040100,9
tamano,61202506040100,9
tamano,61202506040200,9
tamano,61202506040200,9
tamano,61202506040200,9
tamano,61202506040300,9
tamano,61202506040300,9
tamano,61202506040300,9
tamano,61202506100100,12
tamano,61202506100100,12
tamano,61202506100100,12
tamano,61202506100200,12
tamano,61202506100200,12
tamano,61202506100200,12
tamano,61202506100300,12
tamano,61202506100300,12
tamano,61202506100300,12
tamano,61202506160100,9
tamano,61202506160100,9
tamano,61202506160100,9
tamano,61202506160200,9
tamano,61202506160200,9
tamano,61202506160200,9
tamano,61202506160300,9
tamano,61202506160300,9
tamano,61202506160300,9
tamano,61202506270100,12
tamano,61202506270100,12
tamano,61202506270100,12
tamano,61202506270200,12
tamano,61202506270200,12
tamano,61202506270200,12
tamano,61202506270300,12
tamano,61202506270300,12
tamano,61202506270300,12
tamano,61202507100100,9
tamano,61202507100100,9
tamano,61202507100100,9
tamano,61202507100200,9
tamano,61202507100200,9
tamano,61202507100200,9
tamano,61202507100300,9
tamano,61202507100300,9
tamano,61202507100300,9
tamano,61202507180100,12
tamano,61202507180100,12
tamano,61202507180100,12
tamano,61202507180100,12
tamano,61202507180200,12
tamano,61202507180200,12
tamano,61202507180200,12
tamano,61202507180200,12
tamano,61202507180300,12
tamano,61202507180300,12
tamano,61202507180300,12
tamano,61202507180300,12
tamano,61202507180400,12
tamano,61202507180400,12
tamano,61202507180400,12
tamano,61202507180400,12
tamano,61202508090100,9
tamano,61202508090100,9
tamano,61202508090100,9
tamano,61202508090200,9
tamano,61202508090200,9
tamano,61202508090200,9
tamano,61202508090300,9
tamano,61202508090300,9
tamano,61202508090300,9
tamano,61202508180100,12
tamano,61202508180100,12
tamano,61202508180100,12
tamano,61202508180200,12
tamano,61202508180200,12
tamano,61202508180200,12
tamano,61202508180300,12
tamano,61202508180300,12
tamano,61202508180300,12
tamano,61202508260100,11
tamano,61202508260100,11
tamano,61202508260100,11
tamano,61202508260200,11
tamano,61202508260200,11
tamano,61202508260200,11
tamano,61202508260300,11
tamano,61202508260300,11
tamano,61202508260300,11
tamano,61202509020100,7
tamano,61202509020100,7
tamano,61202509020100,7
tamano,61202509020200,7
tamano,61202509020200,7
tamano,61202509020200,7
tamano,61202509020300,7
tamano,61202509020300,7
tamano,61202509020300,7
tamano,61202509090100,12
tamano,61202509090100,12
tamano,61202509090100,12
tamano,61202509090200,12
tamano,61202509090200,12
tamano,61202509090200,12
tamano,61202509090300,12
tamano,61202509090300,12
tamano,61202509090300,12
tamano,61202509170100,12
tamano,61202509170100,12
tamano,61202509170100,12
tamano,61202509170200,12
tamano,61202509170200,12
tamano,61202509170200,12
tamano,61202509170300,12
tamano,61202509170300,12
tamano,61202509170300,12
tamano,61202509250100,11
tamano,61202509250100,11
tamano,61202509250100,11
tamano,61202509250200,11
tamano,61202509250200,11
tamano,61202509250200,11
tamano,61202509250300,11
tamano,61202509250300,11
tamano,61202509250300,11
tamano,61202510010100,12
tamano,61202510010100,12
tamano,61202510010100,12
tamano,61202510010200,12
tamano,61202510010200,12
tamano,61202510010200,12
tamano,61202510010300,12
tamano,61202510010300,12
tamano,61202510010300,12
tamano,61202510090100,9
tamano,61202510090100,9
tamano,61202510090100,9
tamano,61202510090200,9
tamano,61202510090200,9
tamano,61202510090200,9
tamano,61202510090300,9
tamano,61202510090300,9
tamano,61202510090300,9
tamano,61202510140100,11
tamano,61202510140100,11
tamano,61202510140100,11
tamano,61202510140200,11
tamano,61202510140200,11
tamano,61202510140200,11
tamano,61202510140300,11
tamano,61202510140300,11
tamano,61202510140300,11
tamano,61202510260100,12
tamano,61202510260100,12
tamano,61202510260100,12
tamano,61202510260200,12
tamano,61202510260200,12
tamano,61202510260200,12
tamano,61202510260300,12
tamano,61202510260300,12
tamano,61202510260300,12
tamano,61202511020100,7
tamano,61202511020100,7
tamano,61202511020100,7
tamano,61202511020200,7
tamano,61202511020200,7
tamano,61202511020200,7
tamano,61202511020300,7
tamano,61202511020300,7
tamano,61202511020300,7
tamano,61202511090100,12
tamano,61202511090100,12
tamano,61202511090100,12
tamano,61202511090200,12
tamano,61202511090200,12
tamano,61202511090200,12
tamano,61202511090300,12
tamano,61202511090300,12
tamano,61202511090300,12
tamano,61202511180100,9
tamano,61202511180100,9
tamano,61202511180100,9
tamano,61202511180200,9
tamano,61202511180200,9
tamano,61202511180200,9
tamano,61202511180300,9
tamano,61202511180300,9
tamano,61202511180300,9
tamano,61202511270100,11
tamano,61202511270100,11
tamano,61202511270100,11
tamano,61202511270200,11
tamano,61202511270200,11
tamano,61202511270200,11
tamano,61202511270300,11
tamano,61202511270300,11
tamano,61202511270300,11
tamano,61202512030100,11
tamano,61202512030100,11
tamano,61202512030100,11
tamano,61202512030200,11
tamano,61202512030200,11
tamano,61202512030200,11
tamano,61202512030300,11
tamano,61202512030300,11
tamano,61202512030300,11
tamano,61202512120100,9
tamano,61202512120100,9
tamano,61202512120100,9
tamano,61202512120200,9
tamano,61202512120200,9
tamano,61202512120200,9
tamano,61202512120300,9
tamano,61202512120300,9
tamano,61202512120300,9
tamano,61202512280100,12
tamano,61202512280100,12
tamano,61202512280100,12
tamano,61202512280200,12
tamano,61202512280200,12
tamano,61202512280200,12
tamano,61202512280300,12
tamano,61202512280300,12
tamano,61202512280300,12
tamano,61202601040100,11
tamano,61202601040100,11
tamano,61202601040100,11
tamano,61202601040200,11
tamano,61202601040200,11
tamano,61202601040200,11
tamano,61202601040300,11
tamano,61202601040300,11
tamano,61202601040300,11
tamano,61202601090100,11
tamano,61202601090100,11
tamano,61202601090100,11
tamano,61202601090200,11
tamano,61202601090200,11
tamano,61202601090200,11
tamano,61202601090300,11
tamano,61202601090300,11
tamano,61202601090300,11
tamano,61202601150100,12
tamano,61202601150100,12
tamano,61202601150100,12
tamano,61202601150200,12
tamano,61202601150200,12
tamano,61202601150200,12
tamano,61202601150300,12
tamano,61202601150300,12
tamano,61202601150300,12
tamano,61202601220100,11
tamano,61202601220100,11
tamano,61202601220100,11
tamano,61202601220200,11
tamano,61202601220200,11
tamano,61202601220200,11
tamano,61202601220300,11
tamano,61202601220300,11
tamano,61202601220300,11
tamano,61202602040100,9
tamano,61202602040100,9
tamano,61202602040100,9
tamano,61202602040200,9
tamano,61202602040200,9
tamano,61202602040200,9
tamano,61202602040300,9
tamano,61202602040300,9
tamano,61202602040300,9
tamano,61202602110100,9
tamano,61202602110100,9
tamano,61202602110100,9
tamano,61202602110200,9
tamano,61202602110200,9
tamano,61202602110200,9
tamano,61202602110300,9
tamano,61202602110300,9
tamano,61202602110300,9
tamano,61202602230100,7
tamano,61202602230100,7
tamano,61202602230100,7
tamano,61202602230200,7
tamano,61202602230200,7
tamano,61202602230200,7
tamano,61202602230300,7
tamano,61202602230300,7
tamano,61202602230300,7
tamano,61202603160100,12
tamano,61202603160100,12
tamano,61202603160100,12
tamano,61202603160200,12
tamano,61202603160200,12
tamano,61202603160200,12
tamano,61202603160300,12
tamano,61202603160300,12
tamano,61202603160300,12
tamano,61202603260100,11
tamano,61202603260100,11
tamano,61202603260100,11
tamano,61202603260200,11
tamano,61202603260200,11
tamano,61202603260200,11
tamano,61202603260300,11
tamano,61202603260300,11
tamano,61202603260300,11
tamano,61202604020100,12
tamano,61202604020100,12
tamano,61202604020100,12
tamano,61202604020200,12
tamano,61202604020200,12
tamano,61202604020200,12
tamano,61202604020300,12
tamano,61202604020300,12
tamano,61202604020300,12
tamano,61202604070100,9
tamano,61202604070100,9
tamano,61202604070100,9
tamano,61202604070200,9
tamano,61202604070200,9
tamano,61202604070200,9
tamano,61202604070300,9
tamano,61202604070300,9
tamano,61202604070300,9
tamano,61202604230100,11
tamano,61202604230100,11
tamano,61202604230100,11
tamano,61202604230200,11
tamano,61202604230200,11
tamano,61202604230200,11
tamano,61202604230300,11
tamano,61202604230300,11
tamano,61202604230300,11
tamano,61202604280100,12
tamano,61202604280100,12
tamano,61202604280100,12
tamano,61202604280200,12
tamano,61202604280200,12
tamano,61202604280200,12
tamano,61202604280300,12
tamano,61202604280300,12
tamano,61202604280300,12
tamano,61202605250100,7
tamano,61202605250100,7
tamano,61202605250100,7
tamano,61202605250200,7
tamano,61202605250200,7
tamano,61202605250200,7
tamano,61202605250300,7
tamano,61202605250300,7
tamano,61202605250300,7
tamano,61202606110100,12
tamano,61202606110100,12
tamano,61202606110100,12
tamano,61202606110100,12
tamano,61202606110200,12
tamano,61202606110200,12
tamano,61202606110200,12
tamano,61202606110200,12
tamano,61202606110300,12
tamano,61202606110300,12
tamano,61202606110300,12
tamano,61202606110300,12
tamano,61202606110400,12
tamano,61202606110400,12
tamano,61202606110400,12
tamano,61202606110400,12
hiroshima,62202212300100,7
hiroshima,62202212300200,6
hiroshima,62202212300300,6
hiroshima,62202301060100,7
hiroshima,62202301060100,7
hiroshima,62202301060100,7
hiroshima,62202301060200,7
hiroshima,62202301060200,7
hiroshima,62202301060200,7
hiroshima,62202301060300,7
hiroshima,62202301060300,7
hiroshima,62202301060300,7
hiroshima,62202301150100,12
hiroshima,62202301150100,12
hiroshima,62202301150100,12
hiroshima,62202301150200,12
hiroshima,62202301150200,12
hiroshima,62202301150200,12
hiroshima,62202301150300,12
hiroshima,62202301150300,12
hiroshima,62202301150300,12
hiroshima,62202301280100,7
hiroshima,62202301280100,7
hiroshima,62202301280100,7
hiroshima,62202301280200,7
hiroshima,62202301280200,7
hiroshima,62202301280200,7
hiroshima,62202301280300,7
hiroshima,62202301280300,7
hiroshima,62202301280300,7
hiroshima,62202302060100,12
hiroshima,62202302060100,12
hiroshima,62202302060100,12
hiroshima,62202302060200,12
hiroshima,62202302060200,12
hiroshima,62202302060200,12
hiroshima,62202302060300,12
hiroshima,62202302060300,12
hiroshima,62202302060300,12
hiroshima,62202511300100,7
hiroshima,62202511300100,7
hiroshima,62202511300100,7
hiroshima,62202511300200,7
hiroshima,62202511300200,7
hiroshima,62202511300200,7
hiroshima,62202511300300,7
hiroshima,62202511300300,7
hiroshima,62202511300300,7
hiroshima,62202512070100,12
hiroshima,62202512070100,12
hiroshima,62202512070100,12
hiroshima,62202512070200,12
hiroshima,62202512070200,12
hiroshima,62202512070200,12
hiroshima,62202512070300,12
hiroshima,62202512070300,12
hiroshima,62202512070300,12
hiroshima,62202512200100,12
hiroshima,62202512200100,12
hiroshima,62202512200100,12
hiroshima,62202512200100,12
hiroshima,62202512200200,12
hiroshima,62202512200200,12
hiroshima,62202512200200,12
hiroshima,62202512200200,12
hiroshima,62202512200300,12
hiroshima,62202512200300,12
hiroshima,62202512200300,12
hiroshima,62202512200300,12
hiroshima,62202512200400,12
hiroshima,62202512200400,12
hiroshima,62202512200400,12
hiroshima,62202512200400,12
hiroshima,62202512310100,7
hiroshima,62202512310100,7
hiroshima,62202512310100,7
hiroshima,62202512310200,7
hiroshima,62202512310200,7
hiroshima,62202512310200,7
hiroshima,62202512310300,7
hiroshima,62202512310300,7
hiroshima,62202512310300,7
hiroshima,62202601070100,7
hiroshima,62202601070100,7
hiroshima,62202601070100,7
hiroshima,62202601070200,7
hiroshima,62202601070200,7
hiroshima,62202601070200,7
hiroshima,62202601070300,7
hiroshima,62202601070300,7
hiroshima,62202601070300,7
hiroshima,62202601210100,12
hiroshima,62202601210100,12
hiroshima,62202601210100,12
hiroshima,62202601210200,12
hiroshima,62202601210200,12
hiroshima,62202601210200,12
hiroshima,62202601210300,12
hiroshima,62202601210300,12
hiroshima,62202601210300,12
hiroshima,62202602030100,11
hiroshima,62202602030100,11
hiroshima,62202602030100,11
hiroshima,62202602030200,11
hiroshima,62202602030200,11
hiroshima,62202602030200,11
hiroshima,62202602030300,11
hiroshima,62202602030300,11
hiroshima,62202602030300,11
hiroshima,62202602080100,7
hiroshima,62202602080100,7
hiroshima,62202602080100,7
hiroshima,62202602080200,7
hiroshima,62202602080200,7
hiroshima,62202602080200,7
hiroshima,62202602080300,7
hiroshima,62202602080300,7
hiroshima,62202602080300,7
hiroshima,62202602130100,7
hiroshima,62202602130100,7
hiroshima,62202602130100,7
hiroshima,62202602130200,7
hiroshima,62202602130200,7
hiroshima,62202602130200,7
hiroshima,62202602130300,7
hiroshima,62202602130300,7
hiroshima,62202602130300,7
hiroshima,62202602190100,11
hiroshima,62202602190100,11
hiroshima,62202602190100,11
hiroshima,62202602190200,11
hiroshima,62202602190200,11
hiroshima,62202602190200,11
hiroshima,62202602190300,11
hiroshima,62202602190300,11
hiroshima,62202602190300,11
hiroshima,62202602280100,7
hiroshima,62202602280100,7
hiroshima,62202602280100,7
hiroshima,62202602280200,7
hiroshima,62202602280200,7
hiroshima,62202602280200,7
hiroshima,62202602280300,7
hiroshima,62202602280300,7
hiroshima,62202602280300,7
hiroshima,62202603130100,11
hiroshima,62202603130100,11
hiroshima,62202603130100,11
hiroshima,62202603130200,11
hiroshima,62202603130200,11
hiroshima,62202603130200,11
hiroshima,62202603130300,11
hiroshima,62202603130300,11
hiroshima,62202603130300,11
hiroshima,62202603230100,12
hiroshima,62202603230100,12
hiroshima,62202603230100,12
hiroshima,62202603230200,12
hiroshima,62202603230200,12
hiroshima,62202603230200,12
hiroshima,62202603230300,12
hiroshima,62202603230300,12
hiroshima,62202603230300,12
hiroshima,62202603290100,7
hiroshima,62202603290100,7
hiroshima,62202603290100,7
hiroshima,62202603290200,7
hiroshima,62202603290200,7
hiroshima,62202603290200,7
hiroshima,62202603290300,7
hiroshima,62202603290300,7
hiroshima,62202603290300,7
hiroshima,62202604280100,9
hiroshima,62202604280100,9
hiroshima,62202604280100,9
hiroshima,62202604280200,9
hiroshima,62202604280200,9
hiroshima,62202604280200,9
hiroshima,62202604280300,9
hiroshima,62202604280300,9
hiroshima,62202604280300,9
hiroshima,62202605060100,12
hiroshima,62202605060100,12
hiroshima,62202605060100,12
hiroshima,62202605060200,12
hiroshima,62202605060200,12
hiroshima,62202605060200,12
hiroshima,62202605060300,12
hiroshima,62202605060300,12
hiroshima,62202605060300,12
hiroshima,62202605220100,9
hiroshima,62202605220100,9
hiroshima,62202605220100,9
hiroshima,62202605220200,9
hiroshima,62202605220200,9
hiroshima,62202605220200,9
hiroshima,62202605220300,9
hiroshima,62202605220300,9
hiroshima,62202605220300,9
hiroshima,62202605280100,12
hiroshima,62202605280100,12
hiroshima,62202605280100,12
hiroshima,62202605280200,12
hiroshima,62202605280200,12
hiroshima,62202605280200,12
hiroshima,62202605280300,12
hiroshima,62202605280300,12
hiroshima,62202605280300,12
hiroshima,62202606260100,7
hiroshima,62202606260200,7
hiroshima,62202606260300,7
hofu,63202410090100,7
hofu,63202410090100,7
hofu,63202410090100,7
hofu,63202410090200,7
hofu,63202410090200,7
hofu,63202410090200,7
hofu,63202410090300,7
hofu,63202410090300,7
hofu,63202410090300,7
hofu,63202410210100,12
hofu,63202410210100,12
hofu,63202410210100,12
hofu,63202410210200,12
hofu,63202410210200,12
hofu,63202410210200,12
hofu,63202410210300,12
hofu,63202410210300,12
hofu,63202410210300,12
hofu,63202411010100,12
hofu,63202411010100,12
hofu,63202411010100,12
hofu,63202411010100,12
hofu,63202411010200,12
hofu,63202411010200,12
hofu,63202411010200,12
hofu,63202411010200,12
hofu,63202411010300,12
hofu,63202411010300,12
hofu,63202411010300,12
hofu,63202411010300,12
hofu,63202411010400,12
hofu,63202411010400,12
hofu,63202411010400,12
hofu,63202411010400,12
hofu,63202411160100,12
hofu,63202411160100,12
hofu,63202411160100,12
hofu,63202411160200,12
hofu,63202411160200,12
hofu,63202411160200,12
hofu,63202411160300,12
hofu,63202411160300,12
hofu,63202411160300,12
hofu,63202411250100,12
hofu,63202411250100,12
hofu,63202411250100,12
hofu,63202411250200,12
hofu,63202411250200,12
hofu,63202411250200,12
hofu,63202411250300,12
hofu,63202411250300,12
hofu,63202411250300,12
hofu,63202412010100,7
hofu,63202412010100,7
hofu,63202412010100,7
hofu,63202412010200,7
hofu,63202412010200,7
hofu,63202412010200,7
hofu,63202412010300,7
hofu,63202412010300,7
hofu,63202412010300,7
hofu,63202412090100,7
hofu,63202412090100,7
hofu,63202412090100,7
hofu,63202412090200,7
hofu,63202412090200,7
hofu,63202412090200,7
hofu,63202412090300,7
hofu,63202412090300,7
hofu,63202412090300,7
hofu,63202501110100,7
hofu,63202501110100,7
hofu,63202501110100,7
hofu,63202501110200,7
hofu,63202501110200,7
hofu,63202501110200,7
hofu,63202501110300,7
hofu,63202501110300,7
hofu,63202501110300,7
hofu,63202501170100,7
hofu,63202501170100,7
hofu,63202501170100,7
hofu,63202501170200,7
hofu,63202501170200,7
hofu,63202501170200,7
hofu,63202501170300,7
hofu,63202501170300,7
hofu,63202501170300,7
hofu,63202502060100,7
hofu,63202502060100,7
hofu,63202502060100,7
hofu,63202502060100,7
hofu,63202502060200,7
hofu,63202502060200,7
hofu,63202502060200,7
hofu,63202502060200,7
hofu,63202502060300,12
hofu,63202502060300,12
hofu,63202502060300,12
hofu,63202502060300,12
hofu,63202502060301,12
hofu,63202502060301,12
hofu,63202502060301,12
hofu,63202502060301,12
hofu,63202502180100,12
hofu,63202502180100,12
hofu,63202502180100,12
hofu,63202502180200,12
hofu,63202502180200,12
hofu,63202502180200,12
hofu,63202502180300,12
hofu,63202502180300,12
hofu,63202502180300,12
hofu,63202502230100,7
hofu,63202502230100,7
hofu,63202502230100,7
hofu,63202502230200,7
hofu,63202502230200,7
hofu,63202502230200,7
hofu,63202502230300,7
hofu,63202502230300,7
hofu,63202502230300,7
hofu,63202503110100,12
hofu,63202503110100,12
hofu,63202503110100,12
hofu,63202503110200,12
hofu,63202503110200,12
hofu,63202503110200,12
hofu,63202503110300,12
hofu,63202503110300,12
hofu,63202503110300,12
hofu,63202503160100,7
hofu,63202503160100,7
hofu,63202503160100,7
hofu,63202503160200,7
hofu,63202503160200,7
hofu,63202503160200,7
hofu,63202503160300,7
hofu,63202503160300,7
hofu,63202503160300,7
hofu,63202503250100,12
hofu,63202503250100,12
hofu,63202503250100,12
hofu,63202503250200,12
hofu,63202503250200,12
hofu,63202503250200,12
hofu,63202503250300,12
hofu,63202503250300,12
hofu,63202503250300,12
hofu,63202504070100,12
hofu,63202504070100,12
hofu,63202504070100,12
hofu,63202504070200,12
hofu,63202504070200,12
hofu,63202504070200,12
hofu,63202504070300,12
hofu,63202504070300,12
hofu,63202504070300,12
hofu,63202504270100,7
hofu,63202504270100,7
hofu,63202504270100,7
hofu,63202504270200,7
hofu,63202504270200,7
hofu,63202504270200,7
hofu,63202504270300,7
hofu,63202504270300,7
hofu,63202504270300,7
hofu,63202505250100,12
hofu,63202505250100,12
hofu,63202505250100,12
hofu,63202505250200,12
hofu,63202505250200,12
hofu,63202505250200,12
hofu,63202505250300,12
hofu,63202505250300,12
hofu,63202505250300,12
hofu,63202506040100,7
hofu,63202506040100,7
hofu,63202506040100,7
hofu,63202506040200,7
hofu,63202506040200,7
hofu,63202506040200,7
hofu,63202506040300,7
hofu,63202506040300,7
hofu,63202506040300,7
hofu,63202506230100,7
hofu,63202506230100,7
hofu,63202506230100,7
hofu,63202506230200,7
hofu,63202506230200,7
hofu,63202506230200,7
hofu,63202506230300,7
hofu,63202506230300,7
hofu,63202506230300,7
hofu,63202506300100,7
hofu,63202506300100,7
hofu,63202506300100,7
hofu,63202506300200,7
hofu,63202506300200,7
hofu,63202506300200,7
hofu,63202506300300,7
hofu,63202506300300,7
hofu,63202506300300,7
hofu,63202507130100,12
hofu,63202507130100,12
hofu,63202507130100,12
hofu,63202507130200,12
hofu,63202507130200,12
hofu,63202507130200,12
hofu,63202507130300,12
hofu,63202507130300,12
hofu,63202507130300,12
hofu,63202507260100,7
hofu,63202507260100,7
hofu,63202507260100,7
hofu,63202507260200,7
hofu,63202507260200,7
hofu,63202507260200,7
hofu,63202507260300,7
hofu,63202507260300,7
hofu,63202507260300,7
hofu,63202508070100,7
hofu,63202508070100,7
hofu,63202508070100,7
hofu,63202508070200,7
hofu,63202508070200,7
hofu,63202508070200,7
hofu,63202508070300,7
hofu,63202508070300,7
hofu,63202508070300,7
hofu,63202509050100,7
hofu,63202509050100,7
hofu,63202509050100,7
hofu,63202509050200,7
hofu,63202509050200,7
hofu,63202509050200,7
hofu,63202509050300,7
hofu,63202509050300,7
hofu,63202509050300,7
hofu,63202509140100,11
hofu,63202509140100,11
hofu,63202509140100,11
hofu,63202509140200,11
hofu,63202509140200,11
hofu,63202509140200,11
hofu,63202509140300,11
hofu,63202509140300,11
hofu,63202509140300,11
hofu,63202509210100,7
hofu,63202509210100,7
hofu,63202509210100,7
hofu,63202509210200,7
hofu,63202509210200,7
hofu,63202509210200,7
hofu,63202509210300,7
hofu,63202509210300,7
hofu,63202509210300,7
hofu,63202510030100,7
hofu,63202510030100,7
hofu,63202510030100,7
hofu,63202510030200,7
hofu,63202510030200,7
hofu,63202510030200,7
hofu,63202510030300,7
hofu,63202510030300,7
hofu,63202510030300,7
hofu,63202510100100,7
hofu,63202510100100,7
hofu,63202510100100,7
hofu,63202510100200,7
hofu,63202510100200,7
hofu,63202510100200,7
hofu,63202510100300,7
hofu,63202510100300,7
hofu,63202510100300,7
hofu,63202510190100,7
hofu,63202510190100,7
hofu,63202510190100,7
hofu,63202510190200,7
hofu,63202510190200,7
hofu,63202510190200,7
hofu,63202510190300,7
hofu,63202510190300,7
hofu,63202510190300,7
hofu,63202511140100,7
hofu,63202511140100,7
hofu,63202511140100,7
hofu,63202511140200,7
hofu,63202511140200,7
hofu,63202511140200,7
hofu,63202511140300,7
hofu,63202511140300,7
hofu,63202511140300,7
hofu,63202512150100,12
hofu,63202512150100,12
hofu,63202512150100,12
hofu,63202512150200,12
hofu,63202512150200,12
hofu,63202512150200,12
hofu,63202512150300,12
hofu,63202512150300,12
hofu,63202512150300,12
hofu,63202512250100,12
hofu,63202512250100,12
hofu,63202512250100,12
hofu,63202512250200,12
hofu,63202512250200,12
hofu,63202512250200,12
hofu,63202512250300,12
hofu,63202512250300,12
hofu,63202512250300,12
hofu,63202601170100,7
hofu,63202601170100,7
hofu,63202601170100,7
hofu,63202601170200,7
hofu,63202601170200,7
hofu,63202601170200,7
hofu,63202601170300,7
hofu,63202601170300,7
hofu,63202601170300,7
hofu,63202601250100,7
hofu,63202601250100,7
hofu,63202601250100,7
hofu,63202601250200,7
hofu,63202601250200,7
hofu,63202601250200,7
hofu,63202601250300,7
hofu,63202601250300,7
hofu,63202601250300,7
hofu,63202602210100,12
hofu,63202602210100,12
hofu,63202602210100,12
hofu,63202602210200,12
hofu,63202602210200,12
hofu,63202602210200,12
hofu,63202602210300,12
hofu,63202602210300,12
hofu,63202602210300,12
hofu,63202603190100,12
hofu,63202603190100,12
hofu,63202603190100,12
hofu,63202603190100,12
hofu,63202603190200,12
hofu,63202603190200,12
hofu,63202603190200,12
hofu,63202603190200,12
hofu,63202603190300,12
hofu,63202603190300,12
hofu,63202603190300,12
hofu,63202603190300,12
hofu,63202603190400,12
hofu,63202603190400,12
hofu,63202603190400,12
hofu,63202603190400,12
hofu,63202604100100,7
hofu,63202604100100,7
hofu,63202604100100,7
hofu,63202604100200,7
hofu,63202604100200,7
hofu,63202604100200,7
hofu,63202604100300,7
hofu,63202604100300,7
hofu,63202604100300,7
hofu,63202604180100,7
hofu,63202604180100,7
hofu,63202604180100,7
hofu,63202604180200,7
hofu,63202604180200,7
hofu,63202604180200,7
hofu,63202604180300,7
hofu,63202604180300,7
hofu,63202604180300,7
hofu,63202605010100,7
hofu,63202605010100,7
hofu,63202605010100,7
hofu,63202605010200,7
hofu,63202605010200,7
hofu,63202605010200,7
hofu,63202605010300,7
hofu,63202605010300,7
hofu,63202605010300,7
hofu,63202605170100,7
hofu,63202605170100,7
hofu,63202605170100,7
hofu,63202605170200,7
hofu,63202605170200,7
hofu,63202605170200,7
hofu,63202605170300,7
hofu,63202605170300,7
hofu,63202605170300,7
hofu,63202606030100,12
hofu,63202606030100,12
hofu,63202606030100,12
hofu,63202606030200,11
hofu,63202606030200,11
hofu,63202606030200,11
hofu,63202606030300,11
hofu,63202606030300,11
hofu,63202606030300,11
hofu,63202606080100,11
hofu,63202606080100,11
hofu,63202606080100,11
hofu,63202606080200,11
hofu,63202606080200,11
hofu,63202606080200,11
hofu,63202606080300,11
hofu,63202606080300,11
hofu,63202606080300,11
takamatsu,71202301030100,12
takamatsu,71202301030100,12
takamatsu,71202301030100,12
takamatsu,71202301030200,11
takamatsu,71202301030200,11
takamatsu,71202301030200,11
takamatsu,71202301030300,11
takamatsu,71202301030300,11
takamatsu,71202301030300,11
takamatsu,71202301200100,9
takamatsu,71202301200100,9
takamatsu,71202301200100,9
takamatsu,71202301200200,9
takamatsu,71202301200200,9
takamatsu,71202301200200,9
takamatsu,71202301200300,9
takamatsu,71202301200300,9
takamatsu,71202301200300,9
takamatsu,71202303020100,12
takamatsu,71202303020100,12
takamatsu,71202303020100,12
takamatsu,71202303020200,12
takamatsu,71202303020200,12
takamatsu,71202303020200,12
takamatsu,71202303020300,12
takamatsu,71202303020300,12
takamatsu,71202303020300,12
takamatsu,71202303150100,12
takamatsu,71202303150100,12
takamatsu,71202303150100,12
takamatsu,71202303150200,12
takamatsu,71202303150200,12
takamatsu,71202303150200,12
takamatsu,71202303150300,12
takamatsu,71202303150300,12
takamatsu,71202303150300,12
takamatsu,71202303220100,12
takamatsu,71202303220100,12
takamatsu,71202303220100,12
takamatsu,71202303220200,12
takamatsu,71202303220200,12
takamatsu,71202303220200,12
takamatsu,71202303220300,12
takamatsu,71202303220300,12
takamatsu,71202303220300,12
takamatsu,71202304030100,7
takamatsu,71202304030100,7
takamatsu,71202304030100,7
takamatsu,71202304030200,7
takamatsu,71202304030200,7
takamatsu,71202304030200,7
takamatsu,71202304030300,7
takamatsu,71202304030300,7
takamatsu,71202304030300,7
takamatsu,71202304100100,9
takamatsu,71202304100100,9
takamatsu,71202304100100,9
takamatsu,71202304100200,9
takamatsu,71202304100200,9
takamatsu,71202304100200,9
takamatsu,71202304100300,9
takamatsu,71202304100300,9
takamatsu,71202304100300,9
takamatsu,71202304260100,12
takamatsu,71202304260100,12
takamatsu,71202304260100,12
takamatsu,71202304260200,12
takamatsu,71202304260200,12
takamatsu,71202304260200,12
takamatsu,71202304260300,12
takamatsu,71202304260300,12
takamatsu,71202304260300,12
takamatsu,71202305100100,12
takamatsu,71202305100100,12
takamatsu,71202305100100,12
takamatsu,71202305100200,12
takamatsu,71202305100200,12
takamatsu,71202305100200,12
takamatsu,71202305100300,12
takamatsu,71202305100300,12
takamatsu,71202305100300,12
takamatsu,71202306100100,12
takamatsu,71202306100100,12
takamatsu,71202306100100,12
takamatsu,71202306100200,12
takamatsu,71202306100200,12
takamatsu,71202306100200,12
takamatsu,71202306100300,12
takamatsu,71202306100300,12
takamatsu,71202306100300,12
takamatsu,71202306190100,12
takamatsu,71202306190100,12
takamatsu,71202306190100,12
takamatsu,71202306190200,12
takamatsu,71202306190200,12
takamatsu,71202306190200,12
takamatsu,71202306190300,12
takamatsu,71202306190300,12
takamatsu,71202306190300,12
takamatsu,71202306250100,7
takamatsu,71202306250100,7
takamatsu,71202306250100,7
takamatsu,71202306250200,7
takamatsu,71202306250200,7
takamatsu,71202306250200,7
takamatsu,71202306250300,7
takamatsu,71202306250300,7
takamatsu,71202306250300,7
takamatsu,71202307020100,12
takamatsu,71202307020100,12
takamatsu,71202307020100,12
takamatsu,71202307020200,12
takamatsu,71202307020200,12
takamatsu,71202307020200,12
takamatsu,71202307020300,12
takamatsu,71202307020300,12
takamatsu,71202307020300,12
takamatsu,71202307150100,12
takamatsu,71202307150100,12
takamatsu,71202307150100,12
takamatsu,71202307150200,12
takamatsu,71202307150200,12
takamatsu,71202307150200,12
takamatsu,71202307150300,12
takamatsu,71202307150300,12
takamatsu,71202307150300,12
takamatsu,71202307220100,9
takamatsu,71202307220100,9
takamatsu,71202307220100,9
takamatsu,71202307220200,9
takamatsu,71202307220200,9
takamatsu,71202307220200,9
takamatsu,71202307220300,9
takamatsu,71202307220300,9
takamatsu,71202307220300,9
takamatsu,71202307290100,9
takamatsu,71202307290100,9
takamatsu,71202307290100,9
takamatsu,71202307290200,9
takamatsu,71202307290200,9
takamatsu,71202307290200,9
takamatsu,71202307290300,9
takamatsu,71202307290300,9
takamatsu,71202307290300,9
takamatsu,71202308050100,9
takamatsu,71202308050100,9
takamatsu,71202308050100,9
takamatsu,71202308050200,9
takamatsu,71202308050200,9
takamatsu,71202308050200,9
takamatsu,71202308050300,9
takamatsu,71202308050300,9
takamatsu,71202308050300,9
takamatsu,71202308270100,9
takamatsu,71202308270100,9
takamatsu,71202308270100,9
takamatsu,71202308270200,9
takamatsu,71202308270200,9
takamatsu,71202308270200,9
takamatsu,71202308270300,9
takamatsu,71202308270300,9
takamatsu,71202308270300,9
takamatsu,71202309080100,9
takamatsu,71202309080100,9
takamatsu,71202309080100,9
takamatsu,71202309080200,9
takamatsu,71202309080200,9
takamatsu,71202309080200,9
takamatsu,71202309080300,9
takamatsu,71202309080300,9
takamatsu,71202309080300,9
takamatsu,71202309180100,7
takamatsu,71202309180100,7
takamatsu,71202309180100,7
takamatsu,71202309180200,7
takamatsu,71202309180200,7
takamatsu,71202309180200,7
takamatsu,71202309180300,7
takamatsu,71202309180300,7
takamatsu,71202309180300,7
takamatsu,71202309230100,12
takamatsu,71202309230100,12
takamatsu,71202309230100,12
takamatsu,71202309230200,12
takamatsu,71202309230200,12
takamatsu,71202309230200,12
takamatsu,71202309230300,12
takamatsu,71202309230300,12
takamatsu,71202309230300,12
takamatsu,71202309300100,12
takamatsu,71202309300100,12
takamatsu,71202309300100,12
takamatsu,71202309300200,12
takamatsu,71202309300200,12
takamatsu,71202309300200,12
takamatsu,71202309300300,12
takamatsu,71202309300300,12
takamatsu,71202309300300,12
takamatsu,71202310160100,12
takamatsu,71202310160100,12
takamatsu,71202310160100,12
takamatsu,71202310160200,12
takamatsu,71202310160200,12
takamatsu,71202310160200,12
takamatsu,71202310160300,12
takamatsu,71202310160300,12
takamatsu,71202310160300,12
takamatsu,71202310300100,12
takamatsu,71202310300100,12
takamatsu,71202310300100,12
takamatsu,71202310300200,12
takamatsu,71202310300200,12
takamatsu,71202310300200,12
takamatsu,71202310300300,11
takamatsu,71202310300300,11
takamatsu,71202310300300,11
takamatsu,71202311090100,12
takamatsu,71202311090100,12
takamatsu,71202311090100,12
takamatsu,71202311090200,12
takamatsu,71202311090200,12
takamatsu,71202311090200,12
takamatsu,71202311090300,12
takamatsu,71202311090300,12
takamatsu,71202311090300,12
takamatsu,71202311230100,7
takamatsu,71202311230100,7
takamatsu,71202311230100,7
takamatsu,71202311230200,7
takamatsu,71202311230200,7
takamatsu,71202311230200,7
takamatsu,71202311230300,7
takamatsu,71202311230300,7
takamatsu,71202311230300,7
takamatsu,71202312020100,7
takamatsu,71202312020100,7
takamatsu,71202312020100,7
takamatsu,71202312020200,7
takamatsu,71202312020200,7
takamatsu,71202312020200,7
takamatsu,71202312020300,7
takamatsu,71202312020300,7
takamatsu,71202312020300,7
takamatsu,71202312100100,12
takamatsu,71202312100100,12
takamatsu,71202312100100,12
takamatsu,71202312100200,12
takamatsu,71202312100200,12
takamatsu,71202312100200,12
takamatsu,71202312100300,12
takamatsu,71202312100300,12
takamatsu,71202312100300,12
takamatsu,71202312250100,12
takamatsu,71202312250100,12
takamatsu,71202312250100,12
takamatsu,71202312250200,12
takamatsu,71202312250200,12
takamatsu,71202312250200,12
takamatsu,71202312250300,12
takamatsu,71202312250300,12
takamatsu,71202312250300,12
takamatsu,71202401060100,12
takamatsu,71202401060100,12
takamatsu,71202401060100,12
takamatsu,71202401060200,12
takamatsu,71202401060200,12
takamatsu,71202401060200,12
takamatsu,71202401060300,12
takamatsu,71202401060300,12
takamatsu,71202401060300,12
takamatsu,71202401140100,12
takamatsu,71202401140100,12
takamatsu,71202401140100,12
takamatsu,71202401140200,12
takamatsu,71202401140200,12
takamatsu,71202401140200,12
takamatsu,71202401140300,12
takamatsu,71202401140300,12
takamatsu,71202401140300,12
takamatsu,71202401250100,9
takamatsu,71202401250100,9
takamatsu,71202401250100,9
takamatsu,71202401250200,9
takamatsu,71202401250200,9
takamatsu,71202401250200,9
takamatsu,71202401250300,9
takamatsu,71202401250300,9
takamatsu,71202401250300,9
takamatsu,71202402170100,12
takamatsu,71202402170100,12
takamatsu,71202402170100,12
takamatsu,71202402170100,12
takamatsu,71202402170200,12
takamatsu,71202402170200,12
takamatsu,71202402170200,12
takamatsu,71202402170200,12
takamatsu,71202402170300,12
takamatsu,71202402170300,12
takamatsu,71202402170300,12
takamatsu,71202402170300,12
takamatsu,71202402170400,12
takamatsu,71202402170400,12
takamatsu,71202402170400,12
takamatsu,71202402170400,12
takamatsu,71202402250100,12
takamatsu,71202402250100,12
takamatsu,71202402250100,12
takamatsu,71202402250200,12
takamatsu,71202402250200,12
takamatsu,71202402250200,12
takamatsu,71202402250300,12
takamatsu,71202402250300,12
takamatsu,71202402250300,12
takamatsu,71202403110100,9
takamatsu,71202403110100,9
takamatsu,71202403110100,9
takamatsu,71202403110200,9
takamatsu,71202403110200,9
takamatsu,71202403110200,9
takamatsu,71202403110300,9
takamatsu,71202403110300,9
takamatsu,71202403110300,9
takamatsu,71202403240100,7
takamatsu,71202403240100,7
takamatsu,71202403240100,7
takamatsu,71202403240200,7
takamatsu,71202403240200,7
takamatsu,71202403240200,7
takamatsu,71202403240300,7
takamatsu,71202403240300,7
takamatsu,71202403240300,7
takamatsu,71202404020100,12
takamatsu,71202404020100,12
takamatsu,71202404020100,12
takamatsu,71202404020200,12
takamatsu,71202404020200,12
takamatsu,71202404020200,12
takamatsu,71202404020300,12
takamatsu,71202404020300,12
takamatsu,71202404020300,12
takamatsu,71202404070100,9
takamatsu,71202404070100,9
takamatsu,71202404070100,9
takamatsu,71202404070200,9
takamatsu,71202404070200,9
takamatsu,71202404070200,9
takamatsu,71202404070300,9
takamatsu,71202404070300,9
takamatsu,71202404070300,9
takamatsu,71202404260100,7
takamatsu,71202404260100,7
takamatsu,71202404260100,7
takamatsu,71202404260200,7
takamatsu,71202404260200,7
takamatsu,71202404260200,7
takamatsu,71202404260300,7
takamatsu,71202404260300,7
takamatsu,71202404260300,7
takamatsu,71202405010100,7
takamatsu,71202405010100,7
takamatsu,71202405010100,7
takamatsu,71202405010200,7
takamatsu,71202405010200,7
takamatsu,71202405010200,7
takamatsu,71202405010300,7
takamatsu,71202405010300,7
takamatsu,71202405010300,7
takamatsu,71202405090100,12
takamatsu,71202405090100,12
takamatsu,71202405090100,12
takamatsu,71202405090200,12
takamatsu,71202405090200,12
takamatsu,71202405090200,12
takamatsu,71202405090300,12
takamatsu,71202405090300,12
takamatsu,71202405090300,12
takamatsu,71202405200100,9
takamatsu,71202405200100,9
takamatsu,71202405200100,9
takamatsu,71202405200200,9
takamatsu,71202405200200,9
takamatsu,71202405200200,9
takamatsu,71202405200300,9
takamatsu,71202405200300,9
takamatsu,71202405200300,9
takamatsu,71202406040100,7
takamatsu,71202406040100,7
takamatsu,71202406040100,7
takamatsu,71202406040200,7
takamatsu,71202406040200,7
takamatsu,71202406040200,7
takamatsu,71202406040300,7
takamatsu,71202406040300,7
takamatsu,71202406040300,7
takamatsu,71202406100100,7
takamatsu,71202406100100,7
takamatsu,71202406100100,7
takamatsu,71202406100200,7
takamatsu,71202406100200,7
takamatsu,71202406100200,7
takamatsu,71202406100300,7
takamatsu,71202406100300,7
takamatsu,71202406100300,7
takamatsu,71202406200100,12
takamatsu,71202406200100,12
takamatsu,71202406200100,12
takamatsu,71202406200200,12
takamatsu,71202406200200,12
takamatsu,71202406200200,12
takamatsu,71202406200300,12
takamatsu,71202406200300,12
takamatsu,71202406200300,12
takamatsu,71202406300100,12
takamatsu,71202406300100,12
takamatsu,71202406300100,12
takamatsu,71202406300200,12
takamatsu,71202406300200,12
takamatsu,71202406300200,12
takamatsu,71202406300300,12
takamatsu,71202406300300,12
takamatsu,71202406300300,12
takamatsu,71202407180100,7
takamatsu,71202407180100,7
takamatsu,71202407180100,7
takamatsu,71202407180200,7
takamatsu,71202407180200,7
takamatsu,71202407180200,7
takamatsu,71202407180300,7
takamatsu,71202407180300,7
takamatsu,71202407180300,7
takamatsu,71202408030100,7
takamatsu,71202408030100,7
takamatsu,71202408030100,7
takamatsu,71202408030200,7
takamatsu,71202408030200,7
takamatsu,71202408030200,7
takamatsu,71202408030300,7
takamatsu,71202408030300,7
takamatsu,71202408030300,7
takamatsu,71202408240100,12
takamatsu,71202408240100,12
takamatsu,71202408240100,12
takamatsu,71202408240200,12
takamatsu,71202408240200,12
takamatsu,71202408240200,12
takamatsu,71202408240300,12
takamatsu,71202408240300,12
takamatsu,71202408240300,12
takamatsu,71202408310100,7
takamatsu,71202408310100,7
takamatsu,71202408310100,7
takamatsu,71202408310200,7
takamatsu,71202408310200,7
takamatsu,71202408310200,7
takamatsu,71202408310300,7
takamatsu,71202408310300,7
takamatsu,71202408310300,7
takamatsu,71202409050100,7
takamatsu,71202409050100,7
takamatsu,71202409050100,7
takamatsu,71202409050200,7
takamatsu,71202409050200,7
takamatsu,71202409050200,7
takamatsu,71202409050300,7
takamatsu,71202409050300,7
takamatsu,71202409050300,7
takamatsu,71202409140100,7
takamatsu,71202409140100,7
takamatsu,71202409140100,7
takamatsu,71202409140200,7
takamatsu,71202409140200,7
takamatsu,71202409140200,7
takamatsu,71202409140300,7
takamatsu,71202409140300,7
takamatsu,71202409140300,7
takamatsu,71202409240100,7
takamatsu,71202409240100,7
takamatsu,71202409240100,7
takamatsu,71202409240200,7
takamatsu,71202409240200,7
takamatsu,71202409240200,7
takamatsu,71202409240300,7
takamatsu,71202409240300,7
takamatsu,71202409240300,7
takamatsu,71202410030100,7
takamatsu,71202410030100,7
takamatsu,71202410030100,7
takamatsu,71202410030200,7
takamatsu,71202410030200,7
takamatsu,71202410030200,7
takamatsu,71202410030300,7
takamatsu,71202410030300,7
takamatsu,71202410030300,7
takamatsu,71202410190100,7
takamatsu,71202410190100,7
takamatsu,71202410190100,7
takamatsu,71202410190200,7
takamatsu,71202410190200,7
takamatsu,71202410190200,7
takamatsu,71202410190300,7
takamatsu,71202410190300,7
takamatsu,71202410190300,7
takamatsu,71202410290100,12
takamatsu,71202410290100,12
takamatsu,71202410290100,12
takamatsu,71202410290200,12
takamatsu,71202410290200,12
takamatsu,71202410290200,12
takamatsu,71202410290300,12
takamatsu,71202410290300,12
takamatsu,71202410290300,12
takamatsu,71202411080100,9
takamatsu,71202411080100,9
takamatsu,71202411080100,9
takamatsu,71202411080200,9
takamatsu,71202411080200,9
takamatsu,71202411080200,9
takamatsu,71202411080300,9
takamatsu,71202411080300,9
takamatsu,71202411080300,9
takamatsu,71202411190100,7
takamatsu,71202411190100,7
takamatsu,71202411190100,7
takamatsu,71202411190200,7
takamatsu,71202411190200,7
takamatsu,71202411190200,7
takamatsu,71202411190300,7
takamatsu,71202411190300,7
takamatsu,71202411190300,7
takamatsu,71202411240100,7
takamatsu,71202411240100,7
takamatsu,71202411240100,7
takamatsu,71202411240200,7
takamatsu,71202411240200,7
takamatsu,71202411240200,7
takamatsu,71202411240300,7
takamatsu,71202411240300,7
takamatsu,71202411240300,7
takamatsu,71202501070100,12
takamatsu,71202501070100,12
takamatsu,71202501070100,12
takamatsu,71202501070200,12
takamatsu,71202501070200,12
takamatsu,71202501070200,12
takamatsu,71202501070300,12
takamatsu,71202501070300,12
takamatsu,71202501070300,12
takamatsu,71202501200100,12
takamatsu,71202501200100,12
takamatsu,71202501200100,12
takamatsu,71202501200200,12
takamatsu,71202501200200,12
takamatsu,71202501200200,12
takamatsu,71202501200300,12
takamatsu,71202501200300,12
takamatsu,71202501200300,12
takamatsu,71202501250100,7
takamatsu,71202501250100,7
takamatsu,71202501250100,7
takamatsu,71202501250200,7
takamatsu,71202501250200,7
takamatsu,71202501250200,7
takamatsu,71202501250300,7
takamatsu,71202501250300,7
takamatsu,71202501250300,7
takamatsu,71202501300100,12
takamatsu,71202501300100,12
takamatsu,71202501300100,12
takamatsu,71202501300100,12
takamatsu,71202501300200,12
takamatsu,71202501300200,12
takamatsu,71202501300200,12
takamatsu,71202501300200,12
takamatsu,71202501300300,12
takamatsu,71202501300300,12
takamatsu,71202501300300,12
takamatsu,71202501300300,12
takamatsu,71202501300400,12
takamatsu,71202501300400,12
takamatsu,71202501300400,12
takamatsu,71202501300400,12
takamatsu,71202502120100,12
takamatsu,71202502120100,12
takamatsu,71202502120100,12
takamatsu,71202502120200,12
takamatsu,71202502120200,12
takamatsu,71202502120200,12
takamatsu,71202502120300,12
takamatsu,71202502120300,12
takamatsu,71202502120300,12
takamatsu,71202503010100,7
takamatsu,71202503010100,7
takamatsu,71202503010100,7
takamatsu,71202503010200,7
takamatsu,71202503010200,7
takamatsu,71202503010200,7
takamatsu,71202503010300,7
takamatsu,71202503010300,7
takamatsu,71202503010300,7
takamatsu,71202503170100,12
takamatsu,71202503170100,12
takamatsu,71202503170100,12
takamatsu,71202503170200,12
takamatsu,71202503170200,12
takamatsu,71202503170200,12
takamatsu,71202503170300,12
takamatsu,71202503170300,12
takamatsu,71202503170300,12
takamatsu,71202503260100,9
takamatsu,71202503260100,9
takamatsu,71202503260100,9
takamatsu,71202503260200,9
takamatsu,71202503260200,9
takamatsu,71202503260200,9
takamatsu,71202503260300,9
takamatsu,71202503260300,9
takamatsu,71202503260300,9
takamatsu,71202504010100,7
takamatsu,71202504010100,7
takamatsu,71202504010100,7
takamatsu,71202504010200,7
takamatsu,71202504010200,7
takamatsu,71202504010200,7
takamatsu,71202504010300,7
takamatsu,71202504010300,7
takamatsu,71202504010300,7
takamatsu,71202504100100,7
takamatsu,71202504100100,7
takamatsu,71202504100100,7
takamatsu,71202504100200,7
takamatsu,71202504100200,7
takamatsu,71202504100200,7
takamatsu,71202504100300,7
takamatsu,71202504100300,7
takamatsu,71202504100300,7
takamatsu,71202504300100,7
takamatsu,71202504300100,7
takamatsu,71202504300100,7
takamatsu,71202504300200,7
takamatsu,71202504300200,7
takamatsu,71202504300200,7
takamatsu,71202504300300,7
takamatsu,71202504300300,7
takamatsu,71202504300300,7
takamatsu,71202505050100,12
takamatsu,71202505050100,12
takamatsu,71202505050100,12
takamatsu,71202505050200,12
takamatsu,71202505050200,12
takamatsu,71202505050200,12
takamatsu,71202505050300,12
takamatsu,71202505050300,12
takamatsu,71202505050300,12
takamatsu,71202505150100,7
takamatsu,71202505150100,7
takamatsu,71202505150100,7
takamatsu,71202505150200,7
takamatsu,71202505150200,7
takamatsu,71202505150200,7
takamatsu,71202505150300,7
takamatsu,71202505150300,7
takamatsu,71202505150300,7
takamatsu,71202505210100,12
takamatsu,71202505210100,12
takamatsu,71202505210100,12
takamatsu,71202505210200,12
takamatsu,71202505210200,12
takamatsu,71202505210200,12
takamatsu,71202505210300,12
takamatsu,71202505210300,12
takamatsu,71202505210300,12
takamatsu,71202505290100,12
takamatsu,71202505290100,12
takamatsu,71202505290100,12
takamatsu,71202505290200,12
takamatsu,71202505290200,12
takamatsu,71202505290200,12
takamatsu,71202505290300,12
takamatsu,71202505290300,12
takamatsu,71202505290300,12
komatsushima,73202301080100,9
komatsushima,73202301080100,9
komatsushima,73202301080100,9
komatsushima,73202301080200,9
komatsushima,73202301080200,9
komatsushima,73202301080200,9
komatsushima,73202301080300,9
komatsushima,73202301080300,9
komatsushima,73202301080300,9
komatsushima,73202301180100,12
komatsushima,73202301180100,12
komatsushima,73202301180100,12
komatsushima,73202301180200,12
komatsushima,73202301180200,12
komatsushima,73202301180200,12
komatsushima,73202301180300,12
komatsushima,73202301180300,12
komatsushima,73202301180300,12
komatsushima,73202301230100,12
komatsushima,73202301230100,12
komatsushima,73202301230100,12
komatsushima,73202301230200,12
komatsushima,73202301230200,12
komatsushima,73202301230200,12
komatsushima,73202301230300,12
komatsushima,73202301230300,12
komatsushima,73202301230300,12
komatsushima,73202302130100,12
komatsushima,73202302130100,12
komatsushima,73202302130100,12
komatsushima,73202302130200,12
komatsushima,73202302130200,12
komatsushima,73202302130200,12
komatsushima,73202302130300,12
komatsushima,73202302130300,12
komatsushima,73202302130300,12
komatsushima,73202302270100,12
komatsushima,73202302270100,12
komatsushima,73202302270100,12
komatsushima,73202302270200,12
komatsushima,73202302270200,12
komatsushima,73202302270200,12
komatsushima,73202302270300,12
komatsushima,73202302270300,12
komatsushima,73202302270300,12
komatsushima,73202304140100,12
komatsushima,73202304140100,12
komatsushima,73202304140100,12
komatsushima,73202304140200,12
komatsushima,73202304140200,12
komatsushima,73202304140200,12
komatsushima,73202304140300,12
komatsushima,73202304140300,12
komatsushima,73202304140300,12
komatsushima,73202305030100,12
komatsushima,73202305030100,12
komatsushima,73202305030100,12
komatsushima,73202305030200,12
komatsushima,73202305030200,12
komatsushima,73202305030200,12
komatsushima,73202305030300,12
komatsushima,73202305030300,12
komatsushima,73202305030300,12
komatsushima,73202305110100,9
komatsushima,73202305110100,9
komatsushima,73202305110100,9
komatsushima,73202305110200,9
komatsushima,73202305110200,9
komatsushima,73202305110200,9
komatsushima,73202305110300,9
komatsushima,73202305110300,9
komatsushima,73202305110300,9
komatsushima,73202305310100,12
komatsushima,73202305310100,12
komatsushima,73202305310100,12
komatsushima,73202305310200,12
komatsushima,73202305310200,12
komatsushima,73202305310200,12
komatsushima,73202305310300,12
komatsushima,73202305310300,12
komatsushima,73202305310300,12
komatsushima,73202306160100,9
komatsushima,73202306160100,9
komatsushima,73202306160100,9
komatsushima,73202306160200,9
komatsushima,73202306160200,9
komatsushima,73202306160200,9
komatsushima,73202306160300,9
komatsushima,73202306160300,9
komatsushima,73202306160300,9
komatsushima,73202307060100,12
komatsushima,73202307060100,12
komatsushima,73202307060100,12
komatsushima,73202307060100,12
komatsushima,73202307060200,12
komatsushima,73202307060200,12
komatsushima,73202307060200,12
komatsushima,73202307060200,12
komatsushima,73202307060300,12
komatsushima,73202307060300,12
komatsushima,73202307060300,12
komatsushima,73202307060300,12
komatsushima,73202307060400,12
komatsushima,73202307060400,12
komatsushima,73202307060400,12
komatsushima,73202307060400,12
komatsushima,73202308210100,12
komatsushima,73202308210100,12
komatsushima,73202308210100,12
komatsushima,73202308210200,12
komatsushima,73202308210200,12
komatsushima,73202308210200,12
komatsushima,73202308210300,12
komatsushima,73202308210300,12
komatsushima,73202308210300,12
komatsushima,73202309050100,12
komatsushima,73202309050100,12
komatsushima,73202309050100,12
komatsushima,73202309050200,12
komatsushima,73202309050200,12
komatsushima,73202309050200,12
komatsushima,73202309050300,12
komatsushima,73202309050300,12
komatsushima,73202309050300,12
komatsushima,73202309290100,7
komatsushima,73202309290100,7
komatsushima,73202309290100,7
komatsushima,73202309290200,7
komatsushima,73202309290200,7
komatsushima,73202309290200,7
komatsushima,73202309290300,7
komatsushima,73202309290300,7
komatsushima,73202309290300,7
komatsushima,73202310110100,9
komatsushima,73202310110100,9
komatsushima,73202310110100,9
komatsushima,73202310110200,9
komatsushima,73202310110200,9
komatsushima,73202310110200,9
komatsushima,73202310110300,9
komatsushima,73202310110300,9
komatsushima,73202310110300,9
komatsushima,73202310260100,9
komatsushima,73202310260100,9
komatsushima,73202310260100,9
komatsushima,73202310260200,9
komatsushima,73202310260200,9
komatsushima,73202310260200,9
komatsushima,73202310260300,9
komatsushima,73202310260300,9
komatsushima,73202310260300,9
komatsushima,73202311060100,12
komatsushima,73202311060100,12
komatsushima,73202311060100,12
komatsushima,73202311060200,12
komatsushima,73202311060200,12
komatsushima,73202311060200,12
komatsushima,73202311060300,12
komatsushima,73202311060300,12
komatsushima,73202311060300,12
komatsushima,73202311170100,12
komatsushima,73202311170100,12
komatsushima,73202311170100,12
komatsushima,73202311170200,12
komatsushima,73202311170200,12
komatsushima,73202311170200,12
komatsushima,73202311170300,12
komatsushima,73202311170300,12
komatsushima,73202311170300,12
komatsushima,73202312170100,9
komatsushima,73202312170100,9
komatsushima,73202312170100,9
komatsushima,73202312170200,9
komatsushima,73202312170200,9
komatsushima,73202312170200,9
komatsushima,73202312170300,9
komatsushima,73202312170300,9
komatsushima,73202312170300,9
komatsushima,73202312250100,12
komatsushima,73202312250100,12
komatsushima,73202312250100,12
komatsushima,73202312250200,12
komatsushima,73202312250200,12
komatsushima,73202312250200,12
komatsushima,73202312250300,12
komatsushima,73202312250300,12
komatsushima,73202312250300,12
komatsushima,73202312310100,12
komatsushima,73202312310100,12
komatsushima,73202312310100,12
komatsushima,73202312310200,12
komatsushima,73202312310200,12
komatsushima,73202312310200,12
komatsushima,73202312310300,12
komatsushima,73202312310300,12
komatsushima,73202312310300,12
komatsushima,73202401130100,9
komatsushima,73202401130100,9
komatsushima,73202401130100,9
komatsushima,73202401130200,9
komatsushima,73202401130200,9
komatsushima,73202401130200,9
komatsushima,73202401130300,9
komatsushima,73202401130300,9
komatsushima,73202401130300,9
komatsushima,73202401210100,12
komatsushima,73202401210100,12
komatsushima,73202401210100,12
komatsushima,73202401210200,12
komatsushima,73202401210200,12
komatsushima,73202401210200,12
komatsushima,73202401210300,12
komatsushima,73202401210300,12
komatsushima,73202401210300,12
komatsushima,73202402010100,12
komatsushima,73202402010100,12
komatsushima,73202402010100,12
komatsushima,73202402010200,12
komatsushima,73202402010200,12
komatsushima,73202402010200,12
komatsushima,73202402010300,12
komatsushima,73202402010300,12
komatsushima,73202402010300,12
komatsushima,73202402060100,12
komatsushima,73202402060100,12
komatsushima,73202402060100,12
komatsushima,73202402060200,12
komatsushima,73202402060200,12
komatsushima,73202402060200,12
komatsushima,73202402060300,12
komatsushima,73202402060300,12
komatsushima,73202402060300,12
komatsushima,73202403290100,9
komatsushima,73202403290100,9
komatsushima,73202403290100,9
komatsushima,73202403290200,9
komatsushima,73202403290200,9
komatsushima,73202403290200,9
komatsushima,73202403290300,9
komatsushima,73202403290300,9
komatsushima,73202403290300,9
komatsushima,73202404160100,7
komatsushima,73202404160100,7
komatsushima,73202404160100,7
komatsushima,73202404160200,7
komatsushima,73202404160200,7
komatsushima,73202404160200,7
komatsushima,73202404160300,7
komatsushima,73202404160300,7
komatsushima,73202404160300,7
komatsushima,73202406260100,12
komatsushima,73202406260100,12
komatsushima,73202406260100,12
komatsushima,73202406260200,12
komatsushima,73202406260200,12
komatsushima,73202406260200,12
komatsushima,73202406260300,12
komatsushima,73202406260300,12
komatsushima,73202406260300,12
komatsushima,73202407040100,12
komatsushima,73202407040100,12
komatsushima,73202407040100,12
komatsushima,73202407040100,12
komatsushima,73202407040200,12
komatsushima,73202407040200,12
komatsushima,73202407040200,12
komatsushima,73202407040200,12
komatsushima,73202407040300,12
komatsushima,73202407040300,12
komatsushima,73202407040300,12
komatsushima,73202407040300,12
komatsushima,73202407040400,12
komatsushima,73202407040400,12
komatsushima,73202407040400,12
komatsushima,73202407040400,12
komatsushima,73202407160100,9
komatsushima,73202407160100,9
komatsushima,73202407160100,9
komatsushima,73202407160200,9
komatsushima,73202407160200,9
komatsushima,73202407160200,9
komatsushima,73202407160300,9
komatsushima,73202407160300,9
komatsushima,73202407160300,9
komatsushima,73202407230100,12
komatsushima,73202407230100,12
komatsushima,73202407230100,12
komatsushima,73202407230200,12
komatsushima,73202407230200,12
komatsushima,73202407230200,12
komatsushima,73202407230300,12
komatsushima,73202407230300,12
komatsushima,73202407230300,12
komatsushima,73202408130100,12
komatsushima,73202408130100,12
komatsushima,73202408130100,12
komatsushima,73202408130200,12
komatsushima,73202408130200,12
komatsushima,73202408130200,12
komatsushima,73202408130300,12
komatsushima,73202408130300,12
komatsushima,73202408130300,12
komatsushima,73202408220100,7
komatsushima,73202408220100,7
komatsushima,73202408220100,7
komatsushima,73202408220200,7
komatsushima,73202408220200,7
komatsushima,73202408220200,7
komatsushima,73202408220300,7
komatsushima,73202408220300,7
komatsushima,73202408220300,7
komatsushima,73202408280100,12
komatsushima,73202408280100,12
komatsushima,73202408280100,12
komatsushima,73202408280200,12
komatsushima,73202408280200,12
komatsushima,73202408280200,12
komatsushima,73202409060100,9
komatsushima,73202409060100,9
komatsushima,73202409060100,9
komatsushima,73202409060200,9
komatsushima,73202409060200,9
komatsushima,73202409060200,9
komatsushima,73202409060300,9
komatsushima,73202409060300,9
komatsushima,73202409060300,9
komatsushima,73202409220100,12
komatsushima,73202409220100,12
komatsushima,73202409220100,12
komatsushima,73202409220200,12
komatsushima,73202409220200,12
komatsushima,73202409220200,12
komatsushima,73202409220300,12
komatsushima,73202409220300,12
komatsushima,73202409220300,12
komatsushima,73202409290100,12
komatsushima,73202409290100,12
komatsushima,73202409290100,12
komatsushima,73202409290200,12
komatsushima,73202409290200,12
komatsushima,73202409290200,12
komatsushima,73202409290300,12
komatsushima,73202409290300,12
komatsushima,73202409290300,12
komatsushima,73202410250100,12
komatsushima,73202410250100,12
komatsushima,73202410250100,12
komatsushima,73202410250200,12
komatsushima,73202410250200,12
komatsushima,73202410250200,12
komatsushima,73202410250300,12
komatsushima,73202410250300,12
komatsushima,73202410250300,12
komatsushima,73202411150100,9
komatsushima,73202411150100,9
komatsushima,73202411150100,9
komatsushima,73202411150200,9
komatsushima,73202411150200,9
komatsushima,73202411150200,9
komatsushima,73202411150300,9
komatsushima,73202411150300,9
komatsushima,73202411150300,9
komatsushima,73202411210100,9
komatsushima,73202411210100,9
komatsushima,73202411210100,9
komatsushima,73202411210200,9
komatsushima,73202411210200,9
komatsushima,73202411210200,9
komatsushima,73202411210300,9
komatsushima,73202411210300,9
komatsushima,73202411210300,9
komatsushima,73202412020100,12
komatsushima,73202412020100,12
komatsushima,73202412020100,12
komatsushima,73202412020200,12
komatsushima,73202412020200,12
komatsushima,73202412020200,12
komatsushima,73202412020300,12
komatsushima,73202412020300,12
komatsushima,73202412020300,12
komatsushima,73202412090100,7
komatsushima,73202412090100,7
komatsushima,73202412090100,7
komatsushima,73202412090200,7
komatsushima,73202412090200,7
komatsushima,73202412090200,7
komatsushima,73202412090300,7
komatsushima,73202412090300,7
komatsushima,73202412090300,7
komatsushima,73202412200100,12
komatsushima,73202412200100,12
komatsushima,73202412200100,12
komatsushima,73202412200200,11
komatsushima,73202412200200,11
komatsushima,73202412200200,11
komatsushima,73202412200300,11
komatsushima,73202412200300,11
komatsushima,73202412200300,11
komatsushima,73202501030100,12
komatsushima,73202501030100,12
komatsushima,73202501030100,12
komatsushima,73202501030200,11
komatsushima,73202501030200,11
komatsushima,73202501030200,11
komatsushima,73202501030300,11
komatsushima,73202501030300,11
komatsushima,73202501030300,11
komatsushima,73202501260100,12
komatsushima,73202501260100,12
komatsushima,73202501260100,12
komatsushima,73202501260200,12
komatsushima,73202501260200,12
komatsushima,73202501260200,12
komatsushima,73202501260300,12
komatsushima,73202501260300,12
komatsushima,73202501260300,12
komatsushima,73202502170100,9
komatsushima,73202502170100,9
komatsushima,73202502170100,9
komatsushima,73202502170200,9
komatsushima,73202502170200,9
komatsushima,73202502170200,9
komatsushima,73202502170300,9
komatsushima,73202502170300,9
komatsushima,73202502170300,9
komatsushima,73202503010100,12
komatsushima,73202503010100,12
komatsushima,73202503010100,12
komatsushima,73202503010200,12
komatsushima,73202503010200,12
komatsushima,73202503010200,12
komatsushima,73202503010300,12
komatsushima,73202503010300,12
komatsushima,73202503010300,12
komatsushima,73202505140100,9
komatsushima,73202505140100,9
komatsushima,73202505140100,9
komatsushima,73202505140200,9
komatsushima,73202505140200,9
komatsushima,73202505140200,9
komatsushima,73202505140300,9
komatsushima,73202505140300,9
komatsushima,73202505140300,9
komatsushima,73202507030100,12
komatsushima,73202507030100,12
komatsushima,73202507030100,12
komatsushima,73202507030100,12
komatsushima,73202507030200,12
komatsushima,73202507030200,12
komatsushima,73202507030200,12
komatsushima,73202507030200,12
komatsushima,73202507030300,12
komatsushima,73202507030300,12
komatsushima,73202507030300,12
komatsushima,73202507030300,12
komatsushima,73202507030400,12
komatsushima,73202507030400,12
komatsushima,73202507030400,12
komatsushima,73202507030400,12
komatsushima,73202507090100,12
komatsushima,73202507090100,12
komatsushima,73202507090100,12
komatsushima,73202507090200,12
komatsushima,73202507090200,12
komatsushima,73202507090200,12
komatsushima,73202507090300,12
komatsushima,73202507090300,12
komatsushima,73202507090300,12
komatsushima,73202507300100,12
komatsushima,73202507300100,12
komatsushima,73202507300100,12
komatsushima,73202507300200,12
komatsushima,73202507300200,12
komatsushima,73202507300200,12
komatsushima,73202507300300,12
komatsushima,73202507300300,12
komatsushima,73202507300300,12
komatsushima,73202508080100,12
komatsushima,73202508080100,12
komatsushima,73202508080100,12
komatsushima,73202508080200,12
komatsushima,73202508080200,12
komatsushima,73202508080200,12
komatsushima,73202508080300,12
komatsushima,73202508080300,12
komatsushima,73202508080300,12
komatsushima,73202508240100,7
komatsushima,73202508240100,7
komatsushima,73202508240100,7
komatsushima,73202508240200,7
komatsushima,73202508240200,7
komatsushima,73202508240200,7
komatsushima,73202508240300,7
komatsushima,73202508240300,7
komatsushima,73202508240300,7
komatsushima,73202508310100,7
komatsushima,73202508310100,7
komatsushima,73202508310100,7
komatsushima,73202508310200,7
komatsushima,73202508310200,7
komatsushima,73202508310200,7
komatsushima,73202508310300,7
komatsushima,73202508310300,7
komatsushima,73202508310300,7
komatsushima,73202509110100,9
komatsushima,73202509110100,9
komatsushima,73202509110100,9
komatsushima,73202509110200,9
komatsushima,73202509110200,9
komatsushima,73202509110200,9
komatsushima,73202509110300,9
komatsushima,73202509110300,9
komatsushima,73202509110300,9
komatsushima,73202509180100,7
komatsushima,73202509180100,7
komatsushima,73202509180100,7
komatsushima,73202509180200,7
komatsushima,73202509180200,7
komatsushima,73202509180200,7
komatsushima,73202509180300,7
komatsushima,73202509180300,7
komatsushima,73202509180300,7
komatsushima,73202509250100,7
komatsushima,73202509250100,7
komatsushima,73202509250100,7
komatsushima,73202509250200,7
komatsushima,73202509250200,7
komatsushima,73202509250200,7
komatsushima,73202509250300,7
komatsushima,73202509250300,7
komatsushima,73202509250300,7
komatsushima,73202510030100,7
komatsushima,73202510030100,7
komatsushima,73202510030100,7
komatsushima,73202510030200,7
komatsushima,73202510030200,7
komatsushima,73202510030200,7
komatsushima,73202510030300,7
komatsushima,73202510030300,7
komatsushima,73202510030300,7
komatsushima,73202510150100,7
komatsushima,73202510150100,7
komatsushima,73202510150100,7
komatsushima,73202510150200,7
komatsushima,73202510150200,7
komatsushima,73202510150200,7
komatsushima,73202510150300,7
komatsushima,73202510150300,7
komatsushima,73202510150300,7
komatsushima,73202510200100,12
komatsushima,73202510200100,12
komatsushima,73202510200100,12
komatsushima,73202510200200,12
komatsushima,73202510200200,12
komatsushima,73202510200200,12
komatsushima,73202510200300,12
komatsushima,73202510200300,12
komatsushima,73202510200300,12
komatsushima,73202510270100,7
komatsushima,73202510270100,7
komatsushima,73202510270100,7
komatsushima,73202510270200,7
komatsushima,73202510270200,7
komatsushima,73202510270200,7
komatsushima,73202510270300,7
komatsushima,73202510270300,7
komatsushima,73202510270300,7
komatsushima,73202511030100,12
komatsushima,73202511030100,12
komatsushima,73202511030100,12
komatsushima,73202511030200,12
komatsushima,73202511030200,12
komatsushima,73202511030200,12
komatsushima,73202511030300,12
komatsushima,73202511030300,12
komatsushima,73202511030300,12
komatsushima,73202511120100,12
komatsushima,73202511120100,12
komatsushima,73202511120100,12
komatsushima,73202511120200,12
komatsushima,73202511120200,12
komatsushima,73202511120200,12
komatsushima,73202511120300,12
komatsushima,73202511120300,12
komatsushima,73202511120300,12
komatsushima,73202511170100,7
komatsushima,73202511170100,7
komatsushima,73202511170100,7
komatsushima,73202511170200,7
komatsushima,73202511170200,7
komatsushima,73202511170200,7
komatsushima,73202511170300,7
komatsushima,73202511170300,7
komatsushima,73202511170300,7
komatsushima,73202511220100,7
komatsushima,73202511220100,7
komatsushima,73202511220100,7
komatsushima,73202511220200,7
komatsushima,73202511220200,7
komatsushima,73202511220200,7
komatsushima,73202511220300,7
komatsushima,73202511220300,7
komatsushima,73202511220300,7
komatsushima,73202512040100,7
komatsushima,73202512040100,7
komatsushima,73202512040100,7
komatsushima,73202512040200,7
komatsushima,73202512040200,7
komatsushima,73202512040200,7
komatsushima,73202512040300,7
komatsushima,73202512040300,7
komatsushima,73202512040300,7
komatsushima,73202512150100,9
komatsushima,73202512150100,9
komatsushima,73202512150100,9
komatsushima,73202512150200,9
komatsushima,73202512150200,9
komatsushima,73202512150200,9
komatsushima,73202512150300,9
komatsushima,73202512150300,9
komatsushima,73202512150300,9
komatsushima,73202512240100,7
komatsushima,73202512240100,7
komatsushima,73202512240100,7
komatsushima,73202512240200,7
komatsushima,73202512240200,7
komatsushima,73202512240200,7
komatsushima,73202512240300,7
komatsushima,73202512240300,7
komatsushima,73202512240300,7
komatsushima,73202601030100,12
komatsushima,73202601030100,12
komatsushima,73202601030100,12
komatsushima,73202601030200,12
komatsushima,73202601030200,12
komatsushima,73202601030200,12
komatsushima,73202601030300,12
komatsushima,73202601030300,12
komatsushima,73202601030300,12
komatsushima,73202601110100,9
komatsushima,73202601110100,9
komatsushima,73202601110100,9
komatsushima,73202601110200,9
komatsushima,73202601110200,9
komatsushima,73202601110200,9
komatsushima,73202601110300,9
komatsushima,73202601110300,9
komatsushima,73202601110300,9
komatsushima,73202601200100,7
komatsushima,73202601200100,7
komatsushima,73202601200100,7
komatsushima,73202601200200,7
komatsushima,73202601200200,7
komatsushima,73202601200200,7
komatsushima,73202601200300,7
komatsushima,73202601200300,7
komatsushima,73202601200300,7
komatsushima,73202601290100,12
komatsushima,73202601290100,12
komatsushima,73202601290100,12
komatsushima,73202601290100,12
komatsushima,73202601290200,12
komatsushima,73202601290200,12
komatsushima,73202601290200,12
komatsushima,73202601290200,12
komatsushima,73202601290300,12
komatsushima,73202601290300,12
komatsushima,73202601290300,12
komatsushima,73202601290300,12
komatsushima,73202601290400,12
komatsushima,73202601290400,12
komatsushima,73202601290400,12
komatsushima,73202601290400,12
komatsushima,73202602050100,7
komatsushima,73202602050100,7
komatsushima,73202602050100,7
komatsushima,73202602050200,7
komatsushima,73202602050200,7
komatsushima,73202602050200,7
komatsushima,73202602050300,7
komatsushima,73202602050300,7
komatsushima,73202602050300,7
komatsushima,73202602140100,12
komatsushima,73202602140100,12
komatsushima,73202602140100,12
komatsushima,73202602140200,12
komatsushima,73202602140200,12
komatsushima,73202602140200,12
komatsushima,73202602140300,12
komatsushima,73202602140300,12
komatsushima,73202602140300,12
komatsushima,73202602190100,7
komatsushima,73202602190100,7
komatsushima,73202602190100,7
komatsushima,73202602190200,7
komatsushima,73202602190200,7
komatsushima,73202602190200,7
komatsushima,73202602190300,7
komatsushima,73202602190300,7
komatsushima,73202602190300,7
komatsushima,73202603010100,7
komatsushima,73202603010100,7
komatsushima,73202603010100,7
komatsushima,73202603010200,7
komatsushima,73202603010200,7
komatsushima,73202603010200,7
komatsushima,73202603010300,7
komatsushima,73202603010300,7
komatsushima,73202603010300,7
komatsushima,73202603100100,12
komatsushima,73202603100100,12
komatsushima,73202603100200,7
komatsushima,73202603100200,7
komatsushima,73202604130100,9
komatsushima,73202604130100,9
komatsushima,73202604130100,9
komatsushima,73202604130200,9
komatsushima,73202604130200,9
komatsushima,73202604130200,9
komatsushima,73202604130300,9
komatsushima,73202604130300,9
komatsushima,73202604130300,9
komatsushima,73202604200100,11
komatsushima,73202604200100,11
komatsushima,73202604200100,11
komatsushima,73202604200200,11
komatsushima,73202604200200,11
komatsushima,73202604200200,11
komatsushima,73202604200300,11
komatsushima,73202604200300,11
komatsushima,73202604200300,11
komatsushima,73202605130100,12
komatsushima,73202605130100,12
komatsushima,73202605130100,12
komatsushima,73202605130200,12
komatsushima,73202605130200,12
komatsushima,73202605130200,12
komatsushima,73202605130300,12
komatsushima,73202605130300,12
komatsushima,73202605130300,12
komatsushima,73202606060100,9
komatsushima,73202606060100,9
komatsushima,73202606060100,9
komatsushima,73202606060200,9
komatsushima,73202606060200,9
komatsushima,73202606060200,9
komatsushima,73202606060300,9
komatsushima,73202606060300,9
komatsushima,73202606060300,9
komatsushima,73202606250100,7
komatsushima,73202606250100,7
komatsushima,73202606250200,7
komatsushima,73202606250200,7
komatsushima,73202606250300,7
komatsushima,73202606250300,7
kochi,74202302020100,9
kochi,74202302020100,9
kochi,74202302020100,9
kochi,74202302020200,9
kochi,74202302020200,9
kochi,74202302020200,9
kochi,74202302020300,9
kochi,74202302020300,9
kochi,74202302020300,9
kochi,74202302110100,9
kochi,74202302110100,9
kochi,74202302110100,9
kochi,74202302110200,9
kochi,74202302110200,9
kochi,74202302110200,9
kochi,74202302110300,9
kochi,74202302110300,9
kochi,74202302110300,9
kochi,74202302160100,12
kochi,74202302160100,12
kochi,74202302160100,12
kochi,74202302160200,12
kochi,74202302160200,12
kochi,74202302160200,12
kochi,74202302160300,12
kochi,74202302160300,12
kochi,74202302160300,12
kochi,74202302230100,12
kochi,74202302230100,12
kochi,74202302230100,12
kochi,74202302230100,12
kochi,74202302230200,12
kochi,74202302230200,12
kochi,74202302230200,12
kochi,74202302230200,12
kochi,74202302230300,12
kochi,74202302230300,12
kochi,74202302230300,12
kochi,74202302230300,12
kochi,74202302230400,12
kochi,74202302230400,12
kochi,74202302230400,12
kochi,74202302230400,12
kochi,74202303050100,9
kochi,74202303050100,9
kochi,74202303050100,9
kochi,74202303050200,9
kochi,74202303050200,9
kochi,74202303050200,9
kochi,74202303050300,9
kochi,74202303050300,9
kochi,74202303050300,9
kochi,74202303140100,9
kochi,74202303140100,9
kochi,74202303140100,9
kochi,74202303140200,9
kochi,74202303140200,9
kochi,74202303140200,9
kochi,74202303140300,9
kochi,74202303140300,9
kochi,74202303140300,9
kochi,74202303190100,12
kochi,74202303190100,12
kochi,74202303190100,12
kochi,74202303190200,12
kochi,74202303190200,12
kochi,74202303190200,12
kochi,74202303190300,12
kochi,74202303190300,12
kochi,74202303190300,12
kochi,74202304060100,12
kochi,74202304060100,12
kochi,74202304060100,12
kochi,74202304060100,12
kochi,74202304060200,12
kochi,74202304060200,12
kochi,74202304060200,12
kochi,74202304060200,12
kochi,74202304060300,12
kochi,74202304060300,12
kochi,74202304060300,12
kochi,74202304060300,12
kochi,74202304060400,12
kochi,74202304060400,12
kochi,74202304060400,12
kochi,74202304060400,12
kochi,74202305140100,9
kochi,74202305140100,9
kochi,74202305140100,9
kochi,74202305140200,9
kochi,74202305140200,9
kochi,74202305140200,9
kochi,74202305140300,9
kochi,74202305140300,9
kochi,74202305140300,9
kochi,74202305230100,12
kochi,74202305230100,12
kochi,74202305230100,12
kochi,74202305230200,12
kochi,74202305230200,12
kochi,74202305230200,12
kochi,74202305230300,12
kochi,74202305230300,12
kochi,74202305230300,12
kochi,74202306070100,9
kochi,74202306070100,9
kochi,74202306070100,9
kochi,74202306070200,9
kochi,74202306070200,9
kochi,74202306070200,9
kochi,74202306070300,9
kochi,74202306070300,9
kochi,74202306070300,9
kochi,74202306220100,9
kochi,74202306220100,9
kochi,74202306220100,9
kochi,74202306220200,9
kochi,74202306220200,9
kochi,74202306220200,9
kochi,74202306220300,9
kochi,74202306220300,9
kochi,74202306220300,9
kochi,74202307010100,7
kochi,74202307010100,7
kochi,74202307010100,7
kochi,74202307010200,7
kochi,74202307010200,7
kochi,74202307010200,7
kochi,74202307010300,7
kochi,74202307010300,7
kochi,74202307010300,7
kochi,74202307160100,9
kochi,74202307160100,9
kochi,74202307160100,9
kochi,74202307160200,9
kochi,74202307160200,9
kochi,74202307160200,9
kochi,74202307160300,9
kochi,74202307160300,9
kochi,74202307160300,9
kochi,74202308040100,12
kochi,74202308040100,12
kochi,74202308040100,12
kochi,74202308040200,12
kochi,74202308040200,12
kochi,74202308040200,12
kochi,74202308040300,12
kochi,74202308040300,12
kochi,74202308040300,12
kochi,74202308160100,7
kochi,74202308160100,7
kochi,74202308160100,7
kochi,74202308160200,7
kochi,74202308160200,7
kochi,74202308160200,7
kochi,74202308160300,7
kochi,74202308160300,7
kochi,74202308160300,7
kochi,74202308280100,12
kochi,74202308280100,12
kochi,74202308280100,12
kochi,74202308280200,12
kochi,74202308280200,12
kochi,74202308280200,12
kochi,74202308280300,12
kochi,74202308280300,12
kochi,74202308280300,12
kochi,74202309080100,7
kochi,74202309080100,7
kochi,74202309080100,7
kochi,74202309080200,7
kochi,74202309080200,7
kochi,74202309080200,7
kochi,74202309080300,7
kochi,74202309080300,7
kochi,74202309080300,7
kochi,74202309170100,9
kochi,74202309170100,9
kochi,74202309170100,9
kochi,74202309170200,9
kochi,74202309170200,9
kochi,74202309170200,9
kochi,74202309170300,9
kochi,74202309170300,9
kochi,74202309170300,9
kochi,74202309280100,12
kochi,74202309280100,12
kochi,74202309280100,12
kochi,74202309280200,12
kochi,74202309280200,12
kochi,74202309280200,12
kochi,74202309280300,12
kochi,74202309280300,12
kochi,74202309280300,12
kochi,74202310050100,9
kochi,74202310050100,9
kochi,74202310050100,9
kochi,74202310050200,9
kochi,74202310050200,9
kochi,74202310050200,9
kochi,74202310050300,9
kochi,74202310050300,9
kochi,74202310050300,9
kochi,74202310170100,9
kochi,74202310170100,9
kochi,74202310170100,9
kochi,74202310170200,9
kochi,74202310170200,9
kochi,74202310170200,9
kochi,74202310170300,9
kochi,74202310170300,9
kochi,74202310170300,9
kochi,74202311140100,7
kochi,74202311140100,7
kochi,74202311140100,7
kochi,74202311140200,7
kochi,74202311140200,7
kochi,74202311140200,7
kochi,74202311140300,7
kochi,74202311140300,7
kochi,74202311140300,7
kochi,74202311210100,10
kochi,74202311210100,10
kochi,74202311210100,10
kochi,74202311210200,10
kochi,74202311210200,10
kochi,74202311210200,10
kochi,74202311210300,10
kochi,74202311210300,10
kochi,74202311210300,10
kochi,74202311300100,12
kochi,74202311300100,12
kochi,74202311300100,12
kochi,74202311300200,12
kochi,74202311300200,12
kochi,74202311300200,12
kochi,74202311300300,12
kochi,74202311300300,12
kochi,74202311300300,12
kochi,74202312070100,12
kochi,74202312070100,12
kochi,74202312070100,12
kochi,74202312070200,12
kochi,74202312070200,12
kochi,74202312070200,12
kochi,74202312070300,12
kochi,74202312070300,12
kochi,74202312070300,12
kochi,74202312130100,7
kochi,74202312130100,7
kochi,74202312130100,7
kochi,74202312130200,7
kochi,74202312130200,7
kochi,74202312130200,7
kochi,74202312130300,7
kochi,74202312130300,7
kochi,74202312130300,7
kochi,74202401030100,12
kochi,74202401030100,12
kochi,74202401030100,12
kochi,74202401030200,12
kochi,74202401030200,12
kochi,74202401030200,12
kochi,74202401030300,12
kochi,74202401030300,12
kochi,74202401030300,12
kochi,74202403040100,12
kochi,74202403040100,12
kochi,74202403040100,12
kochi,74202403040200,12
kochi,74202403040200,12
kochi,74202403040200,12
kochi,74202403040300,12
kochi,74202403040300,12
kochi,74202403040300,12
kochi,74202403170100,12
kochi,74202403170100,12
kochi,74202403170100,12
kochi,74202403170200,12
kochi,74202403170200,12
kochi,74202403170200,12
kochi,74202403170300,12
kochi,74202403170300,12
kochi,74202403170300,12
kochi,74202404040100,7
kochi,74202404040100,7
kochi,74202404040100,7
kochi,74202404040200,7
kochi,74202404040200,7
kochi,74202404040200,7
kochi,74202404040300,7
kochi,74202404040300,7
kochi,74202404040300,7
kochi,74202404110100,12
kochi,74202404110100,12
kochi,74202404110100,12
kochi,74202404110100,12
kochi,74202404110200,12
kochi,74202404110200,12
kochi,74202404110200,12
kochi,74202404110200,12
kochi,74202404110300,12
kochi,74202404110300,12
kochi,74202404110300,12
kochi,74202404110300,12
kochi,74202404110400,12
kochi,74202404110400,12
kochi,74202404110400,12
kochi,74202404110400,12
kochi,74202404240100,12
kochi,74202404240100,12
kochi,74202404240100,12
kochi,74202404240200,12
kochi,74202404240200,12
kochi,74202404240200,12
kochi,74202404240300,12
kochi,74202404240300,12
kochi,74202404240300,12
kochi,74202404300100,7
kochi,74202404300100,7
kochi,74202404300100,7
kochi,74202404300200,7
kochi,74202404300200,7
kochi,74202404300200,7
kochi,74202404300300,7
kochi,74202404300300,7
kochi,74202404300300,7
kochi,74202405140100,9
kochi,74202405140100,9
kochi,74202405140100,9
kochi,74202405140200,9
kochi,74202405140200,9
kochi,74202405140200,9
kochi,74202405140300,9
kochi,74202405140300,9
kochi,74202405140300,9
kochi,74202405250100,12
kochi,74202405250100,12
kochi,74202405250200,12
kochi,74202405250200,12
kochi,74202407100100,9
kochi,74202407100100,9
kochi,74202407100100,9
kochi,74202407100200,9
kochi,74202407100200,9
kochi,74202407100200,9
kochi,74202407100300,9
kochi,74202407100300,9
kochi,74202407100300,9
kochi,74202407180100,12
kochi,74202407180100,12
kochi,74202407180100,12
kochi,74202407180200,12
kochi,74202407180200,12
kochi,74202407180200,12
kochi,74202407180300,12
kochi,74202407180300,12
kochi,74202407180300,12
kochi,74202407250100,7
kochi,74202407250100,7
kochi,74202407250100,7
kochi,74202407250200,7
kochi,74202407250200,7
kochi,74202407250200,7
kochi,74202407250300,7
kochi,74202407250300,7
kochi,74202407250300,7
kochi,74202408010100,12
kochi,74202408010100,12
kochi,74202408010100,12
kochi,74202408010200,12
kochi,74202408010200,12
kochi,74202408010200,12
kochi,74202408010300,12
kochi,74202408010300,12
kochi,74202408010300,12
kochi,74202408200100,7
kochi,74202408200100,7
kochi,74202408200100,7
kochi,74202408200200,7
kochi,74202408200200,7
kochi,74202408200200,7
kochi,74202408200300,7
kochi,74202408200300,7
kochi,74202408200300,7
kochi,74202409170100,12
kochi,74202409170100,12
kochi,74202409170100,12
kochi,74202409170200,12
kochi,74202409170200,12
kochi,74202409170200,12
kochi,74202409170300,12
kochi,74202409170300,12
kochi,74202409170300,12
kochi,74202411120100,12
kochi,74202411120100,12
kochi,74202411120100,12
kochi,74202411120200,12
kochi,74202411120200,12
kochi,74202411120200,12
kochi,74202411120300,12
kochi,74202411120300,12
kochi,74202411120300,12
kochi,74202411260100,12
kochi,74202411260100,12
kochi,74202411260100,12
kochi,74202411260200,12
kochi,74202411260200,12
kochi,74202411260200,12
kochi,74202411260300,12
kochi,74202411260300,12
kochi,74202411260300,12
kochi,74202412250100,12
kochi,74202412250100,12
kochi,74202412250100,12
kochi,74202412250200,12
kochi,74202412250200,12
kochi,74202412250200,12
kochi,74202412250300,12
kochi,74202412250300,12
kochi,74202412250300,12
kochi,74202412300100,7
kochi,74202412300100,7
kochi,74202412300100,7
kochi,74202412300200,7
kochi,74202412300200,7
kochi,74202412300200,7
kochi,74202412300300,7
kochi,74202412300300,7
kochi,74202412300300,7
kochi,74202501030100,12
kochi,74202501030100,12
kochi,74202501030100,12
kochi,74202501030200,12
kochi,74202501030200,12
kochi,74202501030200,12
kochi,74202501030300,12
kochi,74202501030300,12
kochi,74202501030300,12
kochi,74202501080100,9
kochi,74202501080100,9
kochi,74202501080100,9
kochi,74202501080200,9
kochi,74202501080200,9
kochi,74202501080200,9
kochi,74202501080300,9
kochi,74202501080300,9
kochi,74202501080300,9
kochi,74202501200100,9
kochi,74202501200100,9
kochi,74202501200100,9
kochi,74202501200200,9
kochi,74202501200200,9
kochi,74202501200200,9
kochi,74202501200300,9
kochi,74202501200300,9
kochi,74202501200300,9
kochi,74202502050100,12
kochi,74202502050100,12
kochi,74202502050100,12
kochi,74202502050200,12
kochi,74202502050200,12
kochi,74202502050200,12
kochi,74202502050300,12
kochi,74202502050300,12
kochi,74202502050300,12
kochi,74202502260100,7
kochi,74202502260100,7
kochi,74202502260100,7
kochi,74202502260200,7
kochi,74202502260200,7
kochi,74202502260200,7
kochi,74202502260300,7
kochi,74202502260300,7
kochi,74202502260300,7
kochi,74202503190100,9
kochi,74202503190100,9
kochi,74202503190100,9
kochi,74202503190200,9
kochi,74202503190200,9
kochi,74202503190200,9
kochi,74202503190300,9
kochi,74202503190300,9
kochi,74202503190300,9
kochi,74202503240100,7
kochi,74202503240100,7
kochi,74202503240100,7
kochi,74202503240200,7
kochi,74202503240200,7
kochi,74202503240200,7
kochi,74202503240300,7
kochi,74202503240300,7
kochi,74202503240300,7
kochi,74202504030100,12
kochi,74202504030100,12
kochi,74202504030100,12
kochi,74202504030100,12
kochi,74202504030200,12
kochi,74202504030200,12
kochi,74202504030200,12
kochi,74202504030200,12
kochi,74202504030300,12
kochi,74202504030300,12
kochi,74202504030300,12
kochi,74202504030300,12
kochi,74202504030400,12
kochi,74202504030400,12
kochi,74202504030400,12
kochi,74202504030400,12
kochi,74202504100100,9
kochi,74202504100100,9
kochi,74202504100100,9
kochi,74202504100200,9
kochi,74202504100200,9
kochi,74202504100200,9
kochi,74202504100300,9
kochi,74202504100300,9
kochi,74202504100300,9
kochi,74202504220100,9
kochi,74202504220100,9
kochi,74202504220100,9
kochi,74202504220200,9
kochi,74202504220200,9
kochi,74202504220200,9
kochi,74202504220300,9
kochi,74202504220300,9
kochi,74202504220300,9
kochi,74202505170100,11
kochi,74202505170100,11
kochi,74202505170100,11
kochi,74202505170200,11
kochi,74202505170200,11
kochi,74202505170200,11
kochi,74202505170300,11
kochi,74202505170300,11
kochi,74202505170300,11
kochi,74202506230100,12
kochi,74202506230100,12
kochi,74202506230100,12
kochi,74202506230200,12
kochi,74202506230200,12
kochi,74202506230200,12
kochi,74202506230300,12
kochi,74202506230300,12
kochi,74202506230300,12
kochi,74202506280100,7
kochi,74202506280100,7
kochi,74202506280100,7
kochi,74202506280200,7
kochi,74202506280200,7
kochi,74202506280200,7
kochi,74202506280300,7
kochi,74202506280300,7
kochi,74202506280300,7
kochi,74202507070100,9
kochi,74202507070100,9
kochi,74202507070100,9
kochi,74202507070200,9
kochi,74202507070200,9
kochi,74202507070200,9
kochi,74202507070300,9
kochi,74202507070300,9
kochi,74202507070300,9
kochi,74202507150100,7
kochi,74202507150100,7
kochi,74202507150100,7
kochi,74202507150200,7
kochi,74202507150200,7
kochi,74202507150200,7
kochi,74202507150300,7
kochi,74202507150300,7
kochi,74202507150300,7
kochi,74202507270100,12
kochi,74202507270100,12
kochi,74202507270100,12
kochi,74202507270200,12
kochi,74202507270200,12
kochi,74202507270200,12
kochi,74202507270300,12
kochi,74202507270300,12
kochi,74202507270300,12
kochi,74202508030100,12
kochi,74202508030100,12
kochi,74202508030100,12
kochi,74202508030200,12
kochi,74202508030200,12
kochi,74202508030200,12
kochi,74202508030300,12
kochi,74202508030300,12
kochi,74202508030300,12
kochi,74202508230100,12
kochi,74202508230100,12
kochi,74202508230100,12
kochi,74202508230200,12
kochi,74202508230200,12
kochi,74202508230200,12
kochi,74202508230300,12
kochi,74202508230300,12
kochi,74202508230300,12
kochi,74202508300100,7
kochi,74202508300100,7
kochi,74202508300100,7
kochi,74202508300200,7
kochi,74202508300200,7
kochi,74202508300200,7
kochi,74202508300300,7
kochi,74202508300300,7
kochi,74202508300300,7
kochi,74202509120100,7
kochi,74202509120100,7
kochi,74202509120100,7
kochi,74202509120200,7
kochi,74202509120200,7
kochi,74202509120200,7
kochi,74202509120300,7
kochi,74202509120300,7
kochi,74202509120300,7
kochi,74202509240100,7
kochi,74202509240100,7
kochi,74202509240100,7
kochi,74202509240200,7
kochi,74202509240200,7
kochi,74202509240200,7
kochi,74202509240300,7
kochi,74202509240300,7
kochi,74202509240300,7
kochi,74202510300100,12
kochi,74202510300100,12
kochi,74202510300100,12
kochi,74202510300200,12
kochi,74202510300200,12
kochi,74202510300200,12
kochi,74202510300300,12
kochi,74202510300300,12
kochi,74202510300300,12
kochi,74202511050100,9
kochi,74202511050100,9
kochi,74202511050100,9
kochi,74202511050200,9
kochi,74202511050200,9
kochi,74202511050200,9
kochi,74202511050300,9
kochi,74202511050300,9
kochi,74202511050300,9
kochi,74202511190100,10
kochi,74202511190100,10
kochi,74202511190100,10
kochi,74202511190200,10
kochi,74202511190200,10
kochi,74202511190200,10
kochi,74202511190300,10
kochi,74202511190300,10
kochi,74202511190300,10
kochi,74202511260100,7
kochi,74202511260100,7
kochi,74202511260100,7
kochi,74202511260200,7
kochi,74202511260200,7
kochi,74202511260200,7
kochi,74202511260300,7
kochi,74202511260300,7
kochi,74202511260300,7
kochi,74202512090100,7
kochi,74202512090100,7
kochi,74202512090100,7
kochi,74202512090200,7
kochi,74202512090200,7
kochi,74202512090200,7
kochi,74202512090300,7
kochi,74202512090300,7
kochi,74202512090300,7
kochi,74202601020100,7
kochi,74202601020100,7
kochi,74202601020100,7
kochi,74202601020200,7
kochi,74202601020200,7
kochi,74202601020200,7
kochi,74202601020300,7
kochi,74202601020300,7
kochi,74202601020300,7
kochi,74202601170100,9
kochi,74202601170100,9
kochi,74202601170100,9
kochi,74202601170200,9
kochi,74202601170200,9
kochi,74202601170200,9
kochi,74202601170300,9
kochi,74202601170300,9
kochi,74202601170300,9
kochi,74202601260100,9
kochi,74202601260100,9
kochi,74202601260100,9
kochi,74202601260200,9
kochi,74202601260200,9
kochi,74202601260200,9
kochi,74202601260300,9
kochi,74202601260300,9
kochi,74202601260300,9
kochi,74202602100100,12
kochi,74202602100100,12
kochi,74202602100100,12
kochi,74202602100200,12
kochi,74202602100200,12
kochi,74202602100200,12
kochi,74202602100300,12
kochi,74202602100300,12
kochi,74202602100300,12
kochi,74202602170100,9
kochi,74202602170100,9
kochi,74202602170100,9
kochi,74202602170200,9
kochi,74202602170200,9
kochi,74202602170200,9
kochi,74202602170300,9
kochi,74202602170300,9
kochi,74202602170300,9
kochi,74202602220100,11
kochi,74202602220100,11
kochi,74202602220100,11
kochi,74202602220200,11
kochi,74202602220200,11
kochi,74202602220200,11
kochi,74202602220300,11
kochi,74202602220300,11
kochi,74202602220300,11
kochi,74202603100100,9
kochi,74202603100100,9
kochi,74202603100100,9
kochi,74202603100200,9
kochi,74202603100200,9
kochi,74202603100200,9
kochi,74202603100300,9
kochi,74202603100300,9
kochi,74202603100300,9
kochi,74202603160100,9
kochi,74202603160100,9
kochi,74202603160100,9
kochi,74202603160200,9
kochi,74202603160200,9
kochi,74202603160200,9
kochi,74202603160300,9
kochi,74202603160300,9
kochi,74202603160300,9
kochi,74202603240100,7
kochi,74202603240100,7
kochi,74202603240100,7
kochi,74202603240200,7
kochi,74202603240200,7
kochi,74202603240200,7
kochi,74202603240300,7
kochi,74202603240300,7
kochi,74202603240300,7
kochi,74202604050100,12
kochi,74202604050100,12
kochi,74202604050100,12
kochi,74202604050200,11
kochi,74202604050200,11
kochi,74202604050200,11
kochi,74202604050300,11
kochi,74202604050300,11
kochi,74202604050300,11
kochi,74202604150100,7
kochi,74202604150100,7
kochi,74202604150100,7
kochi,74202604150200,7
kochi,74202604150200,7
kochi,74202604150200,7
kochi,74202604150300,7
kochi,74202604150300,7
kochi,74202604150300,7
kochi,74202605040100,9
kochi,74202605040100,9
kochi,74202605040100,9
kochi,74202605040200,9
kochi,74202605040200,9
kochi,74202605040200,9
kochi,74202605040300,9
kochi,74202605040300,9
kochi,74202605040300,9
kochi,74202605180100,11
kochi,74202605180100,11
kochi,74202605180100,11
kochi,74202605180200,11
kochi,74202605180200,11
kochi,74202605180200,11
kochi,74202605180300,11
kochi,74202605180300,11
kochi,74202605180300,11
kochi,74202605310100,7
kochi,74202605310100,7
kochi,74202605310100,7
kochi,74202605310100,7
kochi,74202605310200,7
kochi,74202605310200,7
kochi,74202605310200,7
kochi,74202605310200,7
kochi,74202605310300,12
kochi,74202605310300,12
kochi,74202605310300,12
kochi,74202605310300,12
kochi,74202605310301,7
kochi,74202605310301,7
kochi,74202605310301,7
kochi,74202605310301,7
kochi,74202606180100,9
kochi,74202606180100,9
kochi,74202606180100,9
kochi,74202606180200,9
kochi,74202606180200,9
kochi,74202606180200,9
kochi,74202606180300,9
kochi,74202606180300,9
kochi,74202606180300,9
matsuyama,75202301100100,12
matsuyama,75202301100100,12
matsuyama,75202301100100,12
matsuyama,75202301100200,12
matsuyama,75202301100200,12
matsuyama,75202301100200,12
matsuyama,75202301100300,12
matsuyama,75202301100300,12
matsuyama,75202301100300,12
matsuyama,75202301160100,12
matsuyama,75202301160100,12
matsuyama,75202301160100,12
matsuyama,75202301160200,12
matsuyama,75202301160200,12
matsuyama,75202301160200,12
matsuyama,75202301160300,12
matsuyama,75202301160300,12
matsuyama,75202301160300,12
matsuyama,75202301250100,12
matsuyama,75202301250100,12
matsuyama,75202301250100,12
matsuyama,75202301250200,12
matsuyama,75202301250200,12
matsuyama,75202301250200,12
matsuyama,75202301250300,12
matsuyama,75202301250300,12
matsuyama,75202301250300,12
matsuyama,75202302020100,12
matsuyama,75202302020100,12
matsuyama,75202302020100,12
matsuyama,75202302020200,12
matsuyama,75202302020200,12
matsuyama,75202302020200,12
matsuyama,75202302020300,12
matsuyama,75202302020300,12
matsuyama,75202302020300,12
matsuyama,75202303090100,12
matsuyama,75202303090100,12
matsuyama,75202303090100,12
matsuyama,75202303090100,12
matsuyama,75202303090200,12
matsuyama,75202303090200,12
matsuyama,75202303090200,12
matsuyama,75202303090200,12
matsuyama,75202303090300,12
matsuyama,75202303090300,12
matsuyama,75202303090300,12
matsuyama,75202303090300,12
matsuyama,75202303090400,12
matsuyama,75202303090400,12
matsuyama,75202303090400,12
matsuyama,75202303090400,12
matsuyama,75202303170100,9
matsuyama,75202303170100,9
matsuyama,75202303170100,9
matsuyama,75202303170200,9
matsuyama,75202303170200,9
matsuyama,75202303170200,9
matsuyama,75202303170300,9
matsuyama,75202303170300,9
matsuyama,75202303170300,9
matsuyama,75202303230100,9
matsuyama,75202303230100,9
matsuyama,75202303230100,9
matsuyama,75202303230200,9
matsuyama,75202303230200,9
matsuyama,75202303230200,9
matsuyama,75202303230300,9
matsuyama,75202303230300,9
matsuyama,75202303230300,9
matsuyama,75202304130100,12
matsuyama,75202304130100,12
matsuyama,75202304130100,12
matsuyama,75202304130200,12
matsuyama,75202304130200,12
matsuyama,75202304130200,12
matsuyama,75202304130300,12
matsuyama,75202304130300,12
matsuyama,75202304130300,12
matsuyama,75202304200100,12
matsuyama,75202304200100,12
matsuyama,75202304200100,12
matsuyama,75202304200200,12
matsuyama,75202304200200,12
matsuyama,75202304200200,12
matsuyama,75202304200300,12
matsuyama,75202304200300,12
matsuyama,75202304200300,12
matsuyama,75202304300100,12
matsuyama,75202304300100,12
matsuyama,75202304300100,12
matsuyama,75202304300200,12
matsuyama,75202304300200,12
matsuyama,75202304300200,12
matsuyama,75202304300300,12
matsuyama,75202304300300,12
matsuyama,75202304300300,12
matsuyama,75202305070100,12
matsuyama,75202305070100,12
matsuyama,75202305070100,12
matsuyama,75202305070200,12
matsuyama,75202305070200,12
matsuyama,75202305070200,12
matsuyama,75202305070300,12
matsuyama,75202305070300,12
matsuyama,75202305070300,12
matsuyama,75202305160100,7
matsuyama,75202305160100,7
matsuyama,75202305160100,7
matsuyama,75202305160200,7
matsuyama,75202305160200,7
matsuyama,75202305160200,7
matsuyama,75202305160300,7
matsuyama,75202305160300,7
matsuyama,75202305160300,7
matsuyama,75202305230100,7
matsuyama,75202305230100,7
matsuyama,75202305230100,7
matsuyama,75202305230200,7
matsuyama,75202305230200,7
matsuyama,75202305230200,7
matsuyama,75202305230300,7
matsuyama,75202305230300,7
matsuyama,75202305230300,7
matsuyama,75202312100100,12
matsuyama,75202312100100,12
matsuyama,75202312100100,12
matsuyama,75202312100200,12
matsuyama,75202312100200,12
matsuyama,75202312100200,12
matsuyama,75202312100300,12
matsuyama,75202312100300,12
matsuyama,75202312100300,12
matsuyama,75202312160100,12
matsuyama,75202312160100,12
matsuyama,75202312160100,12
matsuyama,75202312160200,12
matsuyama,75202312160200,12
matsuyama,75202312160200,12
matsuyama,75202312160300,12
matsuyama,75202312160300,12
matsuyama,75202312160300,12
matsuyama,75202312260100,9
matsuyama,75202312260100,9
matsuyama,75202312260100,9
matsuyama,75202312260200,9
matsuyama,75202312260200,9
matsuyama,75202312260200,9
matsuyama,75202312260300,9
matsuyama,75202312260300,9
matsuyama,75202312260300,9
matsuyama,75202401080100,12
matsuyama,75202401080100,12
matsuyama,75202401080100,12
matsuyama,75202401080200,12
matsuyama,75202401080200,12
matsuyama,75202401080200,12
matsuyama,75202401080300,12
matsuyama,75202401080300,12
matsuyama,75202401080300,12
matsuyama,75202401220100,9
matsuyama,75202401220100,9
matsuyama,75202401220100,9
matsuyama,75202401220200,9
matsuyama,75202401220200,9
matsuyama,75202401220200,9
matsuyama,75202401220300,9
matsuyama,75202401220300,9
matsuyama,75202401220300,9
matsuyama,75202402030100,12
matsuyama,75202402030100,12
matsuyama,75202402030100,12
matsuyama,75202402030200,12
matsuyama,75202402030200,12
matsuyama,75202402030200,12
matsuyama,75202402030300,12
matsuyama,75202402030300,12
matsuyama,75202402030300,12
matsuyama,75202402090100,9
matsuyama,75202402090100,9
matsuyama,75202402090100,9
matsuyama,75202402090200,9
matsuyama,75202402090200,9
matsuyama,75202402090200,9
matsuyama,75202402090300,9
matsuyama,75202402090300,9
matsuyama,75202402090300,9
matsuyama,75202402230100,12
matsuyama,75202402230100,12
matsuyama,75202402230100,12
matsuyama,75202402230200,12
matsuyama,75202402230200,12
matsuyama,75202402230200,12
matsuyama,75202402230300,12
matsuyama,75202402230300,12
matsuyama,75202402230300,12
matsuyama,75202403070100,12
matsuyama,75202403070100,12
matsuyama,75202403070100,12
matsuyama,75202403070100,12
matsuyama,75202403070200,12
matsuyama,75202403070200,12
matsuyama,75202403070200,12
matsuyama,75202403070200,12
matsuyama,75202403070300,12
matsuyama,75202403070300,12
matsuyama,75202403070300,12
matsuyama,75202403070300,12
matsuyama,75202403070400,12
matsuyama,75202403070400,12
matsuyama,75202403070400,12
matsuyama,75202403070400,12
matsuyama,75202403200100,9
matsuyama,75202403200100,9
matsuyama,75202403200100,9
matsuyama,75202403200200,9
matsuyama,75202403200200,9
matsuyama,75202403200200,9
matsuyama,75202403200300,9
matsuyama,75202403200300,9
matsuyama,75202403200300,9
matsuyama,75202403290100,12
matsuyama,75202403290100,12
matsuyama,75202403290100,12
matsuyama,75202403290200,12
matsuyama,75202403290200,12
matsuyama,75202403290200,12
matsuyama,75202403290300,12
matsuyama,75202403290300,12
matsuyama,75202403290300,12
matsuyama,75202404060100,7
matsuyama,75202404060100,7
matsuyama,75202404060100,7
matsuyama,75202404060200,7
matsuyama,75202404060200,7
matsuyama,75202404060200,7
matsuyama,75202404060300,7
matsuyama,75202404060300,7
matsuyama,75202404060300,7
matsuyama,75202404170100,12
matsuyama,75202404170100,12
matsuyama,75202404170100,12
matsuyama,75202404170200,12
matsuyama,75202404170200,12
matsuyama,75202404170200,12
matsuyama,75202404170300,12
matsuyama,75202404170300,12
matsuyama,75202404170300,12
matsuyama,75202405080100,9
matsuyama,75202405080100,9
matsuyama,75202405080100,9
matsuyama,75202405080200,9
matsuyama,75202405080200,9
matsuyama,75202405080200,9
matsuyama,75202405080300,9
matsuyama,75202405080300,9
matsuyama,75202405080300,9
matsuyama,75202405220100,12
matsuyama,75202405220100,12
matsuyama,75202405220100,12
matsuyama,75202405220200,12
matsuyama,75202405220200,12
matsuyama,75202405220200,12
matsuyama,75202405220300,12
matsuyama,75202405220300,12
matsuyama,75202405220300,12
matsuyama,75202405310100,12
matsuyama,75202405310100,12
matsuyama,75202405310100,12
matsuyama,75202405310200,12
matsuyama,75202405310200,12
matsuyama,75202405310200,12
matsuyama,75202405310300,12
matsuyama,75202405310300,12
matsuyama,75202405310300,12
matsuyama,75202406070100,9
matsuyama,75202406070100,9
matsuyama,75202406070100,9
matsuyama,75202406070200,9
matsuyama,75202406070200,9
matsuyama,75202406070200,9
matsuyama,75202406070300,9
matsuyama,75202406070300,9
matsuyama,75202406070300,9
matsuyama,75202406150100,7
matsuyama,75202406150100,7
matsuyama,75202406150100,7
matsuyama,75202406150200,7
matsuyama,75202406150200,7
matsuyama,75202406150200,7
matsuyama,75202406150300,7
matsuyama,75202406150300,7
matsuyama,75202406150300,7
matsuyama,75202406280100,7
matsuyama,75202406280100,7
matsuyama,75202406280100,7
matsuyama,75202406280200,7
matsuyama,75202406280200,7
matsuyama,75202406280200,7
matsuyama,75202406280300,7
matsuyama,75202406280300,7
matsuyama,75202406280300,7
matsuyama,75202407310100,7
matsuyama,75202407310100,7
matsuyama,75202407310100,7
matsuyama,75202407310200,7
matsuyama,75202407310200,7
matsuyama,75202407310200,7
matsuyama,75202407310300,7
matsuyama,75202407310300,7
matsuyama,75202407310300,7
matsuyama,75202408080100,12
matsuyama,75202408080100,12
matsuyama,75202408080100,12
matsuyama,75202408080100,12
matsuyama,75202408080200,12
matsuyama,75202408080200,12
matsuyama,75202408080200,12
matsuyama,75202408080200,12
matsuyama,75202408080300,12
matsuyama,75202408080300,12
matsuyama,75202408080300,12
matsuyama,75202408080300,12
matsuyama,75202408080400,12
matsuyama,75202408080400,12
matsuyama,75202408080400,12
matsuyama,75202408080400,12
matsuyama,75202409010100,12
matsuyama,75202409010100,12
matsuyama,75202409010100,12
matsuyama,75202409010200,12
matsuyama,75202409010200,12
matsuyama,75202409010200,12
matsuyama,75202409010300,12
matsuyama,75202409010300,12
matsuyama,75202409010300,12
matsuyama,75202409200100,12
matsuyama,75202409200100,12
matsuyama,75202409200100,12
matsuyama,75202409200200,12
matsuyama,75202409200200,12
matsuyama,75202409200200,12
matsuyama,75202409200300,12
matsuyama,75202409200300,12
matsuyama,75202409200300,12
matsuyama,75202409300100,7
matsuyama,75202409300100,7
matsuyama,75202409300100,7
matsuyama,75202409300200,7
matsuyama,75202409300200,7
matsuyama,75202409300200,7
matsuyama,75202409300300,7
matsuyama,75202409300300,7
matsuyama,75202409300300,7
matsuyama,75202410120100,9
matsuyama,75202410120100,9
matsuyama,75202410120100,9
matsuyama,75202410120200,9
matsuyama,75202410120200,9
matsuyama,75202410120200,9
matsuyama,75202410120300,9
matsuyama,75202410120300,9
matsuyama,75202410120300,9
matsuyama,75202410180100,12
matsuyama,75202410180100,12
matsuyama,75202410180100,12
matsuyama,75202410180200,12
matsuyama,75202410180200,12
matsuyama,75202410180200,12
matsuyama,75202410180300,12
matsuyama,75202410180300,12
matsuyama,75202410180300,12
matsuyama,75202410240100,7
matsuyama,75202410240100,7
matsuyama,75202410240100,7
matsuyama,75202410240200,7
matsuyama,75202410240200,7
matsuyama,75202410240200,7
matsuyama,75202410240300,7
matsuyama,75202410240300,7
matsuyama,75202410240300,7
matsuyama,75202411270100,9
matsuyama,75202411270100,9
matsuyama,75202411270100,9
matsuyama,75202411270200,9
matsuyama,75202411270200,9
matsuyama,75202411270200,9
matsuyama,75202411270300,9
matsuyama,75202411270300,9
matsuyama,75202411270300,9
matsuyama,75202412050100,12
matsuyama,75202412050100,12
matsuyama,75202412050100,12
matsuyama,75202412050100,12
matsuyama,75202412050200,12
matsuyama,75202412050200,12
matsuyama,75202412050200,12
matsuyama,75202412050200,12
matsuyama,75202412050300,12
matsuyama,75202412050300,12
matsuyama,75202412050300,12
matsuyama,75202412050300,12
matsuyama,75202412050400,12
matsuyama,75202412050400,12
matsuyama,75202412050400,12
matsuyama,75202412050400,12
matsuyama,75202412190100,12
matsuyama,75202412190100,12
matsuyama,75202412190100,12
matsuyama,75202412190200,12
matsuyama,75202412190200,12
matsuyama,75202412190200,12
matsuyama,75202412190300,12
matsuyama,75202412190300,12
matsuyama,75202412190300,12
matsuyama,75202412310100,12
matsuyama,75202412310100,12
matsuyama,75202412310100,12
matsuyama,75202412310200,11
matsuyama,75202412310200,11
matsuyama,75202412310200,11
matsuyama,75202412310300,11
matsuyama,75202412310300,11
matsuyama,75202412310300,11
matsuyama,75202501130100,12
matsuyama,75202501130100,12
matsuyama,75202501130100,12
matsuyama,75202501130200,12
matsuyama,75202501130200,12
matsuyama,75202501130200,12
matsuyama,75202501130300,12
matsuyama,75202501130300,12
matsuyama,75202501130300,12
matsuyama,75202501220100,12
matsuyama,75202501220100,12
matsuyama,75202501220100,12
matsuyama,75202501220200,12
matsuyama,75202501220200,12
matsuyama,75202501220200,12
matsuyama,75202501220300,12
matsuyama,75202501220300,12
matsuyama,75202501220300,12
matsuyama,75202502100100,12
matsuyama,75202502100100,12
matsuyama,75202502100100,12
matsuyama,75202502100200,12
matsuyama,75202502100200,12
matsuyama,75202502100200,12
matsuyama,75202502100300,12
matsuyama,75202502100300,12
matsuyama,75202502100300,12
matsuyama,75202602270100,12
matsuyama,75202602270100,12
matsuyama,75202602270100,12
matsuyama,75202602270200,12
matsuyama,75202602270200,12
matsuyama,75202602270200,12
matsuyama,75202602270300,12
matsuyama,75202602270300,12
matsuyama,75202602270300,12
matsuyama,75202603050100,12
matsuyama,75202603050100,12
matsuyama,75202603050100,12
matsuyama,75202603050100,12
matsuyama,75202603050200,12
matsuyama,75202603050200,12
matsuyama,75202603050200,12
matsuyama,75202603050200,12
matsuyama,75202603050300,12
matsuyama,75202603050300,12
matsuyama,75202603050300,12
matsuyama,75202603050300,12
matsuyama,75202603050400,12
matsuyama,75202603050400,12
matsuyama,75202603050400,12
matsuyama,75202603050400,12
matsuyama,75202603130100,9
matsuyama,75202603130100,9
matsuyama,75202603130100,9
matsuyama,75202603130200,9
matsuyama,75202603130200,9
matsuyama,75202603130200,9
matsuyama,75202603130300,9
matsuyama,75202603130300,9
matsuyama,75202603130300,9
matsuyama,75202604200100,12
matsuyama,75202604200100,12
matsuyama,75202604200100,12
matsuyama,75202604200200,12
matsuyama,75202604200200,12
matsuyama,75202604200200,12
matsuyama,75202604200300,12
matsuyama,75202604200300,12
matsuyama,75202604200300,12
matsuyama,75202605010100,7
matsuyama,75202605010100,7
matsuyama,75202605010100,7
matsuyama,75202605010200,7
matsuyama,75202605010200,7
matsuyama,75202605010200,7
matsuyama,75202605010300,7
matsuyama,75202605010300,7
matsuyama,75202605010300,7
matsuyama,75202605080100,11
matsuyama,75202605080100,11
matsuyama,75202605080100,11
matsuyama,75202605080200,11
matsuyama,75202605080200,11
matsuyama,75202605080200,11
matsuyama,75202605080300,11
matsuyama,75202605080300,11
matsuyama,75202605080300,11
matsuyama,75202605200100,12
matsuyama,75202605200100,12
matsuyama,75202605200100,12
matsuyama,75202605200200,12
matsuyama,75202605200200,12
matsuyama,75202605200200,12
matsuyama,75202605200300,12
matsuyama,75202605200300,12
matsuyama,75202605200300,12
matsuyama,75202605260100,7
matsuyama,75202605260100,7
matsuyama,75202605260100,7
matsuyama,75202605260200,7
matsuyama,75202605260200,7
matsuyama,75202605260200,7
matsuyama,75202605260300,7
matsuyama,75202605260300,7
matsuyama,75202605260300,7
matsuyama,75202606190100,7
matsuyama,75202606190100,7
matsuyama,75202606190100,7
matsuyama,75202606190200,7
matsuyama,75202606190200,7
matsuyama,75202606190200,7
matsuyama,75202606190300,7
matsuyama,75202606190300,7
matsuyama,75202606190300,7
kokura,81202301050100,9
kokura,81202301050100,9
kokura,81202301050100,9
kokura,81202301050200,9
kokura,81202301050200,9
kokura,81202301050200,9
kokura,81202301050300,9
kokura,81202301050300,9
kokura,81202301050300,9
kokura,81202301090100,12
kokura,81202301090100,12
kokura,81202301090100,12
kokura,81202301090200,12
kokura,81202301090200,12
kokura,81202301090200,12
kokura,81202301090300,12
kokura,81202301090300,12
kokura,81202301090300,12
kokura,81202301140100,9
kokura,81202301140100,9
kokura,81202301140100,9
kokura,81202301140200,9
kokura,81202301140200,9
kokura,81202301140200,9
kokura,81202301140300,9
kokura,81202301140300,9
kokura,81202301140300,9
kokura,81202301200100,12
kokura,81202301200100,12
kokura,81202301200100,12
kokura,81202301200200,12
kokura,81202301200200,12
kokura,81202301200200,12
kokura,81202301200300,12
kokura,81202301200300,12
kokura,81202301200300,12
kokura,81202301260100,9
kokura,81202301260100,9
kokura,81202301260100,9
kokura,81202301260200,9
kokura,81202301260200,9
kokura,81202301260200,9
kokura,81202301260300,9
kokura,81202301260300,9
kokura,81202301260300,9
kokura,81202301310100,12
kokura,81202301310100,12
kokura,81202301310100,12
kokura,81202301310200,12
kokura,81202301310200,12
kokura,81202301310200,12
kokura,81202301310300,12
kokura,81202301310300,12
kokura,81202301310300,12
kokura,81202302050100,9
kokura,81202302050100,9
kokura,81202302050100,9
kokura,81202302050200,9
kokura,81202302050200,9
kokura,81202302050200,9
kokura,81202302050300,9
kokura,81202302050300,9
kokura,81202302050300,9
kokura,81202302120100,12
kokura,81202302120100,12
kokura,81202302120100,12
kokura,81202302120200,12
kokura,81202302120200,12
kokura,81202302120200,12
kokura,81202302120300,12
kokura,81202302120300,12
kokura,81202302120300,12
kokura,81202302180100,9
kokura,81202302180100,9
kokura,81202302180100,9
kokura,81202302180200,9
kokura,81202302180200,9
kokura,81202302180200,9
kokura,81202302180300,9
kokura,81202302180300,9
kokura,81202302180300,9
kokura,81202302270100,9
kokura,81202302270100,9
kokura,81202302270100,9
kokura,81202302270200,9
kokura,81202302270200,9
kokura,81202302270200,9
kokura,81202302270300,9
kokura,81202302270300,9
kokura,81202302270300,9
kokura,81202303060100,12
kokura,81202303060100,12
kokura,81202303060100,12
kokura,81202303060200,12
kokura,81202303060200,12
kokura,81202303060200,12
kokura,81202303060300,12
kokura,81202303060300,12
kokura,81202303060300,12
kokura,81202303140100,9
kokura,81202303140100,9
kokura,81202303140100,9
kokura,81202303140200,9
kokura,81202303140200,9
kokura,81202303140200,9
kokura,81202303140300,9
kokura,81202303140300,9
kokura,81202303140300,9
kokura,81202303190100,12
kokura,81202303190100,12
kokura,81202303190100,12
kokura,81202303190200,12
kokura,81202303190200,12
kokura,81202303190200,12
kokura,81202303190300,12
kokura,81202303190300,12
kokura,81202303190300,12
kokura,81202303230100,9
kokura,81202303230100,9
kokura,81202303230100,9
kokura,81202303230200,9
kokura,81202303230200,9
kokura,81202303230200,9
kokura,81202303230300,9
kokura,81202303230300,9
kokura,81202303230300,9
kokura,81202303290100,9
kokura,81202303290100,9
kokura,81202303290100,9
kokura,81202303290200,9
kokura,81202303290200,9
kokura,81202303290200,9
kokura,81202303290300,9
kokura,81202303290300,9
kokura,81202303290300,9
kokura,81202304100100,9
kokura,81202304100100,9
kokura,81202304100100,9
kokura,81202304100200,9
kokura,81202304100200,9
kokura,81202304100200,9
kokura,81202304100300,9
kokura,81202304100300,9
kokura,81202304100300,9
kokura,81202304170100,12
kokura,81202304170100,12
kokura,81202304170100,12
kokura,81202304170200,12
kokura,81202304170200,12
kokura,81202304170200,12
kokura,81202304170300,12
kokura,81202304170300,12
kokura,81202304170300,12
kokura,81202304220100,9
kokura,81202304220100,9
kokura,81202304220100,9
kokura,81202304220200,9
kokura,81202304220200,9
kokura,81202304220200,9
kokura,81202304220300,9
kokura,81202304220300,9
kokura,81202304220300,9
kokura,81202305040100,12
kokura,81202305040100,12
kokura,81202305040100,12
kokura,81202305040200,12
kokura,81202305040200,12
kokura,81202305040200,12
kokura,81202305040300,12
kokura,81202305040300,12
kokura,81202305040300,12
kokura,81202305130100,12
kokura,81202305130100,12
kokura,81202305130100,12
kokura,81202305130200,12
kokura,81202305130200,12
kokura,81202305130200,12
kokura,81202305130300,12
kokura,81202305130300,12
kokura,81202305130300,12
kokura,81202305200100,9
kokura,81202305200100,9
kokura,81202305200100,9
kokura,81202305200200,9
kokura,81202305200200,9
kokura,81202305200200,9
kokura,81202305200300,9
kokura,81202305200300,9
kokura,81202305200300,9
kokura,81202305260100,9
kokura,81202305260100,9
kokura,81202305260100,9
kokura,81202305260200,9
kokura,81202305260200,9
kokura,81202305260200,9
kokura,81202305260300,9
kokura,81202305260300,9
kokura,81202305260300,9
kokura,81202306080100,12
kokura,81202306080100,12
kokura,81202306080100,12
kokura,81202306080200,12
kokura,81202306080200,12
kokura,81202306080200,12
kokura,81202306080300,12
kokura,81202306080300,12
kokura,81202306080300,12
kokura,81202306190100,12
kokura,81202306190100,12
kokura,81202306190100,12
kokura,81202306190200,12
kokura,81202306190200,12
kokura,81202306190200,12
kokura,81202306190300,12
kokura,81202306190300,12
kokura,81202306190300,12
kokura,81202306280100,9
kokura,81202306280100,9
kokura,81202306280100,9
kokura,81202306280200,9
kokura,81202306280200,9
kokura,81202306280200,9
kokura,81202306280300,9
kokura,81202306280300,9
kokura,81202306280300,9
kokura,81202307230100,12
kokura,81202307230100,12
kokura,81202307230100,12
kokura,81202307230200,12
kokura,81202307230200,12
kokura,81202307230200,12
kokura,81202307230300,12
kokura,81202307230300,12
kokura,81202307230300,12
kokura,81202307290100,9
kokura,81202307290100,9
kokura,81202307290100,9
kokura,81202307290200,9
kokura,81202307290200,9
kokura,81202307290200,9
kokura,81202307290300,9
kokura,81202307290300,9
kokura,81202307290300,9
kokura,81202308050100,12
kokura,81202308050100,12
kokura,81202308050100,12
kokura,81202308050200,12
kokura,81202308050200,12
kokura,81202308050200,12
kokura,81202308050300,12
kokura,81202308050300,12
kokura,81202308050300,12
kokura,81202308150100,9
kokura,81202308150100,9
kokura,81202308150100,9
kokura,81202308150200,9
kokura,81202308150200,9
kokura,81202308150200,9
kokura,81202308150300,9
kokura,81202308150300,9
kokura,81202308150300,9
kokura,81202308240100,7
kokura,81202308240100,7
kokura,81202308240100,7
kokura,81202308240200,7
kokura,81202308240200,7
kokura,81202308240200,7
kokura,81202308240300,7
kokura,81202308240300,7
kokura,81202308240300,7
kokura,81202310170100,9
kokura,81202310170100,9
kokura,81202310170100,9
kokura,81202310170200,9
kokura,81202310170200,9
kokura,81202310170200,9
kokura,81202310170300,9
kokura,81202310170300,9
kokura,81202310170300,9
kokura,81202311010100,7
kokura,81202311010100,7
kokura,81202311010100,7
kokura,81202311010200,7
kokura,81202311010200,7
kokura,81202311010200,7
kokura,81202311010300,7
kokura,81202311010300,7
kokura,81202311010300,7
kokura,81202311110100,9
kokura,81202311110100,9
kokura,81202311110100,9
kokura,81202311110200,9
kokura,81202311110200,9
kokura,81202311110200,9
kokura,81202311110300,9
kokura,81202311110300,9
kokura,81202311110300,9
kokura,81202311210100,12
kokura,81202311210100,12
kokura,81202311210100,12
kokura,81202311210100,12
kokura,81202311210100,12
kokura,81202311210100,12
kokura,81202311210200,12
kokura,81202311210200,12
kokura,81202311210200,12
kokura,81202311210200,12
kokura,81202311210200,12
kokura,81202311210200,12
kokura,81202311210300,12
kokura,81202311210300,12
kokura,81202311210300,12
kokura,81202311210300,12
kokura,81202311210300,12
kokura,81202311210300,12
kokura,81202311210400,12
kokura,81202311210400,12
kokura,81202311210400,12
kokura,81202311210400,12
kokura,81202311210400,12
kokura,81202311210400,12
kokura,81202311210500,12
kokura,81202311210500,12
kokura,81202311210500,12
kokura,81202311210500,12
kokura,81202311210500,12
kokura,81202311210500,12
kokura,81202311210600,12
kokura,81202311210600,12
kokura,81202311210600,12
kokura,81202311210600,12
kokura,81202311210600,12
kokura,81202311210600,12
kokura,81202311290100,7
kokura,81202311290100,7
kokura,81202311290100,7
kokura,81202311290200,7
kokura,81202311290200,7
kokura,81202311290200,7
kokura,81202311290300,7
kokura,81202311290300,7
kokura,81202311290300,7
kokura,81202312050100,9
kokura,81202312050100,9
kokura,81202312050100,9
kokura,81202312050200,9
kokura,81202312050200,9
kokura,81202312050200,9
kokura,81202312050300,9
kokura,81202312050300,9
kokura,81202312050300,9
kokura,81202312210100,12
kokura,81202312210100,12
kokura,81202312210100,12
kokura,81202312210200,12
kokura,81202312210200,12
kokura,81202312210200,12
kokura,81202312210300,12
kokura,81202312210300,12
kokura,81202312210300,12
kokura,81202312290100,9
kokura,81202312290100,9
kokura,81202312290100,9
kokura,81202312290200,9
kokura,81202312290200,9
kokura,81202312290200,9
kokura,81202312290300,9
kokura,81202312290300,9
kokura,81202312290300,9
kokura,81202401040100,9
kokura,81202401040100,9
kokura,81202401040100,9
kokura,81202401040200,9
kokura,81202401040200,9
kokura,81202401040200,9
kokura,81202401040300,8
kokura,81202401040300,8
kokura,81202401040300,8
kokura,81202401130100,12
kokura,81202401130100,12
kokura,81202401130100,12
kokura,81202401130200,12
kokura,81202401130200,12
kokura,81202401130200,12
kokura,81202401130300,12
kokura,81202401130300,12
kokura,81202401130300,12
kokura,81202401210100,12
kokura,81202401210100,12
kokura,81202401210100,12
kokura,81202401210200,12
kokura,81202401210200,12
kokura,81202401210200,12
kokura,81202401210300,12
kokura,81202401210300,12
kokura,81202401210300,12
kokura,81202401310100,12
kokura,81202401310100,12
kokura,81202401310100,12
kokura,81202401310200,12
kokura,81202401310200,12
kokura,81202401310200,12
kokura,81202401310300,12
kokura,81202401310300,12
kokura,81202401310300,12
kokura,81202402060100,9
kokura,81202402060100,9
kokura,81202402060100,9
kokura,81202402060200,9
kokura,81202402060200,9
kokura,81202402060200,9
kokura,81202402060300,9
kokura,81202402060300,9
kokura,81202402060300,9
kokura,81202402110100,12
kokura,81202402110100,12
kokura,81202402110100,12
kokura,81202402110200,12
kokura,81202402110200,12
kokura,81202402110200,12
kokura,81202402110300,12
kokura,81202402110300,12
kokura,81202402110300,12
kokura,81202402190100,9
kokura,81202402190100,9
kokura,81202402190100,9
kokura,81202402190200,9
kokura,81202402190200,9
kokura,81202402190200,9
kokura,81202402190300,9
kokura,81202402190300,9
kokura,81202402190300,9
kokura,81202402250100,7
kokura,81202402250100,7
kokura,81202402250100,7
kokura,81202402250200,7
kokura,81202402250200,7
kokura,81202402250200,7
kokura,81202402250300,7
kokura,81202402250300,7
kokura,81202402250300,7
kokura,81202403020100,12
kokura,81202403020100,12
kokura,81202403020100,12
kokura,81202403020200,12
kokura,81202403020200,12
kokura,81202403020200,12
kokura,81202403020300,12
kokura,81202403020300,12
kokura,81202403020300,12
kokura,81202403060100,12
kokura,81202403060100,12
kokura,81202403060100,12
kokura,81202403060200,12
kokura,81202403060200,12
kokura,81202403060200,12
kokura,81202403060300,12
kokura,81202403060300,12
kokura,81202403060300,12
kokura,81202403110100,9
kokura,81202403110100,9
kokura,81202403110100,9
kokura,81202403110200,9
kokura,81202403110200,9
kokura,81202403110200,9
kokura,81202403110300,9
kokura,81202403110300,9
kokura,81202403110300,9
kokura,81202403180100,12
kokura,81202403180100,12
kokura,81202403180100,12
kokura,81202403180200,12
kokura,81202403180200,12
kokura,81202403180200,12
kokura,81202403180300,12
kokura,81202403180300,12
kokura,81202403180300,12
kokura,81202403230100,7
kokura,81202403230100,7
kokura,81202403230100,7
kokura,81202403230200,7
kokura,81202403230200,7
kokura,81202403230200,7
kokura,81202403230300,7
kokura,81202403230300,7
kokura,81202403230300,7
kokura,81202404010100,12
kokura,81202404010100,12
kokura,81202404010100,12
kokura,81202404010200,12
kokura,81202404010200,12
kokura,81202404010200,12
kokura,81202404010300,12
kokura,81202404010300,12
kokura,81202404010300,12
kokura,81202404100100,9
kokura,81202404100100,9
kokura,81202404100100,9
kokura,81202404100200,9
kokura,81202404100200,9
kokura,81202404100200,9
kokura,81202404100300,9
kokura,81202404100300,9
kokura,81202404100300,9
kokura,81202404250100,7
kokura,81202404250100,7
kokura,81202404250100,7
kokura,81202404250200,7
kokura,81202404250200,7
kokura,81202404250200,7
kokura,81202404250300,7
kokura,81202404250300,7
kokura,81202404250300,7
kokura,81202405060100,12
kokura,81202405060100,12
kokura,81202405060100,12
kokura,81202405060200,12
kokura,81202405060200,12
kokura,81202405060200,12
kokura,81202405060300,12
kokura,81202405060300,12
kokura,81202405060300,12
kokura,81202405230100,7
kokura,81202405230100,7
kokura,81202405230100,7
kokura,81202405230200,7
kokura,81202405230200,7
kokura,81202405230200,7
kokura,81202405230300,7
kokura,81202405230300,7
kokura,81202405230300,7
kokura,81202405290100,9
kokura,81202405290100,9
kokura,81202405290100,9
kokura,81202405290200,9
kokura,81202405290200,9
kokura,81202405290200,9
kokura,81202405290300,9
kokura,81202405290300,9
kokura,81202405290300,9
kokura,81202406030100,12
kokura,81202406030100,12
kokura,81202406030100,12
kokura,81202406030200,12
kokura,81202406030200,12
kokura,81202406030200,12
kokura,81202406030300,11
kokura,81202406030300,11
kokura,81202406030300,11
kokura,81202406160100,7
kokura,81202406160100,7
kokura,81202406160100,7
kokura,81202406160200,6
kokura,81202406160200,6
kokura,81202406160200,6
kokura,81202406160300,6
kokura,81202406160300,6
kokura,81202406160300,6
kokura,81202406220100,9
kokura,81202406220100,9
kokura,81202406220100,9
kokura,81202406220200,9
kokura,81202406220200,9
kokura,81202406220200,9
kokura,81202406220300,9
kokura,81202406220300,9
kokura,81202406220300,9
kokura,81202406260100,12
kokura,81202406260100,12
kokura,81202406260100,12
kokura,81202406260200,12
kokura,81202406260200,12
kokura,81202406260200,12
kokura,81202406260300,12
kokura,81202406260300,12
kokura,81202406260300,12
kokura,81202407010100,7
kokura,81202407010100,7
kokura,81202407010100,7
kokura,81202407010200,7
kokura,81202407010200,7
kokura,81202407010200,7
kokura,81202407010300,7
kokura,81202407010300,7
kokura,81202407010300,7
kokura,81202407050100,12
kokura,81202407050100,12
kokura,81202407050100,12
kokura,81202407050200,12
kokura,81202407050200,12
kokura,81202407050200,12
kokura,81202407050300,12
kokura,81202407050300,12
kokura,81202407050300,12
kokura,81202410080100,12
kokura,81202410080100,12
kokura,81202410080100,12
kokura,81202410080200,12
kokura,81202410080200,12
kokura,81202410080200,12
kokura,81202410080300,12
kokura,81202410080300,12
kokura,81202410080300,12
kokura,81202411020100,7
kokura,81202411020100,7
kokura,81202411020100,7
kokura,81202411020200,7
kokura,81202411020200,7
kokura,81202411020200,7
kokura,81202411020300,7
kokura,81202411020300,7
kokura,81202411020300,7
kokura,81202411190100,12
kokura,81202411190100,12
kokura,81202411190100,12
kokura,81202411190100,12
kokura,81202411190100,12
kokura,81202411190100,12
kokura,81202411190200,12
kokura,81202411190200,12
kokura,81202411190200,12
kokura,81202411190200,12
kokura,81202411190200,12
kokura,81202411190200,12
kokura,81202411190300,12
kokura,81202411190300,12
kokura,81202411190300,12
kokura,81202411190300,12
kokura,81202411190300,12
kokura,81202411190300,12
kokura,81202411190400,12
kokura,81202411190400,12
kokura,81202411190400,12
kokura,81202411190400,12
kokura,81202411190400,12
kokura,81202411190400,12
kokura,81202411190500,12
kokura,81202411190500,12
kokura,81202411190500,12
kokura,81202411190500,12
kokura,81202411190500,12
kokura,81202411190500,12
kokura,81202411190600,12
kokura,81202411190600,12
kokura,81202411190600,12
kokura,81202411190600,12
kokura,81202411190600,12
kokura,81202411190600,12
kokura,81202411300100,7
kokura,81202411300100,7
kokura,81202411300100,7
kokura,81202411300200,7
kokura,81202411300200,7
kokura,81202411300200,7
kokura,81202411300300,7
kokura,81202411300300,7
kokura,81202411300300,7
kokura,81202412090100,7
kokura,81202412090100,7
kokura,81202412090100,7
kokura,81202412090200,7
kokura,81202412090200,7
kokura,81202412090200,7
kokura,81202412090300,7
kokura,81202412090300,7
kokura,81202412090300,7
kokura,81202412130100,12
kokura,81202412130100,12
kokura,81202412130100,12
kokura,81202412130200,12
kokura,81202412130200,12
kokura,81202412130200,12
kokura,81202412130300,12
kokura,81202412130300,12
kokura,81202412130300,12
kokura,81202412270100,12
kokura,81202412270100,12
kokura,81202412270100,12
kokura,81202412270200,12
kokura,81202412270200,12
kokura,81202412270200,12
kokura,81202412270300,12
kokura,81202412270300,12
kokura,81202412270300,12
kokura,81202501050100,7
kokura,81202501050100,7
kokura,81202501050100,7
kokura,81202501050200,7
kokura,81202501050200,7
kokura,81202501050200,7
kokura,81202501050300,7
kokura,81202501050300,7
kokura,81202501050300,7
kokura,81202501110100,12
kokura,81202501110100,12
kokura,81202501110100,12
kokura,81202501110200,12
kokura,81202501110200,12
kokura,81202501110200,12
kokura,81202501110300,12
kokura,81202501110300,12
kokura,81202501110300,12
kokura,81202501260100,9
kokura,81202501260100,9
kokura,81202501260100,9
kokura,81202501260200,9
kokura,81202501260200,9
kokura,81202501260200,9
kokura,81202501260300,9
kokura,81202501260300,9
kokura,81202501260300,9
kokura,81202501310100,12
kokura,81202501310100,12
kokura,81202501310100,12
kokura,81202501310200,12
kokura,81202501310200,12
kokura,81202501310200,12
kokura,81202501310300,12
kokura,81202501310300,12
kokura,81202501310300,12
kokura,81202502040100,12
kokura,81202502040100,12
kokura,81202502040100,12
kokura,81202502040200,12
kokura,81202502040200,12
kokura,81202502040200,12
kokura,81202502040300,12
kokura,81202502040300,12
kokura,81202502040300,12
kokura,81202502110100,9
kokura,81202502110100,9
kokura,81202502110100,9
kokura,81202502110200,9
kokura,81202502110200,9
kokura,81202502110200,9
kokura,81202502110300,9
kokura,81202502110300,9
kokura,81202502110300,9
kokura,81202502190100,12
kokura,81202502190100,12
kokura,81202502190100,12
kokura,81202502190200,12
kokura,81202502190200,12
kokura,81202502190200,12
kokura,81202502190300,12
kokura,81202502190300,12
kokura,81202502190300,12
kokura,81202502230100,7
kokura,81202502230100,7
kokura,81202502230100,7
kokura,81202502230200,7
kokura,81202502230200,7
kokura,81202502230200,7
kokura,81202502230300,7
kokura,81202502230300,7
kokura,81202502230300,7
kokura,81202503040100,12
kokura,81202503040100,12
kokura,81202503040100,12
kokura,81202503040200,12
kokura,81202503040200,12
kokura,81202503040200,12
kokura,81202503040300,12
kokura,81202503040300,12
kokura,81202503040300,12
kokura,81202503100100,9
kokura,81202503100100,9
kokura,81202503100100,9
kokura,81202503100200,9
kokura,81202503100200,9
kokura,81202503100200,9
kokura,81202503100300,9
kokura,81202503100300,9
kokura,81202503100300,9
kokura,81202503170100,12
kokura,81202503170100,12
kokura,81202503170100,12
kokura,81202503170200,12
kokura,81202503170200,12
kokura,81202503170200,12
kokura,81202503170300,12
kokura,81202503170300,12
kokura,81202503170300,12
kokura,81202503220100,9
kokura,81202503220100,9
kokura,81202503220100,9
kokura,81202503220200,9
kokura,81202503220200,9
kokura,81202503220200,9
kokura,81202503220300,9
kokura,81202503220300,9
kokura,81202503220300,9
kokura,81202503290100,12
kokura,81202503290100,12
kokura,81202503290100,12
kokura,81202503290200,12
kokura,81202503290200,12
kokura,81202503290200,12
kokura,81202503290300,12
kokura,81202503290300,12
kokura,81202503290300,12
kokura,81202505010100,7
kokura,81202505010100,7
kokura,81202505010100,7
kokura,81202505010200,7
kokura,81202505010200,7
kokura,81202505010200,7
kokura,81202505010300,7
kokura,81202505010300,7
kokura,81202505010300,7
kokura,81202505080100,9
kokura,81202505080100,9
kokura,81202505080100,9
kokura,81202505080200,9
kokura,81202505080200,9
kokura,81202505080200,9
kokura,81202505080300,9
kokura,81202505080300,9
kokura,81202505080300,9
kokura,81202505260100,11
kokura,81202505260100,11
kokura,81202505260100,11
kokura,81202505260200,11
kokura,81202505260200,11
kokura,81202505260200,11
kokura,81202505260300,11
kokura,81202505260300,11
kokura,81202505260300,11
kokura,81202506100100,9
kokura,81202506100100,9
kokura,81202506100100,9
kokura,81202506100200,9
kokura,81202506100200,9
kokura,81202506100200,9
kokura,81202506100300,9
kokura,81202506100300,9
kokura,81202506100300,9
kokura,81202506180100,12
kokura,81202506180100,12
kokura,81202506180100,12
kokura,81202506180200,12
kokura,81202506180200,12
kokura,81202506180200,12
kokura,81202506180300,12
kokura,81202506180300,12
kokura,81202506180300,12
kokura,81202507130100,9
kokura,81202507130100,9
kokura,81202507130100,9
kokura,81202507130200,9
kokura,81202507130200,9
kokura,81202507130200,9
kokura,81202507130300,9
kokura,81202507130300,9
kokura,81202507130300,9
kokura,81202507250100,7
kokura,81202507250100,7
kokura,81202507250100,7
kokura,81202507250200,7
kokura,81202507250200,7
kokura,81202507250200,7
kokura,81202507250300,7
kokura,81202507250300,7
kokura,81202507250300,7
kokura,81202507310100,7
kokura,81202507310100,7
kokura,81202507310100,7
kokura,81202507310200,7
kokura,81202507310200,7
kokura,81202507310200,7
kokura,81202507310300,7
kokura,81202507310300,7
kokura,81202507310300,7
kokura,81202508080100,12
kokura,81202508080100,12
kokura,81202508080100,12
kokura,81202508080100,12
kokura,81202508080200,12
kokura,81202508080200,12
kokura,81202508080200,12
kokura,81202508080200,12
kokura,81202508080300,12
kokura,81202508080300,12
kokura,81202508080300,12
kokura,81202508080300,12
kokura,81202508080400,12
kokura,81202508080400,12
kokura,81202508080400,12
kokura,81202508080400,12
kokura,81202508150100,9
kokura,81202508150100,9
kokura,81202508150100,9
kokura,81202508150200,9
kokura,81202508150200,9
kokura,81202508150200,9
kokura,81202508150300,9
kokura,81202508150300,9
kokura,81202508150300,9
kokura,81202508200100,12
kokura,81202508200100,12
kokura,81202508200100,12
kokura,81202508200200,12
kokura,81202508200200,12
kokura,81202508200200,12
kokura,81202508200300,12
kokura,81202508200300,12
kokura,81202508200300,12
kokura,81202509060100,12
kokura,81202509060100,12
kokura,81202509060100,12
kokura,81202509060200,12
kokura,81202509060200,12
kokura,81202509060200,12
kokura,81202509060300,12
kokura,81202509060300,12
kokura,81202509060300,12
kokura,81202509160100,11
kokura,81202509160100,11
kokura,81202509160100,11
kokura,81202509160200,11
kokura,81202509160200,11
kokura,81202509160200,11
kokura,81202509160300,11
kokura,81202509160300,11
kokura,81202509160300,11
kokura,81202509240100,12
kokura,81202509240100,12
kokura,81202509240100,12
kokura,81202509240200,12
kokura,81202509240200,12
kokura,81202509240200,12
kokura,81202509240300,12
kokura,81202509240300,12
kokura,81202509240300,12
kokura,81202510130100,12
kokura,81202510130100,12
kokura,81202510130100,12
kokura,81202510130200,12
kokura,81202510130200,12
kokura,81202510130200,12
kokura,81202510130300,12
kokura,81202510130300,12
kokura,81202510130300,12
kokura,81202510300100,7
kokura,81202510300100,7
kokura,81202510300100,7
kokura,81202510300200,7
kokura,81202510300200,7
kokura,81202510300200,7
kokura,81202510300300,7
kokura,81202510300300,7
kokura,81202510300300,7
kokura,81202511040100,12
kokura,81202511040100,12
kokura,81202511040100,12
kokura,81202511040200,12
kokura,81202511040200,12
kokura,81202511040200,12
kokura,81202511040300,12
kokura,81202511040300,12
kokura,81202511040300,12
kokura,81202511190100,12
kokura,81202511190100,12
kokura,81202511190100,12
kokura,81202511190100,12
kokura,81202511190100,12
kokura,81202511190100,12
kokura,81202511190200,12
kokura,81202511190200,12
kokura,81202511190200,12
kokura,81202511190200,12
kokura,81202511190200,12
kokura,81202511190200,12
kokura,81202511190300,12
kokura,81202511190300,12
kokura,81202511190300,12
kokura,81202511190300,12
kokura,81202511190300,12
kokura,81202511190300,12
kokura,81202511190400,12
kokura,81202511190400,12
kokura,81202511190400,12
kokura,81202511190400,12
kokura,81202511190400,12
kokura,81202511190400,12
kokura,81202511190500,12
kokura,81202511190500,12
kokura,81202511190500,12
kokura,81202511190500,12
kokura,81202511190500,12
kokura,81202511190500,12
kokura,81202511190600,12
kokura,81202511190600,12
kokura,81202511190600,12
kokura,81202511190600,12
kokura,81202511190600,12
kokura,81202511190600,12
kokura,81202512030100,9
kokura,81202512030100,9
kokura,81202512030100,9
kokura,81202512030200,9
kokura,81202512030200,9
kokura,81202512030200,9
kokura,81202512030300,9
kokura,81202512030300,9
kokura,81202512030300,9
kokura,81202512120100,9
kokura,81202512120100,9
kokura,81202512120100,9
kokura,81202512120200,9
kokura,81202512120200,9
kokura,81202512120200,9
kokura,81202512120300,9
kokura,81202512120300,9
kokura,81202512120300,9
kokura,81202512180100,11
kokura,81202512180100,11
kokura,81202512180100,11
kokura,81202512180200,11
kokura,81202512180200,11
kokura,81202512180200,11
kokura,81202512180300,11
kokura,81202512180300,11
kokura,81202512180300,11
kokura,81202512240100,7
kokura,81202512240100,7
kokura,81202512240100,7
kokura,81202512240200,7
kokura,81202512240200,7
kokura,81202512240200,7
kokura,81202512240300,7
kokura,81202512240300,7
kokura,81202512240300,7
kokura,81202512300100,12
kokura,81202512300100,12
kokura,81202512300100,12
kokura,81202512300200,12
kokura,81202512300200,12
kokura,81202512300200,12
kokura,81202512300300,12
kokura,81202512300300,12
kokura,81202512300300,12
kokura,81202601080100,9
kokura,81202601080100,9
kokura,81202601080100,9
kokura,81202601080200,9
kokura,81202601080200,9
kokura,81202601080200,9
kokura,81202601080300,9
kokura,81202601080300,9
kokura,81202601080300,9
kokura,81202601130100,11
kokura,81202601130100,11
kokura,81202601130100,11
kokura,81202601130200,11
kokura,81202601130200,11
kokura,81202601130200,11
kokura,81202601130300,11
kokura,81202601130300,11
kokura,81202601130300,11
kokura,81202601260100,9
kokura,81202601260100,9
kokura,81202601260100,9
kokura,81202601260200,9
kokura,81202601260200,9
kokura,81202601260200,9
kokura,81202601260300,9
kokura,81202601260300,9
kokura,81202601260300,9
kokura,81202602070100,12
kokura,81202602070100,12
kokura,81202602070100,12
kokura,81202602070200,12
kokura,81202602070200,12
kokura,81202602070200,12
kokura,81202602070300,12
kokura,81202602070300,12
kokura,81202602070300,12
kokura,81202602170100,9
kokura,81202602170100,9
kokura,81202602170100,9
kokura,81202602170200,9
kokura,81202602170200,9
kokura,81202602170200,9
kokura,81202602170300,9
kokura,81202602170300,9
kokura,81202602170300,9
kokura,81202602260100,7
kokura,81202602260100,7
kokura,81202602260100,7
kokura,81202602260200,7
kokura,81202602260200,7
kokura,81202602260200,7
kokura,81202602260300,7
kokura,81202602260300,7
kokura,81202602260300,7
kokura,81202603060100,12
kokura,81202603060100,12
kokura,81202603060100,12
kokura,81202603060200,12
kokura,81202603060200,12
kokura,81202603060200,12
kokura,81202603060300,12
kokura,81202603060300,12
kokura,81202603060300,12
kokura,81202603190100,11
kokura,81202603190100,11
kokura,81202603190100,11
kokura,81202603190200,11
kokura,81202603190200,11
kokura,81202603190200,11
kokura,81202603190300,11
kokura,81202603190300,11
kokura,81202603190300,11
kokura,81202603260100,9
kokura,81202603260100,9
kokura,81202603260100,9
kokura,81202603260200,9
kokura,81202603260200,9
kokura,81202603260200,9
kokura,81202603260300,9
kokura,81202603260300,9
kokura,81202603260300,9
kokura,81202604010100,7
kokura,81202604010100,7
kokura,81202604010100,7
kokura,81202604010200,7
kokura,81202604010200,7
kokura,81202604010200,7
kokura,81202604010300,7
kokura,81202604010300,7
kokura,81202604010300,7
kokura,81202604070100,12
kokura,81202604070100,12
kokura,81202604070100,12
kokura,81202604070200,12
kokura,81202604070200,12
kokura,81202604070200,12
kokura,81202604070300,12
kokura,81202604070300,12
kokura,81202604070300,12
kokura,81202604130100,9
kokura,81202604130100,9
kokura,81202604130100,9
kokura,81202604130200,9
kokura,81202604130200,9
kokura,81202604130200,9
kokura,81202604130300,9
kokura,81202604130300,9
kokura,81202604130300,9
kokura,81202604220100,7
kokura,81202604220100,7
kokura,81202604220100,7
kokura,81202604220200,7
kokura,81202604220200,7
kokura,81202604220200,7
kokura,81202604220300,7
kokura,81202604220300,7
kokura,81202604220300,7
kokura,81202605130100,9
kokura,81202605130100,9
kokura,81202605130100,9
kokura,81202605130200,9
kokura,81202605130200,9
kokura,81202605130200,9
kokura,81202605130300,9
kokura,81202605130300,9
kokura,81202605130300,9
kokura,81202605280100,9
kokura,81202605280100,9
kokura,81202605280100,9
kokura,81202605280200,9
kokura,81202605280200,9
kokura,81202605280200,9
kokura,81202605280300,9
kokura,81202605280300,9
kokura,81202605280300,9
kokura,81202606180100,11
kokura,81202606180100,11
kokura,81202606180100,11
kokura,81202606180200,11
kokura,81202606180200,11
kokura,81202606180200,11
kokura,81202606180300,11
kokura,81202606180300,11
kokura,81202606180300,11
kokura,81202606260100,12
kokura,81202606260200,12
kokura,81202606260300,12
kurume,83202301040100,12
kurume,83202301040100,12
kurume,83202301040100,12
kurume,83202301040200,12
kurume,83202301040200,12
kurume,83202301040200,12
kurume,83202301040300,12
kurume,83202301040300,12
kurume,83202301040300,12
kurume,83202301110100,12
kurume,83202301110100,12
kurume,83202301110100,12
kurume,83202301110200,12
kurume,83202301110200,12
kurume,83202301110200,12
kurume,83202301110300,12
kurume,83202301110300,12
kurume,83202301110300,12
kurume,83202301230100,9
kurume,83202301230100,9
kurume,83202301230100,9
kurume,83202301230100,9
kurume,83202301230200,12
kurume,83202301230200,12
kurume,83202301230200,12
kurume,83202301230200,12
kurume,83202301230201,9
kurume,83202301230201,9
kurume,83202301230201,9
kurume,83202301230201,9
kurume,83202301230400,9
kurume,83202301230400,9
kurume,83202301230400,9
kurume,83202301230400,9
kurume,83202301290100,12
kurume,83202301290100,12
kurume,83202301290100,12
kurume,83202301290200,12
kurume,83202301290200,12
kurume,83202301290200,12
kurume,83202301290300,12
kurume,83202301290300,12
kurume,83202301290300,12
kurume,83202302090100,12
kurume,83202302090100,12
kurume,83202302090100,12
kurume,83202302090200,12
kurume,83202302090200,12
kurume,83202302090200,12
kurume,83202302090300,12
kurume,83202302090300,12
kurume,83202302090300,12
kurume,83202302180100,12
kurume,83202302180100,12
kurume,83202302180100,12
kurume,83202302180200,12
kurume,83202302180200,12
kurume,83202302180200,12
kurume,83202302180300,12
kurume,83202302180300,12
kurume,83202302180300,12
kurume,83202303010100,12
kurume,83202303010100,12
kurume,83202303010100,12
kurume,83202303010200,12
kurume,83202303010200,12
kurume,83202303010200,12
kurume,83202303010300,12
kurume,83202303010300,12
kurume,83202303010300,12
kurume,83202303110100,9
kurume,83202303110100,9
kurume,83202303110100,9
kurume,83202303110200,9
kurume,83202303110200,9
kurume,83202303110200,9
kurume,83202303110300,9
kurume,83202303110300,9
kurume,83202303110300,9
kurume,83202304010100,12
kurume,83202304010100,12
kurume,83202304010100,12
kurume,83202304010200,12
kurume,83202304010200,12
kurume,83202304010200,12
kurume,83202304010300,12
kurume,83202304010300,12
kurume,83202304010300,12
kurume,83202304270100,12
kurume,83202304270100,12
kurume,83202304270100,12
kurume,83202304270100,12
kurume,83202304270200,12
kurume,83202304270200,12
kurume,83202304270200,12
kurume,83202304270200,12
kurume,83202304270300,12
kurume,83202304270300,12
kurume,83202304270300,12
kurume,83202304270300,12
kurume,83202304270400,12
kurume,83202304270400,12
kurume,83202304270400,12
kurume,83202304270400,12
kurume,83202305070100,9
kurume,83202305070100,9
kurume,83202305070100,9
kurume,83202305070200,9
kurume,83202305070200,9
kurume,83202305070200,9
kurume,83202305070300,9
kurume,83202305070300,9
kurume,83202305070300,9
kurume,83202305260100,12
kurume,83202305260100,12
kurume,83202305260100,12
kurume,83202305260200,12
kurume,83202305260200,12
kurume,83202305260200,12
kurume,83202305260300,12
kurume,83202305260300,12
kurume,83202305260300,12
kurume,83202306240100,12
kurume,83202306240100,12
kurume,83202306240100,12
kurume,83202306240100,12
kurume,83202306240200,12
kurume,83202306240200,12
kurume,83202306240200,12
kurume,83202306240200,12
kurume,83202306240300,12
kurume,83202306240300,12
kurume,83202306240300,12
kurume,83202306240300,12
kurume,83202306240400,12
kurume,83202306240400,12
kurume,83202306240400,12
kurume,83202306240400,12
kurume,83202307100100,12
kurume,83202307100100,12
kurume,83202307100100,12
kurume,83202307100200,11
kurume,83202307100200,11
kurume,83202307100200,11
kurume,83202307100300,11
kurume,83202307100300,11
kurume,83202307100300,11
kurume,83202307180100,12
kurume,83202307180100,12
kurume,83202307180100,12
kurume,83202307180200,12
kurume,83202307180200,12
kurume,83202307180200,12
kurume,83202307180300,12
kurume,83202307180300,12
kurume,83202307180300,12
kurume,83202308020100,9
kurume,83202308020100,9
kurume,83202308020100,9
kurume,83202308020200,9
kurume,83202308020200,9
kurume,83202308020200,9
kurume,83202308020300,9
kurume,83202308020300,9
kurume,83202308020300,9
kurume,83202308210100,12
kurume,83202308210100,12
kurume,83202308210100,12
kurume,83202308210200,12
kurume,83202308210200,12
kurume,83202308210200,12
kurume,83202308210300,12
kurume,83202308210300,12
kurume,83202308210300,12
kurume,83202309020100,9
kurume,83202309020100,9
kurume,83202309020100,9
kurume,83202309020200,9
kurume,83202309020200,9
kurume,83202309020200,9
kurume,83202309020300,9
kurume,83202309020300,9
kurume,83202309020300,9
kurume,83202309150100,12
kurume,83202309150100,12
kurume,83202309150100,12
kurume,83202309150200,12
kurume,83202309150200,12
kurume,83202309150200,12
kurume,83202309150300,12
kurume,83202309150300,12
kurume,83202309150300,12
kurume,83202309260100,9
kurume,83202309260100,9
kurume,83202309260100,9
kurume,83202309260200,9
kurume,83202309260200,9
kurume,83202309260200,9
kurume,83202309260300,9
kurume,83202309260300,9
kurume,83202309260300,9
kurume,83202310060100,12
kurume,83202310060100,12
kurume,83202310060100,12
kurume,83202310060100,12
kurume,83202310060200,12
kurume,83202310060200,12
kurume,83202310060200,12
kurume,83202310060200,12
kurume,83202310060300,12
kurume,83202310060300,12
kurume,83202310060300,12
kurume,83202310060300,12
kurume,83202310060400,12
kurume,83202310060400,12
kurume,83202310060400,12
kurume,83202310060400,12
kurume,83202310230100,7
kurume,83202310230100,7
kurume,83202310230100,7
kurume,83202310230200,7
kurume,83202310230200,7
kurume,83202310230200,7
kurume,83202310230300,7
kurume,83202310230300,7
kurume,83202310230300,7
kurume,83202310290100,9
kurume,83202310290100,9
kurume,83202310290100,9
kurume,83202310290200,9
kurume,83202310290200,9
kurume,83202310290200,9
kurume,83202310290300,9
kurume,83202310290300,9
kurume,83202310290300,9
kurume,83202311290100,12
kurume,83202311290100,12
kurume,83202311290100,12
kurume,83202311290200,12
kurume,83202311290200,12
kurume,83202311290200,12
kurume,83202311290300,12
kurume,83202311290300,12
kurume,83202311290300,12
kurume,83202312110100,12
kurume,83202312110100,12
kurume,83202312110100,12
kurume,83202312110200,12
kurume,83202312110200,12
kurume,83202312110200,12
kurume,83202312110300,12
kurume,83202312110300,12
kurume,83202312110300,12
kurume,83202312190100,12
kurume,83202312190100,12
kurume,83202312190100,12
kurume,83202312190200,12
kurume,83202312190200,12
kurume,83202312190200,12
kurume,83202312190300,12
kurume,83202312190300,12
kurume,83202312190300,12
kurume,83202312240100,12
kurume,83202312240100,12
kurume,83202312240100,12
kurume,83202312240200,12
kurume,83202312240200,12
kurume,83202312240200,12
kurume,83202312240300,12
kurume,83202312240300,12
kurume,83202312240300,12
kurume,83202312310100,12
kurume,83202312310100,12
kurume,83202312310100,12
kurume,83202312310200,12
kurume,83202312310200,12
kurume,83202312310200,12
kurume,83202312310300,12
kurume,83202312310300,12
kurume,83202312310300,12
kurume,83202401100100,9
kurume,83202401100100,9
kurume,83202401100100,9
kurume,83202401100200,9
kurume,83202401100200,9
kurume,83202401100200,9
kurume,83202401100300,9
kurume,83202401100300,9
kurume,83202401100300,9
kurume,83202401260100,12
kurume,83202401260100,12
kurume,83202401260100,12
kurume,83202401260200,12
kurume,83202401260200,12
kurume,83202401260200,12
kurume,83202401260300,12
kurume,83202401260300,12
kurume,83202401260300,12
kurume,83202402090100,9
kurume,83202402090100,9
kurume,83202402090100,9
kurume,83202402090200,9
kurume,83202402090200,9
kurume,83202402090200,9
kurume,83202402090300,9
kurume,83202402090300,9
kurume,83202402090300,9
kurume,83202402250100,12
kurume,83202402250100,12
kurume,83202402250100,12
kurume,83202402250200,12
kurume,83202402250200,12
kurume,83202402250200,12
kurume,83202402250300,12
kurume,83202402250300,12
kurume,83202402250300,12
kurume,83202404130100,12
kurume,83202404130100,12
kurume,83202404130100,12
kurume,83202404130200,12
kurume,83202404130200,12
kurume,83202404130200,12
kurume,83202404130300,12
kurume,83202404130300,12
kurume,83202404130300,12
kurume,83202404260100,12
kurume,83202404260100,12
kurume,83202404260100,12
kurume,83202404260200,12
kurume,83202404260200,12
kurume,83202404260200,12
kurume,83202404260300,12
kurume,83202404260300,12
kurume,83202404260300,12
kurume,83202405030100,12
kurume,83202405030100,12
kurume,83202405030100,12
kurume,83202405030200,12
kurume,83202405030200,12
kurume,83202405030200,12
kurume,83202405030300,12
kurume,83202405030300,12
kurume,83202405030300,12
kurume,83202405170100,7
kurume,83202405170100,7
kurume,83202405170100,7
kurume,83202405170200,7
kurume,83202405170200,7
kurume,83202405170200,7
kurume,83202405170300,7
kurume,83202405170300,7
kurume,83202405170300,7
kurume,83202406100100,9
kurume,83202406100100,9
kurume,83202406100100,9
kurume,83202406100200,9
kurume,83202406100200,9
kurume,83202406100200,9
kurume,83202406100300,9
kurume,83202406100300,9
kurume,83202406100300,9
kurume,83202406220100,12
kurume,83202406220100,12
kurume,83202406220100,12
kurume,83202406220100,12
kurume,83202406220200,12
kurume,83202406220200,12
kurume,83202406220200,12
kurume,83202406220200,12
kurume,83202406220300,12
kurume,83202406220300,12
kurume,83202406220300,12
kurume,83202406220300,12
kurume,83202406220400,12
kurume,83202406220400,12
kurume,83202406220400,12
kurume,83202406220400,12
kurume,83202407040100,7
kurume,83202407040100,7
kurume,83202407040100,7
kurume,83202407040200,7
kurume,83202407040200,7
kurume,83202407040200,7
kurume,83202407040300,7
kurume,83202407040300,7
kurume,83202407040300,7
kurume,83202407100100,12
kurume,83202407100100,12
kurume,83202407100100,12
kurume,83202407100200,12
kurume,83202407100200,12
kurume,83202407100200,12
kurume,83202407100300,12
kurume,83202407100300,12
kurume,83202407100300,12
kurume,83202408010100,12
kurume,83202408010100,12
kurume,83202408010100,12
kurume,83202408010200,12
kurume,83202408010200,12
kurume,83202408010200,12
kurume,83202408010300,12
kurume,83202408010300,12
kurume,83202408010300,12
kurume,83202409120100,9
kurume,83202409120100,9
kurume,83202409120100,9
kurume,83202409120200,9
kurume,83202409120200,9
kurume,83202409120200,9
kurume,83202409120300,9
kurume,83202409120300,9
kurume,83202409120300,9
kurume,83202409290100,12
kurume,83202409290100,12
kurume,83202409290100,12
kurume,83202409290200,12
kurume,83202409290200,12
kurume,83202409290200,12
kurume,83202409290300,12
kurume,83202409290300,12
kurume,83202409290300,12
kurume,83202410060100,9
kurume,83202410060100,9
kurume,83202410060100,9
kurume,83202410060200,9
kurume,83202410060200,9
kurume,83202410060200,9
kurume,83202410060300,9
kurume,83202410060300,9
kurume,83202410060300,9
kurume,83202410210100,12
kurume,83202410210100,12
kurume,83202410210100,12
kurume,83202410210200,12
kurume,83202410210200,12
kurume,83202410210200,12
kurume,83202410210300,12
kurume,83202410210300,12
kurume,83202410210300,12
kurume,83202410270100,9
kurume,83202410270100,9
kurume,83202410270100,9
kurume,83202410270200,9
kurume,83202410270200,9
kurume,83202410270200,9
kurume,83202410270300,9
kurume,83202410270300,9
kurume,83202410270300,9
kurume,83202412270100,9
kurume,83202412270100,9
kurume,83202412270100,9
kurume,83202412270200,9
kurume,83202412270200,9
kurume,83202412270200,9
kurume,83202412270300,9
kurume,83202412270300,9
kurume,83202412270300,9
kurume,83202501020100,7
kurume,83202501020100,7
kurume,83202501020100,7
kurume,83202501020200,6
kurume,83202501020200,6
kurume,83202501020200,6
kurume,83202501020300,6
kurume,83202501020300,6
kurume,83202501020300,6
kurume,83202501160100,12
kurume,83202501160100,12
kurume,83202501160100,12
kurume,83202501160200,12
kurume,83202501160200,12
kurume,83202501160200,12
kurume,83202501160300,12
kurume,83202501160300,12
kurume,83202501160300,12
kurume,83202501280100,12
kurume,83202501280100,12
kurume,83202501280100,12
kurume,83202501280200,12
kurume,83202501280200,12
kurume,83202501280200,12
kurume,83202501280300,12
kurume,83202501280300,12
kurume,83202501280300,12
kurume,83202502070100,7
kurume,83202502070100,7
kurume,83202502070100,7
kurume,83202502070200,12
kurume,83202502070200,12
kurume,83202502070200,12
kurume,83202502070300,12
kurume,83202502070300,12
kurume,83202502070300,12
kurume,83202503010100,12
kurume,83202503010100,12
kurume,83202503010100,12
kurume,83202503010200,12
kurume,83202503010200,12
kurume,83202503010200,12
kurume,83202503010300,12
kurume,83202503010300,12
kurume,83202503010300,12
kurume,83202503100100,12
kurume,83202503100100,12
kurume,83202503100100,12
kurume,83202503100200,12
kurume,83202503100200,12
kurume,83202503100200,12
kurume,83202503100300,12
kurume,83202503100300,12
kurume,83202503100300,12
kurume,83202504060100,12
kurume,83202504060100,12
kurume,83202504060100,12
kurume,83202504060200,12
kurume,83202504060200,12
kurume,83202504060200,12
kurume,83202504060300,12
kurume,83202504060300,12
kurume,83202504060300,12
kurume,83202506020100,11
kurume,83202506020100,11
kurume,83202506020100,11
kurume,83202506020200,11
kurume,83202506020200,11
kurume,83202506020200,11
kurume,83202506020300,11
kurume,83202506020300,11
kurume,83202506020300,11
kurume,83202506280100,12
kurume,83202506280100,12
kurume,83202506280100,12
kurume,83202506280100,12
kurume,83202506280200,12
kurume,83202506280200,12
kurume,83202506280200,12
kurume,83202506280200,12
kurume,83202506280300,12
kurume,83202506280300,12
kurume,83202506280300,12
kurume,83202506280300,12
kurume,83202506280400,12
kurume,83202506280400,12
kurume,83202506280400,12
kurume,83202506280400,12
kurume,83202507150100,11
kurume,83202507150100,11
kurume,83202507150100,11
kurume,83202507150200,11
kurume,83202507150200,11
kurume,83202507150200,11
kurume,83202507150300,11
kurume,83202507150300,11
kurume,83202507150300,11
kurume,83202508010100,12
kurume,83202508010100,12
kurume,83202508010100,12
kurume,83202508010200,12
kurume,83202508010200,12
kurume,83202508010200,12
kurume,83202508010300,12
kurume,83202508010300,12
kurume,83202508010300,12
kurume,83202508270100,9
kurume,83202508270100,9
kurume,83202508270100,9
kurume,83202508270200,9
kurume,83202508270200,9
kurume,83202508270200,9
kurume,83202508270300,9
kurume,83202508270300,9
kurume,83202508270300,9
kurume,83202509020100,7
kurume,83202509020100,7
kurume,83202509020100,7
kurume,83202509020200,7
kurume,83202509020200,7
kurume,83202509020200,7
kurume,83202509020300,7
kurume,83202509020300,7
kurume,83202509020300,7
kurume,83202510010100,11
kurume,83202510010100,11
kurume,83202510010100,11
kurume,83202510010200,11
kurume,83202510010200,11
kurume,83202510010200,11
kurume,83202510010300,11
kurume,83202510010300,11
kurume,83202510010300,11
kurume,83202511080100,9
kurume,83202511080100,9
kurume,83202511080100,9
kurume,83202511080200,9
kurume,83202511080200,9
kurume,83202511080200,9
kurume,83202511080300,9
kurume,83202511080300,9
kurume,83202511080300,9
kurume,83202511160100,11
kurume,83202511160100,11
kurume,83202511160100,11
kurume,83202511160200,11
kurume,83202511160200,11
kurume,83202511160200,11
kurume,83202511160300,11
kurume,83202511160300,11
kurume,83202511160300,11
kurume,83202511250100,12
kurume,83202511250100,12
kurume,83202511250100,12
kurume,83202511250200,12
kurume,83202511250200,12
kurume,83202511250200,12
kurume,83202511250300,12
kurume,83202511250300,12
kurume,83202511250300,12
kurume,83202511300100,11
kurume,83202511300100,11
kurume,83202511300100,11
kurume,83202511300200,11
kurume,83202511300200,11
kurume,83202511300200,11
kurume,83202511300300,11
kurume,83202511300300,11
kurume,83202511300300,11
kurume,83202512240100,11
kurume,83202512240100,11
kurume,83202512240100,11
kurume,83202512240200,11
kurume,83202512240200,11
kurume,83202512240200,11
kurume,83202512240300,11
kurume,83202512240300,11
kurume,83202512240300,11
kurume,83202512300100,9
kurume,83202512300100,9
kurume,83202512300100,9
kurume,83202512300200,9
kurume,83202512300200,9
kurume,83202512300200,9
kurume,83202512300300,9
kurume,83202512300300,9
kurume,83202512300300,9
kurume,83202601060100,12
kurume,83202601060100,12
kurume,83202601060100,12
kurume,83202601060200,12
kurume,83202601060200,12
kurume,83202601060200,12
kurume,83202601060300,12
kurume,83202601060300,12
kurume,83202601060300,12
kurume,83202601230100,7
kurume,83202601230100,7
kurume,83202601230100,7
kurume,83202601230200,7
kurume,83202601230200,7
kurume,83202601230200,7
kurume,83202601230300,7
kurume,83202601230300,7
kurume,83202601230300,7
kurume,83202602010100,7
kurume,83202602010100,7
kurume,83202602010100,7
kurume,83202602010200,7
kurume,83202602010200,7
kurume,83202602010200,7
kurume,83202602010300,7
kurume,83202602010300,7
kurume,83202602010300,7
kurume,83202602170100,12
kurume,83202602170100,12
kurume,83202602170100,12
kurume,83202602170200,12
kurume,83202602170200,12
kurume,83202602170200,12
kurume,83202602170300,12
kurume,83202602170300,12
kurume,83202602170300,12
kurume,83202603010100,12
kurume,83202603010100,12
kurume,83202603010100,12
kurume,83202603010200,12
kurume,83202603010200,12
kurume,83202603010200,12
kurume,83202603010300,12
kurume,83202603010300,12
kurume,83202603010300,12
kurume,83202603070100,9
kurume,83202603070100,9
kurume,83202603070100,9
kurume,83202603070200,9
kurume,83202603070200,9
kurume,83202603070200,9
kurume,83202603070300,9
kurume,83202603070300,9
kurume,83202603070300,9
kurume,83202603270100,12
kurume,83202603270100,12
kurume,83202603270100,12
kurume,83202603270200,12
kurume,83202603270200,12
kurume,83202603270200,12
kurume,83202603270300,12
kurume,83202603270300,12
kurume,83202603270300,12
kurume,83202604100100,12
kurume,83202604100100,12
kurume,83202604100100,12
kurume,83202604100200,12
kurume,83202604100200,12
kurume,83202604100200,12
kurume,83202604100300,12
kurume,83202604100300,12
kurume,83202604100300,12
kurume,83202604220100,7
kurume,83202604220100,7
kurume,83202604220100,7
kurume,83202604220200,7
kurume,83202604220200,7
kurume,83202604220200,7
kurume,83202604220300,7
kurume,83202604220300,7
kurume,83202604220300,7
kurume,83202605010100,7
kurume,83202605010100,7
kurume,83202605010100,7
kurume,83202605010200,7
kurume,83202605010200,7
kurume,83202605010200,7
kurume,83202605010300,7
kurume,83202605010300,7
kurume,83202605010300,7
kurume,83202605170100,11
kurume,83202605170100,11
kurume,83202605170100,11
kurume,83202605170200,11
kurume,83202605170200,11
kurume,83202605170200,11
kurume,83202605170300,11
kurume,83202605170300,11
kurume,83202605170300,11
kurume,83202606040100,12
kurume,83202606040100,12
kurume,83202606040100,12
kurume,83202606040100,12
kurume,83202606040200,12
kurume,83202606040200,12
kurume,83202606040200,12
kurume,83202606040200,12
kurume,83202606040300,12
kurume,83202606040300,12
kurume,83202606040300,12
kurume,83202606040300,12
kurume,83202606040400,12
kurume,83202606040400,12
kurume,83202606040400,12
kurume,83202606040400,12
kurume,83202606220100,12
kurume,83202606220100,12
kurume,83202606220100,12
kurume,83202606220200,12
kurume,83202606220200,12
kurume,83202606220200,12
kurume,83202606220300,12
kurume,83202606220300,12
kurume,83202606220300,12
takeo,84202304080100,7
takeo,84202304080100,7
takeo,84202304080100,7
takeo,84202304080200,7
takeo,84202304080200,7
takeo,84202304080200,7
takeo,84202304080300,7
takeo,84202304080300,7
takeo,84202304080300,7
takeo,84202304160100,9
takeo,84202304160100,9
takeo,84202304160100,9
takeo,84202304160200,9
takeo,84202304160200,9
takeo,84202304160200,9
takeo,84202304160300,9
takeo,84202304160300,9
takeo,84202304160300,9
takeo,84202304220100,12
takeo,84202304220100,12
takeo,84202304220100,12
takeo,84202304220100,12
takeo,84202304220200,12
takeo,84202304220200,12
takeo,84202304220200,12
takeo,84202304220200,12
takeo,84202304220300,12
takeo,84202304220300,12
takeo,84202304220300,12
takeo,84202304220300,12
takeo,84202304220400,12
takeo,84202304220400,12
takeo,84202304220400,12
takeo,84202304220400,12
takeo,84202305010100,7
takeo,84202305010100,7
takeo,84202305010100,7
takeo,84202305010200,7
takeo,84202305010200,7
takeo,84202305010200,7
takeo,84202305010300,7
takeo,84202305010300,7
takeo,84202305010300,7
takeo,84202305080100,12
takeo,84202305080100,12
takeo,84202305080100,12
takeo,84202305080200,12
takeo,84202305080200,12
takeo,84202305080200,12
takeo,84202305080300,12
takeo,84202305080300,12
takeo,84202305080300,12
takeo,84202305180100,12
takeo,84202305180100,12
takeo,84202305180100,12
takeo,84202305180200,12
takeo,84202305180200,12
takeo,84202305180200,12
takeo,84202305180300,12
takeo,84202305180300,12
takeo,84202305180300,12
takeo,84202306040100,9
takeo,84202306040100,9
takeo,84202306040100,9
takeo,84202306040200,9
takeo,84202306040200,9
takeo,84202306040200,9
takeo,84202306040300,9
takeo,84202306040300,9
takeo,84202306040300,9
takeo,84202306250100,7
takeo,84202306250100,7
takeo,84202306250100,7
takeo,84202306250200,7
takeo,84202306250200,7
takeo,84202306250200,7
takeo,84202306250300,7
takeo,84202306250300,7
takeo,84202306250300,7
takeo,84202307010100,7
takeo,84202307010100,7
takeo,84202307010100,7
takeo,84202307010200,7
takeo,84202307010200,7
takeo,84202307010200,7
takeo,84202307010300,7
takeo,84202307010300,7
takeo,84202307010300,7
takeo,84202307060100,12
takeo,84202307060100,12
takeo,84202307060100,12
takeo,84202307060200,12
takeo,84202307060200,12
takeo,84202307060200,12
takeo,84202307060300,12
takeo,84202307060300,12
takeo,84202307060300,12
takeo,84202307120100,7
takeo,84202307120100,7
takeo,84202307120100,7
takeo,84202307120200,7
takeo,84202307120200,7
takeo,84202307120200,7
takeo,84202307120300,7
takeo,84202307120300,7
takeo,84202307120300,7
takeo,84202307220100,7
takeo,84202307220100,7
takeo,84202307220100,7
takeo,84202307220200,7
takeo,84202307220200,7
takeo,84202307220200,7
takeo,84202307220300,7
takeo,84202307220300,7
takeo,84202307220300,7
takeo,84202308010100,7
takeo,84202308010100,7
takeo,84202308010100,7
takeo,84202308010200,7
takeo,84202308010200,7
takeo,84202308010200,7
takeo,84202308010300,7
takeo,84202308010300,7
takeo,84202308010300,7
takeo,84202308110100,12
takeo,84202308110100,12
takeo,84202308110100,12
takeo,84202308110200,12
takeo,84202308110200,12
takeo,84202308110200,12
takeo,84202308110300,12
takeo,84202308110300,12
takeo,84202308110300,12
takeo,84202309200100,9
takeo,84202309200100,9
takeo,84202309200100,9
takeo,84202309200200,9
takeo,84202309200200,9
takeo,84202309200200,9
takeo,84202309200300,9
takeo,84202309200300,9
takeo,84202309200300,9
takeo,84202309280100,12
takeo,84202309280100,12
takeo,84202309280100,12
takeo,84202309280200,12
takeo,84202309280200,12
takeo,84202309280200,12
takeo,84202309280300,12
takeo,84202309280300,12
takeo,84202309280300,12
takeo,84202310030100,12
takeo,84202310030100,12
takeo,84202310030100,12
takeo,84202310030200,12
takeo,84202310030200,12
takeo,84202310030200,12
takeo,84202310030300,12
takeo,84202310030300,12
takeo,84202310030300,12
takeo,84202310100100,12
takeo,84202310100100,12
takeo,84202310100100,12
takeo,84202310100200,12
takeo,84202310100200,12
takeo,84202310100200,12
takeo,84202310100300,12
takeo,84202310100300,12
takeo,84202310100300,12
takeo,84202310150100,12
takeo,84202310150100,12
takeo,84202310150100,12
takeo,84202310150200,12
takeo,84202310150200,12
takeo,84202310150200,12
takeo,84202310150300,12
takeo,84202310150300,12
takeo,84202310150300,12
takeo,84202310260100,12
takeo,84202310260100,12
takeo,84202310260100,12
takeo,84202310260200,12
takeo,84202310260200,12
takeo,84202310260200,12
takeo,84202310260300,12
takeo,84202310260300,12
takeo,84202310260300,12
takeo,84202403020100,9
takeo,84202403020100,9
takeo,84202403020100,9
takeo,84202403020200,9
takeo,84202403020200,9
takeo,84202403020200,9
takeo,84202403020300,9
takeo,84202403020300,9
takeo,84202403020300,9
takeo,84202403080100,9
takeo,84202403080100,9
takeo,84202403080100,9
takeo,84202403080200,9
takeo,84202403080200,9
takeo,84202403080200,9
takeo,84202403080300,9
takeo,84202403080300,9
takeo,84202403080300,9
takeo,84202403220100,12
takeo,84202403220100,12
takeo,84202403220100,12
takeo,84202403220200,12
takeo,84202403220200,12
takeo,84202403220200,12
takeo,84202403220300,12
takeo,84202403220300,12
takeo,84202403220300,12
takeo,84202403280100,12
takeo,84202403280100,12
takeo,84202403280100,12
takeo,84202403280100,12
takeo,84202403280200,12
takeo,84202403280200,12
takeo,84202403280200,12
takeo,84202403280200,12
takeo,84202403280300,12
takeo,84202403280300,12
takeo,84202403280300,12
takeo,84202403280300,12
takeo,84202403280400,12
takeo,84202403280400,12
takeo,84202403280400,12
takeo,84202403280400,12
takeo,84202404090100,7
takeo,84202404090100,7
takeo,84202404090100,7
takeo,84202404090200,7
takeo,84202404090200,7
takeo,84202404090200,7
takeo,84202404090300,7
takeo,84202404090300,7
takeo,84202404090300,7
takeo,84202404160100,7
takeo,84202404160100,7
takeo,84202404160100,7
takeo,84202404160200,7
takeo,84202404160200,7
takeo,84202404160200,7
takeo,84202404160300,7
takeo,84202404160300,7
takeo,84202404160300,7
takeo,84202405010100,7
takeo,84202405010100,7
takeo,84202405010100,7
takeo,84202405010200,7
takeo,84202405010200,7
takeo,84202405010200,7
takeo,84202405010300,7
takeo,84202405010300,7
takeo,84202405010300,7
takeo,84202405110100,12
takeo,84202405110100,12
takeo,84202405110100,12
takeo,84202405110100,12
takeo,84202405110200,12
takeo,84202405110200,12
takeo,84202405110200,12
takeo,84202405110200,12
takeo,84202405110300,12
takeo,84202405110300,12
takeo,84202405110300,12
takeo,84202405110300,12
takeo,84202405110400,12
takeo,84202405110400,12
takeo,84202405110400,12
takeo,84202405110400,12
takeo,84202405190100,7
takeo,84202405190100,7
takeo,84202405190100,7
takeo,84202405190200,7
takeo,84202405190200,7
takeo,84202405190200,7
takeo,84202405190300,7
takeo,84202405190300,7
takeo,84202405190300,7
takeo,84202405260100,12
takeo,84202405260100,12
takeo,84202405260100,12
takeo,84202405260200,12
takeo,84202405260200,12
takeo,84202405260200,12
takeo,84202405260300,12
takeo,84202405260300,12
takeo,84202405260300,12
takeo,84202406040100,9
takeo,84202406040100,9
takeo,84202406040100,9
takeo,84202406040200,9
takeo,84202406040200,9
takeo,84202406040200,9
takeo,84202406040300,9
takeo,84202406040300,9
takeo,84202406040300,9
takeo,84202406270100,7
takeo,84202406270100,7
takeo,84202406270100,7
takeo,84202406270200,7
takeo,84202406270200,7
takeo,84202406270200,7
takeo,84202406270300,7
takeo,84202406270300,7
takeo,84202406270300,7
takeo,84202407220100,9
takeo,84202407220100,9
takeo,84202407220100,9
takeo,84202407220200,9
takeo,84202407220200,9
takeo,84202407220200,9
takeo,84202407220300,9
takeo,84202407220300,9
takeo,84202407220300,9
takeo,84202407310100,7
takeo,84202407310100,7
takeo,84202407310100,7
takeo,84202407310200,7
takeo,84202407310200,7
takeo,84202407310200,7
takeo,84202407310300,7
takeo,84202407310300,7
takeo,84202407310300,7
takeo,84202408160100,12
takeo,84202408160100,12
takeo,84202408160100,12
takeo,84202408160200,12
takeo,84202408160200,12
takeo,84202408160200,12
takeo,84202408160300,12
takeo,84202408160300,12
takeo,84202408160300,12
takeo,84202408270100,12
takeo,84202408270100,12
takeo,84202408270100,12
takeo,84202408270200,12
takeo,84202408270200,12
takeo,84202408270200,12
takeo,84202408270300,12
takeo,84202408270300,12
takeo,84202408270300,12
takeo,84202409100100,12
takeo,84202409100100,12
takeo,84202409100100,12
takeo,84202409100200,12
takeo,84202409100200,12
takeo,84202409100200,12
takeo,84202409100300,12
takeo,84202409100300,12
takeo,84202409100300,12
takeo,84202410170100,12
takeo,84202410170100,12
takeo,84202410170100,12
takeo,84202410170200,12
takeo,84202410170200,12
takeo,84202410170200,12
takeo,84202410170300,12
takeo,84202410170300,12
takeo,84202410170300,12
takeo,84202410240100,7
takeo,84202410240100,7
takeo,84202410240100,7
takeo,84202410240200,7
takeo,84202410240200,7
takeo,84202410240200,7
takeo,84202410240300,7
takeo,84202410240300,7
takeo,84202410240300,7
takeo,84202411050100,12
takeo,84202411050100,12
takeo,84202411050100,12
takeo,84202411050200,12
takeo,84202411050200,12
takeo,84202411050200,12
takeo,84202411050300,12
takeo,84202411050300,12
takeo,84202411050300,12
takeo,84202411120100,9
takeo,84202411120100,9
takeo,84202411120100,9
takeo,84202411120200,9
takeo,84202411120200,9
takeo,84202411120200,9
takeo,84202411120300,9
takeo,84202411120300,9
takeo,84202411120300,9
takeo,84202412300100,12
takeo,84202412300100,12
takeo,84202412300100,12
takeo,84202412300200,12
takeo,84202412300200,12
takeo,84202412300200,12
takeo,84202412300300,12
takeo,84202412300300,12
takeo,84202412300300,12
takeo,84202502030100,12
takeo,84202502030100,12
takeo,84202502030100,12
takeo,84202502030200,12
takeo,84202502030200,12
takeo,84202502030200,12
takeo,84202502030300,12
takeo,84202502030300,12
takeo,84202502030300,12
takeo,84202503130100,9
takeo,84202503130100,9
takeo,84202503130100,9
takeo,84202503130200,9
takeo,84202503130200,9
takeo,84202503130200,9
takeo,84202503130300,9
takeo,84202503130300,9
takeo,84202503130300,9
takeo,84202503190100,9
takeo,84202503190100,9
takeo,84202503190100,9
takeo,84202503190200,9
takeo,84202503190200,9
takeo,84202503190200,9
takeo,84202503190300,9
takeo,84202503190300,9
takeo,84202503190300,9
takeo,84202503290100,12
takeo,84202503290100,12
takeo,84202503290100,12
takeo,84202503290200,12
takeo,84202503290200,12
takeo,84202503290200,12
takeo,84202503290300,12
takeo,84202503290300,12
takeo,84202503290300,12
takeo,84202504100100,12
takeo,84202504100100,12
takeo,84202504100100,12
takeo,84202504100100,12
takeo,84202504100200,12
takeo,84202504100200,12
takeo,84202504100200,12
takeo,84202504100200,12
takeo,84202504100300,12
takeo,84202504100300,12
takeo,84202504100300,12
takeo,84202504100300,12
takeo,84202504100400,12
takeo,84202504100400,12
takeo,84202504100400,12
takeo,84202504100400,12
takeo,84202505050100,12
takeo,84202505050100,12
takeo,84202505050100,12
takeo,84202505050200,12
takeo,84202505050200,12
takeo,84202505050200,12
takeo,84202505050300,12
takeo,84202505050300,12
takeo,84202505050300,12
takeo,84202505200100,9
takeo,84202505200100,9
takeo,84202505200100,9
takeo,84202505200200,9
takeo,84202505200200,9
takeo,84202505200200,9
takeo,84202505200300,9
takeo,84202505200300,9
takeo,84202505200300,9
takeo,84202506010100,7
takeo,84202506010100,7
takeo,84202506010100,7
takeo,84202506010200,7
takeo,84202506010200,7
takeo,84202506010200,7
takeo,84202506010300,7
takeo,84202506010300,7
takeo,84202506010300,7
takeo,84202506220100,9
takeo,84202506220100,9
takeo,84202506220100,9
takeo,84202506220200,9
takeo,84202506220200,9
takeo,84202506220200,9
takeo,84202506220300,9
takeo,84202506220300,9
takeo,84202506220300,9
takeo,84202507040100,7
takeo,84202507040100,7
takeo,84202507040100,7
takeo,84202507040200,7
takeo,84202507040200,7
takeo,84202507040200,7
takeo,84202507040300,7
takeo,84202507040300,7
takeo,84202507040300,7
takeo,84202507190100,7
takeo,84202507190100,7
takeo,84202507190100,7
takeo,84202507190200,7
takeo,84202507190200,7
takeo,84202507190200,7
takeo,84202507190300,7
takeo,84202507190300,7
takeo,84202507190300,7
takeo,84202508030100,7
takeo,84202508030100,7
takeo,84202508030100,7
takeo,84202508030200,7
takeo,84202508030200,7
takeo,84202508030200,7
takeo,84202508030300,7
takeo,84202508030300,7
takeo,84202508030300,7
takeo,84202509010100,12
takeo,84202509010100,12
takeo,84202509010100,12
takeo,84202509010200,12
takeo,84202509010200,12
takeo,84202509010200,12
takeo,84202509010300,12
takeo,84202509010300,12
takeo,84202509010300,12
takeo,84202509080100,9
takeo,84202509080100,9
takeo,84202509080100,9
takeo,84202509080200,9
takeo,84202509080200,9
takeo,84202509080200,9
takeo,84202509080300,9
takeo,84202509080300,9
takeo,84202509080300,9
takeo,84202509140100,7
takeo,84202509140100,7
takeo,84202509140100,7
takeo,84202509140200,7
takeo,84202509140200,7
takeo,84202509140200,7
takeo,84202509140300,7
takeo,84202509140300,7
takeo,84202509140300,7
takeo,84202510020100,12
takeo,84202510020100,12
takeo,84202510020100,12
takeo,84202510020200,12
takeo,84202510020200,12
takeo,84202510020200,12
takeo,84202510020300,12
takeo,84202510020300,12
takeo,84202510020300,12
takeo,84202510180100,7
takeo,84202510180100,7
takeo,84202510180100,7
takeo,84202510180200,7
takeo,84202510180200,7
takeo,84202510180200,7
takeo,84202510180300,7
takeo,84202510180300,7
takeo,84202510180300,7
takeo,84202510240100,7
takeo,84202510240100,7
takeo,84202510240100,7
takeo,84202510240200,7
takeo,84202510240200,7
takeo,84202510240200,7
takeo,84202510240300,7
takeo,84202510240300,7
takeo,84202510240300,7
takeo,84202510300100,7
takeo,84202510300100,7
takeo,84202510300100,7
takeo,84202510300200,7
takeo,84202510300200,7
takeo,84202510300200,7
takeo,84202510300300,7
takeo,84202510300300,7
takeo,84202510300300,7
takeo,84202511110100,12
takeo,84202511110100,12
takeo,84202511110100,12
takeo,84202511110200,12
takeo,84202511110200,12
takeo,84202511110200,12
takeo,84202511110300,12
takeo,84202511110300,12
takeo,84202511110300,12
takeo,84202512100100,12
takeo,84202512100100,12
takeo,84202512100100,12
takeo,84202512100200,12
takeo,84202512100200,12
takeo,84202512100200,12
takeo,84202512100300,12
takeo,84202512100300,12
takeo,84202512100300,12
takeo,84202512210100,9
takeo,84202512210100,9
takeo,84202512210100,9
takeo,84202512210200,9
takeo,84202512210200,9
takeo,84202512210200,9
takeo,84202512210300,9
takeo,84202512210300,9
takeo,84202512210300,9
takeo,84202512260100,7
takeo,84202512260100,7
takeo,84202512260100,7
takeo,84202512260200,7
takeo,84202512260200,7
takeo,84202512260200,7
takeo,84202512260300,7
takeo,84202512260300,7
takeo,84202512260300,7
takeo,84202601180100,12
takeo,84202601180100,12
takeo,84202601180100,12
takeo,84202601180200,12
takeo,84202601180200,12
takeo,84202601180200,12
takeo,84202601180300,12
takeo,84202601180300,12
takeo,84202601180300,12
takeo,84202603090100,7
takeo,84202603090100,7
takeo,84202603090100,7
takeo,84202603090200,7
takeo,84202603090200,7
takeo,84202603090200,7
takeo,84202603090300,7
takeo,84202603090300,7
takeo,84202603090300,7
takeo,84202603190100,9
takeo,84202603190100,9
takeo,84202603190100,9
takeo,84202603190200,9
takeo,84202603190200,9
takeo,84202603190200,9
takeo,84202603190300,9
takeo,84202603190300,9
takeo,84202603190300,9
takeo,84202604020100,7
takeo,84202604020100,7
takeo,84202604020100,7
takeo,84202604020200,7
takeo,84202604020200,7
takeo,84202604020200,7
takeo,84202604020300,7
takeo,84202604020300,7
takeo,84202604020300,7
takeo,84202604180100,12
takeo,84202604180100,12
takeo,84202604180100,12
takeo,84202604180100,12
takeo,84202604180200,12
takeo,84202604180200,12
takeo,84202604180200,12
takeo,84202604180200,12
takeo,84202604180300,12
takeo,84202604180300,12
takeo,84202604180300,12
takeo,84202604180300,12
takeo,84202604180400,12
takeo,84202604180400,12
takeo,84202604180400,12
takeo,84202604180400,12
takeo,84202605130100,7
takeo,84202605130100,7
takeo,84202605130100,7
takeo,84202605130200,7
takeo,84202605130200,7
takeo,84202605130200,7
takeo,84202605130300,7
takeo,84202605130300,7
takeo,84202605130300,7
takeo,84202605230100,12
takeo,84202605230100,12
takeo,84202605230200,12
takeo,84202605230200,12
takeo,84202606120100,9
takeo,84202606120100,9
takeo,84202606120100,9
takeo,84202606120200,9
takeo,84202606120200,9
takeo,84202606120200,9
takeo,84202606120300,9
takeo,84202606120300,9
takeo,84202606120300,9
takeo,84202606210100,9
takeo,84202606210100,9
takeo,84202606210100,9
takeo,84202606210200,9
takeo,84202606210200,9
takeo,84202606210200,9
takeo,84202606210300,9
takeo,84202606210300,9
takeo,84202606210300,9
sasebo,85202302020100,7
sasebo,85202302020100,7
sasebo,85202302020100,7
sasebo,85202302020200,7
sasebo,85202302020200,7
sasebo,85202302020200,7
sasebo,85202302020300,7
sasebo,85202302020300,7
sasebo,85202302020300,7
sasebo,85202302080100,9
sasebo,85202302080100,9
sasebo,85202302080100,9
sasebo,85202302080200,9
sasebo,85202302080200,9
sasebo,85202302080200,9
sasebo,85202302080300,9
sasebo,85202302080300,9
sasebo,85202302080300,9
sasebo,85202302150100,12
sasebo,85202302150100,12
sasebo,85202302150100,12
sasebo,85202302150200,12
sasebo,85202302150200,12
sasebo,85202302150200,12
sasebo,85202302150300,12
sasebo,85202302150300,12
sasebo,85202302150300,12
sasebo,85202302240100,9
sasebo,85202302240100,9
sasebo,85202302240100,9
sasebo,85202302240200,9
sasebo,85202302240200,9
sasebo,85202302240200,9
sasebo,85202302240300,9
sasebo,85202302240300,9
sasebo,85202302240300,9
sasebo,85202303070100,7
sasebo,85202303070100,7
sasebo,85202303070100,7
sasebo,85202303070200,7
sasebo,85202303070200,7
sasebo,85202303070200,7
sasebo,85202303070300,7
sasebo,85202303070300,7
sasebo,85202303070300,7
sasebo,85202303140100,12
sasebo,85202303140100,12
sasebo,85202303140100,12
sasebo,85202303140200,12
sasebo,85202303140200,12
sasebo,85202303140200,12
sasebo,85202303140300,12
sasebo,85202303140300,12
sasebo,85202303140300,12
sasebo,85202303270100,12
sasebo,85202303270100,12
sasebo,85202303270100,12
sasebo,85202303270200,12
sasebo,85202303270200,12
sasebo,85202303270200,12
sasebo,85202303270300,12
sasebo,85202303270300,12
sasebo,85202303270300,12
sasebo,85202304010100,7
sasebo,85202304010100,7
sasebo,85202304010100,7
sasebo,85202304010200,7
sasebo,85202304010200,7
sasebo,85202304010200,7
sasebo,85202304010300,7
sasebo,85202304010300,7
sasebo,85202304010300,7
sasebo,85202305020100,12
sasebo,85202305020100,12
sasebo,85202305020100,12
sasebo,85202305020200,12
sasebo,85202305020200,12
sasebo,85202305020200,12
sasebo,85202305020300,12
sasebo,85202305020300,12
sasebo,85202305020300,12
sasebo,85202305140100,9
sasebo,85202305140100,9
sasebo,85202305140100,9
sasebo,85202305140200,9
sasebo,85202305140200,9
sasebo,85202305140200,9
sasebo,85202305140300,9
sasebo,85202305140300,9
sasebo,85202305140300,9
sasebo,85202305280100,7
sasebo,85202305280100,7
sasebo,85202305280100,7
sasebo,85202305280200,7
sasebo,85202305280200,7
sasebo,85202305280200,7
sasebo,85202305280300,7
sasebo,85202305280300,7
sasebo,85202305280300,7
sasebo,85202306130100,12
sasebo,85202306130100,12
sasebo,85202306130100,12
sasebo,85202306130200,12
sasebo,85202306130200,12
sasebo,85202306130200,12
sasebo,85202306130300,12
sasebo,85202306130300,12
sasebo,85202306130300,12
sasebo,85202307150100,7
sasebo,85202307150100,7
sasebo,85202307150100,7
sasebo,85202307150200,7
sasebo,85202307150200,7
sasebo,85202307150200,7
sasebo,85202307150300,7
sasebo,85202307150300,7
sasebo,85202307150300,7
sasebo,85202307270100,12
sasebo,85202307270100,12
sasebo,85202307270100,12
sasebo,85202307270200,12
sasebo,85202307270200,12
sasebo,85202307270200,12
sasebo,85202307270300,12
sasebo,85202307270300,12
sasebo,85202307270300,12
sasebo,85202308090101,9
sasebo,85202308090101,9
sasebo,85202308090101,9
sasebo,85202308090101,9
sasebo,85202308090300,9
sasebo,85202308090300,9
sasebo,85202308090300,9
sasebo,85202308090300,9
sasebo,85202308090400,9
sasebo,85202308090400,9
sasebo,85202308090400,9
sasebo,85202308090400,9
sasebo,85202308180100,9
sasebo,85202308180100,9
sasebo,85202308180100,9
sasebo,85202308180200,9
sasebo,85202308180200,9
sasebo,85202308180200,9
sasebo,85202308180300,9
sasebo,85202308180300,9
sasebo,85202308180300,9
sasebo,85202308300100,12
sasebo,85202308300100,12
sasebo,85202308300100,12
sasebo,85202308300200,12
sasebo,85202308300200,12
sasebo,85202308300200,12
sasebo,85202308300300,12
sasebo,85202308300300,12
sasebo,85202308300300,12
sasebo,85202309080100,12
sasebo,85202309080100,12
sasebo,85202309080100,12
sasebo,85202309080200,12
sasebo,85202309080200,12
sasebo,85202309080200,12
sasebo,85202309080300,12
sasebo,85202309080300,12
sasebo,85202309080300,12
sasebo,85202309230100,12
sasebo,85202309230100,12
sasebo,85202309230100,12
sasebo,85202309230200,12
sasebo,85202309230200,12
sasebo,85202309230200,12
sasebo,85202309230300,12
sasebo,85202309230300,12
sasebo,85202309230300,12
sasebo,85202310130100,7
sasebo,85202310130100,7
sasebo,85202310130100,7
sasebo,85202310130200,7
sasebo,85202310130200,7
sasebo,85202310130200,7
sasebo,85202310130300,7
sasebo,85202310130300,7
sasebo,85202310130300,7
sasebo,85202311070100,7
sasebo,85202311070100,7
sasebo,85202311070100,7
sasebo,85202311070200,7
sasebo,85202311070200,7
sasebo,85202311070200,7
sasebo,85202311070300,7
sasebo,85202311070300,7
sasebo,85202311070300,7
sasebo,85202311240100,10
sasebo,85202311240100,10
sasebo,85202311240100,10
sasebo,85202311240200,10
sasebo,85202311240200,10
sasebo,85202311240200,10
sasebo,85202311240300,10
sasebo,85202311240300,10
sasebo,85202311240300,10
sasebo,85202312140100,12
sasebo,85202312140100,12
sasebo,85202312140100,12
sasebo,85202312140100,12
sasebo,85202312140200,12
sasebo,85202312140200,12
sasebo,85202312140200,12
sasebo,85202312140200,12
sasebo,85202312140300,12
sasebo,85202312140300,12
sasebo,85202312140300,12
sasebo,85202312140300,12
sasebo,85202312140400,12
sasebo,85202312140400,12
sasebo,85202312140400,12
sasebo,85202312140400,12
sasebo,85202312230100,7
sasebo,85202312230100,7
sasebo,85202312230100,7
sasebo,85202312230200,7
sasebo,85202312230200,7
sasebo,85202312230200,7
sasebo,85202312230300,7
sasebo,85202312230300,7
sasebo,85202312230300,7
sasebo,85202401010100,7
sasebo,85202401010100,7
sasebo,85202401010100,7
sasebo,85202401010200,7
sasebo,85202401010200,7
sasebo,85202401010200,7
sasebo,85202401010300,7
sasebo,85202401010300,7
sasebo,85202401010300,7
sasebo,85202401180100,12
sasebo,85202401180100,12
sasebo,85202401180100,12
sasebo,85202401180200,12
sasebo,85202401180200,12
sasebo,85202401180200,12
sasebo,85202401180300,12
sasebo,85202401180300,12
sasebo,85202401180300,12
sasebo,85202401280100,9
sasebo,85202401280100,9
sasebo,85202401280100,9
sasebo,85202401280200,9
sasebo,85202401280200,9
sasebo,85202401280200,9
sasebo,85202401280300,9
sasebo,85202401280300,9
sasebo,85202401280300,9
sasebo,85202402150100,12
sasebo,85202402150100,12
sasebo,85202402150100,12
sasebo,85202402150200,12
sasebo,85202402150200,12
sasebo,85202402150200,12
sasebo,85202402150300,12
sasebo,85202402150300,12
sasebo,85202402150300,12
sasebo,85202402280100,12
sasebo,85202402280100,12
sasebo,85202402280100,12
sasebo,85202402280200,12
sasebo,85202402280200,12
sasebo,85202402280200,12
sasebo,85202402280300,12
sasebo,85202402280300,12
sasebo,85202402280300,12
sasebo,85202403260100,9
sasebo,85202403260100,9
sasebo,85202403260100,9
sasebo,85202403260200,9
sasebo,85202403260200,9
sasebo,85202403260200,9
sasebo,85202403260300,9
sasebo,85202403260300,9
sasebo,85202403260300,9
sasebo,85202404010100,7
sasebo,85202404010100,7
sasebo,85202404010100,7
sasebo,85202404010200,7
sasebo,85202404010200,7
sasebo,85202404010200,7
sasebo,85202404010300,7
sasebo,85202404010300,7
sasebo,85202404010300,7
sasebo,85202404080100,12
sasebo,85202404080100,12
sasebo,85202404080100,12
sasebo,85202404080200,12
sasebo,85202404080200,12
sasebo,85202404080200,12
sasebo,85202404080300,12
sasebo,85202404080300,12
sasebo,85202404080300,12
sasebo,85202404220100,7
sasebo,85202404220100,7
sasebo,85202404220100,7
sasebo,85202404220200,7
sasebo,85202404220200,7
sasebo,85202404220200,7
sasebo,85202404220300,7
sasebo,85202404220300,7
sasebo,85202404220300,7
sasebo,85202405280100,7
sasebo,85202405280100,7
sasebo,85202405280100,7
sasebo,85202405280200,7
sasebo,85202405280200,7
sasebo,85202405280200,7
sasebo,85202405280300,7
sasebo,85202405280300,7
sasebo,85202405280300,7
sasebo,85202406170100,12
sasebo,85202406170100,12
sasebo,85202406170100,12
sasebo,85202406170200,12
sasebo,85202406170200,12
sasebo,85202406170200,12
sasebo,85202406170300,12
sasebo,85202406170300,12
sasebo,85202406170300,12
sasebo,85202407070100,9
sasebo,85202407070100,9
sasebo,85202407070100,9
sasebo,85202407070200,9
sasebo,85202407070200,9
sasebo,85202407070200,9
sasebo,85202407070300,9
sasebo,85202407070300,9
sasebo,85202407070300,9
sasebo,85202407160100,9
sasebo,85202407160100,9
sasebo,85202407160100,9
sasebo,85202407160200,9
sasebo,85202407160200,9
sasebo,85202407160200,9
sasebo,85202407160300,9
sasebo,85202407160300,9
sasebo,85202407160300,9
sasebo,85202407220100,12
sasebo,85202407220100,12
sasebo,85202407220100,12
sasebo,85202407220200,12
sasebo,85202407220200,12
sasebo,85202407220200,12
sasebo,85202407220300,12
sasebo,85202407220300,12
sasebo,85202407220300,12
sasebo,85202408070100,12
sasebo,85202408070100,12
sasebo,85202408070100,12
sasebo,85202408070200,12
sasebo,85202408070200,12
sasebo,85202408070200,12
sasebo,85202408070300,12
sasebo,85202408070300,12
sasebo,85202408070300,12
sasebo,85202408130100,9
sasebo,85202408130100,9
sasebo,85202408130100,9
sasebo,85202408130200,9
sasebo,85202408130200,9
sasebo,85202408130200,9
sasebo,85202408130300,9
sasebo,85202408130300,9
sasebo,85202408130300,9
sasebo,85202408220100,12
sasebo,85202408220100,12
sasebo,85202408220100,12
sasebo,85202408220200,12
sasebo,85202408220200,12
sasebo,85202408220200,12
sasebo,85202408220300,12
sasebo,85202408220300,12
sasebo,85202408220300,12
sasebo,85202409200100,12
sasebo,85202409200100,12
sasebo,85202409200100,12
sasebo,85202409200200,12
sasebo,85202409200200,12
sasebo,85202409200200,12
sasebo,85202409200300,12
sasebo,85202409200300,12
sasebo,85202409200300,12
sasebo,85202410150100,9
sasebo,85202410150100,9
sasebo,85202410150100,9
sasebo,85202410150200,9
sasebo,85202410150200,9
sasebo,85202410150200,9
sasebo,85202410150300,9
sasebo,85202410150300,9
sasebo,85202410150300,9
sasebo,85202411010100,12
sasebo,85202411010100,12
sasebo,85202411010200,12
sasebo,85202411010200,12
sasebo,85202411090100,7
sasebo,85202411090100,7
sasebo,85202411090100,7
sasebo,85202411090200,7
sasebo,85202411090200,7
sasebo,85202411090200,7
sasebo,85202411090300,7
sasebo,85202411090300,7
sasebo,85202411090300,7
sasebo,85202411270100,7
sasebo,85202411270100,7
sasebo,85202411270100,7
sasebo,85202411270200,7
sasebo,85202411270200,7
sasebo,85202411270200,7
sasebo,85202411270300,7
sasebo,85202411270300,7
sasebo,85202411270300,7
sasebo,85202412190100,12
sasebo,85202412190100,12
sasebo,85202412190100,12
sasebo,85202412190100,12
sasebo,85202412190200,12
sasebo,85202412190200,12
sasebo,85202412190200,12
sasebo,85202412190200,12
sasebo,85202412190300,12
sasebo,85202412190300,12
sasebo,85202412190300,12
sasebo,85202412190300,12
sasebo,85202412190400,12
sasebo,85202412190400,12
sasebo,85202412190400,12
sasebo,85202412190400,12
sasebo,85202501110100,9
sasebo,85202501110100,9
sasebo,85202501110100,9
sasebo,85202501110200,9
sasebo,85202501110200,9
sasebo,85202501110200,9
sasebo,85202501110300,8
sasebo,85202501110300,8
sasebo,85202501110300,8
sasebo,85202501230100,7
sasebo,85202501230100,7
sasebo,85202501230100,7
sasebo,85202501230200,7
sasebo,85202501230200,7
sasebo,85202501230200,7
sasebo,85202501230300,7
sasebo,85202501230300,7
sasebo,85202501230300,7
sasebo,85202502170100,9
sasebo,85202502170100,9
sasebo,85202502170100,9
sasebo,85202502170200,9
sasebo,85202502170200,9
sasebo,85202502170200,9
sasebo,85202502170300,9
sasebo,85202502170300,9
sasebo,85202502170300,9
sasebo,85202502250100,12
sasebo,85202502250100,12
sasebo,85202502250100,12
sasebo,85202502250200,12
sasebo,85202502250200,12
sasebo,85202502250200,12
sasebo,85202502250300,12
sasebo,85202502250300,12
sasebo,85202502250300,12
sasebo,85202503040100,7
sasebo,85202503040100,7
sasebo,85202503040100,7
sasebo,85202503040200,7
sasebo,85202503040200,7
sasebo,85202503040200,7
sasebo,85202503040300,7
sasebo,85202503040300,7
sasebo,85202503040300,7
sasebo,85202503210100,7
sasebo,85202503210100,7
sasebo,85202503210100,7
sasebo,85202503210200,7
sasebo,85202503210200,7
sasebo,85202503210200,7
sasebo,85202503210300,7
sasebo,85202503210300,7
sasebo,85202503210300,7
sasebo,85202504030100,12
sasebo,85202504030100,12
sasebo,85202504030100,12
sasebo,85202504030200,12
sasebo,85202504030200,12
sasebo,85202504030200,12
sasebo,85202504030300,12
sasebo,85202504030300,12
sasebo,85202504030300,12
sasebo,85202504230100,7
sasebo,85202504230100,7
sasebo,85202504230100,7
sasebo,85202504230200,7
sasebo,85202504230200,7
sasebo,85202504230200,7
sasebo,85202504230300,7
sasebo,85202504230300,7
sasebo,85202504230300,7
sasebo,85202505010100,7
sasebo,85202505010100,7
sasebo,85202505010100,7
sasebo,85202505010200,7
sasebo,85202505010200,7
sasebo,85202505010200,7
sasebo,85202505010300,7
sasebo,85202505010300,7
sasebo,85202505010300,7
sasebo,85202505230100,7
sasebo,85202505230100,7
sasebo,85202505230100,7
sasebo,85202505230200,7
sasebo,85202505230200,7
sasebo,85202505230200,7
sasebo,85202505230300,7
sasebo,85202505230300,7
sasebo,85202505230300,7
sasebo,85202505280100,7
sasebo,85202505280100,7
sasebo,85202505280100,7
sasebo,85202505280200,7
sasebo,85202505280200,7
sasebo,85202505280200,7
sasebo,85202505280300,7
sasebo,85202505280300,7
sasebo,85202505280300,7
sasebo,85202506090100,7
sasebo,85202506090100,7
sasebo,85202506090100,7
sasebo,85202506090200,7
sasebo,85202506090200,7
sasebo,85202506090200,7
sasebo,85202506090300,7
sasebo,85202506090300,7
sasebo,85202506090300,7
sasebo,85202506170100,7
sasebo,85202506170100,7
sasebo,85202506170100,7
sasebo,85202506170200,7
sasebo,85202506170200,7
sasebo,85202506170200,7
sasebo,85202506170300,7
sasebo,85202506170300,7
sasebo,85202506170300,7
sasebo,85202506250100,7
sasebo,85202506250100,7
sasebo,85202506250100,7
sasebo,85202506250200,7
sasebo,85202506250200,7
sasebo,85202506250200,7
sasebo,85202506250300,7
sasebo,85202506250300,7
sasebo,85202506250300,7
sasebo,85202507010100,7
sasebo,85202507010100,7
sasebo,85202507010100,7
sasebo,85202507010200,7
sasebo,85202507010200,7
sasebo,85202507010200,7
sasebo,85202507010300,7
sasebo,85202507010300,7
sasebo,85202507010300,7
sasebo,85202507090100,12
sasebo,85202507090100,12
sasebo,85202507090100,12
sasebo,85202507090200,12
sasebo,85202507090200,12
sasebo,85202507090200,12
sasebo,85202507090300,12
sasebo,85202507090300,12
sasebo,85202507090300,12
sasebo,85202507220100,9
sasebo,85202507220100,9
sasebo,85202507220100,9
sasebo,85202507220200,9
sasebo,85202507220200,9
sasebo,85202507220200,9
sasebo,85202507220300,9
sasebo,85202507220300,9
sasebo,85202507220300,9
sasebo,85202508030100,7
sasebo,85202508030100,7
sasebo,85202508030100,7
sasebo,85202508030200,7
sasebo,85202508030200,7
sasebo,85202508030200,7
sasebo,85202508030300,7
sasebo,85202508030300,7
sasebo,85202508030300,7
sasebo,85202508120100,9
sasebo,85202508120100,9
sasebo,85202508120100,9
sasebo,85202508120200,9
sasebo,85202508120200,9
sasebo,85202508120200,9
sasebo,85202508120300,9
sasebo,85202508120300,9
sasebo,85202508120300,9
sasebo,85202508210100,9
sasebo,85202508210100,9
sasebo,85202508210100,9
sasebo,85202508210200,9
sasebo,85202508210200,9
sasebo,85202508210200,9
sasebo,85202508210300,9
sasebo,85202508210300,9
sasebo,85202508210300,9
sasebo,85202509110100,12
sasebo,85202509110100,12
sasebo,85202509110100,12
sasebo,85202509110200,12
sasebo,85202509110200,12
sasebo,85202509110200,12
sasebo,85202509110300,12
sasebo,85202509110300,12
sasebo,85202509110300,12
sasebo,85202509210100,12
sasebo,85202509210100,12
sasebo,85202509210100,12
sasebo,85202509210200,12
sasebo,85202509210200,12
sasebo,85202509210200,12
sasebo,85202509210300,12
sasebo,85202509210300,12
sasebo,85202509210300,12
sasebo,85202510060100,12
sasebo,85202510060100,12
sasebo,85202510060100,12
sasebo,85202510060200,12
sasebo,85202510060200,12
sasebo,85202510060200,12
sasebo,85202510060300,12
sasebo,85202510060300,12
sasebo,85202510060300,12
sasebo,85202510130100,7
sasebo,85202510130100,7
sasebo,85202510130100,7
sasebo,85202510130200,7
sasebo,85202510130200,7
sasebo,85202510130200,7
sasebo,85202510130300,7
sasebo,85202510130300,7
sasebo,85202510130300,7
sasebo,85202510220100,7
sasebo,85202510220100,7
sasebo,85202510220100,7
sasebo,85202510220200,7
sasebo,85202510220200,7
sasebo,85202510220200,7
sasebo,85202510220300,7
sasebo,85202510220300,7
sasebo,85202510220300,7
sasebo,85202510290100,12
sasebo,85202510290100,12
sasebo,85202510290100,12
sasebo,85202510290200,12
sasebo,85202510290200,12
sasebo,85202510290200,12
sasebo,85202510290300,12
sasebo,85202510290300,12
sasebo,85202510290300,12
sasebo,85202512040100,12
sasebo,85202512040100,12
sasebo,85202512040100,12
sasebo,85202512040100,12
sasebo,85202512040200,12
sasebo,85202512040200,12
sasebo,85202512040200,12
sasebo,85202512040200,12
sasebo,85202512040300,12
sasebo,85202512040300,12
sasebo,85202512040300,12
sasebo,85202512040300,12
sasebo,85202512040400,12
sasebo,85202512040400,12
sasebo,85202512040400,12
sasebo,85202512040400,12
beppu,86202212310100,12
beppu,86202212310100,12
beppu,86202212310200,12
beppu,86202212310200,12
beppu,86202212310300,12
beppu,86202212310300,12
beppu,86202301060100,12
beppu,86202301060100,12
beppu,86202301060100,12
beppu,86202301060200,12
beppu,86202301060200,12
beppu,86202301060200,12
beppu,86202301060300,12
beppu,86202301060300,12
beppu,86202301060300,12
beppu,86202301170100,9
beppu,86202301170100,9
beppu,86202301170100,9
beppu,86202301170200,9
beppu,86202301170200,9
beppu,86202301170200,9
beppu,86202301170300,9
beppu,86202301170300,9
beppu,86202301170300,9
beppu,86202301230100,12
beppu,86202301230100,12
beppu,86202301230100,12
beppu,86202301230100,12
beppu,86202301230200,10
beppu,86202301230200,10
beppu,86202301230200,10
beppu,86202301230200,10
beppu,86202301230300,12
beppu,86202301230300,12
beppu,86202301230300,12
beppu,86202301230300,12
beppu,86202301230301,12
beppu,86202301230301,12
beppu,86202301230301,12
beppu,86202301230301,12
beppu,86202301310100,7
beppu,86202301310100,7
beppu,86202301310100,7
beppu,86202301310200,7
beppu,86202301310200,7
beppu,86202301310200,7
beppu,86202301310300,7
beppu,86202301310300,7
beppu,86202301310300,7
beppu,86202302150100,7
beppu,86202302150100,7
beppu,86202302150100,7
beppu,86202302150200,7
beppu,86202302150200,7
beppu,86202302150200,7
beppu,86202302150300,7
beppu,86202302150300,7
beppu,86202302150300,7
beppu,86202302240100,12
beppu,86202302240100,12
beppu,86202302240100,12
beppu,86202302240200,12
beppu,86202302240200,12
beppu,86202302240200,12
beppu,86202302240300,12
beppu,86202302240300,12
beppu,86202302240300,12
beppu,86202303040100,7
beppu,86202303040100,7
beppu,86202303040100,7
beppu,86202303040200,7
beppu,86202303040200,7
beppu,86202303040200,7
beppu,86202303040300,7
beppu,86202303040300,7
beppu,86202303040300,7
beppu,86202303180100,12
beppu,86202303180100,12
beppu,86202303180100,12
beppu,86202303180100,12
beppu,86202303180200,12
beppu,86202303180200,12
beppu,86202303180200,12
beppu,86202303180200,12
beppu,86202303180300,12
beppu,86202303180300,12
beppu,86202303180300,12
beppu,86202303180300,12
beppu,86202303180400,12
beppu,86202303180400,12
beppu,86202303180400,12
beppu,86202303180400,12
beppu,86202303270100,7
beppu,86202303270100,7
beppu,86202303270100,7
beppu,86202303270200,7
beppu,86202303270200,7
beppu,86202303270200,7
beppu,86202303270300,7
beppu,86202303270300,7
beppu,86202303270300,7
beppu,86202304070100,12
beppu,86202304070100,12
beppu,86202304070100,12
beppu,86202304070200,12
beppu,86202304070200,12
beppu,86202304070200,12
beppu,86202304070300,12
beppu,86202304070300,12
beppu,86202304070300,12
beppu,86202304160100,7
beppu,86202304160100,7
beppu,86202304160100,7
beppu,86202304160200,7
beppu,86202304160200,7
beppu,86202304160200,7
beppu,86202304160300,7
beppu,86202304160300,7
beppu,86202304160300,7
beppu,86202304280100,9
beppu,86202304280100,9
beppu,86202304280100,9
beppu,86202304280200,9
beppu,86202304280200,9
beppu,86202304280200,9
beppu,86202304280300,9
beppu,86202304280300,9
beppu,86202304280300,9
beppu,86202305110100,7
beppu,86202305110100,7
beppu,86202305110100,7
beppu,86202305110200,7
beppu,86202305110200,7
beppu,86202305110200,7
beppu,86202305110300,7
beppu,86202305110300,7
beppu,86202305110300,7
beppu,86202305180100,7
beppu,86202305180100,7
beppu,86202305180100,7
beppu,86202305180200,7
beppu,86202305180200,7
beppu,86202305180200,7
beppu,86202305180300,7
beppu,86202305180300,7
beppu,86202305180300,7
beppu,86202305230100,7
beppu,86202305230100,7
beppu,86202305230100,7
beppu,86202305230200,7
beppu,86202305230200,7
beppu,86202305230200,7
beppu,86202305230300,7
beppu,86202305230300,7
beppu,86202305230300,7
beppu,86202306010100,12
beppu,86202306010100,12
beppu,86202306010100,12
beppu,86202306010200,12
beppu,86202306010200,12
beppu,86202306010200,12
beppu,86202306010300,12
beppu,86202306010300,12
beppu,86202306010300,12
beppu,86202306100100,9
beppu,86202306100100,9
beppu,86202306100100,9
beppu,86202306100200,9
beppu,86202306100200,9
beppu,86202306100200,9
beppu,86202306100300,9
beppu,86202306100300,9
beppu,86202306100300,9
beppu,86202306200100,7
beppu,86202306200100,7
beppu,86202306200100,7
beppu,86202306200200,7
beppu,86202306200200,7
beppu,86202306200200,7
beppu,86202306200300,7
beppu,86202306200300,7
beppu,86202306200300,7
beppu,86202306300100,12
beppu,86202306300100,12
beppu,86202306300100,12
beppu,86202306300200,12
beppu,86202306300200,12
beppu,86202306300200,12
beppu,86202306300300,12
beppu,86202306300300,12
beppu,86202306300300,12
beppu,86202307070100,7
beppu,86202307070100,7
beppu,86202307070100,7
beppu,86202307070200,7
beppu,86202307070200,7
beppu,86202307070200,7
beppu,86202307070300,7
beppu,86202307070300,7
beppu,86202307070300,7
beppu,86202307130100,9
beppu,86202307130100,9
beppu,86202307130100,9
beppu,86202307130200,9
beppu,86202307130200,9
beppu,86202307130200,9
beppu,86202307130300,9
beppu,86202307130300,9
beppu,86202307130300,9
beppu,86202308150100,12
beppu,86202308150100,12
beppu,86202308150100,12
beppu,86202308150200,12
beppu,86202308150200,12
beppu,86202308150200,12
beppu,86202308150300,12
beppu,86202308150300,12
beppu,86202308150300,12
beppu,86202308290100,7
beppu,86202308290100,7
beppu,86202308290100,7
beppu,86202308290200,7
beppu,86202308290200,7
beppu,86202308290200,7
beppu,86202308290300,7
beppu,86202308290300,7
beppu,86202308290300,7
beppu,86202309030100,7
beppu,86202309030100,7
beppu,86202309030100,7
beppu,86202309030200,7
beppu,86202309030200,7
beppu,86202309030200,7
beppu,86202309030300,7
beppu,86202309030300,7
beppu,86202309030300,7
beppu,86202309130100,7
beppu,86202309130100,7
beppu,86202309130100,7
beppu,86202309130200,7
beppu,86202309130200,7
beppu,86202309130200,7
beppu,86202309130300,7
beppu,86202309130300,7
beppu,86202309130300,7
beppu,86202309190100,12
beppu,86202309190100,12
beppu,86202309190100,12
beppu,86202309190200,12
beppu,86202309190200,12
beppu,86202309190200,12
beppu,86202309190300,12
beppu,86202309190300,12
beppu,86202309190300,12
beppu,86202310020100,9
beppu,86202310020100,9
beppu,86202310020100,9
beppu,86202310020200,9
beppu,86202310020200,9
beppu,86202310020200,9
beppu,86202310020300,9
beppu,86202310020300,9
beppu,86202310020300,9
beppu,86202310180100,7
beppu,86202310180100,7
beppu,86202310180100,7
beppu,86202310180200,7
beppu,86202310180200,7
beppu,86202310180200,7
beppu,86202310180300,7
beppu,86202310180300,7
beppu,86202310180300,7
beppu,86202310250100,7
beppu,86202310250100,7
beppu,86202310250100,7
beppu,86202310250200,7
beppu,86202310250200,7
beppu,86202310250200,7
beppu,86202310250300,7
beppu,86202310250300,7
beppu,86202310250300,7
beppu,86202311060100,12
beppu,86202311060100,12
beppu,86202311060100,12
beppu,86202311060200,12
beppu,86202311060200,12
beppu,86202311060200,12
beppu,86202311060300,12
beppu,86202311060300,12
beppu,86202311060300,12
beppu,86202311120100,7
beppu,86202311120100,7
beppu,86202311120100,7
beppu,86202311120200,7
beppu,86202311120200,7
beppu,86202311120200,7
beppu,86202311120300,7
beppu,86202311120300,7
beppu,86202311120300,7
beppu,86202311190100,7
beppu,86202311190100,7
beppu,86202311190100,7
beppu,86202311190200,7
beppu,86202311190200,7
beppu,86202311190200,7
beppu,86202311190300,7
beppu,86202311190300,7
beppu,86202311190300,7
beppu,86202311270100,7
beppu,86202311270100,7
beppu,86202311270100,7
beppu,86202311270200,7
beppu,86202311270200,7
beppu,86202311270200,7
beppu,86202311270300,7
beppu,86202311270300,7
beppu,86202311270300,7
beppu,86202312070100,12
beppu,86202312070100,12
beppu,86202312070100,12
beppu,86202312070100,12
beppu,86202312070200,12
beppu,86202312070200,12
beppu,86202312070200,12
beppu,86202312070200,12
beppu,86202312070300,12
beppu,86202312070300,12
beppu,86202312070300,12
beppu,86202312070300,12
beppu,86202312070400,12
beppu,86202312070400,12
beppu,86202312070400,12
beppu,86202312070400,12
beppu,86202312140100,9
beppu,86202312140100,9
beppu,86202312140100,9
beppu,86202312140200,9
beppu,86202312140200,9
beppu,86202312140200,9
beppu,86202312140300,9
beppu,86202312140300,9
beppu,86202312140300,9
beppu,86202312190100,7
beppu,86202312190100,7
beppu,86202312190100,7
beppu,86202312190200,7
beppu,86202312190200,7
beppu,86202312190200,7
beppu,86202312190300,7
beppu,86202312190300,7
beppu,86202312190300,7
beppu,86202312280100,7
beppu,86202312280100,7
beppu,86202312280100,7
beppu,86202312280200,7
beppu,86202312280200,7
beppu,86202312280200,7
beppu,86202312280300,7
beppu,86202312280300,7
beppu,86202312280300,7
beppu,86202401030100,12
beppu,86202401030100,12
beppu,86202401030100,12
beppu,86202401030200,12
beppu,86202401030200,12
beppu,86202401030200,12
beppu,86202401030300,12
beppu,86202401030300,12
beppu,86202401030300,12
beppu,86202401090100,7
beppu,86202401090100,7
beppu,86202401090100,7
beppu,86202401090200,7
beppu,86202401090200,7
beppu,86202401090200,7
beppu,86202401090300,7
beppu,86202401090300,7
beppu,86202401090300,7
beppu,86202401300100,7
beppu,86202401300100,7
beppu,86202401300100,7
beppu,86202401300200,7
beppu,86202401300200,7
beppu,86202401300200,7
beppu,86202401300300,7
beppu,86202401300300,7
beppu,86202401300300,7
beppu,86202402070100,7
beppu,86202402070100,7
beppu,86202402070100,7
beppu,86202402070200,7
beppu,86202402070200,7
beppu,86202402070200,7
beppu,86202402070300,7
beppu,86202402070300,7
beppu,86202402070300,7
beppu,86202402120100,9
beppu,86202402120100,9
beppu,86202402120100,9
beppu,86202402120200,9
beppu,86202402120200,9
beppu,86202402120200,9
beppu,86202402120300,9
beppu,86202402120300,9
beppu,86202402120300,9
beppu,86202402190100,7
beppu,86202402190100,7
beppu,86202402190100,7
beppu,86202402190200,7
beppu,86202402190200,7
beppu,86202402190200,7
beppu,86202402190300,7
beppu,86202402190300,7
beppu,86202402190300,7
beppu,86202403010100,7
beppu,86202403010100,7
beppu,86202403010100,7
beppu,86202403010200,7
beppu,86202403010200,7
beppu,86202403010200,7
beppu,86202403010300,7
beppu,86202403010300,7
beppu,86202403010300,7
beppu,86202403110100,12
beppu,86202403110100,12
beppu,86202403110100,12
beppu,86202403110200,12
beppu,86202403110200,12
beppu,86202403110200,12
beppu,86202403110300,12
beppu,86202403110300,12
beppu,86202403110300,12
beppu,86202403170100,9
beppu,86202403170100,9
beppu,86202403170100,9
beppu,86202403170200,9
beppu,86202403170200,9
beppu,86202403170200,9
beppu,86202403170300,9
beppu,86202403170300,9
beppu,86202403170300,9
beppu,86202404150100,7
beppu,86202404150100,7
beppu,86202404150100,7
beppu,86202404150200,7
beppu,86202404150200,7
beppu,86202404150200,7
beppu,86202404150300,7
beppu,86202404150300,7
beppu,86202404150300,7
beppu,86202404210100,12
beppu,86202404210100,12
beppu,86202404210100,12
beppu,86202404210200,12
beppu,86202404210200,12
beppu,86202404210200,12
beppu,86202404210300,12
beppu,86202404210300,12
beppu,86202404210300,12
beppu,86202405040100,7
beppu,86202405040100,7
beppu,86202405040100,7
beppu,86202405040200,7
beppu,86202405040200,7
beppu,86202405040200,7
beppu,86202405040300,7
beppu,86202405040300,7
beppu,86202405040300,7
beppu,86202405160100,7
beppu,86202405160100,7
beppu,86202405160100,7
beppu,86202405160200,7
beppu,86202405160200,7
beppu,86202405160200,7
beppu,86202405160300,7
beppu,86202405160300,7
beppu,86202405160300,7
beppu,86202405230100,12
beppu,86202405230100,12
beppu,86202405230100,12
beppu,86202405230200,12
beppu,86202405230200,12
beppu,86202405230200,12
beppu,86202405230300,12
beppu,86202405230300,12
beppu,86202405230300,12
beppu,86202406010100,12
beppu,86202406010100,12
beppu,86202406010100,12
beppu,86202406010200,12
beppu,86202406010200,12
beppu,86202406010200,12
beppu,86202406010300,12
beppu,86202406010300,12
beppu,86202406010300,12
beppu,86202406180100,7
beppu,86202406180100,7
beppu,86202406180100,7
beppu,86202406180200,7
beppu,86202406180200,7
beppu,86202406180200,7
beppu,86202406180300,7
beppu,86202406180300,7
beppu,86202406180300,7
beppu,86202406250100,7
beppu,86202406250100,7
beppu,86202406250100,7
beppu,86202406250200,7
beppu,86202406250200,7
beppu,86202406250200,7
beppu,86202406250300,7
beppu,86202406250300,7
beppu,86202406250300,7
beppu,86202407010100,7
beppu,86202407010100,7
beppu,86202407010100,7
beppu,86202407010200,7
beppu,86202407010200,7
beppu,86202407010200,7
beppu,86202407010300,7
beppu,86202407010300,7
beppu,86202407010300,7
beppu,86202407080100,7
beppu,86202407080100,7
beppu,86202407080100,7
beppu,86202407080200,7
beppu,86202407080200,7
beppu,86202407080200,7
beppu,86202407080300,7
beppu,86202407080300,7
beppu,86202407080300,7
beppu,86202407250100,12
beppu,86202407250100,12
beppu,86202407250100,12
beppu,86202407250100,12
beppu,86202407250200,12
beppu,86202407250200,12
beppu,86202407250200,12
beppu,86202407250200,12
beppu,86202407250300,12
beppu,86202407250300,12
beppu,86202407250300,12
beppu,86202407250300,12
beppu,86202407250400,12
beppu,86202407250400,12
beppu,86202407250400,12
beppu,86202407250400,12
beppu,86202408040100,7
beppu,86202408040100,7
beppu,86202408040100,7
beppu,86202408040200,7
beppu,86202408040200,7
beppu,86202408040200,7
beppu,86202408040300,7
beppu,86202408040300,7
beppu,86202408040300,7
beppu,86202408190100,9
beppu,86202408190100,9
beppu,86202408190100,9
beppu,86202408190200,9
beppu,86202408190200,9
beppu,86202408190200,9
beppu,86202408190300,9
beppu,86202408190300,9
beppu,86202408190300,9
beppu,86202408310100,7
beppu,86202408310100,7
beppu,86202408310100,7
beppu,86202408310200,7
beppu,86202408310200,7
beppu,86202408310200,7
beppu,86202408310300,7
beppu,86202408310300,7
beppu,86202408310300,7
beppu,86202409060100,12
beppu,86202409060100,12
beppu,86202409060100,12
beppu,86202409060200,12
beppu,86202409060200,12
beppu,86202409060200,12
beppu,86202409060300,12
beppu,86202409060300,12
beppu,86202409060300,12
beppu,86202409210100,7
beppu,86202409210100,7
beppu,86202409210100,7
beppu,86202409210200,7
beppu,86202409210200,7
beppu,86202409210200,7
beppu,86202409210300,7
beppu,86202409210300,7
beppu,86202409210300,7
beppu,86202409260100,7
beppu,86202409260100,7
beppu,86202409260100,7
beppu,86202409260200,7
beppu,86202409260200,7
beppu,86202409260200,7
beppu,86202409260300,7
beppu,86202409260300,7
beppu,86202409260300,7
beppu,86202409300100,7
beppu,86202409300100,7
beppu,86202409300100,7
beppu,86202409300200,7
beppu,86202409300200,7
beppu,86202409300200,7
beppu,86202409300300,7
beppu,86202409300300,7
beppu,86202409300300,7
beppu,86202410110100,12
beppu,86202410110100,12
beppu,86202410110100,12
beppu,86202410110100,12
beppu,86202410110200,12
beppu,86202410110200,12
beppu,86202410110200,12
beppu,86202410110200,12
beppu,86202410110300,12
beppu,86202410110300,12
beppu,86202410110300,12
beppu,86202410110300,12
beppu,86202410110400,12
beppu,86202410110400,12
beppu,86202410110400,12
beppu,86202410110400,12
beppu,86202411060100,7
beppu,86202411060100,7
beppu,86202411060100,7
beppu,86202411060200,7
beppu,86202411060200,7
beppu,86202411060200,7
beppu,86202411060300,7
beppu,86202411060300,7
beppu,86202411060300,7
beppu,86202411190100,10
beppu,86202411190100,10
beppu,86202411190100,10
beppu,86202411190200,10
beppu,86202411190200,10
beppu,86202411190200,10
beppu,86202411190300,10
beppu,86202411190300,10
beppu,86202411190300,10
beppu,86202412010100,12
beppu,86202412010100,12
beppu,86202412010100,12
beppu,86202412010200,12
beppu,86202412010200,12
beppu,86202412010200,12
beppu,86202412010300,12
beppu,86202412010300,12
beppu,86202412010300,12
beppu,86202412070100,7
beppu,86202412070100,7
beppu,86202412070100,7
beppu,86202412070200,7
beppu,86202412070200,7
beppu,86202412070200,7
beppu,86202412070300,7
beppu,86202412070300,7
beppu,86202412070300,7
beppu,86202412150100,7
beppu,86202412150100,7
beppu,86202412150100,7
beppu,86202412150200,7
beppu,86202412150200,7
beppu,86202412150200,7
beppu,86202412150300,7
beppu,86202412150300,7
beppu,86202412150300,7
beppu,86202412250100,7
beppu,86202412250100,7
beppu,86202412250100,7
beppu,86202412250200,7
beppu,86202412250200,7
beppu,86202412250200,7
beppu,86202412250300,7
beppu,86202412250300,7
beppu,86202412250300,7
beppu,86202412310100,7
beppu,86202412310100,7
beppu,86202412310100,7
beppu,86202412310200,6
beppu,86202412310200,6
beppu,86202412310200,6
beppu,86202412310300,6
beppu,86202412310300,6
beppu,86202412310300,6
beppu,86202501070100,12
beppu,86202501070100,12
beppu,86202501070100,12
beppu,86202501070200,12
beppu,86202501070200,12
beppu,86202501070200,12
beppu,86202501070300,12
beppu,86202501070300,12
beppu,86202501070300,12
beppu,86202501260100,9
beppu,86202501260100,9
beppu,86202501260100,9
beppu,86202501260200,9
beppu,86202501260200,9
beppu,86202501260200,9
beppu,86202501260300,9
beppu,86202501260300,9
beppu,86202501260300,9
beppu,86202502010100,7
beppu,86202502010100,7
beppu,86202502010100,7
beppu,86202502010200,7
beppu,86202502010200,7
beppu,86202502010200,7
beppu,86202502010300,7
beppu,86202502010300,7
beppu,86202502010300,7
beppu,86202502080100,5
beppu,86202502080100,5
beppu,86202502080100,5
beppu,86202502080200,9
beppu,86202502080200,9
beppu,86202502080200,9
beppu,86202502080300,9
beppu,86202502080300,9
beppu,86202502080300,9
beppu,86202502150100,7
beppu,86202502150100,7
beppu,86202502150100,7
beppu,86202502150200,7
beppu,86202502150200,7
beppu,86202502150200,7
beppu,86202502150300,7
beppu,86202502150300,7
beppu,86202502150300,7
beppu,86202503070100,9
beppu,86202503070100,9
beppu,86202503070100,9
beppu,86202503070200,9
beppu,86202503070200,9
beppu,86202503070200,9
beppu,86202503070300,9
beppu,86202503070300,9
beppu,86202503070300,9
beppu,86202503140100,7
beppu,86202503140100,7
beppu,86202503140100,7
beppu,86202503140200,7
beppu,86202503140200,7
beppu,86202503140200,7
beppu,86202503140300,7
beppu,86202503140300,7
beppu,86202503140300,7
beppu,86202503240100,12
beppu,86202503240100,12
beppu,86202503240100,12
beppu,86202503240200,12
beppu,86202503240200,12
beppu,86202503240200,12
beppu,86202503240300,12
beppu,86202503240300,12
beppu,86202503240300,12
beppu,86202504020100,7
beppu,86202504020100,7
beppu,86202504020100,7
beppu,86202504020200,7
beppu,86202504020200,7
beppu,86202504020200,7
beppu,86202504020300,7
beppu,86202504020300,7
beppu,86202504020300,7
beppu,86202504150100,12
beppu,86202504150100,12
beppu,86202504150100,12
beppu,86202504150200,12
beppu,86202504150200,12
beppu,86202504150200,12
beppu,86202504150300,12
beppu,86202504150300,12
beppu,86202504150300,12
beppu,86202504250100,7
beppu,86202504250100,7
beppu,86202504250100,7
beppu,86202504250200,7
beppu,86202504250200,7
beppu,86202504250200,7
beppu,86202504250300,7
beppu,86202504250300,7
beppu,86202504250300,7
beppu,86202505090100,11
beppu,86202505090100,11
beppu,86202505090100,11
beppu,86202505090200,11
beppu,86202505090200,11
beppu,86202505090200,11
beppu,86202505090300,11
beppu,86202505090300,11
beppu,86202505090300,11
beppu,86202505180100,7
beppu,86202505180100,7
beppu,86202505180100,7
beppu,86202505180200,7
beppu,86202505180200,7
beppu,86202505180200,7
beppu,86202505180300,7
beppu,86202505180300,7
beppu,86202505180300,7
beppu,86202506050100,12
beppu,86202506050100,12
beppu,86202506050100,12
beppu,86202506050100,12
beppu,86202506050200,12
beppu,86202506050200,12
beppu,86202506050200,12
beppu,86202506050200,12
beppu,86202506050300,12
beppu,86202506050300,12
beppu,86202506050300,12
beppu,86202506050300,12
beppu,86202506050400,12
beppu,86202506050400,12
beppu,86202506050400,12
beppu,86202506050400,12
beppu,86202506150100,11
beppu,86202506150100,11
beppu,86202506150100,11
beppu,86202506150200,11
beppu,86202506150200,11
beppu,86202506150200,11
beppu,86202506150300,11
beppu,86202506150300,11
beppu,86202506150300,11
beppu,86202507040100,7
beppu,86202507040100,7
beppu,86202507040100,7
beppu,86202507040200,7
beppu,86202507040200,7
beppu,86202507040200,7
beppu,86202507040300,7
beppu,86202507040300,7
beppu,86202507040300,7
beppu,86202507190100,9
beppu,86202507190100,9
beppu,86202507190100,9
beppu,86202507190200,9
beppu,86202507190200,9
beppu,86202507190200,9
beppu,86202507190300,9
beppu,86202507190300,9
beppu,86202507190300,9
beppu,86202507280100,12
beppu,86202507280100,12
beppu,86202507280100,12
beppu,86202507280200,12
beppu,86202507280200,12
beppu,86202507280200,12
beppu,86202507280300,12
beppu,86202507280300,12
beppu,86202507280300,12
beppu,86202508060100,9
beppu,86202508060100,9
beppu,86202508060100,9
beppu,86202508060200,9
beppu,86202508060200,9
beppu,86202508060200,9
beppu,86202508060300,9
beppu,86202508060300,9
beppu,86202508060300,9
beppu,86202508280100,7
beppu,86202508280100,7
beppu,86202508280100,7
beppu,86202508280200,7
beppu,86202508280200,7
beppu,86202508280200,7
beppu,86202508280300,7
beppu,86202508280300,7
beppu,86202508280300,7
beppu,86202509090100,7
beppu,86202509090100,7
beppu,86202509090100,7
beppu,86202509090200,7
beppu,86202509090200,7
beppu,86202509090200,7
beppu,86202509090300,7
beppu,86202509090300,7
beppu,86202509090300,7
beppu,86202509210100,9
beppu,86202509210100,9
beppu,86202509210100,9
beppu,86202509210200,9
beppu,86202509210200,9
beppu,86202509210200,9
beppu,86202509210300,9
beppu,86202509210300,9
beppu,86202509210300,9
beppu,86202509300100,7
beppu,86202509300100,7
beppu,86202509300100,7
beppu,86202509300200,7
beppu,86202509300200,7
beppu,86202509300200,7
beppu,86202509300300,7
beppu,86202509300300,7
beppu,86202509300300,7
beppu,86202510160100,12
beppu,86202510160100,12
beppu,86202510160100,12
beppu,86202510160100,12
beppu,86202510160200,12
beppu,86202510160200,12
beppu,86202510160200,12
beppu,86202510160200,12
beppu,86202510160300,12
beppu,86202510160300,12
beppu,86202510160300,12
beppu,86202510160300,12
beppu,86202510160400,12
beppu,86202510160400,12
beppu,86202510160400,12
beppu,86202510160400,12
beppu,86202510260100,7
beppu,86202510260100,7
beppu,86202510260100,7
beppu,86202510260200,7
beppu,86202510260200,7
beppu,86202510260200,7
beppu,86202510260300,7
beppu,86202510260300,7
beppu,86202510260300,7
beppu,86202511020100,7
beppu,86202511020100,7
beppu,86202511020100,7
beppu,86202511020200,7
beppu,86202511020200,7
beppu,86202511020200,7
beppu,86202511020300,7
beppu,86202511020300,7
beppu,86202511020300,7
beppu,86202511070100,11
beppu,86202511070100,11
beppu,86202511070100,11
beppu,86202511070200,11
beppu,86202511070200,11
beppu,86202511070200,11
beppu,86202511070300,11
beppu,86202511070300,11
beppu,86202511070300,11
beppu,86202511150100,9
beppu,86202511150100,9
beppu,86202511150100,9
beppu,86202511150200,9
beppu,86202511150200,9
beppu,86202511150200,9
beppu,86202511150300,9
beppu,86202511150300,9
beppu,86202511150300,9
beppu,86202511290100,7
beppu,86202511290100,7
beppu,86202511290100,7
beppu,86202511290200,7
beppu,86202511290200,7
beppu,86202511290200,7
beppu,86202511290300,7
beppu,86202511290300,7
beppu,86202511290300,7
beppu,86202512150100,12
beppu,86202512150100,12
beppu,86202512150100,12
beppu,86202512150200,12
beppu,86202512150200,12
beppu,86202512150200,12
beppu,86202512150300,12
beppu,86202512150300,12
beppu,86202512150300,12
beppu,86202512220100,7
beppu,86202512220100,7
beppu,86202512220100,7
beppu,86202512220200,7
beppu,86202512220200,7
beppu,86202512220200,7
beppu,86202512220300,7
beppu,86202512220300,7
beppu,86202512220300,7
beppu,86202512300100,7
beppu,86202512300100,7
beppu,86202512300100,7
beppu,86202512300200,7
beppu,86202512300200,7
beppu,86202512300200,7
beppu,86202512300300,7
beppu,86202512300300,7
beppu,86202512300300,7
beppu,86202601040100,7
beppu,86202601040100,7
beppu,86202601040100,7
beppu,86202601040200,7
beppu,86202601040200,7
beppu,86202601040200,7
beppu,86202601040300,7
beppu,86202601040300,7
beppu,86202601040300,7
beppu,86202601090100,7
beppu,86202601090100,7
beppu,86202601090100,7
beppu,86202601090200,7
beppu,86202601090200,7
beppu,86202601090200,7
beppu,86202601090300,7
beppu,86202601090300,7
beppu,86202601090300,7
beppu,86202601150100,7
beppu,86202601150100,7
beppu,86202601150100,7
beppu,86202601150200,7
beppu,86202601150200,7
beppu,86202601150200,7
beppu,86202601150300,7
beppu,86202601150300,7
beppu,86202601150300,7
beppu,86202601200100,9
beppu,86202601200100,9
beppu,86202601200100,9
beppu,86202601200200,9
beppu,86202601200200,9
beppu,86202601200200,9
beppu,86202601200300,9
beppu,86202601200300,9
beppu,86202601200300,9
beppu,86202601300100,12
beppu,86202601300100,12
beppu,86202601300100,12
beppu,86202601300200,12
beppu,86202601300200,12
beppu,86202601300200,12
beppu,86202601300300,12
beppu,86202601300300,12
beppu,86202601300300,12
beppu,86202602120100,12
beppu,86202602120100,12
beppu,86202602120100,12
beppu,86202602120200,12
beppu,86202602120200,12
beppu,86202602120200,12
beppu,86202602120300,12
beppu,86202602120300,12
beppu,86202602120300,12
beppu,86202602240100,7
beppu,86202602240100,7
beppu,86202602240100,7
beppu,86202602240200,7
beppu,86202602240200,7
beppu,86202602240200,7
beppu,86202602240300,7
beppu,86202602240300,7
beppu,86202602240300,7
beppu,86202603240100,12
beppu,86202603240100,12
beppu,86202603240100,12
beppu,86202603240200,12
beppu,86202603240200,12
beppu,86202603240200,12
beppu,86202603240300,12
beppu,86202603240300,12
beppu,86202603240300,12
beppu,86202604100100,9
beppu,86202604100100,9
beppu,86202604100100,9
beppu,86202604100200,9
beppu,86202604100200,9
beppu,86202604100200,9
beppu,86202604100300,9
beppu,86202604100300,9
beppu,86202604100300,9
beppu,86202604260100,7
beppu,86202604260100,7
beppu,86202604260100,7
beppu,86202604260200,7
beppu,86202604260200,7
beppu,86202604260200,7
beppu,86202604260300,7
beppu,86202604260300,7
beppu,86202604260300,7
beppu,86202605070100,9
beppu,86202605070100,9
beppu,86202605070100,9
beppu,86202605070200,9
beppu,86202605070200,9
beppu,86202605070200,9
beppu,86202605070300,9
beppu,86202605070300,9
beppu,86202605070300,9
beppu,86202605250100,12
beppu,86202605250100,12
beppu,86202605250100,12
beppu,86202605250200,12
beppu,86202605250200,12
beppu,86202605250200,12
beppu,86202605250300,12
beppu,86202605250300,12
beppu,86202605250300,12
beppu,86202606010100,7
beppu,86202606010100,7
beppu,86202606010100,7
beppu,86202606010200,7
beppu,86202606010200,7
beppu,86202606010200,7
beppu,86202606010300,7
beppu,86202606010300,7
beppu,86202606010300,7
beppu,86202606090100,9
beppu,86202606090100,9
beppu,86202606090100,9
beppu,86202606090200,9
beppu,86202606090200,9
beppu,86202606090200,9
beppu,86202606090300,9
beppu,86202606090300,9
beppu,86202606090300,9
beppu,86202606150100,12
beppu,86202606150100,12
beppu,86202606150100,12
beppu,86202606150200,12
beppu,86202606150200,12
beppu,86202606150200,12
beppu,86202606150300,12
beppu,86202606150300,12
beppu,86202606150300,12
kumamoto,87202407200100,12
kumamoto,87202407200100,12
kumamoto,87202407200100,12
kumamoto,87202407200200,12
kumamoto,87202407200200,12
kumamoto,87202407200200,12
kumamoto,87202407200300,12
kumamoto,87202407200300,12
kumamoto,87202407200300,12
kumamoto,87202407260100,7
kumamoto,87202407260100,7
kumamoto,87202407260100,7
kumamoto,87202407260200,7
kumamoto,87202407260200,7
kumamoto,87202407260200,7
kumamoto,87202407260300,7
kumamoto,87202407260300,7
kumamoto,87202407260300,7
kumamoto,87202407310100,7
kumamoto,87202407310100,7
kumamoto,87202407310100,7
kumamoto,87202407310200,7
kumamoto,87202407310200,7
kumamoto,87202407310200,7
kumamoto,87202407310300,7
kumamoto,87202407310300,7
kumamoto,87202407310300,7
kumamoto,87202408270100,7
kumamoto,87202408270100,7
kumamoto,87202408270100,7
kumamoto,87202408270200,7
kumamoto,87202408270200,7
kumamoto,87202408270200,7
kumamoto,87202408270300,12
kumamoto,87202408270300,12
kumamoto,87202408270300,12
kumamoto,87202409020100,12
kumamoto,87202409020100,12
kumamoto,87202409020100,12
kumamoto,87202409020200,12
kumamoto,87202409020200,12
kumamoto,87202409020200,12
kumamoto,87202409020300,12
kumamoto,87202409020300,12
kumamoto,87202409020300,12
kumamoto,87202409120100,7
kumamoto,87202409120100,7
kumamoto,87202409120100,7
kumamoto,87202409120200,7
kumamoto,87202409120200,7
kumamoto,87202409120200,7
kumamoto,87202409120300,7
kumamoto,87202409120300,7
kumamoto,87202409120300,7
kumamoto,87202409210100,9
kumamoto,87202409210100,9
kumamoto,87202409210100,9
kumamoto,87202409210200,9
kumamoto,87202409210200,9
kumamoto,87202409210200,9
kumamoto,87202409210300,9
kumamoto,87202409210300,9
kumamoto,87202409210300,9
kumamoto,87202410030100,12
kumamoto,87202410030100,12
kumamoto,87202410030100,12
kumamoto,87202410030100,12
kumamoto,87202410030200,12
kumamoto,87202410030200,12
kumamoto,87202410030200,12
kumamoto,87202410030200,12
kumamoto,87202410030300,12
kumamoto,87202410030300,12
kumamoto,87202410030300,12
kumamoto,87202410030300,12
kumamoto,87202410030400,12
kumamoto,87202410030400,12
kumamoto,87202410030400,12
kumamoto,87202410030400,12
kumamoto,87202410180100,7
kumamoto,87202410180100,7
kumamoto,87202410180100,7
kumamoto,87202410180200,7
kumamoto,87202410180200,7
kumamoto,87202410180200,7
kumamoto,87202410180300,7
kumamoto,87202410180300,7
kumamoto,87202410180300,7
kumamoto,87202410240100,7
kumamoto,87202410240100,7
kumamoto,87202410240100,7
kumamoto,87202410240200,7
kumamoto,87202410240200,7
kumamoto,87202410240200,7
kumamoto,87202410240300,7
kumamoto,87202410240300,7
kumamoto,87202410240300,7
kumamoto,87202411080100,12
kumamoto,87202411080100,12
kumamoto,87202411080100,12
kumamoto,87202411080200,12
kumamoto,87202411080200,12
kumamoto,87202411080200,12
kumamoto,87202411080300,12
kumamoto,87202411080300,12
kumamoto,87202411080300,12
kumamoto,87202411160100,7
kumamoto,87202411160100,7
kumamoto,87202411160100,7
kumamoto,87202411160200,7
kumamoto,87202411160200,7
kumamoto,87202411160200,7
kumamoto,87202411160300,7
kumamoto,87202411160300,7
kumamoto,87202411160300,7
kumamoto,87202412060100,9
kumamoto,87202412060100,9
kumamoto,87202412060100,9
kumamoto,87202412060200,9
kumamoto,87202412060200,9
kumamoto,87202412060200,9
kumamoto,87202412060300,9
kumamoto,87202412060300,9
kumamoto,87202412060300,9
kumamoto,87202412150100,9
kumamoto,87202412150100,9
kumamoto,87202412150100,9
kumamoto,87202412150200,9
kumamoto,87202412150200,9
kumamoto,87202412150200,9
kumamoto,87202412150300,9
kumamoto,87202412150300,9
kumamoto,87202412150300,9
kumamoto,87202412230100,12
kumamoto,87202412230100,12
kumamoto,87202412230100,12
kumamoto,87202412230200,12
kumamoto,87202412230200,12
kumamoto,87202412230200,12
kumamoto,87202412230300,12
kumamoto,87202412230300,12
kumamoto,87202412230300,12
kumamoto,87202501050100,7
kumamoto,87202501050100,7
kumamoto,87202501050100,7
kumamoto,87202501050200,7
kumamoto,87202501050200,7
kumamoto,87202501050200,7
kumamoto,87202501050300,7
kumamoto,87202501050300,7
kumamoto,87202501050300,7
kumamoto,87202501180100,12
kumamoto,87202501180100,12
kumamoto,87202501180100,12
kumamoto,87202501180200,12
kumamoto,87202501180200,12
kumamoto,87202501180200,12
kumamoto,87202501180300,12
kumamoto,87202501180300,12
kumamoto,87202501180300,12
kumamoto,87202501230100,7
kumamoto,87202501230100,7
kumamoto,87202501230100,7
kumamoto,87202501230200,7
kumamoto,87202501230200,7
kumamoto,87202501230200,7
kumamoto,87202501230300,7
kumamoto,87202501230300,7
kumamoto,87202501230300,7
kumamoto,87202502090100,7
kumamoto,87202502090100,7
kumamoto,87202502090100,7
kumamoto,87202502090200,7
kumamoto,87202502090200,7
kumamoto,87202502090200,7
kumamoto,87202502090300,7
kumamoto,87202502090300,7
kumamoto,87202502090300,7
kumamoto,87202502160100,12
kumamoto,87202502160100,12
kumamoto,87202502160100,12
kumamoto,87202502160200,12
kumamoto,87202502160200,12
kumamoto,87202502160200,12
kumamoto,87202502160300,12
kumamoto,87202502160300,12
kumamoto,87202502160300,12
kumamoto,87202502230100,7
kumamoto,87202502230100,7
kumamoto,87202502230100,7
kumamoto,87202502230200,7
kumamoto,87202502230200,7
kumamoto,87202502230200,7
kumamoto,87202502230300,7
kumamoto,87202502230300,7
kumamoto,87202502230300,7
kumamoto,87202503010100,7
kumamoto,87202503010100,7
kumamoto,87202503010100,7
kumamoto,87202503010200,7
kumamoto,87202503010200,7
kumamoto,87202503010200,7
kumamoto,87202503010300,7
kumamoto,87202503010300,7
kumamoto,87202503010300,7
kumamoto,87202503090100,7
kumamoto,87202503090100,7
kumamoto,87202503090100,7
kumamoto,87202503090200,7
kumamoto,87202503090200,7
kumamoto,87202503090200,7
kumamoto,87202503090300,7
kumamoto,87202503090300,7
kumamoto,87202503090300,7
kumamoto,87202504070100,9
kumamoto,87202504070100,9
kumamoto,87202504070100,9
kumamoto,87202504070200,9
kumamoto,87202504070200,9
kumamoto,87202504070200,9
kumamoto,87202504070300,9
kumamoto,87202504070300,9
kumamoto,87202504070300,9
kumamoto,87202504150100,7
kumamoto,87202504150100,7
kumamoto,87202504150100,7
kumamoto,87202504150200,7
kumamoto,87202504150200,7
kumamoto,87202504150200,7
kumamoto,87202504150300,7
kumamoto,87202504150300,7
kumamoto,87202504150300,7
kumamoto,87202504210100,12
kumamoto,87202504210100,12
kumamoto,87202504210100,12
kumamoto,87202504210200,12
kumamoto,87202504210200,12
kumamoto,87202504210200,12
kumamoto,87202504210300,12
kumamoto,87202504210300,12
kumamoto,87202504210300,12
kumamoto,87202505020100,11
kumamoto,87202505020100,11
kumamoto,87202505020100,11
kumamoto,87202505020200,11
kumamoto,87202505020200,11
kumamoto,87202505020200,11
kumamoto,87202505020300,11
kumamoto,87202505020300,11
kumamoto,87202505020300,11
kumamoto,87202505130100,7
kumamoto,87202505130100,7
kumamoto,87202505130100,7
kumamoto,87202505130200,7
kumamoto,87202505130200,7
kumamoto,87202505130200,7
kumamoto,87202505130300,7
kumamoto,87202505130300,7
kumamoto,87202505130300,7
kumamoto,87202505260100,9
kumamoto,87202505260100,9
kumamoto,87202505260100,9
kumamoto,87202505260200,9
kumamoto,87202505260200,9
kumamoto,87202505260200,9
kumamoto,87202505260300,9
kumamoto,87202505260300,9
kumamoto,87202505260300,9
kumamoto,87202506010100,7
kumamoto,87202506010100,7
kumamoto,87202506010100,7
kumamoto,87202506010200,7
kumamoto,87202506010200,7
kumamoto,87202506010200,7
kumamoto,87202506010300,7
kumamoto,87202506010300,7
kumamoto,87202506010300,7
kumamoto,87202506120100,7
kumamoto,87202506120100,7
kumamoto,87202506120100,7
kumamoto,87202506120200,7
kumamoto,87202506120200,7
kumamoto,87202506120200,7
kumamoto,87202506120300,7
kumamoto,87202506120300,7
kumamoto,87202506120300,7
kumamoto,87202506250100,12
kumamoto,87202506250100,12
kumamoto,87202506250100,12
kumamoto,87202506250200,12
kumamoto,87202506250200,12
kumamoto,87202506250200,12
kumamoto,87202506250300,12
kumamoto,87202506250300,12
kumamoto,87202506250300,12
kumamoto,87202507240100,12
kumamoto,87202507240100,12
kumamoto,87202507240100,12
kumamoto,87202507240200,12
kumamoto,87202507240200,12
kumamoto,87202507240200,12
kumamoto,87202507240300,12
kumamoto,87202507240300,12
kumamoto,87202507240300,12
kumamoto,87202507300100,7
kumamoto,87202507300100,7
kumamoto,87202507300100,7
kumamoto,87202507300200,7
kumamoto,87202507300200,7
kumamoto,87202507300200,7
kumamoto,87202507300300,7
kumamoto,87202507300300,7
kumamoto,87202507300300,7
kumamoto,87202508180100,9
kumamoto,87202508180100,9
kumamoto,87202508180100,9
kumamoto,87202508180200,9
kumamoto,87202508180200,9
kumamoto,87202508180200,9
kumamoto,87202508180300,9
kumamoto,87202508180300,9
kumamoto,87202508180300,9
kumamoto,87202509170100,7
kumamoto,87202509170100,7
kumamoto,87202509170100,7
kumamoto,87202509170200,7
kumamoto,87202509170200,7
kumamoto,87202509170200,7
kumamoto,87202509170300,7
kumamoto,87202509170300,7
kumamoto,87202509170300,7
kumamoto,87202509280100,12
kumamoto,87202509280100,12
kumamoto,87202509280100,12
kumamoto,87202509280200,12
kumamoto,87202509280200,12
kumamoto,87202509280200,12
kumamoto,87202509280300,12
kumamoto,87202509280300,12
kumamoto,87202509280300,12
kumamoto,87202601270100,12
kumamoto,87202601270100,12
kumamoto,87202601270100,12
kumamoto,87202601270200,12
kumamoto,87202601270200,12
kumamoto,87202601270200,12
kumamoto,87202601270300,12
kumamoto,87202601270300,12
kumamoto,87202601270300,12
kumamoto,87202602030100,7
kumamoto,87202602030100,7
kumamoto,87202602030100,7
kumamoto,87202602030200,7
kumamoto,87202602030200,7
kumamoto,87202602030200,7
kumamoto,87202602030300,7
kumamoto,87202602030300,7
kumamoto,87202602030300,7
kumamoto,87202602110100,9
kumamoto,87202602110100,9
kumamoto,87202602110100,9
kumamoto,87202602110200,9
kumamoto,87202602110200,9
kumamoto,87202602110200,9
kumamoto,87202602110300,9
kumamoto,87202602110300,9
kumamoto,87202602110300,9
kumamoto,87202602200100,12
kumamoto,87202602200100,12
kumamoto,87202602200100,12
kumamoto,87202602200100,12
kumamoto,87202602200200,12
kumamoto,87202602200200,12
kumamoto,87202602200200,12
kumamoto,87202602200200,12
kumamoto,87202602200300,12
kumamoto,87202602200300,12
kumamoto,87202602200300,12
kumamoto,87202602200300,12
kumamoto,87202602200400,12
kumamoto,87202602200400,12
kumamoto,87202602200400,12
kumamoto,87202602200400,12
kumamoto,87202603040100,7
kumamoto,87202603040100,7
kumamoto,87202603040100,7
kumamoto,87202603040200,7
kumamoto,87202603040200,7
kumamoto,87202603040200,7
kumamoto,87202603040300,7
kumamoto,87202603040300,7
kumamoto,87202603040300,7
kumamoto,87202603140100,7
kumamoto,87202603140100,7
kumamoto,87202603140100,7
kumamoto,87202603140200,7
kumamoto,87202603140200,7
kumamoto,87202603140200,7
kumamoto,87202603140300,7
kumamoto,87202603140300,7
kumamoto,87202603140300,7
kumamoto,87202603200100,12
kumamoto,87202603200100,12
kumamoto,87202603200100,12
kumamoto,87202603200200,12
kumamoto,87202603200200,12
kumamoto,87202603200200,12
kumamoto,87202603200300,12
kumamoto,87202603200300,12
kumamoto,87202603200300,12
kumamoto,87202603290100,9
kumamoto,87202603290100,9
kumamoto,87202603290100,9
kumamoto,87202603290200,9
kumamoto,87202603290200,9
kumamoto,87202603290200,9
kumamoto,87202603290300,9
kumamoto,87202603290300,9
kumamoto,87202603290300,9
kumamoto,87202604040100,7
kumamoto,87202604040100,7
kumamoto,87202604040100,7
kumamoto,87202604040200,7
kumamoto,87202604040200,7
kumamoto,87202604040200,7
kumamoto,87202604040300,7
kumamoto,87202604040300,7
kumamoto,87202604040300,7
kumamoto,87202604140100,7
kumamoto,87202604140100,7
kumamoto,87202604140100,7
kumamoto,87202604140200,7
kumamoto,87202604140200,7
kumamoto,87202604140200,7
kumamoto,87202604140300,7
kumamoto,87202604140300,7
kumamoto,87202604140300,7
kumamoto,87202604260100,12
kumamoto,87202604260100,12
kumamoto,87202604260100,12
kumamoto,87202604260200,12
kumamoto,87202604260200,12
kumamoto,87202604260200,12
kumamoto,87202604260300,12
kumamoto,87202604260300,12
kumamoto,87202604260300,12
kumamoto,87202605070100,12
kumamoto,87202605070100,12
kumamoto,87202605070100,12
kumamoto,87202605070200,12
kumamoto,87202605070200,12
kumamoto,87202605070200,12
kumamoto,87202605070300,12
kumamoto,87202605070300,12
kumamoto,87202605070300,12
kumamoto,87202605290100,11
kumamoto,87202605290100,11
kumamoto,87202605290100,11
kumamoto,87202605290200,11
kumamoto,87202605290200,11
kumamoto,87202605290200,11
kumamoto,87202605290300,11
kumamoto,87202605290300,11
kumamoto,87202605290300,11
kumamoto,87202606180100,9
kumamoto,87202606180100,9
kumamoto,87202606180100,9
kumamoto,87202606180200,9
kumamoto,87202606180200,9
kumamoto,87202606180200,9
kumamoto,87202606180300,9
kumamoto,87202606180300,9
kumamoto,87202606180300,9
