race_id,car_no,raw_finish_position,finish_status_detail,exception_name_from_html,exception_margin,exception_agari,exception_decision,exception_sb,exception_comment
1220230605020006,5,失,disqualified,坂本智哉,,,,,
1220230605030004,3,欠,absent,沢田勇治,,,,,
1220230610010006,1,,unknown_exception,小野裕次,,,,,
1220230610010006,2,,unknown_exception,樋口絢土,,,,,
1220230610010006,3,,unknown_exception,梅田加津也,,,,,
1220230610010006,4,,unknown_exception,高鍋邦彰,,,,,
1220230610010006,5,,unknown_exception,永田修一,,,,,
1220230610010006,6,,unknown_exception,赤星俊光,,,,,
1220230610010006,7,,unknown_exception,藤本龍也,,,,,
1220230622020002,2,欠,absent,亀井道佳,,,,,
1220230627010003,7,落,crash,宮司周郎,,,,,
1220230627020004,2,失,disqualified,川木敬大,,,,,
1220230702010002,2,欠,absent,伊早坂駿一,,,,,当日欠場し
1220230702020002,2,落,crash,田中勝仁,,,,,押上げられ
1220230702020002,1,失,disqualified,伊藤奎,,,,S,外張り３失
1220230702030004,1,落,crash,堂村知哉,,,,S,
1220230702030004,4,落,crash,伊藤成紀,,,,,
1220230702030004,2,失,disqualified,岡本英之,,,,,
1220230702030007,6,落,crash,泉慶輔,,,,,
1220230702030007,7,落,crash,染谷幸喜,,,,,
1220230702030011,1,失,disqualified,栗林巧,,,,S,
1220230709020009,6,落,crash,田中陽平,,,,,終Ｈで接触
1220230709020009,4,故,accident_finish,長田祐弥,,,,,落避け後退
1220230709030012,2,失,disqualified,湊聖二,,,,,
1220230719010005,2,落,crash,宇佐見裕輝,,,,,
1220230724010001,4,失,disqualified,中西司,,,,,離れ斜行し
1220230724020006,5,落,crash,保立沙織,,,,,３半乗上げ
1220230724020006,3,失,disqualified,鈴木彩夏,,,,,好位接触し
1220230724030002,2,失,disqualified,櫻川雅彦,,,,,
1220230724030002,6,故,accident_finish,牧田賢也,,,,,
1220230730010004,1,落,crash,阿部晃,,,,,
1220230730010004,6,落,crash,佐藤裕輝,,,,,
1220230730030003,1,欠,absent,木幡幸仁,,,,,
1220230807020001,2,失,disqualified,大島将人,,,,,切替内追抜
1220230807030001,3,落,crash,佐々木健司,,,,S,
1220230807030001,4,失,disqualified,川村昭弘,,,,,
1220230807030003,2,失,disqualified,北村貴幸,,,,,
1220230807030012,2,落,crash,佐々木悠葵,,,,,
1220230807030012,4,落,crash,山賀雅仁,,,,,
1220230807030012,6,失,disqualified,阿部拓真,,,,,
1220230812020008,3,失,disqualified,大西健士,,,,,
1220230819010006,5,欠,absent,菱沼元樹,,,,,
1220230819030004,1,失,disqualified,吉田悟,,,,S,
1220230819030007,2,失,disqualified,宮内善光,,,,,
1220230826010002,4,落,crash,平石浩之,,,,,
1220230901030008,7,失,disqualified,堀江省吾,,,,B,
1220230915010003,9,落,crash,佐々木悠葵,,,,,ＨＳで落車
1220230915020003,1,落,crash,伊藤颯馬,,,,,ＨＳで落車
1220230915020003,2,失,disqualified,鈴木庸之,,,,,目標捲られ
1220230915020007,4,落,crash,高橋築,,,,,捲り進まず
1220230915020007,6,落,crash,嶋津拓弥,,,,,単騎で不発
1220230915030005,9,欠,absent,村上博幸,,,,,当日欠場
1220230915030007,3,落,crash,山崎賢人,,,,,叩かれ落車
1220230915030007,9,失,disqualified,島川将貴,,,,,叩くも失格
1220230915030009,2,落,crash,園田匠,,,,,目標が不発
1220230915030012,5,失,disqualified,稲川翔,,,,,先手を追走
1220230929020002,1,落,crash,浦山一栄,,,,,
1220230929020002,2,失,disqualified,井上典善,,,,,
1220231008020003,1,落,crash,鈴木宏章,,,,,
1220231008020003,5,落,crash,望月裕一郎,,,,,
1220231020020007,5,落,crash,大矢崇弘,,,,,鐘過ぎ落車
1220231020020007,7,落,crash,川崎健次,,,,,鐘過ぎ落車
1220231020030003,3,落,crash,佐藤有輝,,,,,
1220231020030003,5,失,disqualified,小笠原昭太,,,,,
1220231028010002,4,失,disqualified,奥森敏,,,,,
1220231028020004,6,欠,absent,日吉克実,,,,,
1220231028020004,1,落,crash,藤田晃英,,,,,
1220231028020004,3,落,crash,武藤貴志,,,,S,
1220231103010002,3,落,crash,瀬口匠,,,,,接触し落車
1220231103010003,5,失,disqualified,木村元信,,,,,４角内下り
1220240511010005,5,欠,absent,真崎章徳,,,,,
1220240610010002,5,失,disqualified,舟元権造,,,,,
1220240619010005,4,失,disqualified,菅谷隆司,,,,,内抜き失格
1220240619010009,7,失,disqualified,田口勇介,,,,,被り内抜失
1220240626010002,7,欠,absent,村上順規,,,,,
1220240626010002,6,失,disqualified,清水正人,,,,,
1220240626010003,3,欠,absent,木幡幸仁,,,,,
1220240704020010,3,落,crash,近藤保,,,,,４角絡まれ
1220240710020002,7,欠,absent,白木正彦,,,,,
1220240710030009,5,失,disqualified,西村行貴,,,,,
1220240716010012,4,落,crash,佐々木雄一,,,,,混戦で落車
1220240716010012,3,失,disqualified,内藤秀久,,,,,併走で落車
1220240716020005,5,落,crash,日当泰之,,,,,３半で落車
1220240726020001,4,失,disqualified,片山大輔,,,,,角口聖不発
1220240726020009,4,落,crash,内村泰三,,,,,直線で落車
1220240726020009,6,落,crash,船倉卓郎,,,,,直線で落車
1220240726020009,2,失,disqualified,船瀬惇平,,,,,逃走も失格
1220240726020010,1,欠,absent,加藤圭一,,,,,当日欠場
1220240726030005,5,失,disqualified,高橋朋恵,,,,,
1220240726030012,4,落,crash,今井聡,,,,,
1220240726030012,3,失,disqualified,小川将二郎,,,,,
1220240731020005,1,失,disqualified,岡田亮太,,,,,
1220240813010008,2,落,crash,小野大介,,,,,離れ落車し
1220240813010011,4,落,crash,坂本紘規,,,,,捲り合され
1220240819030006,1,落,crash,高本和也,,,,,
1220240819030006,2,落,crash,山口貴弘,,,,,
1220240819030006,5,落,crash,三澤康人,,,,,
1220240819030006,3,失,disqualified,會澤龍,,,,S,
1220240824010002,7,欠,absent,邊見祐太,,,,,
1220240824020007,2,落,crash,小堀敢太,,,,,
1220240824030003,3,欠,absent,北沢勝弘,,,,,
1220240824030003,1,失,disqualified,三澤勝成,,,,,
1220240830010005,4,欠,absent,大澤雄大,,,,,当日欠場
1220240904010007,2,落,crash,橋本智昭,,,,SB,
1220240904030002,1,落,crash,飯田威文,,,,S,
1220240904030002,4,落,crash,阿部英光,,,,,
1220240904030002,5,落,crash,藤野一良,,,,,
1220240926020002,4,落,crash,山根慶太,,,,,捲り合され
1220240926020002,9,落,crash,田中誠,,,,,４角接触し
1220240926020004,7,失,disqualified,渡辺十夢,,,,,仕事掬われ
1220240926020010,3,失,disqualified,和田健太郎,,,,,内突き失格
1220240926030006,2,落,crash,五十嵐綾,,,,S,併走落車し
1220240926030007,1,落,crash,東口善朋,,,,S,目標と後方
1220240926030007,5,落,crash,椎木尾拓哉,,,,,鐘３角落車
1220240926030007,9,落,crash,上杉嘉槻,,,,,後方捲れず
1220240926030008,1,落,crash,嵯峨昇喜郎,,,,S,７番手不発
1220240926030008,5,落,crash,坂本貴史,,,,,目標共倒れ
1220240926030008,8,失,disqualified,柴田洋輔,,,,,ライン共倒
1220240926040008,3,落,crash,近藤俊明,,,,,
1220240926040008,6,落,crash,矢口大樹,,,,,
1220241015010012,3,落,crash,久米良,,,,,接触し落車
1220241015010012,7,落,crash,瓜生崇智,,,,,接触し落車
1220241015020006,5,失,disqualified,稲村好将,,,,,内外線内抜
1220241023010010,4,落,crash,石川雅望,,,,,鐘前接触落
1220241023020001,3,落,crash,峰重祐之介,,,,S,外振り接触
1220241023020001,7,落,crash,黒田大介,,,,,内外絡まれ
1220241023020002,3,失,disqualified,根本雄紀,,,,,過失走行で
1220241023020011,5,落,crash,山根将太,,,,,打鐘前落車
1220241023020011,3,失,disqualified,鈴木玄人,,,,B,斜行し１失
1220241023030005,2,欠,absent,猪頭香緒里,,,,,
1220241028020005,3,落,crash,高間悠平,,,,S,
1220241104020001,7,落,crash,金辺雄介,,,,,
1220250412010006,3,落,crash,松本秀之介,,,,,直線で不利
1220250412010006,7,落,crash,菅原晃,,,,,直線で追突
1220250412010006,2,失,disqualified,大崎飛雄馬,,,,,直線で斜行
1220250412020005,1,落,crash,上遠野拓馬,,,,S,叩けず浮き
1220250412020008,4,落,crash,高原仁志,,,,,牽制絡んで
1220250412020008,6,落,crash,丸山貴秀,,,,S,牽制されて
1220250507030008,6,落,crash,吉田勇人,,,,,
1220250524020007,9,落,crash,和田圭,,,,,
1220250524020007,7,失,disqualified,小倉竜二,,,,,
1220250524020008,6,落,crash,東口善朋,,,,,
1220250605020003,5,欠,absent,木幡幸仁,,,,,
1220250613010003,1,落,crash,油谷蒼,,,,,
1220250613010003,2,落,crash,前田拓也,,,,,
1220250613010003,5,失,disqualified,駒井大輔,,,,S,
1220250613020004,3,落,crash,村上貴彦,,,,,
1220250613020004,6,失,disqualified,玉木英典,,,,,
1220250613020009,1,落,crash,南部翔大,,,,S,
1220250613020009,6,失,disqualified,宮倉勇,,,,,
1220250623030003,7,落,crash,山崎航,,,,,
1220250623030007,1,落,crash,加藤将武,,,,S,
1220250623030009,1,落,crash,坂本修一,,,,S,
1220250623030009,7,落,crash,真崎新太郎,,,,,
1220250623030009,5,失,disqualified,上野雅彦,,,,,
1220250710010002,4,失,disqualified,龍門慎太郎,,,,,
1220250710010007,3,欠,absent,赤星俊光,,,,,
1220250710020002,5,欠,absent,三登誉哲,,,,,
1220250717010001,3,失,disqualified,牛田樹希斗,,,,,叩けず絡む
1220250717020012,5,失,disqualified,湊聖二,,,,,押上げ失格
1220250723010003,5,失,disqualified,倉松涼,,,,,
1220250723010003,7,失,disqualified,吉田彰久,,,,,
1220250723030001,2,失,disqualified,廣川貞治,,,,,
1220250809010003,2,落,crash,佐野多喜男,,,,,
1220250809010003,7,落,crash,菊池崇訓,,,,,
1220250809020002,6,欠,absent,沼川夢久,,,,,
1220250901010010,1,落,crash,菅野航基,,,,SB,すぐ叩返す
1220250901020006,5,欠,absent,武藤篤弘,,,,,当日欠場
1220250911010004,7,欠,absent,井上嵩,,,,,
1220250911030002,1,失,disqualified,肥後尚己,,,,S,
1220250920020002,7,失,disqualified,竹内翼,,,,,ＹＬ踏切り
1220250920030012,8,落,crash,久木原洋,,,,,接触し落車
1220250920040008,9,失,disqualified,山崎歩夢,,,,,
1220250926010001,2,落,crash,外崎一成,,,,,
1220250926010001,4,落,crash,岩本純,,,,,
1220250926030007,5,落,crash,島村匠,,,,,
1220250926030007,1,失,disqualified,丸山貴秀,,,,S,
1220251003010004,1,落,crash,山本和瑳,,,,S,
1220251003010004,5,落,crash,鈴木雄一朗,,,,,
1220251003030002,4,落,crash,野崎修一,,,,,
1220251003030002,6,失,disqualified,富澤洋祐,,,,,
1220251008010011,1,落,crash,横山尚則,,,,S,３半で接触
1220251008030011,1,落,crash,福田健太,,,,,
1220251027020011,2,落,crash,坂本貴史,,,,,接触し落車
1220251027020011,5,落,crash,紺野哲也,,,,,追突し落車
1220251027020011,3,失,disqualified,桑名僚也,,,,,内差接触落
1220260412020004,7,落,crash,長松空吾,,,,,
1220260412020004,5,失,disqualified,渡邊健,,,,,
1220260504010005,3,失,disqualified,寺沼伊織,,,,,
1220260504010007,2,落,crash,三谷政史,,,,,
1220260504020006,5,落,crash,中島淳,,,,,
1220260504020006,1,失,disqualified,塩崎隼秀,,,,,
1220260519020005,4,失,disqualified,佐々木堅次,,,,,
1220260519030005,4,落,crash,田中誠,,,,,
1220260519030005,5,落,crash,岡田征陽,,,,,
1220260519030005,1,失,disqualified,塚本大樹,,,,S,
1220260528010009,5,落,crash,前川大輔,,,,,
1220260528010009,2,失,disqualified,馬場和広,,,,S,
1220260617010003,6,失,disqualified,山城光央,,,,,
1220260625020005,4,失,disqualified,渡辺馨,,,,,
1220260625030005,7,落,crash,宮原貴之,,,,,
1220260625030005,2,失,disqualified,中村淳,,,,,
8620221231010011,1,失,disqualified,菅田和宏,,,,S,
8620221231020001,2,欠,absent,沖本尚織,,,,,
8620230106010001,5,落,crash,高嶋一朗,,,,,Ｈ過ぎ落車
8620230106020010,1,落,crash,大坪功一,,,,,前団Ｇ前落
8620230117010007,3,落,crash,瀧野勝太,,,,,
8620230117010007,4,落,crash,松本充生,,,,,
8620230117010007,6,落,crash,吉田彰久,,,,S,
8620230117010008,1,失,disqualified,川島勝,,,,,
8620230117020002,7,失,disqualified,村松俊弥,,,,,
8620230117030002,1,欠,absent,太田良政,,,,,
8620230117030006,2,失,disqualified,山崎泰己,,,,,
8620230123010009,6,欠,absent,佐藤清之,,,,,当日欠場
8620230123030109,5,失,disqualified,天田裕輝,,,,,
8620230123030109,4,故,accident_finish,市橋司優人,,,,,
8620230131010003,1,失,disqualified,阿部亮治,,,,,
8620230224010005,5,失,disqualified,上吹越俊一,,,,B,外振り斜行
8620230224010009,3,落,crash,山内卓也,,,,,追上げ競負
8620230224010009,4,落,crash,藤田昌宏,,,,,逃がされて
8620230224010009,5,落,crash,内山貴裕,,,,,３半で接触
8620230318010011,4,欠,absent,松本貴治,,,,,当日欠場
8620230318030002,5,欠,absent,久木原洋,,,,,当日欠場
8620230318030012,2,落,crash,荒井崇博,,,,,接触し落車
8620230318030012,6,落,crash,小松崎大地,,,,,３角で落車
8620230318040010,7,失,disqualified,浅井康太,,,,,
8620230318040012,5,失,disqualified,古性優作,,,,,
8620230327010005,2,落,crash,三澤康人,,,,,
8620230327010005,7,落,crash,坂本拓也,,,,,
8620230327020007,3,欠,absent,一丸尚伍,,,,,
8620230327030007,1,落,crash,立部楓真,,,,,
8620230327030007,2,落,crash,今野大輔,,,,S,
8620230327030007,3,落,crash,上野優太,,,,,
8620230327030007,4,失,disqualified,小玉勇一,,,,,
8620230407030010,1,落,crash,野口諭実可,,,,,
8620230407030010,5,失,disqualified,篠崎新純,,,,,
8620230416010003,6,落,crash,松尾正人,,,,,
8620230428010003,1,落,crash,宮内善光,,,,S,
8620230428010003,3,落,crash,作田悦章,,,,,
8620230428010003,5,落,crash,大竹慎吾,,,,,
8620230428030009,3,落,crash,渡邉豪大,,,,S,
8620230511020006,3,失,disqualified,小林則之,,,,B,
8620230511030001,4,失,disqualified,松木竜也,,,,,
8620230511030005,4,落,crash,土井勲,,,,,
8620230518010002,4,失,disqualified,渋川聡士,,,,,
8620230523010003,6,失,disqualified,谷尾佳昭,,,,,
8620230523020003,6,失,disqualified,阿部亮治,,,,,
8620230601030010,2,欠,absent,鈴木彩夏,,,,,
8620230610030001,3,落,crash,服部竜二,,,,,
8620230620010001,3,落,crash,小佐野文秀,,,,,
8620230620010001,5,失,disqualified,小玉勇一,,,,B,
8620230630010003,2,故,accident_finish,高尾剛文,,,,,早々事故棄
8620230630020005,2,落,crash,沼川夢久,,,,,接触し落車
8620230630020005,5,落,crash,宮道良輔,,,,,接触し落車
8620230630020008,1,落,crash,浅沼聖士,,,,S,乗上げ落車
8620230630020008,4,落,crash,飯島淳,,,,,打鐘後落車
8620230630020008,5,落,crash,上野真吾,,,,,乗上げ落車
8620230630020011,4,落,crash,長井優斗,,,,,接触し落車
8620230630030005,7,欠,absent,浜地晴帆,,,,,
8620230707020003,3,失,disqualified,宮倉勇,,,,,
8620230713010006,5,落,crash,宮本龍一,,,,S,
8620230713020006,4,落,crash,井寺亮太,,,,,
8620230713020006,1,失,disqualified,中野智公,,,,,
8620230713030004,5,失,disqualified,塚本貴雄,,,,,
8620230815010011,2,失,disqualified,萩原孝之,,,,,踏出し離れ
8620230815020003,5,落,crash,野中祐志,,,,,飛び付かれ
8620230815020003,4,失,disqualified,中村翔平,,,,,番手飛付き
8620230829010006,1,落,crash,川本隆史,,,,S,
8620230829010006,4,落,crash,板羽俊一,,,,,
8620230829010006,5,失,disqualified,松尾大樹,,,,,
8620230829020006,4,落,crash,伊藤司,,,,,
8620230829020006,6,落,crash,山崎功也,,,,,
8620230903010002,5,失,disqualified,中山敬太郎,,,,,
8620230913010006,2,失,disqualified,照屋将貴,,,,S,
8620230913010006,3,失,disqualified,宮司周郎,,,,,
8620230913020004,3,落,crash,屋宜浩二,,,,,
8620230919020001,5,失,disqualified,隅貴史,,,,,内抜き失格
8620231002010002,4,失,disqualified,大山泰伸,,,,,
8620231002020001,4,欠,absent,前島恭平,,,,,
8620231106010010,2,落,crash,吉田智哉,,,,,接触し落車
8620231106010010,6,落,crash,和田誠寿,,,,,乗上げ落車
8620231106020009,3,落,crash,中田雄喜,,,,,乗上げ落車
8620231106020009,2,失,disqualified,佐藤真一,,,,,外入し落失
8620231119010005,6,失,disqualified,阿部龍也,,,,,
8620231127010001,3,落,crash,森川剛,,,,,
8620231127010004,7,欠,absent,竹元健竜,,,,,
8620231207010007,8,欠,absent,佐藤朋也,,,,,当日欠場
8620231207010010,8,落,crash,魚屋周成,,,,S,切替え落車
8620231207020008,4,落,crash,阿部拓真,,,,,絡まれ落車
8620231207020008,6,失,disqualified,安東宏高,,,,,④を押上げ
8620231207040012,1,落,crash,松浦悠士,,,,,
8620231207040012,8,失,disqualified,大塚健一郎,,,,,
8620231214010009,3,落,crash,小川勇介,,,,,
8620231214010009,7,落,crash,片岡迪之,,,,,
8620231219010002,1,欠,absent,山崎功也,,,,,
8620231219020002,4,失,disqualified,宮澤晃,,,,,
8620231228010004,4,落,crash,藤原浩,,,,,
8620231228010004,7,落,crash,三木健治,,,,S,
8620231228030004,6,欠,absent,緒方慎太朗,,,,,
8620240103010008,1,欠,absent,吉永好宏,,,,,当日欠場し
8620240103010012,6,落,crash,岡本総,,,,,接触し落車
8620240103010012,4,失,disqualified,小岩大介,,,,,押込み３失
8620240109020002,1,欠,absent,阿部利光,,,,,
8620240207030006,3,落,crash,真田晃,,,,,
8620240212010004,2,落,crash,土井勲,,,,,
8620240212010004,7,落,crash,小西芳樹,,,,,
8620240212010004,5,失,disqualified,吉川裕二,,,,,
8620240301010002,5,失,disqualified,馬場和広,,,,B,
8620240301020004,5,落,crash,宮内善光,,,,,
8620240311010001,1,落,crash,吉良勝信,,,,S,絡まれ落車
8620240311010001,3,落,crash,古城英之,,,,,乗上げ落車
8620240311010001,4,落,crash,佐藤有輝,,,,,接触し落車
8620240311010009,2,落,crash,菅原晃,,,,,乗上げ落車
8620240311010009,3,落,crash,福島武士,,,,,不利受落車
8620240311010009,6,失,disqualified,関根健太郎,,,,,押上げ失格
8620240311010011,5,落,crash,大坪功一,,,,,接触し落車
8620240311030002,1,失,disqualified,原司,,,,S,
8620240317010004,3,落,crash,田中弘章,,,,,
8620240317010004,6,落,crash,足達重満,,,,,
8620240415020002,3,失,disqualified,小野祐作,,,,,
8620240504010002,2,失,disqualified,石田宏樹,,,,,
8620240504010003,2,欠,absent,鈴木康平,,,,,
8620240504020003,5,失,disqualified,長田彰人,,,,,
8620240504020004,4,失,disqualified,中山善仁,,,,,
8620240504030007,5,落,crash,渡邊一洋,,,,,
8620240523020009,1,故,accident_finish,峰重祐之介,,,,S,接触し後退
8620240523030006,4,失,disqualified,矢島一弥,,,,,
8620240601010005,5,落,crash,菅藤智,,,,,押上げられ
8620240601010005,4,失,disqualified,櫻木雄太,,,,,押上げ失格
8620240618020001,5,失,disqualified,原清孝,,,,B,
8620240618020006,2,落,crash,船倉卓郎,,,,,
8620240618020006,5,落,crash,千澤大輔,,,,,
8620240618020006,7,失,disqualified,嶋貫高大,,,,,
8620240618030002,5,失,disqualified,森山昌昭,,,,,
8620240625010005,3,失,disqualified,伊藤太一,,,,,
8620240625010005,4,故,accident_finish,藤井將,,,,,
8620240625020007,4,落,crash,小原亮哉,,,,,
8620240708010004,1,失,disqualified,安部龍文,,,,,
8620240708020001,5,欠,absent,高橋幸司,,,,,
8620240708030005,1,落,crash,櫻井太士,,,,,
8620240725030006,4,落,crash,松坂英司,,,,,乗り上げて
8620240725030006,5,落,crash,松永将,,,,,乗り上げて
8620240725030006,8,落,crash,佐藤成人,,,,,絡んで落車
8620240725030007,1,失,disqualified,伊藤旭,,,,,Ｈ前捨られ
8620240725030008,1,,unknown_exception,磯田旭,,,,,未実施抽選
8620240725030008,2,,unknown_exception,阿部拓真,,,,,未実施抽選
8620240725030008,3,,unknown_exception,南潤,,,,,未実施抽選
8620240725030008,4,,unknown_exception,竹内翼,,,,,未実施抽選
8620240725030008,5,,unknown_exception,佐々木悠葵,,,,,未実施抽選
8620240725030008,6,,unknown_exception,丸山直樹,,,,,未実施抽選
8620240725030008,7,,unknown_exception,原田研太朗,,,,,未実施抽選
8620240725030008,8,,unknown_exception,板垣昴,,,,,未実施抽選
8620240725030008,9,,unknown_exception,清水一幸,,,,,未実施抽選
8620240725040006,2,落,crash,池田勇人,,,,,
8620240725040006,8,失,disqualified,児玉慎一郎,,,,,
8620240804010002,1,落,crash,小岩哲也,,,,,
8620240804010007,1,失,disqualified,豊岡英子,,,,,
8620240804030003,3,落,crash,谷田泰平,,,,,
8620240804030003,4,落,crash,戸伏康夫,,,,,
8620240819020004,4,落,crash,園田鉄兵,,,,,
8620240831030003,4,失,disqualified,尾崎勝弘,,,,,
8620240906020011,4,失,disqualified,東口善朋,,,,,藤井に離れ
8620240906030001,3,落,crash,山本貴章,,,,,
8620240921030002,7,欠,absent,青木亮太,,,,,
8620240926030005,6,落,crash,水本博行,,,,,
8620240926030005,3,失,disqualified,田村真広,,,,,
8620241011020003,6,失,disqualified,西島叶子,,,,,後方外併走
8620241011020009,1,落,crash,上田国広,,,,S,内降り落車
8620241011030007,1,落,crash,林大悟,,,,,ホーム落車
8620241011030007,8,失,disqualified,山田義彦,,,,,内締め失格
8620241011030010,3,失,disqualified,星野洋輝,,,,S,外阻み踏む
8620241106010005,7,失,disqualified,長谷隆志,,,,,
8620241201010008,4,欠,absent,一丸尚伍,,,,,当日欠場
8620241201010009,3,欠,absent,竹山陵太,,,,,当日欠場
8620241215020003,1,落,crash,大西健士,,,,,
8620241215020003,5,落,crash,高橋大輝,,,,,
8620241225020005,2,失,disqualified,楠本政明,,,,,
8620241225020007,5,欠,absent,小野俊之,,,,,
8620241225030006,7,失,disqualified,村本慎吾,,,,,
8620250107020009,2,欠,absent,吉田敏洋,,,,,当日欠場で
8620250126010002,7,落,crash,秋永共之,,,,,
8620250126020008,1,失,disqualified,白戸淳太郎,,,,,
8620250208010005,7,落,crash,吉成晃一,,,,,
8620250215020007,7,失,disqualified,加藤昌平,,,,,
8620250215020007,4,故,accident_finish,福森慎太郎,,,,,
8620250307010006,4,欠,absent,松本大地,,,,,
8620250307020005,3,故,accident_finish,田中秀治,,,,,
8620250307020005,7,故,accident_finish,佐伯辰哉,,,,S,
8620250314020005,6,落,crash,高木修二,,,,,
8620250314020005,2,失,disqualified,藤井將,,,,,
8620250324020009,1,失,disqualified,山本拳也,,,,,
8620250324030005,6,欠,absent,佐藤乃愛,,,,,
8620250402010002,6,落,crash,山田慎一郎,,,,,
8620250402010002,7,落,crash,小林高志,,,,,
8620250415020011,4,落,crash,池田良,,,,,本線も落車
8620250415030010,5,落,crash,成松春樹,,,,,
8620250415030010,3,失,disqualified,三ツ石康洋,,,,,
8620250425020003,1,失,disqualified,小峰烈,,,,,
8620250425020004,5,失,disqualified,安谷屋将志,,,,,
8620250509010001,6,落,crash,鈴木豪,,,,,押圧されて
8620250509010001,5,失,disqualified,鳥生知八,,,,,押圧し４失
8620250509020005,5,落,crash,北津留千羽,,,,,接触し落車
8620250509020005,6,失,disqualified,高崎千賀,,,,,接触し落失
8620250509020010,5,欠,absent,林佳宗依,,,,,当日欠場
8620250509030002,5,欠,absent,平川雅晃,,,,,
8620250509030011,2,落,crash,秋山太洋,,,,,
8620250518010003,3,落,crash,宮司周郎,,,,,
8620250518010003,7,落,crash,桜井雄太,,,,,
8620250518020006,4,落,crash,佐藤壮志,,,,,
8620250518020006,5,落,crash,伊藤温希,,,,,
8620250605010003,3,落,crash,原誠宏,,,,,捲乗内潜り
8620250605010003,8,落,crash,平原啓多,,,,,不発ライン
8620250605010005,7,失,disqualified,木暮安由,,,,,内抜き失格
8620250605030001,5,落,crash,青井賢治,,,,,挟まれ落車
8620250704030004,2,落,crash,栗田貴徳,,,,,
8620250704030004,4,落,crash,太田黒大心,,,,,
8620250704030005,3,失,disqualified,塩田日海,,,,,
8620250704030005,6,失,disqualified,蛯原杏奈,,,,S,
8620250704030005,5,故,accident_finish,橋本佳耶,,,,,
8620250719030004,2,落,crash,安谷屋将志,,,,,
8620250719030004,4,落,crash,山本貴章,,,,,
8620250719030007,1,失,disqualified,筒井裕哉,,,,S,
8620250728010006,2,落,crash,濱田芽生,,,,,流れ乗れず
8620250728010006,6,失,disqualified,東美月,,,,,中団取るも
8620250728010008,3,落,crash,佐藤成人,,,,,棚瀬義離れ
8620250728010008,4,失,disqualified,荒木貴大,,,,,中団揉まれ
8620250728010012,7,落,crash,坂本健太郎,,,,,終審で落車
8620250728010012,2,失,disqualified,松岡辰泰,,,,,先行捲られ
8620250728020005,4,落,crash,谷口幸司,,,,,終審で落車
8620250728020005,6,落,crash,小磯知也,,,,,終審で落車
8620250728020005,7,落,crash,古屋琢晶,,,,S,終審で落車
8620250728020005,5,失,disqualified,藤井準也,,,,,終審で落車
8620250728030012,2,失,disqualified,石塚輪太郎,,,,,
8620250806010009,4,落,crash,今井聡,,,,,
8620250806010009,5,落,crash,近藤誠二,,,,,
8620250828010003,3,落,crash,鳥丸晃順,,,,,
8620250828020001,1,欠,absent,米丸俊成,,,,,
8620250828030003,3,落,crash,檀雄二,,,,,
8620250828030003,5,落,crash,屋宜浩二,,,,,
8620250909020004,5,落,crash,塚本貴雄,,,,,
8620250921010009,2,故,accident_finish,笹倉慎也,,,,,
8620250921020005,5,失,disqualified,中井大介,,,,,
8620250930010005,5,失,disqualified,赤星俊光,,,,,
8620251016010008,2,落,crash,元砂勇雪,,,,,Ｂ接触故障
8620251016010008,3,故,accident_finish,芦澤大輔,,,,,Ｂ接触故障
8620251016010010,1,落,crash,今藤康裕,,,,,接触し落車
8620251016010010,4,落,crash,岸澤賢太,,,,,接触し落車
8620251016010010,8,落,crash,小沼良,,,,,絡んで落車
8620251016010010,2,失,disqualified,阪本和也,,,,,押上げ３失
8620251016030011,6,失,disqualified,大塚健一郎,,,,,斜行し８失
8620251016030011,8,故,accident_finish,照井拓成,,,,,車体故障で
8620251102010005,1,落,crash,山本康旗,,,,,
8620251102010005,2,失,disqualified,小野俊之,,,,,
8620251102010005,6,失,disqualified,長岡豪,,,,,
8620251102030002,6,欠,absent,保科圭太,,,,,
8620251102030007,1,落,crash,水澤秀哉,,,,SB,
8620251102030007,2,落,crash,中田拓也,,,,,
8620251107010008,6,落,crash,瓦田勝也,,,,,前だけ届く
8620251107020008,4,失,disqualified,松永真太,,,,,内抜き３失
8620251107030003,7,落,crash,川添輝彦,,,,,
8620251107030004,5,欠,absent,大浦彩瑛,,,,,
8620251215010007,5,落,crash,西田雅志,,,,,内掬い落車
8620251215020001,2,落,crash,宮司周郎,,,,,接触落車
8620251215020001,6,落,crash,行成大祐,,,,,追突落車
8620251215020003,1,落,crash,中島将尊,,,,S,四番手競り
8620251215020003,4,落,crash,坪内恒,,,,,三番手競り
8620251215020003,2,失,disqualified,犬塚貴之,,,,,三番手競り
8620251215030003,7,落,crash,三好陽一,,,,,
8620251215030003,6,失,disqualified,廣川泰昭,,,,,
8620251215030005,5,欠,absent,柿本大貴,,,,,
8620251230010001,4,欠,absent,枠元一葵,,,,,
8620251230020005,1,落,crash,寺崎祐樹,,,,S,
8620251230020005,3,落,crash,阿部兼士,,,,,
8620251230020005,5,失,disqualified,近藤雄太,,,,,
8620260104020004,4,落,crash,郡英治,,,,,
8620260115020006,5,落,crash,大林亮介,,,,,
8620260115020006,4,失,disqualified,服部竜二,,,,,
8620260115020007,4,失,disqualified,篠田樹,,,,,
8620260120010003,2,失,disqualified,鈴木庸之,,,,,
8620260120010006,5,落,crash,平田徹,,,,,
8620260120030006,5,落,crash,芳野匠,,,,,
8620260120030006,6,失,disqualified,小佐野文秀,,,,,
8620260130010009,3,失,disqualified,鈴木輝大,,,,,
8620260130020002,1,失,disqualified,松永真太,,,,,
8620260130020008,5,欠,absent,堤洋,,,,,
8620260212030005,2,落,crash,福田滉,,,,,
8620260212030005,3,落,crash,中井俊亮,,,,,
8620260212030005,4,落,crash,澤田義和,,,,,
8620260224020005,3,落,crash,高橋義秋,,,,,
8620260324020011,1,落,crash,林大悟,,,,,
8620260324020011,5,落,crash,小岩大介,,,,,
8620260324020011,4,失,disqualified,棚瀬義大,,,,SB,
8620260426010005,6,落,crash,武田靖夫,,,,,
8620260426010006,1,落,crash,山田義彦,,,,,
8620260426010006,2,落,crash,小竹洋平,,,,,
8620260525010005,1,落,crash,藏本徹二,,,,S,
8620260525010006,7,失,disqualified,宮越孝治,,,,,
8620260525010006,2,故,accident_finish,長谷部翔,,,,,
8620260525020004,6,落,crash,市村昌樹,,,,,
8620260525020004,7,落,crash,櫻井太士,,,,,
8620260601010004,6,欠,absent,白木正彦,,,,,
8620260601020005,5,落,crash,加藤駿,,,,,
8620260601020005,4,失,disqualified,伊藤之人,,,,S,
8620260609020008,2,落,crash,山田裕哉,,,,,
8620260609020008,7,落,crash,馬越裕之,,,,,
8620260615020003,4,落,crash,植草亮介,,,,,
8620260615020003,7,落,crash,藤原浩,,,,,
8620260615020003,1,失,disqualified,中田健太,,,,S,
5120230312010007,1,落,crash,野寺楓,,,,,Ｈ手前落車
5120230312020012,6,落,crash,神田龍,,,,,外張り離れ
5120230312030012,7,落,crash,村田雅一,,,,,
5120230323010001,4,落,crash,片山弘城,,,,,押込れ落車
5120230323010001,6,落,crash,坂本佳憲,,,,,落車乗上げ
5120230323010001,1,失,disqualified,愛敬博之,,,,,押圧で１失
5120230323010006,5,落,crash,高井流星,,,,B,接触し落車
5120230323020008,1,落,crash,大坪功一,,,,,ＨＳ前落車
5120230401010001,5,失,disqualified,升澤祥晃,,,,,内抜き失格
5120230401030003,4,落,crash,服部竜二,,,,,
5120230401030006,2,失,disqualified,藤縄洋介,,,,S,
5120230410010004,2,落,crash,西郷剛,,,,,３半で落車
5120230410010010,4,落,crash,中川勝貴,,,,S,ＨＳで落車
5120230410010010,2,失,disqualified,野中祐志,,,,,押圧し失格
5120230410020010,2,失,disqualified,木暮安由,,,,,内側追抜き
5120230513010002,2,落,crash,樋口瑛土,,,,,
5120230513010002,7,落,crash,本村隆文,,,,,
5120230513010002,4,失,disqualified,井上将志,,,,,
5120230522010002,3,落,crash,藤原浩,,,,,３半で接触
5120230522010011,3,落,crash,佐伯辰哉,,,,,絡み４角落
5120230522010011,7,落,crash,真田晃,,,,,４角絡み落
5120230522020011,6,落,crash,上杉嘉槻,,,,,捲上げ接触
5120230522020011,3,失,disqualified,堤洋,,,,,番手押上げ
5120230522020012,5,落,crash,金ヶ江勇気,,,,,ＢＳ接触し
5120230601010004,3,落,crash,榎本光男,,,,,追突し落車
5120230601010004,4,落,crash,原岡泰志郎,,,,,バック落車
5120230601020005,2,落,crash,棟方次郎,,,,,接触し落車
5120230722010004,3,失,disqualified,小原丈一郎,,,,,押上げ１失
5120230722010009,8,落,crash,下井竜,,,,,接触し落車
5120230722010009,1,失,disqualified,佐々木省司,,,,S,外入し故失
5120230722010011,8,落,crash,丸山貴秀,,,,,外張り遅れ
5120230722020006,5,落,crash,中川貴徳,,,,,４角絡み落
5120230722020006,7,落,crash,中井太祐,,,,,４角絡み落
5120230722030004,1,落,crash,皿屋豊,,,,,フタされて
5120230722030004,6,落,crash,三谷政史,,,,,佐山を援護
5120230722040005,3,落,crash,谷田泰平,,,,,
5120230731020002,2,落,crash,戸邉裕将,,,,,キメられ落
5120230731020005,4,失,disqualified,岡崎和久,,,,,切替内掬い
5120230821010003,3,落,crash,佐藤明,,,,,
5120230821010003,2,故,accident_finish,藤本龍也,,,,,
5120230821020002,5,落,crash,茂木和臣,,,,,
5120230821020002,3,故,accident_finish,坂本佳憲,,,,,
5120230921010011,1,落,crash,佐々木則幸,,,,,薦田に追突
5120230921010011,6,落,crash,薦田将伍,,,,,飛付２角落
5120231020010001,2,落,crash,加藤昌平,,,,,
5120231020010001,4,落,crash,山本貴章,,,,,
5120231020010001,6,落,crash,西郷剛,,,,,
5120231020020005,4,落,crash,辰己豊,,,,,
5120231102010005,2,欠,absent,三浦靖,,,,,
5120231113020008,1,欠,absent,小野大介,,,,,当日欠場
5120231113020012,5,落,crash,山口泰生,,,,,体勢崩落車
5120231113020012,7,落,crash,高橋築,,,,,乗上げ落車
5120231113020012,3,失,disqualified,佐々木龍,,,,,押上げ落失
5120231113030002,1,落,crash,江端隆司,,,,,
5120231113030002,6,落,crash,田典幸,,,,,
5120231113030002,3,失,disqualified,山口茂,,,,,
5120231128010003,2,失,disqualified,高本旭,,,,,内側追抜き
5120231128020001,4,落,crash,児玉利文,,,,,乗上げ落車
5120231128020001,5,落,crash,伊藤文秋,,,,,乗上げ落車
5120231128020001,1,失,disqualified,永原徹,,,,S,過失走行失
5120231128020007,3,落,crash,豊岡英子,,,,,捲り追落車
5120231128020011,3,落,crash,大洞翔平,,,,,Ｇ前内突落
5120231128030007,7,落,crash,土井勲,,,,,
5120231128030007,1,失,disqualified,島村匠,,,,SB,
5120240304010001,1,落,crash,齋藤明,,,,,４角で転倒
5120240304010001,3,失,disqualified,小林大能,,,,S,外帯線進入
5120240311020007,3,落,crash,山口翼,,,,,３角で追突
5120240311020007,4,落,crash,中村雅仁,,,,,３角で不利
5120240311020007,2,失,disqualified,藤原誠,,,,,牽制し斜行
5120240311030002,2,欠,absent,檀雄二,,,,,
5120240311030012,4,欠,absent,南修二,,,,,
5120240321030002,3,欠,absent,米丸俊成,,,,,
5120240321030003,6,欠,absent,日吉克実,,,,,
5120240326020004,6,失,disqualified,村上順規,,,,,
5120240401010007,6,失,disqualified,溝口香奈,,,,,内側追抜失
5120240418020005,2,失,disqualified,片折勇輝,,,,,
5120240424010007,2,落,crash,山口聖矢,,,,,張られ落車
5120240424010007,6,失,disqualified,久木原洋,,,,,斜行し失格
5120240424020006,1,欠,absent,舘泰守,,,,,当日欠場
5120240424020010,2,落,crash,中島詩音,,,,,張られ落車
5120240424020010,4,落,crash,山下渡,,,,,落車巻込れ
5120240424020010,5,失,disqualified,山賀雅仁,,,,,斜行し失格
5120240424030008,3,落,crash,佐々木和紀,,,,,
5120240424030008,1,失,disqualified,中川勝貴,,,,S,
5120240523020001,7,失,disqualified,奥山雅士,,,,,牽制斜行し
5120240523020002,2,落,crash,藤原清隆,,,,,追上げ競負
5120240523020003,4,失,disqualified,片折亮太,,,,S,牽制斜行し
5120240619020012,6,落,crash,上遠野拓馬,,,,,接触し落車
5120240619020012,3,失,disqualified,久米康平,,,,,捲切るかに
5120240630010001,4,落,crash,窪田陽介,,,,,
5120240630010001,1,失,disqualified,上田隼,,,,S,
5120240630030005,5,失,disqualified,田口裕一,,,,,
5120240720020007,9,失,disqualified,宿口陽一,,,,,ＢＳ内追抜
5120240731020004,5,失,disqualified,足達重満,,,,,内抜き失格
5120240731020004,2,故,accident_finish,関敬,,,,,牽制し故障
5120240731030001,1,落,crash,長澤和光,,,,,
5120240731030005,6,欠,absent,仙石淳,,,,,
5120240808020001,3,欠,absent,永橋武司,,,,,当日欠場
5120240808030006,1,失,disqualified,水本博行,,,,S,
5120240813010004,3,落,crash,井寺亮太,,,,,絡んで落車
5120240813010004,5,落,crash,川島勝,,,,,接触し落車
5120240813010004,6,落,crash,古城英之,,,,,乗上げ落車
5120240813020008,2,失,disqualified,小谷実,,,,,内抜き６失
5120240909010004,7,失,disqualified,中野良,,,,,
5120240909030001,2,失,disqualified,武智尚之,,,,,
5120240918020011,4,落,crash,真鍋智寛,,,,,接触し落車
5120240918030001,3,失,disqualified,檀雄二,,,,,
5120240918030007,4,落,crash,根本哲吏,,,,,
5120240918030012,7,落,crash,永澤剛,,,,,
5120240925020011,1,落,crash,中井太祐,,,,,乗上げ落車
5120240925020011,5,落,crash,三谷竜生,,,,,押上げられ
5120240925020011,2,失,disqualified,柿澤大貴,,,,S,押上げ４失
5120241011010004,2,失,disqualified,尾崎勝弘,,,,,絡んで後方
5120241011030009,1,失,disqualified,濱田芽生,,,,,
5120250405020001,5,欠,absent,溝口香奈,,,,,
5120250413030002,4,失,disqualified,長谷川辰徳,,,,,
5120250424010010,1,失,disqualified,篠田幸希,,,,,黄線踏切る
5120250424030004,3,落,crash,松尾玄太,,,,,
5120250424030004,7,落,crash,小笠原昭太,,,,,
5120250502020004,3,落,crash,立石拓也,,,,,
5120250502020004,6,落,crash,原井剣也,,,,,
5120250508010004,6,失,disqualified,志村正洋,,,,,
5120250508010006,1,,unknown_exception,中井修,,,,,
5120250508010006,2,,unknown_exception,藤田和彦,,,,,
5120250508010006,4,,unknown_exception,藤原夏志,,,,,
5120250508010006,5,,unknown_exception,長澤和光,,,,,
5120250508010006,6,,unknown_exception,角口聖也,,,,,
5120250508010006,7,,unknown_exception,古閑良介,,,,,
5120250508010006,3,欠,absent,吉田悟,,,,,
5120250508030004,4,落,crash,深見仁哉,,,,,
5120250508030004,2,失,disqualified,岡嶋登,,,,,
5120250514010006,2,落,crash,松永将,,,,S,
5120250514010006,4,落,crash,谷津田将吾,,,,,
5120250514030008,3,失,disqualified,藤田昌宏,,,,,
5120250527030001,1,落,crash,山崎悟,,,,,
5120250527030004,5,落,crash,布居寛幸,,,,,
5120250602020003,7,欠,absent,飯尾主税,,,,,
5120250602020011,5,落,crash,鈴木竜士,,,,,
5120250612010004,2,失,disqualified,落合豊,,,,,
5120250612030002,4,失,disqualified,菊池崇訓,,,,,
5120250626010006,5,落,crash,倉松涼,,,,,
5120250701020003,7,故,accident_finish,塚本貴雄,,,,,
5120250701020005,1,失,disqualified,上杉有弘,,,,B,
5120250701030001,3,故,accident_finish,中川博文,,,,,
5120250701030005,5,落,crash,井上将志,,,,,
5120250701030005,4,失,disqualified,渡会啓介,,,,,
5120250714010001,2,失,disqualified,小田倉勇二,,,,,
5120250714010005,2,失,disqualified,末廣快理,,,,,
5120250805020008,7,落,crash,福島武士,,,,,
5120250805020009,2,落,crash,中川勝貴,,,,,
5120250824010003,3,落,crash,齊藤紳一朗,,,,,
5120250912010001,5,落,crash,道場晃規,,,,,鐘過ぎ煽受
5120250912010001,6,失,disqualified,瀬戸晋作,,,,,押上競負け
5120250912010004,2,,unknown_exception,野田源一,,,,,未実施抽選
5120250912010004,3,,unknown_exception,雨谷一樹,,,,,未実施抽選
5120250912010004,4,,unknown_exception,村田祐樹,,,,,未実施抽選
5120250912010004,5,,unknown_exception,三宅達也,,,,,未実施抽選
5120250912010004,6,,unknown_exception,長島大介,,,,,未実施抽選
5120250912010004,7,,unknown_exception,吉田拓矢,,,,,未実施抽選
5120250912010004,8,,unknown_exception,福永大智,,,,,未実施抽選
5120250912010004,9,,unknown_exception,橋本強,,,,,未実施抽選
5120250912010004,1,欠,absent,浅井康太,,,,,未実施抽選
5120250912020001,1,落,crash,雨谷一樹,,,,S,４角接触落
5120250912020001,5,失,disqualified,大槻寛徳,,,,,押上げ１失
5120250912020011,2,落,crash,松谷秀幸,,,,,絡んで落車
5120250912020011,7,落,crash,武藤龍生,,,,S,４角接触落
5120250912030002,3,落,crash,村田祐樹,,,,,仕掛け焦り
5120250912030002,5,落,crash,柿澤大貴,,,,,３角接触落
5120250912030009,2,欠,absent,佐藤慎太郎,,,,,当日欠場
5120250912040006,3,落,crash,阿部力也,,,,,
5120250912040006,4,落,crash,纐纈洸翔,,,,,
5120250912040010,6,失,disqualified,飯野祐太,,,,,
5120250912040011,1,失,disqualified,古性優作,,,,S,
4320240125010012,7,落,crash,村上博幸,,,,,ＢＳ前落車
4320240125010012,4,失,disqualified,河野通孝,,,,,番手で失格
4320240125020004,5,落,crash,佐々木和紀,,,,S,鐘過ぎ落車
4320240125020004,6,落,crash,須藤雄太,,,,,乗上げ落車
4320240125030005,2,欠,absent,猪頭香緒里,,,,,
4320240201010004,1,失,disqualified,服部竜二,,,,,押上げ失格
4320240201020009,2,欠,absent,山崎晃,,,,,当日欠場し
4320240201020011,3,欠,absent,磯川勝裕,,,,,当日欠場し
4320240201020012,2,失,disqualified,齋藤輝彦,,,,S,４角で落車
4320240201030002,3,失,disqualified,渡邉泰夫,,,,,
4320240201030007,2,落,crash,西脇美唯奈,,,,,
4320240201030007,3,落,crash,林真奈美,,,,,
4320240209010002,2,落,crash,吉澤純平,,,,,乗上げ落車
4320240209010002,8,落,crash,柏野智典,,,,S,乗上げ落車
4320240209010002,7,失,disqualified,吉田拓矢,,,,,押圧し失格
4320240209010003,5,落,crash,川口公太朗,,,,,終４角接触
4320240209020011,9,落,crash,荒井崇博,,,,,後方内併走
4320240209020011,8,失,disqualified,雨谷一樹,,,,,併走押圧し
4320240209030001,9,失,disqualified,杉森輝大,,,,,牽制斜行し
4320240209040007,8,失,disqualified,松本貴治,,,,,
4320240209040008,1,失,disqualified,新田祐大,,,,S,
4320240225020006,2,欠,absent,網谷竜次,,,,,当日欠場
4320240301030007,1,失,disqualified,神澤瑛菜,,,,,
4320240312020004,6,落,crash,根本雄紀,,,,,３半妨害受
4320240312020004,4,失,disqualified,宗景祐樹,,,,,３半押上げ
4320240317010004,2,落,crash,長澤和光,,,,,乗り上げて
4320240317010004,4,落,crash,鈴木純,,,,,乗り上げて
4320240317010004,6,落,crash,大崎龍一郎,,,,,前輪張られ
4320240317010004,1,失,disqualified,高峰賢治,,,,S,外振り失格
4320240317010008,1,失,disqualified,成清謙二郎,,,,S,続くも内抜
4320240322030010,4,落,crash,柿沼信也,,,,,
4320240322030010,7,失,disqualified,柴崎俊光,,,,,
4320240420030005,2,失,disqualified,青木美優,,,,,
4320240504010004,3,落,crash,松根真,,,,,
4320240504010004,4,失,disqualified,法月成祐,,,,,
4320240517020005,2,落,crash,平野想真,,,,S,
4320240517020005,1,失,disqualified,田中会心,,,,,
4320240524010001,5,失,disqualified,高本旭,,,,,内圏線踏切
4320240601010002,2,失,disqualified,渡辺馨,,,,,
4320240601020007,6,欠,absent,高木香帆,,,,,
4320240601020011,1,欠,absent,山田裕哉,,,,,
4320240601030005,4,落,crash,田村浩章,,,,,
4320240601030005,6,落,crash,荒木真慈,,,,,
4320240601030007,2,落,crash,新井美菜,,,,,
4320240601030007,3,落,crash,森内愛香,,,,,
4320240613030008,2,落,crash,丸山啓一,,,,,
4320240717020011,5,失,disqualified,青柳靖起,,,,B,内圏線踏切
4320240717020012,4,落,crash,金ヶ江勇気,,,,,接触し落車
4320240717020012,7,落,crash,原真司,,,,,乗越え落車
4320240717020012,5,失,disqualified,山口富生,,,,,外帯線内入
4320240722010006,5,失,disqualified,金子幸央,,,,B,内側追抜き
4320240722020003,1,失,disqualified,那須久幸,,,,,押圧し失格
4320240921010003,3,落,crash,山崎泰己,,,,,終４角絡み
4320240921010012,6,失,disqualified,瓜生崇智,,,,,張り押上げ
4320240921020007,3,落,crash,黒沢征治,,,,,鐘過接触し
4320240921020007,5,落,crash,佐藤友和,,,,,鐘過乗上げ
4320240921030002,1,落,crash,大野悟郎,,,,,絡まれ落車
4320240921030005,2,落,crash,山根将太,,,,,追突され落
4320240921030005,4,落,crash,小沼良,,,,,接触し落車
4320240921030005,5,落,crash,山崎泰己,,,,,落車巻込れ
4320240921030007,2,落,crash,香川雄介,,,,,乗り妨害受
4320240921030007,8,落,crash,小原周祐,,,,,進路塞がれ
4320240921030007,9,失,disqualified,佐藤礼文,,,,,牽制斜行落
4320241021010006,1,失,disqualified,泉谷直哉,,,,S,
4320241111010001,4,失,disqualified,鮫島康治,,,,,押圧し落車
4320241111010010,2,欠,absent,相川永伍,,,,,
4320241111030005,5,欠,absent,平子結菜,,,,,
4320241118010002,3,失,disqualified,真崎章徳,,,,,後方になり
4320241118010011,5,失,disqualified,佐伯辰哉,,,,S,鐘過ぎ落車
4320241118030004,7,失,disqualified,永田隼一,,,,,
4320241122020011,1,落,crash,立花成泰,,,,,早々に落車
4320241122030010,1,落,crash,林洋二,,,,,
4320241127010008,2,欠,absent,後藤彰仁,,,,,
4320241127020001,6,失,disqualified,保科圭太,,,,,
4320241216010002,3,失,disqualified,伊藤温希,,,,S,前追えず内
4320241227010003,5,失,disqualified,門馬琢麿,,,,B,捲り１失格
4320250114010008,2,落,crash,藤井準也,,,,,
4320250114010008,3,落,crash,田中誇士,,,,,
4320250114010008,4,落,crash,木村浩宣,,,,,
4320250114030003,1,失,disqualified,角田光,,,,SB,
4320250114030008,1,失,disqualified,加藤昌平,,,,S,
4320250205010006,1,落,crash,丸山貴秀,,,,,４角で接触
4320250205010006,7,落,crash,志村太賀,,,,,番手競負け
4320250205020004,1,落,crash,松尾淳,,,,,赤板過ぎ落
4320250205020005,4,落,crash,伊藤健詞,,,,,終３角接触
4320250205020005,5,落,crash,成清貴之,,,,,追上げ接触
4320250205020012,4,失,disqualified,稲川翔,,,,,追上押込み
4320250212020005,2,落,crash,松山桂輔,,,,,
4320250212020005,5,失,disqualified,大谷靖茂,,,,,
4320250305010001,4,落,crash,河元茂,,,,,落車巻込れ
4320250305010001,5,落,crash,陶器一馬,,,,,接触し落車
4320250305010011,5,欠,absent,川野深,,,,,当日欠場
4320250305020002,3,欠,absent,吉田悟,,,,,当日欠場
4320250305030001,4,欠,absent,木幡幸仁,,,,,
4320250413010001,1,欠,absent,前田拓也,,,,,
4320250413010001,4,落,crash,嶋貫高大,,,,,
4320250413010001,7,落,crash,赤石聡,,,,,
4320250413010006,2,落,crash,松田大,,,,,
4320250413030001,4,落,crash,廣川貞治,,,,,
4320250413030001,5,落,crash,渡辺馨,,,,,
4320250508010009,3,落,crash,渡辺正光,,,,,
4320250508010009,6,落,crash,吉堂将規,,,,,
4320250514010012,1,落,crash,菊池岳仁,,,,,もがき合い
4320250514010012,7,落,crash,渡部幸訓,,,,,バック不利
4320250514010012,5,失,disqualified,岡崎智哉,,,,,B併走自落
4320250514030012,1,失,disqualified,川口聖二,,,,S,
4320250601020007,3,欠,absent,加賀美智史,,,,,
4320250601020007,4,欠,absent,楠本政明,,,,,
4320250609020001,1,欠,absent,林修平,,,,,当日欠場
4320250904010009,3,落,crash,長島大介,,,,,
4320250904010009,4,落,crash,石川裕二,,,,,
4320250904020002,4,落,crash,山本健也,,,,,
4320250904020002,6,落,crash,能代谷元,,,,,
4320250916020006,4,失,disqualified,蒔田英彦,,,,,叩けず故障
4320250916020006,5,故,accident_finish,吉田健市,,,,,併走で故障
4320250916020009,1,落,crash,奥村諭志,,,,,直線で落車
4320250916020011,1,落,crash,堤洋,,,,,絶好も落車
4320250916020011,4,失,disqualified,阿部拓真,,,,,直線で落車
4320250916030011,2,落,crash,立花昌也,,,,,
4320250916030012,1,失,disqualified,橋本智昭,,,,S,
4320250922010007,1,落,crash,西村豊,,,,,競合い落車
4320250922010007,6,落,crash,秋末蓮,,,,,競合い落車
4320250922010007,5,失,disqualified,矢口啓一郎,,,,,三番手併走
4320251021030005,1,失,disqualified,山田裕哉,,,,S,
4320251227010002,3,欠,absent,廣川貞治,,,,,当日欠場
4320251227020002,5,欠,absent,薮田貴幸,,,,,当日欠場
4320251227020004,7,欠,absent,真木寛斗,,,,,当日欠場
4320260102030005,3,落,crash,平石浩之,,,,,
4320260107030007,4,落,crash,真田晃,,,,,
4320260107030007,1,失,disqualified,四宮哲郎,,,,,
4320260107030007,7,失,disqualified,小谷田公則,,,,,
4320260119030008,3,落,crash,北川大五郎,,,,,
4320260207010004,4,落,crash,中野光太郎,,,,,
4320260207010005,4,落,crash,中村良二,,,,,
4320260207010005,6,落,crash,蓮井祐輝,,,,,
4320260216020001,6,落,crash,會田正一,,,,,直線で落車
4320260307010005,5,落,crash,山出裕幸,,,,,
4320260307010005,6,落,crash,岡崎祥伍,,,,,
4320260307010005,7,落,crash,北浦弘幹,,,,,
4320260307020001,7,欠,absent,大崎龍一郎,,,,,
4320260307030006,5,欠,absent,土岐幹多,,,,,
4320260314010012,1,落,crash,竹内智彦,,,,,
4320260314030007,2,落,crash,八日市屋浩之,,,,S,
4320260314030007,4,落,crash,小沼良,,,,,
4320260314030007,5,落,crash,鷲田佳史,,,,,
4320260314030007,7,落,crash,伊東佑晟,,,,,
4320260322030006,1,失,disqualified,濱田芽生,,,,S,
4320260416020008,4,落,crash,伊豆田浩人,,,,,
4320260427010007,4,落,crash,北村信明,,,,,
4320260427010007,2,失,disqualified,水谷好宏,,,,,
4320260505010006,3,落,crash,荻野哲,,,,,
4320260505020005,5,欠,absent,水谷良和,,,,,
4320260505020006,7,落,crash,塚本和宏,,,,,
4320260505020006,2,失,disqualified,武井大介,,,,,
4320260516010006,3,落,crash,太田黒大心,,,,,
4320260516010006,2,失,disqualified,守安政雄,,,,,
4320260516010006,7,失,disqualified,宗景祐樹,,,,,
4320260516030009,1,失,disqualified,福元啓太,,,,,
4320260604030001,1,欠,absent,高崎千賀,,,,,
4320260611020006,8,落,crash,荒澤貴史,,,,,落車乗上げ
4320260611020006,1,失,disqualified,石川裕二,,,,,斜行し失格
4320260611020012,6,落,crash,佐藤愼太郎,,,,,鐘３半落車
4320260611030005,3,落,crash,青森伸也,,,,,
4320260611030005,6,落,crash,山本恵介,,,,,
4320260611040012,9,落,crash,内藤秀久,,,,,
4320260622010006,2,落,crash,遠藤勝弥,,,,,
4320260622020007,1,落,crash,佐藤朋也,,,,S,
4320260622020007,7,落,crash,松本京太,,,,,
4320260622020007,5,失,disqualified,小田倉勇二,,,,,
1120230413030009,7,失,disqualified,加藤将武,,,,,
1120230427010011,5,失,disqualified,江連和洋,,,,,内締め妨害
1120230427020006,2,落,crash,寺沼将彦,,,,S,好位も接触
1120230427020006,3,落,crash,吉堂将規,,,,B,貢献の逃げ
1120230427030003,1,落,crash,松崎貴久,,,,,
1120230427030003,4,落,crash,田中雅史,,,,S,
1120230427030003,2,失,disqualified,佐々木健司,,,,,
1120230501020005,3,落,crash,戸邉捺希,,,,,
1120230513010007,3,落,crash,平原啓多,,,,,番手奪われ
1120230513010010,4,落,crash,中村良二,,,,,離れて接触
1120230513010010,6,落,crash,田村真広,,,,,３角挟まれ
1120230513020004,9,落,crash,鹿内翔,,,,S,競合妨害受
1120230513020004,1,失,disqualified,鷲田幸司,,,,,競合い押圧
1120230513020006,5,落,crash,山下一輝,,,,,突込阻まれ
1120230513020009,8,落,crash,高橋雅之,,,,,混戦張られ
1120230513030011,2,落,crash,永澤剛,,,,,中割狙接触
1120230513040004,1,落,crash,清水一幸,,,,,
1120230513040004,8,落,crash,宇根秀俊,,,,,
1120230513040010,2,落,crash,大森慶一,,,,,
1120230603020012,3,落,crash,佐々木龍,,,,,三半落車し
1120230603020012,7,失,disqualified,諸橋愛,,,,,斜行し２失
1120230622010010,1,落,crash,石川雅望,,,,,体勢崩し落
1120230622010010,2,落,crash,石毛克幸,,,,,挟まれ落車
1120230622010010,6,落,crash,鈴木謙二,,,,,巻込まれ落
1120230622010010,7,失,disqualified,藤田勝也,,,,,外帯線内入
1120230622020011,1,落,crash,岡崎智哉,,,,,体勢崩し落
1120230622020011,5,失,disqualified,鈴木竜士,,,,,押圧し失格
1120230628020004,5,落,crash,田村浩章,,,,,
1120230628020005,5,落,crash,平田徹,,,,,
1120230628020005,4,失,disqualified,八尋翔平,,,,,
1120230628030004,4,失,disqualified,中曽直彦,,,,,
1120230707030006,2,欠,absent,松本卓也,,,,,
1120230715010009,4,落,crash,園田匠,,,,,前が捌かれ
1120230721030001,7,失,disqualified,石川一浩,,,,,
1120230721030002,1,落,crash,南蓮,,,,B,
1120230721030002,2,落,crash,助川翔太郎,,,,,
1120230721030002,6,落,crash,板羽俊一,,,,,
1120230721030002,7,落,crash,山田慎一郎,,,,,
1120230729010001,7,失,disqualified,関谷哲平,,,,B,ＹＬ踏切り
1120230729010009,2,落,crash,関根健太郎,,,,,挟まれ接触
1120230729010009,4,落,crash,藤原清隆,,,,,前に乗上げ
1120230729030008,6,落,crash,長谷川飛向,,,,,
1120230812020001,7,失,disqualified,高森圭介,,,,,目標が不発
1120230812020007,6,失,disqualified,牧田賢也,,,,,押え叩かれ
1120230823010001,3,落,crash,須藤雄太,,,,,妨害受落車
1120230823010001,1,失,disqualified,平山優太,,,,S,蛇行し失格
1120230830010004,5,欠,absent,坂本英一,,,,,
1120230830030001,3,欠,absent,渡辺馨,,,,,
1120230830030001,2,失,disqualified,井上将志,,,,,
1120230830030001,5,故,accident_finish,山城光央,,,,,
1120230905010003,3,欠,absent,藤野竜也,,,,,当日欠場
1120230905010004,2,失,disqualified,大崎龍一郎,,,,,内抜き失格
1120230905010004,4,失,disqualified,池上孝之,,,,,前失格一緒
1120230905030010,5,落,crash,山元大夢,,,,,
1120230905030010,3,失,disqualified,布居翼,,,,S,
1120230911020005,7,落,crash,阿部宏之,,,,S,
1120230911020005,1,失,disqualified,金子周一郎,,,,,
1120230911030002,5,失,disqualified,秋永共之,,,,,
1120230926020011,3,落,crash,松村友和,,,,,接触し落車
1120230926020011,5,落,crash,山本伸一,,,,,ドカされて
1120231023010004,7,落,crash,小佐野文秀,,,,,口空き煽受
1120231023010006,3,落,crash,飯嶋則之,,,,,突込み乗上
1120231023010006,7,落,crash,渡邉豪大,,,,,追込妨害受
1120231023010006,4,失,disqualified,箱田優樹,,,,,牽制蛇行し
1120231023020011,1,落,crash,隅田洋介,,,,S,内斬込み落
1120231023020011,6,落,crash,鈴木薫,,,,B,落車巻込れ
1120240413030005,3,失,disqualified,梅山英樹,,,,,
1120240418010007,5,落,crash,宮越孝治,,,,,接触し落車
1120240418010007,7,落,crash,齊藤竜也,,,,,乗上げ落車
1120240423020009,5,落,crash,山崎敦雄,,,,,４角で接触
1120240423020009,6,落,crash,阿久津浩之,,,,,叩けず浮く
1120240501010004,2,失,disqualified,植草亮介,,,,S,
1120240501010007,2,落,crash,五十嵐綾,,,,,
1120240501010007,5,失,disqualified,稲葉一真,,,,S,
1120240501030003,6,落,crash,橋本祐司,,,,,
1120240501030003,4,失,disqualified,森田達也,,,,S,
1120240509030003,1,落,crash,外崎一成,,,,,
1120240509030003,4,落,crash,八嶋稔真,,,,S,
1120240509030003,7,失,disqualified,篠塚光一,,,,,
1120240516040002,6,落,crash,阿部架惟都,,,,,
1120240516040002,9,落,crash,松坂英司,,,,,
1120240516040002,8,失,disqualified,中村隆生,,,,,
1120240516040012,3,落,crash,小倉竜二,,,,,
1120240516040012,4,失,disqualified,三谷竜生,,,,S,
1120240524010007,6,失,disqualified,大浦彩瑛,,,,,落車失格し
1120240524020006,1,落,crash,普久原美海,,,,S,落車巻込れ
1120240524020006,3,落,crash,高木萌那,,,,,Ｂ過ぎ落車
1120240524020008,4,落,crash,角田光,,,,,妨害受けて
1120240524020008,7,失,disqualified,弓矢輪太郎,,,,,押上げ失格
1120240524030008,3,失,disqualified,高木和仁,,,,,
1120240606030012,1,落,crash,柳詰正宏,,,,,追走阻まれ
1120240606030012,3,落,crash,鈴木玄人,,,,,７番手捲上
1120240606040006,1,落,crash,磯島成介,,,,,
1120240606040006,4,落,crash,鹿内翔,,,,,
1120240606040006,5,失,disqualified,神山雄一郎,,,,,
1120240804010001,3,落,crash,中川昌久,,,,,競合い落車
1120240804010001,4,落,crash,加美山隆行,,,,S,競合い落車
1120240804030002,7,欠,absent,幸津博,,,,,
1120240810010004,1,落,crash,山本淳,,,,S,
1120240810010004,2,落,crash,塩島嵩一朗,,,,,
1120240810020001,2,欠,absent,疋田敏,,,,,
1120240810030008,1,欠,absent,平山優太,,,,,
1120240819010008,2,落,crash,佐藤真一,,,,,接触し落車
1120240819010008,4,落,crash,鈴木輝大,,,,,接触し落車
1120240825010003,2,落,crash,栗本武典,,,,S,
1120240825010003,7,落,crash,沖本尚織,,,,,
1120240825020003,1,落,crash,外崎一成,,,,S,
1120240912030002,6,失,disqualified,宮下潤,,,,,
1120240912030010,1,,unknown_exception,小堀敢太,,,,,
1120240912030010,2,,unknown_exception,大川栄二,,,,,
1120240912030010,3,,unknown_exception,森崎英登,,,,,
1120240912030010,4,,unknown_exception,谷内健太,,,,,
1120240912030010,6,,unknown_exception,牧田賢也,,,,,
1120240912030010,7,,unknown_exception,坂本佳憲,,,,,
1120240912030010,5,欠,absent,角田光,,,,,
1120240918010005,2,失,disqualified,小笹隼人,,,,,
1120240923020002,6,失,disqualified,岡崎徹,,,,,後方になり
1120240923030010,3,落,crash,藤田祐大,,,,,
1120240923030010,5,落,crash,渡邉壘,,,,S,
1120241001020001,2,落,crash,伊原弘幸,,,,,競合い接触
1120241001020001,4,落,crash,亀井雅斗,,,,,内併走接触
1120241001020002,2,落,crash,守安政雄,,,,,直線で不利
1120241001020002,3,落,crash,鳥生知八,,,,,G前乗上げ
1120241001020002,4,失,disqualified,名川豊,,,,,G前で斜行
1120241001020003,3,落,crash,川口直人,,,,,終１角追突
1120241001020003,5,落,crash,小林史也,,,,S,接触し落車
1120241001020003,7,落,crash,金野俊秋,,,,,終１角乗上
1120241001020011,7,失,disqualified,東龍之介,,,,,外振内降り
1120241018010001,7,落,crash,岡田哲夫,,,,,押圧されて
1120241018010001,2,失,disqualified,茂木和臣,,,,,内キメ５失
1120241018010006,1,落,crash,浦部郁里,,,,,あんこ接触
1120241018010006,4,落,crash,伊藤のぞみ,,,,,追突し落車
1120241018010006,7,落,crash,本多優,,,,,追突し落車
1120241018010006,3,失,disqualified,枝光美奈,,,,,外から押圧
1120241028010008,2,落,crash,江守昇,,,,,併走転倒し
1120250416020009,7,落,crash,堤洋,,,,,前が競負け
1120250416030003,5,落,crash,飯尾主税,,,,,
1120250416030003,2,失,disqualified,上野真吾,,,,,
1120250416030008,3,落,crash,塚本大樹,,,,,
1120250502020006,3,故,accident_finish,中村鈴花,,,,,併走接触し
1120250502030012,3,失,disqualified,久島尚樹,,,,,
1120250514010001,5,落,crash,富澤洋祐,,,,,
1120250514010001,3,失,disqualified,石川英昭,,,,S,
1120250519020006,4,落,crash,荒牧聖未,,,,,３半で落車
1120250519020006,7,落,crash,中島瞳,,,,,追突落車し
1120250602010010,7,落,crash,内田玄希,,,,,終３角接触
1120250602010011,5,失,disqualified,原井博斗,,,,,牽制斜行し
1120250607010004,4,失,disqualified,白木正彦,,,,,
1120250607020004,3,失,disqualified,望月裕一郎,,,,,
1120250701020006,2,落,crash,丸山貴秀,,,,,
1120250701020006,3,落,crash,藤原浩,,,,,
1120250701020006,5,落,crash,福田拓也,,,,,
1120250701020006,6,落,crash,原田礼,,,,,
1120250701020006,1,失,disqualified,真船圭一郎,,,,,
1120250701030006,7,落,crash,岩元叶馬,,,,,
1120250701030006,2,失,disqualified,須藤誠,,,,S,
1120250708020009,2,落,crash,吉田晏生,,,,,終審で落車
1120250708020009,1,失,disqualified,薦田将伍,,,,S,カマシ不発
1120250708020010,3,落,crash,三澤康人,,,,,三番手併走
1120250708020010,7,落,crash,福田要,,,,,内から番手
1120250713020006,2,落,crash,奥谷広巳,,,,,
1120250713020006,7,落,crash,秋末蓮,,,,,
1120250713020006,1,失,disqualified,近藤寛央,,,,S,
1120250713020008,4,落,crash,須藤直道,,,,,
1120250713030008,1,落,crash,秋山太洋,,,,S,
1120250722010009,2,失,disqualified,善利裕生,,,,,内圏線踏切
1120250722020002,5,欠,absent,保科圭太,,,,,当日欠場
1120250722020004,1,失,disqualified,安坂洋一,,,,,離れ内抜き
1120250722020011,3,失,disqualified,森川康輔,,,,,誘導員追抜
1120250812010002,3,落,crash,佐藤友和,,,,,落車巻込れ
1120250812010002,6,落,crash,小松崎大地,,,,,追突し落車
1120250812010002,9,落,crash,岡崎智哉,,,,,落車巻込れ
1120250812010003,9,落,crash,橋本強,,,,,落車巻込れ
1120250812010006,3,落,crash,東矢圭吾,,,,,初周で落車
1120250812020002,8,失,disqualified,山口敦也,,,,,接触し落車
1120250812020003,4,落,crash,町田太我,,,,S,接触し落車
1120250812020003,6,落,crash,瓜生崇智,,,,,煽り受落車
1120250812020003,1,失,disqualified,西村光太,,,,,押上げ２失
1120250812020008,3,落,crash,三谷将太,,,,,中井共倒れ
1120250812060010,3,失,disqualified,郡司浩平,,,,S,
1120250908020003,7,落,crash,中里福太郎,,,,,競合２角落
1120250908030005,2,失,disqualified,井上剛,,,,,
1120250929030002,4,落,crash,亀井雅斗,,,,,
1120250929030002,7,失,disqualified,近藤圭佑,,,,,
1120250929030005,7,欠,absent,岡村育子,,,,,
1120250929030010,3,落,crash,佐藤亙,,,,,
1120250929030010,1,失,disqualified,宇佐見優介,,,,,
1120251004030006,3,欠,absent,谷津田将吾,,,,,
1120251011010001,5,落,crash,坂口卓士,,,,,番手奪われ
1120251011010001,4,失,disqualified,須藤誠,,,,,切替え妨害
1120251011010002,7,落,crash,野間司,,,,,３角で接触
1120251011010003,2,落,crash,宮下貴之,,,,,４角絡んで
1120251011010003,3,落,crash,有馬雄二,,,,,切替え絡む
1120251011030006,5,落,crash,志村太賀,,,,,
1120251011030006,6,落,crash,小菅誠,,,,,
1120251023010007,2,落,crash,岡本大嗣,,,,S,接触し落車
1120251023010009,3,失,disqualified,上野優太,,,,,故障させて
1120251023010009,1,故,accident_finish,川越勇星,,,,S,払われ後退
1120251023020008,3,落,crash,青井賢治,,,,,接触し落車
1120251023030001,5,落,crash,山根泰道,,,,,
1120251023030001,6,落,crash,浦崎貴史,,,,,
1120251023030001,2,失,disqualified,疋田敏,,,,,
1120260409010010,3,落,crash,大利航平,,,,,
1120260419010004,7,失,disqualified,藤原義晴,,,,,
1120260425010003,1,失,disqualified,小西涼太,,,,S,
1120260425010003,2,失,disqualified,鳥生知八,,,,,
1120260425010003,3,失,disqualified,渡邊颯太,,,,,
1120260425010003,5,失,disqualified,山本宏明,,,,,
1120260425010003,6,失,disqualified,和泉田喜一,,,,,
1120260425010003,7,失,disqualified,永山英司,,,,,
1120260425030004,7,落,crash,三浦靖,,,,,
1120260430010004,7,落,crash,川野正芳,,,,,
1120260430010004,2,失,disqualified,窪田陽介,,,,,
1120260430010009,1,落,crash,佐藤真一,,,,,
1120260430010009,3,失,disqualified,原誠宏,,,,,
1120260430020001,7,欠,absent,田川翔琉,,,,,
1120260430030010,5,落,crash,小川丈太,,,,,
1120260430030010,3,失,disqualified,大洞翔平,,,,S,
1120260507010008,1,欠,absent,山田祥明,,,,,
1120260507020009,1,落,crash,田原宥明,,,,,
1120260507020009,6,落,crash,安藤直希,,,,,
1120260507020009,7,落,crash,古川宗行,,,,,
1120260514010007,5,落,crash,佐藤礼文,,,,,接触し落車
1120260514020009,8,故,accident_finish,柿沼信也,,,,,前を追えず
1120260514030001,7,落,crash,金子真也,,,,,接触し落車
1120260514030001,8,落,crash,佐藤康紀,,,,,追突落車し
1120260514030001,9,落,crash,小堺浩二,,,,S,落車巻込れ
1120260514030012,3,落,crash,簗田一輝,,,,,２角煽受け
1120260514030012,5,落,crash,山田久徳,,,,,２角煽受け
1120260514030012,2,故,accident_finish,三谷将太,,,,,鐘過ぎ接触
1120260514030012,9,故,accident_finish,山口拳矢,,,,S,煽避け接触
1120260523020004,3,落,crash,高井流星,,,,,
1120260523020004,5,落,crash,渋谷海,,,,,
1120260523020007,1,,unknown_exception,村上竜馬,,,,,
1120260523020007,3,,unknown_exception,古賀勝大,,,,,
1120260523020007,4,,unknown_exception,石毛克幸,,,,,
1120260523020007,5,,unknown_exception,小野大介,,,,,
1120260523020007,6,,unknown_exception,小林稜武,,,,,
1120260523020007,7,,unknown_exception,吉田智哉,,,,,
1120260523020007,2,欠,absent,鈴木輝大,,,,,
1120260530010002,5,故,accident_finish,三木翔太,,,,,
1120260530020006,6,落,crash,片岡美奈,,,,,
1120260530030001,2,失,disqualified,三木翔太,,,,,
1120260605010004,5,落,crash,後田康成,,,,,
1120260605020001,2,落,crash,岡田哲夫,,,,S,
1120260605020001,1,失,disqualified,渡邊秀明,,,,,
1120260614010001,6,欠,absent,白木正彦,,,,,
1120260614010001,2,落,crash,田崎良太郎,,,,,
1120260614010001,3,失,disqualified,梶山大輔,,,,,
1120260620030003,1,欠,absent,小玉勇一,,,,,
1120260620030005,3,失,disqualified,成清貴之,,,,,
1120260620030005,5,故,accident_finish,伊藤成紀,,,,,
3520230106010011,2,故,accident_finish,丹波靖貴,,,,,牽制掬われ
3520230106020010,3,落,crash,櫻井太士,,,,,捲乗り煽受
3520230106020010,7,落,crash,谷口幸司,,,,,突込み煽受
3520230106030007,1,落,crash,深井高志,,,,,
3520230120010002,5,失,disqualified,戸田瑞姫,,,,,
3520230120020006,2,落,crash,鷲見逸喜,,,,,
3520230202010001,3,落,crash,松尾正人,,,,,競勝も落車
3520230202010001,6,失,disqualified,原野隆,,,,,内抜き失格
3520230202020007,5,故,accident_finish,神澤瑛菜,,,,,初周で故障
3520230202030008,2,落,crash,吉川嘉斗,,,,,
3520230202030012,7,落,crash,上野優太,,,,,
3520230202030012,5,失,disqualified,奥原亨,,,,,
3520230311010003,3,落,crash,牛田樹希斗,,,,,下がり捲上
3520230311010011,4,失,disqualified,岡本英之,,,,,内抜き３失
3520230422010004,3,故,accident_finish,野木義規,,,,,接触し故障
3520230422020002,1,落,crash,樫村伸平,,,,,乗上げ落車
3520230422020002,3,落,crash,川村昭弘,,,,,接触し落車
3520230422020002,6,落,crash,等々力久就,,,,,押圧され落
3520230422020002,4,失,disqualified,畠山裕行,,,,,押圧し落失
3520230502020002,7,落,crash,金子幸央,,,,,接触し落車
3520230502020002,6,失,disqualified,門田凌,,,,,斜行し失格
3520230502020007,5,失,disqualified,永澤剛,,,,S,内側追抜き
3520230502020007,9,失,disqualified,大槻寛徳,,,,,斜行し失格
3520230502020007,6,故,accident_finish,上田尭弥,,,,,妨害受けて
3520230502020008,1,落,crash,久米良,,,,S,接触し落車
3520230502020008,4,落,crash,内藤宣彦,,,,,接触し落車
3520230502020008,7,落,crash,小川真太郎,,,,,内差し詰る
3520230502030006,5,失,disqualified,山崎芳仁,,,,,斜行し１失
3520230502030009,3,失,disqualified,東口善朋,,,,,山田久共倒
3520230502050002,1,落,crash,志田龍星,,,,,外併走落車
3520230502050002,6,落,crash,大塚玲,,,,,前落車乗上
3520230502050011,9,落,crash,郡司浩平,,,,,外振り落車
3520230529020004,5,失,disqualified,早坂道義,,,,,
3520230529020008,2,落,crash,土岐幹多,,,,S,
3520230529020008,4,落,crash,藤井稜也,,,,,
3520230529020008,3,失,disqualified,坂口卓士,,,,,
3520230616010007,5,失,disqualified,高久保雄介,,,,,内抜き４失
3520230616030012,1,落,crash,武田憲祐,,,,,
3520230616030012,3,落,crash,山下渡,,,,,
3520230616030012,4,失,disqualified,五日市誠,,,,,
3520230721020008,1,落,crash,西田将士,,,,S,競合い落車
3520230721020008,7,落,crash,阪本正和,,,,,競合い落車
3520230721020008,6,失,disqualified,泉慶輔,,,,,競合い落車
3520230721020010,5,落,crash,横山尚則,,,,,弾かれ落車
3520230721020010,2,失,disqualified,田中晴基,,,,S,強襲も失格
3520230803020002,3,失,disqualified,幸津博,,,,,前が離れて
3520230803030004,6,失,disqualified,菅原洋輔,,,,,
3520230914020001,5,欠,absent,神戸暖稀羽,,,,,
3520230927030006,5,落,crash,大井啓世,,,,,
3520230927030006,1,失,disqualified,北川紋部,,,,S,
3520231020030006,2,欠,absent,疋田敏,,,,,
3520231106020010,5,落,crash,秋本耀太郎,,,,,張られ落車
3520231106020010,3,失,disqualified,後藤彰仁,,,,,押上げ２失
3520231106020012,7,失,disqualified,泉文人,,,,,内追抜失格
3520231114010007,7,落,crash,渋谷錬,,,,,
3520231114010007,3,故,accident_finish,中里福太郎,,,,,
3520231114010008,3,失,disqualified,橋本紀彰,,,,,
3520231210010006,2,落,crash,戸田瑞姫,,,,,
3520231210010006,6,失,disqualified,吉岡詩織,,,,B,
3520231210010012,6,落,crash,松田優一,,,,,
3520231210020002,1,失,disqualified,吉田英二,,,,S,
3520231210020004,3,失,disqualified,小林宏年,,,,,
3520231210020011,4,落,crash,亀井久幸,,,,,
3520231210030012,4,落,crash,稲村成浩,,,,,
3520231210030012,5,失,disqualified,上川直紀,,,,,
3520231217010001,4,失,disqualified,梶原亜湖,,,,,
3520240101020002,2,失,disqualified,浦川尊明,,,,,捲りを押上
3520240101020007,1,落,crash,道場晃規,,,,B,叩き切れず
3520240101020010,6,失,disqualified,山崎将幸,,,,,斜行し落車
3520240101020011,2,落,crash,木村幸希,,,,,乗上げ落車
3520240101020011,5,落,crash,庄子信弘,,,,S,打鐘過ぎ落
3520240101030004,1,落,crash,安倍大成,,,,S,最終Ｈ過落
3520240101030004,3,失,disqualified,三ッ井武,,,,,山根マーク
3520240101040002,3,失,disqualified,佐伯辰哉,,,,,
3520240318010006,6,落,crash,那須萌美,,,,,挟まり落車
3520240318010008,5,失,disqualified,田尾駿介,,,,,押上げ失格
3520240401020005,4,失,disqualified,坂本拓也,,,,,
3520240423010007,3,落,crash,柴田洋輔,,,,,接触し落車
3520240423010007,5,落,crash,國村洋,,,,,追突し落車
3520240423010007,7,落,crash,仁藤秀,,,,B,接触し落車
3520240423010007,4,失,disqualified,大矢崇弘,,,,,外入し１失
3520240428020004,5,失,disqualified,清水正人,,,,,
3520240428020009,5,落,crash,田中秀治,,,,,
3520240428020009,2,失,disqualified,木村貴宏,,,,S,
3520240504010002,7,失,disqualified,横田政直,,,,,
3520240510010002,4,落,crash,山本隼人,,,,,中団動けず
3520240510010003,3,落,crash,日当泰之,,,,,突っ張られ
3520240510020005,2,失,disqualified,上吹越直樹,,,,,松坂を張る
3520240510020006,6,失,disqualified,平子結菜,,,,S,斜行し１失
3520240510020011,3,落,crash,中西勇,,,,,先行捲られ
3520240510020011,4,落,crash,高野信元,,,,,先斬り流す
3520240510020011,5,落,crash,山本天平,,,,,挟まれ後退
3520240510030011,3,失,disqualified,片岡美奈,,,,,
3520240719010007,1,落,crash,加藤恵,,,,S,渡部捲られ
3520240719010012,7,落,crash,諸橋愛,,,,,阻まれ落車
3520240719010012,4,失,disqualified,川口公太朗,,,,,押上げ失格
3520240807020002,7,欠,absent,藤高千恵,,,,,
3520240813020002,4,落,crash,柳原真緒,,,,,接触し落車
3520240813020002,5,失,disqualified,小林優香,,,,,過失走行で
3520240813020009,7,失,disqualified,清水裕友,,,,,斜行し１失
3520240813020011,6,失,disqualified,鈴木竜士,,,,,追上げ落車
3520240813030005,6,失,disqualified,窪木一茂,,,,,ＹＬ踏切り
3520240813030008,4,落,crash,福永大智,,,,S,粘るも落車
3520240813040009,1,落,crash,松谷秀幸,,,,S,接触し落車
3520240813040009,2,落,crash,伊藤颯馬,,,,,内追上落車
3520240813040009,3,落,crash,成田和也,,,,,落車巻込れ
3520240813040009,4,落,crash,佐々木龍,,,,,落車巻込れ
3520240813060007,9,落,crash,野田源一,,,,,
3520240813060007,6,失,disqualified,佐々木豪,,,,,
3520240813060009,5,落,crash,和田健太郎,,,,,
3520240813060009,1,失,disqualified,松浦悠士,,,,,
3520240831020001,2,欠,absent,佐野多喜男,,,,,
3520240915030001,6,失,disqualified,長谷川辰徳,,,,,
3520240915030002,4,失,disqualified,岡田浩太,,,,,
3520240926010002,5,故,accident_finish,松本一成,,,,,叩けず接触
3520241006020005,6,落,crash,望月嘉人,,,,,落巻込まれ
3520241006020005,3,失,disqualified,台和紀,,,,,離れ追上落
3520241025010004,7,落,crash,本間慎吾,,,,,接触し落車
3520241108020010,2,落,crash,平原啓多,,,,,切替え落車
3520241209020005,7,落,crash,保科圭太,,,,,
3520241209020005,5,失,disqualified,前川裕希,,,,,
3520241209030006,5,失,disqualified,北村匡章,,,,,
3520250117020003,1,落,crash,吉田勇気,,,,,
3520250117020005,7,落,crash,會田正一,,,,,
3520250220020005,4,欠,absent,山崎晃,,,,,
3520250220030001,3,落,crash,金田舞夏,,,,,
3520250220030001,2,失,disqualified,清水彩那,,,,,
3520250301020009,7,落,crash,佐々木和紀,,,,,
3520250310010004,2,落,crash,泉谷直哉,,,,,
3520250310010004,5,落,crash,宮司周郎,,,,,
3520250401020012,2,落,crash,纐纈洸翔,,,,,
3520250401030006,2,落,crash,渡辺十夢,,,,,
3520250401030006,4,落,crash,吉本哲郎,,,,,
3520250407020008,2,落,crash,坂本将太郎,,,,,
3520250407020008,7,落,crash,安部龍文,,,,,
3520250501020004,6,失,disqualified,白木正彦,,,,,
3520250501020005,5,失,disqualified,法月成祐,,,,,
3520250510010012,1,落,crash,松井宏佑,,,,,内外捲られ
3520250510010012,5,落,crash,和田真久留,,,,,接触し落車
3520250510020007,1,落,crash,荒井崇博,,,,S,落車巻込れ
3520250510020007,2,落,crash,永澤剛,,,,,落車巻込れ
3520250510020007,7,落,crash,吉澤純平,,,,,妨害受けて
3520250510020007,5,失,disqualified,阿部英斗,,,,,押上げ妨害
3520250510030007,7,失,disqualified,田中陽平,,,,,３半絡み落
3520250510040005,9,落,crash,土屋裕二,,,,,
3520250612010003,6,欠,absent,長澤和光,,,,,
3520250612020011,2,落,crash,戸邉捺希,,,,B,
3520250621010010,1,落,crash,川津悠揮,,,,,
3520250621010010,6,落,crash,高橋成英,,,,,
3520250728010003,2,,unknown_exception,木村優駿,,,,,
3520250728010003,3,,unknown_exception,飯塚直人,,,,,
3520250728010003,4,,unknown_exception,古閑良介,,,,,
3520250728010003,5,,unknown_exception,長田彰人,,,,,
3520250728010003,6,,unknown_exception,佐川拓也,,,,,
3520250728010003,7,,unknown_exception,下田和美,,,,,
3520250728010003,1,欠,absent,川上真二郎,,,,,
3520250728010008,3,失,disqualified,松本大地,,,,,
3520250728010008,6,失,disqualified,松本一志,,,,B,
3520250728020007,1,落,crash,川口満宏,,,,,
3520250728020007,3,失,disqualified,橋本凌汰,,,,B,
3520250802010002,7,落,crash,岡崎和久,,,,,
3520250802010002,6,失,disqualified,和泉田喜一,,12.5,,,
3520250815020003,5,落,crash,吉澤賢,,,,,
3520250815020003,6,落,crash,細田純平,,,,,
3520250907010003,1,落,crash,一ノ瀬貴将,,,,S,
3520250907010003,2,落,crash,法月成祐,,,,,
3520250907020005,5,失,disqualified,岡部伶音,,,,,
3520251013020009,4,落,crash,後藤彰仁,,,,,
3520251013020009,2,失,disqualified,須藤悟,,,,S,
3520251101010004,6,落,crash,手島志誠,,,,,
3520251101010010,5,故,accident_finish,畑段嵐士,,,,,
3520251101020008,6,落,crash,鷲田佳史,,,,,
3520251101020008,7,失,disqualified,山本勝利,,,,,
3520251101030003,2,落,crash,有賀高士,,,,,
3520251121010001,6,欠,absent,長澤和光,,,,,
3520251121010003,5,欠,absent,中川博文,,,,,
3520251121020003,2,落,crash,谷澤優貴,,,,,
3520251121030008,2,落,crash,吉岡優太,,,,,
3520251202010003,3,落,crash,岡本翔,,,,S,
3520251202010003,5,落,crash,塩川真一郎,,,,,
3520251202010003,6,落,crash,落合豊,,,,,
3520251202030006,5,欠,absent,鈴木広人,,,,,
3520251228010002,3,落,crash,林慶次郎,,,,,落車に乗上
3520251228010002,5,落,crash,久島尚樹,,,,,前落車乗上
3520251228010002,6,落,crash,田口勇介,,,,,前団押圧受
3520251228010002,9,失,disqualified,橋本壮史,,,,S,追上げ押圧
3520260108020011,3,落,crash,松岡篤哉,,,,,落車で棄権
3520260108030001,7,落,crash,緒方剛,,,,,
3520260108030001,4,失,disqualified,倉松涼,,,,,
3520260209010006,6,欠,absent,鈴木奈央,,,,,急病のため
3520260209030002,7,失,disqualified,鮒田博文,,,,,
3520260209030005,4,欠,absent,川田ひな,,,,,
3520260209030007,5,失,disqualified,稲垣裕之,,,,,
3520260209030007,1,故,accident_finish,竹内雄作,,,,S,
3520260329010005,4,欠,absent,神山尚,,,,,
3520260329020009,7,落,crash,瀧川幸広,,,,S,
3520260407030001,3,欠,absent,葉狩伸泰,,,,,
3520260423010009,1,失,disqualified,金野俊秋,,,,S,押上げ失格
3520260423020003,7,落,crash,坂本佳憲,,,,,落車棄権で
3520260423020003,4,失,disqualified,安坂洋一,,,,,競勝ち２失
3520260423020010,1,落,crash,水森湧太,,,,S,落車棄権し
3520260423030006,1,落,crash,田中俊充,,,,,
3520260423030006,7,失,disqualified,佐々木孝司,,,,,
3520260501010006,1,落,crash,香川雄介,,,,,落車し棄権
3520260501010006,7,落,crash,芦澤大輔,,,,,落車し棄権
3520260501020005,7,落,crash,東口善朋,,,,,落車し棄権
3520260501020007,1,落,crash,柏野智典,,,,S,落車し棄権
3520260501020010,6,落,crash,岩津裕介,,,,S,落車し棄権
3520260501020010,9,落,crash,南修二,,,,,落車し棄権
3520260501030010,2,落,crash,三谷将太,,,,,落車し棄権
3520260501030010,3,落,crash,吉澤純平,,,,,落車し棄権
3520260501040005,5,落,crash,柏野智典,,,,,落車し棄権
3520260501050008,9,失,disqualified,菊池岳仁,,,,,斜行し失格
3520260501050009,8,故,accident_finish,石原颯,,,,,事故棄権
3520260501050011,1,落,crash,郡司浩平,,,,S,落車棄権
3520260501050011,8,失,disqualified,山崎賢人,,,,,失格
3520260501060001,4,失,disqualified,柏野智典,,,,,
3520260501060004,1,落,crash,高橋築,,,,,
3520260501060004,8,失,disqualified,松岡貴久,,,,,
3520260522030008,3,落,crash,山田祥明,,,,,
3520260603010003,3,欠,absent,吉川誠,,,,,
3520260603020003,6,落,crash,中村敏之輔,,,,,
3520260619010002,7,失,disqualified,山本隼人,,,,,内側追抜き
3520260619020012,2,落,crash,林慶次郎,,,,,落車棄権し
3520260619020012,4,落,crash,石塚孝幸,,,,,落車棄権し
3520260619030002,6,落,crash,櫻井利之,,,,,
3520260619030006,4,失,disqualified,小嶋敬二,,,,B,
3520260619030007,3,落,crash,橋本智昭,,,,,
3520260619030007,5,落,crash,佐藤壮,,,,,
3520260619030008,2,落,crash,尾方祐仁,,,,,
3520260619030008,6,落,crash,棚橋勉,,,,,
3520260619030008,7,失,disqualified,菅原大也,,,,,
6220221230030001,7,失,disqualified,松本大地,,,,,
6220230106010007,4,故,accident_finish,近澤諒香,,,,,
6220230106020001,3,落,crash,柴田了,,,,,
6220230106020001,5,落,crash,菊池崇訓,,,,,
6220230106020004,5,落,crash,河野淳吾,,,,,
6220230106030001,3,落,crash,菊池崇訓,,,,,
6220230106030001,5,落,crash,吉澤賢,,,,,
6220230106030007,3,欠,absent,吉川美穂,,,,,
6220230115020007,2,落,crash,大野悟郎,,,,,目標不発で
6220230115020007,4,落,crash,田中和磨,,,,,捲り切れず
6220230115020007,6,落,crash,佐竹和也,,,,,割り込まれ
6220230115030011,7,失,disqualified,魚屋周成,,,,,
6220230128010001,3,失,disqualified,内海雅夫,,,,,
6220230206010006,1,失,disqualified,中川勝貴,,,,,打鐘前落車
6220230206020005,3,落,crash,大洞翔平,,,,,番手掬われ
6220230206020009,5,落,crash,嶋田誠也,,,,B,押え捲られ
6220230206030005,4,失,disqualified,三登誉哲,,,,,
6220230206030006,5,落,crash,川口雄太,,,,,
6220230206030006,6,落,crash,棚橋勉,,,,,
6220251130010007,5,欠,absent,徳永泰粋,,,,,
6220251130030004,3,欠,absent,金山栄治,,,,,
6220251220010006,2,落,crash,栗山俊介,,,,,張られ落車
6220251220010006,9,失,disqualified,山田敦也,,,,,斜行し失格
6220251220020003,3,落,crash,大石剣士,,,,,赤板過ぎ落
6220251220020003,9,落,crash,東龍之介,,,,,落車巻込れ
6220251220020003,2,故,accident_finish,中本匠栄,,,,,接触し故障
6220251220030003,7,故,accident_finish,原真司,,,,,車体故障し
6220251220040012,3,落,crash,松谷秀幸,,,,,
6220260107030006,3,欠,absent,梶原大地,,,,,
6220260121020006,6,落,crash,吉武信太朗,,,,,
6220260121020006,4,失,disqualified,大野悟郎,,,,,
6220260203010009,5,欠,absent,犬塚貴之,,,,,
6220260203030001,1,失,disqualified,屋宜浩二,,,,,
6220260203030006,2,失,disqualified,田村浩章,,,,,
6220260208020001,1,,unknown_exception,石川一浩,,,,,
6220260208020001,2,,unknown_exception,倉岡慎太郎,,,,,
6220260208020001,3,,unknown_exception,梶應弘樹,,,,,
6220260208020001,4,,unknown_exception,小泉俊也,,,,,
6220260208020001,5,,unknown_exception,後田康成,,,,,
6220260208020001,6,,unknown_exception,宮原貴之,,,,,
6220260208020002,1,,unknown_exception,上原直樹,,,,,
6220260208020002,2,,unknown_exception,久保将史,,,,,
6220260208020002,3,,unknown_exception,落合豊,,,,,
6220260208020002,4,,unknown_exception,仙石淳,,,,,
6220260208020002,5,,unknown_exception,野見泰要,,,,,
6220260208020002,6,,unknown_exception,鈴木龍之介,,,,,
6220260208020002,7,,unknown_exception,尾崎勝弘,,,,,
6220260208020003,1,,unknown_exception,永田隼一,,,,,
6220260208020003,2,,unknown_exception,戸ノ下太郎,,,,,
6220260208020003,3,,unknown_exception,南和夫,,,,,
6220260208020003,4,,unknown_exception,森下忠夫,,,,,
6220260208020003,5,,unknown_exception,西川弘資,,,,,
6220260208020003,6,,unknown_exception,元砂海人,,,,,
6220260208020003,7,,unknown_exception,堀内昇,,,,,
6220260213010002,7,欠,absent,大林亮介,,,,,
6220260213020004,7,欠,absent,薮田貴幸,,,,,
6220260213020005,5,失,disqualified,川西亮介,,,,,
6220260213030003,4,失,disqualified,小林宏年,,,,,
6220260219010001,2,失,disqualified,岡田浩太,,,,,
6220260219010003,1,落,crash,齋藤仁,,,,,
6220260219010003,3,落,crash,明星晴道,,,,,
6220260219010003,4,落,crash,加美山隆行,,,,,
6220260219030011,1,落,crash,吉本哲郎,,,,S,
6220260219030011,5,落,crash,伊藤涼介,,,,,
6220260228020006,1,落,crash,川野正芳,,,,,
6220260228020006,2,失,disqualified,田中和磨,,,,,
6220260313010001,2,落,crash,東隆之,,,,,乗上げ落車
6220260313010001,5,落,crash,中嶋響,,,,,弾かれ落車
6220260313010001,4,失,disqualified,鳥生知八,,,,,斜行し落失
6220260313010007,4,落,crash,作田悦章,,,,,前輪接触落
6220260313010007,6,失,disqualified,小野俊之,,,,,外入し６失
6220260313020008,5,欠,absent,川上修平,,,,,当日欠場
6220260313030002,1,欠,absent,田村裕也,,,,,
6220260313030008,5,落,crash,岡田啓渡,,,,,
6220260323010009,3,落,crash,真崎新太郎,,,,,
6220260323010009,7,失,disqualified,友定祐己,,,,S,
6220260329010001,1,失,disqualified,佐川拓也,,,,,
6220260329030004,5,落,crash,瓦田勝也,,,,,
6220260329030004,6,落,crash,松本琢也,,,,,
6220260329030004,1,失,disqualified,織茂雄一郎,,,,S,
6220260428010001,3,落,crash,秋永昂人,,,,,
6220260428010001,2,失,disqualified,井山和裕,,,,,
6220260428010004,2,欠,absent,西郷剛,,,,,
6220260428020003,1,落,crash,新垣慶晃,,,,S,
6220260428020009,1,落,crash,伊藤稔真,,,,,
6220260506020001,6,落,crash,松尾淳,,,,,切替４角触
6220260506020001,4,失,disqualified,小玉勇一,,,,B,打鐘逃斜行
6220260506020006,3,失,disqualified,中井達郎,,,,,競負け押圧
6220260522010006,5,失,disqualified,渡邊恭典,,,,,
6220260528010004,4,欠,absent,金子兼久,,,,,当日欠場し
6220260528030010,1,落,crash,尾崎睦,,,,,
6220260528030010,2,落,crash,當銘直美,,,,,
6220260626010006,3,落,crash,三木健治,,,,,
6320241009020004,3,落,crash,柳原司,,,,,
6320241009020004,4,落,crash,井寺亮太,,,,,
6320241009020004,6,失,disqualified,丹波靖貴,,,,S,
6320241021010002,5,落,crash,日浅保幸,,,,,１半絡み落
6320241021010004,2,失,disqualified,馬場和広,,,,,中団も一息
6320241021010012,3,落,crash,高橋晋也,,,,,絡んで落車
6320241101010005,1,失,disqualified,東口善朋,,,,,牽制斜行し
6320241101020007,4,落,crash,小川丈太,,,,,捲るも張れ
6320241101020007,5,失,disqualified,稲川翔,,,,,④を押上げ
6320241116020001,4,欠,absent,坂本将太郎,,,,,
6320241116020003,4,落,crash,宮内善光,,,,,
6320241116020003,3,失,disqualified,中村翔平,,,,,
6320241116020005,5,落,crash,太田将成,,,,,
6320241116020005,2,失,disqualified,須藤直道,,,,,
6320241116030001,1,落,crash,日浅保幸,,,,S,
6320241116030001,3,落,crash,内村泰三,,,,,
6320241116030001,5,失,disqualified,樋口開土,,,,B,
6320241125030005,2,失,disqualified,本多優,,,,,
6320241125030010,4,落,crash,山下祐輔,,,,,
6320241201030003,3,失,disqualified,栗本尚宗,,,,,
6320241209020006,2,失,disqualified,三澤勝成,,,,,
6320241209020006,1,故,accident_finish,角宗哉,,,,S,
6320250111010003,6,失,disqualified,木村健司,,,,,
6320250111020001,7,落,crash,米原大輔,,,,,
6320250111020001,2,失,disqualified,幸津博,,,,,
6320250111030002,4,失,disqualified,赤星俊光,,,,,
6320250111030006,3,故,accident_finish,内村竜也,,,,,
6320250206010001,1,,unknown_exception,東隆之,,,,,
6320250206010001,2,,unknown_exception,竹村達也,,,,,
6320250206010001,3,,unknown_exception,若林耕司,,,,,
6320250206010001,4,,unknown_exception,岡田雅也,,,,,
6320250206010001,5,,unknown_exception,渡邊一洋,,,,,
6320250206010001,6,,unknown_exception,米原大輔,,,,,
6320250206010001,7,,unknown_exception,橋谷成海,,,,,
6320250206010002,1,,unknown_exception,山口直樹,,,,,
6320250206010002,2,,unknown_exception,古閑良介,,,,,
6320250206010002,3,,unknown_exception,伊藤之人,,,,,
6320250206010002,4,,unknown_exception,土屋宏,,,,,
6320250206010002,5,,unknown_exception,石川英昭,,,,,
6320250206010002,6,,unknown_exception,木幡幸仁,,,,,
6320250206010002,7,,unknown_exception,佐野多喜男,,,,,
6320250206010003,1,,unknown_exception,阿部龍也,,,,,
6320250206010003,2,,unknown_exception,亀井道佳,,,,,
6320250206010003,3,,unknown_exception,菅藤智,,,,,
6320250206010003,4,,unknown_exception,田村光昭,,,,,
6320250206010003,5,,unknown_exception,加賀美智史,,,,,
6320250206010003,6,,unknown_exception,佐川拓也,,,,,
6320250206010003,7,,unknown_exception,龍門慎太郎,,,,,
6320250206020003,1,,unknown_exception,竹村達也,,,,,
6320250206020003,2,,unknown_exception,若林耕司,,,,,
6320250206020003,3,,unknown_exception,古閑良介,,,,,
6320250206020003,4,,unknown_exception,橋谷成海,,,,,
6320250206020003,5,,unknown_exception,赤松誠一,,,,,
6320250206020003,6,,unknown_exception,片山大輔,,,,,
6320250206020003,7,,unknown_exception,伊藤之人,,,,,
6320250218010006,6,落,crash,田中千尋,,,,,
6320250218010006,7,落,crash,比嘉真梨代,,,,S,
6320250223010003,4,故,accident_finish,池上孝之,,,,,
6320250311010010,4,落,crash,齋藤友幸,,,,,
6320250311010011,5,落,crash,河野要,,,,,
6320250311010011,2,故,accident_finish,徳永泰粋,,,,,
6320250311020004,7,失,disqualified,小野祐作,,,,,
6320250311020005,1,落,crash,内村竜也,,,,,
6320250311020008,3,失,disqualified,安谷屋将志,,,,,
6320250311030001,1,失,disqualified,佐川拓也,,,,,
6320250311030008,5,欠,absent,徳永泰粋,,,,,
6320250316020003,1,落,crash,金田健一郎,,,,S,
6320250316020003,5,失,disqualified,有賀高士,,,,,
6320250316020005,3,落,crash,小林卓人,,,,,
6320250316030005,4,欠,absent,田中会心,,,,,
6320250325020003,5,落,crash,前川大輔,,,,S,不利受落車
6320250325020003,7,失,disqualified,佐竹和也,,,,,押圧し失格
6320250325030012,3,落,crash,宮崎大空,,,,,
6320250325030012,4,失,disqualified,桐山敬太郎,,,,,
6320250407010007,1,落,crash,大塚健一郎,,,,,
6320250407010007,2,落,crash,芦澤大輔,,,,S,
6320250407010007,3,落,crash,増原正人,,,,,
6320250407010007,4,落,crash,松永将,,,,,
6320250407020003,3,落,crash,田中晴基,,,,,
6320250407020003,6,落,crash,栗田雄矢,,,,,
6320250407020003,7,落,crash,吉永好宏,,,,,
6320250427010006,2,落,crash,大久保直也,,,,,
6320250427020004,1,失,disqualified,工藤文彦,,,,,
6320250427030003,4,落,crash,長野和弘,,,,S,
6320250427030005,4,落,crash,中原航大,,,,,
6320250525020007,2,落,crash,三ツ石康洋,,,,,掬われ後退
6320250525020007,6,落,crash,吉田裕全,,,,,捲りに離れ
6320250525020007,7,落,crash,中村昌弘,,,,,接触し落車
6320250604030003,4,欠,absent,竹元健竜,,,,,
6320250630010002,3,落,crash,小林信晴,,,,S,
6320250630030004,1,失,disqualified,工藤政志,,,,,
6320250630030006,4,欠,absent,大瀬戸潤一郎,,,,,
6320250914020002,1,欠,absent,赤星俊光,,,,,
6320250921030001,2,落,crash,日浅保幸,,,,,
6320250921030001,6,落,crash,西郷剛,,,,,
6320251003030005,5,落,crash,薦田将伍,,,,,
6320251003030006,7,落,crash,中川聖大,,,,,
6320251003030006,3,失,disqualified,金田涼馬,,,,S,
6320251010030002,2,欠,absent,保科圭太,,,,,
6320251010030007,2,落,crash,新垣慶晃,,,,S,
6320251019030002,4,欠,absent,阿部兼士,,,,,
6320251215030004,3,失,disqualified,金子浩貴,,,,,
6320251215030005,3,落,crash,高田修汰,,,,,
6320251215030005,4,失,disqualified,大坪功一,,,,,
6320260117020001,5,欠,absent,小田桐義継,,,,,
6320260117020007,3,失,disqualified,森飛龍,,,,,
6320260117030001,3,落,crash,三澤勝成,,,,,
6320260125010004,1,落,crash,佐藤純嘉,,,,S,
6320260125030001,1,落,crash,滝川秀嗣,,,,S,
6320260125030001,7,落,crash,村上順規,,,,,
6320260125030001,3,失,disqualified,足達重満,,,,,
6320260125030007,3,落,crash,西森一稀,,,,,
6320260221020008,6,落,crash,安部貴之,,,,,
6320260221020008,5,失,disqualified,山口貴嗣,,,,,
6320260221030004,3,欠,absent,本多哲也,,,,,
6320260221030005,6,落,crash,江連和洋,,,,,
6320260221030006,2,欠,absent,増原正人,,,,,
6320260221030010,3,失,disqualified,阿部英斗,,,,B,
6320260319020001,3,落,crash,諸橋愛,,,,,落車棄権し
6320260319020001,9,落,crash,櫻井祐太郎,,,,,落車棄権し
6320260319020010,7,落,crash,南修二,,,,,落車棄権し
6320260319020010,1,失,disqualified,塚本大樹,,,,,外入で失格
6320260319030010,2,落,crash,嘉永泰斗,,,,,落車棄権し
6320260319030010,9,落,crash,脇本雄太,,,,,落車棄権し
6320260319040006,5,落,crash,成田和也,,,,,
6320260319040010,7,落,crash,渡部幸訓,,,,,
6320260410020002,4,欠,absent,嶋貫高大,,,,,
6320260418010007,5,落,crash,巴直也,,,,,
6320260418010007,7,落,crash,落合達彦,,,,,
6320260418010007,1,失,disqualified,半田誠,,,,SB,
6320260501010004,5,落,crash,米澤大輔,,,,,
6320260501020003,5,失,disqualified,松本憲斗,,,,,
6320260501020004,2,落,crash,中野光太郎,,,,,
6320260501020004,7,落,crash,小原周祐,,,,,
6320260517030005,5,失,disqualified,法月成祐,,,,,
6320260603030010,2,失,disqualified,グロ,,,,B,
3720230108020007,2,失,disqualified,今藤康裕,,,,,
3720230108030007,1,落,crash,清水剛志,,,,S,
3720230108030007,3,失,disqualified,山内大作,,,,,
3720230114010008,2,失,disqualified,寺沼将彦,,,,,押上げ７失
3720230114010010,1,落,crash,小林大介,,,,,挟まれ落車
3720230114020006,2,落,crash,渡辺十夢,,,,,４角接触落
3720230114030001,4,落,crash,川村昭弘,,,,,
3720230122020007,1,落,crash,大崎智久,,,,,内追上番手
3720230122030004,4,落,crash,板羽俊一,,,,,
3720230129010001,4,欠,absent,駒井大輔,,,,,
3720230216010001,8,落,crash,高橋広大,,,,,３角妨害受
3720230216010001,5,失,disqualified,柴崎俊光,,,,,番手で蛇行
3720230216010004,1,落,crash,福島武士,,,,,赤板接触し
3720230216010011,7,落,crash,中田雄喜,,,,,併せ妨害受
3720230216010011,5,失,disqualified,緒方将樹,,,,B,捲るも斜行
3720230216010012,3,失,disqualified,松坂洋平,,,,,牽制斜行し
3720230216020008,8,落,crash,武田憲祐,,,,,３番手乗上
3720230216020008,7,失,disqualified,土屋裕二,,,,,絶好も接触
3720230216020009,2,落,crash,湊聖二,,,,,番手も接触
3720230216020009,3,落,crash,鈴木陸来,,,,,捲り煽受け
3720230216030003,7,欠,absent,稲村好将,,,,,当日欠場
3720230216030008,4,落,crash,青井賢治,,,,,内突もつれ
3720230216030008,3,失,disqualified,山口泰生,,,,,掬われ締め
3720230216030011,3,落,crash,池田憲昭,,,,,煽られ接触
3720230216030011,6,落,crash,林昌幸,,,,,捲り弾かれ
3720230216030011,8,落,crash,黒沢征治,,,,,捲り併され
3720230216040006,7,落,crash,大西健士,,,,,
3720230216040006,8,落,crash,阿部兼士,,,,,
3720230216040006,9,落,crash,尾崎剛,,,,,
3720230216040006,2,失,disqualified,伊勢崎彰大,,,,,
3720230227020001,3,落,crash,寺林正秋,,,,,伊藤奎一緒
3720230227020001,4,落,crash,須藤雄太,,,,,切替え接触
3720230317020008,7,失,disqualified,菊谷信一,,,,,
3720230317020008,6,故,accident_finish,飯田威文,,,,,
3720230404030001,5,欠,absent,高木香帆,,,,,
3720230404030002,7,失,disqualified,堀勝政,,,,,
3720230404030005,6,落,crash,湯浅大輔,,,,,
3720230404030005,5,失,disqualified,本田拓也,,,,,
3720230418010001,2,失,disqualified,大崎龍一郎,,,,,番手狙うも
3720230418020001,6,落,crash,浅見敏也,,,,,転ばされて
3720230418020001,7,失,disqualified,三上隆幸,,,,,鐘過ぎ押圧
3720230418020005,3,故,accident_finish,伊藤一貴,,,,,駒井と一緒
3720230418020010,2,失,disqualified,小林令,,,,,内外大暴れ
3720230425010007,4,失,disqualified,晴山裕之,,,,,
3720230425030003,4,欠,absent,幸津博,,,,,
3720230508010004,2,失,disqualified,三浦翔大,,,,S,
3720230529010007,1,失,disqualified,菊池竣太朗,,,,,斜行し失格
3720230529020003,1,失,disqualified,牛田樹希斗,,,,S,内追抜失格
3720230529020010,2,落,crash,佐藤真一,,,,,乗上げ落車
3720230529020010,3,落,crash,岡本総,,,,,絡まり落車
3720230529020010,7,落,crash,川口聖二,,,,,接触し落車
3720230529020010,4,失,disqualified,白戸淳太郎,,,,,斜行し失格
3720230529030005,4,落,crash,藤木裕,,,,,
3720230529030005,5,落,crash,野中祐志,,,,,
3720230529030005,2,失,disqualified,松坂英司,,,,,
3720230605020009,2,落,crash,黒田大介,,,,S,接触し落車
3720230605020011,4,落,crash,佐藤悦夫,,,,,内潜り接触
3720230621020006,3,落,crash,田口梓乃,,,,,不利受落車
3720230621020006,6,失,disqualified,梶田舞,,,,S,外帯線進入
3720230621030007,3,欠,absent,友定祐己,,,,,
3720230621030012,3,落,crash,道場晃規,,,,,
3720230621030012,4,失,disqualified,芦澤辰弘,,,,,
3720230630020004,3,欠,absent,辻本達矢,,,,,
3720230630020004,6,欠,absent,幡中幸弘,,,,,
3720230718010003,1,落,crash,日吉克実,,,,,弾かれ落車
3720230718010003,5,落,crash,井上典善,,,,,乗上げ落車
3720230718010003,6,失,disqualified,清水吉康,,,,,押上げ故失
3720230718030007,4,失,disqualified,黒崎直行,,,,,
3720230718030009,5,落,crash,齋藤宗徳,,,,,
3720230718030009,7,失,disqualified,小島雅章,,,,,
3720230725010003,3,落,crash,荒木貴大,,,,,
3720230725010003,5,落,crash,白井一機,,,,,
3720230818010002,5,失,disqualified,清水正人,,,,,
3720230830010005,7,落,crash,岡崎景介,,,,S,押圧され落
3720230830010005,2,失,disqualified,中村隆生,,,,B,押圧し３失
3720230830010007,7,失,disqualified,竹村勇祐,,,,,押上げ６失
3720230830010011,2,落,crash,大崎飛雄馬,,,,,接触し落車
3720230830020012,4,落,crash,湊聖二,,,,,捲り追えず
3720230905010009,3,失,disqualified,大洞翔平,,,,,
3720230905020007,7,落,crash,舟山佑京,,,,,
3720230905030002,2,欠,absent,大川栄二,,,,,
3720230917020006,2,落,crash,藤野一良,,,,,
3720230917020006,7,落,crash,橋本祐司,,,,,
3720230917030008,3,落,crash,畠山ひすい,,,,S,
3720230917030008,1,失,disqualified,坂口楓華,,,,B,
3720231030020002,6,欠,absent,緒方剛,,,,,当日欠場
3720231030030005,3,失,disqualified,渡邉栞奈,,,,,
3720231120010006,7,欠,absent,門脇翼,,,,,
3720231120030008,2,欠,absent,山口真未,,,,,
3720231202010006,3,落,crash,山岸佳太,,,,,牽制し接触
3720231202010006,5,落,crash,上野優太,,,,,乗上げ落車
3720231202010007,4,落,crash,鈴木良太,,,,,３角接触し
3720231202010007,7,落,crash,橋本強,,,,,接触し落車
3720231202010007,8,落,crash,吉田篤史,,,,,乗上げ落車
3720231202010007,3,失,disqualified,黒沢征治,,,,,押上げ失格
3720231202020009,1,失,disqualified,和田真久留,,,,,切替内突く
3720231202020011,9,欠,absent,犬伏湧也,,,,,当日欠場
3720231202030003,5,落,crash,田村真広,,,,,打鐘過落車
3720231202030003,6,落,crash,台和紀,,,,,乗上げ落車
3720231202030006,5,落,crash,松尾透,,,,,内突き落車
3720231211010003,7,落,crash,高野輝彰,,,,,
3720231211010004,6,失,disqualified,芦川大雄,,,,,
3720231211020004,2,落,crash,植田誠,,,,,
3720231211020004,6,失,disqualified,樫村伸平,,,,,
3720231211030001,4,失,disqualified,渡辺馨,,,,S,
3720240106010004,4,落,crash,高本和也,,,,S,接触し落車
3720240106010010,6,落,crash,小林稜武,,,,,絡んで落車
3720240106010010,3,失,disqualified,川津悠揮,,,,,斜行し落失
3720240106020003,4,落,crash,水書義弘,,,,,前輪払われ
3720240106020003,2,失,disqualified,能代谷元,,,,,外入し１失
3720240106020004,2,欠,absent,志佐明,,,,,当日欠場
3720240106020012,2,失,disqualified,東龍之介,,,,,押上げ２失
3720240213010005,6,落,crash,金野俊秋,,,,S,接触し落車
3720240213010005,3,故,accident_finish,春日勇人,,,,,接触し故障
3720240213030001,1,欠,absent,平総一,,,,,
3720240213030009,1,落,crash,新田康仁,,,,,
3720240213030009,7,落,crash,五日市誠,,,,,
3720240222010006,7,落,crash,山根泰道,,,,,
3720240314010006,3,落,crash,吉田勇人,,,,S,鐘手前落車
3720240314010006,8,落,crash,伊藤亮,,,,,前落車乗上
3720240314010008,3,落,crash,佐々木雄一,,,,S,外張り掬れ
3720240314010008,7,落,crash,川越勇星,,,,,捲り張られ
3720240329020002,6,失,disqualified,芦川大雄,,,,,
3720240329030008,2,欠,absent,鳥海創,,,,,
3720240419010003,5,落,crash,植木和広,,,,,
3720240419010003,6,落,crash,齋藤昌弘,,,,,
3720240419010003,7,落,crash,中野良,,,,,
3720240419010006,2,失,disqualified,宮司周郎,,,,,
3720240419010008,3,失,disqualified,布居大地,,,,B,
3720240419020005,3,落,crash,豊田一馬,,,,,
3720240419020005,5,落,crash,西巻秀太,,,,,
3720240426010008,5,落,crash,西岡拓朗,,,,,乗上げ落車
3720240426010008,7,失,disqualified,清水一幸,,,,,打鐘過落失
3720240426020004,3,落,crash,北川紋部,,,,,赤板前接触
3720240426020009,2,落,crash,齋藤登志信,,,,,Ｂ過ぎ落車
3720240426020012,4,落,crash,渡口勝成,,,,,締込れ落車
3720240426020012,7,失,disqualified,立部楓真,,,,,叩き内押込
3720240426030004,5,落,crash,小浦凪,,,,,
3720240523020003,1,失,disqualified,成田直喜,,,,,
3720240523020006,2,失,disqualified,田村真広,,,,,
3720240523030005,2,失,disqualified,大矢将大,,,,,
3720240530020009,3,落,crash,平原啓多,,,,S,接触し落車
3720240530020009,4,落,crash,西岡正一,,,,,落車に乗上
3720240617010007,5,欠,absent,竹村勇祐,,,,,当日欠場し
3720240617020002,7,欠,absent,岡田啓渡,,,,,当日欠場し
3720240617020008,6,欠,absent,神山尚,,,,,当日欠場し
3720240617030010,3,失,disqualified,阪本和也,,,,S,
3720240622020006,1,欠,absent,坂本拓也,,,,,
3720240622020006,3,欠,absent,梅原大治,,,,,
3720240715010003,4,落,crash,堀内昇,,,,,
3720240715010003,5,落,crash,阿部俊,,,,,
3720240715010006,4,落,crash,伊藤のぞみ,,,,,
3720240715010011,1,失,disqualified,吉松賢二,,,,B,
3720240830010008,3,欠,absent,日当泰之,,,,,当日欠場
3720240908010005,5,欠,absent,勝瀬卓也,,,,,当日欠場
3720240908010007,1,落,crash,田中晴基,,,,,切替え接触
3720240915010004,7,失,disqualified,齊藤紳一朗,,,,,
3720241027030006,4,落,crash,坂口卓士,,,,,
3720241102010001,3,落,crash,油谷蒼,,,,,
3720241102010001,1,失,disqualified,川野深,,,,SB,
3720241102010003,3,失,disqualified,住村実,,,,,
3720241102010007,2,失,disqualified,天沼雅貴,,,,,
3720241122010002,1,落,crash,佐藤清之,,,,,
3720241122020008,1,落,crash,湊聖二,,,,S,
3720241122030005,5,失,disqualified,高塩讓次,,,,,
3720241207020005,2,失,disqualified,宇佐見裕輝,,,,,
3720241207020007,7,落,crash,相澤政宏,,,,,
3720241217010001,5,落,crash,平澤秀信,,,,,
3720241217010001,7,落,crash,松尾大樹,,,,,
3720241217020001,4,失,disqualified,長岡豪,,,,,
3720250101010012,2,落,crash,和田健太郎,,,,,
3720250101010012,6,落,crash,山口富生,,,,,
3720250101010012,5,失,disqualified,道場晃規,,,,B,
3720250101030010,1,落,crash,稲葉一真,,,,,
3720250222010005,2,落,crash,小林稜武,,,,,
3720250222010005,4,失,disqualified,岡部芳幸,,,,,
3720250222010008,1,落,crash,佐方良行,,,,,
3720250222010010,7,失,disqualified,小川賢人,,,,,
3720250310010002,7,欠,absent,浦山一栄,,,,,
3720250310010008,1,欠,absent,丸林駿太,,,,,
3720250320010006,1,落,crash,小川勇介,,,,,押上げられ
3720250320010006,7,失,disqualified,和田圭,,,,,押上げ７失
3720250320030001,4,失,disqualified,東龍之介,,,,,外入し失格
3720250320030001,3,故,accident_finish,杉本正隆,,,,,煽受け故障
3720250320030003,2,失,disqualified,木暮安由,,,,,バック落車
3720250320030008,2,失,disqualified,山口敦也,,,,,外入し失格
3720250405020010,2,落,crash,香川雄介,,,,,
3720250405020010,1,失,disqualified,岡村潤,,,,S,
3720250405030003,5,落,crash,川上隆義,,,,,
3720250504010003,2,落,crash,平総一,,,,,
3720250504010003,4,落,crash,眞鍋伸也,,,,,
3720250504010003,5,落,crash,大窪輝之,,,,,
3720250504010006,2,失,disqualified,堀勝政,,,,S,
3720250504010006,7,失,disqualified,北沢勝弘,,,,,
3720250504010007,3,落,crash,樋口有樹郎,,,,,
3720250504010007,5,失,disqualified,富澤洋祐,,,,,
3720250517010008,3,落,crash,木村貴宏,,,,,
3720250517020007,4,落,crash,小林申太,,,,,
3720250517030002,2,落,crash,榎本光男,,,,,
3720250517030002,3,落,crash,新井剛央,,,,,
3720250517030002,4,落,crash,松根真,,,,,
3720250517030002,5,落,crash,小西芳樹,,,,,
3720250517030002,7,落,crash,川口聖翔,,,,,
3720250523030003,7,欠,absent,船倉卓郎,,,,,
3720250523030006,2,落,crash,巴直也,,,,,
3720250523030006,3,落,crash,國廣哲治,,,,,
3720250527010010,5,欠,absent,大矢崇弘,,,,,
3720250527020005,1,落,crash,山田幸司,,,,,
3720250527020012,2,落,crash,長尾拳太,,,,,
3720250527020012,3,落,crash,藤原憲征,,,,,
3720250527020012,5,落,crash,今野大輔,,,,,
3720250527020012,1,失,disqualified,川越勇星,,,,S,
3720250613020001,1,欠,absent,白木正彦,,,,,
3720250619010003,4,失,disqualified,栗原稔貴,,,,,
3720250619010004,4,失,disqualified,宮下潤,,,,,
3720250619030003,2,失,disqualified,長田彰人,,,,,
3720251110010010,1,落,crash,佐藤明,,,,S,
3720251110010010,4,落,crash,遠藤勝行,,,,,
3720251110010010,7,落,crash,岩橋則明,,,,,
3720251110030004,1,失,disqualified,赤池七虹,,,,,
3720251129010007,4,欠,absent,仲澤春香,,,,,
3720251129030001,4,落,crash,田村真広,,,,,
3720251206010003,6,欠,absent,青木亮太,,,,,
3720251211010004,2,欠,absent,渡邉雄太,,,,,
3720251211010005,2,落,crash,山本伸一,,,,,
3720251211020009,4,落,crash,坂本亮馬,,,,,
3720251211020009,7,落,crash,岩本俊介,,,,,
3720251211030007,2,落,crash,清水一幸,,,,S,
3720251211030007,6,落,crash,松崎広太,,,,,
3720251217020011,4,失,disqualified,岡本大嗣,,,,,
3720260116010004,7,失,disqualified,深井高志,,,,,不注意落車
3720260116020007,5,落,crash,板崎佑矢,,,,,赤板過落車
3720260116020007,7,失,disqualified,栗林巧,,,,,押上げ２失
3720260125020006,5,欠,absent,伊藤木々音,,,,,当日欠場で
3720260125030003,1,落,crash,岡嶋登,,,,,
3720260125030003,3,落,crash,佐藤康恭,,,,,
3720260125030003,5,落,crash,薮謙治,,,,,
3720260201010004,2,,unknown_exception,榊枝輝文,,,,,
3720260201010004,3,,unknown_exception,山本和瑳,,,,,
3720260201010004,4,,unknown_exception,岡田大門,,,,,
3720260201010004,5,,unknown_exception,清水健次,,,,,
3720260201010004,6,,unknown_exception,小塚潤,,,,,
3720260201010004,7,,unknown_exception,丸山勝也,,,,,
3720260201010004,1,欠,absent,江本博明,,,,,
3720260201030004,1,失,disqualified,河野淳吾,,,,,
3720260207010007,3,欠,absent,植木和広,,,,,
3720260220010001,1,落,crash,山口茂,,,,,落車棄権し
3720260220010001,5,落,crash,平山優太,,,,S,落車棄権し
3720260220010001,3,失,disqualified,筒井裕哉,,,,,斜行で失格
3720260220010012,3,落,crash,嶋田誠也,,,,,落車棄権で
3720260220020009,2,落,crash,大野悟郎,,,,,落車棄権し
3720260304030002,5,欠,absent,黒川渉,,,,,
3720260304030008,3,落,crash,武田豊樹,,,,,
3720260304030008,4,落,crash,山口多聞,,,,,
3720260304030012,2,落,crash,三谷将太,,,,,
3720260304030012,5,失,disqualified,山田庸平,,,,,
3720260329010008,1,失,disqualified,今野有樹,,,,S,外入し失格
3720260329010011,3,落,crash,海老根恵太,,,,,落車棄権
3720260329010011,5,落,crash,小笠原光,,,,S,落車棄権
3720260329010011,7,落,crash,近藤夏樹,,,,,落車棄権
3720260329020012,4,欠,absent,簗田一輝,,,,,当日欠場
3720260329030002,1,落,crash,入田龍馬,,,,S,
3720260329030002,6,落,crash,中里福太郎,,,,,
3720260329030007,5,落,crash,仁藤秀,,,,,
3720260329030007,7,落,crash,池田良,,,,,
3720260402010009,1,落,crash,桑原大志,,,,S,落車棄権
3720260402010009,9,落,crash,黒瀬浩太郎,,,,,落車棄権
3720260402010010,2,落,crash,大森慶一,,,,,落車棄権
3720260402010010,3,落,crash,大矢崇弘,,,,,落車棄権
3720260402010010,7,落,crash,濱田浩司,,,,S,落車棄権
3720260402030004,2,落,crash,箱田優樹,,,,,落車し棄権
3720260402030004,4,落,crash,野崎将史,,,,,落車し棄権
3720260402030004,7,失,disqualified,久保田泰弘,,,,,斜行２着失
3720260413010002,1,失,disqualified,河野淳吾,,,,S,押上げ落失
3720260418010002,2,落,crash,甲斐康昭,,,,,終４角落車
3720260418010002,4,落,crash,岡田啓渡,,,,S,終４角落車
3720260418010002,7,落,crash,井上剛,,,,,終４角落車
3720260418010011,1,落,crash,伊藤裕貴,,,,,終４角落車
3720260418010011,3,落,crash,野田源一,,,,,終４角落車
3720260418010011,5,落,crash,佐藤壮,,,,,終４角落車
3720260418010011,6,落,crash,松岡健介,,,,,終４角落車
3720260418020007,5,欠,absent,鈴木樹里,,,,,当日欠場
3720260418020012,5,落,crash,湊聖二,,,,,鐘すぎ落車
3720260418030001,5,失,disqualified,小谷文康,,,,,
3720260428030002,1,落,crash,塚本貴雄,,,,,
3720260428030002,4,落,crash,田口守,,,,,
3720260428030002,7,落,crash,岡嵜浩一,,,,,
3720260511020012,7,落,crash,北井佑季,,,,,落車し棄権
3720260528010007,2,落,crash,上田裕和,,,,,落車で棄権
3720260528020008,3,落,crash,中村健志,,,,S,落車で棄権
3720260528030012,1,落,crash,道場晃規,,,,S,
3720260528030012,6,落,crash,川越勇星,,,,,
3720260613020005,3,落,crash,坂田章,,,,,アンコ落車
3720260613030012,1,落,crash,丸山留依,,,,,
1320230101010002,5,欠,absent,石田拓真,,,,,当日欠場
1320230101010005,3,落,crash,上田裕和,,,,,ＨＳで落車
1320230101010005,7,落,crash,小酒大勇,,,,,落車巻込れ
1320230101020006,1,落,crash,相川永伍,,,,S,番手牽制も
1320230101020006,5,落,crash,宮下一歩,,,,B,突張り先行
1320230113030007,2,落,crash,福田滉,,,,,
1320230113030007,7,落,crash,大関祐也,,,,,
1320230207030005,1,欠,absent,杉山悠也,,,,,
1320230313010002,6,失,disqualified,玉木英典,,,,,斜行し失格
1320230313010011,2,落,crash,勝瀬卓也,,,,,直線で落車
1320230313020008,3,落,crash,落合達彦,,,,,乗上げ落車
1320230313020008,7,落,crash,山本紳貴,,,,,妨害受け落
1320230313020008,4,失,disqualified,冨尾享平,,,,,斜行で失格
1320230325010001,6,失,disqualified,長澤和光,,,,,競合い後退
1320230325010007,1,落,crash,中武三四郎,,,,,鐘３角落車
1320230325010007,7,落,crash,田中俊充,,,,,乗上げ落車
1320230325010009,2,,unknown_exception,高瀬卓,,,,,未実施抽選
1320230325010009,3,,unknown_exception,須藤雄太,,,,,未実施抽選
1320230325010009,4,,unknown_exception,辻力,,,,,未実施抽選
1320230325010009,6,,unknown_exception,伊藤翼,,,,,未実施抽選
1320230325010009,7,,unknown_exception,北村貴幸,,,,,未実施抽選
1320230325010009,1,欠,absent,泉文人,,,,,未実施抽選
1320230325010009,5,欠,absent,高橋幸司,,,,,未実施抽選
1320230325020001,4,失,disqualified,古寺伸洋,,,,,３半落車し
1320230408010009,4,落,crash,深澤伸介,,,,,外振り落車
1320230408010009,5,落,crash,松澤敬輔,,,,,接触し落車
1320230417010006,3,落,crash,柿澤大貴,,,,S,絶好も落車
1320230417010006,6,落,crash,村上直久,,,,,落車乗上げ
1320230417010011,1,落,crash,渡部幸訓,,,,S,妨害受け落
1320230417010011,4,落,crash,佐藤康紀,,,,,落車巻込れ
1320230417010011,6,失,disqualified,山本勝利,,,,,押上げ落失
1320230505020001,2,欠,absent,山城光央,,,,,当日欠場し
1320230521010002,2,落,crash,栗林巧,,,,,中割り落車
1320230521010002,5,落,crash,舟山佑京,,,,,叩れ３番手
1320230521020002,5,失,disqualified,太田貴之,,,,,押圧し落車
1320230910010001,1,落,crash,望月嘉人,,,,,打鐘で落車
1320230910030006,2,失,disqualified,櫻井紀幸,,,,,
1320230918010009,1,,unknown_exception,土田栄二,,,,,未実施抽選
1320230918010009,2,,unknown_exception,石井孝,,,,,未実施抽選
1320230918010009,3,,unknown_exception,山崎輝夫,,,,,未実施抽選
1320230918010009,4,,unknown_exception,日浅保幸,,,,,未実施抽選
1320230918010009,6,,unknown_exception,高橋清太郎,,,,,未実施抽選
1320230918010009,7,,unknown_exception,高木隆弘,,,,,未実施抽選
1320230918010009,5,欠,absent,齋藤友幸,,,,,当日欠場
1320231104010003,3,欠,absent,井寺亮太,,,,,
1320231104010009,2,失,disqualified,海老根恵太,,,,,
1320231113010002,1,落,crash,伊藤彰規,,,,,乗上げ落車
1320231113010002,2,落,crash,外崎一成,,,,,ＢＳ落車し
1320231113010002,4,落,crash,齋藤昌弘,,,,,落車巻込れ
1320231113020003,3,落,crash,田中孝彦,,,,,直線で落車
1320231113020003,5,落,crash,石川恭規,,,,,落車巻込れ
1320231113020009,1,欠,absent,笠松信幸,,,,,当日欠場
1320231113030012,1,落,crash,小松崎大地,,,,,
1320231124010007,7,落,crash,川津悠揮,,,,,３半で落車
1320231124030006,2,落,crash,山本紳貴,,,,,
1320231124030006,3,落,crash,藤原憲征,,,,,
1320231214030005,2,失,disqualified,関智晴,,,,S,
1320231214030012,1,落,crash,荒澤貴史,,,,,
1320231229030004,4,欠,absent,谷口友真,,,,,
1320240116030003,3,落,crash,大澤雄大,,,,,
1320240116030012,3,失,disqualified,村上博幸,,,,,
1320240125020005,5,落,crash,杉山悠也,,,,,挟まれ落車
1320240125020005,7,落,crash,内山貴裕,,,,,絡みＢ前落
1320240125020012,7,落,crash,脇本雄太,,,,,鐘３半落車
1320240125030002,6,故,accident_finish,山崎将幸,,,,,故障し棄権
1320240125030005,1,失,disqualified,青柳靖起,,,,,後方届かず
1320240125030007,7,落,crash,池田良,,,,,４角落車し
1320240125030008,1,失,disqualified,内藤秀久,,,,,直線で落車
1320240125040010,4,落,crash,須永優太,,,,,
1320240217020001,2,落,crash,藤光健一,,,,,外振り落車
1320240217020001,3,落,crash,田村武士,,,,,追突され落
1320240217020001,6,落,crash,平澤秀信,,,,,ハウス落車
1320240217020003,3,失,disqualified,村松俊弥,,,,S,番手死守も
1320240217020006,7,失,disqualified,荒牧聖未,,,,,誘導妨害し
1320240301020003,1,落,crash,樫山恭柄,,,,S,乗上げ落車
1320240301020003,4,失,disqualified,堀政美,,,,,斜行落失格
1320240301030012,4,落,crash,永澤剛,,,,,
1320240301030012,7,失,disqualified,伊藤旭,,,,B,
1320240405010004,2,落,crash,松澤敬輔,,,,,乗上げ落車
1320240405010004,3,落,crash,星島太,,,,,３半落車し
1320240405010004,6,落,crash,伊藤拓人,,,,,乗上げ落車
1320240405030001,3,失,disqualified,若林耕司,,,,,
1320240405030008,4,落,crash,竹山陵太,,,,S,
1320240423030002,6,落,crash,塚本貴雄,,,,,
1320240430010007,7,失,disqualified,松谷秀幸,,,,,内圏線踏切
1320240430020006,7,落,crash,和田真久留,,,,,捲り張られ
1320240430030001,7,落,crash,恩田淳平,,,,,３半内突も
1320240430030004,9,落,crash,畑段嵐士,,,,,捲上げ落車
1320240430030004,5,失,disqualified,鈴木裕,,,,,斜行し失格
1320240430030008,1,失,disqualified,渡部幸訓,,,,S,押上げ失格
1320240430030009,5,失,disqualified,松本貴治,,,,,鐘前で落車
1320240430030009,9,故,accident_finish,郡司浩平,,,,,車体故障し
1320240430030010,3,落,crash,谷口遼平,,,,,最終Ｂ落車
1320240430040004,1,落,crash,岡本総,,,,S,目標が後手
1320240430040004,9,落,crash,橋本優己,,,,,後方置かれ
1320240430040004,8,失,disqualified,中村圭志,,,,,４角落車し
1320240616010003,6,失,disqualified,澤亀浩司,,,,,
1320240616020006,5,失,disqualified,田村純一,,,,,
1320240616030007,7,落,crash,高橋明久,,,,,
1320240616030007,1,失,disqualified,小榑佑弥,,,,S,
1320240629010001,1,落,crash,宇佐見裕輝,,,,,ホーム落車
1320240629010001,6,落,crash,佐藤有輝,,,,,落車巻込れ
1320240629030005,7,欠,absent,高本美穂,,,,,
1320240707010005,4,失,disqualified,山崎歩夢,,,,SB,正攻法逃げ
1320240707020002,2,欠,absent,米丸俊成,,,,,当日欠場
1320240707020005,2,落,crash,黒滝大翔,,,,,赤板前落車
1320240707020005,5,落,crash,渡邉壘,,,,,赤板前落車
1320240707020012,4,落,crash,志佐明,,,,,捲り張られ
1320240707020012,2,失,disqualified,東矢昇太,,,,S,外振り失格
1320240725010001,1,,unknown_exception,渡邊健,,,,,
1320240725010001,2,,unknown_exception,吉竹尚城,,,,,
1320240725010001,3,,unknown_exception,松田優一,,,,,
1320240725010001,4,,unknown_exception,岩城佑典,,,,,
1320240725010001,5,,unknown_exception,布居大地,,,,,
1320240725010001,6,,unknown_exception,宗景祐樹,,,,,
1320240725010001,7,,unknown_exception,川西亮介,,,,,
1320240725010002,1,,unknown_exception,肥後尚己,,,,,
1320240725010002,2,,unknown_exception,後藤祐貴,,,,,
1320240725010002,3,,unknown_exception,梅山英樹,,,,,
1320240725010002,4,,unknown_exception,牛田樹希斗,,,,,
1320240725010002,5,,unknown_exception,田中俊充,,,,,
1320240725010002,6,,unknown_exception,及川裕奨,,,,,
1320240725010002,7,,unknown_exception,鈴木裕斗,,,,,
1320240725020002,2,落,crash,平田徹,,,,,
1320240725020002,7,落,crash,湯浅弘光,,,,,
1320240725020002,4,故,accident_finish,宗景祐樹,,,,,
1320240725030007,3,落,crash,小野裕次,,,,,
1320240725030007,6,落,crash,水森湧太,,,,,
1320240808010003,2,落,crash,玉木英典,,,,,
1320240808010004,5,落,crash,赤石聡,,,,,
1320240808010004,7,失,disqualified,安本昇平,,,,,
1320240808020001,1,,unknown_exception,高橋京治,,,,,未実施抽選
1320240808020001,2,,unknown_exception,阿部龍也,,,,,未実施抽選
1320240808020001,4,,unknown_exception,小野俊之,,,,,未実施抽選
1320240808020001,5,,unknown_exception,藤田晃英,,,,,未実施抽選
1320240808020001,3,欠,absent,玉木英典,,,,,
1320240808020002,1,,unknown_exception,菅原洋輔,,,,,未実施抽選
1320240808020002,2,,unknown_exception,小林覚,,,,,未実施抽選
1320240808020002,3,,unknown_exception,高尾剛文,,,,,未実施抽選
1320240808020002,5,,unknown_exception,椿佳友,,,,,未実施抽選
1320240808020002,4,欠,absent,小林和彦,,,,,
1320240906020002,7,欠,absent,櫻井紀幸,,,,,当日欠場
1320240914020012,3,落,crash,佐藤壮,,,,,３半で落車
1320241113010011,4,失,disqualified,立花昌也,,,,B,早期追抜き
1320241113020011,2,失,disqualified,宇佐見裕輝,,,,,内抜き失格
1320241124020003,2,失,disqualified,法月成祐,,,,,
1320241130010011,2,欠,absent,内山雅貴,,,,,当日欠場
1320241213020009,6,欠,absent,佐々木健司,,,,,当日欠場
1320241213030011,5,欠,absent,中村由香里,,,,,
1320250104010003,4,落,crash,薮謙治,,,,,挟まれ落車
1320250104010003,7,落,crash,宮倉勇,,,,,落車巻込れ
1320250124020012,2,落,crash,櫻井丈,,,,,３半で落車
1320250124020012,3,落,crash,高橋泰裕,,,,,３半で落車
1320250124020012,7,落,crash,泉慶輔,,,,,挟まれ落車
1320250124030010,2,失,disqualified,宇佐見優介,,,,,
1320250201010002,2,落,crash,佐藤亙,,,,,鐘３半落車
1320250201010004,7,失,disqualified,田村真広,,,,,目標に切れ
1320250201010007,6,落,crash,加藤圭一,,,,,落車巻込れ
1320250201010007,1,失,disqualified,下井竜,,,,S,過失の落車
1320250201020003,2,落,crash,小埜正義,,,,,４角接触落
1320250201020003,4,落,crash,三谷政史,,,,,内突き接触
1320250201020007,2,落,crash,五十嵐綾,,,,S,Ｂ過ぎ落車
1320250201020007,4,落,crash,庄子信弘,,,,,落車乗上げ
1320250201020007,7,落,crash,中井達郎,,,,,Ｂ過ぎ落車
1320250404010004,6,失,disqualified,渡辺馨,,,,,叩れライン
1320250428010003,4,失,disqualified,浦崎貴史,,,,,後方競合い
1320250428030005,1,失,disqualified,高橋昇平,,,,,
1320250516010005,3,落,crash,牧田咲子,,,,,外持出し落
1320250516010005,6,落,crash,半田水晶,,,,,ホーム接触
1320250516010009,1,失,disqualified,吉田夢希斗,,,,,早々に落車
1320250516020011,5,失,disqualified,五輪拓巳,,,,,直線で押圧
1320250516030007,4,欠,absent,星野京旺,,,,,
1320250629010006,4,欠,absent,吉川美穂,,,,,当日欠場し
1320250629010007,1,落,crash,松田優一,,,,S,ホーム落車
1320250629010007,4,落,crash,高谷進太郎,,,,,ホーム落車
1320250629020004,2,失,disqualified,大林亮介,,,,,ホーム落車
1320250629020007,4,落,crash,中野智公,,,,,鐘前で落車
1320250629020007,7,落,crash,鮫島康治,,,,,鐘前で落車
1320250629030009,4,失,disqualified,西岡利起,,,,SB,
1320250704020009,1,欠,absent,瀬戸栄作,,,,,当日欠場し
1320250704030007,7,落,crash,戸田洋平,,,,,
1320250704030007,2,失,disqualified,五十嵐綾,,,,S,
1320250704030009,1,落,crash,宿口潤平,,,,S,
1320250704030009,4,落,crash,山本勝利,,,,,
1320250804010008,2,落,crash,室井健一,,,,,終４角落車
1320250804010008,5,落,crash,市橋司優人,,,,,終４角落車
1320250804030001,5,落,crash,野間司,,,,,
1320250830010005,5,落,crash,高谷雅彦,,,,,
1320250924010002,4,失,disqualified,鳥丸晃順,,,,,
1320250924030005,4,欠,absent,猪野泰介,,,,,
1320251015020005,1,欠,absent,菊谷信一,,,,,
1320251015030002,4,落,crash,河合康晴,,,,,
1320251015030002,3,失,disqualified,滝川秀嗣,,,,,
1320251114030003,2,落,crash,松田優一,,,,S,
1320251114030003,7,落,crash,古屋琢晶,,,,B,
1320251114030006,5,失,disqualified,富弥昭,,,,,
1320251124010007,3,失,disqualified,渡辺馨,,,,,
1320251124020004,3,失,disqualified,三浦綾,,,,,
1320251124020005,1,失,disqualified,平根優大,,,,S,
1320251124030001,3,欠,absent,市川博章,,,,,
1320251130010006,6,欠,absent,長澤和光,,,,,
1320251130020003,7,落,crash,長岡豪,,,,S,
1320251206020002,5,欠,absent,小野俊之,,,,,当日欠場
1320260103010002,2,落,crash,佐山俊樹,,,,,３半落車し
1320260122010008,4,落,crash,望月湧世,,,,B,叩き捲られ
1320260122010012,3,落,crash,嘉永泰斗,,,,,赤板過落車
1320260122020010,6,落,crash,川上隆義,,,,,鐘前で落車
1320260122030007,4,落,crash,三浦貴大,,,,,ＨＳ前落車
1320260122040010,9,失,disqualified,小岩大介,,,,,
1320260309010011,2,落,crash,佐方良行,,,,,落車巻込れ
1320260309010011,4,落,crash,福田稔希,,,,,鐘３半落車
1320260309010011,7,落,crash,齋藤登志信,,,,,落車巻込れ
1320260309030005,5,欠,absent,萩原瑞生,,,,,
1320260319020009,4,落,crash,鷲見逸喜,,,,,
1320260319020009,6,落,crash,三浦雄大,,,,,
1320260404010006,4,落,crash,倉野隆太郎,,,,,
1320260404010006,5,落,crash,井田晶之,,,,B,
1320260510010003,2,落,crash,福田真平,,,,S,
1320260510010003,5,落,crash,柴田竜史,,,,,
1320260510010003,7,落,crash,河合康晴,,,,,
1320260510020008,4,落,crash,佐藤成人,,,,,
1320260510030007,5,落,crash,中西司,,,,,
1320260510030007,2,失,disqualified,中井勇介,,,,,
1320260608020005,1,失,disqualified,藤田祐大,,,,SB,先行交され
1320260608020007,6,落,crash,伊藤勝太,,,,,終４角落車
1320260608030007,2,落,crash,合志正臣,,,,,
3420231007010002,2,失,disqualified,神山尚,,,,S,不発３番手
3420231017010003,2,落,crash,川木敬大,,,,,捲離れ絡む
3420231017010003,3,落,crash,郡英治,,,,,絶好も接触
3420231026010003,7,落,crash,伊藤大理,,,,,
3420231026010004,1,失,disqualified,長井優斗,,,,,
3420231026010004,6,失,disqualified,石井毅,,,,,
3420231111010010,3,落,crash,舘真成,,,,,番手嵌るも
3420231111010010,5,落,crash,神山尚,,,,,４角で落車
3420231111020001,7,失,disqualified,真船拓磨,,,,,内圏線踏失
3420231118020001,2,落,crash,鈴木愼二,,,,,接触し落車
3420231118020007,3,欠,absent,土屋裕二,,,,,当日欠場し
3420231118020007,1,落,crash,澤田義和,,,,,追突し落車
3420231118020007,4,落,crash,高谷雅彦,,,,,４角で落車
3420231118020007,2,失,disqualified,奥原亨,,,,S,落車誘発し
3420231118020008,4,落,crash,愛敬博之,,,,,落車巻込れ
3420231118020008,5,落,crash,吉田勇人,,,,S,外張り落車
3420231118030008,4,落,crash,高橋広大,,,,,
3420231118030011,5,失,disqualified,菅野航基,,,,B,
3420231124010005,5,失,disqualified,白木正彦,,,,,切替え番手
3420231124020007,5,失,disqualified,渡邉栞奈,,,,,内抜き失格
3420231124030001,1,落,crash,廣瀬裕道,,,,,
3420231124030001,4,落,crash,河合康晴,,,,,
3420231124030002,7,失,disqualified,芦川大雄,,,,,
3420231206020011,7,落,crash,松村友和,,,,,妨害受けて
3420231206020011,2,失,disqualified,山田雄大,,,,,叩けず降り
3420231206020012,2,落,crash,菅田壱道,,,,S,乗上げ落車
3420231206020012,4,落,crash,小原太樹,,,,,牽制し接触
3420231206020012,7,落,crash,大森慶一,,,,,後方乗上げ
3420231206020012,3,失,disqualified,畑段嵐士,,,,,外帯線進入
3420231206030001,4,欠,absent,伊早坂駿一,,,,,
3420231213020005,5,落,crash,中村健志,,,,,接触し落車
3420231213030008,6,落,crash,中村昌弘,,,,,
3420231213030009,7,落,crash,菅原大也,,,,B,
3420231213030009,3,失,disqualified,朝倉佳弘,,,,,
3420231226030001,4,欠,absent,溝口香奈,,,,,
3420240118010001,5,落,crash,松岡貴久,,,,,接触し落車
3420240118010001,8,失,disqualified,鈴木謙太郎,,,,,前後退踏上
3420240118030005,9,落,crash,太田竜馬,,,,,押圧されて
3420240118030005,5,失,disqualified,山岸佳太,,,,,押圧し２失
3420240118030007,1,落,crash,久米良,,,,,好位も落車
3420240118030007,7,失,disqualified,村田雅一,,,,,久米押上げ
3420240118030008,9,落,crash,松尾透,,,,,絡んで落車
3420240118030008,3,失,disqualified,上田国広,,,,,外振掬われ
3420240118030010,7,落,crash,簗田一輝,,,,,最終Ｈ前落
3420240118030010,9,落,crash,香川雄介,,,,,最終Ｈ前落
3420240118030010,2,失,disqualified,渡邉雄太,,,,,外入し失格
3420240126010005,6,失,disqualified,小林覚,,,,,前に離れて
3420240126020004,7,欠,absent,小榑佑弥,,,,,当日欠場
3420240207010004,3,落,crash,島村匠,,,,S,乗上げ落車
3420240207010004,5,落,crash,小坂丈,,,,,ＢＳ前落車
3420240207010004,1,失,disqualified,三宅旬,,,,,斜行し失格
3420240224020001,2,欠,absent,町田勝志,,,,,当日欠場し
3420240224020005,3,失,disqualified,荒川達郎,,,,B,ＹＬ踏切り
3420240224020009,5,失,disqualified,藤原清隆,,,,S,接触し落車
3420240224030001,6,失,disqualified,小林宏年,,,,,
3420240224030012,7,落,crash,末廣快理,,,,,
3420240310020001,5,故,accident_finish,高本旭,,,,,挟まれ故障
3420240310020001,6,故,accident_finish,芦川大雄,,,,,接触し故障
3420240310030011,5,失,disqualified,小泉夢菜,,,,,
3420240321010007,3,落,crash,井上雄三,,,,,Ｂ接触落車
3420240321010007,5,失,disqualified,栗本武典,,,,,押圧し２失
3420240321010007,1,故,accident_finish,明田春喜,,,,,Ｂ接触故障
3420240321020008,4,失,disqualified,平田徹,,,,,絡まれ遅れ
3420240321020009,3,落,crash,齋藤輝彦,,,,,赤板過ぎ落
3420240321020009,5,落,crash,水野悟志,,,,,乗り上げて
3420240321020010,4,失,disqualified,江連和洋,,,,,競負け一杯
3420240321030004,1,落,crash,石川一浩,,,,,
3420240321030004,6,失,disqualified,齊藤紳一朗,,,,S,
3420240321030012,7,失,disqualified,小玉勇一,,,,,
3420240326020001,7,欠,absent,伊藤拓人,,,,,当日欠場
3420240326020011,4,失,disqualified,川越勇星,,,,,斜行し落失
3420240404010001,3,欠,absent,久田裕也,,,,,当日欠場
3420240404010002,6,落,crash,吉田茂生,,,,,３半接触落
3420240404010007,9,故,accident_finish,木暮安由,,,,,前輪接触で
3420240404020004,7,失,disqualified,鈴木陸来,,,,B,斜行し１失
3420240404030004,2,失,disqualified,高橋陽介,,,,,斜行し２失
3420240404040008,9,落,crash,嶋田誠也,,,,S,
3420240404040008,7,失,disqualified,山形一気,,,,,
3420240503010002,5,故,accident_finish,金辺雄介,,,,,鐘過ぎ故障
3420240503010002,6,故,accident_finish,齊藤紳一朗,,,,,接触し故障
3420240503030005,2,落,crash,田中千尋,,,,,
3420240604020003,3,落,crash,塚本瑠羽,,,,,
3420240604020003,1,失,disqualified,小玉勇一,,,,,
3420240613020008,2,失,disqualified,浦川尊明,,,,,
3420240627010010,6,欠,absent,三浦綾,,,,,当日欠場
3420240627020010,4,落,crash,小浦凪,,,,,妨害受けて
3420240627020010,1,失,disqualified,奥原亨,,,,S,押上げ失格
3420240716020001,3,欠,absent,猪野泰介,,,,,当日欠場
3420240729030011,7,落,crash,武藤篤弘,,,,,絶好で続く
3420240729030011,3,失,disqualified,斉藤樂,,,,,前ワンツー
3420240810020004,5,落,crash,西村剛,,,,,巻き返せず
3420240810020011,1,落,crash,渡邉高志,,,,S,接触し落車
3420240810020011,4,落,crash,山信田学,,,,,落車巻込れ
3420240810020011,2,故,accident_finish,佐藤竜太,,,,,接触し故障
3420240810030001,4,失,disqualified,岡田大門,,,,S,
3420240810030002,3,失,disqualified,長岡豪,,,,,
3420240820020010,3,落,crash,堤洋,,,,,接触し落車
3420240820030012,1,失,disqualified,新田祐大,,,,B,
3420240828010009,2,落,crash,下井竜,,,,B,接触し落車
3420240828010009,6,落,crash,島野浩司,,,,,内を掬われ
3420240828020008,2,失,disqualified,佐藤康紀,,,,,斜行し失格
3420240828030006,7,欠,absent,菊地圭尚,,,,,
3420240828030007,4,落,crash,桑名僚也,,,,,
3420240828030007,2,失,disqualified,加藤将武,,,,,
3420240929030004,2,失,disqualified,大島将人,,,,,
3420241011010005,8,落,crash,八尋英輔,,,,,接触し落車
3420241011020011,6,落,crash,西岡拓朗,,,,,バック落車
3420241011020011,2,失,disqualified,中村圭志,,,,,外を振って
3420241011040003,5,落,crash,開坂秀明,,,,,
3420241011040003,8,落,crash,志水祐彦,,,,,
3420241011040003,6,失,disqualified,松岡晋乃介,,,,,
3420241112030001,2,失,disqualified,蛯原杏奈,,,,,
3420241118020001,5,失,disqualified,黒田充,,,,,
3420241130010001,7,失,disqualified,市野茂,,,,,
3420241130010004,5,失,disqualified,伊藤嘉浩,,,,,
3420241212030006,3,落,crash,寺林正秋,,,,,
3420241222020004,5,落,crash,菱田浩二,,,,,
3420241222020004,6,落,crash,阿部兼士,,,,,
3420241222020009,4,落,crash,古屋琢晶,,,,,
3420241222020009,2,失,disqualified,佐藤龍二,,,,S,
3420241222030009,1,落,crash,福永大智,,,,S,
3420241222030009,4,落,crash,柏野智典,,,,,
3420241222030012,5,失,disqualified,守澤太志,,,,,
3420250120020001,6,欠,absent,田村裕也,,,,,
3420250125020004,2,落,crash,太刀川一成,,,,S,
3420250125020004,7,落,crash,花田将司,,,,,
3420250125020008,2,落,crash,藤田大輔,,,,,
3420250125020008,6,落,crash,中井達郎,,,,,
3420250125030005,1,失,disqualified,安東莉奈,,,,B,
3420250203020010,1,落,crash,塚本大樹,,,,,
3420250203020010,5,失,disqualified,鈴木玄人,,,,,
3420250203020012,2,落,crash,大坪功一,,,,,
3420250203020012,6,失,disqualified,堀内俊介,,,,,
3420250304010105,4,落,crash,角口聖也,,,,,
3420250304010105,6,落,crash,菊池崇訓,,,,S,
3420250304010105,7,落,crash,中嶋響,,,,,
3420250304040001,3,失,disqualified,友永龍介,,,,,
3420250304040006,2,落,crash,原田峻治,,,,,
3420250304040006,5,落,crash,小川辰徳,,,,,
3420250304040006,6,失,disqualified,光岡義洋,,,,,
3420250313010009,6,落,crash,野中祐志,,,,,
3420250404020003,2,落,crash,須賀和彦,,,,S,
3420250404020003,6,落,crash,煤賀隆幸,,,,,
3420250419020008,1,故,accident_finish,中野慎詞,,,,,赤板故障し
3420250419030008,5,落,crash,大川龍二,,,,,打鐘接触し
3420250419040006,1,落,crash,不破将登,,,,,
3420250419040006,2,落,crash,猪狩祐樹,,,,,
3420250419040006,4,落,crash,副島和人,,,,,
3420250419040006,9,落,crash,東矢圭吾,,,,,
3420250419040011,5,落,crash,佐々木龍,,,,,
3420250428030002,7,落,crash,木幡幸仁,,,,,
3420250515010009,3,失,disqualified,二藤元太,,,,,
3420250515020004,2,落,crash,飯田憲司,,,,,
3420250515020004,1,失,disqualified,泉慶輔,,,,,
3420250515020005,1,落,crash,石橋慎太郎,,,,S,
3420250515030009,1,落,crash,市橋司優人,,,,,
3420250515030009,3,失,disqualified,河野通孝,,,,,
3420250515030012,5,落,crash,山形一気,,,,,
3420250515030012,6,落,crash,山崎歩夢,,,,,
3420250515030012,3,失,disqualified,石原颯,,,,B,
3420250523030001,7,失,disqualified,高田誠,,,,,
3420250607030004,7,落,crash,山崎功也,,,,,
3420250607030004,2,失,disqualified,村上卓茂,,,,S,
3420250625010001,2,欠,absent,大竹慎吾,,,,,
3420250625010003,4,落,crash,松本一成,,,,S,
3420250625010003,6,落,crash,富澤洋祐,,,,,
3420250625010004,3,落,crash,遠澤健二,,,,,
3420250625010005,3,落,crash,小野祐作,,,,,
3420250625010005,7,落,crash,北沢勝弘,,,,,
3420250625020001,1,欠,absent,遠澤健二,,,,,
3420250630010006,2,落,crash,高本美穂,,,,,
3420250630010006,6,落,crash,戸田瑞姫,,,,,
3420250630010007,1,落,crash,高崎千賀,,,,,
3420250630010007,5,落,crash,佐藤乃愛,,,,,
3420250630010007,6,落,crash,佐々木恵理,,,,,
3420250630010007,7,失,disqualified,磯村光舞,,,,,
3420250630030005,5,失,disqualified,高間悠平,,,,,
3420250707020003,5,失,disqualified,関敬,,,,,
3420250716020001,2,失,disqualified,飯田威文,,,,,
3420250716030009,3,落,crash,丸山直樹,,,,S,
3420250716030009,4,落,crash,仁藤秀,,,,,
3420250809010011,1,落,crash,木村直隆,,,,,
3420250809020001,2,欠,absent,長澤和光,,,,,
3420250809030002,3,落,crash,井上典善,,,,,
3420250828010001,4,失,disqualified,田上晃也,,,,,
3420250828030008,5,失,disqualified,川津悠揮,,,,,
3420250903030006,1,落,crash,小埜正義,,,,,
3420250903030006,4,落,crash,大屋健司,,,,,
3420250903030006,5,落,crash,浦川尊明,,,,,
3420250914010001,5,失,disqualified,杉山悠也,,,,,
3420250914010005,1,落,crash,鰐淵圭佑,,,,,
3420250914010005,6,落,crash,赤塚悠人,,,,,
3420250914010005,7,故,accident_finish,鷲見逸喜,,,,,
3420250914010010,5,欠,absent,神田龍,,,,,
3420250928010001,6,失,disqualified,菱沼元樹,,,,B,
3420251003010007,2,落,crash,五十嵐力,,,,,
3420251003010007,3,落,crash,宮崎大空,,,,S,
3420251003020010,1,落,crash,山口泰生,,,,S,
3420251003030006,5,失,disqualified,竹山陵太,,,,,
3420251010010001,1,落,crash,林洋二,,,,,
3420251010010001,3,落,crash,石川一浩,,,,,
3420251010010001,6,落,crash,村上順規,,,,,
3420251010010001,2,失,disqualified,大内達也,,,,,
3420251025020006,2,落,crash,小林諒,,,,,
3420251025020006,3,落,crash,田中月菜,,,,S,
3420251025020006,4,落,crash,川原未紀,,,,,
3420251025020006,7,落,crash,是永ゆうき,,,,,
3420251025020009,5,落,crash,三住博昭,,,,,
3420251025020009,6,落,crash,薮謙治,,,,,
3420251025020011,2,落,crash,菊池竣太朗,,,,,
3420251025020011,4,落,crash,筒井裕哉,,,,,
3420251025020011,7,落,crash,渡邉高志,,,,,
3420251025030001,3,失,disqualified,長岡豪,,,,,
2720230101030004,6,落,crash,三上隆幸,,,,,
2720230101030004,7,失,disqualified,高橋京治,,,,,
2720230101030012,4,失,disqualified,長屋秀明,,,,,
2720230111010003,2,欠,absent,加藤将武,,,,,
2720230111010009,6,欠,absent,伊藤成紀,,,,,
2720230111020004,5,失,disqualified,平澤秀信,,,,,
2720230123020005,3,落,crash,佐々木和紀,,,,,接触し落車
2720230123020005,6,落,crash,相樂修,,,,,乗上げ落車
2720230123020012,3,落,crash,長島大介,,,,,乗上げ落車
2720230123020012,7,落,crash,末木浩二,,,,,接触し落車
2720230129010001,2,落,crash,幡中幸弘,,,,,
2720230129010001,5,落,crash,片岡昌彰,,,,,
2720230129010004,1,失,disqualified,治田知也,,,,SB,
2720230129010009,1,落,crash,吉村和之,,,,,
2720230129010009,3,落,crash,丸山貴秀,,,,S,
2720230129010009,4,失,disqualified,高木隆弘,,,,,
2720230129030005,6,落,crash,川本恵二,,,,,
2720230129030008,5,失,disqualified,佐藤正吾,,,,S,
2720230204010005,6,失,disqualified,小原伸哉,,,,,追上げ競負
2720230204010012,3,失,disqualified,副島和人,,,,,内下り内突
2720230204030008,2,落,crash,松田優一,,,,,
2720230204030008,7,落,crash,富澤洋祐,,,,,
2720230221020007,5,落,crash,松坂英司,,,,,挟まれ落車
2720230221020007,7,落,crash,小笠原光,,,,B,Ｇ前接触落
2720230221020010,2,落,crash,山根将太,,,,,押上げられ
2720230221020010,5,落,crash,原誠宏,,,,,乗上げ落車
2720230221020010,7,失,disqualified,照井拓成,,,,,押上げ１失
2720230303010001,3,落,crash,山田武,,,,,３半接触落
2720230303010001,7,落,crash,菅原洋輔,,,,,接触し落車
2720230303010001,1,失,disqualified,塩満賢治,,,,,押上げ３失
2720230303010001,6,失,disqualified,三木翔太,,,,,押圧し２失
2720230303010005,1,失,disqualified,村上順規,,,,,橋口が外し
2720230303010007,5,落,crash,蛯原杏奈,,,,S,１角接触落
2720230303020002,3,欠,absent,二木茂則,,,,,当日欠場
2720230303020002,2,失,disqualified,木谷凉,,,,,３車出して
2720230303020003,4,欠,absent,沼川夢久,,,,,当日欠場
2720230303020005,6,失,disqualified,保科圭太,,,,,先手に乗る
2720230326010008,2,落,crash,小峰烈,,,,,
2720230326010008,4,失,disqualified,高橋大輝,,,,S,
2720230326020001,6,失,disqualified,原野隆,,,,,
2720230326020001,3,故,accident_finish,多田司,,,,,
2720230326020001,5,故,accident_finish,清水一博,,,,,
2720230326030007,4,失,disqualified,木村貴宏,,,,,
2720230415020002,1,失,disqualified,川上真吾,,,,S,内抜き１失
2720230415020005,1,失,disqualified,矢口啓一郎,,,,,好位も落失
2720230415030005,3,失,disqualified,坂口晃輔,,,,,
2720230415030005,7,故,accident_finish,武田憲祐,,,,,
2720230513010003,5,欠,absent,善方政美,,,,,当日欠場
2720230513030001,3,失,disqualified,北村匡章,,,,,
2720230523010007,5,失,disqualified,保科圭太,,,,,
2720230604020003,2,落,crash,吉村文隆,,,,,接触し落車
2720230604020011,7,欠,absent,金田涼馬,,,,,当日欠場
2720230604030012,2,落,crash,金子浩貴,,,,,
2720230604030012,4,落,crash,菱田浩二,,,,,
2720230712020003,4,落,crash,牛田樹希斗,,,,,張られ落車
2720230712020003,7,失,disqualified,法月成祐,,,,,押上げ３失
2720230712030012,1,失,disqualified,竹内智彦,,,,,
2720230810040007,8,落,crash,中川勝貴,,,,,
2720230810040007,5,失,disqualified,北村信明,,,,,
2720230902010004,6,落,crash,太田剛司,,,,,
2720230902010006,1,落,crash,武井大介,,,,S,
2720230902010006,3,落,crash,山形一気,,,,,
2720230902020003,4,落,crash,菅谷隆司,,,,,
2720230902020003,5,失,disqualified,水森湧太,,,,,
2720230902030006,6,失,disqualified,武藤篤弘,,,,,
2720230902030006,2,故,accident_finish,松尾勇吾,,,,,
2720230929010006,1,落,crash,渡辺十夢,,,,,
2720230929010006,5,落,crash,戸田洋平,,,,,
2720230929010006,6,落,crash,松尾淳,,,,,
2720230929010006,4,失,disqualified,仲野結音,,,,B,
2720231011010002,4,失,disqualified,蛯原杏奈,,,,,
2720231011020005,6,落,crash,福田拓也,,,,,
2720231011020005,1,失,disqualified,小川将人,,,,S,
2720231028010012,4,落,crash,松谷秀幸,,,,,
2720231028010012,5,失,disqualified,眞杉匠,,,,B,
2720231028020003,3,落,crash,二藤元太,,,,,絡んで落車
2720231028020006,4,失,disqualified,鈴木玄人,,,,,斜行し５失
2720231028020006,2,故,accident_finish,岩谷拓磨,,,,,絡んで故障
2720231028020011,1,落,crash,道場晃規,,,,,接触し落車
2720231028020011,3,落,crash,久田裕也,,,,B,果敢に先行
2720231028040004,7,落,crash,藤井昭吾,,,,,
2720231028040004,2,失,disqualified,志村太賀,,,,,
2720231028040008,7,落,crash,嶋田誠也,,,,,
2720231126020007,7,失,disqualified,大高彰馬,,,,,
2720231202010005,1,欠,absent,牧田悠生,,,,,
2720231202020005,6,欠,absent,幸田光博,,,,,
2720231202020009,5,失,disqualified,佐山俊樹,,,,,
2720231202030008,4,失,disqualified,小榑佑弥,,,,,
2720231215010009,2,落,crash,栗林巧,,,,S,接触し落車
2720231215010009,6,落,crash,渡邊恭典,,,,,前輪払われ
2720231215010009,3,失,disqualified,宗景祐樹,,,,,斜行し４失
2720231215020011,2,失,disqualified,小原将通,,,,,押圧し６失
2720240101010004,4,落,crash,佐山俊樹,,,,,挟まれ落車
2720240101010006,3,落,crash,真船圭一郎,,,,,３角で落車
2720240101020005,5,欠,absent,山内大作,,,,,当日欠場
2720240206010003,3,落,crash,田中俊充,,,,,
2720240206010003,2,失,disqualified,小林史也,,,,,
2720240206030008,7,欠,absent,比嘉真梨代,,,,,
2720240227010008,2,落,crash,赤塚悠人,,,,,初周接触落
2720240227010010,5,落,crash,新井剛央,,,,,日当競負け
2720240304020004,2,落,crash,土屋裕二,,,,,乗上げ落車
2720240304020004,4,落,crash,宇佐見裕輝,,,,,接触し落車
2720240429010007,2,欠,absent,松尾信太郎,,,,,当日欠場
2720240429010012,4,落,crash,福島武士,,,,,乗上げ落車
2720240429010012,7,落,crash,中村浩士,,,,,乗上げ落車
2720240429010012,2,失,disqualified,黒沢征治,,,,,押上げ落失
2720240429030002,7,欠,absent,伊早坂駿一,,,,,
2720240429030002,1,落,crash,近藤寛央,,,,S,
2720240429030002,6,失,disqualified,神開将暢,,,,,
2720240429030007,7,故,accident_finish,丸山貴秀,,,,,
2720240511030005,3,落,crash,岸川哲也,,,,,
2720240511030005,4,落,crash,宮内善光,,,,,
2720240511030005,1,失,disqualified,奥原亨,,,,,
2720240601010007,2,落,crash,黒滝大翔,,,,,
2720240601010007,5,落,crash,竹村達也,,,,S,
2720240601010007,7,落,crash,岡崎泰士,,,,,
2720240705010002,2,欠,absent,駒井大輔,,,,,当日欠場
2720240705010002,5,故,accident_finish,岡本翔,,,,S,接触し故障
2720240705010009,5,落,crash,山根泰道,,,,,３角絡んで
2720240705010009,2,失,disqualified,佐藤謙,,,,,斜行し３失
2720240810010001,4,落,crash,齋藤昌太,,,,,
2720240810010001,7,失,disqualified,清水正人,,,,,
2720240810010009,2,失,disqualified,岡田亮太,,,,,
2720240810020007,2,落,crash,野中祐志,,,,,
2720240819020002,4,落,crash,豊田美香,,,,,
2720240819020002,6,落,crash,本多優,,,,,
2720240819030002,6,欠,absent,倉岡慎太郎,,,,,
2720240825030011,1,落,crash,鈴木謙二,,,,,
2720240825030011,6,落,crash,坪内恒,,,,,
2720240917010004,4,落,crash,佐藤清之,,,,,乗上げ落車
2720240917010004,5,落,crash,伊藤世哉,,,,,接触し落車
2720240917010004,1,失,disqualified,伊藤彰規,,,,,押上げ落失
2720240917030004,2,落,crash,高橋秀吉,,,,,
2720240917030004,7,落,crash,鈴木豪,,,,,
2720240917030004,1,失,disqualified,松田優一,,,,,
2720241026010005,3,落,crash,小森貴大,,,,,接触し落車
2720241026010005,5,落,crash,岩本和也,,,,,乗上げ落車
2720241026010007,3,落,crash,鷲田佳史,,,,,遅れ割込む
2720241026010007,7,落,crash,真鍋顕汰,,,,,Ｂ接触落車
2720241026010007,5,失,disqualified,阿部力也,,,,,斜行し６失
2720241026020003,1,落,crash,内山雅貴,,,,,絡むも捲上
2720241026020003,7,落,crash,一戸康宏,,,,,内山絡まれ
2720241026020003,4,失,disqualified,大塚玲,,,,,押上げ３失
2720241026030003,6,落,crash,鈴木幸紀,,,,,接触し落車
2720241026030003,5,失,disqualified,金成和幸,,,,,斜行し４失
2720241026030008,6,落,crash,石丸寛之,,,,,絡んで落車
2720241026030008,7,落,crash,泉慶輔,,,,,絡んで落車
2720241026030009,9,落,crash,朝倉佳弘,,,,,接触し落車
2720241026030012,7,落,crash,平原康多,,,,,直線で落車
2720241026040009,4,故,accident_finish,西田優大,,,,,
2720241102030007,5,落,crash,中川繁樹,,,,,
2720241102030007,7,落,crash,川崎健次,,,,,
2720241102030007,1,失,disqualified,小原丈一郎,,,,B,
2720241116020012,7,失,disqualified,貴志修己,,,,,菊池叩合い
2720241116030007,4,落,crash,寺沼将彦,,,,,
2720241116030007,6,落,crash,松坂英司,,,,,
2720241130010001,7,落,crash,廣瀬裕道,,,,,
2720241218020002,1,落,crash,梅川風子,,,,S,
2720241218020002,2,落,crash,岡本二菜,,,,,
2720241218020002,7,落,crash,新井美菜,,,,,
2720241218020002,5,失,disqualified,池上あかり,,,,,
2720250111020007,2,落,crash,田中孝彦,,,,,
2720250111020007,5,落,crash,前川大輔,,,,,
2720250111020007,1,失,disqualified,林昌幸,,,,SB,
2720250127010004,6,失,disqualified,丸林一孝,,,,,押上げ落失
2720250127020009,1,落,crash,池田勇人,,,,S,番手で併走
2720250127020010,4,失,disqualified,海老根恵太,,,,,内抜き４失
2720250127020010,7,失,disqualified,高橋築,,,,,押上げ６失
2720250210030002,2,落,crash,服部竜二,,,,,
2720250210030002,7,失,disqualified,田中智也,,,,,
2720250228010009,1,落,crash,上田裕和,,,,,捲りに離れ
2720250307010009,6,落,crash,岡崎昭次,,,,,２角接触落
2720250307010009,2,故,accident_finish,日当泰之,,,,,内突き接触
2720250413020002,1,欠,absent,南和夫,,,,,
2720250413020007,4,失,disqualified,伊藤亮,,,,,
2720250504010003,3,落,crash,宮倉勇,,,,,
2720250504010003,2,失,disqualified,梅山英樹,,,,,
2720250504010007,2,落,crash,伊藤慶太郎,,,,,
2720250504010007,3,落,crash,尾崎剛,,,,,
2720250524010004,7,失,disqualified,松根真,,,,,押圧し６失
2720250524020001,3,落,crash,高橋佑輔,,,,,
2720250524020001,4,落,crash,朝日勇,,,,,
2720250524020010,1,欠,absent,河合佑弥,,,,,
2720250524020012,2,失,disqualified,青森伸也,,,,,
2720250524020012,3,故,accident_finish,池野健太,,,,,
2720250524030003,5,落,crash,植草亮介,,,,,
2720250524030003,3,失,disqualified,宇佐見優介,,,,,
2720250524030012,2,失,disqualified,大川剛,,,,,
2720250609010001,7,欠,absent,高田誠,,,,,当日欠場
2720250609020002,5,欠,absent,赤星俊光,,,,,当日欠場
2720250609020005,4,失,disqualified,吉村早耶香,,,,,斜行し４失
2720250609030007,5,落,crash,黒滝大翔,,,,,
2720250609030007,1,失,disqualified,織茂雄一郎,,,,S,
2720250609030011,5,落,crash,野中祐志,,,,,
2720250616020005,5,故,accident_finish,舟山佑京,,,,,
2720250616020009,2,落,crash,江連和洋,,,,,
2720250621030007,1,失,disqualified,細中翔太,,,,B,
2720250714030006,3,落,crash,池野健太,,,,,
2720250726020007,6,落,crash,富永益生,,,,,捲りに離れ
2720250726020007,3,失,disqualified,菅原裕太,,,,,カマシ離れ
2720250726020012,6,失,disqualified,鈴木輝大,,,,,絡まれ後退
2720250731010001,3,落,crash,野村純宏,,,,,乗上げ落車
2720250731010001,7,失,disqualified,堂村知哉,,,,,不注意落失
2720250812010004,5,落,crash,星野京旺,,,,,
2720250812010004,6,落,crash,富澤洋祐,,,,,
2720250812010004,4,失,disqualified,高橋由記,,,,,
2720250812030001,4,失,disqualified,小野祐作,,,,,
2720250812030009,2,失,disqualified,東矢昇太,,,,S,
2720250910020009,2,失,disqualified,表原周,,,,,蛇行で３失
2720251002010005,1,落,crash,塚本大樹,,,,,Ｇ前接触落
2720251002020002,8,故,accident_finish,菅谷隆司,,,,,接触し故障
2720251002020007,1,落,crash,吉田拓矢,,,,,乗上げ落車
2720251002020007,6,落,crash,野中祐志,,,,,接触し落車
2720251002020007,9,落,crash,鈴木竜士,,,,,Ｂ接触落車
2720251002020010,7,落,crash,菊地圭尚,,,,,接触し落車
2720251002030004,3,落,crash,飯嶋則之,,,,,絡んで落車
2720251002030012,3,失,disqualified,松浦悠士,,,,,①を押上げ
2720251002040009,6,落,crash,野口裕史,,,,,
2720251002040009,2,失,disqualified,椎木尾拓哉,,,,,
2720251002040012,6,落,crash,大川龍二,,,,,
2720251002040012,8,落,crash,新田祐大,,,,,
2720251002040012,1,失,disqualified,眞杉匠,,,,S,
2720251104010007,1,失,disqualified,峰重祐之介,,,,S,追上げ押圧
2720251104020010,2,落,crash,瀧野勝太,,,,,前輪払われ
2720251104020010,7,失,disqualified,副島和人,,,,,斜行し３失
2720251104030004,2,欠,absent,中瀬由真,,,,,
2720251104030005,6,欠,absent,柳充,,,,,
2720251113010005,4,落,crash,川路遥香,,,,,接触し落車
2720251113010011,6,欠,absent,阿部架惟都,,,,,当日欠場で
2720251113020003,4,落,crash,河野要,,,,,絡み落車し
2720251113020003,6,失,disqualified,梶原秀庸,,,,,競合い落車
2720251129010004,1,失,disqualified,猪俣康一,,,,,押圧し落失
2720260109010005,4,落,crash,菊地圭,,,,S,前輪払われ
2720260109010005,7,失,disqualified,曽我圭佑,,,,B,斜行し３失
2720260123020004,4,落,crash,菊池崇訓,,,,,
2720260123020004,7,落,crash,平澤秀信,,,,,
2720260129020004,2,落,crash,齋藤昌弘,,,,,
2720260129020004,4,落,crash,辻田祥大,,,,,
2720260301010010,5,落,crash,渡邉直弥,,,,,３番手取り
2720260401010002,6,欠,absent,小宮剛,,,,,当日欠場
2720260417010010,2,落,crash,黒沢征治,,,,,飛付き転倒
2720260417010010,5,落,crash,河野通孝,,,,,前に乗上げ
2720260417010012,1,落,crash,松浦悠士,,,,S,捲り煽受け
2720260417010012,2,落,crash,宿口陽一,,,,,離れ追上も
2720260417010012,6,落,crash,内藤宣彦,,,,,アンコ煽受
2720260417010012,7,落,crash,神山拓弥,,,,,内追上接触
2720260428020004,2,失,disqualified,椎名俊介,,,,,踏勝も斜行
2720260503010002,3,失,disqualified,上原直樹,,,,,押圧し１失
2720260503010009,4,失,disqualified,櫻川雅彦,,,,,内側追抜き
2720260503020002,1,落,crash,齋藤和也,,,,S,接触し落車
2720260503020002,3,落,crash,田崎良太郎,,,,,妨害受落車
2720260503020002,6,落,crash,木下章,,,,,捲り上げも
2720260503020002,7,失,disqualified,鳥丸晃順,,,,,４角押上げ
2720260511010007,4,失,disqualified,山田和巧,,,,,終審前落車
2720260511030008,3,落,crash,高橋梨香,,,,,
2720260511030008,4,落,crash,北岡マリア,,,,,
2720260518020011,5,落,crash,阿竹智史,,,,,
2720260518020011,7,落,crash,立部楓真,,,,,
2720260518030010,1,欠,absent,阿竹智史,,,,,
2720260610010004,6,欠,absent,大崎龍一郎,,,,,当日欠場
2720260610020003,6,落,crash,浦野慈生,,,,,道中で落車
2720260610020003,2,失,disqualified,光岡義洋,,,,,割り込まれ
2720260610020011,5,失,disqualified,張野幸聖,,,,,６番手不発
2720260617010001,1,,unknown_exception,阿部功,,,,,未実施抽選
2720260617010001,2,,unknown_exception,大西健士,,,,,未実施抽選
2720260617010001,3,,unknown_exception,松山桂輔,,,,,未実施抽選
2720260617010001,4,,unknown_exception,櫻井丈,,,,,未実施抽選
2720260617010001,6,,unknown_exception,瀬口匠,,,,,未実施抽選
2720260617010001,7,,unknown_exception,竹澤浩司,,,,,未実施抽選
2720260617010001,5,欠,absent,大塚城,,,,,未実施抽選
2720260617020008,5,落,crash,金子真也,,,,,終審で落車
2720260617020008,2,失,disqualified,島川将貴,,,,S,差すも失格
2720260623010003,1,欠,absent,須々田大昇,,,,,当日欠場
2720260623010010,4,落,crash,藤原清隆,,,,,接触し落車
2720260623010010,6,落,crash,米澤大輔,,,,,落車巻込れ
5620221231010008,4,落,crash,本郷雄三,,,,,２角で落車
5620221231020002,3,落,crash,大井啓世,,,,,体勢崩し落
5620221231020006,3,失,disqualified,山田裕哉,,,,,押上げ失格
5620221231030011,7,故,accident_finish,嘉永泰斗,,,,,
5620230126020009,2,失,disqualified,加藤寛治,,,,,
5620230126030001,7,欠,absent,萩原瑞生,,,,,
5620230209010003,7,落,crash,中西司,,,,,絡まれ落車
5620230209010003,6,失,disqualified,田村風起,,,,,外帯線内入
5620230214010008,2,落,crash,小埜正義,,,,,一周回落車
5620230214010011,7,落,crash,岡光良,,,,,Ｈ過ぎ落車
5620230214010012,6,失,disqualified,稲垣裕之,,,,,４角押上げ
5620230306020004,7,失,disqualified,光岡義洋,,,,,
5620230319010003,5,失,disqualified,井上将志,,,,,
5620230319020001,4,落,crash,齊藤紳一朗,,,,,
5620230319020001,6,失,disqualified,山本晋平,,,,,
5620230319020005,7,失,disqualified,藤田和彦,,,,,
5620230319030001,2,落,crash,早坂道義,,,,,
5620230319030001,6,落,crash,大松純二,,,,B,
5620230319030001,7,落,crash,橋口琢,,,,,
5620230319030009,1,失,disqualified,野村純宏,,,,,
5620230401020005,1,失,disqualified,中井護,,,,S,
5620230401020007,6,落,crash,菊谷信一,,,,,
5620230413030002,1,失,disqualified,木本賢二,,,,,
5620230519010001,5,失,disqualified,片山大輔,,,,,口空き切替
5620230519010005,2,失,disqualified,沼川夢久,,,,,追上内追抜
5620230519020012,2,欠,absent,長井妙樹,,,,,当日欠場
5620230519030005,3,落,crash,岸田剛,,,,,
5620230519030005,6,失,disqualified,大崎龍一郎,,,,,
5620230604010004,7,落,crash,奥原亨,,,,,バック落車
5620230604020003,3,欠,absent,笹倉慎也,,,,,当日欠場
5620230604020008,6,失,disqualified,重倉高史,,,,B,突張捲られ
5620230604030007,7,落,crash,島野浩司,,,,,
5620230613010007,3,失,disqualified,中本匠栄,,,,,外張り失格
5620230613020005,5,落,crash,大塚健一郎,,,,,絡み落車し
5620230613020005,6,落,crash,三谷将太,,,,,絡み落車し
5620230613020006,7,落,crash,吉田有希,,,,,張られ落車
5620230613020006,9,失,disqualified,松谷秀幸,,,,,外張り失格
5620230613030001,8,失,disqualified,久米良,,,,,目標捲られ
5620230613030003,1,失,disqualified,山口拳矢,,,,,４番手捲上
5620230613030003,7,故,accident_finish,清水裕友,,,,,打鐘で故障
5620230613030012,3,落,crash,小林莉子,,,,,Ｈ過ぎ落車
5620230613040005,1,落,crash,北津留翼,,,,,赤板過ぎ落
5620230613040005,5,落,crash,小川勇介,,,,,赤板過ぎ落
5620230613040005,6,落,crash,坂口晃輔,,,,S,赤板過ぎ落
5620230613040005,8,落,crash,谷口遼平,,,,,赤板過ぎ落
5620230613040012,1,落,crash,平原康多,,,,S,番手捲落車
5620230613040012,5,失,disqualified,新田祐大,,,,B,外併走捲る
5620230613060003,8,落,crash,堤洋,,,,,
5620230613060003,2,失,disqualified,谷口遼平,,,,S,
5620230704010008,3,落,crash,原井剣也,,,,,
5620230704010008,4,落,crash,山崎岳志,,,,,
5620230726010005,4,欠,absent,中島義之,,,,,当日欠場
5620230726030006,5,落,crash,伊藤のぞみ,,,,,
5620230802020010,4,落,crash,柳詰正宏,,,,,接触し落車
5620230802020010,5,落,crash,筒井敦史,,,,,接触し落車
5620230802020010,7,落,crash,阪本和也,,,,,内突き落車
5620230807010008,3,落,crash,高橋紀史,,,,,落車巻込れ
5620230807010008,7,落,crash,竹元健竜,,,,,金網に激突
5620230807010008,4,失,disqualified,西郷剛,,,,,金網に激突
5620230807010011,6,欠,absent,倉松涼,,,,,当日欠場
5620230807020006,2,,unknown_exception,吉田彰久,,,,,未実施抽選
5620230807020006,3,,unknown_exception,渡会啓介,,,,,未実施抽選
5620230807020006,4,,unknown_exception,菱田浩二,,,,,未実施抽選
5620230807020006,5,,unknown_exception,赤星俊光,,,,,未実施抽選
5620230807020006,1,欠,absent,高橋紀史,,,,,当日欠場
5620230807020011,6,失,disqualified,井上将志,,,,,④を押上げ
5620230807030001,5,欠,absent,葉狩伸泰,,,,,
5620230825030002,3,落,crash,丸林一孝,,,,,
5620231110010008,3,失,disqualified,塚本貴雄,,,,,直線内追抜
5620231202030009,6,失,disqualified,高橋隆太,,,,S,
5620240107020002,1,落,crash,大西健士,,,,S,絡んで落車
5620240107020002,5,落,crash,山田雅之,,,,,内から押上
5620240107020002,7,落,crash,荻野哲,,,,,追突し落車
5620240107030010,2,落,crash,神山拓弥,,,,,
5620240107030010,5,失,disqualified,脇本勇希,,,,B,
5620240129010002,1,失,disqualified,青山佐知男,,,,S,目標叩かれ
5620240129010005,1,欠,absent,吉川勇気,,,,,当日欠場し
5620240129020002,2,失,disqualified,金辺雄介,,,,,追上３番手
5620240205010001,7,落,crash,佐藤清之,,,,,Ｂ過ぎ落車
5620240205010001,1,失,disqualified,藤田真,,,,SB,内進入失格
5620240205020008,3,落,crash,表原周,,,,,赤板過接触
5620240205020011,3,落,crash,上田国広,,,,,３角乗上げ
5620240205020011,4,失,disqualified,佐々木眞也,,,,,飛付押上げ
5620240205030006,7,欠,absent,星野洋輝,,,,,
5620240328010001,3,失,disqualified,伊藤健詞,,,,S,Ｈ自落過失
5620240328010004,5,落,crash,水谷将司,,,,,牽制掬われ
5620240328020010,3,落,crash,瀬戸栄作,,,,,中団取合い
5620240328020010,4,落,crash,畑段嵐士,,,,,追上げ競合
5620240328020011,3,落,crash,井上昌己,,,,,ＢＳ乗上げ
5620240328020011,5,落,crash,林大悟,,,,,バック不利
5620240328020011,2,失,disqualified,伊代野貴照,,,,,バック斜行
5620240408010005,5,失,disqualified,住村実,,,,,切替競負け
5620240408030001,1,落,crash,川本恵二,,,,S,
5620240408030001,5,落,crash,長谷川裕一,,,,,
5620240408030002,4,失,disqualified,尾崎勝弘,,,,,
5620240418010001,5,失,disqualified,宮下潤,,,,,掬われ後退
5620240418010001,6,失,disqualified,白木正彦,,,,,追上げ押圧
5620240418010009,4,落,crash,山崎充央,,,,,絡まれ煽受
5620240418030002,1,落,crash,富澤洋祐,,,,,
5620240418030002,2,落,crash,高瀬卓,,,,,
5620240418030002,7,落,crash,小林大能,,,,,
5620240428020002,6,失,disqualified,長澤和光,,,,,
5620240428020005,1,落,crash,阪本正和,,,,S,
5620240428020005,4,落,crash,冨岡健一,,,,,
5620240428020005,7,落,crash,松尾大樹,,,,,
5620240526010001,3,落,crash,板根茜弥,,,,,
5620240526010001,2,失,disqualified,又多風緑,,,,,
5620240526010002,6,故,accident_finish,星野しほ,,,,,
5620240526010004,4,失,disqualified,近藤雄太,,,,,
5620240526010006,6,落,crash,木村勉,,,,,
5620240526020001,3,失,disqualified,比嘉真梨代,,,,,
5620240611020007,1,失,disqualified,坂井洋,,,,,新山を捲ず
5620240611040005,7,落,crash,岩本俊介,,,,,挟まれ落車
5620240611040005,9,失,disqualified,渡部幸訓,,,,,番手牽制も
5620240611040010,7,失,disqualified,山田庸平,,,,B,斜行し失格
5620240611040010,5,故,accident_finish,河端朋之,,,,,故障し棄権
5620240611050006,5,落,crash,橋本強,,,,,鐘過ぎ落車
5620240611050008,7,落,crash,小倉竜二,,,,,３半落車し
5620240611050010,7,失,disqualified,北津留翼,,,,,後方置かれ
5620240611060001,4,落,crash,柏野智典,,,,,
5620240611060001,9,失,disqualified,佐々木龍,,,,,
5620240611060008,6,落,crash,松村友和,,,,,
5620240611060008,1,失,disqualified,松浦悠士,,,,,
5620240611060010,9,落,crash,平原康多,,,,,
5620240628020004,1,落,crash,中石昌芳,,,,,
5620240628020004,2,落,crash,宝満大作,,,,S,
5620240628020004,4,落,crash,穴井利久,,,,,
5620240803010009,4,落,crash,荒澤貴史,,,,,ＨＳ妨害受
5620240803010009,1,失,disqualified,古賀勝大,,,,S,内降り接触
5620240819020004,7,落,crash,阿部充宏,,,,,１角アンコ
5620240819030005,2,落,crash,林敬宏,,,,,
5620240819030012,7,失,disqualified,湊聖二,,,,,
5620240927010006,2,失,disqualified,佐藤雅彦,,,,,
5620240927020009,4,落,crash,橋本宇宙,,,,,
5620240927020009,1,失,disqualified,山本巨樹,,,,S,
5620241003020004,5,失,disqualified,村松俊弥,,,,,
5620241003030001,4,落,crash,齋藤仁,,,,,
5620241003030001,2,失,disqualified,菊池崇訓,,,,S,
5620241018030007,1,落,crash,米嶋恵介,,,,B,
5620241018030007,4,落,crash,武田憲祐,,,,,
5620241018030007,6,落,crash,渋谷海,,,,,
5620241105010002,7,落,crash,伊藤温希,,,,,牛田続接触
5620241105010010,3,落,crash,佐藤雅春,,,,,鐘４角接触
5620241105010010,6,落,crash,金田涼馬,,,,S,鐘４角接触
5620241105020008,2,欠,absent,志村龍己,,,,,当日に欠場
5620241118020003,3,失,disqualified,岡嵜浩一,,,,,内抜き３失
5620241218010009,3,落,crash,蓮井祐輝,,,,,
5620241218020003,3,落,crash,大林亮介,,,,,
5620241218020003,7,落,crash,中嶋響,,,,,
5620241218030003,5,欠,absent,徳吉正治,,,,,
5620241218030007,3,落,crash,戸伏康夫,,,,,
5620241231010003,2,落,crash,宮司周郎,,,,,
5620241231010003,5,落,crash,田中勝仁,,,,,
5620241231030006,5,落,crash,今野大輔,,,,,
5620241231030006,6,落,crash,寺崎祐樹,,,,,
5620250120010003,1,失,disqualified,山崎駿哉,,,,SB,斜行し２失
5620250120010009,7,失,disqualified,高橋晋也,,,,B,内線踏切り
5620250120010012,1,落,crash,園田匠,,,,,押上げられ
5620250120010012,6,失,disqualified,高橋築,,,,,押上げ５失
5620250120020003,4,落,crash,土井勲,,,,,接触し落車
5620250127020003,3,落,crash,出口謙一郎,,,,,３半で落車
5620250127020003,7,落,crash,島野浩司,,,,,３半で落車
5620250227010005,5,欠,absent,小塚潤,,,,,当日欠場
5620250227030006,6,欠,absent,溝口香奈,,,,,
5620250322030004,3,落,crash,峠祐介,,,,,
5620250401020003,4,落,crash,谷口友真,,,,,妨害受落車
5620250401020003,6,失,disqualified,岩城佑典,,,,,遅れ追上げ
5620250401030011,1,落,crash,南修二,,,,,
5620250401030011,5,落,crash,小松原正登,,,,,
5620250401030011,4,失,disqualified,田中誠,,,,,
5620250408010008,2,落,crash,田村風起,,,,,終審前落車
5620250408020001,1,落,crash,平川公一,,,,,捲るも接触
5620250408020001,6,落,crash,里見恒平,,,,S,捲るも接触
5620250408020003,5,落,crash,三木翔太,,,,,内外絡まれ
5620250408020003,7,落,crash,中野彰人,,,,,４角内掬い
5620250416010001,4,落,crash,田村裕也,,,,S,強引逃争い
5620250416010001,5,落,crash,松本定,,,,,逃争い接触
5620250416010011,4,失,disqualified,國村洋,,,,,大きく張り
5620250509010012,3,欠,absent,芦澤大輔,,,,,
5620250518020010,5,失,disqualified,三ツ石康洋,,,,,
5620250617010002,1,落,crash,阿部拓真,,,,,１角追突し
5620250617010002,2,落,crash,佐々木龍,,,,,競合い接触
5620250617010002,4,落,crash,佐藤友和,,,,,阿部拓続落
5620250617010002,3,失,disqualified,坂井洋,,,,S,飛付押上げ
5620250617010006,3,失,disqualified,久米詩,,,,,梅川続接触
5620250617010007,6,故,accident_finish,山原さくら,,,,,雁行触棄権
5620250617010008,7,落,crash,鈴木奈央,,,,,３半追突し
5620250617010009,2,落,crash,山本伸一,,,,,Ｈ前接触し
5620250617010009,6,落,crash,伊藤颯馬,,,,,Ｈ前接触し
5620250617010011,6,欠,absent,山田諒,,,,,急病当日欠
5620250617020007,5,失,disqualified,山崎賢人,,,,,誘導を妨害
5620250617020011,4,落,crash,大久保花梨,,,,,Ｈ過ぎ接触
5620250617040007,7,落,crash,村田雅一,,,,,鐘前で接触
5620250617050005,3,失,disqualified,守澤太志,,,,,振上押上げ
5620250617060001,5,落,crash,黒沢征治,,,,,
5620250617060001,6,失,disqualified,寺沼拓摩,,,,,
5620250617060008,9,落,crash,山田久徳,,,,,
5620250617060008,3,失,disqualified,渡部幸訓,,,,,
5620250629010007,2,失,disqualified,山根慶太,,,,,斜行し故障
5620250705020002,7,故,accident_finish,國井裕樹,,,,,
5620250711010010,1,落,crash,廣川泰昭,,,,,直線接触落
5620250711020002,6,欠,absent,明星晴道,,,,,当日欠場で
5620250711020011,2,失,disqualified,吉川裕二,,,,,大きく牽制
5620250719020003,2,落,crash,谷口明正,,,,,
5620250719020003,5,落,crash,佐伯辰哉,,,,,
5620250719030010,5,落,crash,磯田旭,,,,,
5620250719030010,6,失,disqualified,貴志修己,,,,S,
5620250723010004,1,落,crash,元砂海人,,,,,掬われ接触
5620250723010004,2,落,crash,宮原貴之,,,,,森川追接触
5620250723020007,4,欠,absent,後藤彰仁,,,,,急病当日欠
5620250723030003,6,落,crash,今村俊雄,,,,,
5620250723030005,2,落,crash,大和久保美,,,,,
5620250723030005,3,落,crash,星野しほ,,,,,
5620250809010002,3,落,crash,花村直人,,,,,目標捲られ
5620250809010002,4,落,crash,高木修二,,,,S,直線乗上げ
5620250809020009,3,失,disqualified,山本修平,,,,B,誘導員妨害
5620250815020003,3,落,crash,加藤寛治,,,,S,終１角接触
5620250815020003,4,落,crash,大澤雄大,,,,,離れ外併走
5620250815020005,4,落,crash,市村昌樹,,,,,終３角接触
5620250815020006,5,落,crash,佐藤康紀,,,,,終１角接触
5620250815020008,2,落,crash,佐藤健太,,,,S,Ｈ不利受け
5620250815020008,6,失,disqualified,大塚健一郎,,,,,ホーム押圧
5620250827020001,1,落,crash,土井勲,,,,,張られ落車
5620250827020001,4,失,disqualified,南部亮太,,,,S,牽制し膨れ
5620250827030004,2,落,crash,吉堂将規,,,,,
5620250831020002,3,欠,absent,長澤和光,,,,,当日欠場
5620250905030006,1,失,disqualified,藤岡徹也,,,,,
5620250917010011,4,落,crash,原田翔真,,,,,
5620250927020005,1,落,crash,高橋清太郎,,,,S,
5620251007020002,2,失,disqualified,尾崎勝弘,,,,,四角で落車
5620251018010001,5,失,disqualified,金田舞夏,,,,,
5620251018010004,4,欠,absent,野崎翼,,,,,
5620251018020005,6,落,crash,三浦靖,,,,,
5620251018020005,7,落,crash,中村淳,,,,,
5620251024010007,4,落,crash,松岡健介,,,,,
5620251024020004,3,落,crash,山崎敦雄,,,,,
5620251101010009,1,失,disqualified,真田晃,,,,S,
5620251101020009,3,失,disqualified,小林申太,,,,,
5620251101020010,4,欠,absent,坂本将太郎,,,,,
5620251101020011,4,落,crash,佐野梅一,,,,S,
5620251101020011,6,落,crash,藤野一良,,,,,
5620251101020011,7,失,disqualified,丸山貴秀,,,,,
5620251110030009,3,落,crash,五日市誠,,,,S,
5620251110030009,4,落,crash,芦澤辰弘,,,,,
5620251110030011,3,失,disqualified,新田康仁,,,,,
5620251116010003,3,落,crash,近藤修康,,,,,
5620251127010007,7,落,crash,米嶋恵介,,,,,ライン任せ
5620251127010009,5,落,crash,桑名僚也,,,,,内攻め落車
5620251127010010,7,失,disqualified,佐藤康紀,,,,,二着も失格
5620251203020001,3,失,disqualified,板根茜弥,,,,,
5620251209020006,1,欠,absent,吉田夢希斗,,,,,
5620251218020003,6,失,disqualified,吉田昌弘,,,,,
5620251231010012,3,落,crash,犬伏湧也,,,,,
5620251231010012,4,落,crash,桑原大志,,,,,
5620251231010012,5,失,disqualified,中釜章成,,,,B,
5620251231020001,7,欠,absent,廣田樹里,,,,,
5620260224020003,2,,unknown_exception,櫻井太士,,,,,
5620260224020003,3,,unknown_exception,坪内恒,,,,,
5620260224020003,4,,unknown_exception,田中洋輔,,,,,
5620260224020003,5,,unknown_exception,島野浩司,,,,,
5620260224020003,6,,unknown_exception,峰重祐之介,,,,,
5620260224020003,7,,unknown_exception,今井聡,,,,,
5620260224020003,1,欠,absent,山口聖矢,,,,,
5620260224030008,4,落,crash,松尾透,,,,,
5620260224030008,5,失,disqualified,竹内智彦,,,,,
5620260301020007,2,失,disqualified,山本健也,,,,,
5620260401020007,6,落,crash,安部貴之,,,,,
5620260401030012,3,落,crash,小原太樹,,,,,
5620260401030012,4,落,crash,村上博幸,,,,,
5620260401030012,5,落,crash,横山尚則,,,,,
5620260401030012,6,落,crash,小堀敢太,,,,,
5620260504010001,4,失,disqualified,黒滝大翔,,,,,
5620260504030004,4,失,disqualified,前田義和,,,,,
5620260516010003,5,落,crash,古田義明,,,,,
5620260516010003,6,落,crash,山城光央,,,,,
5620260516030009,7,失,disqualified,中村翔平,,,,,
5620260616010001,3,落,crash,小林泰正,,,,,掬い妨害受
5620260616010001,2,失,disqualified,菅田壱道,,,,,外帯線進入
5620260616020002,6,失,disqualified,松岡辰泰,,,,,牽制斜行し
5620260616030012,6,欠,absent,児玉碧衣,,,,,当日欠場
5620260616040006,9,失,disqualified,太田海也,,,,,外張り故障
5620260616040006,3,故,accident_finish,山田久徳,,,,,車体故障し
5620260616050005,1,落,crash,青野将大,,,,,４角落車し
5620260616050005,5,失,disqualified,森田優弥,,,,B,１着も失格
5620260616050006,1,落,crash,渡部幸訓,,,,S,鐘４角落車
5620260616050006,4,落,crash,吉澤純平,,,,,乗り上げて
5620260616050006,6,落,crash,渡邉豪大,,,,,挟まれ落車
5620260616050006,8,落,crash,橋本強,,,,,落巻き込ま
5620260616050007,3,落,crash,小倉竜二,,,,,切り替え落
5620260616050010,2,失,disqualified,南修二,,,,,押圧し失格
5620260616060002,7,落,crash,諸橋愛,,,,,
5620260616060002,9,失,disqualified,山口拳矢,,,,,
5620260616060004,1,失,disqualified,山田久徳,,,,S,
5620260616060004,8,失,disqualified,橋本強,,,,,
5620260616060012,1,落,crash,郡司浩平,,,,S,
7420230202010006,2,落,crash,櫻井丈,,,,,
7420230202030006,1,落,crash,高橋泰裕,,,,,
7420230202030006,3,失,disqualified,三ッ井武,,,,S,
7420230202030006,6,失,disqualified,内藤敦,,,,,
7420230202030008,2,欠,absent,山原さくら,,,,,
7420230211010005,4,落,crash,川又裕樹,,,,,
7420230211010005,5,失,disqualified,隅直幸,,,,,
7420230211010006,3,落,crash,清水邦章,,,,,
7420230211010006,4,落,crash,増田鉄男,,,,,
7420230216010001,3,落,crash,佐古雅俊,,,,,４角で接触
7420230216010001,5,落,crash,河野淳吾,,,,,４角で接触
7420230216010012,3,失,disqualified,坂本修一,,,,,切替鋭押圧
7420230223010012,9,落,crash,南修二,,,,,口空き接触
7420230223020003,8,落,crash,末木浩二,,,,,叩れ３番手
7420230223040011,4,失,disqualified,村上博幸,,,,,
7420230305020007,2,落,crash,好永晃,,,,,
7420230305020007,4,落,crash,谷口幸司,,,,,
7420230314010003,3,失,disqualified,小林宏年,,,,,
7420230314010005,2,落,crash,加藤昌平,,,,,
7420230314010005,4,落,crash,屋宜浩二,,,,,
7420230314010005,5,落,crash,星島太,,,,,
7420230314020009,4,落,crash,米原大輔,,,,,
7420230319010001,1,落,crash,川野深,,,,,捲り併され
7420230319010001,3,落,crash,辻力,,,,,後手外出し
7420230319020005,2,落,crash,吉田健市,,,,,捌かれ後方
7420230319020005,5,失,disqualified,三谷政史,,,,,凌ぐも斜行
7420230319020009,2,落,crash,稲吉悠大,,,,,踏込み接触
7420230319020009,7,故,accident_finish,中井俊亮,,,,,ＨＳ接触し
7420230406010005,3,落,crash,三好恵一郎,,,,,前追込み策
7420230406010011,5,落,crash,筒井敦史,,,,,接触し落車
7420230406030001,4,落,crash,山本拳也,,,,,中割り失敗
7420230406030005,2,落,crash,池田勇人,,,,S,鐘過ぎ落車
7420230514010002,3,落,crash,升澤祥晃,,,,,
7420230514010002,4,落,crash,高木修二,,,,,
7420230514010002,7,落,crash,橋本忠延,,,,,
7420230514010004,2,落,crash,岡田浩太,,,,,
7420230514010004,3,失,disqualified,岡田大門,,,,,
7420230514010005,5,欠,absent,高橋清太郎,,,,,
7420230514010005,6,落,crash,石山直哉,,,,,
7420230514010006,4,落,crash,中野功史,,,,,
7420230514010006,5,落,crash,山根泰道,,,,,
7420230514020008,6,失,disqualified,梶應弘樹,,,,,
7420230514020009,7,落,crash,篠原英雄,,,,,
7420230514030005,5,落,crash,曽我部匡史,,,,,
7420230523010005,2,落,crash,伊藤亮,,,,,直線で落車
7420230523010010,5,故,accident_finish,吉岡伸太郎,,,,,車体故障し
7420230523020009,2,落,crash,尾崎剛,,,,,直線絡んで
7420230523020009,5,失,disqualified,須永優太,,,,,直線押上げ
7420230523030008,7,落,crash,久島尚樹,,,,,
7420230607020008,1,落,crash,吉田智哉,,,,,
7420230607020008,3,落,crash,蓮井祐輝,,,,,
7420230607030009,3,落,crash,西岡拓朗,,,,,
7420230622010003,4,失,disqualified,木谷凉,,,,,
7420230622010003,5,失,disqualified,木村健司,,,,,
7420230622020002,6,落,crash,木幡幸仁,,,,,
7420230622020002,5,失,disqualified,小峰一貴,,,,,
7420230701030001,3,落,crash,横山愛海,,,,B,
7420230701030001,4,落,crash,日野友葵,,,,,
7420230701030001,6,失,disqualified,奥平彩乃,,,,,
7420230716020002,3,欠,absent,笹川竜治,,,,,
7420230804010003,6,欠,absent,多田司,,,,,当日欠場
7420230804010009,4,落,crash,立石拓也,,,,,接触し落車
7420230804010009,7,失,disqualified,菊谷信一,,,,,押上げ２失
7420230804030003,7,欠,absent,竹澤雅也,,,,,
7420230816010004,6,失,disqualified,木村元信,,,,,
7420230816020006,7,落,crash,徳永泰粋,,,,,
7420230816020007,4,失,disqualified,時松正,,,,,
7420230828010004,3,落,crash,樋口瑛土,,,,,前落車乗上
7420230828010004,4,落,crash,菅田和宏,,,,,踏合い落車
7420230828010007,6,落,crash,木下宙,,,,,組立て半端
7420230828020012,6,失,disqualified,近藤翔馬,,,,,後ろに貢献
7420230828030012,5,落,crash,石原颯,,,,,
7420230828030012,2,失,disqualified,黒沢征治,,,,B,
7420230908010006,1,失,disqualified,藤田剣次,,,,S,
7420230908020002,6,欠,absent,服部正継,,,,,
7420230928010002,6,失,disqualified,岡崎昭次,,,,,外入し失格
7420230928020006,3,落,crash,萱島大介,,,,,乗上げ落車
7420230928020006,4,落,crash,丸山貴秀,,,,,妨害受けて
7420230928020006,6,失,disqualified,猪俣康一,,,,,斜行し失格
7420230928030001,6,落,crash,倉松涼,,,,,
7420230928030001,3,失,disqualified,石井毅,,,,S,
7420231005020008,2,失,disqualified,宮崎大空,,,,B,
7420231005030009,6,失,disqualified,中野光太郎,,,,,
7420231017010001,4,失,disqualified,中山敬太郎,,,,,
7420231017010006,6,落,crash,鳥生知八,,,,,
7420231017010008,4,失,disqualified,高田真幸,,,,,
7420231017020002,4,失,disqualified,北沢勝弘,,,,,
7420231017020003,2,欠,absent,米澤大輔,,,,,
7420231017020003,7,失,disqualified,赤石聡,,,,,
7420231017030002,5,失,disqualified,五十嵐博一,,,,,
7420231114020002,1,欠,absent,鶴岡與之,,,,,
7420231114030004,2,落,crash,二條祐也,,,,,
7420231121020001,1,失,disqualified,足達重満,,,,S,斜行し１失
7420231121020008,5,落,crash,佐々木則幸,,,,,接触し落車
7420240103010011,2,欠,absent,児玉慎一郎,,,,,当日欠場
7420240103020009,3,落,crash,八尋英輔,,,,,浮下げ乗上
7420240103020009,4,落,crash,山中貴雄,,,,,切替え接触
7420240103020009,6,落,crash,片山智晴,,,,,前に乗上げ
7420240103020009,7,落,crash,田村大,,,,,林と雁行負
7420240304010001,6,失,disqualified,竹元太志,,,,,先手追上遭
7420240304010006,4,欠,absent,荒川ひかり,,,,,当日欠場
7420240304030002,5,落,crash,時松正,,,,,
7420240304030002,6,落,crash,江口晃正,,,,,
7420240304030008,2,落,crash,山田裕哉,,,,,
7420240317020003,2,失,disqualified,藤田周磨,,,,SB,斜行し失格
7420240411030004,4,落,crash,工藤文彦,,,,,鐘３半追突
7420240411030004,5,落,crash,柴田洋輔,,,,,鐘３半接触
7420240411030004,1,失,disqualified,古賀勝大,,,,S,村田追斜行
7420240411030010,5,失,disqualified,吉澤純平,,,,,内圏線踏切
7420240411040001,3,落,crash,北野武史,,,,,
7420240411040006,1,失,disqualified,松井優佳,,,,,
7420240424010010,3,落,crash,岡光良,,,,,絡んで落車
7420240424010010,7,落,crash,児玉慎一郎,,,,,内入り接触
7420240424020005,5,落,crash,篠原龍馬,,,,,離れて接触
7420240430010002,2,落,crash,今野大輔,,,,,
7420240430010002,5,落,crash,阿部功,,,,,
7420240514020006,3,欠,absent,松尾玄太,,,,,
7420240514020007,1,落,crash,古屋琢晶,,,,,
7420240514020007,2,落,crash,高木和仁,,,,,
7420240514020007,4,失,disqualified,田口裕一,,,,,
7420240525010009,5,落,crash,小原太樹,,,,,鐘４角接触
7420240525010009,9,落,crash,山田久徳,,,,,鐘４角追突
7420240525020005,7,失,disqualified,椎木尾拓哉,,,,,
7420240525020005,4,故,accident_finish,青野将大,,,,,
7420240525020007,9,失,disqualified,小岩大介,,,,,
7420240710030001,7,失,disqualified,菊池崇史,,,,,
7420240718020001,6,失,disqualified,服部克久,,,,,１着も失格
7420240718020011,3,落,crash,田川翔琉,,,,,斬って中団
7420240718020012,2,落,crash,板橋慎治,,,,S,前に追突し
7420240718020012,6,落,crash,山崎岳志,,,,,内に粘られ
7420240718030001,6,失,disqualified,長澤和光,,,,,
7420240718030004,7,失,disqualified,岡崎昭次,,,,,
7420240718030007,3,落,crash,柴田祐也,,,,,
7420240718030007,7,落,crash,田中孝法,,,,,
7420240725020004,6,失,disqualified,吉川誠,,,,,
7420240801020011,2,落,crash,須藤誠,,,,,切替え接触
7420240801020011,6,落,crash,関根彰人,,,,,接触し落車
7420240801020011,5,失,disqualified,都築巧,,,,,斜行し１失
7420240801030005,7,欠,absent,三澤あゆみ,,,,,
7420240820010007,1,欠,absent,松本定,,,,,
7420240820010007,7,失,disqualified,篠原英雄,,,,,
7420240820020006,3,落,crash,早坂道義,,,,,
7420240820020006,7,落,crash,山口直樹,,,,,
7420240820030007,1,故,accident_finish,倉松涼,,,,,
7420240917020005,4,欠,absent,小柳智徳,,,,,当日欠場
7420240917030004,1,失,disqualified,谷口幸司,,,,S,
7420240917030008,2,落,crash,川口雄太,,,,,
7420240917030008,3,故,accident_finish,澤田義和,,,,,
7420240917030012,1,失,disqualified,田尾駿介,,,,S,
7420240917030012,2,失,disqualified,稲川翔,,,,,
7420241112010002,3,欠,absent,嶋貫高大,,,,,当日欠場
7420241112020001,7,失,disqualified,原清孝,,,,,菅原叩けず
7420241126020010,1,落,crash,中村圭志,,,,,３角で落車
7420241126020010,7,落,crash,渡辺十夢,,,,,追えず接触
7420241126030011,6,落,crash,田中和磨,,,,,
7420241225010009,3,欠,absent,林大悟,,,,,当日欠場し
7420241225010010,5,失,disqualified,西田優大,,,,B,逃げ末一息
7420241230020003,4,落,crash,楢原由将,,,,,
7420241230020003,1,失,disqualified,齋藤輝彦,,,,S,
7420241230020005,1,落,crash,上吹越直樹,,,,S,
7420241230020005,3,落,crash,今井聡,,,,,
7420241230020005,6,失,disqualified,福田稔希,,,,,
7420250108020005,2,欠,absent,阿部兼士,,,,,
7420250120010003,7,失,disqualified,尾崎勝弘,,,,,
7420250120010005,1,落,crash,井寺亮太,,,,,
7420250120010005,4,失,disqualified,山田晃久,,,,,
7420250120030002,5,落,crash,樋口奨平,,,,,
7420250120030002,4,失,disqualified,高尾剛文,,,,,
7420250205020007,4,落,crash,佐藤康紀,,,,,
7420250205020008,7,失,disqualified,尾形鉄馬,,,,,
7420250226010002,1,,unknown_exception,小川圭二,,,,,
7420250226010002,2,,unknown_exception,一ノ瀬貴将,,,,,
7420250226010002,3,,unknown_exception,橋本陸,,,,,
7420250226010002,4,,unknown_exception,枠元一葵,,,,,
7420250226010002,5,,unknown_exception,鮒田博文,,,,,
7420250226010002,6,,unknown_exception,橋本大祐,,,,,
7420250226010002,7,,unknown_exception,高嶋一朗,,,,,
7420250319020001,1,欠,absent,五反田豊和,,,,,
7420250324010003,7,失,disqualified,藤原義浩,,,,,
7420250324030003,1,欠,absent,長谷川辰徳,,,,,
7420250403010001,2,落,crash,松尾透,,,,,捲上妨害受
7420250403010001,3,失,disqualified,三宅達也,,,,,牽制押上げ
7420250403010003,5,落,crash,林慶次郎,,,,,捲上振られ
7420250403010003,7,落,crash,渡邉晴智,,,,,２角接触し
7420250403010003,2,失,disqualified,中村一将,,,,,牽制し斜行
7420250403010012,2,落,crash,犬伏湧也,,,,,叩かれ追突
7420250403010012,5,落,crash,新田祐大,,,,,切替え追突
7420250403010012,6,落,crash,森田優弥,,,,,眞杉乗Ｂ落
7420250403020010,9,落,crash,山本伸一,,,,,阻まれ接触
7420250403020012,5,落,crash,中川貴徳,,,,,南関続接触
7420250403020012,9,落,crash,山田久徳,,,,,古性追接触
7420250403040005,6,落,crash,山本浩成,,,,,
7420250403040005,3,失,disqualified,城戸俊潔,,,,,
7420250403040011,4,落,crash,野田源一,,,,,
7420250410010008,2,落,crash,二條祐也,,,,,
7420250410010008,3,落,crash,上野恭哉,,,,,
7420250410010009,5,落,crash,竹元健竜,,,,,
7420250410020001,6,落,crash,佐藤亜貴子,,,,,
7420250410020001,3,失,disqualified,豊田美香,,,,,
7420250410020007,5,落,crash,田村浩章,,,,,
7420250422020003,3,失,disqualified,羽田野愛花,,,,,
7420250422020009,4,失,disqualified,井上剛,,,,,
7420250517010005,3,失,disqualified,赤星俊光,,,,,競負け後退
7420250517030001,3,欠,absent,細田純平,,,,,
7420250623010011,1,落,crash,松岡篤哉,,,,,番手外競負
7420250623010011,7,落,crash,名川豊,,,,,本線も詰り
7420250623010011,2,失,disqualified,一丸尚伍,,,,S,快勝も失格
7420250628010004,5,落,crash,岩見潤,,,,,
7420250628030001,4,欠,absent,眞砂英作,,,,,
7420250707010009,2,落,crash,山本恵介,,,,,
7420250707020008,5,落,crash,宮内善光,,,,,
7420250707020008,6,落,crash,中澤央治,,,,,
7420250707020008,1,失,disqualified,伊藤成紀,,,,,
7420250715010004,1,落,crash,河野要,,,,S,
7420250715010004,6,落,crash,神田宏行,,,,,
7420250715010004,4,失,disqualified,内田淳,,,,,
7420250715020002,4,欠,absent,永井隆一,,,,,
7420250715020004,3,欠,absent,堀勝政,,,,,
7420250727010010,4,落,crash,黒田淳,,,,,４角で接触
7420250727030001,2,落,crash,池田伍功羽,,,,,
7420250727030011,6,落,crash,照屋将貴,,,,,
7420250803020009,2,落,crash,大崎飛雄馬,,,,S,
7420250823010005,4,失,disqualified,仁藤秀,,,,,
7420250823010007,4,落,crash,上田国広,,,,,
7420250823010007,5,落,crash,棚瀬義大,,,,,
7420250823010007,6,落,crash,連佛康浩,,,,,
7420250823010007,7,落,crash,中嶋宣成,,,,,
7420250823020006,2,欠,absent,中嶋宣成,,,,,
7420250823020010,7,落,crash,嶋田誠也,,,,,
7420250912030004,7,落,crash,橋本英也,,,,,
7420250912030004,6,失,disqualified,中西勇,,,,S,
7420250912030006,5,失,disqualified,安藤直希,,,,B,
7420250924020002,6,欠,absent,齋藤明,,,,,
7420251030020012,6,失,disqualified,今岡徹二,,,,,
7420251030030011,2,落,crash,阿部大樹,,,,,
7420251030030011,6,落,crash,宗崎世連,,,,,
7420251105010004,2,落,crash,佐伯辰哉,,,,,
7420251105010004,5,落,crash,松田昂己,,,,,
7420251126010003,6,落,crash,舟山佑京,,,,,
7420251126010003,7,落,crash,山中崇弘,,,,,
7420251126020005,7,失,disqualified,菊地圭,,,,B,
7420260102010007,7,落,crash,関谷哲平,,,,,
7420260102010007,6,失,disqualified,松木竜也,,,,,
7420260117020004,6,欠,absent,関根彰人,,,,,
7420260117030002,3,失,disqualified,田中誇士,,,,B,
7420260126020003,7,欠,absent,桜井雄太,,,,,
7420260126030003,1,失,disqualified,工藤文彦,,,,,
7420260217020004,5,欠,absent,楢原由将,,,,,
7420260217020005,4,失,disqualified,太田黒大心,,,,,
7420260222010003,1,失,disqualified,大窪輝之,,,,,
7420260222010003,5,失,disqualified,吉田航,,,,SB,
7420260310010002,2,落,crash,瓦田勝也,,,,,
7420260310010002,6,落,crash,大林亮介,,,,,
7420260310020002,2,欠,absent,門馬琢麿,,,,,
7420260316020004,1,失,disqualified,長谷川飛向,,,,S,
7420260316020007,1,落,crash,山崎輝夫,,,,,
7420260316020007,4,失,disqualified,藤田竜矢,,,,B,
7420260324030004,4,落,crash,西田大志,,,,,
7420260324030004,7,落,crash,松澤敬輔,,,,,
7420260405010007,1,落,crash,鷲田佳史,,,,S,
7420260405010007,2,落,crash,大塚玲,,,,,
7420260405010007,3,失,disqualified,松岡貴久,,,,,
7420260405010011,3,落,crash,田中陽平,,,,,
7420260405010011,5,落,crash,平尾一晃,,,,,
7420260405010011,6,失,disqualified,大槇大介,,,,,
7420260405030005,2,落,crash,尾方祐仁,,,,,
7420260405030009,1,落,crash,嵯峨昇喜郎,,,,S,
7420260405030009,2,落,crash,清水一幸,,,,,
7420260504010008,2,失,disqualified,吉松直人,,,,,
7420260504020001,3,落,crash,藤原春陽,,,,,
7420260504020006,1,落,crash,長屋秀明,,,,,
7420260504020006,3,落,crash,山田義彦,,,,,
7420260518030002,3,落,crash,嶋貫高大,,,,,
7420260518030002,2,失,disqualified,菅藤智,,,,B,
7420260531020003,3,欠,absent,沖本尚織,,,,,
7420260531020003,5,欠,absent,太田良政,,,,,
7420260531020004,1,欠,absent,茂木和臣,,,,,
7420260531030103,3,欠,absent,鈴木規純,,,,,
7420260531030103,4,失,disqualified,岡田浩太,,,,,
8120230109010003,2,失,disqualified,小峰一貴,,,,,内側追抜き
8120230109010004,3,落,crash,高橋潤,,,,,鐘前乗上げ
8120230109010004,2,失,disqualified,村上清隆,,,,,鐘前接触し
8120230109010005,3,失,disqualified,井上典善,,,,,追上再追走
8120230109020011,3,失,disqualified,近藤誠二,,,,,絡まれ死守
8120230120010003,2,落,crash,竹元健竜,,,,,捲り進まず
8120230120010012,4,失,disqualified,北津留翼,,,,B,別線を封じ
8120230120020012,3,落,crash,須永優太,,,,,目標張られ
8120230120020012,6,落,crash,小原丈一郎,,,,,捲り張られ
8120230131010007,5,欠,absent,市橋司優人,,,,,当日欠場し
8120230131010009,2,欠,absent,門田凌,,,,,当日欠場し
8120230131030011,3,落,crash,曽我圭佑,,,,,
8120230131030011,4,落,crash,高橋昇平,,,,,
8120230131030011,5,落,crash,立花成泰,,,,,
8120230131030011,6,落,crash,佐藤佑一,,,,,
8120230131030012,3,落,crash,桑原大志,,,,,
8120230131030012,4,落,crash,中本匠栄,,,,,
8120230131030012,7,失,disqualified,山岸佳太,,,,,
8120230205020001,6,落,crash,山下茂樹,,,,,
8120230205030006,3,落,crash,塩川真一郎,,,,,
8120230212010008,6,落,crash,宮下貴之,,,,,接触し落車
8120230212010008,4,失,disqualified,富弥昭,,,,,二つの失格
8120230218010007,2,失,disqualified,吉川嘉斗,,,,,
8120230218020004,1,落,crash,原田礼,,,,,
8120230218020004,4,落,crash,板崎佑矢,,,,,
8120230218020004,5,落,crash,武智尚之,,,,,
8120230227010009,6,欠,absent,坂上樹大,,,,,
8120230306010007,3,落,crash,伊原克彦,,,,,乗上げ落車
8120230306010007,7,落,crash,才迫開,,,,,絡んで落車
8120230306020002,6,欠,absent,時松正,,,,,当日欠場
8120230314010002,6,欠,absent,中村鈴花,,,,,
8120230319010001,6,失,disqualified,奥森敏,,,,,切り換え策
8120230319030001,1,失,disqualified,松尾正人,,,,S,
8120230329020002,6,欠,absent,鈴木秀明,,,,,
8120230329020004,7,失,disqualified,藤野貴章,,,,,
8120230410020002,3,欠,absent,伊藤のぞみ,,,,,
8120230410030001,5,失,disqualified,神澤瑛菜,,,,,
8120230417010002,3,欠,absent,岡崎祥伍,,,,,当日欠場
8120230422010003,5,欠,absent,川口秀人,,,,,
8120230422010009,5,落,crash,松岡孝高,,,,,
8120230422010009,7,落,crash,加倉正義,,,,,
8120230422020001,1,欠,absent,野口諭実可,,,,,
8120230422030001,2,欠,absent,高橋智香,,,,,
8120230504010003,7,失,disqualified,木谷凉,,,,,３番手離れ
8120230504010005,4,落,crash,木幡幸仁,,,,,４角で接触
8120230504020002,3,欠,absent,幸津博,,,,,当日欠場
8120230526030005,3,失,disqualified,加藤舞,,,,,
8120230608030005,2,落,crash,吉岡伸太郎,,,,,
8120230608030005,4,失,disqualified,松村友和,,,,S,
8120230628030009,7,落,crash,松本秀之慎,,,,,
8120230723010008,4,欠,absent,田中勇二,,,,,当日欠場
8120230723010009,4,落,crash,加倉正義,,,,,絡んで落車
8120230723010009,5,落,crash,山本勝利,,,,,捲れず落車
8120230723020008,5,欠,absent,磯田旭,,,,,当日欠場
8120230723030005,1,落,crash,出口倫子,,,,,
8120230723030005,6,落,crash,溝口香奈,,,,,
8120230729020005,3,落,crash,松本卓也,,,,,
8120230729020005,6,落,crash,別所英幸,,,,,
8120230729020007,4,落,crash,木村貴宏,,,,,
8120230729020007,5,落,crash,谷口幸司,,,,,
8120230805030003,1,落,crash,中川聖大,,,,,
8120230815020005,2,欠,absent,山崎輝夫,,,,,
8120230824010004,2,落,crash,眞鍋伸也,,,,,
8120230824020007,1,落,crash,黒瀬浩太郎,,,,,
8120230824020007,4,失,disqualified,光岡義洋,,,,,
8120231017010006,5,失,disqualified,櫻川雅彦,,,,,
8120231017010008,2,欠,absent,岡田亮太,,,,,
8120231017030001,2,失,disqualified,沢田勇治,,,,,
8120231111020002,3,欠,absent,吉田悟,,,,,
8120231111020007,6,失,disqualified,篠田幸希,,,,,
8120231111030009,3,失,disqualified,宮崎大空,,,,,
8120231121010004,5,落,crash,隅田洋介,,,,,乗上げ落車
8120231121010004,3,失,disqualified,三谷竜生,,,,,２角で落車
8120231121030001,7,欠,absent,村田奈穂,,,,,当日欠場
8120231121030007,2,落,crash,嘉永泰斗,,,,,鐘４角落車
8120231121060009,6,落,crash,恩田淳平,,,,S,
8120231121060009,9,落,crash,渡邉雄太,,,,,
8120231121060009,7,失,disqualified,佐々木雄一,,,,,
8120231121060010,1,落,crash,平原康多,,,,,
8120231221020003,1,落,crash,西浦仙哉,,,,,捲り張られ
8120231221020003,2,失,disqualified,八尋翔平,,,,,斜行し落車
8120231229020008,1,落,crash,小埜正義,,,,,
8120231229020008,2,落,crash,土屋壮登,,,,,
8120231229020008,6,落,crash,小橋明紀,,,,,
8120231229020008,7,落,crash,小柳智徳,,,,,
8120240104010001,1,故,accident_finish,在本直樹,,,,,
8120240104010001,2,故,accident_finish,吉田彰久,,,,,
8120240104020001,4,失,disqualified,沼川夢久,,,,,
8120240104020002,2,落,crash,小谷文康,,,,,
8120240104020002,3,落,crash,加美山隆行,,,,,
8120240113010007,2,失,disqualified,稲吉悠大,,,,S,目標に離れ
8120240113010007,4,失,disqualified,上田尭弥,,,,B,内から先行
8120240113020002,1,欠,absent,金澤幸司,,,,,当日欠場
8120240113020009,2,落,crash,児玉慎一郎,,,,,終審で落車
8120240113020009,4,失,disqualified,増原正人,,,,B,カマシ末甘
8120240113020010,1,落,crash,伊藤旭,,,,S,捲るも落車
8120240113030008,4,落,crash,田中勇二,,,,,
8120240121030011,5,故,accident_finish,加藤将武,,,,,
8120240131010012,6,欠,absent,山岸佳太,,,,,当日欠場
8120240131020012,2,失,disqualified,椎木尾拓哉,,,,,大きく張り
8120240206030001,4,欠,absent,児玉利文,,,,,
8120240211030001,3,失,disqualified,森山昌昭,,,,,
8120240219030002,7,失,disqualified,楠本政明,,,,,
8120240219030004,2,欠,absent,藤田竜矢,,,,,
8120240219030006,4,欠,absent,岩城佑典,,,,,
8120240219030006,7,欠,absent,中込健太,,,,,
8120240219030009,2,欠,absent,那須久幸,,,,,
8120240302030001,1,失,disqualified,濱田昭一郎,,,,,
8120240306020010,3,落,crash,寺沼拓摩,,,,,再仕掛絡落
8120240306020010,4,落,crash,中村圭志,,,,,Ｈ前で接触
8120240306020010,7,落,crash,河野通孝,,,,,寺沼に追突
8120240306020010,1,失,disqualified,志智俊夫,,,,S,村田交押上
8120240306020012,7,失,disqualified,小川勇介,,,,,緒方交失格
8120240311010004,4,落,crash,園田鉄兵,,,,,
8120240311010009,6,欠,absent,富弥昭,,,,,
8120240318010008,1,落,crash,岡光良,,,,,４角絡んで
8120240318010008,4,落,crash,前反祐一郎,,,,,岡と絡んで
8120240318020004,1,落,crash,森本桂太郎,,,,,後輪払われ
8120240318020004,4,落,crash,遠藤勝行,,,,,乗上げ落車
8120240318020004,2,失,disqualified,野中祐志,,,,,押上げ落失
8120240323020005,3,失,disqualified,近藤寛央,,,,,
8120240323030007,1,落,crash,松坂侑亮,,,,S,
8120240323030007,7,失,disqualified,堀川敬太郎,,,,,
8120240410020004,1,落,crash,高倉俊宏,,,,B,
8120240410020004,6,落,crash,大泉英則,,,,,
8120240410020007,6,失,disqualified,別所英幸,,,,,
8120240425020006,1,落,crash,高橋成英,,,,,
8120240425020006,6,失,disqualified,加藤昌平,,,,,
8120240506010003,6,落,crash,眞原健一,,,,,ＢＳ前落車
8120240523010007,5,失,disqualified,坂本智哉,,,,,
8120240523020004,6,欠,absent,長谷川辰徳,,,,,
8120240603010001,5,失,disqualified,太田良政,,,,,前が離れて
8120240603010005,7,落,crash,竹野行登,,,,,接触し落車
8120240603020001,4,失,disqualified,木幡幸仁,,,,,内側追抜き
8120240603020006,1,欠,absent,三宅玲奈,,,,,当日欠場し
8120240603020006,6,失,disqualified,奈良岡彩子,,,,,尾崎追えず
8120240603030001,5,失,disqualified,原清孝,,,,,
8120240616010007,3,失,disqualified,大崎龍一郎,,,,,
8120240622010003,6,失,disqualified,眞鍋伸也,,,,,
8120240622010004,7,失,disqualified,南蓮,,,,,
8120240622010005,3,落,crash,金田健一郎,,,,,
8120240622030001,1,欠,absent,成海大聖,,,,,
8120240626010002,4,落,crash,小川巧,,,,,内締め落車
8120240626030011,2,失,disqualified,守谷陽介,,,,,
8120240705020003,3,落,crash,櫻木雄太,,,,,妨害受け落
8120240705020003,5,落,crash,南大輔,,,,,落車乗上げ
8120240705020003,2,失,disqualified,原田翔真,,,,SB,押上げ１失
8120241119020004,1,失,disqualified,小倉竜二,,,,,掬われ立直
8120241119020006,4,失,disqualified,阿部力也,,,,S,流込み逸し
8120241119030003,3,落,crash,吉田拓矢,,,,,併走落車し
8120241119030005,9,失,disqualified,小川勇介,,,,,離れ内降り
8120241119040010,7,落,crash,渡部幸訓,,,,S,離れ立直も
8120241119040010,4,失,disqualified,新田祐大,,,,,斜行失格し
8120241119040011,9,落,crash,平原康多,,,,,絡んで落車
8120241119040011,8,失,disqualified,成田和也,,,,,内入り落車
8120241119050009,1,落,crash,佐藤慎太郎,,,,,叩かれ乗換
8120241119050009,8,落,crash,松岡貴久,,,,,４角接触落
8120241119050012,3,落,crash,郡司浩平,,,,,弾かれ落車
8120241119050012,5,落,crash,深谷知広,,,,,接触し落車
8120241119050012,1,失,disqualified,古性優作,,,,S,斜行し２失
8120241130030005,2,落,crash,一ノ瀬匠,,,,,
8120241130030005,7,落,crash,内藤敦,,,,,
8120241209010005,7,失,disqualified,石山直哉,,,,,
8120241209020004,7,失,disqualified,組橋一高,,,,,
8120241213020002,5,欠,absent,宮崎一彰,,,,,当日欠場
8120241213020005,1,落,crash,肥後尚己,,,,,カマシ離れ
8120241227010007,4,落,crash,小林諒,,,,,早々と落車
8120241227010010,2,落,crash,板崎佑矢,,,,,妨害受けて
8120241227010010,6,失,disqualified,仙石淳,,,,,押圧し３失
8120241227030002,1,欠,absent,與古田龍門,,,,,
8120250111010005,5,失,disqualified,白木正彦,,,,,自然と離れ
8120250111010010,7,落,crash,藤井稜也,,,,,４角で接触
8120250131010006,1,失,disqualified,阪本和也,,,,S,押上げ７失
8120250131020009,4,落,crash,松尾信太郎,,,,,乗上げ落車
8120250131020009,5,落,crash,田中誠,,,,,接触し落車
8120250211030007,3,故,accident_finish,山崎敦雄,,,,S,
8120250219010003,2,失,disqualified,中野真吾,,,,,叩かれ後退
8120250219020005,1,落,crash,高木竜司,,,,,接触し落車
8120250219020010,1,落,crash,松川高大,,,,,接触し落車
8120250219020010,5,落,crash,石川裕二,,,,,接触し落車
8120250219030001,2,落,crash,佐藤悦夫,,,,,
8120250219030001,6,落,crash,川村昭弘,,,,,
8120250219030004,1,落,crash,野口大誠,,,,S,
8120250219030004,2,失,disqualified,栗田雄矢,,,,,
8120250223030004,7,失,disqualified,明星晴道,,,,,
8120250310010002,7,失,disqualified,岡田哲夫,,,,,
8120250310010003,5,失,disqualified,川添輝彦,,,,,
8120250317020005,7,失,disqualified,篠塚光一,,,,,終審過ぎ落
8120250317020007,2,落,crash,澤田義和,,,,,酒井拳不発
8120250317020009,2,落,crash,五十嵐力,,,,,好位も落車
8120250317020009,7,落,crash,桑名僚也,,,,S,中団もまれ
8120250322020001,7,欠,absent,栗原稔貴,,,,,
8120250322020002,4,欠,absent,尾崎勝弘,,,,,
8120250501010004,3,落,crash,後田康成,,,,,
8120250501010004,6,落,crash,高野輝彰,,,,,
8120250501010004,7,失,disqualified,服部克久,,,,,
8120250501020002,4,失,disqualified,齋藤明,,,,,
8120250508020006,3,失,disqualified,廣川泰昭,,,,,
8120250508020007,4,落,crash,中山遼太郎,,,,,
8120250508020007,3,失,disqualified,富武大,,,,SB,
8120250508020009,3,落,crash,鳥越靖弘,,,,,
8120250526010002,5,失,disqualified,横瀬聡,,,,,４角押上げ
8120250526020009,7,失,disqualified,滝本泰行,,,,,３角内抜き
8120250526030002,6,欠,absent,北沢勝弘,,,,,
8120250610020001,2,欠,absent,加藤大輔,,,,,
8120250618010001,6,落,crash,鈴木豪,,,,,中団に固執
8120250618010001,4,失,disqualified,米村光星,,,,,中団外併走
8120250713020008,1,落,crash,平原啓多,,,,,
8120250808010001,2,落,crash,蒔田英彦,,,,S,
8120250808010005,7,失,disqualified,藤原憲征,,,,,
8120250808020008,8,落,crash,真鍋顕汰,,,,,
8120250808020008,9,落,crash,嵯峨昇喜郎,,,,,
8120250808020012,4,落,crash,村上直久,,,,,
8120250808020012,7,落,crash,田中陽平,,,,,
8120250808020012,9,失,disqualified,小原丈一郎,,,,,
8120250808040003,4,欠,absent,小堺浩二,,,,,
8120250808040004,7,落,crash,新村穣,,,,,
8120250808040004,4,失,disqualified,中村隆生,,,,,
8120250815030004,3,失,disqualified,松本大地,,,,,
8120250820020010,1,落,crash,松坂洋平,,,,S,４角で接触
8120250820020010,4,落,crash,内藤秀久,,,,,接触し落車
8120250906020006,3,失,disqualified,吉本哲郎,,,,,好位とれず
8120250916010007,3,落,crash,照井力斗,,,,,絡んで落車
8120250916010007,4,落,crash,大島将人,,,,,振られ落車
8120250916010007,1,失,disqualified,照屋将貴,,,,,前ワンツー
8120250924010009,1,落,crash,三谷政史,,,,,４角で接触
8120250924010009,2,落,crash,尾形鉄馬,,,,S,４角乗上げ
8120250924030008,5,失,disqualified,二藤元太,,,,,
8120250924030009,6,落,crash,堀川敬太郎,,,,,
8120250924030009,4,失,disqualified,友定祐己,,,,,
8120250924030010,2,失,disqualified,吉岡詩織,,,,B,
8120251119010005,2,失,disqualified,和田健太郎,,,,,仕事し失格
8120251119020007,3,落,crash,村田雅一,,,,,内入り落車
8120251119020007,7,落,crash,小川勇介,,,,,切替え乗上
8120251119030002,5,失,disqualified,佐藤慎太郎,,,,,連結外して
8120251119030004,7,落,crash,園田匠,,,,,３半落車し
8120251119030012,6,落,crash,坂口楓華,,,,S,乗り上げて
8120251119030012,5,失,disqualified,仲澤春香,,,,,番手入り落
8120251119040011,8,欠,absent,森田優弥,,,,,当日欠場し
8120251119050010,4,落,crash,村上博幸,,,,,乗り上げて
8120251119050010,5,落,crash,佐々木龍,,,,,早々に落車
8120251119050012,5,落,crash,山田庸平,,,,,バック落車
8120251119050012,8,落,crash,小倉竜二,,,,,乗り上げて
8120251119050012,7,失,disqualified,成田和也,,,,,目標捲られ
8120251119060006,1,失,disqualified,岩津裕介,,,,S,
8120251119060010,9,欠,absent,鈴木玄人,,,,,
8120251119060012,8,失,disqualified,渡部幸訓,,,,,
8120251203030008,1,失,disqualified,藤田まりあ,,,,,
8120251218030001,4,欠,absent,土屋宏,,,,,
8120251224020002,2,欠,absent,五反田豊和,,,,,
8120251230010008,1,落,crash,山本浩成,,,,S,捌き４角落
8120251230020010,1,落,crash,藤井栄二,,,,S,Ｈ不利受け
8120251230020010,5,失,disqualified,渡邉豪大,,,,,番手競られ
8120260108010004,5,失,disqualified,竜門孝宗,,,,,
8120260108020007,3,落,crash,中野雄喜,,,,,
8120260108020007,6,落,crash,藤田楓,,,,,
8120260108030002,3,落,crash,川添輝彦,,,,,
8120260108030002,4,落,crash,古田義明,,,,,
8120260108030002,6,落,crash,西郷剛,,,,,
8120260108030005,3,欠,absent,山出裕幸,,,,,
8120260113020003,5,落,crash,星野京旺,,,,,
8120260113020007,4,欠,absent,井手健,,,,,
8120260113030007,2,落,crash,伊藤大彦,,,,,
8120260113030007,6,失,disqualified,園田鉄兵,,,,,
8120260126020007,1,落,crash,岡光良,,,,,
8120260126020007,3,落,crash,宝満大作,,,,,
8120260207020012,2,落,crash,道場晃規,,,,,Ｇ前接触落
8120260207020012,7,失,disqualified,園田匠,,,,,斜行し落失
8120260207030010,6,欠,absent,今村麟太郎,,,,,
8120260217020005,7,落,crash,矢内良和,,,,,
8120260217020005,5,失,disqualified,山本貴章,,,,,
8120260226010007,1,落,crash,水谷良和,,,,S,
8120260226010007,3,落,crash,渡辺正光,,,,,
8120260226010007,5,落,crash,江守昇,,,,,
8120260226020004,1,落,crash,寺師幸成,,,,,
8120260226020004,2,落,crash,櫻井宏智,,,,,
8120260226020004,3,落,crash,萱島大介,,,,,
8120260226020004,6,失,disqualified,飯島淳,,,,,
8120260306010012,1,落,crash,浅井康太,,,,,打鐘前落車
8120260306010012,4,失,disqualified,大槻寛徳,,,,S,３番手一息
8120260306020009,6,失,disqualified,上吹越直樹,,,,,本線はぐれ
8120260319010006,7,欠,absent,金田舞夏,,,,,当日欠場
8120260319020004,3,失,disqualified,田崎良太郎,,,,,本線千切れ
8120260319020005,2,欠,absent,田野口佳奈,,,,,当日欠場
8120260319030002,7,失,disqualified,山本和瑳,,,,B,
8120260319030004,2,失,disqualified,浦部郁里,,,,S,
8120260326020006,1,落,crash,堺文人,,,,,
8120260326020006,2,落,crash,原田礼,,,,,
8120260326020006,6,落,crash,木村勉,,,,,
8120260326020006,3,失,disqualified,藤野貴章,,,,,
8120260401020003,2,落,crash,相澤恵一,,,,,
8120260401020003,6,失,disqualified,永山英司,,,,,
8120260413010002,7,欠,absent,伊藤優里,,,,,
8120260422030001,6,失,disqualified,松尾正人,,,,,
8120260528030008,5,落,crash,山本知佳,,,,,
8120260626020003,3,落,crash,松田優一,,,,S,絡んで落車
8120260626020003,5,落,crash,北野良栄,,,,B,接触し落車
8120260626020003,1,失,disqualified,能代谷元,,,,,斜行し落失
8120260626020005,2,落,crash,作田悦章,,,,,終Ｈ接触落
8120260626020005,6,落,crash,平山優太,,,,,内突き接触
8120260626020011,1,失,disqualified,黒瀬浩太郎,,,,,初周内抜き
7320230108020001,6,落,crash,大林亮介,,,,,
7320230118020001,2,欠,absent,清水吉康,,,,,当日に欠場
7320230118020003,5,失,disqualified,倉松涼,,,,,内側追抜き
7320230118020008,3,失,disqualified,隅田幸助,,,,B,逃げ斜行し
7320230118030001,6,失,disqualified,高森圭介,,,,,
7320230118030002,3,欠,absent,佐古雅俊,,,,,
7320230123010007,1,落,crash,高橋健太,,,,,４角で接触
7320230123010010,6,落,crash,樋口絢土,,,,,２角で接触
7320230123020001,4,失,disqualified,平坂典也,,,,,岡崎克に離
7320230123020003,1,落,crash,米村光星,,,,S,叩れＨ接触
7320230123020003,2,落,crash,新村真,,,,,米村に追突
7320230123020003,3,失,disqualified,浅沼聖士,,,,,外帯線進入
7320230213010002,1,落,crash,岩見潤,,,,,４角で転倒
7320230213010002,4,失,disqualified,中尾翔,,,,,叩かれ斜行
7320230213030006,7,失,disqualified,野口大誠,,,,,
7320230213030008,5,失,disqualified,渡辺十夢,,,,,
7320230213030008,4,故,accident_finish,佐々木豪,,,,,
7320230414010008,2,落,crash,阪本和也,,,,,競負け転倒
7320230503030003,5,落,crash,高尾剛文,,,,,
7320230511010005,3,落,crash,関根彰人,,,,,
7320230511010005,6,落,crash,水本博行,,,,,
7320230511030002,2,落,crash,青木亮太,,,,,
7320230511030002,3,落,crash,本馬鎌,,,,,
7320230511030002,6,落,crash,木幡幸仁,,,,,
7320230531010002,5,失,disqualified,永山英司,,,,,内圏線踏切
7320230531010002,6,失,disqualified,中塚記生,,,,,内圏線踏切
7320230531020003,5,失,disqualified,福田拓也,,,,,内側追抜き
7320230531030004,1,,unknown_exception,中山拓人,,,,,
7320230531030004,2,,unknown_exception,行成大祐,,,,,
7320230531030004,3,,unknown_exception,沼川夢久,,,,,
7320230531030004,4,,unknown_exception,野見泰要,,,,,
7320230531030004,5,,unknown_exception,川添輝彦,,,,,
7320230531030004,6,,unknown_exception,高桑由昇,,,,,
7320230531030004,7,,unknown_exception,明星晴道,,,,,
7320230616030007,2,欠,absent,坂本晃輝,,,,,
7320230706020007,1,失,disqualified,三谷竜生,,,,,好位踏押圧
7320230821020007,7,落,crash,酒井拳蔵,,,,,鐘３角落車
7320230821030006,1,落,crash,渡口勝成,,,,,
7320230905010004,5,落,crash,内田淳,,,,,鐘３半接触
7320230905030002,2,失,disqualified,赤松誠一,,,,S,
7320230929010001,1,落,crash,佐藤明,,,,,
7320230929010001,3,落,crash,岡崎和久,,,,,
7320230929010001,4,落,crash,浦野慈生,,,,,
7320230929010001,7,落,crash,高野輝彰,,,,,
7320230929010004,5,失,disqualified,菊池崇訓,,,,,
7320230929010006,7,失,disqualified,町田勝志,,,,,
7320230929020001,5,失,disqualified,奥森敏,,,,,
7320230929020006,4,失,disqualified,中嶋樹,,,,,
7320231026010008,3,落,crash,中西司,,,,,
7320231026020003,1,落,crash,斉藤樂,,,,,
7320231026020003,3,落,crash,佐藤正吾,,,,,
7320231026020003,5,落,crash,武田靖夫,,,,,
7320231106010010,1,失,disqualified,中釜章成,,,,,内側追抜き
7320231106030001,5,落,crash,米村光星,,,,,
7320231117010002,1,落,crash,須々田大昇,,,,S,鐘３半接触
7320231117010002,2,落,crash,平坂典也,,,,,鐘３半接触
7320231117010003,6,失,disqualified,柴田了,,,,,内圏線踏切
7320231117030007,3,欠,absent,石田宏樹,,,,,
7320231217010001,4,失,disqualified,坂本智哉,,,,,
7320231217020008,3,失,disqualified,伊藤稔真,,,,,
7320231225010012,2,落,crash,小倉竜二,,,,,煽受け接触
7320231225010012,7,失,disqualified,内藤秀久,,,,,牽制斜行し
7320231225010012,6,故,accident_finish,島川将貴,,,,,捲り張られ
7320231225020010,1,落,crash,岡崎智哉,,,,S,中団取合い
7320231231010003,5,失,disqualified,沢田勇治,,,,,早期追抜き
7320231231010007,4,欠,absent,近藤誠二,,,,,急病当日欠
7320231231030004,6,落,crash,丹波福道,,,,,
7320231231030011,2,欠,absent,市村昌樹,,,,,
7320240113020001,1,欠,absent,田典幸,,,,,
7320240113020009,1,落,crash,室井竜二,,,,,
7320240113020009,5,失,disqualified,一ノ瀬匠,,,,,
7320240121010004,7,失,disqualified,永井隆一,,,,,内圏線踏切
7320240201010009,2,落,crash,棚橋勉,,,,,鐘４角転倒
7320240201020010,1,落,crash,木暮安由,,,,,１角で転倒
7320240201020010,4,失,disqualified,小原丈一郎,,,,,飛付捲れず
7320240206030004,2,失,disqualified,赤塚悠人,,,,,
7320240329020002,4,欠,absent,奥森敏,,,,,
7320240329020002,5,失,disqualified,坂本智哉,,,,,
7320240329030002,6,失,disqualified,五十嵐博一,,,,,
7320240329030004,3,失,disqualified,井上将志,,,,S,
7320240416010002,2,失,disqualified,白濱一平,,,,,
7320240416020003,3,落,crash,伊狩知人,,,,,
7320240626020004,2,失,disqualified,市村昌樹,,,,,追上競押圧
7320240626030004,3,落,crash,小岩哲也,,,,,
7320240626030004,6,故,accident_finish,林成人,,,,,
7320240704010005,3,落,crash,元砂勇雪,,,,,絡れＢ前触
7320240704010005,2,失,disqualified,川口雄太,,,,,掬れ競斜行
7320240704020012,9,落,crash,阿竹智史,,,,,絡み接触し
7320240704020012,7,故,accident_finish,村田雅一,,,,,絡み接触し
7320240704040005,3,欠,absent,後藤悠,,,,,
7320240723010002,5,失,disqualified,遠澤健二,,,,,不注意落車
7320240723030003,3,失,disqualified,吉田彰久,,,,,
7320240723030004,3,失,disqualified,内海雅夫,,,,,
7320240813020002,6,落,crash,塚本諭,,,,,H前で接触
7320240813020002,2,失,disqualified,鳥丸晃順,,,,,Ｈ前過失落
7320240813030011,5,落,crash,板根茜弥,,,,,
7320240822020003,1,落,crash,内山拓,,,,,
7320240822020003,5,落,crash,田中弘章,,,,,
7320240822020003,4,失,disqualified,作田悦章,,,,,
7320240828010009,7,落,crash,室井健一,,,,,Ｂ前接触し
7320240906010007,3,失,disqualified,梶原恵介,,,,,
7320240906010007,2,故,accident_finish,宮下一歩,,,,S,
7320240906020002,3,落,crash,比嘉真梨代,,,,,
7320240906020006,1,落,crash,馬場和広,,,,,
7320240906020006,2,落,crash,柴田功一郎,,,,,
7320240922020001,4,失,disqualified,舟元権造,,,,,Ｈ捲返せず
7320240922030001,6,失,disqualified,服部克久,,,,,
7320240922030007,2,,unknown_exception,龍野琳太郎,,,,,
7320240922030007,3,,unknown_exception,前田拓也,,,,,
7320240922030007,4,,unknown_exception,伊原弘幸,,,,,
7320240922030007,5,,unknown_exception,興呂木雄治,,,,,
7320240922030007,6,,unknown_exception,林成人,,,,,
7320240922030007,7,,unknown_exception,上野恭哉,,,,,
7320240922030007,1,欠,absent,城戸崎隆史,,,,,
7320240929010012,3,落,crash,中井俊亮,,,,,鐘後追突し
7320240929010012,6,落,crash,大塚健一郎,,,,,鐘後接触し
7320240929010012,7,失,disqualified,柏野智典,,,,,離れ斜行し
7320240929020010,3,失,disqualified,嶋田誠也,,,,,鐘４押上げ
7320241025010012,1,失,disqualified,太田海也,,,,,捲返も斜行
7320241115030004,4,落,crash,高田大輔,,,,,
7320241115030004,5,落,crash,山本貴章,,,,,
7320241121020005,3,落,crash,阿部兼士,,,,,
7320241202010002,1,落,crash,二條祐也,,,,S,番手掬れ落
7320241202010002,2,落,crash,廣田樹里,,,,,掬れＢ接触
7320241202010002,3,失,disqualified,中里福太郎,,,,,掬差も押上
7320241202020001,3,失,disqualified,舘真成,,,,B,内圏線踏切
7320241209020001,6,欠,absent,栗原稔貴,,,,,
7320241220010003,2,失,disqualified,大窪輝之,,,,,内側追抜き
7320250103030005,4,失,disqualified,溝口香奈,,,,,
7320250301010001,2,失,disqualified,白濱一平,,,,,内側追抜き
7320250301030006,2,失,disqualified,萩原瑞生,,,,,
7320250301030010,1,落,crash,榊原洋,,,,S,
7320250301030010,6,落,crash,山崎悟,,,,,
7320250703010011,3,失,disqualified,仲野結音,,,,,６番手動ず
7320250703020009,6,落,crash,江守昇,,,,,３半で接触
7320250703020010,3,失,disqualified,福永大智,,,,S,内側追抜き
7320250703030006,1,欠,absent,山岸佳太,,,,,急病当日欠
7320250703030011,9,落,crash,太田竜馬,,,,,犬伏追転倒
7320250703030011,7,失,disqualified,森田優弥,,,,,飛付捲れず
7320250703040002,5,欠,absent,小川丈太,,,,,
7320250703040004,7,欠,absent,尾方祐仁,,,,,
7320250703040010,5,欠,absent,鈴木薫,,,,,
7320250709030007,5,落,crash,長尾拳太,,,,,
7320250709030007,7,落,crash,松本秀之慎,,,,S,
7320250709030011,1,落,crash,西田大志,,,,,
7320250730010008,4,落,crash,棚橋勉,,,,,３番手直触
7320250730020011,2,欠,absent,竹村勇祐,,,,,急病当日欠
7320250730020011,5,失,disqualified,蕗澤鴻太郎,,,,,叩かれ斜行
7320250730030011,2,失,disqualified,福田稔希,,,,SB,
7320250730030012,3,失,disqualified,山田英明,,,,S,
7320250808030001,2,落,crash,夏目新吾,,,,,
7320250808030001,5,落,crash,藤井稜也,,,,,
7320250831020005,6,失,disqualified,堀越翔己,,,,,内側追抜き
7320250831020006,2,落,crash,佐川翔吾,,,,,捲れず接触
7320250831020006,5,落,crash,長松空吾,,,,,３半で接触
7320250831030005,3,失,disqualified,伊藤温希,,,,,
7320250918020007,4,失,disqualified,邊見祐太,,,,,
7320250925020006,7,失,disqualified,竹元健竜,,,,,
7320251015020001,6,欠,absent,吉竹雄城,,,,,
7320251020030005,6,欠,absent,那須久幸,,,,,
7320251027020003,4,落,crash,山川奨太,,,,,
7320251027020005,4,落,crash,藤井優希,,,,,
7320251103010007,5,落,crash,藤岡隆治,,,,,絡み３半触
7320251103010007,6,落,crash,山口龍也,,,,,３半追突し
7320251103010007,4,失,disqualified,秋本耀太郎,,,,,捲れ飛付触
7320251112020004,2,落,crash,赤塚悠人,,,,,中団競落車
7320251112020004,1,失,disqualified,大槇大介,,,,,中団競押圧
7320251112020006,2,欠,absent,原真司,,,,,急病当日欠
7320251112020010,3,落,crash,立部楓真,,,,,斬込１半触
7320251112020010,4,落,crash,香川雄介,,,,,谷口追接触
7320251112020010,7,落,crash,中村圭志,,,,,立部続追突
7320251117020002,3,欠,absent,竹野行登,,,,,急病当日欠
7320251122020001,4,欠,absent,桂馬将人,,,,,急病当日欠
7320251122030006,4,欠,absent,濱田芽生,,,,,
7320251215010002,2,欠,absent,熊谷芽緯,,,,,
7320260120010001,5,欠,absent,枝村弘樹,,,,,
7320260120010004,4,欠,absent,川越宏臣,,,,,
7320260129010001,7,落,crash,岡田征陽,,,,,金子続接触
7320260129010001,8,落,crash,佐伯亮輔,,,,,鐘３逃接触
7320260129010001,9,失,disqualified,元砂勇雪,,,,,外帯線進入
7320260129010006,5,落,crash,福島武士,,,,,３半接触し
7320260129020003,3,失,disqualified,池田憲昭,,13.3,,,内側追抜き
7320260129030008,7,落,crash,村上博幸,,,,,打鐘で落車
7320260205010004,2,落,crash,木下章,,,,,
7320260205030002,2,欠,absent,笹川竜治,,,,,
7320260205030002,4,欠,absent,前島恭平,,,,,
7320260214010009,4,落,crash,北村信明,,,,,鐘３角接触
7320260214010009,5,落,crash,望月永悟,,,,,鐘３角接触
7320260214030008,5,欠,absent,石塚孝幸,,,,,
7320260301020006,4,落,crash,徳永泰粋,,,,,
7320260301020006,7,落,crash,秋葉大輔,,,,,
7320260310010003,3,欠,absent,阿部架惟都,,,,,急病当日欠
7320260310010009,3,落,crash,新田康仁,,,,,１半転倒し
7320260310010009,4,落,crash,荒澤貴史,,,,,新田に追突
7320260310020001,2,欠,absent,眞砂英作,,,,,急病当日欠
7320260310020001,4,欠,absent,喜納隆志,,,,,急病当日欠
7320260310020003,7,欠,absent,林昴,,,,,急病当日欠
7320260310020005,7,欠,absent,近藤誠二,,,,,急病当日欠
7320260310020006,5,欠,absent,宇野紅音,,,,,急病当日欠
7320260310020006,6,欠,absent,大和久保美,,,,,急病当日欠
7320260413010007,5,欠,absent,原田翔真,,,,,
7320260413030004,7,落,crash,中山敬太郎,,,,,
7320260420010003,4,失,disqualified,松丸裕紀,,,,,内側追抜き
7320260420030004,2,欠,absent,中岡海,,,,,
7320260513020006,3,落,crash,山崎泰己,,,,S,牽制接触し
7320260513020008,7,故,accident_finish,高橋雅之,,,,,切替え接触
7320260513030008,6,失,disqualified,佐川翔吾,,,,,
7320260625010003,4,欠,absent,森下忠夫,,,,,
8720240720010005,1,落,crash,浮島知稀,,,,,接触し落車
8720240720020007,1,落,crash,八谷誠賢,,,,S,追上捌かれ
8720240720020007,5,失,disqualified,兼本将太,,,,B,押上げ２失
8720240720020010,1,落,crash,橋本強,,,,,絡んで落車
8720240720020010,7,落,crash,島川将貴,,,,,競合で落車
8720240720020010,2,失,disqualified,上野優太,,,,S,押圧し４失
8720240720030005,4,失,disqualified,佐藤幸治,,,,B,
8720240720030006,4,欠,absent,田中大我,,,,,
8720240731010003,2,欠,absent,飯尾主税,,,,,
8720240731030001,4,落,crash,丸山啓一,,,,,
8720240731030001,5,落,crash,安谷屋将志,,,,,
8720240731030001,1,失,disqualified,小松剛之,,,,SB,
8720240827010005,2,落,crash,村松俊弥,,,,,
8720240827010005,1,失,disqualified,小野祐作,,,,S,
8720240827020003,2,落,crash,早坂道義,,,,S,
8720240827020003,3,落,crash,荘田竜斗,,,,,
8720240827020003,5,落,crash,椿佳友,,,,,
8720240827020003,7,落,crash,坂本英一,,,,,
8720240902030001,2,落,crash,熊崎麻人,,,,S,
8720240902030001,7,落,crash,樋口絢土,,,,,
8720240902030009,7,落,crash,柏野智典,,,,,
8720240902030009,1,失,disqualified,新田祐大,,,,,
8720240921010003,1,失,disqualified,境啓亨,,,,S,
8720240921030005,7,失,disqualified,大城慶之,,,,,
8720241003010001,8,失,disqualified,富武大,,,,,内線踏切り
8720241003010002,6,失,disqualified,小原唯志,,,,,内線踏切り
8720241003010003,9,落,crash,佐々木堅次,,,,,妨害受けて
8720241003010003,5,失,disqualified,武田亮,,,,B,３半斜行し
8720241003020001,2,落,crash,内山貴裕,,,,,仕事できず
8720241003020001,5,落,crash,野口大誠,,,,,市橋と共倒
8720241003020001,8,落,crash,片山智晴,,,,,不発ライン
8720241003030004,5,落,crash,竹内智彦,,,,,接触し落車
8720241024020007,5,落,crash,佐伯辰哉,,,,,
8720241024020007,6,落,crash,奥原亨,,,,,
8720241116010005,6,失,disqualified,片山大輔,,,,,
8720241116030001,4,欠,absent,古寺伸洋,,,,,
8720241206020008,1,落,crash,山本浩成,,,,,
8720241215030001,1,欠,absent,原清孝,,,,,
8720241215030004,7,欠,absent,白濱一平,,,,,
8720241223020012,6,落,crash,萱島大介,,,,,接触し落車
8720250118030011,3,落,crash,近藤夏樹,,,,,
8720250209010001,6,落,crash,西郷剛,,,,,
8720250209010001,1,失,disqualified,屋宜浩二,,,,,
8720250209030001,5,欠,absent,脇田良雄,,,,,
8720250209030004,2,失,disqualified,坂本智哉,,,,,
8720250216010005,1,落,crash,高井流星,,,,,
8720250216010005,3,落,crash,能代谷元,,,,,
8720250216010010,6,落,crash,吉川起也,,,,,
8720250216010010,7,落,crash,真崎新太郎,,,,,
8720250216010010,4,失,disqualified,元砂勇雪,,,,,
8720250216020003,2,落,crash,浅見隼,,,,SB,
8720250216020003,1,失,disqualified,小林史也,,,,,
8720250301010004,4,欠,absent,阿部功,,,,,
8720250407030001,2,失,disqualified,高橋朋恵,,,,,
8720250421010010,1,,unknown_exception,筒井敦史,,,,,未実施抽選
8720250421010010,3,,unknown_exception,佐々木堅次,,,,,未実施抽選
8720250421010010,4,,unknown_exception,竹山陵太,,,,,未実施抽選
8720250421010010,5,,unknown_exception,名川豊,,,,,未実施抽選
8720250421010010,6,,unknown_exception,奥村諭志,,,,,未実施抽選
8720250421010010,7,,unknown_exception,市橋司優人,,,,,未実施抽選
8720250421010010,2,欠,absent,岩谷拓磨,,,,,当日欠場
8720250421020004,3,落,crash,舘泰守,,,,,
8720250421020004,5,落,crash,奥出良,,,,,
8720250421020004,7,落,crash,川崎健次,,,,,
8720250421030010,7,失,disqualified,藤井栄二,,,,,
8720250502010001,5,落,crash,橋本勝弘,,,,,
8720250502010001,7,落,crash,冨岡健一,,,,,
8720250526020007,3,落,crash,日野博幸,,,,,
8720250526020007,7,失,disqualified,藤木裕,,,,,
8720250601010003,4,失,disqualified,渡辺馨,,,,,
8720250601010005,4,欠,absent,神田宏行,,,,,
8720250601020003,6,落,crash,梶原秀庸,,,,,
8720250601020004,5,失,disqualified,西島貢司,,,,,
8720250612030004,1,落,crash,高津晃治,,,,,
8720250625010011,7,欠,absent,金成和幸,,,,,当日欠場
8720250625020009,3,落,crash,新村穣,,,,,３角絡み落
8720250625020009,4,落,crash,川口満宏,,,,,乗上げ落車
8720250625030007,1,失,disqualified,佐藤壮,,,,,
8720250724020008,5,失,disqualified,中村良二,,,,,
8720250724020009,5,落,crash,邊見光輝,,,,,
8720250724030011,5,失,disqualified,大槇大介,,,,,
8720250730020001,6,失,disqualified,吉田勇気,,,,,
8720250730020005,1,落,crash,滝本泰行,,,,,
8720250818010005,2,落,crash,戸伏康夫,,,,,
8720250818010005,6,落,crash,瓦田勝也,,,,,
8720250917030001,3,落,crash,浦野慈生,,,,,
8720250917030001,5,落,crash,片山直人,,,,,
8720250928010009,2,落,crash,西田将士,,,,,接触し落車
8720250928010009,5,失,disqualified,近藤翔馬,,,,,内キメ落車
8720260127010007,1,落,crash,平尾一晃,,,,S,
8720260127010007,3,落,crash,大西祐,,,,,
8720260127010007,4,落,crash,宮本隼輔,,,,,
8720260127010007,7,落,crash,中本匠栄,,,,,
8720260127020005,1,故,accident_finish,曽我圭佑,,,,,
8720260127020012,1,落,crash,伊藤旭,,,,S,
8720260127020012,6,失,disqualified,久田裕也,,,,,
8720260203020003,3,落,crash,木村貴宏,,,,,
8720260203020003,7,落,crash,田川辰二,,,,,
8720260203020005,3,落,crash,木暮安由,,,,,
8720260220010002,9,失,disqualified,三谷竜生,,,,,捌きＢ捲上
8720260220030003,9,失,disqualified,永澤剛,,,,,内抜き失格
8720260220030008,6,落,crash,田尾駿介,,,,,乗り上げて
8720260220030008,9,落,crash,和田健太郎,,,,,赤板落車し
8720260220030008,4,失,disqualified,青野将大,,,,,赤板斜行し
8720260220030011,5,失,disqualified,嘉永泰斗,,,,B,捲り捲られ
8720260220040004,1,失,disqualified,桑原大志,,,,,
8720260220040008,5,落,crash,松谷秀幸,,,,,
8720260220040008,7,失,disqualified,守澤太志,,,,,
8720260220040009,9,落,crash,北津留翼,,,,,
8720260304010001,5,落,crash,岡崎克政,,,,,
8720260304010001,6,落,crash,赤星俊光,,,,,
8720260304010001,7,落,crash,隅田幸助,,,,,
8720260304020002,6,欠,absent,大窪輝之,,,,,
8720260320010006,2,故,accident_finish,久米詩,,,,B,
8720260320010008,2,失,disqualified,小川三士郎,,,,B,
8720260404010004,3,失,disqualified,藤縄洋介,,,,S,
8720260414010005,1,落,crash,仲松勝太,,,,S,
8720260414010005,3,失,disqualified,伊藤大彦,,,,,
8720260426010007,3,落,crash,山口貴弘,,,,,
8720260426030005,2,落,crash,紺野哲也,,,,,
8720260507020003,1,失,disqualified,神開一輝,,,,S,
8720260507020006,1,,unknown_exception,金成和幸,,,,,未実施抽選
8720260507020006,2,,unknown_exception,疋田力也,,,,,未実施抽選
8720260507020006,3,,unknown_exception,吉武信太朗,,,,,未実施抽選
8720260507020006,4,,unknown_exception,薦田将伍,,,,,未実施抽選
8720260507020006,5,,unknown_exception,伊藤勝太,,,,,未実施抽選
8720260507020006,6,,unknown_exception,神尾敬冬,,,,,未実施抽選
8720260507020006,7,欠,absent,児玉慎一郎,,,,,当日欠場
8720260507020010,1,落,crash,中村浩士,,,,,
8720260507020010,3,落,crash,渡辺十夢,,,,,
8720260529010009,1,落,crash,松本悠平,,,,S,
8720260529010009,5,落,crash,森田瑞基,,,,,
8720260529010009,6,落,crash,藤井凜太郎,,,,,
8720260529010009,7,落,crash,大村涼兼,,,,B,
8720260529010009,3,失,disqualified,横溝貫太,,,,,
8720260618020005,3,失,disqualified,大島将人,,,,,
8320230104010007,5,欠,absent,林明宏,,,,,当日欠場
8320230123020102,4,落,crash,長澤和光,,,,,
8320230123040006,1,落,crash,村上卓茂,,,,S,
8320230129020010,5,落,crash,高橋義秋,,,,,押上られ落
8320230129020010,7,落,crash,高橋紀史,,,,,落車に乗上
8320230129020010,4,失,disqualified,山崎泰己,,,,,押上げ失格
8320230218010003,3,欠,absent,小西晴己,,,,,当日欠場
8320230218020006,7,落,crash,山口貴弘,,,,,単騎好位も
8320230218020007,3,落,crash,和田誠寿,,,,,捲り併され
8320230301030007,2,落,crash,池田浩士,,,,,
8320230311020002,5,失,disqualified,木幡幸仁,,,,,
8320230401030007,1,欠,absent,野口裕史,,,,,
8320230427010002,3,落,crash,嶋津拓弥,,,,,乗上げ落車
8320230427010002,4,落,crash,八日市屋浩之,,,,,接触し落車
8320230427010002,6,失,disqualified,阿部兼士,,,,,押上げ７失
8320230427010008,3,落,crash,桶谷明誉,,,,,乗上げ落車
8320230427010008,1,失,disqualified,南修二,,,,,押上げ落失
8320230427010011,2,落,crash,児玉慎一郎,,,,,内突接触落
8320230427040010,1,故,accident_finish,菅田壱道,,,,,
8320230526020002,2,落,crash,榊原洋,,,,S,終２角接触
8320230526020002,5,落,crash,佐々木英之,,,,,前落車一緒
8320230624010004,6,落,crash,廣川泰昭,,,,,切替外併走
8320230624020003,1,落,crash,磯島成介,,,,S,中団内併走
8320230624020003,7,落,crash,青森伸也,,,,,鐘４角乗上
8320230624020003,9,落,crash,丸山直樹,,,,,鐘４角乗上
8320230624030005,1,落,crash,佐伯翔,,,,,前に乗上げ
8320230624030005,9,落,crash,黒沢征治,,,,,捲り追突し
8320230624030010,3,落,crash,小倉竜二,,,,,切替絡んで
8320230624030010,4,落,crash,阿部拓真,,,,S,追走阻まれ
8320230624030010,8,落,crash,中西大,,,,,捲り併され
8320230624040003,3,欠,absent,宮越孝治,,,,,
8320230624040005,5,欠,absent,表原周,,,,,
8320230624040011,2,落,crash,岩本俊介,,,,,
8320230624040011,4,落,crash,田中誠,,,,,
8320230624040011,3,失,disqualified,隅田洋介,,,,,
8320230710010001,7,落,crash,大林亮介,,,,,前離れ切替
8320230710010011,4,欠,absent,小宮剛,,,,,当日欠場
8320230710020008,6,失,disqualified,眞砂英作,,,,,早期追抜き
8320230710030008,5,失,disqualified,齋藤和伸,,,,,
8320230710030010,7,失,disqualified,篠崎新純,,,,S,
8320230802020002,2,欠,absent,増田夕華,,,,,
8320230802030004,1,落,crash,栗田雄矢,,,,S,
8320230821030009,2,落,crash,福島武士,,,,,
8320230915020002,4,失,disqualified,沖健一,,,,,内圏線踏切
8320231006010005,6,落,crash,和田禎嗣,,,,,前落車乗上
8320231006010005,8,落,crash,梁島邦友,,,,,内を掬われ
8320231006010006,4,落,crash,室井竜二,,,,,最後方踏遅
8320231006010006,9,落,crash,阿部拓真,,,,,２角手前落
8320231006010012,3,落,crash,嘉永泰斗,,,,,鐘４角落車
8320231006010012,4,落,crash,山田英明,,,,,前落車乗上
8320231006010012,2,失,disqualified,守澤太志,,,,S,番手で斜行
8320231006010012,6,失,disqualified,和田圭,,,,,赤板過ぎ落
8320231006020008,4,落,crash,山口貴嗣,,,,,打鐘で落車
8320231023010006,4,落,crash,平坂典也,,,,,
8320231023010006,5,失,disqualified,柴田了,,,,,
8320231029020003,1,落,crash,近藤雄太,,,,,
8320231029020003,5,失,disqualified,竹元太志,,,,,
8320231029030005,3,落,crash,屋宜浩二,,,,,
8320231029030005,4,落,crash,丸林一孝,,,,,
8320231211010011,7,落,crash,今野有樹,,,,,叩れ第２先
8320231211030004,3,落,crash,江本博明,,,,,
8320231219010009,4,落,crash,櫻井宏智,,,,,接触し落車
8320231219010009,7,落,crash,土井勲,,,,,絡んで落車
8320231224010001,3,落,crash,藤岡徹也,,,,,中団捲不発
8320231224010001,4,落,crash,鳥越靖弘,,,,,目標捲れず
8320231224020008,3,落,crash,今井聡,,,,,絡まれ落車
8320231224020008,1,失,disqualified,山口敦也,,,,,押圧し２失
8320231224020009,6,落,crash,野本翔太,,,,,絡まれ落車
8320231224020009,4,失,disqualified,高橋昇平,,,,,押上げ１失
8320240110020002,7,失,disqualified,平川公一,,,,,
8320240110030001,3,失,disqualified,高尾剛文,,,,,
8320240126020004,2,落,crash,井手健,,,,,目標が落車
8320240126020004,7,落,crash,河崎正晴,,,,,叩かれ詰り
8320240126030005,2,故,accident_finish,大洞翔平,,,,,
8320240209010009,1,落,crash,原井博斗,,,,,
8320240209020009,1,落,crash,和田禎嗣,,,,,
8320240209020009,7,落,crash,天野純平,,,,B,
8320240209020009,5,失,disqualified,吉岡伸太郎,,,,,
8320240225010006,3,欠,absent,真鍋智寛,,,,,当日欠場
8320240225010008,3,落,crash,横関裕樹,,,,S,捲れず併走
8320240225010008,5,落,crash,白戸淳太郎,,,,,目標が後手
8320240225030006,1,落,crash,小西晴己,,,,,
8320240225030006,4,落,crash,宮越孝治,,,,S,
8320240413030001,1,欠,absent,橋本勝弘,,,,,
8320240413030009,2,失,disqualified,小原丈一郎,,,,,
8320240426020004,1,欠,absent,熊谷芽緯,,,,,当日欠場
8320240503010009,4,落,crash,梶山裕次郎,,,,,接触し落車
8320240503020008,3,落,crash,高橋清太郎,,,,,不利受落車
8320240503020008,5,失,disqualified,田村裕也,,,,SB,斜行し失格
8320240710030008,6,失,disqualified,高津晃治,,,,,
8320240801020008,1,落,crash,松尾勇吾,,,,S,番手押圧受
8320240801020008,3,失,disqualified,小笠原光,,,,,捲れず外粘
8320240801020008,6,失,disqualified,原大智,,,,,初周で接触
8320240912030005,5,落,crash,阪本正和,,,,,
8320240912030005,7,落,crash,峯口司,,,,,
8320240912030005,6,失,disqualified,中原航大,,,,B,
8320240929020005,5,落,crash,阿部俊,,,,,絶好も落車
8320241006030002,4,失,disqualified,兵動秀治,,,,,
8320241021020004,1,失,disqualified,黒瀬浩太郎,,,,,早々接触落
8320241027010001,3,失,disqualified,鳥丸晃順,,,,,
8320241027010004,7,落,crash,村上清隆,,,,,
8320241027020003,4,落,crash,山本淳,,,,,
8320241227020003,5,落,crash,藤田剣次,,,,,
8320250102030003,4,欠,absent,吉川誠,,,,,
8320250116010009,4,落,crash,谷口幸司,,,,,接触し落車
8320250116010009,7,失,disqualified,武田哲二,,,,,離れ押込む
8320250116020012,4,落,crash,伊藤温希,,,,,接触し落車
8320250116020012,5,失,disqualified,大西貴晃,,,,,押圧し失格
8320250116030012,3,落,crash,山口龍也,,,,S,
8320250128020009,3,故,accident_finish,原口昌平,,,,,車輪接触し
8320250128020009,7,故,accident_finish,西田優大,,,,,車輪接触し
8320250301010005,7,欠,absent,田口勇介,,,,,当日欠場
8320250301010006,4,欠,absent,伊藤優里,,,,,当日欠場
8320250301010009,5,欠,absent,濱田浩司,,,,,当日欠場
8320250301020008,2,失,disqualified,渡邉一成,,,,,被り内踏み
8320250301020010,4,欠,absent,新村穣,,,,,当日欠場
8320250301030003,4,落,crash,越智展孝,,,,,
8320250301030003,7,落,crash,井上将志,,,,,
8320250310030011,5,落,crash,竹元健竜,,,,,
8320250628010011,2,失,disqualified,竹村勇祐,,,,,照井捲れず
8320250628020010,3,落,crash,宿口陽一,,,,,絡んで落車
8320250628020010,7,落,crash,松岡貴久,,,,,絡んで落車
8320250628030001,3,落,crash,畝木聖,,,,,追突落車し
8320250628030001,4,落,crash,齋藤登志信,,,,,落車巻込れ
8320250628030001,6,失,disqualified,曽我圭佑,,,,,接触落車し
8320250628040012,7,落,crash,松本貴治,,,,,
8320250628040012,5,失,disqualified,和田真久留,,,,,
8320250715020010,1,落,crash,山崎泰己,,,,S,バック接触
8320250715020011,1,失,disqualified,櫻木雄太,,,,,捲るも斜行
8320250801010007,2,落,crash,坂本周作,,,,,接触し落車
8320250801010007,7,失,disqualified,連佛康浩,,,,,押圧し失格
8320250801020004,4,落,crash,根本雄紀,,,,,接触し落車
8320250801020004,5,失,disqualified,桶谷明誉,,,,,押圧し失格
8320250827020007,5,失,disqualified,上野恭哉,,,,,
8320250827020007,4,故,accident_finish,宇根秀俊,,,,,
8320250827020008,2,失,disqualified,今野大輔,,,,,
8320251001020002,5,欠,absent,三登誉哲,,,,,当日欠場
8320251001030004,1,失,disqualified,伊藤嘉浩,,,,,
8320251116010003,1,失,disqualified,藤田和彦,,,,S,懸命続くも
8320251116010005,1,落,crash,小野祐作,,,,,終審前落車
8320251116010005,7,落,crash,秋山太洋,,,,,終審前落車
8320251116010005,2,故,accident_finish,三浦綾,,,,,車体故障で
8320251125020002,2,落,crash,田村浩章,,,,S,３半で接触
8320251125020002,7,落,crash,秋葉大輔,,,,,煽りを受け
8320251130020001,3,欠,absent,尾崎勝弘,,,,,当日欠場
8320251224020002,4,欠,absent,瀬口匠,,,,,当日欠場
8320260106030011,1,落,crash,小川賢人,,,,S,
8320260106030011,3,落,crash,松坂英司,,,,,
8320260123020007,3,落,crash,小林卓人,,,,S,
8320260123020007,6,落,crash,高橋陽介,,,,,
8320260201010005,6,失,disqualified,赤星俊光,,,,,
8320260217020003,1,落,crash,吉川起也,,,,,前半端捲上
8320260217020003,5,失,disqualified,長野魅切,,,,,外入し１失
8320260301010002,7,落,crash,布居大地,,,,,牽制受落車
8320260307010001,2,落,crash,西川弘資,,,,,
8320260307010001,4,落,crash,倉岡慎太郎,,,,,
8320260307010007,3,落,crash,谷口幸司,,,,,
8320260327020011,1,落,crash,武藤龍生,,,,,
8320260327020011,7,落,crash,山岸佳太,,,,,
8320260410010009,6,落,crash,金子真也,,,,,
8320260422020003,7,落,crash,田村浩章,,,,,
8320260501020001,3,欠,absent,高森圭介,,,,,
8320260501030003,2,失,disqualified,前川裕希,,,,S,
8320260517010001,4,失,disqualified,赤星俊光,,,,,
8320260517020003,1,落,crash,塚本貴雄,,,,,
8320260517020003,7,落,crash,米村光星,,,,,
8320260517030010,3,落,crash,板根茜弥,,,,,
8320260517030010,7,落,crash,中村鈴花,,,,S,
8320260517030010,4,失,disqualified,寺崎舞織,,,,,
8320260604010004,3,失,disqualified,山本伸一,,,,,押上げ落車
8320260604010006,4,落,crash,保科千春,,,,,接触し落車
8320260604020007,6,落,crash,山口泰生,,,,,接触し落車
8320260604020007,8,失,disqualified,川口満宏,,,,,外浮降りる
8320260604040006,1,落,crash,松谷秀幸,,,,,
8320260604040006,9,落,crash,香川雄介,,,,,
8320260622020005,5,落,crash,徳永泰粋,,,,,
2220230114010002,4,失,disqualified,小田桐義継,,,,,
2220230114010002,5,失,disqualified,落合豊,,,,,
2220230128030007,5,失,disqualified,竹村勇祐,,,,,
2220230201010009,5,欠,absent,矢野昌彦,,,,,
2220230201020004,1,失,disqualified,佐野恭太,,,,,
2220230201020007,3,落,crash,野村純宏,,,,,
2220230201020007,6,落,crash,飯島淳,,,,,
2220230201020007,7,落,crash,太田貴之,,,,,
2220230201020007,1,失,disqualified,伊藤成紀,,,,,
2220230201030003,5,落,crash,田中智也,,,,,
2220230210010010,6,失,disqualified,巴直也,,,,,内抜き失格
2220230210020011,6,失,disqualified,石井洋輝,,,,,内抜き失格
2220230210030002,4,落,crash,土屋仁,,,,,
2220230210030002,3,失,disqualified,井田晶之,,,,,
2220230210030008,1,落,crash,山口富生,,,,,
2220230210030012,2,失,disqualified,菅田壱道,,,,,
2220230215010001,5,失,disqualified,海野晃,,,,,
2220230215010002,5,落,crash,町田勝志,,,,S,
2220230215010002,7,失,disqualified,木村元信,,,,,
2220230224020002,3,落,crash,岡嵜浩一,,,,,接触し落車
2220230224020002,5,落,crash,片岡昌彰,,,,,接触し落車
2220230224020003,6,落,crash,川藤幸大,,,,,鐘で接触落
2220230224020004,2,失,disqualified,吉田雄三,,,,,流れ込みで
2220230224020009,5,落,crash,松山正和,,,,,乗り上げて
2220230224020009,7,落,crash,戸伏康夫,,,,,絡まれ落車
2220230224020009,1,失,disqualified,齋藤輝彦,,,,S,捌き失格し
2220230224030005,5,落,crash,加藤大輔,,,,,
2220230224030005,6,失,disqualified,藤本龍也,,,,,
2220230302010003,7,失,disqualified,内海雅夫,,,,,
2220230302020007,1,落,crash,松永将,,,,S,
2220230302020007,4,落,crash,岩崎将士,,,,,
2220230319020004,1,落,crash,渡邉正人,,,,,押込れ落車
2220230319020004,7,失,disqualified,松田優一,,,,S,押込み１失
2220230319020005,5,欠,absent,志村達也,,,,,当日欠場し
2220230329010008,2,落,crash,阪本正和,,,,,接触し落車
2220230329020002,5,落,crash,金子周一郎,,,,,追突し落車
2220230329020002,6,落,crash,小野俊之,,,,,接触落車し
2220230404020005,3,落,crash,土屋仁,,,,S,
2220230404020005,4,落,crash,佐藤明,,,,,
2220230419020006,2,落,crash,小室貴広,,,,,
2220230419020006,3,失,disqualified,渡辺聖,,,,,
2220230419020008,3,落,crash,小笠原昭太,,,,,
2220230419030005,3,落,crash,山本恵介,,,,,
2220230419030005,1,失,disqualified,高塩讓次,,,,,
2220230504020002,7,失,disqualified,山本晋平,,,,,
2220230504030005,1,欠,absent,城幸弘,,,,,
2220230511010003,2,落,crash,河野淳吾,,,,,
2220230511010003,4,落,crash,出口眞浩,,,,,
2220230511010003,5,失,disqualified,高桑由昇,,,,,
2220230517020003,1,欠,absent,飯尾主税,,,,,
2220230613020001,2,落,crash,高橋朋恵,,,,,
2220230613020001,3,落,crash,河内桜雪,,,,,
2220230613020007,3,落,crash,小川圭二,,,,,
2220230629010004,2,落,crash,稲村好将,,,,,接触落車し
2220230629010004,4,落,crash,阪本正和,,,,,接触落車し
2220230629020003,9,失,disqualified,牧剛央,,,,,牽制落車し
2220230629020006,7,落,crash,佐藤壮,,,,,赤板前落車
2220230629020007,8,落,crash,照井拓成,,,,,後手４角落
2220230629020010,9,落,crash,坂口晃輔,,,,,押込れ落車
2220230629020010,5,失,disqualified,佐藤慎太郎,,,,,離れ押圧失
2220230629030007,2,落,crash,佐々木眞也,,,,,前輪払われ
2220230629030007,9,落,crash,萩原孝之,,,,,乗上げ落車
2220230629030007,6,失,disqualified,磯川勝裕,,,,B,斜行し２失
2220230629040003,1,失,disqualified,山田雅之,,,,,
2220230710010009,2,落,crash,真田晃,,,,,
2220230710030001,7,失,disqualified,福田礼佳,,,,,
2220230710030008,3,落,crash,田中まい,,,,S,
2220230710030008,4,落,crash,荒川ひかり,,,,,
2220230710030008,7,落,crash,菅原ななこ,,,,,
2220230710030008,1,失,disqualified,荒牧聖未,,,,,
2220230728010003,1,落,crash,村上卓茂,,,,,接触し落車
2220230728010003,7,落,crash,吉田健市,,,,,捌れ内突落
2220230728010008,5,失,disqualified,五十嵐力,,,,,外振り後退
2220230728010012,1,失,disqualified,和田圭,,,,S,番手外張り
2220230818010009,3,落,crash,加藤圭一,,,,,目標に離れ
2220230818020003,1,落,crash,宇佐見優介,,,,S,妨害受落車
2220230818020003,3,落,crash,松崎貴久,,,,,煽り受落車
2220230818020003,5,失,disqualified,中野彰人,,,,,押上げ失格
2220230818030007,7,失,disqualified,佐々木省司,,,,S,
2220230828010001,4,落,crash,高橋佑輔,,,,,Ｇ前落車し
2220230828010007,5,失,disqualified,伊藤信,,,,B,妨害し２失
2220230828020011,2,故,accident_finish,小林泰正,,,,,車体故障し
2220230828030008,4,落,crash,笠松信幸,,,,S,
2220230828030008,7,落,crash,神田紘輔,,,,,
2220230916010012,7,欠,absent,長田龍拳,,,,,当日欠場
2220230916020002,4,欠,absent,三木翔太,,,,,当日病気欠
2220230916030007,3,失,disqualified,井上将志,,,,,
2220231008010012,1,落,crash,渋谷海,,,,,逃げ争いで
2220231008010012,6,落,crash,山崎泰己,,,,,目標が不発
2220231008020002,3,失,disqualified,柴田了,,,,,離れ内掬い
2220231014010004,1,失,disqualified,荒川達郎,,,,SB,
2220231014010004,4,失,disqualified,真船拓磨,,,,,
2220231023010005,2,落,crash,高橋由記,,,,,
2220231101010007,7,欠,absent,大澤哉太,,,,,
2220231101020004,3,落,crash,黒田充,,,,,
2220231101020004,7,落,crash,滝川秀嗣,,,,,
2220231107010002,1,落,crash,中島将尊,,,,,不利受落車
2220231107010002,5,失,disqualified,吉永和生,,,,,斜行し失格
2220231107010005,1,落,crash,合志正臣,,,,,踏み上げ落
2220231107010005,4,落,crash,谷口幸司,,,,,乗り上げて
2220231107030002,1,失,disqualified,福田拓也,,,,,
2220231117010001,2,落,crash,北沢勝弘,,,,,接触し落車
2220231117020012,7,失,disqualified,山本修平,,,,B,巻き返すも
2220231117030005,2,失,disqualified,成田可菜絵,,,,,
2220231123010005,6,失,disqualified,福間力,,,,,
2220231123010006,2,,unknown_exception,松本大地,,,,,
2220231123010006,3,,unknown_exception,升澤祥晃,,,,,
2220231123010006,4,,unknown_exception,内田淳,,,,,
2220231123010006,5,,unknown_exception,山田慎一郎,,,,,
2220231123010006,6,,unknown_exception,宮下潤,,,,,
2220231123010006,7,,unknown_exception,長谷隆志,,,,,
2220231123010006,1,欠,absent,峯口司,,,,,
2220240119020008,5,欠,absent,中山拓人,,,,,
2220240131020003,7,落,crash,中川拓也,,,,,
2220240218010005,4,落,crash,城戸俊潔,,,,,赤板前落車
2220240218010011,4,落,crash,二藤元太,,,,,切替え落車
2220240218010011,6,落,crash,和田誠寿,,,,,乗り上げて
2220240218020003,1,欠,absent,三浦雄大,,,,,当日欠場し
2220240218030007,2,失,disqualified,近藤俊明,,,,,
2220240225010006,4,落,crash,長岡豪,,,,,
2220240225010006,6,落,crash,井上典善,,,,,
2220240225010006,7,落,crash,山口直樹,,,,,
2220240225010006,5,失,disqualified,時松正,,,,,
2220240315010005,7,失,disqualified,巴直也,,,,,内抜き失格
2220240315010007,4,欠,absent,吉田りんご,,,,,当日欠場
2220240315020006,2,欠,absent,藤巻絵里佳,,,,,当日欠場
2220240315030006,7,失,disqualified,泉慶輔,,,,,
2220240329010004,5,落,crash,富安保充,,,,,落車し棄権
2220240329010004,2,失,disqualified,黒滝大翔,,,,,妨害し失格
2220240329010004,7,失,disqualified,木村健司,,,,,内圏線踏切
2220240329010005,3,欠,absent,井上将志,,,,,当日欠場し
2220240329010012,4,落,crash,城幸弘,,,,,早くに落車
2220240329020004,4,失,disqualified,佐藤裕輝,,,,,内抜き失格
2220240404020002,3,失,disqualified,玉木英典,,,,,
2220240404020007,2,落,crash,野崎翼,,,,,
2220240404020007,1,失,disqualified,治田知也,,,,SB,
2220240404030001,3,失,disqualified,青木亮太,,,,,
2220240404030005,1,落,crash,加藤正法,,,,,
2220240404030005,3,落,crash,西島貢司,,,,,
2220240404030005,7,落,crash,亀井道佳,,,,,
2220240414010003,2,落,crash,高橋京治,,,,,落車し棄権
2220240414030001,4,欠,absent,町田勝志,,,,,
2220240414030005,4,落,crash,出口倫子,,,,,
2220240501010002,1,落,crash,水書義弘,,,,,
2220240501010002,3,落,crash,塚本和宏,,,,,
2220240523010003,2,故,accident_finish,本間慎吾,,,,,
2220240523010006,7,失,disqualified,舟元権造,,,,,
2220240523020002,7,失,disqualified,中山敬太郎,,,,,
2220240523030005,3,落,crash,佐野恭太,,,,S,
2220240523030005,4,落,crash,山城光央,,,,,
2220240601010011,5,失,disqualified,恩田淳平,,,,,好位も失格
2220240601020009,7,落,crash,簗田一輝,,,,,２周半前落
2220240816010003,4,落,crash,小坂敏之,,,,,内入り落車
2220240816010003,5,落,crash,水本博行,,,,,挟まれ落車
2220240816010010,3,落,crash,仁藤秀,,,,,打鐘で落車
2220240816010010,4,失,disqualified,佐藤一伸,,,,,追上げ押圧
2220240816020005,7,失,disqualified,松田優一,,,,,内突き失格
2220240816020006,1,失,disqualified,小笠原光,,,,SB,先頭員妨害
2220240901010012,5,欠,absent,小林泰正,,,,,当日欠場し
2220240901020008,5,落,crash,小島歩,,,,,競り負け落
2220240901020008,6,落,crash,吉田健市,,,,,追い上げ落
2220240901020010,6,失,disqualified,山本修平,,,,SB,叩き捲られ
2220240901030011,4,落,crash,鈴木謙二,,,,,
2220240901030012,4,落,crash,谷口遼平,,,,,
2220240901030012,5,失,disqualified,阿部拓真,,,,S,
2220240914010004,3,失,disqualified,林修平,,,,,外競り敗れ
2220240914010012,1,落,crash,加藤圭一,,,,,番手戦切替
2220240914010012,6,落,crash,櫻井丈,,,,,アンコ落車
2220240914020002,2,落,crash,清水吉康,,,,,打鐘で接触
2220240914020002,6,落,crash,片山大輔,,,,,打鐘で接触
2220241111010007,7,失,disqualified,岡村育子,,,,,後方のまま
2220241111030006,2,失,disqualified,藤井孝則,,,,,
2220241111030007,5,欠,absent,外崎一成,,,,,
2220241204020003,6,失,disqualified,峯口司,,,,,単騎で苦戦
2220241221010002,3,失,disqualified,等々力久就,,,,,
2220250101010001,2,落,crash,安藤宜明,,,,,乗り上げて
2220250101010001,3,落,crash,本田拓也,,,,S,併走落車し
2220250101010001,4,失,disqualified,夏目新吾,,,,,番手飛付き
2220250123020003,5,失,disqualified,真船拓磨,,,,,
2220250131010005,2,落,crash,三宅裕武,,,,,早々に落車
2220250205010005,4,失,disqualified,大高彰馬,,,,,
2220250205010008,3,落,crash,中曽直彦,,,,,
2220250205010008,5,落,crash,渡邉直弥,,,,,
2220250214010006,2,欠,absent,佐藤清之,,,,,
2220250222010008,4,落,crash,浦川尊明,,,,,落車し棄権
2220250222020004,3,落,crash,加藤大輔,,,,,落車し棄権
2220250222020004,4,落,crash,松本定,,,,,落車し棄権
2220250222020004,6,落,crash,升澤祥晃,,,,,落車し棄権
2220250222030005,1,欠,absent,泉慶輔,,,,,
2220250304030002,1,失,disqualified,泉文人,,,,SB,
2220250304030002,2,失,disqualified,野木義規,,,,,
2220250321010003,1,落,crash,伊狩知人,,,,,接触し落車
2220250321020001,2,落,crash,富澤洋祐,,,,,押し込まれ
2220250321020001,3,失,disqualified,廣川貞治,,,,,押圧し失格
2220250321030010,5,失,disqualified,中村龍吉,,,,S,
2220250327020008,7,落,crash,小林潤二,,,,,絡みＨ落車
2220250327020008,2,故,accident_finish,蕗澤鴻太郎,,,,,カマシ不発
2220250327020012,1,失,disqualified,岡田征陽,,,,S,斜行し落車
2220250327030005,4,落,crash,丸山貴秀,,,,,妨害受落車
2220250327030005,5,失,disqualified,渡邉豪大,,,,,斜行し落車
2220250327030008,2,落,crash,岡田泰地,,,,,接触し落車
2220250327030008,9,落,crash,神田紘輔,,,,,接触し落車
2220250327030008,5,失,disqualified,新山将史,,,,,押上げ失格
2220250327030012,9,落,crash,岡村潤,,,,,外振掬われ
2220250410010011,1,落,crash,渡邉雄太,,,,S,内併走落車
2220250410010011,5,失,disqualified,滝本幸正,,,,,追上げ失格
2220250410020005,5,失,disqualified,石川雅望,,,,,過失走行で
2220250604020005,2,落,crash,大谷靖茂,,,,,
2220250604020005,4,落,crash,宮内善光,,,,S,
2220250604020005,6,落,crash,伊藤温希,,,,,
2220250604020005,7,落,crash,八嶋稔真,,,,B,
2220250626010003,1,落,crash,倉野隆太郎,,,,,落車し棄権
2220250626010003,4,落,crash,田村真広,,,,,落車し棄権
2220250626010003,5,落,crash,鮒田博文,,,,,落車し棄権
2220250702010006,6,欠,absent,成田可菜絵,,,,,当日欠場し
2220250702020003,3,落,crash,相川巧,,,,,１半落車し
2220250702020003,5,落,crash,重一徳,,,,,１半落車し
2220250702020010,3,欠,absent,北野良栄,,,,,当日欠場し
2220250803010002,6,落,crash,櫻川雅彦,,,,,
2220250803010002,3,失,disqualified,山田雅之,,,,,
2220250803020002,6,落,crash,若林耕司,,,,,
2220250803020002,7,落,crash,樫村伸平,,,,,
2220250803020006,2,落,crash,鹿内翔,,,,,
2220250812030006,3,落,crash,出澤拓也,,,,,
2220250818010008,5,落,crash,佐野恭太,,,,,
2220250818010008,6,落,crash,大西健士,,,,,
2220250818020005,2,落,crash,谷口幸司,,,,,
2220250818020005,3,失,disqualified,田原宥明,,,,,
2220250818020006,1,落,crash,志佐明,,,,,
2220250818020006,3,失,disqualified,宇根秀俊,,,,,
2220250818030004,1,欠,absent,谷口幸司,,,,,
2220250824010005,3,欠,absent,飯塚直人,,,,,
2220250824010005,5,落,crash,取鳥敬一,,,,,
2220250824010005,7,落,crash,森下忠夫,,,,,
2220250824010007,2,落,crash,吉松賢二,,,,,
2220250824010007,5,落,crash,吉川誠,,,,,
2220250824030003,4,欠,absent,白木正彦,,,,,
2220250901010005,2,落,crash,平子結菜,,,,,絡んで落車
2220250901010005,7,落,crash,川原未紀,,,,,絡んで落車
2220250930020002,1,故,accident_finish,齋藤友幸,,,,,
2220250930030001,2,落,crash,山中崇弘,,,,S,
2220250930030001,4,落,crash,穴井利久,,,,,
2220250930030001,5,落,crash,宗景祐樹,,,,,
2220250930030006,3,落,crash,山本恵介,,,,,
2220251015010002,2,欠,absent,松井優佳,,,,,
2220251023010001,9,失,disqualified,佐々木眞也,,,,,追上捲れず
2220251023010002,4,失,disqualified,山本伸一,,,,,内入り失格
2220251023010004,1,落,crash,浅井康太,,,,,中突き落車
2220251023010004,4,落,crash,大森慶一,,,,S,挟まれ落車
2220251023010004,9,失,disqualified,和田健太郎,,,,,中伸びたが
2220251023010006,7,失,disqualified,小川真太郎,,,,S,詰まり後退
2220251023010012,4,落,crash,松浦悠士,,,,,打鐘で落車
2220251023010012,3,失,disqualified,郡司浩平,,,,,内決め失格
2220251023020002,9,落,crash,神田紘輔,,,,,締められ落
2220251023020002,7,失,disqualified,村上博幸,,,,,踏み上げも
2220251023020006,3,落,crash,岸田剛,,,,,赤板前落車
2220251023020006,4,落,crash,福永大智,,,,S,乗り上げて
2220251023020006,8,落,crash,椎木尾拓哉,,,,,乗り上げて
2220251023020006,5,失,disqualified,和田真久留,,,,,外振り落車
2220251023020007,7,落,crash,阿竹智史,,,,,乗り上げて
2220251023020007,8,落,crash,川口聖二,,,,,乗り上げて
2220251023020010,1,欠,absent,松浦悠士,,,,,当日欠場
2220251023030011,5,欠,absent,脇本雄太,,,,,当日欠場
2220251023040006,8,落,crash,須永優太,,,,,
2220251023040006,2,失,disqualified,守澤太志,,,,,
2220251023040008,3,失,disqualified,森田優弥,,,,,
2220251023040008,5,失,disqualified,成田和也,,,,,
2220251124010007,5,落,crash,谷口明正,,,,,
2220251124010007,6,失,disqualified,高橋雅之,,,,,
2220251124030001,4,欠,absent,高橋健太,,,,,
2220251208010001,6,落,crash,瓦田勝也,,,,,中団接触落
2220251208020005,6,欠,absent,米澤大輔,,,,,当日欠場
2220251208020011,2,落,crash,櫻井祐太郎,,,,,絡んで落車
2220251208020011,4,落,crash,貴志修己,,,,,絡んで落車
2220251208030005,6,落,crash,坂本周作,,,,,
2220251213010005,3,失,disqualified,中野咲,,,,,内踏み失格
2220251218020001,6,落,crash,藤巻絵里佳,,,,,
2220251218020001,5,失,disqualified,伊藤柚姫,,,,,
2220251227010002,3,欠,absent,畠山ひすい,,,,,
2220251227010008,1,,unknown_exception,佐々木亮太,,,,,
2220251227010008,3,,unknown_exception,山田義彦,,,,,
2220251227010008,4,,unknown_exception,山本修平,,,,,
2220251227010008,5,,unknown_exception,大関祐也,,,,,
2220251227010008,6,,unknown_exception,山崎悟,,,,,
2220251227010008,7,,unknown_exception,水野悟志,,,,,
2220251227010008,2,欠,absent,宇佐見裕輝,,,,,
2220251227030009,3,失,disqualified,菊地圭,,,,SB,
2220251227030009,7,故,accident_finish,西村剛,,,,,
2220260102010004,3,失,disqualified,渡邊颯太,,,,,
2220260102010004,4,故,accident_finish,中川飛隆,,,,,
2220260119020001,5,欠,absent,青木亮太,,,,,当日欠場
2220260119020010,5,落,crash,小川達也,,,,,乗り上げ落
2220260119020010,6,落,crash,藤井稜也,,,,,離れ落車し
2220260119020010,7,落,crash,長井優斗,,,,,挟まれ落車
2220260119020010,2,失,disqualified,加藤圭一,,,,,追上げ失格
2220260207010009,2,失,disqualified,藤井栄二,,,,S,
2220260207020005,4,失,disqualified,奥出良,,,,B,
2220260207030003,7,失,disqualified,大内達也,,,,,
2220260207030004,1,欠,absent,齋藤友幸,,,,,
2220260207030007,4,失,disqualified,中村翔平,,,,,
2220260225020002,1,落,crash,山口幸太郎,,,,,ＨＳで接触
2220260225030002,1,落,crash,伊藤大理,,,,S,
2220260225030002,5,失,disqualified,堂村知哉,,,,,
2220260307010007,5,欠,absent,飯塚隼人,,,,,当日欠場
2220260307010008,4,失,disqualified,伊藤太一,,,,,前離れ押圧
2220260307030002,6,欠,absent,永山英司,,,,,
2220260307030010,4,落,crash,岩元杏奈,,,,,
2220260320010009,5,失,disqualified,山田駿斗,,,,,叩かれ接触
2220260320030002,1,欠,absent,小柳智徳,,,,,
2220260422010012,3,落,crash,志智俊夫,,,,,３半煽受け
2220260422010012,5,落,crash,山形一気,,,,,牽制接触し
2220260526020007,6,欠,absent,一ノ瀬貴将,,,,,当日欠場
2220260526030002,7,失,disqualified,畠山裕行,,,,,
2220260526030009,5,落,crash,井上将志,,,,,
2220260526030010,4,落,crash,川原未紀,,,,,
2220260526030010,6,落,crash,松本詩乃,,,,S,
2220260603020005,1,失,disqualified,菅谷隆司,,,,,
2220260603020006,5,落,crash,橋本紀彰,,,,,
2220260609030012,4,失,disqualified,山口敦也,,,,,
3120230105010007,6,欠,absent,海野敦男,,,,,
3120230105010007,7,欠,absent,坂田学,,,,,
3120230105010007,4,失,disqualified,高峰賢治,,,,S,
3120230105020003,5,失,disqualified,望月紀男,,,,,
3120230105020005,1,落,crash,宮司周郎,,,,S,
3120230105020005,6,落,crash,大泉英則,,,,,
3120230117010004,1,欠,absent,泉谷直哉,,,,,当日欠場
3120230117010009,4,落,crash,甲斐康昭,,,,,接触し落車
3120230117010009,6,落,crash,後藤彰仁,,,,,前不発切替
3120230117010009,1,失,disqualified,山本勝利,,,,,捲り進まず
3120230117010009,7,失,disqualified,武藤篤弘,,,,,内突き伸び
3120230130010004,2,失,disqualified,杉山剛,,,,,斜行失格し
3120230205010003,3,失,disqualified,法月成祐,,,,,赤板過落車
3120230205030001,5,失,disqualified,徳永真一,,,,,
3120230205030007,2,落,crash,山本巨樹,,,,,
3120230205030007,4,落,crash,藤井侑吾,,,,,
3120230205030007,5,落,crash,白岩大助,,,,S,
3120230205030007,6,落,crash,須藤誠,,,,,
3120230205030007,7,落,crash,大塚英伸,,,,,
3120230205030007,1,失,disqualified,田口勇介,,,,,
3120230217010001,3,失,disqualified,小峰一貴,,,,,押圧し失格
3120230217010005,6,失,disqualified,進藤浩行,,,,,内抜き失格
3120230217020004,1,落,crash,堀航輝,,,,S,妨害受けて
3120230217020004,7,落,crash,浦崎貴史,,,,,前落車乗上
3120230217020004,2,失,disqualified,郷坪和博,,,,,押上げ失格
3120230223020002,1,落,crash,齋藤明,,,,S,４角で接触
3120230223030010,2,落,crash,遠藤勝行,,,,,
3120230223030010,6,落,crash,夏目新吾,,,,,
3120230223030010,1,失,disqualified,疋田力也,,,,B,
3120230223030012,5,落,crash,尾形鉄馬,,,,,
3120230223030012,4,失,disqualified,出澤拓也,,,,,
3120230322010005,1,欠,absent,栗林巧,,,,,当日欠場
3120230322020007,1,落,crash,和田禎嗣,,,,S,接触し落車
3120230322020007,2,失,disqualified,今岡徹二,,,,,外入し失格
3120230322030005,1,落,crash,成清謙二郎,,,,,
3120230322030005,5,失,disqualified,菊池竣太朗,,,,,
3120230322030005,4,故,accident_finish,石井洋輝,,,,S,
3120230401010002,7,落,crash,吉澤賢,,,,,
3120230401010002,3,失,disqualified,尾崎勝弘,,,,,
3120230401020002,3,欠,absent,片山大輔,,,,,
3120230401030003,2,落,crash,福田博,,,,,
3120230401030003,4,落,crash,大河原和彦,,,,,
3120230401030003,5,落,crash,吉竹雄城,,,,,
3120230401030003,7,失,disqualified,須々田大昇,,,,,
3120230410010006,5,失,disqualified,戸田瑞姫,,,,,斜行し失格
3120230410010012,5,落,crash,松本貴治,,,,,乗上げ落車
3120230410010012,6,落,crash,横山尚則,,,,,接触し落車
3120230410010012,2,失,disqualified,成田和也,,,,,斜行し失格
3120230410020004,2,落,crash,宮内善光,,,,,Ｂ過ぎ接触
3120230410020004,5,落,crash,菅田謙仁,,,,S,接触し落車
3120230410020010,5,落,crash,岸澤賢太,,,,,押圧されて
3120230410020010,6,失,disqualified,桶谷明誉,,,,,押圧し失格
3120230410020011,1,失,disqualified,池田憲昭,,,,,内抜き失格
3120230410020011,2,失,disqualified,中田健太,,,,,斜行し失格
3120230428010005,4,欠,absent,藤野一良,,,,,
3120230428030002,1,落,crash,梅山英樹,,,,,
3120230520010004,5,欠,absent,中澤孝之,,,,,当日欠場
3120230520010010,6,落,crash,小林信晴,,,,,前落車乗上
3120230520010010,2,失,disqualified,伊代野貴照,,,,,赤板前落車
3120230526010002,7,失,disqualified,望月裕一郎,,,,,妨害し失格
3120230526010005,3,落,crash,米嶋恵介,,,,,スリップし
3120230526010005,4,落,crash,長井優斗,,,,,車体接触し
3120230526010005,6,落,crash,曽我圭佑,,,,,乗上げ落車
3120230526010008,6,落,crash,神尾敬冬,,,,,打鐘過落車
3120230526010008,7,落,crash,楠本政明,,,,,前落車追突
3120230526030011,6,落,crash,金田舞夏,,,,,
3120230526030012,1,落,crash,山田駿斗,,,,,
3120230526030012,2,落,crash,荒川達郎,,,,,
3120230526030012,4,落,crash,小笠原一真,,,,,
3120230601010001,5,落,crash,片山大輔,,,,,
3120230601030001,6,欠,absent,竹下翔,,,,,
3120230614010001,3,欠,absent,菅原洋輔,,,,,当日欠場
3120230614010001,5,失,disqualified,山城光央,,,,,鐘で切替え
3120230614010011,5,落,crash,末廣快理,,,,,３半接触し
3120230614030010,6,落,crash,須々田大昇,,,,,
3120230614030010,7,落,crash,猪野泰介,,,,,
3120230627010008,3,落,crash,中村一将,,,,,内差し接触
3120230627010008,6,落,crash,坂上忠克,,,,S,落車乗上げ
3120230704020004,4,失,disqualified,山田駿斗,,,,B,
3120230704030007,3,落,crash,小佐野文秀,,,,,
3120230704030007,5,失,disqualified,田原宥明,,,,,
3120230727010001,5,失,disqualified,市川博章,,,,,遅れ捌かれ
3120230727010002,6,落,crash,塚本諭,,,,,接触し落車
3120230727010002,3,失,disqualified,高野輝彰,,,,,斜行し失格
3120230727010003,1,失,disqualified,佐藤拓哉,,,,,後方のまま
3120230826010005,6,失,disqualified,猪俣康一,,,,,内抜き失格
3120230826020004,7,落,crash,網谷竜次,,,,,乗り上げて
3120230826020004,5,失,disqualified,伊勢崎彰大,,,,,絡んで落車
3120230826020006,1,失,disqualified,高原仁志,,,,,押圧し失格
3120230826030005,6,失,disqualified,星野辰也,,,,,内抜き失格
3120230908030002,3,落,crash,菊池崇訓,,,,S,
3120230908030002,7,落,crash,片岡昌彰,,,,,
3120230924010010,4,落,crash,川越勇星,,,,,鐘過ぎ落車
3120230924010010,5,落,crash,武井大介,,,,,前落車接触
3120230924010011,2,欠,absent,蕗澤鴻太郎,,,,,当日欠場
3120230924030010,6,落,crash,能代谷元,,,,,
3120230924030010,1,失,disqualified,櫻井正孝,,,,S,
3120231002020002,3,欠,absent,鈴木咲香,,,,,当日欠場
3120231002020008,7,落,crash,佐伯智恵,,,,,４角で落車
3120231020010004,6,落,crash,小田桐義継,,,,,
3120231020010004,7,落,crash,池上孝之,,,,,
3120231020010004,2,失,disqualified,竜門孝宗,,,,,
3120231020020003,6,失,disqualified,鈴木康平,,,,,
3120231020030004,6,欠,absent,飯田威文,,,,,
3120231025010004,4,落,crash,富澤洋祐,,,,,接触し落車
3120231025010004,1,失,disqualified,會澤龍,,,,,不注意走行
3120231025010004,3,失,disqualified,馬場和広,,,,,押上げ失格
3120231025010012,4,落,crash,横山尚則,,,,,接触し落車
3120231025010012,1,失,disqualified,鈴木庸之,,,,S,押上げ失格
3120231025020010,4,落,crash,大川龍二,,,,,Ｂ過ぎ落車
3120231025030012,7,失,disqualified,芦澤辰弘,,,,,
3120231108010007,3,欠,absent,國廣哲治,,,,,
3120231108020002,1,落,crash,太田貴之,,,,,
3120231108020002,4,落,crash,高尾剛文,,,,,
3120231121020007,3,落,crash,加藤圭一,,,,,４角落車し
3120231121020007,4,失,disqualified,中川貴徳,,,,,捲られ振り
3120231121030005,5,失,disqualified,天田裕輝,,,,,
3120231226010008,1,失,disqualified,橋本智昭,,,,,
3120231226010009,1,落,crash,高橋和也,,,,S,
3120231226010009,5,落,crash,村田雅一,,,,,
3120231226010012,4,失,disqualified,中田健太,,,,,
3120240123010001,1,落,crash,渡邊颯太,,,,,牽制し接触
3120240123020002,1,失,disqualified,橋本宇宙,,,,SB,内側追抜失
3120240123020005,5,失,disqualified,大崎智久,,,,,前だけ届く
3120240123030010,2,失,disqualified,安部貴之,,,,,
3120240128030007,3,失,disqualified,真田晃,,,,,
3120240128030009,4,落,crash,谷田泰平,,,,,
3120240128030009,2,失,disqualified,小原唯志,,,,,
3120240210020002,7,落,crash,小原伸哉,,,,,３半で落車
3120240210020006,5,欠,absent,萩原瑞生,,,,,当日欠場
3120240401020005,2,落,crash,三谷政史,,,,,
3120240401020005,3,落,crash,渡辺航平,,,,,
3120240511010004,5,落,crash,小宮剛,,,,,
3120240511010004,1,失,disqualified,井寺亮太,,,,S,
3120240511030008,2,失,disqualified,太田瑛美,,,,,
3120240511030009,2,失,disqualified,佐藤健太,,,,,
3120240527020009,4,落,crash,鈴木雄一朗,,,,,不利受落車
3120240527020009,5,失,disqualified,湯浅大輔,,,,,斜行し失格
3120240527020012,5,落,crash,柿沼信也,,,,,岡部絡まれ
3120240527020012,1,失,disqualified,岡部芳幸,,,,S,押上げ３失
3120240610030003,4,失,disqualified,榊原洋,,,,S,
3120240621010004,3,欠,absent,高田誠,,,,,当日欠場
3120240621020010,5,失,disqualified,加藤大輔,,,,,内側追抜き
3120240713010006,2,落,crash,坂井洋,,,,,早々に落車
3120240713010006,6,落,crash,武田豊樹,,,,,赤板前落車
3120240713020008,2,落,crash,吉澤純平,,,,,接触し落車
3120240713020008,4,落,crash,岡崎智哉,,,,,３半で接触
3120240713020009,6,落,crash,恩田淳平,,,,,前落車乗上
3120240713020009,8,落,crash,中田健太,,,,,スリップし
3120240713020012,6,落,crash,伊藤颯馬,,,,,鐘過ぎ落車
3120240713030006,3,落,crash,山田久徳,,,,S,
3120240713030006,7,落,crash,三谷竜生,,,,,
3120240801010001,6,落,crash,中村一将,,,,,ホーム前落
3120240801010001,9,失,disqualified,田中誠,,,,,押圧失格し
3120240801010001,7,故,accident_finish,佐々木眞也,,,,,絡んで失速
3120240801010003,7,落,crash,今藤康裕,,,,,４角落車し
3120240801010003,2,失,disqualified,渡邉雅也,,,,,仕事失格し
3120240801010004,4,落,crash,吉田健市,,,,,落車し棄権
3120240801010004,5,落,crash,佐藤壮,,,,,落車し棄権
3120240801010006,6,落,crash,三谷政史,,,,,絡んで落車
3120240801010006,7,落,crash,久米良,,,,,絡んで落車
3120240801010010,2,失,disqualified,志智俊夫,,,,S,絶好も失格
3120240801010010,3,故,accident_finish,朝倉智仁,,,,,車体故障し
3120240801020002,4,失,disqualified,鷲田佳史,,,,,外振り失格
3120240801020007,1,故,accident_finish,阿部大樹,,,,,接触後退し
3120240801030012,2,落,crash,河村雅章,,,,,内追上げ落
3120240801030012,7,落,crash,武田豊樹,,,,,乗り上げて
3120240918020008,1,落,crash,太刀川一成,,,,S,
3120241015010003,1,落,crash,藤井準也,,,,,
3120241015010006,2,落,crash,伊藤温希,,,,,
3120241022010002,1,失,disqualified,遠澤健二,,,,S,
3120241022020001,2,欠,absent,渡辺福太郎,,,,,
3120241022030001,5,欠,absent,中畑利英,,,,,
3120241030010007,3,欠,absent,神澤瑛菜,,,,,当日欠場
3120241030020009,2,落,crash,土屋壮登,,,,,接触し落車
3120241030020009,4,故,accident_finish,野口裕史,,,,,接触し故障
3120241030030007,2,欠,absent,鷲田幸司,,,,,
3120241105010002,5,落,crash,浦野慈生,,,,,
3120241105010002,6,落,crash,山本天平,,,,,
3120241105030006,1,落,crash,飯田憲司,,,,S,
3120241105030006,7,落,crash,勝部貴博,,,,,
3120241114020006,5,落,crash,飯田辰哉,,,,,
3120241114020006,4,失,disqualified,川口満宏,,,,,
3120241125010003,7,落,crash,増田仁,,,,S,接触落車し
3120241125010005,3,失,disqualified,山本恵介,,,,,好位なくて
3120241125010008,5,落,crash,北野武史,,,,,自ら捲るも
3120241125010008,2,失,disqualified,竹村勇祐,,,,,別線を止め
3120241125010010,4,落,crash,小堺浩二,,,,,前が離れて
3120241125010010,1,失,disqualified,西岡正一,,,,,南に離れて
3120241125020007,5,欠,absent,岡村育子,,,,,当日欠場で
3120241125030003,1,落,crash,高橋佑輔,,,,,
3120241125030003,3,落,crash,木村幸希,,,,,
3120241125030003,6,落,crash,鈴木広人,,,,,
3120241125030009,6,落,crash,津村洸次郎,,,,S,
3120241125030009,7,失,disqualified,柿沼信也,,,,,
3120241216030003,3,欠,absent,宮下貴之,,,,,
3120241216030011,4,落,crash,台和紀,,,,,
3120241224020002,5,欠,absent,三浦綾,,,,,
3120241224030001,6,欠,absent,安坂洋一,,,,,
3120250104010005,4,失,disqualified,西郷剛,,,,,飛び付かれ
3120250104010005,3,故,accident_finish,沼川夢久,,,,,絡まれ後退
3120250104030002,7,落,crash,奥山雅士,,,,,
3120250104030002,3,失,disqualified,伊狩知人,,,,,
3120250129010009,7,失,disqualified,佐藤悦夫,,,,,
3120250129020007,3,落,crash,吉竹尚城,,,,,
3120250129020007,5,落,crash,竹元健竜,,,,,
3120250129020007,4,失,disqualified,金野俊秋,,,,,
3120250225010005,1,失,disqualified,渡辺航平,,,,,初周内抜き
3120250327010006,4,落,crash,山本健也,,,,,絡んで落車
3120250327010006,5,失,disqualified,金子幸央,,,,,斜行し３失
3120250327030001,2,失,disqualified,植草亮介,,,,,
3120250416010003,3,失,disqualified,和泉田喜一,,,,,
3120250416020004,5,落,crash,坂本佳憲,,,,,
3120250416020009,2,落,crash,山田幸司,,,,,
3120250416030001,4,欠,absent,木下章,,,,,
3120250422010001,4,落,crash,梶山大輔,,,,,離れ落車し
3120250422010010,5,落,crash,大内達也,,,,,接触し落車
3120250422010010,7,落,crash,岩井芯,,,,,接触し落車
3120250422020001,6,失,disqualified,北沢勝弘,,,,,流れ乗れず
3120250422020003,2,落,crash,望月裕一郎,,,,,接触し落車
3120250422020003,3,失,disqualified,近藤圭佑,,,,,外帯線内入
3120250422030005,2,,unknown_exception,上田隼,,,,,
3120250422030005,3,,unknown_exception,須永勝太,,,,,
3120250422030005,4,,unknown_exception,渡邉直弥,,,,,
3120250422030005,5,,unknown_exception,鮒田博文,,,,,
3120250422030005,6,,unknown_exception,平川雅晃,,,,,
3120250422030005,7,,unknown_exception,野木義規,,,,,
3120250422030005,1,欠,absent,佐藤清之,,,,,
3120250601030005,7,故,accident_finish,渡邉直弥,,,,S,
3120250616020004,4,失,disqualified,藤原悠斗,,,,,⑤押し上げ
3120250616020008,6,落,crash,今藤康裕,,,,S,落車巻込れ
3120250616020008,3,失,disqualified,吉田敏洋,,,,,過失走行で
3120250616020008,7,故,accident_finish,金子幸央,,,,,飛付かれて
3120250707020001,5,欠,absent,平石浩之,,,,,当日欠場
3120250707030011,1,失,disqualified,鈴木奈央,,,,,
3120250720020001,3,欠,absent,永山英司,,,,,当日欠場
3120250727010003,2,落,crash,塩川真一郎,,,,,
3120250727010006,5,失,disqualified,武田和也,,,,,
3120250823010008,7,落,crash,青森伸也,,,,,接触し落車
3120250823010008,9,落,crash,佐藤礼文,,,,S,早め内降り
3120250823010009,2,落,crash,山田英明,,,,,乗上げ落車
3120250823010009,6,落,crash,鈴木謙二,,,,,妨害受落車
3120250823010009,7,落,crash,松岡辰泰,,,,,乗上げ落車
3120250823010009,8,落,crash,渡辺正光,,,,,乗上げ落車
3120250823010009,5,失,disqualified,保科千春,,,,,押圧し失格
3120250823030008,7,落,crash,岡本大嗣,,,,,コース探し
3120250918020003,2,欠,absent,吉川裕二,,,,,
3120250918030006,2,欠,absent,関根健太郎,,,,,
3120251126010001,1,落,crash,田中俊充,,,,S,捌かれ接触
3120251126010001,2,落,crash,田中孝彦,,,,,後方乗上げ
3120251126030002,3,落,crash,小田倉勇二,,,,,
3120251126030005,1,,unknown_exception,高原仁志,,,,,
3120251126030005,2,,unknown_exception,石川雅望,,,,,
3120251126030005,3,,unknown_exception,竹田和幸,,,,,
3120251126030005,4,,unknown_exception,佐藤壮志,,,,,
3120251126030005,6,,unknown_exception,能代谷元,,,,,
3120251126030005,7,,unknown_exception,山中貴雄,,,,,
3120251126030005,5,欠,absent,片折亮太,,,,,
3120251126030007,4,落,crash,佐竹和也,,,,,
3120251202010009,4,落,crash,久木原洋,,,,,絡んで落車
3120251202010009,6,落,crash,浦川尊明,,,,,乗り上げて
3120251202010012,1,落,crash,諸橋愛,,,,,ＢＳ前落車
3120251202010012,6,失,disqualified,坂口晃輔,,,,,外振り失格
3120251202020010,4,落,crash,尾形鉄馬,,,,,接触落車し
3120251202020010,3,失,disqualified,村田雅一,,,,,捲るも失格
3120251208020002,5,欠,absent,本田拓也,,,,,当日欠場し
3120251221020009,2,落,crash,真船圭一郎,,,,S,
3120251221020009,3,落,crash,徳丸泰教,,,,,
3120251221020009,5,落,crash,堀政美,,,,,
3120251221030004,3,落,crash,小林健,,,,,
3120251221030004,4,落,crash,黒田大介,,,,,
3120260111030007,4,失,disqualified,宮倉勇,,,,,
3120260121010011,3,落,crash,齊藤竜也,,,,,４角内突き
3120260121020008,1,落,crash,岡田泰地,,,,,接触し落車
3120260121020008,3,失,disqualified,山崎将幸,,,,S,斜行し２失
3120260121030004,1,欠,absent,北井佑季,,,,,
3120260127030003,3,失,disqualified,関智晴,,,,,
3120260204020003,3,落,crash,石坂永伍,,,,,赤板過掬れ
3120260204020003,4,失,disqualified,神開一輝,,,,,掬い押上げ
3120260204020008,3,欠,absent,加藤将武,,,,,当日欠場
3120260204020008,7,失,disqualified,新村穣,,,,B,早期追抜き
3120260204020010,3,落,crash,山本勝利,,,,B,早逃捲られ
3120260204030002,5,落,crash,佐藤明,,,,,
3120260222010002,7,失,disqualified,伊藤大彦,,,,,
3120260304010002,2,欠,absent,日浦崇道,,,,,
3120260316010001,5,欠,absent,牧田咲子,,,,,
3120260316020006,3,落,crash,秋葉大輔,,,,,
3120260316020006,5,失,disqualified,高谷雅彦,,,,,
3120260327020007,2,失,disqualified,豊田美香,,,,,
3120260416010005,3,落,crash,丹波孝佑,,,,,
3120260416010005,5,落,crash,川木敬大,,,,,
3120260416010005,1,失,disqualified,鈴木良太,,,,S,
3120260514010007,1,欠,absent,三浦綾,,,,,
3120260514020007,7,失,disqualified,森飛龍,,,,,
3120260531010006,1,失,disqualified,吉田敏洋,,,,,牽制蛇行し
3120260531010007,2,落,crash,小川三士郎,,,,,叩けず降り
3120260531010007,5,落,crash,高津晃治,,,,,前に乗上げ
3120260531010007,7,落,crash,福田知也,,,,,絡まれ乗上
3120260531020007,3,欠,absent,松本秀之慎,,,,,当日欠場
3120260531030006,2,,unknown_exception,菱田浩二,,,,,
3120260531030006,3,,unknown_exception,福田滉,,,,,
3120260531030006,4,,unknown_exception,鷲田幸司,,,,,
3120260531030006,5,,unknown_exception,金澤幸司,,,,,
3120260531030006,6,,unknown_exception,鈴木幸紀,,,,,
3120260531030006,7,,unknown_exception,鈴木謙太郎,,,,,
3120260531030006,1,欠,absent,山本恵介,,,,,
3120260625010008,2,失,disqualified,立花昌也,,,,,内側追抜き
3120260625010010,2,落,crash,阪本和也,,,,S,鐘前もつれ
3120260625010010,6,落,crash,舘泰守,,,,,鐘前もつれ
3120260625020009,3,落,crash,吉武信太朗,,,,,内内斬込み
3120260625020011,6,落,crash,松永将,,,,,前競負接触
3120260625020012,3,落,crash,佐藤壮志,,,,,鐘４角乗上
3120260625020012,2,失,disqualified,小森貴大,,,,,牽制斜行落
4720230906010006,4,欠,absent,亀川史華,,,,,当日欠場
4720230906010008,1,落,crash,台和紀,,,,,ＨＳ乗上げ
4720230906010008,7,失,disqualified,佐方良行,,,,,ＨＳ落車し
4720230906020012,3,落,crash,池田良,,,,,強引突込み
4720230923020006,2,失,disqualified,佐々木龍,,,,,牽制押上げ
4720230923020008,1,落,crash,吉澤純平,,,,,前に乗上げ
4720230923020008,7,落,crash,雨谷一樹,,,,,掬れアンコ
4720230923030003,1,欠,absent,松田治之,,,,,当日欠場
4720231005030002,1,故,accident_finish,住村実,,,,,
4720231005030002,5,故,accident_finish,滝川秀嗣,,,,,
4720231014010002,5,欠,absent,磯村蓮太,,,,,
4720231019010001,6,失,disqualified,多田司,,,,,最後内突く
4720231019010005,2,欠,absent,林洋二,,,,,当日欠場で
4720231019010012,1,落,crash,張野幸聖,,,,,接触し落車
4720231019010012,4,落,crash,堀僚介,,,,,落車巻込れ
4720231019020008,5,欠,absent,檀雄二,,,,,当日欠場で
4720231019030002,6,欠,absent,濱田昭一郎,,,,,
4720231101020003,3,欠,absent,寺崎祐樹,,,,,当日欠場
4720231101020007,4,失,disqualified,土岐幹多,,,,,内圏線踏切
4720231101030004,7,落,crash,塩崎隼秀,,,,,
4720231101030004,1,失,disqualified,中野智公,,,,,
4720231101030010,1,落,crash,菅田壱道,,,,,
4720231101030012,7,落,crash,久木原洋,,,,,
4720231117020003,2,失,disqualified,藤縄洋介,,,,,
4720231117020007,2,落,crash,内山拓,,,,S,
4720231117030005,5,欠,absent,楢原由将,,,,,
4720231122010003,6,落,crash,井上将志,,,,,
4720231122010003,7,失,disqualified,木村健司,,,,,
4720231122010010,2,失,disqualified,永井哉多,,,,SB,
4720231126010003,6,失,disqualified,宮本龍一,,,,,
4720231126020003,2,落,crash,中野真吾,,,,,
4720231126020003,7,失,disqualified,服部竜二,,,,,
4720231208010003,4,落,crash,高橋幸司,,,,,乗上げ落車
4720231208010003,6,落,crash,太田雅之,,,,,絡まれ落車
4720231208010004,2,落,crash,田中雅史,,,,,不利受落車
4720231208010004,4,落,crash,牛田樹希斗,,,,,４角で落車
4720231208010004,3,失,disqualified,田口裕一,,,,S,押上げ失格
4720231208010005,7,落,crash,山崎悟,,,,S,妨害受落車
4720231208010005,2,失,disqualified,富永益生,,,,,斜行し失格
4720231208010010,1,落,crash,嶋津拓弥,,,,,バック落車
4720231208010010,6,落,crash,伊藤亮,,,,,バック落車
4720231208010010,7,落,crash,箱田優樹,,,,,バック落車
4720231208020001,5,欠,absent,田中雅史,,,,,当日欠場し
4720231208030008,4,失,disqualified,石塚孝幸,,,,,
4720231220010008,2,落,crash,川口公太朗,,,,,Ｂ過ぎ接触
4720231220030004,4,失,disqualified,村上竜馬,,,,,
4720231228010005,3,失,disqualified,戸邉裕将,,,,,押圧し失格
4720231228020006,1,失,disqualified,吉橋秀城,,,,S,内線踏失格
4720240101010002,3,落,crash,山崎功也,,,,,
4720240101020001,4,失,disqualified,町田勝志,,,,,
4720240107010001,5,失,disqualified,沖健一,,,,,
4720240107020006,7,欠,absent,水木裕聡,,,,,
4720240113020008,2,故,accident_finish,冨尾享平,,,,S,
4720240122020009,3,落,crash,岡本英之,,,,,
4720240131010002,4,失,disqualified,奥森敏,,,,,
4720240131010004,3,落,crash,服部克久,,,,,
4720240131010004,4,失,disqualified,田村光昭,,,,,
4720240131020002,2,欠,absent,大窪輝之,,,,,
4720240131030008,3,落,crash,尾方祐仁,,,,,
4720240131030008,2,失,disqualified,佐藤壮志,,,,B,
4720240225010007,6,失,disqualified,竹澤浩司,,,,,
4720240225030001,6,欠,absent,猪頭香緒里,,,,,
4720240305020009,4,落,crash,中川繁樹,,,,,
4720240305020009,2,失,disqualified,菊池竣太朗,,,,,
4720240314010004,1,落,crash,舛井幹雄,,,,,
4720240314010008,3,落,crash,真田晃,,,,,
4720240314030005,6,落,crash,井寺亮太,,,,,
4720240319010003,5,欠,absent,山本隼人,,,,,当日欠場
4720240319010010,4,落,crash,阪本和也,,,,,前落車一緒
4720240319010010,5,落,crash,東矢圭吾,,,,,振られ落車
4720240319010010,7,失,disqualified,中釜章成,,,,SB,捲り張り失
4720240329020005,6,落,crash,高本旭,,,,,
4720240329020006,3,落,crash,岡崎昭次,,,,,
4720240329020006,1,失,disqualified,坂元洋行,,,,S,
4720240329020012,5,落,crash,牧田悠生,,,,,
4720240329020012,2,失,disqualified,亀井久幸,,,,,
4720240526020008,2,失,disqualified,小玉勇一,,,,,
4720240526020008,6,故,accident_finish,志佐明,,,,,
4720240526030009,2,落,crash,原大智,,,,,
4720240526030009,6,失,disqualified,小林卓人,,,,,
4720240619010005,6,落,crash,鮒田博文,,,,,
4720240619010005,3,失,disqualified,櫻井宏智,,,,,
4720240619030002,5,欠,absent,楢原由将,,,,,
4720240823020002,7,失,disqualified,田口守,,,,,押圧し３失
4720240823020012,2,落,crash,橋本瑠偉,,,,,接触し落車
4720240823020012,7,失,disqualified,齋藤登志信,,,,,斜行し３失
4720240906030005,6,失,disqualified,坂田学,,,,S,
4720240912020001,4,失,disqualified,舟元権造,,,,,
4720240912020009,5,失,disqualified,伊藤成紀,,,,,
4720240917010009,1,落,crash,及川裕奨,,,,S,
4720240917020002,5,失,disqualified,北沢勝弘,,,,,
4720240917020008,5,欠,absent,野村純宏,,,,,
4720240927010007,1,欠,absent,原田隆,,,,,
4720240927010008,1,失,disqualified,菊池翔,,,,,
4720241001010006,5,失,disqualified,渡邉豪大,,,,,競勝も押圧
4720241001020007,2,失,disqualified,犬塚貴之,,,,,内抜け１失
4720241009020001,2,欠,absent,三浦大輝,,,,,
4720241024030004,6,落,crash,藤田和彦,,,,,
4720241024030004,2,失,disqualified,高森圭介,,,,,
4720241104010005,1,落,crash,佐藤純嘉,,,,,赤板過落車
4720241114010006,1,落,crash,阿部拓真,,,,S,乗上げ落車
4720241114010006,8,落,crash,今村麟太郎,,,,,３半で転ぶ
4720241114020012,5,落,crash,村田祐樹,,,,,赤板で落車
4720241114020012,3,失,disqualified,片折亮太,,,,B,外入し失格
4720241114030003,2,失,disqualified,小酒大勇,,,,,初周イン抜
4720241114030008,3,失,disqualified,磯島成介,,,,B,内抜き失格
4720241114040007,7,失,disqualified,五日市誠,,,,S,
4720241219010007,4,欠,absent,奈良岡彩子,,,,,当日欠場で
4720241224020004,2,落,crash,足達重満,,,,,
4720241224020004,5,落,crash,松本琢也,,,,,
4720241224020004,4,失,disqualified,丸山勝也,,,,,
4720241224020006,2,失,disqualified,高嶋一朗,,,,,
4720241224030006,7,落,crash,舟元権造,,,,,
4720241228010003,4,落,crash,山崎光展,,,,,中団外併走
4720241228010003,3,失,disqualified,池田伍功羽,,,,,中団詰まり
4720241228010012,2,落,crash,佐々木眞也,,,,,Ｓ直後接触
4720241228020010,2,失,disqualified,椎木尾拓哉,,,,,直線内抜き
4720250102020005,5,失,disqualified,黒瀬浩一,,,,S,
4720250102030003,1,失,disqualified,望月裕一郎,,,,,
4720250108020002,7,欠,absent,永橋武司,,,,,
4720250108030007,5,失,disqualified,岸川哲也,,,,,
4720250114010002,3,失,disqualified,楠本政明,,,,B,
4720250114010009,2,欠,absent,山口智弘,,,,,
4720250114020002,4,落,crash,木幡幸仁,,,,,
4720250114020002,5,落,crash,富永昌久,,,,,
4720250123010004,6,落,crash,溝口葵,,,,,最後方捲上
4720250123010004,3,失,disqualified,藤井栄二,,,,,押上げ１失
4720250123030002,3,失,disqualified,滝本幸正,,,,,叩かれ後方
4720250123030008,6,落,crash,佐々木和紀,,,,,接触し落車
4720250123040012,5,落,crash,佐藤慎太郎,,,,,
4720250123040012,6,落,crash,小川勇介,,,,,
4720250209010001,6,失,disqualified,志村正洋,,,,,位置奪えず
4720250209010003,1,落,crash,黒滝大翔,,,,S,飛付妨害受
4720250209010003,2,落,crash,浦野慈生,,,,,一旦落避も
4720250209010003,5,落,crash,手島志誠,,,,,併走乗上げ
4720250209010003,6,失,disqualified,藤田和彦,,,,,追上げ斜行
4720250209030001,3,欠,absent,村上順規,,,,,
4720250209030009,1,欠,absent,市田龍生都,,,,,
4720250209030011,5,欠,absent,内山慧大,,,,,
4720250217010002,4,欠,absent,女屋文伸,,,,,
4720250217010008,4,落,crash,上田裕和,,,,,
4720250217010008,5,落,crash,金子哲大,,,,,
4720250309020005,7,落,crash,長井優斗,,,,,３半接触落
4720250410010008,1,落,crash,林大悟,,,,,
4720250410010008,2,落,crash,恩田淳平,,,,,
4720250410010008,5,失,disqualified,佐藤健太,,,,,
4720250410030003,2,落,crash,河村章憲,,,,,
4720250410030003,4,落,crash,泉谷元樹,,,,,
4720250410030003,1,失,disqualified,金子兼久,,,,,
4720250520020002,7,失,disqualified,林修平,,,,,
4720250713020001,4,落,crash,池上あかり,,,,,
4720250713020001,5,落,crash,太田瑛美,,,,,
4720250815020007,6,落,crash,中石昌芳,,,,,
4720250815020007,2,失,disqualified,飯田裕次,,,,,
4720250902020002,3,欠,absent,中山敬太郎,,,,,
4720250908020006,2,失,disqualified,朝倉佳弘,,,,,
4720250908030009,1,落,crash,岩津裕介,,,,S,
4720250926020012,5,落,crash,内藤宣彦,,,,,４角で落車
4720250926030005,6,失,disqualified,富永益生,,,,,
4720251010010002,1,失,disqualified,松村友和,,,,S,初周内抜き
4720251010010005,5,落,crash,福田滉,,,,,３半接触落
4720251010020008,5,落,crash,上野優太,,,,S,接触し落車
4720251010020010,1,欠,absent,犬伏湧也,,,,,当日欠場
4720251010030003,5,落,crash,本郷雄三,,,,,Ｂ接触落車
4720251010030003,8,落,crash,小埜正義,,,,,接触し落車
4720251010030007,5,落,crash,栗山和樹,,,,,鐘過ぎ接触
4720251010030007,6,落,crash,吉田勇人,,,,,乗上げ落車
4720251010030007,9,落,crash,三浦貴大,,,,,接触し落車
4720251024020006,3,落,crash,谷田泰平,,,,,
4720251115030001,1,失,disqualified,千葉捺美,,,,S,
4720251115030002,6,落,crash,樫村伸平,,,,,
4720251121010002,6,失,disqualified,小林宏年,,,,,
4720251205030010,2,失,disqualified,鈴木美教,,,,,
4720251217010003,3,欠,absent,入江航太,,,,,
4720251217020011,7,欠,absent,川口公太朗,,,,,
4720251227010006,4,落,crash,岡崎祥伍,,,,,
4720251227010006,5,落,crash,伊藤大理,,,,,
4720251231020009,1,落,crash,福元啓太,,,,S,
4720251231020009,5,落,crash,上田隼,,,,,
4720251231020009,6,落,crash,松田安綱,,,,,
4720251231020009,2,失,disqualified,内田玄希,,,,,
4720251231030001,3,失,disqualified,中井修,,,,,
4720251231030010,6,落,crash,吉川美穂,,,,,
4720251231030010,1,失,disqualified,竹野百香,,,,,
4720260216010003,6,落,crash,古田義明,,,,,
4720260322010003,3,落,crash,坂本英一,,,,,
4720260322020005,5,失,disqualified,山崎敦雄,,,,,
4720260322020008,3,失,disqualified,鈴木庸之,,,,,
4720260504020009,1,欠,absent,斉藤樂,,,,,
4720260509010002,5,落,crash,村田奈穂,,,,,落車乗上げ
4720260509010002,6,失,disqualified,竹野百香,,,,,内差し落車
4720260509010007,6,欠,absent,吉川嘉斗,,,,,当日欠場
4720260509020010,3,失,disqualified,石塚輪太郎,,,,,斜向し失格
4720260509030005,3,落,crash,福田滉,,,,,押込れ落車
4720260509030005,8,落,crash,加倉正義,,,,,不運な落車
4720260607010011,6,落,crash,佐藤竜太,,,,,
4720260607010011,7,落,crash,篠田幸希,,,,,
7520230110010001,3,失,disqualified,森山昌昭,,,,,目標に離れ
7520230110010002,1,欠,absent,林修平,,,,,当日欠場
7520230110010005,1,落,crash,坂田康季,,,,,倉松と接触
7520230116010010,1,落,crash,高田大輔,,,,,
7520230116020009,1,落,crash,葛西雄太郎,,,,,
7520230116020009,2,落,crash,小塚潤,,,,,
7520230116020009,6,落,crash,中村秀幸,,,,,
7520230116030001,4,落,crash,高野輝彰,,,,,
7520230125020012,7,欠,absent,瀬戸栄作,,,,,当日欠場
7520230202010002,3,落,crash,中西司,,,,,ホーム接触
7520230202010002,1,故,accident_finish,松本充生,,,,,ホーム接触
7520230202010011,3,落,crash,一戸康宏,,,,,挟まれ接触
7520230202010011,4,落,crash,濱田浩司,,,,,３半で接触
7520230202010011,5,落,crash,台和紀,,,,,３半乗上げ
7520230202020004,3,落,crash,梅崎隆介,,,,S,２角で接触
7520230202030001,6,落,crash,船倉卓郎,,,,,
7520230202030003,1,落,crash,高橋清太郎,,,,,
7520230202030003,7,落,crash,丹波靖貴,,,,,
7520230202030007,2,落,crash,開坂秀明,,,,,
7520230202030007,3,落,crash,藤田昌宏,,,,,
7520230202030011,6,落,crash,久樹克門,,,,,
7520230202030011,1,失,disqualified,今野大輔,,,,,
7520230309010005,5,落,crash,栗山俊介,,,,,捲上げ接触
7520230309010005,7,落,crash,伊藤慶太郎,,,,,捲上振れ触
7520230309010005,2,失,disqualified,門田凌,,,,S,牽制し斜行
7520230309010006,4,落,crash,真田晃,,,,,Ｈ前で接触
7520230309020005,7,落,crash,川津悠揮,,,,,酒井追直触
7520230309020005,8,落,crash,伊藤勝太,,,,,捲上げ接触
7520230309030009,1,落,crash,山形一気,,,,,４角で接触
7520230309030010,3,落,crash,山田久徳,,,,,３半で接触
7520230309030010,4,落,crash,橋本強,,,,,３半で接触
7520230309030010,5,落,crash,南修二,,,,,接触し追突
7520230317010001,6,失,disqualified,丸元大樹,,,,,
7520230317020001,5,失,disqualified,大前寛則,,,,,
7520230413010008,6,欠,absent,岡崎徹,,,,,当日欠場
7520230413030006,3,欠,absent,原清孝,,,,,
7520230420010007,4,落,crash,大塚玲,,,,,鐘前接触落
7520230420020007,4,失,disqualified,日野博幸,,,,B,内抜き１失
7520230420020010,2,欠,absent,内藤高裕,,,,,当日欠場
7520230420020011,1,落,crash,阿竹智史,,,,S,捲り併され
7520230420020011,3,失,disqualified,桑原大志,,,,,斜行し落失
7520230420030004,5,落,crash,竹元健竜,,,,,
7520230430030001,7,欠,absent,鶴岡與之,,,,,
7520230430030012,6,失,disqualified,宮本隼輔,,,,,
7520230507010003,1,落,crash,沖本尚織,,,,,絡んで落車
7520230507010003,3,落,crash,多田司,,,,,接触し落車
7520230507030007,2,失,disqualified,永田修一,,,,,
7520230516010003,3,失,disqualified,清水吉康,,,,,
7520231210010001,3,失,disqualified,多田司,,,,,
7520231210010011,3,失,disqualified,佐伯辰哉,,,,,
7520231226010002,4,落,crash,吉川勇気,,,,,
7520231226010002,7,落,crash,谷尾佳昭,,,,,
7520231226010002,5,失,disqualified,西島貢司,,,,,
7520240108010008,4,落,crash,連佛康浩,,,,,再乗出来ず
7520240108010008,7,落,crash,橋本智昭,,,,,乗り上げて
7520240108010008,3,失,disqualified,田中晴基,,,,,過失走行で
7520240108030005,4,欠,absent,新井美菜,,,,,
7520240122010007,7,落,crash,丸林一孝,,,,,
7520240122020004,5,失,disqualified,田中孝法,,,,,
7520240203010003,2,欠,absent,和泉田喜一,,,,,当日欠場
7520240203020009,1,失,disqualified,望月裕一郎,,,,,前捌く続く
7520240203030003,3,落,crash,前川裕希,,,,,
7520240209020003,3,欠,absent,北川大成,,,,,
7520240209020003,1,失,disqualified,吉田昌弘,,,,S,
7520240209030005,3,落,crash,安谷屋将志,,,,,
7520240223010005,6,欠,absent,岩本純,,,,,当日欠場
7520240223010009,7,欠,absent,新納大輝,,,,,当日欠場
7520240223020011,5,失,disqualified,松尾信太郎,,,,,ライン任せ
7520240223030006,2,落,crash,小笠原光,,,,,
7520240307010001,1,欠,absent,真鍋智寛,,,,,当日欠場
7520240307010004,2,落,crash,外田心斗,,,,,接触し落車
7520240307010004,4,落,crash,吉田智哉,,,,,前落車乗上
7520240307010010,5,落,crash,濱田浩司,,,,,離れ内行き
7520240307020004,1,落,crash,大洞翔平,,,,,３角で落車
7520240307020004,5,落,crash,松山桂輔,,,,,突込み落車
7520240307040006,1,落,crash,武藤龍生,,,,,
7520240307040006,7,失,disqualified,元砂勇雪,,,,,
7520240307040011,2,失,disqualified,佐藤慎太郎,,,,,
7520240320020003,2,落,crash,本郷雄三,,,,S,
7520240320020003,6,落,crash,乾庄平,,,,,
7520240320020003,4,失,disqualified,福田要,,,,,
7520240329020007,3,落,crash,澤田義和,,,,,目標が全然
7520240329020007,4,落,crash,長谷部龍一,,,,,後方のまま
7520240406010001,5,落,crash,早川成矢,,,,,
7520240406010001,4,失,disqualified,永田修一,,,,,
7520240406010005,2,失,disqualified,原清孝,,,,,
7520240417010005,5,落,crash,門田凌,,,,,鐘前落車し
7520240417010005,6,失,disqualified,冨尾享平,,,,,目標と一緒
7520240417020009,1,落,crash,竹内翼,,,,,内詰まり落
7520240417020009,5,落,crash,小橋秀幸,,,,,併走乗上げ
7520240417020009,6,落,crash,溪飛雄馬,,,,,前落車乗上
7520240417020009,7,失,disqualified,白戸淳太郎,,,,,外併走落車
7520240508010004,2,落,crash,櫻井太士,,,,,
7520240508010004,5,失,disqualified,照屋将貴,,,,S,
7520240508030003,1,落,crash,川上修平,,,,,
7520240508030003,4,故,accident_finish,白井一機,,,,,
7520240522010003,3,失,disqualified,町田勝志,,,,,イン切失敗
7520240522030002,1,失,disqualified,北村匡章,,,,S,
7520240522030005,6,欠,absent,池上あかり,,,,,
7520240531010009,6,失,disqualified,藤井優希,,,,,番手に入も
7520240531020004,3,失,disqualified,山田幸司,,,,,内抜き２失
7520240531020006,1,落,crash,伊澤茉那,,,,,途中で落車
7520240531030012,7,失,disqualified,森田一郎,,,,B,
7520240607010003,4,落,crash,滝川秀嗣,,,,,
7520240607010003,5,失,disqualified,河元茂,,,,,
7520240607020002,7,失,disqualified,高木修二,,,,,
7520240607030008,2,落,crash,中野真吾,,,,,
7520240615010006,1,落,crash,梶原大地,,,,S,
7520240615010006,3,落,crash,秋山貴宏,,,,,
7520240615010006,5,落,crash,八尋翔平,,,,,
7520240628020006,6,欠,absent,山崎敦雄,,,,,
7520240731030002,1,落,crash,武田哲二,,,,,
7520240808010007,3,失,disqualified,坂上樹大,,,,,鐘４過失落
7520240808010009,3,落,crash,松尾勇吾,,,,S,鐘３角接触
7520240808040009,5,落,crash,佐藤雅春,,,,,
7520240808040009,7,失,disqualified,中井俊亮,,,,,
7520240901010007,1,落,crash,村上直久,,,,,接触し落車
7520240901020005,4,欠,absent,宇根秀俊,,,,,当日欠場し
7520240920010005,5,故,accident_finish,助川翔太郎,,,,,接触し故障
7520240920020002,3,失,disqualified,加賀美智史,,,,,内圏線踏切
7520240920020007,7,失,disqualified,佐藤亜貴子,,,,,斜行し２失
7520241012020004,2,落,crash,安谷屋将志,,,,,
7520241012020004,3,落,crash,小島雅章,,,,,
7520241012020004,5,落,crash,安部龍文,,,,,
7520241012020004,1,失,disqualified,高橋大輝,,,,,
7520241018010003,6,失,disqualified,辻本兼市,,,,,内圏線踏切
7520241018020005,1,落,crash,赤星俊光,,,,S,接触し落車
7520241018020005,2,失,disqualified,倉松涼,,,,,斜行し失格
7520241024020003,6,落,crash,木谷凉,,,,,
7520241024020003,7,落,crash,清水正人,,,,,
7520241127020006,7,落,crash,鳥生知八,,,,,
7520241127020007,1,失,disqualified,森安崇之,,,,,
7520241205010001,8,落,crash,下井竜,,,,,飛付き競負
7520241205020001,3,失,disqualified,山崎泰己,,,,,斜行で失格
7520241205020001,5,失,disqualified,久保田泰弘,,,,,押圧で失格
7520241205020001,1,故,accident_finish,水谷良和,,,,,競合い故障
7520241205020001,6,故,accident_finish,山田雄大,,,,,前と接触し
7520241205020006,5,失,disqualified,志村太賀,,,,,斜行し掬れ
7520241205020009,1,落,crash,稲垣裕之,,,,,乗換妨害受
7520241205020009,7,落,crash,志智俊夫,,,,,前に乗上げ
7520241205030009,1,欠,absent,北津留翼,,,,,当日欠場
7520241205030011,5,落,crash,川口公太朗,,,,,最終Ｂ落車
7520241205040005,9,失,disqualified,濱田浩司,,,,,
7520241219010003,2,欠,absent,上野真吾,,,,,当日欠場し
7520241219010006,3,落,crash,棚橋勉,,,,,４角で落車
7520241219030001,1,失,disqualified,近藤直幹,,,,,
7520241219030003,7,落,crash,山崎航,,,,,
7520241231010005,2,失,disqualified,小野祐作,,,,,追上競負け
7520241231010010,5,落,crash,中井護,,,,,捲りに離れ
7520250113010003,2,失,disqualified,渋谷錬,,,,,内抜き失格
7520250113020002,4,失,disqualified,河野淳吾,,,,S,内側追抜き
7520250113020003,6,失,disqualified,田口守,,,,,先手３番手
7520250113020008,5,失,disqualified,大瀬戸潤一郎,,,,,ＢＳ絡まれ
7520250113030005,2,失,disqualified,野寺楓,,,,,
7520250122010001,5,失,disqualified,江本博明,,,,,外帯線内入
7520250122010001,1,故,accident_finish,田中弘章,,,,,斬込踏遅れ
7520250122010009,1,落,crash,大矢崇弘,,,,S,押上げられ
7520250122010009,5,失,disqualified,小林弘和,,,,,押上げ失格
7520250210020004,1,失,disqualified,金田涼馬,,,,S,初周内抜き
7520250210030003,3,落,crash,小原将通,,,,,
7520260305010004,2,落,crash,片岡迪之,,,,,中団踏接触
7520260305010004,4,落,crash,小松原正登,,,,,捲上げ接触
7520260305010004,8,落,crash,菊谷信一,,,,,小松原追触
7520260305010005,2,欠,absent,山下渡,,,,,急病当日欠
7520260305020008,1,落,crash,南修二,,,,,Ｂ前接触し
7520260305030007,6,落,crash,小原丈一郎,,,,S,鐘３角接触
7520260305030009,4,欠,absent,吉田敏洋,,,,,急病当日欠
7520260305040002,2,失,disqualified,吉武信太朗,,,,,
7520260305040004,1,落,crash,中村浩士,,,,,
7520260305040004,4,落,crash,幸田望夢,,,,,
7520260305040004,5,落,crash,山口泰生,,,,,
7520260305040004,6,落,crash,櫻井学,,,,,
7520260305040009,2,落,crash,尾野翔一,,,,,
7520260313020007,1,落,crash,三谷政史,,,,,
7520260313020007,4,落,crash,稲葉一真,,,,,
7520260313020007,3,失,disqualified,近谷涼,,,,B,
7520260313020008,4,失,disqualified,西村行貴,,,,,
7520260313020008,3,故,accident_finish,溪飛雄馬,,,,,
7520260420010003,1,落,crash,高橋隆太,,,,,
7520260420010003,2,落,crash,坂田学,,,,,
7520260420020001,5,落,crash,八尋翔平,,,,,
7520260420020001,6,落,crash,樋口瑛土,,,,,
7520260420020001,7,失,disqualified,猪俣康一,,,,,
7520260420020003,6,落,crash,下野義城,,,,,
7520260420020003,7,失,disqualified,高橋広大,,,,,
7520260501030007,3,失,disqualified,畑崎大輝,,,,,
7520260508020010,4,落,crash,佐藤凱王,,,,,
7520260508030001,7,落,crash,藤原夏志,,,,,
7520260520010005,3,落,crash,久樹克門,,,,,
7520260520010005,6,落,crash,吉田健市,,,,,
7520260520010005,7,失,disqualified,小埜正義,,,,,
7520260520020009,5,欠,absent,柴田洋輔,,,,,
7520260520020012,5,落,crash,金成和幸,,,,,
7520260520030002,6,欠,absent,中山敬太郎,,,,,
7520260520030003,1,失,disqualified,櫻井丈,,,,,
7520260520030003,7,故,accident_finish,山口聖矢,,,,,
7520260520030011,6,失,disqualified,伊澤茉那,,,,,
7520260526030004,4,落,crash,松本卓也,,,,S,
7520260526030004,7,落,crash,前田義和,,,,,
7520260619010004,5,失,disqualified,明星晴道,,,,,
7520260619030001,5,失,disqualified,藤原義浩,,,,,
5420230120010007,5,落,crash,箱田優樹,,,,,直線苦しく
5420230120020005,5,欠,absent,徳田匠,,,,,当日欠場
5420230120020007,7,欠,absent,水谷好宏,,,,,当日欠場
5420230120020007,1,失,disqualified,小原唯志,,,,B,内追抜先行
5420230120020012,2,失,disqualified,佐藤龍二,,,,,鐘４角斜行
5420230120020012,3,故,accident_finish,雨谷一樹,,,,,鐘４角接触
5420230120030007,4,落,crash,木村直隆,,,,,
5420230206020004,4,落,crash,堂村知哉,,,,,直線接触落
5420230227020003,2,失,disqualified,宇佐見裕輝,,,,,内抜き失格
5420230227020007,3,落,crash,中田雄喜,,,,,赤板過落車
5420230227030011,1,失,disqualified,堀僚介,,,,S,
5420230313010004,2,落,crash,加藤正法,,,,,
5420230313010004,3,落,crash,高橋潤,,,,,
5420230313010004,1,失,disqualified,齋藤昌太,,,,S,
5420230422010005,6,欠,absent,太田雅之,,,,,
5420230422030001,1,落,crash,中条憲司,,,,S,
5420230422030001,4,落,crash,松尾誠,,,,,
5420230422030007,1,落,crash,太田剛司,,,,,
5420230422030007,2,落,crash,山田祥明,,,,,
5420230422030007,4,落,crash,藤井孝則,,,,,
5420230422030007,3,失,disqualified,末廣快理,,,,SB,
5420230504020008,3,落,crash,副島和人,,,,,
5420230504020008,6,落,crash,小林申太,,,,,
5420230504030009,3,失,disqualified,五十嵐綾,,,,B,
5420230601030002,2,落,crash,中石昌芳,,,,,
5420230601030002,3,落,crash,徳吉広紀,,,,,
5420230601030002,5,落,crash,鰐渕正利,,,,,
5420230601030002,1,失,disqualified,村上卓茂,,,,S,
5420230608020012,7,落,crash,小森貴大,,,,,捲り張られ
5420230608030005,6,欠,absent,佐方良行,,,,,当日欠場
5420230608030009,3,欠,absent,島田竜二,,,,,当日欠場
5420230629010009,2,落,crash,中川貴徳,,,,,赤板過接触
5420230629020004,4,落,crash,山崎司,,,,,３角煽受け
5420230629020004,1,失,disqualified,四宮哲郎,,,,,牽制押上げ
5420230705010005,6,欠,absent,西本直大,,,,,当日欠場
5420230705030010,3,落,crash,松岡孝高,,,,,
5420230710010002,2,落,crash,白崎芳典,,,,,
5420230710010002,5,落,crash,竹野行登,,,,,
5420230710020002,5,落,crash,伊藤文秋,,,,,
5420230710020002,6,落,crash,舟元権造,,,,,
5420230710020002,1,失,disqualified,光岡義洋,,,,S,
5420230710030001,7,失,disqualified,平坂典也,,,,,
5420230821010004,6,失,disqualified,木幡幸仁,,,,,
5420230821020011,7,落,crash,合志正臣,,,,,
5420230821020011,2,失,disqualified,田村風起,,,,,
5420230831010005,2,落,crash,堤洋,,,,,競合い接触
5420230831010005,6,落,crash,渡辺正光,,,,,競合い接触
5420230831010011,2,落,crash,鹿内翔,,,,,混戦乗上げ
5420230831010011,6,落,crash,宗崎世連,,,,S,内差し妨受
5420230831010011,5,失,disqualified,高久保雄介,,,,,牽制斜行し
5420230831010012,4,落,crash,渡邉雄太,,,,,３半妨害受
5420230831010012,7,失,disqualified,山田英明,,,,,不発降斜行
5420230831030004,1,失,disqualified,室井健一,,,,S,突込み押上
5420230831040009,2,落,crash,新納大輝,,,,,
5420230910030004,1,失,disqualified,中川繁樹,,,,S,
5420230919020007,6,欠,absent,三田村謙祐,,,,,当日欠場
5420231008010004,7,失,disqualified,舟元権造,,,,,
5420231008030003,6,落,crash,菱沼元樹,,,,,
5420231008030003,5,失,disqualified,須々田大昇,,,,,
5420231020020008,4,落,crash,真田晃,,,,,
5420231027020009,7,落,crash,相澤政宏,,,,,
5420231103010001,7,失,disqualified,千原洋晋,,,,,小榑に完敗
5420231103010005,7,失,disqualified,戸ノ下太郎,,,,,連係乱して
5420231214020010,5,落,crash,山賀雅仁,,,,,マーク外し
5420231229010004,3,欠,absent,佐藤謙,,,,,
5420231229010009,1,故,accident_finish,石川雅望,,,,S,
5420231229030007,1,失,disqualified,石川雅望,,,,,
5420240119010002,5,失,disqualified,亀井道佳,,,,,
5420240119030003,3,失,disqualified,田崎良太郎,,,,,
5420240119030003,6,故,accident_finish,磯村蓮太,,,,,
5420240208020001,2,失,disqualified,佐野多喜男,,,,,追走で一杯
5420240208030002,1,失,disqualified,千原洋晋,,,,B,
5420240227010012,7,失,disqualified,佐山寛明,,,,,番手捌かれ
5420240227020006,1,落,crash,東美月,,,,,併走落車し
5420240227020006,4,落,crash,中村由香里,,,,,内併走落車
5420240227030010,1,失,disqualified,大城慶之,,12.1,,,
5420240304010001,7,失,disqualified,伊藤温希,,,,,組立て半端
5420240304030004,7,落,crash,鮒田博文,,,,,
5420240415020007,2,欠,absent,永塚祐子,,,,,当日欠場
5420240415020010,4,落,crash,諸橋愛,,,,,４角内突落
5420240415030003,1,失,disqualified,四宮哲郎,,,,S,
5420240429010004,7,失,disqualified,廣田樹里,,,,,競られ押圧
5420240429010006,5,落,crash,檀雄二,,,,S,４角で接触
5420240429010007,7,失,disqualified,河崎正晴,,,,B,黄線踏切り
5420240429010012,1,落,crash,栗田貴徳,,,,,３角で接触
5420240429010012,6,落,crash,伊藤成紀,,,,,３角で落車
5420240429020001,1,失,disqualified,奥森敏,,,,,大きく離れ
5420240429030011,7,落,crash,藤原浩,,,,,
5420240508030004,2,落,crash,齋藤輝彦,,,,,
5420240508030004,5,落,crash,関戸努,,,,S,
5420240601010001,2,失,disqualified,宇佐見裕輝,,,,,内抜き失格
5420240601020005,7,失,disqualified,前田拓也,,,,,本線も失格
5420240601030012,7,落,crash,守澤太志,,,,,
5420240626010012,6,欠,absent,栗本武典,,,,,当日欠場
5420240626030003,5,落,crash,嶋貫高大,,,,,
5420240704020001,6,失,disqualified,齋藤仁,,,,,
5420240704030004,2,失,disqualified,秋永共之,,,,,
5420240709030006,2,落,crash,連佛康浩,,,,,
5420240717010012,3,欠,absent,下岡将也,,,,,当日欠場
5420240717020002,3,失,disqualified,水谷亮太,,,,B,ＹＬ踏切り
5420240717030007,3,欠,absent,柳充,,,,,
5420240803010005,1,落,crash,篠原英雄,,,,,
5420240803010005,3,失,disqualified,天沼雅貴,,,,,
5420240803010007,3,失,disqualified,高橋海月,,,,S,
5420240905010002,2,落,crash,梅崎隆介,,,,,接触落車し
5420240905010002,7,落,crash,中本匠栄,,,,,乗り上げて
5420240905010007,9,落,crash,内山貴裕,,,,,絡んで落車
5420240905020001,5,落,crash,神田龍,,,,,捲りに遅れ
5420240905030004,8,落,crash,三谷政史,,,,,張られ落車
5420240905030004,7,失,disqualified,山本勝利,,,,,捲るも失格
5420240905030005,2,落,crash,田尾駿介,,,,,直線落車し
5420240905030005,5,落,crash,阿部大樹,,,,,切り替え落
4220230102020001,2,欠,absent,白木正彦,,,,,
4220230111020005,4,落,crash,四元慎也,,,,,
4220230111020005,7,落,crash,篠原英雄,,,,,
4220230111020005,2,失,disqualified,山崎岳志,,,,,
4220230116010012,3,欠,absent,松谷秀幸,,,,,当日欠場
4220230116020011,6,失,disqualified,神田龍,,,,B,内追抜先行
4220230116030005,2,失,disqualified,小堺浩二,,,,,
4220230206020004,7,落,crash,浜田翔平,,,,B,
4220230206020004,3,失,disqualified,野崎翼,,,,S,
4220230206020007,2,落,crash,北川大成,,,,,
4220230206020007,4,落,crash,肥後公允,,,,,
4220230206020007,6,失,disqualified,佐々木浩三,,,,,
4220230206030002,2,失,disqualified,荘田竜斗,,,,,
4220230214010001,7,失,disqualified,平川公一,,,,,３番手追上
4220230220010002,5,失,disqualified,小野祐作,,,,,前に離れて
4220230220010011,3,落,crash,安本昇平,,,,,接触し落車
4220230220020006,6,落,crash,近藤直幹,,,,,接触し落車
4220230220020006,1,失,disqualified,中野彰人,,,,,番手嵌って
4220230220030010,2,落,crash,渡会啓介,,,,,
4220230220030010,7,失,disqualified,片折勇輝,,,,,
4220230224010003,5,落,crash,矢内良和,,,,,
4220230224010003,6,落,crash,渡邉藤男,,,,,
4220230309010005,3,落,crash,山崎将幸,,,,,乗上げ落車
4220230309010005,7,落,crash,泉慶輔,,,,,妨害受けて
4220230309010005,4,失,disqualified,片折亮太,,,,,押上げ失格
4220230309010012,1,落,crash,和田健太郎,,,,,接触し落車
4220230309010012,7,失,disqualified,野原雅也,,,,,飛付き落車
4220230309020003,1,,unknown_exception,福田滉,,,,,未実施抽選
4220230309020003,2,,unknown_exception,井上将志,,,,,未実施抽選
4220230309020003,3,,unknown_exception,犬塚貴之,,,,,未実施抽選
4220230309020003,4,,unknown_exception,山崎晃,,,,,未実施抽選
4220230309020003,6,,unknown_exception,樋口有樹郎,,,,,未実施抽選
4220230309020003,7,,unknown_exception,山田隼司,,,,,未実施抽選
4220230309020003,5,欠,absent,太田真一,,,,,未実施抽選
4220230406020006,6,欠,absent,三木翔太,,,,,
4220230415010001,2,失,disqualified,永山英司,,,,,内圏線踏切
4220230421020001,2,失,disqualified,佐川拓也,,,,,
4220230421030002,3,失,disqualified,齋藤明,,,,,
4220230426010005,2,失,disqualified,邊見斎,,,,,
4220230426010012,7,落,crash,鈴木幸紀,,,,,
4220230426020001,2,落,crash,高橋由記,,,,,番手奪われ
4220230426020008,5,欠,absent,冨岡健一,,,,,当日欠場し
4220230426030003,4,落,crash,前島恭平,,,,,
4220230426030003,7,落,crash,伊藤一貴,,,,,
4220230426030003,1,失,disqualified,田崎良太郎,,,,S,
4220230426030005,3,落,crash,吉野猛,,,,,
4220230426030005,4,落,crash,鈴木宏章,,,,,
4220230426030005,5,失,disqualified,滝川秀嗣,,,,,
4220230507010007,5,落,crash,山田哲也,,,,,
4220230507010007,7,落,crash,桜井雄太,,,,,
4220230507010007,1,失,disqualified,伊原弘幸,,,,,
4220230507020004,4,落,crash,永原徹,,,,,
4220230507020007,3,落,crash,菊池翔,,,,S,
4220230517020002,4,欠,absent,真船拓磨,,,,,
4220230517030009,2,失,disqualified,安彦統賀,,,,,
4220230522020012,5,落,crash,吉田敏洋,,,,,妨害受落車
4220230522020012,3,失,disqualified,齋藤登志信,,,,,斜行し失格
4220230522030008,6,失,disqualified,中村一将,,,,,
4220230601010001,6,欠,absent,竹野行登,,,,,
4220230601010003,2,欠,absent,中畑利英,,,,,
4220230601020004,1,失,disqualified,高木修二,,,,,
4220230612020006,4,落,crash,天野純平,,,,,
4220230612030002,2,失,disqualified,松尾大樹,,,,S,
4220230619010008,2,落,crash,武井大介,,,,,懸命牽制も
4220230619020010,4,欠,absent,菊地圭尚,,,,,当日欠場
4220230624010005,5,落,crash,林敬宏,,,,,押上げられ
4220230624010005,6,失,disqualified,北川大五郎,,,,,押上げ５失
4220230624010006,3,失,disqualified,高木佑真,,,,S,斜行し７失
4220230624010011,3,落,crash,谷口明正,,,,,挟まれ落車
4220230704010001,1,落,crash,水谷将司,,,,,捲り張られ
4220230704010001,3,失,disqualified,坂口卓士,,,,,番手外振る
4220230704010009,1,落,crash,齊藤竜也,,,,,目標捲れず
4220230704010009,7,落,crash,紺野哲也,,,,,内突き落車
4220230704010010,7,失,disqualified,三宅裕武,,,,,外張り落車
4220230704020011,1,失,disqualified,和田真久留,,,,,番手で落車
4220230704030007,2,落,crash,川崎健次,,,,,
4220230704030007,6,落,crash,山本健也,,,,,
4220230719030007,1,欠,absent,宮崎大空,,,,,
4220230727010010,4,失,disqualified,東矢昇太,,,,,目標共倒れ
4220230727020001,5,欠,absent,坂本周作,,,,,当日欠場
4220230727030004,1,落,crash,山中貴雄,,,,S,最終３角落
4220230727030004,9,落,crash,真崎新太郎,,,,,３番手落車
4220230727030004,2,失,disqualified,岡田泰地,,,,,番手蛇行し
4220230727030012,7,落,crash,三谷竜生,,,,,Ｈ過ぎ落車
4220230727040004,7,落,crash,門田凌,,,,,
4220230727040004,6,失,disqualified,坂本匡洋,,,,,
4220230727040005,3,落,crash,松坂侑亮,,,,S,
4220230727040005,5,落,crash,石塚孝幸,,,,,
4220230727040005,6,落,crash,奥原亨,,,,,
4220230727040005,4,失,disqualified,太刀川一成,,,,,
4220240121020009,3,失,disqualified,三宅裕武,,,,,内側追抜き
4220240128010001,3,落,crash,作田悦章,,,,,３車併走中
4220240128010002,1,落,crash,内藤敦,,,,,中団降られ
4220240128010002,2,失,disqualified,藤田真,,,,S,追上内締め
4220240128010012,2,欠,absent,志田龍星,,,,,当日欠場し
4220240128020009,1,落,crash,表原周,,,,S,４角絡まれ
4220240128020009,2,落,crash,久島尚樹,,,,,前落乗上げ
4220240128020009,4,落,crash,大坪功一,,,,,遅れ乗上げ
4220240128020009,5,落,crash,原誠宏,,,,,踏遅乗上げ
4220240128020009,3,失,disqualified,川口雄太,,,,,内突き張り
4220240128020010,4,失,disqualified,山口富生,,,,,中割り失敗
4220240128020012,7,失,disqualified,町田太我,,,,SB,内抜き失格
4220240212030005,7,欠,absent,葉狩伸泰,,,,,
4220240308010002,3,失,disqualified,竹野行登,,,,,切替も離れ
4220240308020002,5,欠,absent,廣田樹里,,,,,当日欠場
4220240308020002,2,落,crash,木幡幸仁,,,,,併走接触し
4220240308020002,4,落,crash,中条憲司,,,,,３角乗上げ
4220240704010001,1,失,disqualified,川上真二郎,,,,S,
4220240704010006,7,失,disqualified,前島恭平,,,,,
4220240704020006,1,失,disqualified,重一徳,,,,,
4220240713010004,3,落,crash,平山優太,,,,,追上げ接触
4220240713010004,4,失,disqualified,平根優大,,,,SB,内追抜先行
4220240713030005,5,失,disqualified,小林諒,,,,,
4220240816010002,6,落,crash,甲斐下智,,,,,4角落車し
4220240816010007,7,落,crash,元砂勇雪,,,,,終３角落車
4220240823020003,7,落,crash,栗林巧,,,,,
4220240823020005,2,落,crash,渡邊健,,,,,
4220240823030002,1,落,crash,高橋健太,,,,,
4220240903010008,2,落,crash,大塚玲,,,,,Ｇ前接触し
4220240903030005,2,欠,absent,近澤諒香,,,,,
4220240929030003,6,落,crash,清水正人,,,,,
4220240929030003,7,落,crash,保科圭太,,,,,
4220240929030003,3,失,disqualified,須々田大昇,,,,,
4220241014010007,5,落,crash,鈴木謙二,,,,S,
4220241101020005,1,落,crash,菊谷信一,,,,,
4220241101020005,3,落,crash,菅田謙仁,,,,,
4220241101020005,7,落,crash,金澤幸司,,,,,
4220241101020005,2,失,disqualified,渡辺航平,,,,,
4220241101030006,7,落,crash,須藤悟,,,,,
4220241101030006,2,失,disqualified,石橋慎太郎,,,,S,
4220241206010003,3,欠,absent,布居翼,,,,,
4220241210010004,7,欠,absent,小川大地,,,,,当日欠場
4220241219010008,4,落,crash,山元大夢,,,,,
4220241219010008,7,失,disqualified,宇佐見優介,,,,,
4220241219020002,2,欠,absent,晴山裕之,,,,,
4220241219020005,2,失,disqualified,北村匡章,,,,,
4220241219030009,5,欠,absent,成清貴之,,,,,
4220241223010009,1,欠,absent,川口聖二,,,,,
4220241223020003,1,落,crash,朝日勇,,,,S,
4220241223020003,2,落,crash,田中洋輔,,,,,
4220241223020003,4,失,disqualified,近藤誠二,,,,,
4220241230010002,5,失,disqualified,小林真矢香,,,,,
4220250104010005,3,欠,absent,五反田豊和,,,,,当日欠場
4220250117020009,3,落,crash,岡本英之,,,,,
4220250117020009,4,落,crash,植草亮介,,,,,
4220250117020009,5,失,disqualified,菅谷隆司,,,,,
4220250204010003,2,失,disqualified,中井修,,,,,
4220250211030008,1,失,disqualified,那須萌美,,,,,
4220250301030003,4,落,crash,竹田和幸,,,,,乗上げ落車
4220250301030003,6,落,crash,荒木貴大,,,,,接触し落車
4220250301040003,5,落,crash,木暮安由,,,,,
4220250301040003,7,落,crash,畑段嵐士,,,,,
4220250301040007,3,欠,absent,宿口陽一,,,,,
4220250325010004,1,落,crash,植原琢也,,,,S,
4220250325010008,4,落,crash,宮倉勇,,,,,
4220250325010008,7,落,crash,薮田貴幸,,,,,
4220250325010008,2,失,disqualified,四宮哲郎,,,,,
4220250429010002,1,落,crash,和田圭,,,,S,接触し落車
4220250429010002,5,故,accident_finish,杉森輝大,,,,,車体故障し
4220250429010006,7,落,crash,纐纈洸翔,,,,,不利受落車
4220250429010006,9,失,disqualified,佐々木眞也,,,,,斜行し失格
4220250429020003,5,落,crash,谷口遼平,,,,S,妨害受落車
4220250429020003,3,失,disqualified,小川勇介,,,,,斜行し失格
4220250429020010,1,失,disqualified,和田真久留,,,,,斜行し失格
4220250429030001,2,落,crash,岡崎智哉,,,,,ハコで牽制
4220250429030001,3,落,crash,青野将大,,,,,捲り張られ
4220250429030001,7,落,crash,伊藤颯馬,,,,,ロング捲り
4220250429030001,9,落,crash,園田匠,,,,,乗上げ落車
4220250429030003,3,欠,absent,東口善朋,,,,,当日欠場し
4220250429030007,1,落,crash,松谷秀幸,,,,S,接触し落車
4220250429040002,9,落,crash,隅田洋介,,,,,外張り落車
4220250429040008,2,失,disqualified,松岡辰泰,,,,,立ち遅れて
4220250429040010,5,失,disqualified,清水裕友,,,,,③を押上げ
4220250429050001,8,落,crash,内藤秀久,,,,,接触し落車
4220250429050002,2,落,crash,小松崎大地,,,,,接触し落車
4220250429050002,6,落,crash,松岡篤哉,,,,,落車巻込れ
4220250429050002,7,落,crash,小岩大介,,,,,絡まれ落車
4220250429050002,4,失,disqualified,池田良,,,,,外帯線内入
4220250701020004,1,失,disqualified,田中秀治,,,,,
4220250710010001,2,欠,absent,林洋二,,,,,
4220250710010004,3,失,disqualified,古田義明,,,,,
4220250710020005,1,落,crash,山崎充央,,,,,
4220250710020005,6,落,crash,河野淳吾,,,,,
4220250710020005,7,落,crash,藤木裕,,,,,
4220250818020002,1,欠,absent,齋藤友幸,,,,,
4220250818020007,5,落,crash,藤巻絵里佳,,,,,
4220250818020007,7,落,crash,戸田瑞姫,,,,,
4220250818030006,1,落,crash,山本浩成,,,,S,
4220250818030006,6,失,disqualified,石川雅望,,,,,
4220250818030009,5,落,crash,岡光良,,,,,
4220250818030009,7,失,disqualified,菅原裕太,,,,,
4220250823020007,3,失,disqualified,山崎駿哉,,,,,
4220250827010005,3,失,disqualified,前田拓也,,,,,
4220250827020007,1,落,crash,佐藤亙,,,,,
4220250827020007,3,落,crash,石橋慎太郎,,,,S,
4220250827020007,5,落,crash,菊谷信一,,,,,
4220250908020004,4,落,crash,齋藤宗徳,,,,,
4220250908020005,7,落,crash,土屋裕二,,,,,
4220250908030003,2,落,crash,伊藤拓人,,,,,
4220250908030003,4,落,crash,大橋直人,,,,,
4220250913020012,1,落,crash,新田康仁,,,,,
4220250913020012,3,失,disqualified,小西晴己,,,,,
4220250913030004,4,欠,absent,布居大地,,,,,
4220250923010003,4,落,crash,山元大夢,,,,,
4220250923010003,5,落,crash,塚本貴雄,,,,,
4220250923010010,5,失,disqualified,火島裕輝,,,,,
4220251116010004,5,失,disqualified,坂口卓士,,,,,Ｈ押し込む
4220251116010004,6,故,accident_finish,玉村元気,,,,,Ｈ不利受け
4220251116010010,1,落,crash,渡邉雄太,,,,,中団取合い
4220251116010010,4,落,crash,伊藤成紀,,,,,バック接触
4220251116020004,5,失,disqualified,柳谷崇,,,,,番手競られ
4220251116030006,6,失,disqualified,長谷川飛向,,,,B,
4220251122010002,6,落,crash,阿部宏之,,,,,併走で落車
4220251122010008,6,失,disqualified,野口正則,,,,,道中千切れ
4220251201010010,4,落,crash,溪飛雄馬,,,,,乗上げ落車
4220251201010010,1,失,disqualified,網谷竜次,,,,,追走阻まれ
4220251201020007,5,欠,absent,木下宙,,,,,当日欠場
4220251224020002,3,欠,absent,山城光央,,,,,
4220251224020004,5,欠,absent,小林宏年,,,,,
4220260210010008,1,落,crash,成清謙二郎,,,,,
4220260210010008,3,落,crash,金子周一郎,,,,,
4220260210010011,5,落,crash,古川宗行,,,,S,
4220260210020006,5,欠,absent,三宅玲奈,,,,,
4220260210020009,5,失,disqualified,三谷政史,,,,,
4220260210030007,1,落,crash,小佐野文秀,,,,S,
4220260210030007,2,落,crash,松山桂輔,,,,,
4220260210030008,2,落,crash,堀政美,,,,,
4220260210030008,5,失,disqualified,村上卓茂,,,,,
4220260214030007,3,落,crash,太田剛司,,,,S,
4220260317020004,3,落,crash,中村良二,,,,,
4220260317020005,2,落,crash,白岩大助,,,,,
4220260317020007,3,落,crash,岸澤賢太,,,,S,
4220260317020011,6,落,crash,芦澤辰弘,,,,,
4220260317020011,2,失,disqualified,朝倉智仁,,,,,
4220260317030002,7,失,disqualified,吉田彰久,,,,,
4220260325010005,7,落,crash,牛田樹希斗,,,,,
4220260325010005,4,失,disqualified,寺沼将彦,,,,,
4220260325030002,1,落,crash,三住博昭,,,,,
4220260325030002,7,落,crash,舟山佑京,,,,B,
4220260325030002,6,失,disqualified,牛田樹希斗,,,,,
4220260406020009,4,落,crash,石川裕二,,,,,
4220260406030005,5,落,crash,福田滉,,,,,
4220260406030005,6,落,crash,野口正則,,,,S,
4220260411010004,4,失,disqualified,大沼孝行,,,,,
4220260423010002,4,落,crash,保科千春,,,,,３角接触落
4220260423010002,5,落,crash,杉本正隆,,,,,３角接触落
4220260423010003,7,落,crash,真鍋智寛,,,,,接触し落車
4220260423010003,9,失,disqualified,柴田洋輔,,,,S,斜行し８失
4220260423010007,8,失,disqualified,出澤拓也,,,,,Ｇ前で斜行
4220260423020007,2,落,crash,平野想真,,,,S,絡んで落車
4220260423020007,8,落,crash,山田駿斗,,,,,絡んで落車
4220260423020012,1,落,crash,高橋和也,,,,S,後輪払われ
4220260423020012,3,落,crash,和泉尚吾,,,,,接触し落車
4220260423030005,3,落,crash,川口聖二,,,,,押圧され落
4220260423030005,8,失,disqualified,松尾透,,,,,押圧し３失
4220260423030007,9,落,crash,増原正人,,,,,内突接触落
4220260423030011,2,失,disqualified,渡辺十夢,,,,,押圧し失格
4220260423030011,7,故,accident_finish,嵯峨昇喜郎,,,,,Ｂ前故障し
4220260423040007,5,失,disqualified,佐藤雅春,,,,,
4220260423040007,1,故,accident_finish,栗山和樹,,,,S,
4220260423040008,5,落,crash,朝倉佳弘,,,,,
4220260423040008,7,失,disqualified,山本直,,,,,
4220260423040012,3,落,crash,西田優大,,,,S,
4220260601010008,7,欠,absent,久米良,,,,,
4220260601010009,5,落,crash,野田源一,,,,,
4220260601020009,7,失,disqualified,青野将大,,,,,
4220260601020010,1,失,disqualified,上野優太,,,,S,
4220260601030004,1,落,crash,安達光伸,,,,,
4220260601030004,2,落,crash,石田洋秀,,,,,
4220260601030004,7,落,crash,火島裕輝,,,,,
4220260601030004,3,失,disqualified,神開一輝,,,,,
5320230108010009,1,失,disqualified,久保田泰弘,,,,S,押上げ失格
5320230108020010,3,落,crash,中本匠栄,,,,,接触し落車
5320230108020010,5,落,crash,吉田敏洋,,,,,接触し落車
5320230202010005,9,落,crash,菊池岳仁,,,,,赤板前転倒
5320230202010006,3,落,crash,佐方良行,,,,,切替Ｂ接触
5320230202010006,4,落,crash,吉堂将規,,,,,３角追突し
5320230202010006,9,落,crash,佐々木眞也,,,,,切替え接触
5320230202010011,6,失,disqualified,高井流星,,,,,逃げ捲られ
5320230202020007,6,落,crash,阪本正和,,,,,挟まれ接触
5320230202020009,1,落,crash,平原康多,,,,,２角で接触
5320230202020009,7,落,crash,園田匠,,,,,阻まれ追突
5320230202020009,6,失,disqualified,室井竜二,,,,,押上掬われ
5320230202020012,2,失,disqualified,古性優作,,,,SB,カマシ斜行
5320230202040006,1,失,disqualified,石原颯,,,,S,
5320230202040006,8,故,accident_finish,吉堂将規,,,,,
5320230215010004,7,失,disqualified,山下茂樹,,,,,
5320230215010006,1,欠,absent,西本直大,,,,,
5320230215020001,1,落,crash,永井隆一,,,,,
5320230302010003,6,失,disqualified,渡辺馨,,,,,
5320230302010006,1,落,crash,富永益生,,,,S,
5320230308020001,2,欠,absent,伊藤温希,,,,,
5320230308020002,6,欠,absent,舟元権造,,,,,
5320230308030003,3,失,disqualified,大川栄二,,,,,
5320230308030007,1,落,crash,小原将通,,,,,
5320230308030007,3,失,disqualified,郡英治,,,,,
5320230405010002,2,落,crash,肥後尚己,,,,,３半突込み
5320230405010009,5,落,crash,藤木裕,,,,,切替内突き
5320230405010009,7,落,crash,田中晴基,,,,S,内締め接触
5320230405020009,3,欠,absent,佐藤友和,,,,,当日欠場
5320230405030008,7,落,crash,吉田茂生,,,,,
5320230405030008,4,失,disqualified,椎木尾拓哉,,,,S,
5320230405030012,2,落,crash,吉澤純平,,,,,
5320230411010005,6,失,disqualified,花村直人,,,,,
5320230418020007,3,失,disqualified,鈴木咲香,,,,,
5320230418020007,5,故,accident_finish,岡村育子,,,,,
5320230418030003,7,失,disqualified,中畑利英,,,,,
5320230425010002,2,欠,absent,多田晃紀,,,,,当日欠場
5320230425020001,7,欠,absent,藤岡徹也,,,,,
5320230425020005,4,失,disqualified,佐藤成人,,,,,
5320230425030010,6,落,crash,谷元奎心,,,,,
5320230508010004,6,落,crash,橋本大祐,,,,,払われ落車
5320230508010004,2,失,disqualified,栗田雄矢,,,,,捲り進まず
5320230508010011,2,失,disqualified,磯川勝裕,,,,,内抜け失格
5320230508020004,5,失,disqualified,田村風起,,,,B,下井捲れず
5320230508030002,3,落,crash,岩見潤,,,,,
5320230607020001,3,欠,absent,渋川聡士,,,,,
5320230607030003,2,落,crash,古田義明,,,,,
5320230607030003,6,落,crash,永原徹,,,,,
5320230801010009,4,落,crash,三谷将太,,,,,
5320230801010009,5,落,crash,嵯峨昇喜郎,,,,,
5320230801010009,7,落,crash,山口泰生,,,,,
5320230801010009,2,失,disqualified,塚本大樹,,,,S,
5320230801030002,2,落,crash,伊藤歩登,,,,,
5320230801030002,1,失,disqualified,中曽直彦,,,,,
5320230815010101,6,落,crash,丸林駿太,,,,,
5320230815010101,4,失,disqualified,後田康成,,,,,
5320230815010109,3,欠,absent,西浦仙哉,,,,,
5320230815030007,3,落,crash,山崎泰己,,,,,
5320230815040002,4,欠,absent,大知正和,,,,,
5320230824030002,7,失,disqualified,竹下翔,,,,,
5320230914010002,1,落,crash,水本博行,,,,,
5320230914010002,5,落,crash,高本旭,,,,B,
5320230914010002,6,落,crash,田島高志,,,,,
5320230914010003,4,失,disqualified,東隆之,,,,,
5320230914020001,5,欠,absent,柴田了,,,,,
5320230914020006,7,落,crash,伊藤温希,,,,,
5320230914030007,3,落,crash,松本大地,,,,S,
5320231010020009,1,落,crash,柿澤大貴,,,,,掬われ併走
5320231010020009,2,落,crash,高間悠平,,,,,切替え乗上
5320231010020011,5,落,crash,浅井康太,,,,,打鐘前落車
5320231101020003,3,落,crash,幸津博,,,,S,
5320231101020003,5,失,disqualified,石山直哉,,,,,
5320231108030001,5,欠,absent,平坂典也,,,,,
5320231116020012,4,落,crash,佐々木眞也,,,,,接触し落車
5320231204010004,2,落,crash,友永龍介,,,,,
5320231204010004,3,失,disqualified,住村実,,,,,
5320231204020010,6,落,crash,園田鉄兵,,,,,
5320231204030011,3,落,crash,吉川美穂,,,,S,
5320231204030011,6,落,crash,那須萌美,,,,,
5320231218010008,2,落,crash,石毛克幸,,,,,接触し落車
5320231218020008,2,失,disqualified,片折亮太,,,,,直線内突き
5320231223010001,4,失,disqualified,佐川拓也,,,,,
5320240125030003,2,落,crash,松山正和,,,,,
5320240125030003,5,落,crash,白木正彦,,,,,
5320240203030001,1,欠,absent,赤星俊光,,,,,
5320240203030007,7,故,accident_finish,久保光司,,,,,
5320240213010006,1,落,crash,塚本貴雄,,,,,
5320240213010006,4,落,crash,金田健一郎,,,,S,
5320240213010006,5,落,crash,川又裕樹,,,,,
5320240213020006,5,落,crash,高橋紀史,,,,,
5320240213020008,5,欠,absent,中野光太郎,,,,,
5320240213030010,2,失,disqualified,勝部貴博,,,,B,
5320240222020002,2,欠,absent,島田竜二,,,,,当日欠場
5320240222020008,2,落,crash,中井俊亮,,,,,後輪払われ
5320240222020008,6,落,crash,森川大輔,,,,S,位置絡まれ
5320240222020008,7,落,crash,小松崎大地,,,,,３番手飛付
5320240222030004,7,落,crash,佐藤幸治,,,,,目標共倒れ
5320240222030004,8,落,crash,加藤圭一,,,,,あおり受け
5320240222030006,2,失,disqualified,川口雄太,,,,,内追上げ失
5320240228010005,6,欠,absent,池上孝之,,,,,
5320240404010005,4,失,disqualified,前田拓也,,,,,
5320240404020003,3,欠,absent,内藤敦,,,,,
5320240512010005,3,落,crash,犬塚貴之,,,,,捲れず落車
5320240512010005,5,失,disqualified,三谷政史,,,,,押上げ失格
5320240512020010,5,落,crash,稲垣裕之,,,,,挟まれ落車
5320240520010011,7,失,disqualified,奥谷広巳,,,,,
5320240601020001,1,欠,absent,小松剛之,,,,,
5320240606010004,4,欠,absent,相澤政宏,,,,,当日欠場
5320240606020004,1,落,crash,齋木翔多,,,,,捲れず煽受
5320240606020004,4,落,crash,宮越孝治,,,,,後方乗上げ
5320240606020004,5,落,crash,内田英介,,,,S,終４角接触
5320240606030005,2,落,crash,貴志修己,,,,,赤板前接触
5320240606030005,4,故,accident_finish,松永将,,,,,赤板前接触
5320240606030010,5,落,crash,東矢圭吾,,,,,捲り煽受け
5320240606030010,9,落,crash,徳永哲人,,,,,目標に乗上
5320240606030010,2,失,disqualified,渡辺十夢,,,,,牽制斜行し
5320240606030012,2,落,crash,兼本将太,,,,,巻返し妨受
5320240606030012,5,失,disqualified,松岡健介,,,,,死守し斜行
5320240625010005,7,落,crash,石田典大,,,,,
5320240625020003,2,落,crash,宇賀神浩幸,,,,,
5320240625020003,4,落,crash,戸邉捺希,,,,B,
5320240630020010,1,落,crash,嶋津拓弥,,,,S,不利受落車
5320240630020010,7,失,disqualified,内藤秀久,,,,,斜行し失格
5320240630030011,2,落,crash,添田龍児,,,,B,
5320240630030011,7,落,crash,菱田浩二,,,,S,
5320240713020004,2,,unknown_exception,中園朋亨,,,,,
5320240713020004,3,,unknown_exception,増成富夫,,,,,
5320240713020004,4,,unknown_exception,樫村伸平,,,,,
5320240713020004,5,,unknown_exception,細田純平,,,,,
5320240713020004,6,,unknown_exception,兵動秀治,,,,,
5320240713020004,7,,unknown_exception,篠田樹,,,,,
5320240713020004,1,欠,absent,西岡利起,,,,,
5320240713030004,5,欠,absent,中園朋亨,,,,,
5320240728020001,7,欠,absent,高本旭,,,,,
5320240825010005,6,欠,absent,浦崎貴史,,,,,
5320240825020008,4,落,crash,高橋幸司,,,,,
5320240825020008,5,落,crash,佐山俊樹,,,,,
5320241018010003,3,失,disqualified,菅藤智,,,,,
5320241018010006,6,落,crash,角口聖也,,,,,
5320241114010001,4,欠,absent,阪本正和,,,,,当日欠場
5320241114020003,2,落,crash,橋本英也,,,,,目標が不発
5320241114020003,3,落,crash,中川聖大,,,,,捲るも不発
5320241114020009,5,欠,absent,鹿内翔,,,,,当日欠場
5320241204020010,4,失,disqualified,岡崎智哉,,,,,根田を妨害
5320241204030001,1,落,crash,深澤伸介,,,,,
5320241204030001,4,落,crash,玉村元気,,,,,
5320241204030001,7,落,crash,尾崎悠生,,,,,
5320241227010001,2,失,disqualified,片折勇輝,,,,B,
5320241227030002,6,欠,absent,竹野行登,,,,,
5320241227030003,1,落,crash,中野智公,,,,S,
5320250105030007,3,失,disqualified,小堀敢太,,,,,
5320250114010003,1,落,crash,藤本龍也,,,,,
5320250114010003,6,落,crash,竜門孝宗,,,,,
5320250114010003,7,失,disqualified,山田圭二,,,,,
5320250114010004,6,失,disqualified,沼川夢久,,,,,
5320250208010003,2,落,crash,石川裕二,,,,,３角で落車
5320250208010003,8,落,crash,中村健志,,,,,３半接触し
5320250208030006,5,落,crash,森川大輔,,,,,初周で落車
5320250208030007,6,失,disqualified,網谷竜次,,,,,内抜き失格
5320250208040011,4,落,crash,清水剛志,,,,,
5320250208040011,9,落,crash,中井太祐,,,,,
5320250220020008,5,落,crash,小林信晴,,,,S,
5320250220030001,2,欠,absent,藤原義晴,,,,,
5320250306010003,1,落,crash,大崎龍一郎,,,,,
5320250306020007,6,失,disqualified,藤原亜衣里,,,,,
5320250306020010,3,欠,absent,加藤寛治,,,,,
5320250306030006,5,落,crash,片岡美奈,,,,S,
5320250422020001,1,欠,absent,岡嶋登,,,,,
5320250422020001,5,欠,absent,下田和美,,,,,
5320250428010002,4,故,accident_finish,永山英司,,,,,
5320250428030002,2,欠,absent,斎藤敦,,,,,
5320250511010008,4,落,crash,土岐幹多,,,,,
5320250511010009,5,欠,absent,内藤久文,,,,,
5320250511020001,3,欠,absent,伊藤嘉浩,,,,,
5320250511020003,3,落,crash,松尾大樹,,,,,
5320250511020003,7,落,crash,松尾正人,,,,,
5320250511020003,1,失,disqualified,高野信元,,,,SB,
5320250511020006,1,欠,absent,土岐幹多,,,,,
5320250511030002,3,落,crash,高尾剛文,,,,,
5320250511030002,6,落,crash,服部克久,,,,,
5320250511030003,4,欠,absent,大川栄二,,,,,
5320250523010001,1,失,disqualified,疋田敏,,,,,本線も失格
5320250523030004,6,落,crash,谷本奨輝,,,,,
5320250523030004,7,失,disqualified,吉田元輝,,,,,
5320250530010010,3,落,crash,栗田雄矢,,,,,位置捌かれ
5320250530020002,2,落,crash,小塚潤,,,,,追い上げ落
5320250530020003,2,落,crash,川越宏臣,,,,,外併走落車
5320250609010004,4,落,crash,尾方祐仁,,,,,打鐘前接触
5320250609010004,7,落,crash,田中俊充,,,,,乗上げ落車
5320250722010005,3,失,disqualified,村田瑞季,,,,,全く動けず
5320250731020003,3,落,crash,加藤昌平,,,,,
5320250731030002,3,失,disqualified,長澤和光,,,,,
5320250812010003,3,落,crash,中西司,,,,,
5320250812010003,6,落,crash,黒瀬浩一,,,,,
5320250812010004,7,失,disqualified,一ノ瀬貴将,,,,,
5320250821010003,1,失,disqualified,岸川哲也,,,,,
5320250821020009,5,落,crash,森川大輔,,,,,
5320250821020009,7,落,crash,中川貴徳,,,,,
5320250821020012,1,失,disqualified,柳詰正宏,,,,S,
5320250907010006,2,故,accident_finish,兼本将太,,,,,
5320250907020003,2,落,crash,増原正人,,,,,
5320250907020003,3,落,crash,西村行貴,,,,,
5320250907020003,4,失,disqualified,中川繁樹,,,,B,
5320250907030004,6,落,crash,北浦弘幹,,,,,
5320250919010001,6,落,crash,西巻秀太,,,,,４角絡んで
5320250919010001,7,落,crash,杉山剛,,,,,４角で接触
5320250919030002,3,落,crash,勝部貴博,,,,,
5320250919030002,4,落,crash,井上将志,,,,,
5320250925010005,1,落,crash,田中大我,,,,,
5320250925010005,3,落,crash,福田知也,,,,,
5320250925010005,5,落,crash,稲垣裕之,,,,,
5320250925010005,6,落,crash,鈴木陸来,,,,SB,
5320250925010005,9,落,crash,吉田智哉,,,,,
5320250925010011,4,落,crash,小野大介,,,,,
5320250925010011,7,落,crash,山口敦也,,,,,
5320250925010011,9,落,crash,中田健太,,,,,
5320250925020004,5,失,disqualified,岡本大嗣,,,,,
5320250925020009,2,失,disqualified,渡邉豪大,,,,,
5320250925030002,1,落,crash,内山慧大,,,,S,
5320250925030002,3,落,crash,大野悟郎,,,,,
5320250925030002,5,落,crash,川村晃司,,,,,
5320250925030009,1,落,crash,小林大介,,,,,
5320250925030009,2,落,crash,阿部拓真,,,,S,
5320250925030009,4,落,crash,佐藤雅春,,,,,
5320250925030009,7,落,crash,香川雄介,,,,,
5320250925030009,9,落,crash,今野有樹,,,,,
5320250925040004,6,失,disqualified,上遠野拓馬,,,,,
5320251003010004,6,落,crash,星野京旺,,,,,
5320251003010004,2,失,disqualified,瀬口匠,,,,,
5320251012030007,4,失,disqualified,川島勝,,,,,
5320251021010005,5,落,crash,伊藤のぞみ,,,,,３半接触落
5320251021020004,2,故,accident_finish,五輪拓巳,,,,,接触し故障
5320251031010005,1,落,crash,藤野貴章,,,,,
5320251031010005,3,落,crash,松山桂輔,,,,S,
5320251031010005,6,落,crash,奥谷広巳,,,,,
5320251031020004,6,落,crash,服部竜二,,,,,
5320251106010009,5,落,crash,吉田敏洋,,,,,鐘後落車し
5320251106020006,2,落,crash,大塚健一郎,,,,,斜行受けて
5320251106020006,6,失,disqualified,富弥昭,,,,,僅かに斜行
5320251118020008,3,欠,absent,中釜健次,,,,,
5320251124010007,7,失,disqualified,青木亮太,,,,,
5320251124020001,2,欠,absent,佐藤純嘉,,,,,
5320251124020005,1,落,crash,桜井大地,,,,S,
5320251124020005,2,落,crash,安達豪太,,,,,
5320251124020005,5,落,crash,山元大夢,,,,,
5320251124020005,7,落,crash,高野輝彰,,,,,
5320251130010007,5,欠,absent,徳丸泰教,,,,,
5320251130030003,1,落,crash,助川翔太郎,,,,,
5320251130030003,5,落,crash,山崎功也,,,,,
5320251211020008,5,落,crash,筒井敦史,,,,,好位とれず
5320251211020012,3,落,crash,原井博斗,,,,,競りで落車
5320251225020006,2,落,crash,秋本耀太郎,,,,,裸逃厳しく
5320251225020006,7,落,crash,山崎輝夫,,,,,秋本に離れ
5320260114020002,7,落,crash,高田大輔,,,,,
5320260114020002,6,失,disqualified,重一徳,,,,,
5320260114020003,3,落,crash,磯村蓮太,,,,,
5320260114020009,3,落,crash,福田真平,,,,,
5320260114020009,4,落,crash,宇根秀俊,,,,,
5320260114030003,1,落,crash,増田鉄男,,,,,
5320260114030003,2,落,crash,白川有司,,,,,
5320260114030003,5,落,crash,東隆之,,,,,
5320260129020005,5,落,crash,三浦靖,,,,,
5320260129020005,2,失,disqualified,宗景祐樹,,,,,
5320260205010006,5,落,crash,幸田望夢,,,,,落車棄権
5320260205010006,6,落,crash,山本巨樹,,,,,落車棄権
5320260205020004,2,落,crash,米嶋恵介,,,,,落車棄権
5320260205020004,6,落,crash,津村洸次郎,,,,,落車棄権
5320260205020004,7,落,crash,木村隆弘,,,,,落車棄権
5320260205020008,7,落,crash,鈴木裕,,,,,落車棄権
5320260205020011,3,落,crash,土屋壮登,,,,,落車棄権
5320260205020011,5,落,crash,木村皆斗,,,,,落車棄権
5320260205030011,3,落,crash,小倉竜二,,,,,落車棄権
5320260205030011,7,落,crash,晝田宗一郎,,,,,落車棄権
5320260205030012,4,落,crash,田中勇二,,,,,落車棄権
5320260205030012,9,落,crash,菅田壱道,,,,,落車棄権
5320260214020001,6,欠,absent,渡邉正人,,,,,
5320260214020005,3,落,crash,冨岡健一,,,,,
5320260214020005,1,失,disqualified,菅田謙仁,,,,,
5320260227010005,3,落,crash,連佛康浩,,,,,
5320260227010005,5,落,crash,宝満大作,,,,,
5320260314010003,4,落,crash,森飛龍,,,,S,
5320260314030004,4,失,disqualified,南大輔,,,,,
5320260314030011,1,落,crash,中野雄喜,,,,S,
5320260407010005,4,落,crash,大崎龍一郎,,,,,
5320260407010005,6,落,crash,清水広幸,,,,,
5320260407010005,7,落,crash,高橋明久,,,,,
5320260407010006,1,失,disqualified,西田美菜,,,,S,
5320260418020004,4,失,disqualified,志村正洋,,,,,
5320260418020007,2,落,crash,白井優太朗,,,,,
5320260418020007,6,落,crash,内田淳,,,,,
5320260418020007,7,落,crash,小岩哲也,,,,,
5320260418020007,1,失,disqualified,岩元叶馬,,,,SB,
5320260418030001,4,欠,absent,尾崎勝弘,,,,,
5320260418030005,6,欠,absent,木下宙,,,,,
5320260425010003,7,欠,absent,宮原貴之,,,,,
5320260425020009,2,落,crash,吉堂将規,,,,,
5320260425020009,6,落,crash,大竹哲也,,,,,
5320260501020008,1,落,crash,北野武史,,,,S,
5320260501020008,3,落,crash,戸田洋平,,,,,
5320260613010001,2,落,crash,磯村蓮太,,,,,
5320260613010001,7,落,crash,浜田翔平,,,,,
3620230102010007,5,落,crash,佐藤亙,,,,,
3620230102030006,2,失,disqualified,川口満宏,,,,,
3620230126010004,5,落,crash,谷尾佳昭,,,,,
3620230126020003,2,失,disqualified,松本昌士,,,,,
3620230210010006,6,失,disqualified,阿部博之,,,,,
3620230210020003,5,失,disqualified,内田淳,,,,B,
3620230210020003,2,故,accident_finish,佐藤康恭,,,,S,
3620230217020003,6,落,crash,檀雄二,,,,,
3620230217020003,5,失,disqualified,齋藤和伸,,,,,
3620230305010006,6,落,crash,田口勇介,,,,,接触し落車
3620230305010006,7,落,crash,五日市誠,,,,,４角外張り
3620230305010011,2,落,crash,川口公太朗,,,,,張られ落車
3620230305010011,3,落,crash,竹村勇祐,,,,,前に離れて
3620230305020012,1,落,crash,渡邉雄太,,,,,牽制を受け
3620230325030010,4,落,crash,大西貴晃,,,,,
3620230325030010,5,落,crash,中野慎詞,,,,,
3620230329010004,1,失,disqualified,吉田雄三,,,,,
3620230413010012,8,失,disqualified,松谷秀幸,,,,,道中内追抜
3620230413020006,5,落,crash,山口泰生,,,,,直線煽受け
3620230413020010,1,失,disqualified,園田匠,,,,,離れ外併走
3620230413030001,3,欠,absent,森安崇之,,,,,当日欠場
3620230413030005,7,落,crash,小林大介,,,,,最終Ｈ落車
3620230515010008,1,故,accident_finish,山口智弘,,,,S,番手飛付き
3620230515010008,5,故,accident_finish,伏見俊昭,,,,,番手競負け
3620230515020009,3,落,crash,岡部芳幸,,,,,故障し離れ
3620230515020009,7,失,disqualified,菅原裕太,,,,,３番手入る
3620230515030004,1,落,crash,井手尚治,,,,,
3620230515030004,5,落,crash,鈴木広人,,,,,
3620230515030004,7,失,disqualified,小川大地,,,,S,
3620230515030012,3,失,disqualified,諸橋愛,,,,,
3620230705020004,4,失,disqualified,関根崇人,,,,,
3620230712030004,1,欠,absent,村上竜馬,,,,,
3620230712030011,2,失,disqualified,本郷雄三,,,,,
3620230717020006,3,落,crash,島野浩司,,,,,
3620230725010006,1,失,disqualified,沢田勇治,,,,S,
3620230725030005,5,落,crash,眞鍋伸也,,,,,
3620230731020002,1,落,crash,櫻井宏智,,,,S,踏込み中突
3620230731020002,5,落,crash,垣外中勝哉,,,,,振られ浮く
3620230731020009,3,失,disqualified,近藤翔馬,,,,B,３角で斜行
3620230731020011,2,落,crash,渡邉雅也,,,,S,成田掬われ
3620230731020011,7,落,crash,阿竹智史,,,,,成田掬われ
3620230731020011,5,失,disqualified,成田和也,,,,,押上げ１失
3620230731030011,6,失,disqualified,佐々木和紀,,,,,
3620230806020005,5,落,crash,伊藤成紀,,,,,
3620230806020005,6,失,disqualified,吉原友彦,,,,,
3620230814020001,4,故,accident_finish,工藤考生,,,,,
3620230814020005,6,落,crash,清水一博,,,,,
3620230919010002,2,落,crash,西田大志,,,,,絡んで落車
3620230919010002,5,落,crash,林明宏,,,,,乗上げ落車
3620230919010002,6,失,disqualified,渡辺聖,,,,,押上げ落失
3620230919010010,7,失,disqualified,山賀雅仁,,,,,内抜き１失
3620230919020009,7,落,crash,柴田洋輔,,,,,４角絡み落
3620231012020009,1,落,crash,石原颯,,,,,最終Ｂ落車
3620231012030003,3,失,disqualified,山田裕哉,,,,,外張り掬れ
3620231012030011,4,落,crash,不破将登,,,,,乗上げ落車
3620231012030011,6,落,crash,吉田茂生,,,,,ＨＳ落車し
3620231012030012,2,落,crash,岡光良,,,,,前に乗上げ
3620231012030012,5,落,crash,堤洋,,,,,落車巻込れ
3620231012030012,9,落,crash,松尾信太郎,,,,,落車巻込れ
3620231012030012,7,失,disqualified,松坂洋平,,,,,斜行し失格
3620231012040002,4,落,crash,田中陽平,,,,,
3620240110020003,1,落,crash,阪本正和,,,,,Ｂ接触落車
3620240110020003,2,落,crash,大崎和也,,,,,乗上げ落車
3620240110020003,5,落,crash,佐々木孝司,,,,,絡んで落車
3620240115010003,7,欠,absent,内田淳,,,,,
3620240115010007,5,落,crash,栗原稔貴,,,,,
3620240115020003,2,失,disqualified,廣川貞治,,,,,
3620240115020003,5,失,disqualified,明星晴道,,,,,
3620240115030004,1,落,crash,早川成矢,,,,,
3620240124010001,1,失,disqualified,徳丸泰教,,,,S,
3620240124010004,2,落,crash,吉原友彦,,,,,
3620240204020006,6,失,disqualified,坪内恒,,,,,
3620240204030002,5,落,crash,佐伯辰哉,,,,S,
3620240210010003,3,落,crash,羽石国臣,,,,,
3620240210010003,7,落,crash,海野晃,,,,,
3620240216010001,2,落,crash,内田淳,,,,,
3620240216010001,6,落,crash,高橋由記,,,,,
3620240216020003,3,失,disqualified,清水吉康,,,,,
3620240216020006,7,落,crash,宮澤晃,,,,,
3620240216020006,6,失,disqualified,椿佳友,,,,,
3620240216030001,3,欠,absent,米丸俊成,,,,,
3620240216030003,4,失,disqualified,尾崎勝弘,,,,,
3620240216030006,4,落,crash,松本昌士,,,,,
3620240221010002,7,欠,absent,柴田功一郎,,,,,当日欠場
3620240221010005,1,落,crash,成清貴之,,,,,
3620240221010005,5,失,disqualified,菊池竣太朗,,,,,
3620240221010007,3,落,crash,小埜正義,,,,,
3620240221010007,2,故,accident_finish,齋藤登志信,,,,,
3620240221020001,1,欠,absent,宝満大作,,,,,当日欠場
3620240221020005,2,欠,absent,五十嵐綾,,,,,当日欠場
3620240221030002,3,欠,absent,櫻川雅彦,,,,,
3620240228010002,1,落,crash,川野正芳,,,,S,
3620240228010002,6,落,crash,四元慎也,,,,,
3620240304020007,1,落,crash,坂上忠克,,,,,
3620240304020007,4,落,crash,深瀬泰我,,,,,
3620240304020007,6,落,crash,大畑裕貴,,,,B,
3620240304020007,7,落,crash,丸山啓一,,,,,
3620240304020007,5,失,disqualified,疋田力也,,,,,
3620240309010002,7,失,disqualified,高森圭介,,,,,
3620240309030004,7,落,crash,菱沼元樹,,,,,
3620240408020002,2,落,crash,山内大作,,,,S,切替え落車
3620240408020002,7,失,disqualified,手島志誠,,,,,接触離れて
3620240408020011,4,落,crash,橋本智昭,,,,,早々に落車
3620240408020011,7,落,crash,久米良,,,,,乗り上げて
3620240408030003,4,落,crash,矢部駿人,,,,B,
3620240408030011,2,落,crash,名川豊,,,,,
3620240413010009,1,欠,absent,幸田光博,,,,,
3620240413020002,4,失,disqualified,藤原義晴,,,,,
3620240427020005,6,落,crash,大利航平,,,,,
3620240427030002,3,落,crash,會田正一,,,,,
3620240518010008,5,失,disqualified,梁島邦友,,,,,押上げ失格
3620240518020006,5,失,disqualified,吉田茂生,,,,,過失走行し
3620240522010011,5,欠,absent,纐纈洸翔,,,,,当日欠場
3620240522020007,1,欠,absent,柿本大貴,,,,,当日欠場
3620240522020008,1,落,crash,飯田辰哉,,,,S,４角で接触
3620240522020010,1,落,crash,阿部拓真,,,,S,接触し落車
3620240522020010,5,失,disqualified,藤田勝也,,,,,絡まれ落車
3620240605010007,6,失,disqualified,國村美留莉,,,,,
3620240605020001,1,落,crash,有賀高士,,,,,
3620240605020006,7,落,crash,宇野紅音,,,,,
3620240605020006,2,失,disqualified,枝光美奈,,,,,
3620240619030007,1,落,crash,佐々木和紀,,,,,
3620240619030007,2,落,crash,藤田周磨,,,,,
3620240619030007,4,落,crash,成清貴之,,,,S,
3620240624010006,3,落,crash,荻原尚人,,,,,併走落車し
3620240624010006,5,落,crash,上原龍,,,,,挟まれ落車
3620240624010006,1,失,disqualified,岡光良,,,,,押圧し失格
3620240624020006,2,欠,absent,荻原尚人,,,,,当日欠場
3620240624020007,1,落,crash,武井大介,,,,S,併走乗り上
3620240624020007,2,落,crash,福田滉,,,,,外併走落車
3620240624020007,5,落,crash,相澤政宏,,,,,乗り上げて
3620240708010012,5,落,crash,嶋津拓弥,,,,,煽受け落車
3620240708010012,3,失,disqualified,稲川翔,,,,,外張り失格
3620240708020010,1,欠,absent,嶋津拓弥,,,,,当日欠場し
3620240708020012,1,落,crash,菅田壱道,,,,S,競合い落車
3620240708020012,3,落,crash,芦澤大輔,,,,,接触し落車
3620240708020012,6,失,disqualified,清水剛志,,,,,接触し落車
3620240722020001,7,失,disqualified,齋藤輝彦,,,,,
3620240727010003,7,欠,absent,岡嵜浩一,,,,,
3620240727030006,1,失,disqualified,萩原瑞生,,,,S,
3620240806010002,1,落,crash,高比良豪,,,,,乗上げ落車
3620240806010002,3,落,crash,米嶋賢二,,,,,落車巻込れ
3620240806010002,5,失,disqualified,中岡海,,,,S,鐘前で落車
3620240806010010,6,落,crash,田頭寛之,,,,,張られ落車
3620240806010010,3,失,disqualified,岡田泰地,,,,,斜行し落失
3620240824020001,4,落,crash,上田裕和,,,,,中入り落車
3620240824020002,2,落,crash,高久保雄介,,,,S,打鐘で落車
3620240824020002,9,落,crash,松岡健介,,,,,乗り上げて
3620240824020002,6,失,disqualified,鶴良生,,,,,番手飛付く
3620240824020004,4,欠,absent,門田凌,,,,,当日欠場し
3620240824020005,1,落,crash,成松春樹,,,,,叩かれ一杯
3620240824020005,3,落,crash,佐伯亮輔,,,,B,番手捲られ
3620240824020005,7,失,disqualified,河端朋之,,,,,捲るも失格
3620240824030005,1,落,crash,河合佑弥,,,,,挟まれ落車
3620240824030005,5,落,crash,小林圭介,,,,,乗り上げて
3620240824030005,9,落,crash,河野通孝,,,,,捲り上げ落
3620240824030005,7,失,disqualified,上田尭弥,,,,B,赤板叩いて
3620240824030007,7,失,disqualified,嶋津拓弥,,,,,捲るも失格
3620240824030012,4,落,crash,山口多聞,,,,,接触落車し
3620240908010005,7,欠,absent,角宗哉,,,,,
3620240908020002,5,欠,absent,米丸俊成,,,,,
3620240908030001,7,欠,absent,幸津博,,,,,
3620240921010008,5,欠,absent,島川将貴,,,,,当日欠場
3620240921010012,7,落,crash,久田裕也,,,,,根田叩けず
3620240921010012,6,失,disqualified,嶋津拓弥,,,,S,押上げ落失
3620240921020001,3,落,crash,畠山裕行,,,,,中野掬われ
3620240921020005,4,失,disqualified,伊藤温希,,,,,内抜き４失
3620240921030008,1,失,disqualified,小林令,,,,S,
3620240930020004,7,落,crash,竹田和幸,,,,,
3620240930030001,2,落,crash,吉野猛,,,,,
3620240930030001,5,落,crash,安藤宜明,,,,,
3620240930030001,6,落,crash,藤野竜也,,,,,
3620240930030001,7,落,crash,佐々木健司,,,,,
3620240930030001,4,失,disqualified,板橋慎治,,,,S,
3620241007010001,7,失,disqualified,椿佳友,,,,,
3620241007020004,6,失,disqualified,明星晴道,,,,,
3620241007030002,7,欠,absent,赤松誠一,,,,,
3620250930020004,2,失,disqualified,泉谷直哉,,,,,
3620250930030002,6,落,crash,武田靖夫,,,,,
3620251018020003,2,落,crash,吉川嘉斗,,,,,
3620251018020003,6,落,crash,岸川哲也,,,,,
3620251018020003,7,失,disqualified,櫻木雄太,,,,,
3620251106010003,5,故,accident_finish,木村皆斗,,,,,
3620251106040009,3,落,crash,山崎芳仁,,,,,
3620251106040009,7,落,crash,須永優太,,,,,
3620251113010009,5,落,crash,杉本正隆,,,,,
3620251113010009,7,落,crash,山岸佳太,,,,,
3620251113010009,9,落,crash,山根慶太,,,,,
3620251113030001,2,欠,absent,佐竹和也,,,,,
3620251113030008,5,落,crash,久島尚樹,,,,,
3620251113040006,8,落,crash,近谷涼,,,,,
3620251119010001,7,失,disqualified,相笠翔太,,,,,
3620251119010005,2,失,disqualified,遠藤拓巳,,,,B,
3620251119030002,3,落,crash,矢田晋,,,,,
3620251119030002,4,落,crash,石井毅,,,,,
3620251119030003,3,落,crash,原田泰志,,,,,
3620251119030003,7,故,accident_finish,植木和広,,,,,
3620251119030004,1,落,crash,小林申太,,,,,
3620251119030004,2,失,disqualified,石橋慎太郎,,,,S,
3620251125030005,5,落,crash,清水剛志,,,,,
3620251207030006,2,落,crash,小田恭介,,,,B,
3620251207030006,6,落,crash,森川康輔,,,,,
3620251207030006,7,落,crash,岩崎将士,,,,,
3620251219010004,2,落,crash,沖本尚織,,,,,
3620251219010004,6,落,crash,門馬琢麿,,,,,
3620251219020006,1,欠,absent,吉川美穂,,,,,
3620251224030012,1,落,crash,佐々木眞也,,,,S,
3620251224030012,2,落,crash,佐々木豪,,,,B,
3620260103010002,5,落,crash,菅谷隆司,,,,,
3620260103010007,6,落,crash,浦川尊明,,,,,
3620260103010007,7,失,disqualified,加藤圭一,,,,,
3620260125030010,7,失,disqualified,新田康仁,,,,,
3620260130020002,4,落,crash,山崎敦雄,,,,,
3620260216020001,4,失,disqualified,柴田昌樹,,,,,
3620260216020001,6,故,accident_finish,笹川竜治,,,,,
3620260216020007,2,失,disqualified,中村鈴花,,,,,
3620260216030005,3,落,crash,土井慎二,,,,,
3620260225010009,6,落,crash,舘泰守,,,,,落車棄権し
3620260225010009,7,落,crash,尾形鉄馬,,,,,落車棄権し
3620260225010009,4,失,disqualified,加藤将武,,,,,押上げ失格
3620260225010012,3,落,crash,田中勇二,,,,,落車棄権し
3620260225020002,6,落,crash,亀井宏佳,,,,,落車棄権し
3620260225020002,3,失,disqualified,黒川渉,,,,,外入で失格
3620260225020004,6,落,crash,北村篤,,,,,落車棄権し
3620260303030004,7,失,disqualified,阿久津修,,,,,
3620260303030007,4,落,crash,二藤元太,,,,S,
3620260316020003,1,落,crash,谷口明正,,,,S,終４角落車
3620260316020009,3,失,disqualified,田中誠,,,,,押上げ失格
3620260326010001,1,落,crash,有賀高士,,,,,落車棄権し
3620260326010001,5,失,disqualified,中嶋響,,,,B,早期追抜き
3620260326020003,2,落,crash,薮謙治,,,,,落車棄権し
3620260326020003,6,落,crash,村松俊弥,,,,,落車棄権し
3620260326030008,6,失,disqualified,佐藤正吾,,,,,
3620260401010004,7,失,disqualified,内海雅夫,,,,,
3620260401020002,5,欠,absent,長岡豪,,,,,
3620260401020004,1,落,crash,佐藤有輝,,,,,
3620260401020004,5,落,crash,眞原健一,,,,,
3620260401020004,2,失,disqualified,小田桐義継,,,,,
3620260409010002,1,失,disqualified,富永昌久,,,,,内抜き失格
3620260515020010,4,失,disqualified,小倉竜二,,,,,３着入失格
3620260515020011,3,落,crash,香川雄介,,,,,G前落車し
3620260515030008,7,落,crash,田中勇二,,,,,
3620260531010003,5,失,disqualified,吉川裕二,,,,,
3620260531020002,5,失,disqualified,小谷文康,,,,,
3620260614010002,5,落,crash,野木義規,,,,,
3620260614020004,7,落,crash,野崎修一,,,,,
3620260614020004,6,失,disqualified,宮原貴之,,,,,
4420230106030002,3,落,crash,多田司,,,,,
4420230106030002,5,落,crash,辻本達矢,,,,,
4420230113020001,1,落,crash,古寺伸洋,,,,S,２角で落車
4420230113020001,2,失,disqualified,永原徹,,,,,追上げ押圧
4420230113020012,5,落,crash,須藤悟,,,,,鐘３半落車
4420230123020001,1,欠,absent,野口諭実可,,,,,
4420230123020102,3,欠,absent,山本さくら,,,,,
4420230201010003,5,落,crash,後藤浩二,,,,,
4420230201020005,4,落,crash,重一徳,,,,,
4420230201020005,1,失,disqualified,梶原秀庸,,,,S,
4420230208010005,5,失,disqualified,松山正和,,,,,
4420230213020005,3,失,disqualified,元砂海人,,,,,
4420230218020008,6,落,crash,小室貴広,,,,,
4420230218020008,2,失,disqualified,伊藤世哉,,,,,
4420230304010001,6,落,crash,元砂勇雪,,,,,中突き接触
4420230304010011,9,落,crash,伊藤大志,,,,,殿尻内突込
4420230304020002,2,落,crash,石川雅望,,,,,斬込阻まれ
4420230304020002,5,落,crash,小菅誠,,,,,鐘過押込れ
4420230304020002,3,失,disqualified,成清貴之,,,,,内締め斜行
4420230304020006,4,落,crash,松岡孔明,,,,,掬い内潜り
4420230304020006,5,落,crash,坂口晃輔,,,,,懸命援護し
4420230304030002,7,失,disqualified,大澤雄大,,,,,掬われ押圧
4420230314010001,4,落,crash,多田司,,,,,
4420230314010003,6,失,disqualified,宮原貴之,,,,,
4420230314030005,4,落,crash,乾庄平,,,,,
4420230320010005,7,欠,absent,丸林一孝,,,,,
4420230320010006,1,欠,absent,安藤直希,,,,,
4420230320010008,6,落,crash,石貞有基,,,,,
4420230320010008,7,落,crash,川本恵二,,,,,
4420230326010002,7,失,disqualified,清水正人,,,,,
4420230326010006,4,落,crash,山田純也,,,,,
4420230326010006,7,落,crash,相澤恵一,,,,,
4420230326010006,5,失,disqualified,川上真吾,,,,S,
4420230326020002,5,失,disqualified,菅藤智,,,,,
4420230407020001,1,失,disqualified,幡中幸弘,,,,,
4420230425020001,2,欠,absent,三田村謙祐,,,,,
4420230425020006,1,落,crash,渡辺正光,,,,,
4420230425020006,5,失,disqualified,金山栄治,,,,,
4420230425030005,1,落,crash,平沼由充,,,,S,
4420230508020012,2,失,disqualified,松本貴治,,,,B,初周内抜き
4420230508030002,3,落,crash,坂田章,,,,,
4420230508030008,1,落,crash,藤井昭吾,,,,S,
4420230519020005,2,失,disqualified,鈴木規純,,,,,押上げ失格
4420230519020009,5,欠,absent,川西亮介,,,,,当日欠場し
4420230519020010,7,失,disqualified,笹倉慎也,,,,,内に斬込み
4420230603010002,1,落,crash,村田雅一,,,,S,ＢＳ前落車
4420230603010005,1,失,disqualified,上田国広,,,,S,牽制蛇行し
4420230603030009,4,落,crash,鈴木誠,,,,,落避柵激突
4420230603030009,6,落,crash,佐々木堅次,,,,,もつれ煽受
4420230603030009,9,落,crash,阿竹智史,,,,,コース塞れ
4420230603040009,3,失,disqualified,中島詩音,,,,B,
4420230610010008,7,落,crash,阪本正和,,,,,コース突込
4420230610030005,4,落,crash,後藤彰仁,,,,,
4420230610030005,1,失,disqualified,二條祐也,,,,S,
4420230619020002,4,欠,absent,柴田了,,,,,
4420230701020005,2,失,disqualified,樋口有樹郎,,,,,
4420230701020005,5,故,accident_finish,石川一浩,,,,,
4420230718030003,5,落,crash,櫻木雄太,,,,,
4420230718030003,1,失,disqualified,滝川秀嗣,,,,,
4420230807020002,7,欠,absent,白木正彦,,,,,当日欠場
4420230807020002,2,失,disqualified,木村元信,,,,,内追上げも
4420230807020007,4,欠,absent,花村直人,,,,,当日欠場
4420230807020010,4,失,disqualified,亀谷隆一,,,,,Ｈ手前落車
4420230807030007,3,落,crash,真田晃,,,,,
4420230807030007,5,落,crash,佐藤竜太,,,,B,
4420230920020001,6,欠,absent,田中千尋,,,,,
4420230920020005,3,失,disqualified,鈴木涼介,,,,B,
4420231029010006,1,落,crash,山口聖矢,,,,,３半接触落
4420231029010006,7,落,crash,松尾勇吾,,,,,３半接触落
4420231029010011,2,落,crash,澤田義和,,,,,乗上げ落車
4420231029010011,7,落,crash,山口富生,,,,,中割れず落
4420231104020008,3,失,disqualified,安藤直希,,,,,
4420231116020004,3,落,crash,磯島成介,,,,,捲り併され
4420231116020007,6,落,crash,連佛康浩,,,,,鐘過ぎ落車
4420231116040006,1,失,disqualified,片折亮太,,,,,
4420231205010001,6,欠,absent,長澤和光,,,,,
4420231205030002,4,欠,absent,小峰一貴,,,,,
4420231205030002,3,失,disqualified,赤石聡,,,,B,
4420231211010003,3,落,crash,隅貴史,,,,,４角で落車
4420231211010006,7,落,crash,枝光美奈,,,,,２角で落車
4420231211020002,4,欠,absent,仲山桂,,,,,当日欠場し
4420231211030012,7,失,disqualified,山田久徳,,,,,
4420231223020006,3,失,disqualified,田崎良太郎,,,,,
4420231223030002,4,失,disqualified,芦川大雄,,,,,
4420231231020007,2,欠,absent,志村龍己,,,,,当日欠場
4420231231030003,2,落,crash,宇賀神浩幸,,,,,
4420231231030003,7,落,crash,山崎敦雄,,,,,
4420240107020002,4,落,crash,笹川竜治,,,,,直線乗上げ
4420240107020002,5,落,crash,清水一博,,,,,絶好妨害受
4420240107020002,2,失,disqualified,鈴木龍之介,,,,,突込み押上
4420240216010003,1,落,crash,山中崇弘,,,,S,
4420240216010003,4,落,crash,岡田大門,,,,,
4420240216010009,1,落,crash,中川勝貴,,,,,
4420240222010001,3,失,disqualified,藤野竜也,,,,,
4420240222010005,2,落,crash,中澤央治,,,,,
4420240222020009,6,失,disqualified,西郷剛,,,,,
4420240222030001,4,失,disqualified,岡田哲夫,,,,,
4420240222030008,2,故,accident_finish,山田駿斗,,,,S,
4420240320030002,6,欠,absent,芦川大雄,,,,,
4420240326010009,6,失,disqualified,村田雅一,,,,,
4420240326020001,1,欠,absent,宮崎一彰,,,,,
4420240326030009,4,落,crash,東龍之介,,,,,
4420240401020003,4,落,crash,藤井孝則,,,,,
4420240410020006,5,落,crash,安藤宜明,,,,,
4420240410020006,6,落,crash,阿部宏之,,,,,
4420240410030001,6,欠,absent,猪子真実,,,,,
4420240419020006,7,落,crash,肥後公允,,,,,
4420240419030001,1,落,crash,板根茜弥,,,,,
4420240419030001,5,落,crash,本多優,,,,,
4420240509010006,1,欠,absent,奥村諭志,,,,,当日欠場
4420240509010011,5,落,crash,岡本大嗣,,,,,位置絡まれ
4420240509020009,2,落,crash,松永将,,,,,競り合い落
4420240509020009,5,落,crash,阪本和也,,,,,競り合い落
4420240509020009,7,失,disqualified,蕗澤鴻太郎,,,,B,イエロー失
4420240519010003,7,失,disqualified,奥森敏,,,,,徐々に離れ
4420240519010011,6,失,disqualified,山本恵太郎,,,,,内側追抜き
4420240519020009,4,落,crash,北川紋部,,,,,４角前落車
4420240519030009,6,欠,absent,中野彰人,,,,,
4420240605020005,1,失,disqualified,後藤彰仁,,,,S,押上げ落失
4420240605030003,3,欠,absent,小林裕一朗,,,,,
4420240605030008,1,失,disqualified,青森伸也,,,,,
4420240605030012,5,落,crash,川口聖二,,,,,
4420240605030012,7,失,disqualified,山口敦也,,,,,
4420240617030008,2,落,crash,山中秀将,,,,S,
4420240617030008,5,失,disqualified,小原丈一郎,,,,B,
4420240705020006,5,落,crash,大井啓世,,,,,接触し落車
4420240705020006,6,落,crash,齋藤輝彦,,,,,接触し落車
4420240705020009,5,失,disqualified,藤井準也,,,,,押圧し失格
4420240705030001,1,欠,absent,舟元権造,,,,,
4420240713010002,1,失,disqualified,會田正一,,,,,
4420240713020001,2,落,crash,岡嵜浩一,,,,,
4420240713020001,3,落,crash,坂本敏也,,,,,
4420240713020004,2,失,disqualified,塚本貴雄,,,,,
4420241105010001,2,落,crash,太田瑛美,,,,,
4420241105010001,6,落,crash,吉村美有紀,,,,,
4420241105010001,7,落,crash,森内愛香,,,,,
4420241105030004,5,失,disqualified,北川紋部,,,,,
4420241115020004,5,欠,absent,望月裕一郎,,,,,
4420241125010004,3,落,crash,長野和弘,,,,,先行ハコも
4420241125010010,3,失,disqualified,北村信明,,,,,斜行し失格
4420241125010010,1,故,accident_finish,谷口明正,,,,,車体故障し
4420241125020003,4,失,disqualified,中石昌芳,,,,,前ワンツー
4420241130010007,3,落,crash,伊藤裕貴,,,,,乗上げ落車
4420241130010007,4,落,crash,犬塚貴之,,,,,妨害受けて
4420241130010007,6,落,crash,志水祐彦,,,,,接触し落車
4420241130010007,7,失,disqualified,菊池岳仁,,,,,押上げ失格
4420241130010009,1,落,crash,東口善朋,,,,,落車巻込れ
4420241130010009,7,落,crash,澤田義和,,,,,接触し落車
4420241130010009,5,失,disqualified,福田滉,,,,,斬込み落失
4420241130020002,7,失,disqualified,山内卓也,,,,,斜行し失格
4420241130020012,7,落,crash,新村穣,,,,,３半で落車
4420241130020012,5,失,disqualified,山口泰生,,,,,押上げ失格
4420241130030005,7,落,crash,酒井拳蔵,,,,,妨害受けて
4420241130030005,8,落,crash,須藤悟,,,,,乗上げ落車
4420241130030005,1,失,disqualified,佐藤壮,,,,,斜行し失格
4420250102030004,1,欠,absent,樫山恭柄,,,,,
4420250114010004,6,失,disqualified,吉松賢二,,,,,カマされて
4420250114010005,7,落,crash,高橋陽介,,,,,接触し落車
4420250114030002,2,失,disqualified,藤井孝則,,,,,
4420250114030010,4,失,disqualified,武田豊樹,,,,,
4420250225010002,3,欠,absent,山村慮太,,,,,
4420250225010007,5,落,crash,岡村育子,,,,,
4420250225010007,7,落,crash,大久保花梨,,,,,
4420250225010007,1,失,disqualified,伊澤茉那,,,,,
4420250225010011,3,欠,absent,峠祐介,,,,,
4420250225030003,4,失,disqualified,吉澤賢,,,,,
4420250304020004,1,落,crash,根本雄紀,,,,,
4420250304020004,2,落,crash,大橋直人,,,,,
4420250313010003,6,落,crash,島田竜二,,,,,落車乗上げ
4420250313010003,7,落,crash,堀内俊介,,,,,張られ落車
4420250313010003,9,落,crash,嶋田誠也,,,,,煽受け落車
4420250313010003,3,失,disqualified,中田健太,,,,,斜行し失格
4420250313010006,2,失,disqualified,濱田浩司,,,,S,３半内入落
4420250313020007,1,落,crash,松岡篤哉,,,,,Ｈ接触落車
4420250313020007,9,落,crash,山本勝利,,,,S,落車巻込れ
4420250313020007,2,失,disqualified,徳永哲人,,,,,Ｈ落車失格
4420250313020011,2,落,crash,簗田一輝,,,,,３半落車し
4420250313020011,5,落,crash,田中誠,,,,,３半落車し
4420250329020005,5,落,crash,橋本智昭,,,,,
4420250329020005,7,落,crash,笹倉慎也,,,,,
4420250404020005,5,落,crash,坂本英一,,,,,
4420250404020005,6,落,crash,塚本諭,,,,,
4420250404020005,7,落,crash,細田純平,,,,,
4420250416030001,5,落,crash,林修平,,,,,
4420250508020005,1,落,crash,小原丈一郎,,,,S,HS過落車
4420250508030006,2,失,disqualified,吉田健市,,,,,
4420250514010002,6,落,crash,三浦平志郎,,,,,牽制受落車
4420250514010002,1,失,disqualified,垣外中勝哉,,,,S,牽制落車し
4420250514010007,2,落,crash,松山桂輔,,,,,接触し落車
4420250514010007,3,故,accident_finish,江本博明,,,,,車体故障し
4420250514030002,3,欠,absent,對馬太陽,,,,,
4420250520010012,2,落,crash,志智俊夫,,,,,
4420250520010012,6,落,crash,湊聖二,,,,,
4420250520010012,3,失,disqualified,中本匠栄,,,,,
4420250520020009,1,落,crash,小林令,,,,,
4420250520020009,3,失,disqualified,中村良二,,,,,
4420250520020012,4,欠,absent,湊聖二,,,,,
4420250606010008,2,落,crash,中村浩士,,,,,
4420250606010008,3,落,crash,篠原忍,,,,,
4420250606020003,6,落,crash,小浦凪,,,,,
4420250628010005,5,落,crash,井上嵩,,,,,
4420250628010005,6,落,crash,渡邉直弥,,,,,
4420250628010005,7,落,crash,杉浦康一,,,,,
4420250628010005,3,失,disqualified,中川貴史,,,,,
4420250719010006,1,失,disqualified,藤原悠斗,,,,,
4420250719020002,4,失,disqualified,笹川竜治,,,,S,
4420250719020003,1,失,disqualified,作田悦章,,,,,
4420250719020004,1,落,crash,富安保充,,,,S,
4420250719030001,4,欠,absent,長田彰人,,,,,
4420250806020002,5,失,disqualified,渡邉栞奈,,,,,
4420250806030006,2,失,disqualified,吉川希望,,,,S,
4420251112010002,5,失,disqualified,佐藤亜貴子,,,,,
4420251127020005,2,落,crash,伊藤大彦,,,,,
4420251127020005,4,落,crash,田原宥明,,,,,
4420251127030008,6,落,crash,下条未悠,,,,,
4420251127030008,7,落,crash,戸田瑞姫,,,,S,
4420251127030008,1,失,disqualified,小林優香,,,,,
4420251127030009,5,失,disqualified,櫻井丈,,,,,
4420251209010005,4,落,crash,山田祥明,,,,,
4420251209010005,7,落,crash,松田昂己,,,,,
4420251209020001,3,落,crash,栗林巧,,,,,
4420251209020001,5,落,crash,鈴木宏章,,,,,
4420251215010001,1,欠,absent,小島雅章,,,,,
4420260115030010,1,失,disqualified,渡辺十夢,,,,,
4420260202020002,2,落,crash,伊狩知人,,,,S,
4420260202020002,7,落,crash,小野祐作,,,,,
4420260202020008,3,落,crash,藤原夏志,,,,,
4420260202020008,4,落,crash,木本賢二,,,,,
4420260202020008,6,落,crash,中野功史,,,,,
4420260202020010,2,落,crash,田中秀治,,,,,
4420260228020004,1,落,crash,野中祐志,,,,S,落車乗上げ
4420260228020004,4,落,crash,長田祐弥,,,,,併走落車し
4420260228020004,5,落,crash,関貴之,,,,,乗り上げて
4420260228020006,5,落,crash,佐々木龍,,,,,ＢＳ前落車
4420260228020007,9,落,crash,山口富生,,,,,離れ落車し
4420260228030006,2,落,crash,増原正人,,,,S,バック落車
4420260228040003,7,失,disqualified,竹山陵太,,,,,
4420260313010003,7,失,disqualified,大井啓世,,,,,
4420260313010004,7,落,crash,三浦平志郎,,,,,
4420260313020003,1,欠,absent,鈴木小次廊,,,,,
4420260313030006,1,落,crash,川崎健次,,,,S,
4420260313030006,2,落,crash,渡邊健,,,,,
4420260313030006,6,落,crash,鳥海創,,,,,
4420260325010010,2,落,crash,原誠宏,,,,,
4420260325030012,5,失,disqualified,松本貴治,,,,S,
4420260401020005,7,失,disqualified,野口諭実可,,,,,
4420260401020007,2,落,crash,宮倉勇,,,,,
4420260401020009,4,欠,absent,山口聖矢,,,,,
4420260401020009,1,落,crash,後藤彰仁,,,,,
4420260401020009,5,失,disqualified,桐山敬太郎,,,,S,
4420260401030008,3,落,crash,三好恵一郎,,,,,
4420260401030008,7,落,crash,中井護,,,,,
4420260408020007,1,欠,absent,矢野昌彦,,,,,
4420260413010002,2,落,crash,林佳宗依,,,,S,
4420260413010002,7,落,crash,内海雅夫,,,,,
4420260413010005,3,故,accident_finish,小林宏年,,,,,
4420260413020009,4,落,crash,藤井準也,,,,,
4420260413020009,6,落,crash,辰己豊,,,,,
4420260413020009,7,落,crash,伊藤亮,,,,,
4420260413030001,3,失,disqualified,永山英司,,,,,
4420260419020001,3,欠,absent,鈴木規純,,,,,
4420260419030002,6,欠,absent,浦野慈生,,,,,
4420260513010002,7,欠,absent,伊藤木々音,,,,,
4420260520010009,1,落,crash,佐藤雅春,,,,,
4420260520010009,5,落,crash,中村弘之輔,,,,S,
4420260520020004,4,落,crash,志佐明,,,,,
4420260520020004,5,落,crash,小原周祐,,,,S,
4420260525010004,4,落,crash,吉岡篤志,,,,,
4420260525010004,6,落,crash,山口茂,,,,,
4420260525010007,4,落,crash,橋本智昭,,,,,
4420260608020002,3,欠,absent,梶山裕次郎,,,,,
4420260625010003,2,欠,absent,高田大輔,,,,,
4420260625020002,2,落,crash,西脇美唯奈,,,,,
4420260625020002,4,失,disqualified,高木佑真,,,,,
4420260625020004,7,欠,absent,服部正継,,,,,
4420260625030006,4,失,disqualified,宇野紅音,,,,,
2520230119010012,7,落,crash,小倉竜二,,,,,３角接触落
2520230119030006,6,失,disqualified,松尾淳,,,,,内抜き失格
2520230119030007,6,落,crash,平原啓多,,,,,落車巻込れ
2520230119030007,4,失,disqualified,太田龍希,,,,B,斜行し落失
2520230119030008,6,落,crash,石川裕二,,,,,三角過落車
2520230314010002,3,失,disqualified,富澤洋祐,,,,,内抜き失格
2520230314010003,6,失,disqualified,小野祐作,,,,S,内圏線踏切
2520230314010006,7,失,disqualified,中村由香里,,,,,荒牧追うも
2520230314020003,5,失,disqualified,須々田大昇,,,,,内圏線踏切
2520230314030008,2,落,crash,長野和弘,,,,,
2520230314030008,3,失,disqualified,平山優太,,,,,
2520230324010001,4,失,disqualified,小榑佑弥,,,,B,
2520230324020001,1,,unknown_exception,真崎章徳,,,,,未実施抽選
2520230324020001,4,,unknown_exception,濱田昭一郎,,,,,未実施抽選
2520230324020001,5,,unknown_exception,米倉剛志,,,,,未実施抽選
2520230324020001,6,,unknown_exception,松江健一,,,,,未実施抽選
2520230324020001,2,欠,absent,太田良政,,,,,欠場
2520230324020001,3,欠,absent,宮下潤,,,,,欠場
2520230324030005,2,落,crash,浦山一栄,,,,,
2520230324030005,3,失,disqualified,本馬鎌,,,,,
2520230717020004,1,落,crash,蓮井祐輝,,,,,横内と共倒
2520230717020004,6,失,disqualified,河野淳吾,,,,,切替え番手
2520230824020006,3,失,disqualified,前田義和,,,,,
2520230824030006,2,落,crash,緒方慎太朗,,,,,
2520230915020004,3,失,disqualified,伊藤太一,,,,,
2520230915020006,6,欠,absent,齋藤一茂,,,,,
2520230915030001,4,落,crash,若林耕司,,,,,
2520230915030001,5,落,crash,大竹哲也,,,,,
2520231003010010,6,落,crash,三登誉哲,,,,,落車巻込れ
2520231003010010,3,失,disqualified,尾形鉄馬,,,,,過失走行で
2520231003020009,4,落,crash,湊聖二,,,,,妨害受けて
2520231003020009,6,失,disqualified,坂本将太郎,,,,,押圧し失格
2520231003030008,2,故,accident_finish,嶋田誠也,,,,,
2520231015010005,7,欠,absent,徳田匠,,,,,
2520231015010005,4,落,crash,白井一機,,,,,
2520231015010005,5,落,crash,宮倉勇,,,,,
2520231015010005,2,失,disqualified,佐野梅一,,,,S,
2520231104010003,4,落,crash,神開将暢,,,,,
2520231202010008,4,欠,absent,川口公太朗,,,,,当日欠場
2520231202020003,1,落,crash,本郷雄三,,,,S,妨害受けて
2520231202020003,3,失,disqualified,宗景祐樹,,,,,①を押圧し
2520240105010009,6,落,crash,宮下貴之,,,,,接触し落車
2520240105010009,8,落,crash,西田将士,,,,,落車乗上げ
2520240105010009,1,失,disqualified,松尾勇吾,,,,,Ｂ捲り不発
2520240105020001,3,欠,absent,西田将士,,,,,当日欠場
2520240105020003,4,落,crash,三宅裕武,,,,,接触し落車
2520240105020003,5,落,crash,山田雄大,,,,,接触し落車
2520240105020003,8,落,crash,福田滉,,,,,接触し落車
2520240105030011,2,落,crash,浅井康太,,,,,接触し落車
2520240105030011,9,落,crash,三谷竜生,,,,B,３角で落車
2520240105040010,2,失,disqualified,中本匠栄,,,,S,
2520240121010004,1,失,disqualified,桜井宏樹,,,,,最後外強襲
2520240121010012,1,失,disqualified,西村豊,,,,,荒木と競合
2520240121020001,4,失,disqualified,片山大輔,,,,S,大沢競負け
2520240121020002,3,失,disqualified,宮下潤,,,,,直線内伸び
2520240121030001,5,失,disqualified,平澤秀信,,,,,
2520240301030002,7,落,crash,渡邊秀明,,,,,
2520240301030002,5,失,disqualified,岩橋則明,,,,,
2520240301030012,7,失,disqualified,成田和也,,,,,
2520240318030001,6,欠,absent,組橋一高,,,,,
2520240318030002,3,欠,absent,白木正彦,,,,,
2520240415020001,6,落,crash,岩崎大和,,,,,接触し落車
2520240415020003,3,落,crash,二條祐也,,,,S,捲りに切れ
2520240415020003,6,落,crash,石井孝,,,,,成清に続き
2520240415020003,1,失,disqualified,成清貴之,,,,,押上げ失格
2520240427020001,6,失,disqualified,岡俊行,,,,,内側追抜き
2520240427020008,7,失,disqualified,増田鉄男,,,,,流込も失格
2520240427030002,5,失,disqualified,相良勝美,,,,,
2520240427030012,4,落,crash,山本勝利,,,,,
2520240427030012,7,落,crash,原田泰志,,,,,
2520240427030012,2,失,disqualified,落合達彦,,,,,
2520240514020001,2,欠,absent,椿佳友,,,,,当日欠場
2520240514020002,7,失,disqualified,舟元権造,,,,,押上げ失格
2520240514030005,6,欠,absent,高本美穂,,,,,
2520240527010004,3,落,crash,楠本政明,,,,,
2520240527020004,5,失,disqualified,北沢勝弘,,,,,
2520240527020005,4,落,crash,菊池崇訓,,,,S,
2520240527020005,3,失,disqualified,行成大祐,,,,,
2520240608010011,2,落,crash,宗崎世連,,,,,突っ張られ
2520240608030005,3,失,disqualified,西田将士,,,,S,
2520240608030009,6,落,crash,内山雅貴,,,,,
2520240608030009,1,失,disqualified,小畑勝広,,,,,
2520240719010004,5,落,crash,北沢勝弘,,,,,
2520240719010004,7,落,crash,沼川夢久,,,,,
2520240719010004,4,失,disqualified,北村篤,,,,,
2520240719030002,1,落,crash,木幡幸仁,,,,,
2520240719030002,2,落,crash,石井孝,,,,,
2520240724010005,1,,unknown_exception,菅原裕太,,,,,未実施抽選
2520240724010005,2,,unknown_exception,鈴木謙二,,,,,未実施抽選
2520240724010005,3,,unknown_exception,鷲見逸喜,,,,,未実施抽選
2520240724010005,4,,unknown_exception,渡辺航平,,,,,未実施抽選
2520240724010005,5,,unknown_exception,成清貴之,,,,,未実施抽選
2520240724010005,6,,unknown_exception,中川貴史,,,,,未実施抽選
2520240724010005,7,,unknown_exception,幸田望夢,,,,,未実施抽選
2520240724020003,1,失,disqualified,鷲見逸喜,,,,S,外張り浮く
2520240724020010,1,失,disqualified,杉本正隆,,,,,絡まれ後退
2520240724030012,5,落,crash,小原太樹,,,,,
2520240724030012,6,落,crash,久木原洋,,,,,
2520240724030012,2,失,disqualified,阿部力也,,,,S,
2520240918020005,1,落,crash,真田晃,,,,,
2520240918020005,6,落,crash,藤岡徹也,,,,,
2520241119030006,1,落,crash,齊藤竜也,,,,,
2520241119030006,2,落,crash,江連和洋,,,,,
2520241119030010,2,落,crash,川越勇星,,,,,
2520241204020003,7,落,crash,高橋隆太,,,,,
2520241204020003,5,失,disqualified,柏木伸介,,,,,
2520241217010002,3,落,crash,高橋明久,,,,,接触し落車
2520241217010003,5,失,disqualified,泉文人,,,,,内側追抜き
2520241217010005,5,欠,absent,伊藤世哉,,,,,当日欠場
2520241217010011,4,落,crash,泉慶輔,,,,,直線で接触
2520241217030003,2,落,crash,吉田昌弘,,,,,
2520241217030004,1,欠,absent,溝口葵,,,,,
2520241217030006,2,落,crash,伊藤健詞,,,,,
2520241217030006,4,落,crash,萩原孝之,,,,,
2520241217030006,5,失,disqualified,丸山直樹,,,,,
2520241217030007,5,欠,absent,下井竜,,,,,
2520250116030012,5,落,crash,平原康多,,,,,落車巻込れ
2520250116030012,7,落,crash,宿口陽一,,,,,三半落車し
2520250116030012,1,失,disqualified,森田優弥,,,,,先行外張り
2520250124010009,2,落,crash,緑川修平,,,,,捲り進まず
2520250124010009,6,落,crash,北村篤,,,,,先手乗るも
2520250220010001,1,落,crash,白木正彦,,,,S,
2520250220010001,6,落,crash,林邦彦,,,,,
2520250313010009,2,落,crash,木村隆弘,,,,,接触し落車
2520250313010009,6,失,disqualified,寺崎祐樹,,,,,木村押上げ
2520250319010104,1,失,disqualified,古田義明,,,,,
2520250319010111,4,落,crash,土屋壮登,,,,,
2520250319010111,1,失,disqualified,玉手翔,,,,,
2520250319030009,5,失,disqualified,金子周一郎,,,,,
2520250319040007,7,欠,absent,太田真一,,,,,
2520250417020007,1,欠,absent,山本拳也,,,,,当日欠場
2520250417020010,3,失,disqualified,安彦統賀,,,,,押上げ失格
2520250417030009,4,失,disqualified,中田健太,,,,,
2520250417030009,2,故,accident_finish,松坂洋平,,,,,
2520250426030002,5,落,crash,山崎敦雄,,,,S,
2520250426030002,7,落,crash,金子周一郎,,,,,
2520250524010005,1,落,crash,竹村達也,,,,S,
2520250524010005,4,落,crash,齋藤仁,,,,,
2520250524010005,2,失,disqualified,栗原稔貴,,,,,
2520250524020003,3,失,disqualified,鳥丸晃順,,,,S,
2520250627010002,5,欠,absent,金田舞夏,,,,,
2520250627030004,5,落,crash,岡本翔,,,,S,
2520250627030004,1,失,disqualified,稲留敦貴,,,,B,
2520250705010004,7,落,crash,森佑樹,,,,,
2520250705030007,3,落,crash,湯浅弘光,,,,,
2520250705030007,4,落,crash,内田淳,,,,,
2520250815010007,2,落,crash,梅崎隆介,,,,,妨害受けて
2520250815010007,5,失,disqualified,坂本周輝,,,,,斜行し失格
2520250815010008,5,落,crash,吉田勇人,,,,,直線で落車
2520250815010010,1,落,crash,中田健太,,,,S,前落車乗上
2520250815010010,3,落,crash,佐藤真一,,,,,前落車絡み
2520250815010010,4,失,disqualified,藤田周磨,,,,,押上げ失格
2520250911010010,1,,unknown_exception,中島将尊,,,,,未実施抽選
2520250911010010,2,,unknown_exception,田中誇士,,,,,未実施抽選
2520250911010010,3,,unknown_exception,片山弘城,,,,,未実施抽選
2520250911010010,4,,unknown_exception,中村泰輔,,,,,未実施抽選
2520250911010010,5,,unknown_exception,峠祐介,,,,,未実施抽選
2520250911010010,6,,unknown_exception,荻野哲,,,,,未実施抽選
2520250911010010,7,,unknown_exception,高橋泰裕,,,,,未実施抽選
2520250911020002,7,欠,absent,山本和瑳,,,,,当日欠場
2520250929020006,7,落,crash,中川諒子,,,,,二角過落車
2520251010010003,4,失,disqualified,藤井優希,,,,,斜行し失格
2520251010030008,6,落,crash,久保田泰弘,,,,,
2520251109010004,6,欠,absent,赤石聡,,,,,
2520251109030002,1,失,disqualified,田中智也,,,,,
2520251116010009,3,落,crash,松澤敬輔,,,,,接触し落車
2520251116010009,7,落,crash,窪田陽介,,,,,前捨て切替
2520251116030010,4,落,crash,黒河内由実,,,,S,
2520251116030011,6,落,crash,松坂侑亮,,,,,
2520251116030011,1,失,disqualified,滝本幸正,,,,,
2520251125020004,4,落,crash,鳥越靖弘,,,,,接触し落車
2520251125020005,7,落,crash,寺沼将彦,,,,,直線で接触
2520251125020012,6,落,crash,矢野昌彦,,,,,妨害受け落
2520251125020012,1,失,disqualified,脇本勇希,,,,S,⑥落車させ
2520251217020008,4,欠,absent,長谷川飛向,,,,,当日欠場
2520251217020012,4,落,crash,鈴木竜士,,,,,接触し落車
2520251217030011,3,落,crash,鈴木彩夏,,,,,
2520251217030011,5,落,crash,中島瞳,,,,,
2520260115010006,4,落,crash,比佐宝太,,,,,立直し捲上
2520260115010006,9,落,crash,小林大介,,,,,前が外して
2520260115010006,5,失,disqualified,一戸康宏,,,,,連結外して
2520260115020009,7,落,crash,東龍之介,,,,,挟まれ落車
2520260115020009,9,失,disqualified,新田康仁,,,,,内下り接触
2520260115030011,1,落,crash,眞杉匠,,,,,後輪払われ
2520260115030011,2,落,crash,和田圭,,,,,乗上げ落車
2520260115030011,3,落,crash,荒井崇博,,,,,絡んで落車
2520260115030011,9,落,crash,武藤龍生,,,,,４角絡み落
2520260115040008,9,失,disqualified,小松崎大地,,,,B,
2520260210010006,5,失,disqualified,柳澤達也,,,,,
2520260210020002,3,欠,absent,佐川拓也,,,,,
2520260427010001,6,落,crash,亀井久幸,,,,,３半乗上げ
2520260427010001,7,落,crash,前田拓也,,,,,突込み妨受
2520260427010001,3,失,disqualified,大瀬戸潤一郎,,,,,牽制斜行し
2520260427010007,4,落,crash,河合佑弥,,,,,捲れず落車
2520260427010007,2,失,disqualified,根本哲吏,,,,,中団斜行失
2520260427020008,1,落,crash,青森伸也,,,,S,直線で落車
2520260427020010,2,故,accident_finish,中本匠栄,,,,,早々と離脱
2520260427030005,7,失,disqualified,中島将尊,,,,,
2520260522020005,7,失,disqualified,春日勇人,,,,,
2520260605020004,6,失,disqualified,三登誉哲,,,,,
8520230208030003,2,失,disqualified,金子周一郎,,,,,
8520230208030006,1,落,crash,田中陽平,,,,,
8520230208030006,3,落,crash,井寺亮太,,,,B,
8520230215020008,3,落,crash,柴田洋輔,,,,,接触し落車
8520230215030004,3,失,disqualified,名川豊,,,,,
8520230224010003,7,失,disqualified,柴田了,,,,,
8520230224010006,1,落,crash,堀政美,,,,,
8520230224010007,5,落,crash,川田忍,,,,,
8520230224010007,6,落,crash,橋本紀彰,,,,,
8520230224020002,3,落,crash,川添輝彦,,,,,
8520230307020005,6,落,crash,宮原英司,,,,,
8520230307030001,3,落,crash,出口倫子,,,,,
8520230502010002,6,落,crash,甲斐下智,,,,,目標に任せ
8520230502010002,3,失,disqualified,安本昇平,,,,,内追上失敗
8520230502020002,3,欠,absent,甲斐下智,,,,,当日欠場
8520230502030012,3,落,crash,原誠宏,,,,,
8520230502030012,1,失,disqualified,北村信明,,,,S,
8520230727010012,1,落,crash,伊藤颯馬,,,,,山根先行争
8520230727010012,3,落,crash,渡部哲男,,,,,乗上げ落車
8520230727020001,2,落,crash,林明宏,,,,,押圧されて
8520230727020001,7,失,disqualified,増田鉄男,,,,,押圧し３失
8520230727020002,5,落,crash,山原利秀,,,,,挟まれ落車
8520230809010102,6,欠,absent,高田隼人,,,,,
8520230809030002,3,欠,absent,尾崎勝弘,,,,,
8520230809030005,1,失,disqualified,宮倉勇,,,,,
8520230809030009,4,欠,absent,栗林巧,,,,,
8520230818020001,6,欠,absent,金田舞夏,,,,,
8520230830010008,4,落,crash,佐々木翔一,,,,,絡まれ落車
8520230830010008,6,落,crash,沖本尚織,,,,,打鐘競りに
8520230830010010,4,落,crash,谷元奎心,,,,,３角振られ
8520230830010010,7,落,crash,園田鉄兵,,,,,３角振られ
8520230830010010,3,失,disqualified,中井大介,,,,,外振り斜行
8520230830020010,1,落,crash,富弥昭,,,,,３半で接触
8520230830020010,2,落,crash,小原将通,,,,,掬われ不利
8520230830020010,3,失,disqualified,屋良朝春,,,,,イン突自落
8520230830020012,1,欠,absent,一丸尚伍,,,,,当日欠場
8520230830030002,2,失,disqualified,木幡幸仁,,,,,
8520230908010004,6,失,disqualified,菅原洋輔,,,,,後方捲り上
8520230908010005,5,失,disqualified,木谷凉,,,,,前は届くが
8520230908020009,4,失,disqualified,中込健太,,,,S,内抜け後敵
8520230908020011,5,落,crash,古川貴之,,,,,最終３半落
8520230923010005,1,失,disqualified,菊池崇訓,,,,,内側追抜失
8520230923010010,6,欠,absent,三浦大輝,,,,,当日欠場し
8520230923020001,3,欠,absent,五反田豊和,,,,,当日欠場
8520230923030003,1,失,disqualified,喜納隆志,,,,,
8520230923030004,4,落,crash,加美山隆行,,,,,
8520230923030004,7,落,crash,早坂道義,,,,,
8520230923030012,1,落,crash,鈴木謙太郎,,,,,
8520230923030012,5,落,crash,矢島一弥,,,,,
8520231013030001,1,失,disqualified,前島恭平,,,,S,
8520231013030003,1,失,disqualified,松木竜也,,,,S,
8520231107010001,2,失,disqualified,荻野哲,,,,,
8520231107010006,6,落,crash,岡嵜浩一,,,,,
8520231107020002,3,欠,absent,小林大能,,,,,
8520231107020004,3,落,crash,高木隆弘,,,,,
8520231107020004,7,落,crash,峰重祐之介,,,,S,
8520231124010001,1,落,crash,平石浩之,,,,S,打鐘前落車
8520231124020008,4,落,crash,嶋田誠也,,,,,４角で落車
8520231124020009,4,欠,absent,池田勇人,,,,,当日欠場し
8520231124030004,1,欠,absent,井寺亮太,,,,,
8520231214010005,4,落,crash,柴田洋輔,,,,,追走阻まれ
8520231214010005,5,落,crash,神田紘輔,,,,,４角過ぎ落
8520231214010005,9,落,crash,山口貴弘,,,,,３番手落車
8520231214020007,9,落,crash,久田裕也,,,,,キメられて
8520231214020007,7,失,disqualified,吉田拓矢,,,,,内キメ捲上
8520231214030008,2,落,crash,金ヶ江勇気,,,,,後手踏み落
8520231214030008,6,落,crash,藤岡隆治,,,,,踏出し離れ
8520231214030008,9,落,crash,佐藤康紀,,,,,はぐれ追上
8520231214040006,4,欠,absent,橋本智昭,,,,,
8520231223010002,6,落,crash,高本美穂,,,,,
8520231223010002,7,落,crash,松尾智佳,,,,,
8520231223020004,4,落,crash,白井優太朗,,,,,
8520231223030005,6,失,disqualified,小野俊之,,,,,
8520240101010003,6,欠,absent,木村勉,,,,,
8520240101030007,4,失,disqualified,伊藤成紀,,,,,
8520240118010003,5,故,accident_finish,高橋紀史,,,,,踏み遅れて
8520240118010004,2,落,crash,河野要,,,,,バック接触
8520240118030005,4,落,crash,荒澤貴史,,,,,
8520240118030005,1,失,disqualified,開坂秀明,,,,,
8520240128030007,6,落,crash,比佐宝太,,,,,
8520240128030007,3,失,disqualified,藤井將,,,,,
8520240215010004,7,落,crash,船瀬惇平,,,,,打鐘過落車
8520240215020012,5,落,crash,黒田淳,,,,,最終Ｈ過落
8520240215020012,7,落,crash,堤洋,,,,,最終Ｈ過落
8520240215030005,7,落,crash,田口梓乃,,,,,
8520240215030005,2,失,disqualified,鈴木咲香,,,,,
8520240228010012,3,落,crash,神田紘輔,,,,,捲り上げも
8520240228030012,1,落,crash,荒井崇博,,,,S,
8520240326010006,6,落,crash,半田誠,,,,B,
8520240326010006,5,失,disqualified,大竹慎吾,,,,,
8520240326010007,7,失,disqualified,後田康成,,,,,
8520240326030005,3,落,crash,山崎敦雄,,,,,
8520240326030005,4,落,crash,河野淳吾,,,,,
8520240401020006,2,落,crash,室井竜二,,,,,
8520240401020006,3,落,crash,後藤彰仁,,,,,
8520240408010007,4,落,crash,池田良,,,,,接触し落車
8520240408010007,5,落,crash,松尾信太郎,,,,,前輪払われ
8520240408010007,1,失,disqualified,坂上樹大,,,,,蛇行し２失
8520240408020002,6,失,disqualified,武智尚之,,,,,斜行し３失
8520240408020009,3,失,disqualified,稲吉悠大,,,,,押上げ落失
8520240408030010,4,落,crash,大崎飛雄馬,,,,,
8520240408030010,7,落,crash,北村信明,,,,,
8520240422010007,7,落,crash,吉武信太朗,,,,,
8520240422010007,5,失,disqualified,梅崎隆介,,,,,
8520240422020002,3,欠,absent,吉川裕二,,,,,
8520240422020007,2,失,disqualified,坂上忠克,,,,,
8520240528010007,1,失,disqualified,坂本智哉,,,,S,
8520240617020004,5,落,crash,吉岡伸太郎,,,,,須藤と絡む
8520240617020004,6,落,crash,阿部充宏,,,,,接触し落車
8520240617030002,6,落,crash,佐藤学,,,,,
8520240617030005,5,欠,absent,菅原晃,,,,,
8520240707020008,1,落,crash,工藤文彦,,,,,
8520240707020008,3,落,crash,和田誠寿,,,,,
8520240707020008,4,落,crash,利根正明,,,,S,
8520240707020008,6,落,crash,山口龍也,,,,,
8520240707020008,5,失,disqualified,都築巧,,,,,
8520240716020005,1,落,crash,簗田一輝,,,,B,
8520240722030007,2,落,crash,伊藤一貴,,,,,
8520240813020001,4,失,disqualified,大山泰伸,,,,,
8520240813020005,6,失,disqualified,屋宜浩二,,,,,
8520240822020006,3,欠,absent,元砂七夕美,,,,,当日欠場
8520240822030001,2,失,disqualified,桜井大地,,,,,
8520240920020004,7,落,crash,藤原浩,,,,,落車乗上げ
8520240920020010,3,落,crash,高橋築,,,,,前輪が接触
8520240920020010,7,落,crash,佐々木雄一,,,,,前落車接触
8520240920030010,3,落,crash,高尾貴美歌,,,,,
8520240920030010,1,失,disqualified,柳原真緒,,,,,
8520240920030012,6,落,crash,阪本和也,,,,,
8520241015030007,7,落,crash,隅貴史,,,,,
8520241101010008,2,落,crash,金ヶ江勇気,,,,,落車巻込れ
8520241101010008,5,落,crash,田中陽平,,,,,接触し落車
8520241101010008,7,落,crash,杉本正隆,,,,,接触し落車
8520241109010006,6,失,disqualified,佐々木浩三,,,,,
8520241109010007,6,失,disqualified,幸津博,,,,,
8520241109020002,3,欠,absent,廣川貞治,,,,,
8520241127010003,4,失,disqualified,白木正彦,,,,,
8520241127010005,6,失,disqualified,長谷川辰徳,,,,,
8520241219020006,3,落,crash,佐々木龍,,,,,絡まれ接触
8520241219020006,4,落,crash,阪本和也,,,,,突込み接触
8520241219020012,4,欠,absent,武田亮,,,,,当日欠場
8520241219030001,4,失,disqualified,佐藤真一,,,,,内抜き失格
8520241219030005,3,落,crash,久田裕也,,,,,捲り張られ
8520241219030005,7,失,disqualified,清水剛志,,,,,張り蛇行落
8520241219030009,2,失,disqualified,北津留翼,,,,,併せ蛇行し
8520241219040009,9,失,disqualified,橋本智昭,,,,,
8520250111030002,3,落,crash,久保光司,,,,S,
8520250111030002,2,失,disqualified,吉原友彦,,,,B,
8520250123010004,6,欠,absent,市野茂,,,,,
8520250217020009,1,落,crash,梁島邦友,,,,,
8520250225010007,3,失,disqualified,伊原克彦,,,,,内側追抜失
8520250304020004,2,落,crash,渡邉満,,,,,
8520250304030003,2,失,disqualified,興呂木雄治,,,,,
8520250321010006,4,欠,absent,高橋清太郎,,,,,
8520250321010006,1,失,disqualified,宮崎一彰,,,,,
8520250321020003,1,落,crash,塚本和宏,,,,S,
8520250403010001,5,落,crash,田村真広,,,,,外併走遅れ
8520250403010007,1,失,disqualified,梅崎隆介,,,,SB,上野先行争
8520250403020001,2,落,crash,田中和磨,,,,,押上げられ
8520250403020001,4,落,crash,日浅保幸,,,,,乗上げ落車
8520250403020001,5,失,disqualified,足達重満,,,,,斜行し１失
8520250403020010,4,落,crash,大川龍二,,,,,押圧され落
8520250403020010,5,失,disqualified,坂井洋,,,,,押圧し３失
8520250423020002,4,欠,absent,齋藤昌太,,,,,
8520250423020005,3,故,accident_finish,水谷亮太,,,,,
8520250423030003,6,落,crash,渡邊秀明,,,,,
8520250423030003,3,失,disqualified,竜門孝宗,,,,,
8520250501020007,4,落,crash,飯田裕次,,,,,
8520250501020007,5,失,disqualified,落合達彦,,,,,
8520250501030005,3,欠,absent,宗崎世連,,,,,
8520250523010003,5,故,accident_finish,眞鍋伸也,,,,,
8520250528020003,2,欠,absent,中川博文,,,,,
8520250701020003,2,失,disqualified,高嶋一朗,,,,,
8520250709020009,4,落,crash,梅崎隆介,,,,,牽制し接触
8520250709020009,7,落,crash,渡邉雅也,,,,,梅崎と絡む
8520250709020011,4,落,crash,佐藤礼文,,,,,間突き接触
8520250709020012,5,失,disqualified,須永優太,,,,,３半内抜き
8520250722010001,3,欠,absent,田村光昭,,,,,
8520250722010009,5,欠,absent,塩崎隼秀,,,,,
8520250803010004,4,落,crash,井寺亮太,,,,,
8520250803020002,5,欠,absent,小川巧,,,,,
8520250812030004,2,落,crash,藤野貴章,,,,,
8520250911030007,1,欠,absent,室井蓮太朗,,,,,
8520250911030008,1,落,crash,元砂勇雪,,,,S,
8520251006010009,7,欠,absent,表原周,,,,,当日欠場し
8520251006010011,5,落,crash,田中勇二,,,,,１角半落車
8520251013020004,2,欠,absent,佐川拓也,,,,,
8520251013020007,4,失,disqualified,嶋貫高大,,,,,
8520251013030003,6,落,crash,廣川貞治,,,,,
8520251013030003,3,失,disqualified,高嶋一朗,,,,,
8520251029010001,1,失,disqualified,増田鉄男,,,,S,二着も失格
8520251029010010,4,落,crash,柴田洋輔,,,,,中割り落車
8520251204010008,3,欠,absent,治田知也,,,,,
8520251204030010,3,落,crash,大槻寛徳,,,,,
2620230108030006,1,落,crash,神山雄一郎,,,,S,
2620230108030006,6,落,crash,成清謙二郎,,,,,
2620230108030009,4,欠,absent,永澤剛,,,,,
2620230207010006,4,落,crash,伊藤歩登,,,,,
2620230207010006,6,落,crash,林邦彦,,,,,
2620230207020006,2,失,disqualified,村上卓茂,,,,,
2620230220010005,4,失,disqualified,真船拓磨,,,,,
2620230220020004,3,落,crash,礒田義則,,,,,
2620230220030001,2,落,crash,三森彩桜,,,,,
2620230220030001,6,失,disqualified,荒川ひかり,,,,,
2620230227010009,7,落,crash,角令央奈,,,,,
2620230227010009,2,失,disqualified,今野大輔,,,,,
2620230320010002,3,欠,absent,板根茜弥,,,,,
2620230407010003,3,落,crash,川木敬大,,,,,
2620230407010003,2,失,disqualified,日当泰之,,,,,
2620230413020002,3,欠,absent,佐藤拓哉,,,,,
2620230413020002,4,失,disqualified,山崎明寛,,,,S,
2620230419020010,2,落,crash,坂井洋,,,,S,捲上げ落車
2620230419020010,5,落,crash,武田豊樹,,,,,落車巻込れ
2620230419020010,4,失,disqualified,嵯峨昇喜郎,,,,B,斜行し１失
2620230419020012,3,落,crash,二藤元太,,,,,４角で落車
2620230419020012,2,失,disqualified,笠松信幸,,,,,続くも２失
2620230425010002,7,失,disqualified,村松俊弥,,,,,
2620230425010006,3,落,crash,古田義明,,,,,
2620230425010006,6,落,crash,辻本兼市,,,,,
2620230510030003,2,落,crash,高橋佑輔,,,,,
2620230510030003,5,落,crash,奥原亨,,,,,
2620230510030003,3,失,disqualified,高瀬卓,,,,,
2620230516010002,1,失,disqualified,晴山裕之,,,,,前に千切れ
2620230516010002,3,失,disqualified,大林亮介,,,,,絡まれ後方
2620230525020001,2,失,disqualified,安部龍文,,,,,３番手外競
2620230525020007,1,落,crash,山口貴弘,,,,S,外張り落車
2620230525020007,2,失,disqualified,小原唯志,,,,,捲上げ落車
2620230525030004,4,欠,absent,小酒大勇,,,,,
2620230525030005,6,失,disqualified,藤井將,,,,S,
2620230815010004,1,落,crash,松谷秀幸,,,,,妨害受けて
2620230815010004,3,失,disqualified,神田紘輔,,,,,①を押上げ
2620230815020003,2,失,disqualified,志智俊夫,,,,,Ｈ手前落車
2620230815030009,7,落,crash,松井宏佑,,,,,押込れ落車
2620230815030009,4,失,disqualified,隅田洋介,,,,,斜行し落失
2620230815040009,2,失,disqualified,宿口陽一,,,,,外張り一杯
2620230815040011,1,落,crash,脇本雄太,,,,,振られ落車
2620230815040011,2,落,crash,松浦悠士,,,,,捲上げ落車
2620230815040011,3,落,crash,新田祐大,,,,,切替え落車
2620230815040011,8,落,crash,山口拳矢,,,,,乗上げ落車
2620230815050007,2,落,crash,守澤太志,,,,,前落車乗上
2620230815050007,4,落,crash,小松崎大地,,,,,捲り張られ
2620230815050007,1,失,disqualified,吉澤純平,,,,,番手捲掬れ
2620230815050007,9,失,disqualified,岡村潤,,,,S,切替内掬う
2620230815050009,7,失,disqualified,浅井康太,,,,,連係崩れて
2620230815060011,4,失,disqualified,吉田拓矢,,,,,
2620231010010006,2,落,crash,河内桜雪,,,,,接触し落車
2620231010010006,4,落,crash,森内愛香,,,,,接触し落車
2620231010010006,3,失,disqualified,永禮美瑠,,,,,高橋を巧追
2620231124030004,2,失,disqualified,小坂丈,,,,SB,
2620231124030004,4,失,disqualified,植草亮介,,,,,
2620231208010003,1,欠,absent,小榑佑弥,,,,,
2620231208010008,4,欠,absent,黒瀬浩太郎,,,,,
2620231208020005,7,失,disqualified,黒滝大翔,,,,,
2620231216020009,4,故,accident_finish,下野義城,,,,,接触し故障
2620231216030011,7,落,crash,小林莉子,,,,,
2620231216030011,1,失,disqualified,飯田風音,,,,,
2620231223010012,1,落,crash,渡部幸訓,,,,,掬われ落車
2620231223010012,3,落,crash,吉澤純平,,,,,落車巻込れ
2620231223010012,5,落,crash,神山拓弥,,,,S,落車巻込れ
2620240116010009,5,落,crash,佐々木和紀,,,,,
2620240116010009,7,失,disqualified,村上竜馬,,,,B,
2620240116020004,2,欠,absent,北川大成,,,,,
2620240116020006,2,失,disqualified,中野彰人,,,,,
2620240204040008,7,失,disqualified,鮫島康治,,,,,
2620240204040009,2,失,disqualified,牛田樹希斗,,,,,
2620240213010005,6,落,crash,水書義弘,,,,,打鐘過落車
2620240213020004,1,落,crash,水書義弘,,,,,乗上げ落車
2620240213020004,3,落,crash,松根真,,,,S,落車巻込れ
2620240213020004,7,落,crash,菊池竣太朗,,,,,前輪払われ
2620240213020004,5,失,disqualified,中井護,,,,,斜行し落失
2620240213030012,1,失,disqualified,黒沢征治,,,,S,
2620240219010005,1,失,disqualified,富永益生,,,,,
2620240219020005,7,落,crash,佐藤学,,,,,
2620240219030001,6,失,disqualified,熊谷碩子,,,,,
2620240219030007,4,落,crash,藤井孝則,,,,,
2620240226010001,5,落,crash,作田悦章,,,,,接触し落車
2620240226010001,2,失,disqualified,大島将人,,,,,斜行し失格
2620240308010006,4,失,disqualified,藤田剣次,,,,,
2620240308020008,2,落,crash,佐藤健太,,,,S,
2620240308030001,1,落,crash,山田慎一郎,,,,,
2620240308030001,2,落,crash,尾崎勝弘,,,,,
2620240308030001,4,失,disqualified,小峰一貴,,,,,
2620240308030002,7,落,crash,徳永真一,,,,,
2620240308030004,7,失,disqualified,篠原英雄,,,,,
2620240314010004,3,落,crash,高木修二,,,,,
2620240314010004,7,失,disqualified,宮原貴之,,,,,
2620240314010008,5,欠,absent,善利裕生,,,,,
2620240314020001,1,落,crash,阿部利光,,,,,
2620240314020001,4,落,crash,浦野慈生,,,,,
2620240405030003,3,失,disqualified,真船拓磨,,,,,
2620240420010001,7,落,crash,鈴木庸之,,,,,番手落車し
2620240420010001,1,失,disqualified,小川丈太,,,,,捲るも失格
2620240420010010,3,失,disqualified,泉慶輔,,,,,内降り失格
2620240420020012,3,落,crash,堤洋,,,,,押込れ後退
2620240420020012,7,失,disqualified,阿部拓真,,,,,締込み４失
2620240420030011,2,落,crash,宿口陽一,,,,,絡んで落車
2620240420030011,5,落,crash,村上博幸,,,,,絡んで落車
2620240420040001,2,落,crash,高橋広大,,,,,
2620240420040001,4,落,crash,小沼良,,,,,
2620240520020012,2,落,crash,鈴木竜士,,,,S,捲れず落車
2620240520030008,6,欠,absent,伊藤亮,,,,,
2620240520030012,3,落,crash,根本哲吏,,,,,
2620240615010011,3,落,crash,鳥越靖弘,,,,,切替え落車
2620240615010011,4,失,disqualified,南大輔,,,,,目標に続く
2620240615020007,4,落,crash,浜地晴帆,,,,SB,乗り上げて
2620240615020007,6,落,crash,渡邉栞奈,,,,,接触落車し
2620240615030002,4,欠,absent,吉川誠,,,,,
2620240622030005,3,落,crash,山田雅之,,,,,
2620240712020009,3,落,crash,渡辺正光,,,,,番手粘るも
2620240712020009,5,落,crash,松尾透,,,,,併走こぼれ
2620240712020009,7,失,disqualified,今野大輔,,,,S,押上げ３失
2620240712030004,4,落,crash,田中勝仁,,,,,
2620240712030004,6,失,disqualified,藤野竜也,,,,,
2620240712030009,2,失,disqualified,泉慶輔,,,,S,
2620240810010002,1,欠,absent,吉永和生,,,,,当日欠場し
2620240810010004,1,落,crash,榊枝輝文,,,,,一緒捲られ
2620240810010010,1,落,crash,中村昌弘,,,,,落車巻込れ
2620240810010010,7,落,crash,山根慶太,,,,,捲れず落車
2620240810010010,3,失,disqualified,志村龍己,,,,S,斜行し１失
2620240810020009,2,欠,absent,室井竜二,,,,,当日欠場
2620240810030005,5,欠,absent,成田可菜絵,,,,,
2620240822010002,5,失,disqualified,渡邉泰夫,,,,,
2620240822020007,6,落,crash,曽我部匡史,,,,,
2620240822020007,3,失,disqualified,岡本翔,,,,,
2620240822030001,1,,unknown_exception,前川裕希,,,,,
2620240822030001,2,,unknown_exception,志村達也,,,,,
2620240822030001,3,,unknown_exception,木谷凉,,,,,
2620240822030001,4,,unknown_exception,上原直樹,,,,,
2620240822030001,5,,unknown_exception,伊藤司,,,,,
2620240822030001,6,,unknown_exception,服部克久,,,,,
2620240822030002,1,,unknown_exception,大澤裕之,,,,,
2620240822030002,2,,unknown_exception,濱田昭一郎,,,,,
2620240822030002,3,,unknown_exception,伊藤嘉浩,,,,,
2620240822030002,4,,unknown_exception,佐川拓也,,,,,
2620240822030002,5,,unknown_exception,児玉利文,,,,,
2620240822030002,6,,unknown_exception,太田貴之,,,,,
2620240822030006,7,失,disqualified,山城光央,,,,,
2620240828010007,3,落,crash,成田直喜,,,,,
2620241007030001,1,失,disqualified,宮本龍一,,,,S,
2620241012010003,5,失,disqualified,阿部博之,,,,,
2620241012030001,7,失,disqualified,白木正彦,,,,,
2620241021030004,4,落,crash,吉永和生,,,,,
2620241021030004,2,失,disqualified,伊藤拓人,,,,,
2620241101010001,5,落,crash,原田峻治,,,,,押込れ落車
2620241101010001,3,失,disqualified,中川昌久,,,,,押圧し落失
2620241101030005,7,欠,absent,藤巻絵里佳,,,,,
2620241129020002,6,欠,absent,片山大輔,,,,,当日欠場
2620241209010001,7,欠,absent,植草亮介,,,,,
2620241209020002,3,欠,absent,三浦靖,,,,,当日欠場
2620241209020009,4,欠,absent,庄子信弘,,,,,当日欠場
2620241209030012,3,落,crash,谷口遼平,,,,,
2620241209030012,7,落,crash,諸橋愛,,,,,
2620241225010005,7,欠,absent,佐々木和紀,,,,,当日欠場
2620241225010010,2,落,crash,河村雅章,,,,,好展開落車
2620241225010010,7,落,crash,池野健太,,,,,捲れず落車
2620241225020005,1,欠,absent,中山拓人,,,,,当日に欠場
2620250108010005,2,落,crash,佐藤政利,,,,,
2620250108010005,4,失,disqualified,宗景祐樹,,,,,
2620250108030003,1,落,crash,齋藤輝彦,,,,,
2620250108030007,3,落,crash,吉田晏生,,,,S,
2620250131010003,6,落,crash,水野悟志,,,,,
2620250131010003,5,失,disqualified,江本博明,,,,,
2620250213020007,2,落,crash,佐々木健司,,,,,２角過接触
2620250213020007,4,落,crash,渡邊政幸,,,,,２角過接触
2620250213020012,6,欠,absent,八嶋稔真,,,,,当日欠場
2620250213030001,7,欠,absent,永山英司,,,,,
2620250226030001,2,落,crash,小川祐司,,,,,
2620250226030005,7,落,crash,樋口瑛土,,,,,
2620250226030005,4,失,disqualified,前川大輔,,,,B,
2620250307030008,2,落,crash,奥山雅士,,,,,
2620250325010009,5,落,crash,尾崎剛,,,,,
2620250325030001,5,失,disqualified,岡村育子,,,,,
2620250409030001,1,失,disqualified,服部克久,,,,S,
2620250409030001,5,故,accident_finish,松本一成,,,,,
2620250510010001,4,欠,absent,田村純一,,,,,
2620250510020001,2,欠,absent,清水健次,,,,,
2620250510020003,1,落,crash,中野良,,,,,
2620250510020003,2,落,crash,保科圭太,,,,,
2620250510020003,7,落,crash,青山佐知男,,,,S,
2620250804020004,7,落,crash,上川直紀,,,,,張られ落車
2620250804020004,1,失,disqualified,古賀勝大,,,,,外張り失格
2620250804020011,3,落,crash,新山将史,,,,,鐘過ぎ落車
2620250820010002,4,落,crash,瀬口匠,,,,,
2620250820020002,7,欠,absent,瀬口匠,,,,,
2620250828010002,3,落,crash,山本勝利,,,,S,絡んで落車
2620250828010002,7,落,crash,内藤高裕,,,,,乗り上げて
2620250828010002,8,落,crash,伊藤勝太,,,,,乗り上げて
2620250828010005,1,失,disqualified,菊地圭尚,,,,,外伸びも失
2620250828020003,8,落,crash,泉慶輔,,,,,最後方落車
2620250828020005,5,欠,absent,瓜生崇智,,,,,当日欠場
2620250828030010,2,落,crash,吉田拓矢,,,,,早々に落車
2620250904010002,5,落,crash,郡英治,,,,,
2620250904020005,2,落,crash,寺崎祐樹,,,,,
2620250904020005,4,落,crash,立花昌也,,,,,
2620250904020005,3,失,disqualified,松田優一,,,,,
2620250904020005,5,失,disqualified,三澤康人,,,,,
2620250904030005,3,故,accident_finish,齋藤友幸,,,,,
2620250918030002,1,落,crash,高橋大輝,,,,S,
2620251017020002,2,欠,absent,永橋武司,,,,,当日欠場
2620251017030002,3,欠,absent,高森圭介,,,,,
2620251028010004,5,失,disqualified,高井流星,,,,,内側追抜き
2620251028020001,5,落,crash,杉山剛,,,,,落車巻込れ
2620251028020001,4,失,disqualified,池田浩士,,,,,外帯内進入
2620251028020004,5,落,crash,磯川勝裕,,,,,打鐘過ぎ落
2620251028020005,3,落,crash,山崎翼,,,,,落車乗上げ
2620251028020005,2,失,disqualified,白上翔,,,,,④を押上げ
2620251028020006,1,欠,absent,星野しほ,,,,,当日欠場
2620251028020008,1,欠,absent,池田憲昭,,,,,当日欠場
2620251028030002,1,失,disqualified,樫村伸平,,,,,
2620260127020004,1,落,crash,藏本徹二,,,,S,直線外乗上
2620260127020004,2,落,crash,稲葉一真,,,,,３番手併走
2620260127020009,4,落,crash,小林大介,,,,,競合赤板落
2620260127020009,7,落,crash,大洞翔平,,,,,競合赤板落
2620260127030004,1,欠,absent,橋谷成海,,,,,
2620260204010003,2,欠,absent,黒滝大翔,,,,,
2620260204030004,7,落,crash,會田正一,,,,,
2620260215020009,3,,unknown_exception,落合達彦,,,,,未実施抽選
2620260215020009,4,,unknown_exception,吉田勇人,,,,,未実施抽選
2620260215020009,5,,unknown_exception,篠原龍馬,,,,,未実施抽選
2620260215020009,6,,unknown_exception,宇根秀俊,,,,,未実施抽選
2620260215020009,7,,unknown_exception,梅田加津也,,,,,未実施抽選
2620260215020009,1,欠,absent,西村剛,,,,,
2620260215020009,2,欠,absent,佐竹和也,,,,,
2620260226010004,4,欠,absent,宮本龍一,,,,,
2620260226010007,1,落,crash,吉田昌弘,,,,,
2620260226010007,3,落,crash,内村竜也,,,,,
2620260226020002,5,欠,absent,白木正彦,,,,,
2620260226030007,3,落,crash,吉田夢希斗,,,,S,
2620260304010006,1,落,crash,橋本凌汰,,,,,４角前落車
2620260304010006,3,落,crash,松村友和,,,,,４角前落車
2620260304030002,7,落,crash,吉岡篤志,,,,,
2620260304030002,4,失,disqualified,佐伯辰哉,,,,S,
2620260304030007,3,落,crash,片山智晴,,,,,
2620260304030007,7,落,crash,松永将,,,,,
2620260304030007,1,失,disqualified,中村健志,,,,S,
2620260312010004,1,落,crash,川口聖二,,,,S,打鐘過落車
2620260312010004,6,落,crash,栗田貴徳,,,,,離れて落車
2620260312010004,9,落,crash,長尾拳太,,,,,落車巻込れ
2620260312030009,3,落,crash,市橋司優人,,,,S,張られ落車
2620260312030009,4,落,crash,島田竜二,,,,,落車巻込れ
2620260312030009,5,失,disqualified,道場晃規,,,,,押上げ落失
2620260312040004,8,落,crash,岡田亮太,,,,,
2620260312040004,5,失,disqualified,佐々木堅次,,,,S,
2620260312040006,2,落,crash,松田治之,,,,,
2620260312040008,9,失,disqualified,宿口潤平,,,,,
2620260322010008,5,落,crash,有馬雄二,,,,,
2620260322010009,7,欠,absent,小笹隼人,,,,,
2620260409010003,4,落,crash,小川将二郎,,,,,捲り絡まれ
2620260409010003,8,落,crash,岩本和也,,,,,外弾き一杯
2620260409020005,2,落,crash,柴崎俊光,,,,,追上阻まれ
2620260409030011,1,落,crash,東口善朋,,,,S,接触し落車
2620260409030011,2,落,crash,森田優弥,,,,,接触し落車
2620260409030011,6,落,crash,荒川達郎,,,,,接触し落車
2620260409040011,2,落,crash,阿部拓真,,,,,
2620260409040011,7,落,crash,武藤龍生,,,,,
2620260501010005,4,落,crash,中村賢二,,,,,
2620260501010005,6,失,disqualified,佐藤裕輝,,,,,
2620260501010005,1,故,accident_finish,三浦生誠,,,,S,
2620260501020002,5,欠,absent,町田勝志,,,,,
3820230209020003,4,失,disqualified,山田裕哉,,,,,掬い返して
3820230209020004,7,落,crash,須永優太,,,,,接触し落車
3820230209020004,9,落,crash,寺沼将彦,,,,S,斬込み落車
3820230209030003,8,欠,absent,猪俣康一,,,,,当日欠場
3820230209030009,6,欠,absent,佐伯辰哉,,,,,当日欠場
3820230313030002,4,失,disqualified,谷尾佳昭,,,,,
3820230313030008,3,落,crash,今野有樹,,,,S,
3820230313030008,5,落,crash,秋葉大輔,,,,,
3820230313030008,7,落,crash,葛西雄太郎,,,,,
3820230320020001,6,欠,absent,白木正彦,,,,,当日欠場
3820230320020001,5,失,disqualified,出口眞浩,,,,,直線内進入
3820230320020010,3,落,crash,花田将司,,,,,不利を受け
3820230320020010,1,失,disqualified,高橋昇平,,,,S,外振り斜行
3820230320030001,2,欠,absent,鈴木純,,,,,
3820230320030005,5,欠,absent,藤原亜衣里,,,,,
3820230429020006,7,失,disqualified,田村真広,,,,,競られ離れ
3820230429020007,2,落,crash,木村直隆,,,,,Ｈ手前接触
3820230429020007,4,落,crash,三浦雄大,,,,,Ｈ前乗上げ
3820230512010004,5,失,disqualified,永山英司,,,,,最後方では
3820230512020002,3,欠,absent,菅原洋輔,,,,,当日欠場
3820230512030003,2,失,disqualified,伊狩知人,,,,,
3820230609010010,5,欠,absent,神田宏行,,,,,当日欠場
3820230609010012,3,落,crash,佐藤亙,,,,,絡まり落車
3820230609010012,5,落,crash,山崎充央,,,,,乗上げ落車
3820230609020010,1,落,crash,田中秀治,,,,,接触し落車
3820230609020010,2,落,crash,齋藤雄行,,,,,接触し落車
3820230609030009,7,失,disqualified,藤田真,,,,,
3820230707020003,6,失,disqualified,疋田敏,,,,,粘られ競負
3820230707030004,4,落,crash,土屋仁,,,,,
3820230707030011,3,失,disqualified,日当泰之,,,,S,
3820230714010002,3,失,disqualified,神尾敬冬,,,,,ヨコ技術無
3820230714010006,1,失,disqualified,吉村美有紀,,,,S,番手捲られ
3820230714010012,1,落,crash,栗山俊介,,,,,牽制受落車
3820230714010012,5,落,crash,小林信晴,,,,S,追突落車し
3820230714020001,1,欠,absent,永橋武司,,,,,当日欠場し
3820230812010004,7,失,disqualified,山本浩成,,,,B,ＹＬ踏切り
3820230812010008,6,失,disqualified,立花成泰,,,,,斜行し失格
3820230812010008,7,故,accident_finish,田村真広,,,,,車体故障し
3820230812010010,6,落,crash,谷津田将吾,,,,,乗上げ落車
3820230812010010,3,失,disqualified,武藤篤弘,,,,S,横圧し失格
3820230825010004,6,落,crash,出口眞浩,,,,,口空き落車
3820230825010009,4,落,crash,荒木伸哉,,,,,番手で落車
3820230825010009,5,落,crash,市川健太,,,,,叩き叩かれ
3820230825020006,4,欠,absent,柳充,,,,,当日欠場
3820230825020010,1,落,crash,棟方次郎,,,,,３番手落車
3820230825020010,7,落,crash,中井護,,,,,３角で落車
3820230825020010,2,失,disqualified,須藤誠,,,,S,番手有利に
3820230825030009,1,落,crash,菅谷隆司,,,,S,
3820230825030009,2,落,crash,泉文人,,,,,
3820230910010007,1,落,crash,志村龍己,,,,S,３半接触し
3820230910010007,4,落,crash,古屋琢晶,,,,,挟まれ落車
3820230910020003,2,落,crash,大島将人,,,,,接触し落車
3820230910020004,6,失,disqualified,瀧野勝太,,,,,小松に絡み
3820230910020005,3,落,crash,松田優一,,,,,鐘前落車し
3820230910020005,6,落,crash,高瀬卓,,,,,前追突落車
3820230910030006,7,欠,absent,水谷好宏,,,,,
3820230922020001,1,失,disqualified,木幡幸仁,,,,S,牽制し落失
3820230922020002,4,欠,absent,幸津博,,,,,当日欠場で
3820230922020010,1,落,crash,楠野史尭,,,,,接触し落車
3820230922020010,2,落,crash,米村光星,,,,,接触し落車
3820230922030002,3,失,disqualified,阿部博之,,,,,
3820230922030012,4,落,crash,森田康嗣,,,,,
3820231005010003,2,失,disqualified,渡邉正人,,,,,
3820231005020007,2,落,crash,長井妙樹,,,,,
3820231005020007,3,落,crash,吉田健市,,,,,
3820231020010004,6,欠,absent,鈴木純,,,,,当日に欠場
3820231020010005,6,失,disqualified,宮下潤,,,,,内圏線踏切
3820231020020012,2,落,crash,福田滉,,,,,競一杯落車
3820231103010003,3,失,disqualified,牛田樹希斗,,,,,押上げ落車
3820231103030008,2,落,crash,小倉竜二,,,,,
3820231103030008,4,落,crash,岡崎智哉,,,,,
3820231103030008,6,失,disqualified,今井聡,,,,S,
3820231114020004,2,落,crash,野口大誠,,,,,接触し落車
3820231114020004,7,落,crash,肥後公允,,,,S,落車乗上げ
3820231114020004,4,失,disqualified,市村昌樹,,,,,接触し落車
3820231114020009,4,落,crash,笹倉慎也,,,,,４角で接触
3820240112010007,7,失,disqualified,元砂七夕美,,,,,併走妨害し
3820240112010007,2,故,accident_finish,川路遥香,,,,,前々接触し
3820240112020001,3,落,crash,高橋由記,,,,,前に乗上げ
3820240112020001,5,落,crash,今村俊雄,,,,,牽制落車し
3820240112020010,1,落,crash,谷津田将吾,,,,S,前に乗上げ
3820240112020010,4,落,crash,斉藤樂,,,,,掬われ接触
3820240112030011,4,落,crash,當銘直美,,,,,
3820240112030011,5,失,disqualified,永塚祐子,,,,,
3820240201020003,3,落,crash,上杉嘉槻,,,,,捲り張られ
3820240201020006,7,落,crash,浅井康太,,,,,４角落車し
3820240201020008,7,落,crash,園田匠,,,,,併走落車し
3820240201020011,8,落,crash,原真司,,,,,目標不発で
3820240201020011,7,失,disqualified,松岡篤哉,,,,,捲り合され
3820240201020012,5,落,crash,濱田浩司,,,,,中入り落車
3820240201020012,4,失,disqualified,近藤俊明,,,,,本線追走し
3820240201030004,1,欠,absent,室井健一,,,,,当日欠場
3820240201030006,1,落,crash,鶴良生,,,,,ＨＳ過ぎ落
3820240201030006,5,失,disqualified,中島詩音,,,,B,叩き末欠く
3820240201040005,1,失,disqualified,仁藤秀,,,,S,
3820240201040008,6,落,crash,筒井裕哉,,,,,
3820240201040008,9,落,crash,田中陽平,,,,,
3820240201040009,7,失,disqualified,立部楓真,,,,,
3820241203010001,3,落,crash,大浦彩瑛,,,,S,
3820241203010001,4,落,crash,梶田舞,,,,,
3820241203010001,6,落,crash,田野口佳奈,,,,,
3820241212010012,1,落,crash,山口富生,,,,,
3820241212010012,6,落,crash,上田国広,,,,,
3820241212030003,5,落,crash,丹波孝佑,,,,,
3820241212030003,7,落,crash,高本和也,,,,,
3820241212030004,3,失,disqualified,三浦雄大,,,,,
3820241212030007,5,失,disqualified,桑名僚也,,,,S,
3820241212030009,1,落,crash,渡辺十夢,,,,S,
3820241212030009,6,失,disqualified,中井俊亮,,,,,
3820241228020003,8,落,crash,尾崎剛,,,,,混戦乗上げ
3820241228020003,1,失,disqualified,田中誠,,,,,競負け押圧
3820241228020009,7,失,disqualified,稲川翔,,,,,牽制斜行し
3820250113020003,2,失,disqualified,角口聖也,,,,,
3820250119020012,1,欠,absent,木暮安由,,,,,
3820250119030005,2,欠,absent,長澤彩,,,,,
3820250119030012,4,落,crash,渡部幸訓,,,,,
3820250201020001,6,落,crash,田典幸,,,,,
3820250201020002,3,失,disqualified,明星晴道,,,,,
3820250201030003,1,失,disqualified,渡邉正人,,,,SB,
3820250201030003,2,故,accident_finish,高田誠,,,,,
3820250207030001,2,欠,absent,高橋隆太,,,,,
3820250207030002,7,失,disqualified,吉岡篤志,,,,,
3820250213010001,2,落,crash,嵯峨昇喜郎,,,,,ＢＳ接触し
3820250213010001,3,落,crash,北野武史,,,,,ＢＳ乗上げ
3820250213010001,6,失,disqualified,今岡徹二,,,,,ＢＳ接触し
3820250213010008,9,失,disqualified,今村麟太郎,,,,,赤板接触し
3820250213030012,2,落,crash,松浦悠士,,,,,締込み接触
3820250213040009,7,欠,absent,藤井侑吾,,,,,
3820250213040009,9,落,crash,木村隆弘,,,,,
3820250213040009,4,失,disqualified,松崎広太,,,,S,
3820250213040011,9,失,disqualified,菊池岳仁,,,,B,
3820250307020002,1,落,crash,佐藤清之,,,,S,
3820250410020001,6,落,crash,中西叶美,,,,S,
3820250410020001,7,落,crash,齊藤由紀,,,,,
3820250410020001,2,失,disqualified,高尾貴美歌,,,,,
3820250410020003,4,落,crash,山崎悟,,,,,
3820250410030004,1,失,disqualified,浦川尊明,,,,,
3820250416030001,3,失,disqualified,菊池崇訓,,,,,
3820250425030002,4,落,crash,牛田樹希斗,,,,,
3820250425030002,1,失,disqualified,鈴木良太,,,,S,
3820250425030008,1,落,crash,岡本大嗣,,,,S,
3820250425030008,4,失,disqualified,橋本壮史,,,,B,
3820250605030001,3,落,crash,飯島淳,,,,,
3820250605030001,5,落,crash,藤井孝則,,,,,
3820250605030001,6,落,crash,三浦靖,,,,,
3820250616020004,6,失,disqualified,藤田晃英,,,,,
3820250616030004,2,欠,absent,金田舞夏,,,,,
3820250624020008,1,落,crash,十文字菊雄,,,,,
3820250624020008,5,落,crash,山口慎吾,,,,,
3820250704020001,6,落,crash,中村翔平,,,,,
3820250711010007,4,落,crash,中村圭志,,,,,
3820250711010007,1,失,disqualified,鈴木裕,,,,S,
3820250711020009,3,欠,absent,中西大,,,,,
3820250711030010,3,落,crash,金子幸央,,,,S,
3820250711030010,2,失,disqualified,小岩大介,,,,,
3820250729010003,6,失,disqualified,落合豊,,,,,
3820250729030001,4,失,disqualified,堀勝政,,,,,
3820250813010002,3,落,crash,早坂道義,,,,,
3820250813010002,7,落,crash,柴田祐也,,,,,
3820250813010007,4,落,crash,鈴木達也,,,,,
3820250813010007,5,落,crash,亀井久幸,,,,,
3820250813010008,2,落,crash,坂本拓也,,,,S,
3820250813010008,7,落,crash,三澤康人,,,,,
3820250924010002,7,失,disqualified,茂木和臣,,,,,
3820250924010007,3,失,disqualified,田村光昭,,,,,
3820250924020005,4,欠,absent,桜井雄太,,,,,
3820251009010005,2,失,disqualified,山本隼人,,,,,
3820251009030002,1,落,crash,鈴木庸之,,,,S,
3820251009030002,4,落,crash,田原宥明,,,,,
3820251021020003,7,失,disqualified,戸ノ下太郎,,,,,
3820251021020003,4,故,accident_finish,加藤昌平,,,,,
3820251021020008,1,落,crash,遠藤勝弥,,,,S,
3820251123010003,1,落,crash,大窪輝之,,,,,
3820251123010003,4,落,crash,生野優翔,,,,,
3820251123030002,1,欠,absent,内海雅夫,,,,,
3820251127020009,2,落,crash,吉田茂生,,,,S,
3820251127020009,3,失,disqualified,星野辰也,,,,,
3820251220020010,2,落,crash,井上昌己,,,,S,
3820251220020010,7,落,crash,塩島嵩一朗,,,,,
3820251220020010,1,失,disqualified,佐藤一伸,,,,,
3820251220020012,6,落,crash,荒木貴大,,,,B,
3820260101020006,7,欠,absent,柴田洋輔,,,,,当日欠場
3820260101030003,6,落,crash,山田和巧,,,,,
3820260131010002,6,落,crash,鳥丸晃順,,,,,落車棄権
3820260131010007,4,失,disqualified,外崎一成,,,,,目標に離れ
3820260131010010,2,落,crash,藤田洋平,,,,,落車棄権
3820260131020005,1,欠,absent,比嘉真梨代,,,,,病気欠場
3820260131030003,2,失,disqualified,嶋貫高大,,,,,
3820260131030004,7,失,disqualified,萩原瑞生,,,,,
3820260131030006,2,故,accident_finish,十文字菊雄,,,,,
3820260212010002,3,落,crash,山口泰生,,,,,落車棄権
3820260212010006,4,落,crash,隅田洋介,,,,,落車棄権
3820260212010006,8,落,crash,尾崎剛,,,,,落車棄権
3820260212020001,4,落,crash,丸山貴秀,,,,,落車棄権
3820260212020009,6,落,crash,橋本智昭,,,,,落車棄権
3820260212020009,5,失,disqualified,棚瀬義大,,,,S,外帯線進入
3820260212020010,4,落,crash,後藤悠,,,,,落車棄権
3820260212030006,8,落,crash,鈴木涼介,,,,,落車棄権
3820260212040008,5,欠,absent,後藤大輝,,,,,
3820260301010005,7,失,disqualified,村松俊弥,,,,,
3820260301030002,4,落,crash,笹川竜治,,,,,
3820260301030007,1,失,disqualified,杉浦颯太,,,,SB,
3820260310010009,2,欠,absent,門脇翼,,,,,当日欠場
3820260310020001,1,欠,absent,永橋武司,,,,,当日欠場
3820260310020008,4,欠,absent,三ッ井武,,,,,当日欠場
3820260323030011,7,落,crash,藤井優希,,,,,
3820260323030011,2,失,disqualified,出口謙一郎,,,,,
3820260410020001,5,落,crash,今西瑠花,,,,,
3820260410020001,6,落,crash,川路遥香,,,,,
3820260410020001,2,失,disqualified,鈴木美教,,,,,
3820260410030004,5,失,disqualified,倉野隆太郎,,,,,
3820260421010009,4,欠,absent,福田滉,,,,,
3820260421010012,1,故,accident_finish,犬伏湧也,,,,S,車体故障で
3820260421030001,3,落,crash,阿部宏之,,,,,
3820260421030001,4,落,crash,鮫島康治,,,,,
3820260524030011,2,失,disqualified,張野幸聖,,,,,
3820260610010003,5,失,disqualified,山崎明寛,,,,,國井に離れ
3820260610010008,7,落,crash,松尾玄太,,,,,落車棄権で
3820260610010008,4,失,disqualified,伊藤彰規,,,,,番手斜行失
3820260610010009,4,落,crash,栗林巧,,,,,坂本マーク
2820230104010006,1,欠,absent,渡部哲男,,,,,当日欠場
2820230104030002,9,失,disqualified,落合達彦,,,,,内抜き２失
2820230104030007,7,失,disqualified,南修二,,,,,斜行し１失
2820230104030010,9,失,disqualified,森田優弥,,,,,３半斜行し
2820230104040006,3,落,crash,鈴木庸之,,,,,
2820230104040007,2,欠,absent,北井佑季,,,,,
2820230213010011,2,落,crash,能代谷元,,,,,接触し落車
2820230225020004,4,落,crash,岡俊行,,,,,
2820230225020004,6,落,crash,羽石国臣,,,,,
2820230315010007,6,落,crash,重倉高史,,,,B,直線接触落
2820230315020009,7,失,disqualified,加賀山淳,,,,B,不運の２失
2820230315030007,3,落,crash,大西健士,,,,,
2820230315030007,4,失,disqualified,藤木裕,,,,S,
2820230405020007,2,落,crash,神山尚,,,,,捲れず落車
2820230405030007,5,失,disqualified,松坂侑亮,,,,,
2820230501010006,3,落,crash,荒川ひかり,,,,,乗上げ落車
2820230501010006,4,落,crash,浜地晴帆,,,,,乗上げ落車
2820230501010006,6,落,crash,神澤瑛菜,,,,S,前受けＨ落
2820230501030002,4,欠,absent,鈴木秀明,,,,,
2820230506010001,5,失,disqualified,遠藤勝行,,,,,
2820230506010004,3,失,disqualified,土屋仁,,,,S,
2820230506020005,5,落,crash,太田将成,,,,,
2820230506020005,1,失,disqualified,守谷陽介,,,,,
2820230506020007,4,落,crash,平石浩之,,,,,
2820230622010005,1,欠,absent,桜井宏樹,,,,,
2820230622030007,2,失,disqualified,浅沼聖士,,,,,
2820230709020010,2,落,crash,磯川勝裕,,,,,押え捲られ
2820230721010001,4,落,crash,稲毛知也,,,,S,半端下げて
2820230721010001,5,落,crash,亀井雅斗,,,,,打鐘で接触
2820230806010004,2,失,disqualified,三澤康人,,,,,前に口空き
2820230806010010,6,故,accident_finish,矢野昌彦,,,,,故障し離脱
2820230907010002,1,落,crash,重倉高史,,,,,接触し落車
2820230907010002,6,落,crash,藤井準也,,,,,外併走落車
2820230907010002,5,失,disqualified,橋本強,,,,,番手も失格
2820230907010002,9,失,disqualified,木村皆斗,,,,,先行争い負
2820230907010005,5,失,disqualified,山根将太,,,,,押え叩かれ
2820230907010005,9,故,accident_finish,真船圭一郎,,,,,張られ故障
2820230907020009,4,落,crash,青柳靖起,,,,,鐘４角落車
2820230907030004,1,落,crash,小林大介,,,,S,踏遅れ落車
2820230907030004,3,失,disqualified,佐藤一伸,,,,,牽制し失格
2820230907040010,7,落,crash,野田源一,,,,,
2820230907040010,3,失,disqualified,南修二,,,,,
2820230907040012,4,失,disqualified,北井佑季,,,,,
2820231209010005,5,失,disqualified,佐藤拓哉,,,,,カマシ離れ
2820231209020002,3,失,disqualified,清水正人,,,,,目標突張れ
2820231209020003,6,失,disqualified,廣川貞治,,,,,前絡れ切替
2820231209020007,2,失,disqualified,近澤諒香,,,,,捲りマーク
2820231209020010,2,欠,absent,石川雅望,,,,,当日欠場
2820231228020006,4,落,crash,小原丈一郎,,,,,前輪払われ
2820231228020006,5,落,crash,塚本大樹,,,,,落車巻込れ
2820231228020006,7,落,crash,城戸俊潔,,,,,捲れず落車
2820231228020006,9,落,crash,五日市誠,,,,,乗上げ落車
2820231228020006,2,失,disqualified,鈴木玄人,,,,SB,斜行し２失
2820240117010010,4,落,crash,櫻井正孝,,,,,離れて絡む
2820240117030010,1,失,disqualified,大塚健一郎,,,,,
2820240209010002,5,失,disqualified,永山英司,,,,,踏出し離れ
2820240308010009,5,欠,absent,渡邉雅也,,,,,当日欠場
2820240308020011,2,落,crash,内藤秀久,,,,,接触し落車
2820240308020011,4,落,crash,中田雄喜,,,,,前落車乗上
2820240308030005,4,欠,absent,栗本尚宗,,,,,
2820240329010001,5,落,crash,山城光央,,,,,ＨＳ落車し
2820240329020012,5,落,crash,比佐宝太,,,,S,３角捲張れ
2820240329020012,7,失,disqualified,木村貴宏,,,,,牽制し失格
2820240408010003,3,落,crash,村上卓茂,,,,,前捨内追上
2820240408010003,4,落,crash,栗林巧,,,,,太田将一緒
2820240408010003,7,落,crash,桜井雄太,,,,,捲り進まず
2820240408010009,2,落,crash,庄子信弘,,,,,接触し落車
2820240408010009,6,失,disqualified,高橋泰裕,,,,,単騎で苦戦
2820240408020006,4,失,disqualified,木村皆斗,,,,B,誘導早期抜
2820240408020012,4,落,crash,藤田勝也,,,,,絡まれ落車
2820240408020012,2,失,disqualified,森田優弥,,,,B,自ら外振り
2820240613010004,7,落,crash,村松俊弥,,,,,
2820240613020004,1,落,crash,伊藤翼,,,,,
2820240613020004,4,落,crash,黒瀬浩一,,,,,
2820240613020004,5,落,crash,沖健一,,,,,
2820240613020004,6,失,disqualified,平澤秀信,,,,,
2820240613020006,2,落,crash,峯口司,,,,,
2820240613020006,5,落,crash,堀勝政,,,,,
2820240613020006,6,落,crash,茂木和臣,,,,,
2820240613020006,1,失,disqualified,岡本翔,,,,SB,
2820240804010004,4,落,crash,梶原亜湖,,,,,乗上げ落車
2820240804010004,7,落,crash,川上真二郎,,,,,絡んで落車
2820240804010004,3,失,disqualified,嶋貫高大,,,,,斜行し落失
2820240804020002,5,失,disqualified,保科圭太,,,,,内抜き５失
2820240804020005,6,失,disqualified,佐川拓也,,,,,内抜き１失
2820240804020008,2,落,crash,奥山雅士,,,,,挟まれ落車
2820240830010001,1,落,crash,藤光健一,,,,,不利受落車
2820240830010001,6,落,crash,田典幸,,,,,乗上げ落車
2820240830010001,2,失,disqualified,川本琢也,,,,S,斜行し失格
2820240830010012,5,落,crash,西田将士,,,,,３半で落車
2820240830020004,3,失,disqualified,平根優大,,,,,早期追抜き
2820240830030006,4,落,crash,塚本和宏,,,,,
2820240830030006,6,落,crash,山根泰道,,,,S,
2820240830030006,5,失,disqualified,小島雅章,,,,,
2820240830030009,1,落,crash,秋葉大輔,,,,,
2820240830030009,3,落,crash,長谷部翔,,,,S,
2820240830030009,4,落,crash,遠藤勝行,,,,,
2820240830030009,6,落,crash,本田拓也,,,,,
2820240830030009,5,失,disqualified,芳野匠,,,,,
2820240906020005,4,落,crash,森岡正臣,,,,S,Ｇ前で接触
2820241001010010,2,失,disqualified,阿部大樹,,,,,内抜き失格
2820241022010005,4,落,crash,田村真広,,,,,斜行されて
2820241022010005,5,失,disqualified,西田大志,,,,,妨害し失格
2820241022010011,3,欠,absent,関貴之,,,,,当日欠場
2820241108010001,1,失,disqualified,中山敬太郎,,,,,カマシ離れ
2820241108030012,5,落,crash,村上竜馬,,,,,
2820241222030007,3,落,crash,金野俊秋,,,,S,
2820241228030003,2,欠,absent,石井毅,,,,,
2820250104010006,5,落,crash,濱田浩司,,,,,３半接触落
2820250104010006,6,落,crash,和田誠寿,,,,,接触し落車
2820250104010009,4,故,accident_finish,神田龍,,,,,接触し故障
2820250104020008,3,落,crash,吉田拓矢,,,,,絡んで落車
2820250104020008,5,落,crash,神山拓弥,,,,S,乗上げ落車
2820250104020008,8,失,disqualified,真船圭一郎,,,,,押上げ落失
2820250104030010,1,失,disqualified,北井佑季,,,,,荒井押上げ
2820250104030011,5,落,crash,中村圭志,,,,,接触し落車
2820250104030011,9,落,crash,桑原大志,,,,,弾かれ落車
2820250104030011,3,失,disqualified,鈴木玄人,,,,,斜行し３失
2820250122010004,7,失,disqualified,櫻木雄太,,,,B,押上げ失格
2820250122010005,1,失,disqualified,犬塚貴之,,,,,初周内抜き
2820250122020011,7,落,crash,田中勇二,,,,S,妨害受けて
2820250122020011,4,失,disqualified,星野洋輝,,,,,押圧し失格
2820250225010001,5,落,crash,新井美菜,,,,,
2820250225020003,7,失,disqualified,宮下潤,,,,,
2820250225030001,4,失,disqualified,藤原亜衣里,,,,,
2820250328010004,4,失,disqualified,菅藤智,,,,,勝負も競負
2820250328030010,3,落,crash,伊藤健詞,,,,,
2820250328030010,5,失,disqualified,秋葉大輔,,,,,
2820250406030003,5,落,crash,廣川貞治,,,,,
2820250418010005,3,落,crash,北川紋部,,,,,
2820250426020002,2,落,crash,沼川夢久,,,,,競負け落車
2820250426020006,2,落,crash,台和紀,,,,,捌かれ落車
2820250426020006,3,失,disqualified,明田春喜,,,,,押上げ失格
2820250426020007,1,欠,absent,藤井孝則,,,,,当日欠場で
2820250702010001,4,落,crash,植草亮介,,,,,３半で接触
2820250702010001,6,落,crash,森柾斗,,,,,捲れず落車
2820250702030002,2,失,disqualified,森田康嗣,,,,,
2820250702030004,7,失,disqualified,菊池翔,,,,B,
2820250906010008,2,落,crash,小林申太,,,,,内で競負け
2820250906030005,1,失,disqualified,山本隼人,,,,,
2820250906030011,2,欠,absent,古賀勝大,,,,,
2820250916010005,2,落,crash,小林令,,,,,３角乗上げ
2820250916010005,5,落,crash,高木竜司,,,,,落車乗上げ
2820250916010005,7,落,crash,桶谷明誉,,,,,３角接触し
2820250916020004,3,落,crash,三木健正,,,,,妨害受けて
2820250916020004,6,落,crash,山本恵太郎,,,,,落車乗上げ
2820250916020004,1,失,disqualified,村田瑞季,,,,B,押上げ失格
2820250924010011,7,故,accident_finish,山賀雅仁,,,,,車体故障し
2820250924010012,1,落,crash,鈴木玄人,,,,,直線で落車
2820250924010012,7,落,crash,杉森輝大,,,,,接触し落車
2820250924020008,7,失,disqualified,齊藤竜也,,,,,押圧し失格
2820250924020012,2,落,crash,渡邉雅也,,,,,牽制し落車
2820251008030001,3,失,disqualified,高田大輔,,,,,
2820251228020003,1,落,crash,秋山太洋,,,,S,後手絡んで
2820260104010005,9,落,crash,山本勝利,,,,,赤板前落車
2820260104020002,2,欠,absent,池田良,,,,,当日欠場
2820260104040001,5,欠,absent,坂本紘規,,,,,
2820260104040007,2,落,crash,菅原大也,,,,,
2820260104040007,7,落,crash,松坂洋平,,,,,
2820260104040007,9,落,crash,菅原裕太,,,,,
2820260104040012,4,失,disqualified,渡邉雅也,,,,,
2820260112030006,5,落,crash,松本詩乃,,,,S,
2820260112030006,6,落,crash,梶原百香,,,,,
2820260112030006,7,落,crash,太田美穂,,,,,
2820260112030006,3,失,disqualified,青木美保,,,,,
2820260119010001,1,落,crash,山田裕哉,,,,,前落車乗上
2820260119010001,5,落,crash,竹澤雅也,,,,,鐘前の接触
2820260209010011,7,落,crash,開坂秀明,,,,,赤板過ぎ落
2820260209020012,5,落,crash,松谷秀幸,,,,,BＳ前落車
2820260307030002,3,落,crash,倉松涼,,,,,
2820260322010007,3,落,crash,土井慎二,,,,S,
2820260328010004,7,失,disqualified,茅野寛史,,,,,妨害し３失
2820260328020012,6,失,disqualified,磯田旭,,,,,４角内突き
2820260328030001,7,落,crash,宮道良輔,,,,,
2820260328030008,2,落,crash,林昌幸,,,,,
2820260328030008,3,失,disqualified,小埜正義,,,,,
2820260328030012,7,落,crash,守澤太志,,,,,
2820260328030012,5,失,disqualified,吉澤純平,,,,,
7120230103010003,5,失,disqualified,白濱一平,,,,,叩ず外競負
7120230103010012,3,落,crash,神田紘輔,,,,,競負４角落
7120230103010012,4,落,crash,橋本強,,,,,絡み４角落
7120230103020001,6,落,crash,井山和裕,,,,,２角接触し
7120230103030010,3,失,disqualified,小川巧,,,,,
7120230120010003,5,失,disqualified,永井隆一,,,,,
7120230302010004,2,失,disqualified,深見仁哉,,,,,内圏線踏切
7120230302030006,5,落,crash,瓦田勝也,,,,,
7120230315010008,4,落,crash,田村真広,,,,,鐘３半追突
7120230315010008,7,落,crash,宮崎大空,,,,,鐘３半接触
7120230315010012,1,落,crash,宿口陽一,,,,,捲上げ接触
7120230315010012,5,落,crash,福島武士,,,,,坂本続追突
7120230315010012,2,失,disqualified,坂本亮馬,,,,,牽制し斜行
7120230315030004,1,落,crash,近藤範昌,,,,,
7120230315030004,4,落,crash,大久保直也,,,,,
7120230315030004,5,失,disqualified,山崎航,,,,,
7120230322020012,7,欠,absent,増原正人,,,,,急病当日欠
7120230403010002,1,落,crash,林昴,,,,,
7120230403010002,5,落,crash,高木竜司,,,,,
7120230403010002,4,失,disqualified,布居大地,,,,B,
7120230403020002,1,,unknown_exception,玉村元気,,,,,未実施抽選
7120230403020002,2,,unknown_exception,中川博文,,,,,未実施抽選
7120230403020002,4,,unknown_exception,小磯知也,,,,,未実施抽選
7120230403020002,5,,unknown_exception,爲田学,,,,,未実施抽選
7120230403020002,3,欠,absent,安谷屋将志,,,,,未実施抽選
7120230403030005,2,落,crash,藤野一良,,,,,
7120230403030005,6,落,crash,星島太,,,,,
7120230403030007,2,落,crash,長屋秀明,,,,,
7120230410010001,6,失,disqualified,小峰一貴,,,,,
7120230410020008,2,失,disqualified,宮倉勇,,,,,
7120230410030001,2,欠,absent,南和夫,,,,,
7120230426010008,7,落,crash,山川奨太,,,,,
7120230426020011,1,落,crash,上川直紀,,,,,鐘前接触落
7120230426020011,7,落,crash,飯田辰哉,,,,,上川に追突
7120230426020011,3,失,disqualified,船瀬惇平,,,,B,押上げ逃げ
7120230426030003,1,落,crash,佐野恭太,,,,,
7120230426030003,3,落,crash,青木亮太,,,,,
7120230426030003,7,落,crash,岡崎泰士,,,,,
7120230426030003,6,失,disqualified,竹元太志,,,,B,
7120230510020011,3,落,crash,月森亮輔,,,,S,捲上げ接触
7120230510030010,4,失,disqualified,渡邉豪大,,,,SB,
7120230610010003,3,失,disqualified,谷尾佳昭,,,,,押圧阻まれ
7120230610030003,2,欠,absent,太田良政,,,,,
7120230610030004,5,失,disqualified,森山昌昭,,,,,
7120230619010005,4,落,crash,佐藤健太,,,,,赤板過接触
7120230619010005,6,落,crash,野崎将史,,,,,赤板過接触
7120230619010006,5,落,crash,川嶋百香,,,,,３半で接触
7120230619020002,1,落,crash,作田悦章,,,,,３半で接触
7120230619020002,3,失,disqualified,山村慮太,,,,,番手斜行し
7120230625020004,5,落,crash,河野要,,,,,
7120230625030005,4,落,crash,吉川嘉斗,,,,,
7120230702010001,1,落,crash,近藤直幹,,,,,３半で接触
7120230702010001,7,落,crash,時松正,,,,,離れ３角落
7120230715010004,1,失,disqualified,疋田敏,,,,,内側追抜き
7120230715010011,5,落,crash,矢口啓一郎,,,,,鐘４で接触
7120230715020010,3,失,disqualified,長尾拳太,,,,,牽制斜行落
7120230715020012,7,落,crash,山形一気,,,,,鐘３半転倒
7120230715030007,4,故,accident_finish,中嶋宣成,,,,,
7120230715030010,4,欠,absent,末木浩二,,,,,
7120230805020001,6,欠,absent,大窪輝之,,,,,
7120230827020005,5,落,crash,細川貴史,,,,,
7120230827030006,5,落,crash,三浦稔希,,,,,
7120230827030008,6,落,crash,加藤舞,,,,,
7120230908020005,2,落,crash,木村貴宏,,,,,
7120230908030003,1,失,disqualified,塚本瑠羽,,,,B,
7120230918020004,1,失,disqualified,菊池崇史,,,,,大林続押圧
7120230923010002,5,落,crash,行成大祐,,,,,競負け接触
7120230923020005,3,落,crash,柳澤達也,,,,,浜田追接触
7120230923020005,4,落,crash,興呂木雄治,,,,S,石川続追突
7120230923020005,5,失,disqualified,石山直哉,,,,,古川乗押上
7120230930030005,3,落,crash,阿部充宏,,,,,
7120230930030005,6,落,crash,岡嵜浩一,,,,,
7120230930030005,7,落,crash,小宮剛,,,,,
7120230930030005,2,失,disqualified,黒滝大翔,,,,,
7120230930030007,2,欠,absent,渡邉満,,,,,
7120231016020004,7,落,crash,吉岡篤志,,,,,目標と一緒
7120231030010001,3,落,crash,秋葉大輔,,,,,鐘３半接触
7120231030010001,5,失,disqualified,阿久津浩之,,,,,斜行し１失
7120231030010007,7,落,crash,板根茜弥,,,,,鐘４角接触
7120231109030005,7,落,crash,星野辰也,,,,,
7120231123030001,2,欠,absent,近澤諒香,,,,,
7120231202010001,4,落,crash,渡邊健,,,,,４角で接触
7120231202010001,5,落,crash,吉永和生,,,,,中尾乗接触
7120231202030005,3,落,crash,川木敬大,,,,,
7120231202030005,6,落,crash,中村泰輔,,,,,
7120231202030005,7,失,disqualified,高橋義秋,,,,B,
7120231210010011,1,落,crash,郡英治,,,,,競合い接触
7120231210020002,2,失,disqualified,幡中幸弘,,,,,内圏線踏切
7120231210020007,6,失,disqualified,倉松涼,,,,,内圏線踏切
7120231225010003,6,失,disqualified,北野佑汰,,,,,内圏線踏切
7120231225020011,6,欠,absent,山口龍也,,,,,急病当日欠
7120240106020001,3,失,disqualified,梶原亜湖,,,,,内圏線踏切
7120240125030002,5,欠,absent,長澤和光,,,,,
7120240217010004,4,落,crash,藤原俊太郎,,,,B,逃げ直接触
7120240217010004,8,落,crash,児玉慎一郎,,,,,阻れ中割触
7120240217020001,7,落,crash,津村洸次郎,,,,,３角で接触
7120240217020003,5,落,crash,西岡拓朗,,,,,内突き接触
7120240217020003,6,落,crash,稲村好将,,,,,３番手接触
7120240217020003,7,落,crash,齋木翔多,,,,,牽制仕掛触
7120240217020003,2,失,disqualified,柏野智典,,,,,内突き斜行
7120240217020011,8,失,disqualified,原誠宏,,,,,原田共倒れ
7120240217040007,5,失,disqualified,宿口潤平,,,,,
7120240217040012,8,失,disqualified,福島武士,,,,,
7120240225010001,6,落,crash,楠本政明,,,,,叩かれ接触
7120240225010008,4,失,disqualified,高木竜司,,,,,上吹越続触
7120240225020006,3,失,disqualified,竹野百香,,,,,外伸も斜行
7120240311020002,1,欠,absent,荘田竜斗,,,,,
7120240311020002,5,欠,absent,幸津博,,,,,
7120240311020008,3,落,crash,奥谷広巳,,,,,
7120240311020008,2,失,disqualified,藤木裕,,,,,
7120240311030004,6,欠,absent,勝谷勝治,,,,,
7120240324010005,1,落,crash,吉田彰久,,,,,
7120240402020001,2,欠,absent,菅原洋輔,,,,,当日欠場
7120240407010007,1,欠,absent,高橋綜一郎,,,,,
7120240501010001,4,欠,absent,羽石国臣,,,,,
7120240501030005,6,欠,absent,菅田和宏,,,,,
7120240509010001,3,欠,absent,藤原義浩,,,,,急病当日欠
7120240509020005,3,落,crash,長谷隆志,,,,,番手３半落
7120240509020005,7,失,disqualified,茂木和臣,,,,,細沼追押圧
7120240509030001,6,失,disqualified,中山敬太郎,,,,,
7120240509030004,1,落,crash,永山英司,,,,,
7120240509030005,3,失,disqualified,福森慎太郎,,,,,
7120240520030002,1,落,crash,谷口幸司,,,,S,
7120240520030002,5,失,disqualified,中村翔平,,,,,
7120240520030004,1,落,crash,金子浩貴,,,,,
7120240604020002,6,故,accident_finish,西村尚文,,,,,
7120240610020003,2,失,disqualified,照屋将貴,,,,,
7120240610020006,2,落,crash,笹倉慎也,,,,,
7120240620010011,1,落,crash,鈴木庸之,,,,,１半で接触
7120240718030001,4,失,disqualified,齋藤和也,,,,S,
7120240718030006,1,落,crash,浜地晴帆,,,,,
7120240718030006,2,落,crash,三宅愛梨,,,,,
7120240718030006,3,落,crash,池上あかり,,,,,
7120240718030006,6,落,crash,藤巻絵里佳,,,,S,
7120240824020007,2,欠,absent,島田竜二,,,,,急病で欠場
7120240831010001,6,落,crash,小泉俊也,,,,,
7120240831010001,3,失,disqualified,土屋仁,,,,,
7120240914010002,7,欠,absent,松尾誠,,,,,
7120240924020004,5,欠,absent,中山敬太郎,,,,,
7120241003010007,2,落,crash,山崎明寛,,,,,掬われ接触
7120241003010007,6,故,accident_finish,乙川高徳,,,,,切替え接触
7120241003030001,2,失,disqualified,北村匡章,,,,,
7120241003030002,4,失,disqualified,佐野多喜男,,,,,
7120241019020001,6,失,disqualified,三登誉哲,,,,,内圏線踏切
7120241029010005,4,落,crash,大洞翔平,,,,,小嶋追Ｂ触
7120241029010005,7,落,crash,伊藤勝太,,,,,大洞続追突
7120241029020003,2,落,crash,飯田裕次,,,,,離れ鐘４落
7120241108020003,1,欠,absent,魚屋周成,,,,,
7120241108020006,6,落,crash,三浦稔希,,,,,
7120241108020006,7,落,crash,吉成貴博,,,,,
7120241108020006,4,失,disqualified,安東英博,,,,,
7120241119010005,3,落,crash,宮原貴之,,,,,切替え接触
7120241119010005,5,失,disqualified,大澤裕之,,,,,２角斜行し
7120241119010007,1,落,crash,土屋宏,,,,S,３半接触し
7120241119010007,2,落,crash,飯塚直人,,,,,３半接触し
7120241119030006,5,落,crash,曽我部匡史,,,,,
7120241124020001,5,失,disqualified,川添輝彦,,,,,
7120241124030005,1,落,crash,遠藤勝弥,,,,S,
7120241124030005,4,失,disqualified,冨尾享平,,,,,
7120250107010001,5,落,crash,植原琢也,,,,S,３半接触し
7120250107020011,3,落,crash,紺野哲也,,,,,和田追接触
7120250107020011,1,失,disqualified,瓜生崇智,,,,,追上競負け
7120250107020012,7,落,crash,阿竹智史,,,,,町田追接触
7120250107020012,6,失,disqualified,五十嵐力,,,,,菅原続斜行
7120250107030009,1,欠,absent,井上昌己,,,,,
7120250107030012,4,落,crash,朝倉佳弘,,,,,
7120250107030012,2,失,disqualified,和田圭,,,,,
7120250120030011,5,落,crash,楠野史尭,,,,,
7120250120030011,6,落,crash,原清孝,,,,,
7120250120030011,1,失,disqualified,眞鍋伸也,,,,S,
7120250125010002,2,故,accident_finish,石貞有基,,,,,故障で棄権
7120250130010005,9,失,disqualified,天田裕輝,,,,,外帯線進入
7120250130010005,1,故,accident_finish,佐藤博紀,,,,S,番手切替触
7120250130020002,7,失,disqualified,山本健也,,,,,牽制押上げ
7120250130020009,2,落,crash,吉田敏洋,,,,,掬われ接触
7120250130020009,7,失,disqualified,原誠宏,,,,,離れ内突も
7120250130030005,3,失,disqualified,岡本大嗣,,,,,押上げ膨れ
7120250130040002,1,故,accident_finish,金ヶ江勇気,,,,,
7120250130040004,2,落,crash,畝木聖,,,,S,
7120250130040004,7,落,crash,山本奨,,,,,
7120250212020004,4,落,crash,松尾正人,,,,,Ｂ前接触し
7120250212020004,7,落,crash,関智晴,,,,,中島離接触
7120250212030001,7,欠,absent,鈴木龍之介,,,,,
7120250212030008,2,失,disqualified,阿久津修,,,,,
7120250317010012,1,欠,absent,福永大智,,,,,急病当日欠
7120250317020003,4,失,disqualified,薮謙治,,,,,離内側追抜
7120250317030002,7,落,crash,小谷文康,,,,,
7120250401010006,2,欠,absent,森安崇之,,,,,
7120250401020007,1,落,crash,林昌幸,,,,,
7120250401020007,2,落,crash,高本和也,,,,,
7120250401020007,3,落,crash,近藤寛央,,,,,
7120250410010006,2,落,crash,赤松誠一,,,,,
7120250410010006,7,落,crash,松木竜也,,,,,
7120250410020002,2,欠,absent,駒井大輔,,,,,
7120250410020003,2,落,crash,菅原洋輔,,,,,
7120250410020007,6,落,crash,田村光昭,,,,S,
7120250410020007,5,失,disqualified,眞鍋伸也,,,,,
7120250410030001,1,落,crash,木幡幸仁,,,,S,
7120250410030001,5,落,crash,早坂道義,,,,,
7120250410030001,3,失,disqualified,木下章,,,,,
7120250505020003,1,欠,absent,上川直紀,,,,,急病当日欠
7120250505030003,1,故,accident_finish,松田優一,,,,,
7120250515020001,4,落,crash,中嶋樹,,,,,鐘４逃接触
7120250515020001,1,失,disqualified,樋口奨平,,,,,切替え押圧
7120250521010004,6,欠,absent,早川成矢,,,,,急病当日欠
7120250521020004,5,落,crash,廣川泰昭,,,,,３半接触し
7120250521020005,3,落,crash,西本直大,,,,,捲上げ接触
7120250521020005,5,失,disqualified,近藤誠二,,,,,番手差押上
7120250529010006,4,失,disqualified,久樹克門,,,,,内側追抜き
7120250529030008,3,落,crash,大坪功一,,,,,
7120250529030008,4,落,crash,大石崇晴,,,,,
7120250529030008,5,失,disqualified,河村雅章,,,,,
7120250529030009,3,落,crash,三浦貴大,,,,,
8420230408010006,2,落,crash,五反田豊和,,,,,
8420230408020001,6,失,disqualified,小田桐義継,,,,,
8420230408020003,6,失,disqualified,内海雅夫,,,,,
8420230416010008,7,落,crash,佐々木浩三,,,,,
8420230422020003,2,失,disqualified,永澤剛,,,,,競勝ち一杯
8420230422030001,4,落,crash,上吹越直樹,,,,,単騎で落車
8420230422030001,8,落,crash,甲斐康昭,,,,,乗上げ落車
8420230422030001,9,落,crash,加藤圭一,,,,,踏遅れ落車
8420230422030001,5,失,disqualified,伊藤健詞,,,,,前任せ一緒
8420230422030011,1,落,crash,平原康多,,,,S,乗上げ落車
8420230422030011,5,落,crash,木暮安由,,,,,乗上げ落車
8420230422030011,6,落,crash,山口敦也,,,,,３番手落車
8420230422030011,7,落,crash,松浦悠士,,,,,内併走落車
8420230422030011,9,落,crash,吉田拓矢,,,,,外併走落車
8420230422040008,1,欠,absent,山口敦也,,,,,
8420230501020004,2,落,crash,會田正一,,,,,
8420230501030004,2,欠,absent,浅見隼,,,,,
8420230501030006,3,落,crash,南円佳,,,,,
8420230518010007,7,失,disqualified,大澤雄大,,,,,前が捌かれ
8420230518010010,2,落,crash,嶋田誠也,,,,,３半絡み落
8420230518020008,4,落,crash,江守昇,,,,,３半接触落
8420230518020011,1,落,crash,吉澤純平,,,,,接触し落車
8420230518020011,3,落,crash,太田竜馬,,,,S,乗上げ落車
8420230518020011,5,落,crash,佐藤和也,,,,,接触し落車
8420230518020011,7,失,disqualified,成田和也,,,,,斜行し２失
8420230604010002,6,失,disqualified,鈴木咲香,,,,,
8420230604010003,2,落,crash,屋良朝春,,,,,
8420230604010003,4,落,crash,小林裕一朗,,,,,
8420230604010003,5,落,crash,原田礼,,,,,
8420230604010003,6,落,crash,伊藤大理,,,,S,
8420230604030001,5,欠,absent,宮本杏夏,,,,,
8420230625010006,2,落,crash,川本隆史,,,,,
8420230625020001,1,失,disqualified,宮原英司,,,,,
8420230706020010,1,落,crash,合志正臣,,,,S,絡んで落車
8420230706020010,7,落,crash,藤原悠斗,,,,,接触し落車
8420230706020010,2,失,disqualified,北野良栄,,,,,斜行し２失
8420230706030006,5,落,crash,松尾玄太,,,,,
8420230706030006,6,失,disqualified,藤田洋平,,,,S,
8420230722010005,4,落,crash,堀内昇,,,,,
8420230722020006,5,落,crash,福田滉,,,,,
8420230722020007,5,落,crash,五十嵐綾,,,,,
8420230722020007,3,失,disqualified,小原将通,,,,,
8420230722030005,4,落,crash,望月裕一郎,,,,,
8420230811010007,6,落,crash,三宅愛梨,,,,,
8420230920010004,2,失,disqualified,櫻井利之,,,,,
8420230928010007,2,落,crash,二條祐也,,,,,
8420230928010007,4,落,crash,田上晃也,,,,,
8420231003020001,1,落,crash,大崎龍一郎,,,,,
8420231003020001,3,落,crash,森下忠夫,,,,,
8420231003020001,4,故,accident_finish,大田啓介,,,,,
8420231010010001,1,失,disqualified,山崎功也,,,,S,
8420231010020010,5,失,disqualified,菅谷隆司,,,,,
8420231010030004,5,落,crash,高尾剛文,,,,,
8420231015030001,7,落,crash,三好陽一,,,,,
8420231015030001,3,失,disqualified,竹内真一,,,,S,
8420231026020008,2,落,crash,須藤悟,,,,S,前に乗上げ
8420231026020008,3,落,crash,江守昇,,,,,前に乗上げ
8420231026020008,5,落,crash,東龍之介,,,,,外競不注意
8420231026020008,7,落,crash,佐々木則幸,,,,,煽受け乗上
8420231026030004,2,失,disqualified,伊藤成紀,,,,,
8420231026030004,5,故,accident_finish,高橋秀吉,,,,,
8420240302020002,5,欠,absent,長田彰人,,,,,
8420240302020005,4,落,crash,會田正一,,,,,
8420240308030001,6,失,disqualified,渡辺ゆかり,,,,,
8420240322010006,4,落,crash,井寺亮太,,,,,乗上げ落車
8420240322010006,5,落,crash,高田大輔,,,,,接触し落車
8420240322020002,6,失,disqualified,高本旭,,,,,半端粘って
8420240322020005,3,落,crash,齋藤仁,,,,,接触し落車
8420240328010008,6,落,crash,加藤圭一,,,,,２角乗上げ
8420240328010008,8,落,crash,小林弘和,,,,,飛び付かれ
8420240328010008,3,失,disqualified,板垣昴,,,,,飛付き押上
8420240328010009,8,故,accident_finish,小笠原昭太,,,,,離れ降接触
8420240328010010,1,失,disqualified,湊聖二,,,,S,外線内進入
8420240328020003,4,故,accident_finish,滝本泰行,,,,,内締め接触
8420240328030007,6,落,crash,原真司,,,,,鐘過接触し
8420240328040001,1,故,accident_finish,小島歩,,,,,
8420240409020003,4,失,disqualified,長谷川辰徳,,,,,
8420240409030004,4,落,crash,丸林駿太,,,,,
8420240409030004,3,失,disqualified,龍野琳太郎,,,,B,
8420240416010007,5,落,crash,川添輝彦,,,,,
8420240511020006,1,落,crash,久田裕也,,,,,１半妨受け
8420240511020006,7,失,disqualified,坂口晃輔,,,,,牽制斜行し
8420240511030003,4,落,crash,田中陽平,,,,,切替え接触
8420240511030003,5,落,crash,畝木聖,,,,,鐘過自ら落
8420240511030004,5,失,disqualified,橋本智昭,,,,,直線外斜行
8420240511030008,8,落,crash,上野雅彦,,,,S,ＨＳ妨受け
8420240511030008,1,失,disqualified,佐々木悠葵,,,,,捲切も押圧
8420240519030001,5,落,crash,金辺雄介,,,,,
8420240519030001,7,落,crash,近藤直幹,,,,,
8420240519030001,4,失,disqualified,吉田悟,,,,,
8420240526020002,5,落,crash,郡英治,,,,,４角接触落
8420240526020011,1,失,disqualified,鈴木裕,,,,,中村抜けず
8420240604020005,2,落,crash,竹元健竜,,,,,
8420240604020005,5,落,crash,手島志誠,,,,,
8420240604020005,7,落,crash,秋永昂人,,,,,
8420240604030001,7,欠,absent,野崎菜美,,,,,
8420240627030006,7,欠,absent,多田晃紀,,,,,
8420240731010001,4,欠,absent,真崎章徳,,,,,
8420240731020001,6,失,disqualified,長谷川辰徳,,,,,
8420240731020004,3,欠,absent,米丸俊成,,,,,
8420240816010003,5,失,disqualified,田村裕也,,,,S,
8420240816010005,7,失,disqualified,阿部英斗,,,,,
8420240816020005,2,落,crash,岡田浩太,,,,,
8420240816020005,4,落,crash,小山峻汰,,,,S,
8420240827020009,3,落,crash,大久保直也,,,,S,半端落車し
8420240910020006,4,落,crash,小林潤二,,,,,突込挟まれ
8420240910020011,2,落,crash,星野洋輝,,,,,併踏も妨受
8420240910020011,4,失,disqualified,岡田征陽,,,,,牽制斜行し
8420240910030001,5,欠,absent,宗景祐樹,,,,,
8420241017030002,6,失,disqualified,下田和美,,,,,
8420241024010005,1,落,crash,鳥海創,,,,,
8420241024010005,2,落,crash,寺林正秋,,,,,
8420241024010005,5,失,disqualified,高田大輔,,,,,
8420241024030004,3,欠,absent,立花昌也,,,,,
8420241024030007,7,落,crash,屋良朝春,,,,,
8420241024030007,1,失,disqualified,武藤篤弘,,,,,
8420241105010005,2,落,crash,佐方良行,,,,,競合い落車
8420241105010005,6,失,disqualified,肥後尚己,,,,,番手奪離れ
8420241105010012,7,落,crash,松本秀之介,,,,,鐘３半落車
8420241105010012,1,失,disqualified,吉澤純平,,,,,接触し失速
8420241105020009,3,欠,absent,坂本亮馬,,,,,当日欠場
8420241105020010,7,落,crash,鈴木竜士,,,,,鐘３半落車
8420241230010008,3,落,crash,久保田泰弘,,,,,
8420241230010008,7,落,crash,渡口勝成,,,,,
8420241230020003,5,欠,absent,屋良朝春,,,,,当日欠場
8420241230030004,1,欠,absent,枠元一葵,,,,,
8420250313010007,2,欠,absent,藤井準也,,,,,
8420250313030001,4,欠,absent,赤星俊光,,,,,
8420250313030001,7,失,disqualified,幸津博,,,,,
8420250319010001,5,欠,absent,川添輝彦,,,,,
8420250319020002,5,落,crash,甲斐下智,,,,,
8420250319020003,1,落,crash,中村翔平,,,,,
8420250319030004,1,欠,absent,金野俊秋,,,,,
8420250329020002,1,欠,absent,山城光央,,,,,
8420250329030006,7,落,crash,小磯知也,,,,S,
8420250329030009,1,落,crash,萱島大介,,,,,
8420250329030009,3,落,crash,荻野哲,,,,,
8420250329030009,4,失,disqualified,木村貴宏,,,,S,
8420250410010001,2,落,crash,阿部大樹,,,,,落車乗上げ
8420250410010001,8,落,crash,内山貴裕,,,,,接触し落車
8420250410010010,6,落,crash,武田憲祐,,,,,２角で落車
8420250410020007,2,落,crash,伊藤颯馬,,,,,赤板前接触
8420250410020010,9,故,accident_finish,青柳靖起,,,,,捲り牽制受
8420250410020011,7,欠,absent,新山響平,,,,,当日欠場
8420250410040001,2,落,crash,谷口明正,,,,,
8420250505010005,6,落,crash,前川大輔,,,,,落車巻込れ
8420250505010005,7,落,crash,良永浩一,,,,,絡まれ落車
8420250520030006,7,故,accident_finish,佐々木和紀,,,,,
8420250601020003,5,失,disqualified,落合豊,,,,,
8420250601020004,3,落,crash,渡邊秀明,,,,,
8420250601020004,7,失,disqualified,松尾正人,,,,,
8420250622020007,2,落,crash,野崎将史,,,,,
8420250704010003,3,落,crash,一ノ瀬貴将,,,,,
8420250704010007,3,失,disqualified,菱田浩二,,,,,
8420250803020006,3,落,crash,塚本瑠羽,,,,,
8420250803030003,1,落,crash,安東英博,,,,,
8420250901010004,2,失,disqualified,喜納隆志,,,,,接触し落車
8420250901010009,1,落,crash,阪本和也,,,,S,絡まれ落車
8420250901010011,7,欠,absent,黒瀬浩太郎,,,,,当日欠場
8420250908010001,3,失,disqualified,友永龍介,,,,SB,
8420250908010003,4,落,crash,細田純平,,,,,
8420250908010003,7,落,crash,屋宜浩二,,,,,
8420250908010003,5,失,disqualified,亀井道佳,,,,,
8420250914020007,4,失,disqualified,原清孝,,,,,
8420251002020002,1,欠,absent,高橋明久,,,,,当日欠場し
8420251002020002,5,落,crash,関智晴,,,,,絡まれ落車
8420251002020002,7,失,disqualified,川又裕樹,,,,,競負け落車
8420251111010002,5,失,disqualified,奥原亨,,,,,過失で落車
8420251111020007,2,欠,absent,道場晃規,,,,,当日欠場
8420251111020012,4,落,crash,小原丈一郎,,,,,打鐘前落車
8420251111020012,7,落,crash,松岡貴久,,,,,打鐘前落車
8420251226020005,4,失,disqualified,檀雄二,,,,,
8420260118020003,4,失,disqualified,上田学,,,,,
8420260309010001,2,落,crash,伊豆田浩人,,,,,
8420260309010001,4,失,disqualified,宗景祐樹,,,,,
8420260309020005,4,落,crash,蓮井祐輝,,,,,
8420260319010005,4,欠,absent,下野義城,,,,,
8420260319010007,2,落,crash,越智展孝,,,,,
8420260319010007,7,落,crash,牛田樹希斗,,,,,
8420260319020008,4,落,crash,坂本晃輝,,,,,
8420260319030005,2,落,crash,小川巧,,,,S,
8420260319030005,5,落,crash,三浦靖,,,,,
8420260402010004,6,失,disqualified,濱田昭一郎,,,,,
8420260402020007,4,失,disqualified,里見恒平,,,,,
8420260418020004,2,失,disqualified,松川高大,,,,,蛇行で失格
8420260418020012,3,落,crash,竹内智彦,,,,,落車棄権し
8420260418030008,5,落,crash,大川龍二,,,,,落車し棄権
8420260418030008,6,落,crash,小島歩,,,,,落車し棄権
8420260418030010,7,落,crash,山田英明,,,,,落車し棄権
8420260418030012,3,落,crash,小倉竜二,,,,,落車し棄権
8420260513020006,6,失,disqualified,山本貴章,,,,,
8420260523010002,1,落,crash,山形一気,,,,,挟まれ落車
8420260612010001,6,失,disqualified,三登誉哲,,,,,
8420260621030001,7,欠,absent,川田ひな,,,,,
8420260621030005,1,,unknown_exception,細中翔太,,,,,
8420260621030005,2,,unknown_exception,近藤範昌,,,,,
8420260621030005,3,,unknown_exception,立石拓也,,,,,
8420260621030005,4,,unknown_exception,伊藤大彦,,,,,
8420260621030005,6,,unknown_exception,堀越翔己,,,,,
8420260621030005,7,,unknown_exception,照屋将貴,,,,,
8420260621030005,5,欠,absent,冨尾享平,,,,,
6120230220010004,2,欠,absent,和泉尚吾,,,,,当日に欠場
6120230220010006,6,欠,absent,山口真未,,,,,当日に欠場
6120230220010010,1,落,crash,貴志修己,,,,,捲上げ落車
6120230220020009,2,落,crash,大崎飛雄馬,,,,,２角で接触
6120230220030003,1,落,crash,坂本晃輝,,,,,
6120230220030003,3,落,crash,小酒大勇,,,,,
6120230220030003,7,落,crash,原井博斗,,,,,
6120230304010003,6,落,crash,中野良,,,,,Ｈ過ぎ追突
6120230304010003,2,失,disqualified,坂本昌宏,,,,,押上げ転倒
6120230304020012,4,落,crash,石塚孝幸,,,,,４角で追突
6120230304020012,7,落,crash,松岡貴久,,,,,牽制し接触
6120230326020011,2,落,crash,塚本大樹,,,,,競負４角落
6120230326030001,5,落,crash,吉田篤史,,,,,直線で接触
6120230326030004,2,失,disqualified,中村一将,,,,B,鐘３カマシ
6120230326030007,1,落,crash,堀内俊介,,,,B,逃げ直接触
6120230326030007,9,落,crash,戸田洋平,,,,,切替内突触
6120230326030011,4,落,crash,五日市誠,,,,,離れ４角触
6120230326030011,3,失,disqualified,稲川翔,,,,,捲られ斜行
6120230326040005,2,落,crash,山崎光展,,,,,
6120230326040005,6,失,disqualified,前川大輔,,,,,
6120230403010008,3,落,crash,渡口勝成,,,,B,捲られ接触
6120230403010008,7,失,disqualified,栗田貴徳,,,,,捲られ斜行
6120230403010012,3,欠,absent,香川雄介,,,,,当日に欠場
6120230403020003,4,失,disqualified,河上陽一,,,,,内側追抜き
6120230403030007,4,落,crash,田上晃也,,,,,
6120230403030007,5,落,crash,神山雄一郎,,,,,
6120230403030007,1,失,disqualified,室井竜二,,,,,
6120230403030010,6,落,crash,松岡孔明,,,,,
6120230416010001,2,欠,absent,大平竜太郎,,,,,
6120230416020001,3,欠,absent,俵裕一郎,,,,,
6120230416030009,7,失,disqualified,山本浩成,,,,S,
6120230423020002,7,欠,absent,塩満賢治,,,,,急病当日欠
6120230423030006,4,欠,absent,柳充,,,,,
6120230428010001,3,落,crash,近藤圭佑,,,,,
6120230518020003,2,落,crash,市村昌樹,,,,,内突き接触
6120230518030004,3,落,crash,金田健一郎,,,,,
6120230518030004,5,落,crash,井手健,,,,,
6120230518030004,1,失,disqualified,戸伏康夫,,,,,
6120230529020005,4,落,crash,中曽直彦,,,,,ＨＳで追突
6120230529020005,3,失,disqualified,堀政美,,,,,押圧し落車
6120230529030008,1,落,crash,箱田優樹,,,,S,
6120230529030008,2,失,disqualified,才迫開,,,,,
6120230606030003,4,落,crash,梶山裕次郎,,,,,
6120230625010011,1,失,disqualified,田中雅史,,,,,飛付も斜行
6120230625030001,4,欠,absent,幸津博,,,,,
6120230710010009,2,落,crash,大屋健司,,,,,吉武追接触
6120230710010009,4,落,crash,吉武信太朗,,,,,叩かれ接触
6120230710010011,1,失,disqualified,武田豊樹,,,,,内側追抜き
6120230710020010,5,失,disqualified,濱田浩司,,,,,内側追抜き
6120230720030002,3,失,disqualified,高田大輔,,,,,
6120230726010005,6,落,crash,堀政美,,,,,競負け落車
6120230726010005,3,失,disqualified,滝本泰行,,,,S,切替も押圧
6120230726020011,5,落,crash,木村弘,,,,B,突張逃振上
6120230726030006,2,落,crash,菅原晃,,,,,
6120230726030006,5,落,crash,藤田昌宏,,,,,
6120230726030008,2,落,crash,佐々木眞也,,,,,
6120230726030008,7,落,crash,青森伸也,,,,,
6120230726030008,5,失,disqualified,武田亮,,,,SB,
6120230731020012,1,落,crash,橋本智昭,,,,,打鐘で接触
6120230731020012,5,落,crash,清水裕友,,,,,打鐘で追突
6120230821020006,7,失,disqualified,荻原寿嗣,,,,B,
6120230821030002,2,落,crash,手島志誠,,,,,
6120230821030002,6,落,crash,高峰賢治,,,,,
6120231005020004,1,失,disqualified,坂上忠克,,,,S,牽制斜行し
6120231005030007,5,故,accident_finish,植原琢也,,,,,
6120231015010007,6,失,disqualified,萩原瑞生,,,,,最後方接触
6120231026010008,5,落,crash,田中晴基,,,,,赤板過接触
6120231026010008,7,落,crash,真崎新太郎,,,,,赤板過追突
6120231026010008,2,失,disqualified,山賀雅仁,,,,B,カマシ斜行
6120231026020003,1,落,crash,柳谷崇,,,,,３半接触し
6120231102010011,5,欠,absent,桑原大志,,,,,当日に欠場
6120231102020006,6,落,crash,山本健也,,,,,挟れ３半触
6120231102020009,2,落,crash,郡司浩平,,,,,２角で追突
6120231102020009,3,落,crash,村田雅一,,,,,２角で接触
6120231102020009,1,失,disqualified,神山拓弥,,,,,牽制し斜行
6120231102020011,2,落,crash,野田源一,,,,,立遅２角落
6120231102030008,6,落,crash,中村一将,,,,,離れ直追突
6120231102030008,5,失,disqualified,寺沼拓摩,,,,B,逃げ斜行し
6120231102030010,7,落,crash,佐々木雄一,,,,,４角で接触
6120231102030012,1,落,crash,吉澤純平,,,,,内突き接触
6120231111010002,5,失,disqualified,海野晃,,,,,
6120231118010009,1,落,crash,藤田昌宏,,,,,後方煽受け
6120231118010009,5,落,crash,田中誠,,,,,離れ追上も
6120231118010009,3,失,disqualified,東矢圭吾,,,,SB,裸逃げ斜行
6120231118030008,2,落,crash,畝木努,,,,,
6120231127010001,1,落,crash,柴田功一郎,,,,,外競り落車
6120231127010001,2,落,crash,中野功史,,,,S,１半で追突
6120231127010001,6,落,crash,石井孝,,,,,１半で追突
6120231127020004,6,落,crash,松本充生,,,,S,鐘３角追突
6120231127020004,7,失,disqualified,高嶋一朗,,,,,鐘３過失落
6120231127020012,2,失,disqualified,佐藤壮,,,,,３半過失落
6120231204010010,7,失,disqualified,柿本大貴,,,,,中団押上げ
6120231204010010,5,故,accident_finish,松尾勇吾,,,,,叩ず中団触
6120231211010005,3,落,crash,柴崎俊光,,,,,
6120231221010001,6,欠,absent,松岡孔明,,,,,急病当日欠
6120231221030010,1,落,crash,才迫開,,,,S,後方追突し
6120231221030010,2,失,disqualified,守澤太志,,,,,牽制し斜行
6120231221030012,5,落,crash,和田真久留,,,,,鐘３半追突
6120231221030012,7,落,crash,宿口陽一,,,,,鐘３半追突
6120231221030012,3,失,disqualified,松井宏佑,,,,,過失で落車
6120231221040009,7,落,crash,清水一幸,,,,,
6120240104020001,6,欠,absent,南蓮,,,,,
6120240110030004,4,欠,absent,小川辰徳,,,,,
6120240119010005,6,失,disqualified,岡俊行,,,,,３番手掬れ
6120240119010008,4,落,crash,川口秀人,,,,,１半で接触
6120240119020011,5,失,disqualified,富永益生,,,,,石塚追斜行
6120240119030009,6,欠,absent,田川辰二,,,,,
6120240208020009,1,落,crash,藤井準也,,,,,中団絡転倒
6120240208020009,5,失,disqualified,高井流星,,,,,捲るも押上
6120240208020010,3,失,disqualified,菊谷信一,,,,,番手押上げ
6120240208030001,3,失,disqualified,木幡幸仁,,,,,
6120240214020011,2,落,crash,阪本和也,,,,,Ｂ中突転倒
6120240229020012,6,落,crash,箱田優樹,,,,,鐘前接触し
6120240229030008,4,落,crash,佐藤康紀,,,,,初周に追突
6120240229030008,5,落,crash,林慶次郎,,,,,初周に接触
6120240229030008,7,落,crash,須永優太,,,,,初周に接触
6120240229030011,2,故,accident_finish,石塚孝幸,,,,,ＨＳで接触
6120240313030006,7,落,crash,今藤康裕,,,,,
6120240313030006,5,失,disqualified,大西貴晃,,,,,
6120240325020008,1,落,crash,佐方良行,,,,,追上接触し
6120240325020008,3,落,crash,武井大介,,,,S,牽制し接触
6120240325020011,3,失,disqualified,宿口陽一,,,,B,番手捲斜行
6120240325030004,4,欠,absent,八尋翔平,,,,,
6120240325030008,5,欠,absent,小畑勝広,,,,,
6120240402030006,2,欠,absent,島田竜二,,,,,
6120240422010003,3,落,crash,行成大祐,,,,,
6120240422010003,7,落,crash,海野敦男,,,,,
6120240422020001,6,欠,absent,海野敦男,,,,,
6120240422030001,3,落,crash,佐々木英之,,,,,
6120240422030001,6,失,disqualified,時松正,,,,,
6120240501010001,2,落,crash,井山和裕,,,,,Ｈ前に接触
6120240501010001,7,落,crash,北野佑汰,,,,,中団で接触
6120240501010001,1,失,disqualified,岡田大門,,,,,中団で押圧
6120240501020001,1,落,crash,藤縄洋介,,,,S,仕掛け転倒
6120240501020001,2,落,crash,兵動秀治,,,,,１角追突し
6120240501020004,7,落,crash,川本恵二,,,,,関谷追接触
6120240506010005,3,落,crash,栗本武典,,,,S,鐘３角落車
6120240506020011,2,落,crash,湊聖二,,,,,番手直接触
6120240506020011,3,落,crash,鈴木庸之,,,,,中団直追突
6120240506020011,1,失,disqualified,新田康仁,,,,S,直線押上げ
6120240506020012,6,落,crash,池田憲昭,,,,,４番手接触
6120240513020012,7,落,crash,宮崎大空,,,,,仕掛４角落
6120240513030009,1,落,crash,坂本修一,,,,,
6120240513030009,7,失,disqualified,山本巨樹,,,,,
6120240519010002,1,落,crash,坂田章,,,,,牽制３半触
6120240519010002,6,落,crash,渡邊颯太,,,,,捲上げ接触
6120240519020007,2,落,crash,小池千啓,,,,,叩かれ接触
6120240519020007,6,失,disqualified,和田誠寿,,,,S,外帯線進入
6120240519020010,2,落,crash,久米良,,,,,切替え接触
6120240519030012,2,失,disqualified,筒井敦史,,,,,
6120240603020002,5,失,disqualified,岡崎克政,,,,B,逃げ斜行し
6120240603020002,6,故,accident_finish,猪野泰介,,,,,捲上げ接触
6120240614010006,1,落,crash,三宅旬,,,,S,Ｂ前追突し
6120240614010006,4,落,crash,中野光太郎,,,,,捲上げ接触
6120240614010006,5,失,disqualified,樋口瑛土,,,,,牽制し斜行
6120240614030002,5,落,crash,乙川高徳,,,,,
6120240713030004,2,落,crash,屋良朝春,,,,,
6120240713030004,4,落,crash,小林史也,,,,,
6120240713030005,4,落,crash,加藤将武,,,,,
6120240713030005,6,落,crash,西浦仙哉,,,,,
6120240713030005,7,落,crash,飯嶋則之,,,,,
6120240725010009,5,落,crash,黒田淳,,,,,競負け接触
6120240725010009,6,失,disqualified,田頭寛之,,,,,２角押上げ
6120240804010006,2,落,crash,表原周,,,,,前落車突込
6120240804010006,4,落,crash,筒井裕哉,,,,,落車巻込れ
6120240804010006,5,落,crash,脇本勇希,,,,B,叩けず落車
6120240804010008,2,落,crash,阿部拓真,,,,S,妨害受けて
6120240804010008,5,失,disqualified,中川貴徳,,,,,４角押上げ
6120240804020008,1,落,crash,友定祐己,,,,,競勝も接触
6120240804020008,3,失,disqualified,落合達彦,,,,,４角押上げ
6120240816010001,3,落,crash,坂本佳憲,,,,,
6120240816010001,1,失,disqualified,足達重満,,,,,
6120240816030001,5,落,crash,板羽俊一,,,,,
6120240828030004,1,落,crash,渋谷錬,,,,S,
6120240828030004,6,落,crash,平総一,,,,,
6120240903020003,4,落,crash,米澤大輔,,,,,
6120240903020003,6,落,crash,丸林一孝,,,,,
6120240903020003,7,落,crash,小磯知也,,,,,
6120240909010012,4,落,crash,橋本強,,,,,直線で接触
6120241108010003,6,落,crash,浜田翔平,,,,,内突き追突
6120241108010003,5,失,disqualified,米村光星,,,,,カマシ斜行
6120241108020007,2,欠,absent,野寺梓,,,,,負傷し欠場
6120241108020010,2,落,crash,清水一幸,,,,S,ＨＳ接触し
6120241108020010,4,落,crash,山形一気,,,,,ＨＳ接触し
6120241122030006,3,失,disqualified,滝本幸正,,,,,
6120241122030006,2,故,accident_finish,新村穣,,,,S,
6120241122030007,1,故,accident_finish,上田尭弥,,,,,
6120241203030006,4,落,crash,枝村弘樹,,,,,
6120241203030006,2,失,disqualified,滝本泰行,,,,,
6120241212030002,3,落,crash,青井賢治,,,,,接触し転倒
6120241212030003,1,落,crash,戸田洋平,,,,S,竹内続追突
6120241212030003,3,落,crash,伊代野貴照,,,,,赤板過追突
6120241212030003,5,落,crash,八谷誠賢,,,,,赤板過追突
6120241212030003,9,落,crash,竹内翼,,,,,赤板過接触
6120241212030007,4,落,crash,栗田貴徳,,,,,１角で追突
6120241212030007,7,落,crash,道場晃規,,,,,捲上げ接触
6120241212040007,1,欠,absent,竹村勇祐,,,,,
6120241212040007,7,欠,absent,笠松信幸,,,,,
6120241212040011,8,欠,absent,伊藤信,,,,,
6120241230010007,1,欠,absent,土田栄二,,,,,
6120250116010008,6,落,crash,富弥昭,,,,,内突き接触
6120250116010008,7,落,crash,坂田康季,,,,B,赤板逃接触
6120250116010011,6,落,crash,佐々木和紀,,,,,叩けず接触
6120250116010011,7,落,crash,筒井敦史,,,,,鐘前追突し
6120250116010011,3,失,disqualified,安倍大成,,,,S,突張り斜行
6120250116020011,6,失,disqualified,箱田優樹,,,,,突張り先行
6120250205020007,1,欠,absent,柳谷崇,,,,,
6120250205030001,1,,unknown_exception,比嘉真梨代,,,,,
6120250205030001,2,,unknown_exception,佐々木恵理,,,,,
6120250205030001,3,,unknown_exception,伊澤茉那,,,,,
6120250205030001,4,,unknown_exception,加藤恵,,,,,
6120250205030001,5,,unknown_exception,三宅玲奈,,,,,
6120250205030001,6,,unknown_exception,新井美菜,,,,,
6120250205030002,1,,unknown_exception,山口貴弘,,,,,
6120250205030002,2,,unknown_exception,夏目新吾,,,,,
6120250205030002,3,,unknown_exception,原田礼,,,,,
6120250205030002,4,,unknown_exception,佐藤譲士郎,,,,,
6120250205030002,5,,unknown_exception,安藤宜明,,,,,
6120250205030002,6,,unknown_exception,神開将暢,,,,,
6120250205030002,7,,unknown_exception,片山直人,,,,,
6120250205030003,1,,unknown_exception,高比良豪,,,,,
6120250205030003,2,,unknown_exception,緒方慎太朗,,,,,
6120250205030003,3,,unknown_exception,高橋幸司,,,,,
6120250205030003,4,,unknown_exception,野間司,,,,,
6120250205030003,5,,unknown_exception,小谷文康,,,,,
6120250205030003,6,,unknown_exception,大越啓介,,,,,
6120250205030003,7,,unknown_exception,佐々木健司,,,,,
6120250205030004,1,,unknown_exception,入江航太,,,,,
6120250205030004,2,,unknown_exception,細沼健治,,,,,
6120250205030004,3,,unknown_exception,峠祐介,,,,,
6120250205030004,4,,unknown_exception,吉成貴博,,,,,
6120250205030004,5,,unknown_exception,橋本紀彰,,,,,
6120250205030004,6,,unknown_exception,三浦綾,,,,,
6120250205030004,7,,unknown_exception,高嶋一朗,,,,,
6120250205030005,1,失,disqualified,越智展孝,,,,S,
6120250213010012,7,失,disqualified,小岩大介,,,,,割り込まれ
6120250220020001,2,欠,absent,竹野行登,,,,,急病当日欠
6120250220020007,6,欠,absent,中村賢二,,,,,急病当日欠
6120250226010009,2,落,crash,連佛康浩,,,,,赤板過接触
6120250226020001,3,失,disqualified,牛田樹希斗,,,,B,赤板逃押圧
6120250226020012,2,失,disqualified,稲垣裕之,,,,,牽制押上げ
6120250306010008,4,落,crash,佐藤真一,,,,,鐘４角接触
6120250306010008,6,落,crash,武藤篤弘,,,,,絡み接触し
6120250306010008,8,落,crash,山根慶太,,,,,鐘３角接触
6120250306010012,4,落,crash,菅田壱道,,,,,３半で転倒
6120250306020007,2,欠,absent,菅田壱道,,,,,当日に欠場
6120250306020009,3,落,crash,太田竜馬,,,,S,内粘追突し
6120250306020009,1,失,disqualified,平原康多,,,,,過失走行落
6120250306030009,9,失,disqualified,竹内智彦,,,,,牽制し蛇行
6120250306040005,5,落,crash,平尾一晃,,,,,
6120250314010003,3,落,crash,住村実,,,,,３番手競触
6120250314020001,1,欠,absent,米丸俊成,,,,,急病当日欠
6120250314020004,6,失,disqualified,平川公一,,,,,内側追抜き
6120250314020005,1,,unknown_exception,山口幸太郎,,,,,未実施抽選
6120250314020005,2,,unknown_exception,野村賢,,,,,未実施抽選
6120250314020005,4,,unknown_exception,沢田勇治,,,,,未実施抽選
6120250314020005,5,,unknown_exception,高田真幸,,,,,未実施抽選
6120250314020005,6,,unknown_exception,志村達也,,,,,未実施抽選
6120250314020005,7,,unknown_exception,服部竜二,,,,,未実施抽選
6120250314020005,3,欠,absent,武田和也,,,,,当日欠場
6120250314030007,2,落,crash,三谷政史,,,,,
6120250314030007,3,落,crash,中井大介,,,,,
6120250314030007,5,失,disqualified,山出裕幸,,,,,
6120250322010003,6,欠,absent,平川慎太郎,,,,,急病当日欠
6120250322020007,4,欠,absent,尾方真生,,,,,急病当日欠
6120250322030012,6,失,disqualified,田代匠,,,,,
6120250329010008,4,落,crash,中村泰輔,,,,,
6120250329010008,5,落,crash,有馬雄二,,,,,
6120250409010008,3,落,crash,大城慶之,,,,,併走直接触
6120250409010010,2,落,crash,園田鉄兵,,,,,切替え接触
6120250418010006,4,欠,absent,表原周,,,,,急病当日欠
6120250429010009,2,落,crash,内田英介,,,,,競合い転倒
6120250429010009,3,落,crash,那須久幸,,,,,津村続追突
6120250429010009,5,落,crash,津村洸次郎,,,,,捲上げ追突
6120250429030012,7,失,disqualified,大川剛,,,,S,
6120250512020006,7,欠,absent,伊勢崎彰大,,,,,負傷当日欠
6120250518010012,1,落,crash,道場晃規,,,,S,２角接触し
6120250518010012,5,落,crash,新山将史,,,,,道場続追突
6120250529020003,6,落,crash,大泉英則,,,,,
6120250529020003,7,落,crash,白川将太,,,,S,
6120250604020006,3,失,disqualified,小西涼太,,,,,
6120250604030001,7,失,disqualified,中澤孝之,,,,,
6120250610020007,7,失,disqualified,豊岡英子,,,,B,叩くも斜行
6120250616020003,1,落,crash,寺師幸成,,,,,
6120250616020003,4,落,crash,原清孝,,,,,
6120250616020007,3,失,disqualified,山口龍也,,,,,
6120250616020007,5,故,accident_finish,山崎航,,,,,
6120250616030006,5,落,crash,是永幸寛,,,,,
6120250616030006,2,失,disqualified,松田優一,,,,,
6120250718010010,2,落,crash,松浦悠士,,,,,松本続接触
6120250718010010,4,失,disqualified,山口拳矢,,,,S,番手差斜行
6120250718020002,1,落,crash,東矢圭吾,,,,,鐘逃Ｈ転倒
6120250718020002,5,落,crash,桑原大志,,,,,東矢続追突
6120250718020002,4,失,disqualified,石塚輪太郎,,,,B,逃争い失格
6120250718020003,6,落,crash,格清洋介,,,,,雁行直接触
6120250718020007,8,失,disqualified,黒沢征治,,,,,１角押圧落
6120250718020009,2,落,crash,菅田壱道,,,,S,新山続接触
6120250718020009,9,落,crash,新山響平,,,,,突張り接触
6120250809030002,7,落,crash,長谷俊昭,,,,,
6120250818020011,6,落,crash,五十嵐綾,,,,,単騎追突し
6120250818030003,5,落,crash,田村風起,,,,,
6120250818030003,2,失,disqualified,高塩讓次,,,,,
6120250826020006,3,落,crash,永禮美瑠,,,,,３半で接触
6120250826020006,7,落,crash,谷元音羽,,,,,３半で接触
6120250826020006,4,失,disqualified,坂口楓華,,,,,抜出も斜行
6120250826020011,1,落,crash,古屋琢晶,,,,S,助川追接触
6120250826020011,4,落,crash,高市訓但,,,,,振られ接触
6120250826020011,6,落,crash,助川翔太郎,,,,,捲上げ接触
6120250826030008,5,失,disqualified,安谷屋将志,,,,,
6120250909020008,1,,unknown_exception,河崎正晴,,,,,未実施抽選
6120250909020008,2,,unknown_exception,山本勝利,,,,,未実施抽選
6120250909020008,3,,unknown_exception,才迫開,,,,,未実施抽選
6120250909020008,4,,unknown_exception,天田裕輝,,,,,未実施抽選
6120250909020008,5,,unknown_exception,今藤康裕,,,,,未実施抽選
6120250909020008,6,,unknown_exception,室井竜二,,,,,未実施抽選
6120250909020008,7,,unknown_exception,大塚健一郎,,,,,未実施抽選
6120250909030003,3,落,crash,齊藤英伊須,,,,,
6120250909030003,1,失,disqualified,近藤雄太,,,,B,
6120250917010002,5,落,crash,犬塚貴之,,,,,捲上絡接触
6120250917020011,5,落,crash,稲川翔,,,,,打鐘で接触
6120250925020001,2,欠,absent,佐川拓也,,,,,急病当日欠
6120251001020009,5,落,crash,福田滉,,,,,堀江追接触
6120251009030002,7,欠,absent,岡田大門,,,,,
6120251014030002,4,欠,absent,藤原義晴,,,,,
6120251026020006,2,欠,absent,長谷川飛向,,,,,負傷当日欠
6120251026020006,7,欠,absent,佐々木堅次,,,,,負傷当日欠
6120251102020004,5,欠,absent,齋藤昌太,,,,,
6120251118030002,1,落,crash,寺林正秋,,,,S,
6120251118030002,4,落,crash,杉山剛,,,,,
6120251212010007,4,欠,absent,冨岡健一,,,,,
6120251212030002,7,欠,absent,阿部宏之,,,,,
6120251212030003,1,落,crash,上田隼,,,,,
6120251212030003,2,落,crash,中西司,,,,S,
6120251212030003,3,落,crash,遠藤勝行,,,,,
6120251228010002,5,失,disqualified,藤原俊太郎,,,,B,捲るも失格
6120251228010003,2,落,crash,川野深,,,,,捲れず接触
6120251228010003,6,落,crash,坂本智哉,,,,,４角接触し
6120251228010003,5,失,disqualified,布居大地,,,,,叩逃げ押上
6120251228010005,2,落,crash,清水剛志,,,,,中団Ｂ接触
6120251228010005,6,落,crash,山崎翼,,,,,津村追接触
6120251228010005,7,落,crash,佐山寛明,,,,,清水続追突
6120260104020001,2,欠,absent,赤星俊光,,,,,急病当日欠
6120260109020005,1,落,crash,島田優里,,,,,４角接触し
6120260109020005,5,落,crash,石井貴子,,,,,４角接触し
6120260109020005,7,落,crash,鈴木美教,,,,,捲上げ接触
6120260109030004,1,欠,absent,石井貴子,,,,,
6120260115020006,5,落,crash,松尾勇吾,,,,S,鐘３角落車
6120260115020006,6,落,crash,和田誠寿,,,,,鐘３角追突
6120260115020006,1,失,disqualified,伊藤成紀,,,,,掬うも押上
6120260122010007,4,欠,absent,橋本紀彰,,,,,急病当日欠
6120260122020003,2,落,crash,田中孝法,,,,,鐘３角接触
6120260122030007,4,落,crash,八尋英輔,,,,,
6120260204030001,7,欠,absent,藤巻絵里佳,,,,,
6120260211020006,4,落,crash,阪本正和,,,,,
6120260211020006,3,失,disqualified,四元慎也,,,,,
6120260316010009,1,落,crash,近藤俊明,,,,,堀内追接触
6120260316010009,7,失,disqualified,木村弘,,,,B,逃げ押上げ
6120260316020003,4,落,crash,矢口啓一郎,,,,,Ｈ過ぎ転倒
6120260326010002,1,失,disqualified,生野優翔,,,,SB,外帯線進入
6120260326010002,2,故,accident_finish,邊見祐太,,,,,打鐘で接触
6120260326020010,1,落,crash,阿久津修,,,,,内突き接触
6120260402020009,7,失,disqualified,田中勇二,,,,,番手差斜行
6120260402030008,1,失,disqualified,川口公太朗,,,,,
6120260407010004,6,欠,absent,廣川貞治,,,,,
6120260423010004,1,欠,absent,増田鉄男,,,,,急病当日欠
6120260423010010,2,欠,absent,田川辰二,,,,,急病当日欠
6120260428010011,2,失,disqualified,渡邉雄太,,,,B,Ｈ叩き押圧
6120260428020003,5,落,crash,木村直隆,,,,,ＢＳ接触し
6120260428020003,7,失,disqualified,吉田裕全,,,,,外帯線進入
6120260525020001,1,欠,absent,遠澤健二,,,,,
6120260525030001,5,欠,absent,五十嵐博一,,,,,
6120260611010008,3,落,crash,藤原憲征,,,,,競負け接触
6120260611010008,7,落,crash,開坂秀明,,,,,１角で追突
6120260611010011,4,落,crash,三宅裕武,,,,,内突き接触
6120260611020006,5,故,accident_finish,山崎泰己,,,,,初周で接触
6120260611030006,1,欠,absent,藤原憲征,,,,,
6120260611040006,9,落,crash,川口雄太,,,,,
2320230101020010,3,落,crash,松谷秀幸,,,,,落車し棄権
2320230116020005,4,落,crash,橋口琢,,,,,バック落車
2320230116020005,1,失,disqualified,三澤勝成,,,,,大沢共倒れ
2320230116020009,5,失,disqualified,水谷将司,,,,,内抜き３失
2320230116020010,2,落,crash,鳥越靖弘,,,,,乗上げ落車
2320230116020010,4,落,crash,植草亮介,,,,,接触し落車
2320230116020010,5,落,crash,下岡優季,,,,,接触し落車
2320230116030005,4,失,disqualified,高木香帆,,,,,
2320230116030007,3,落,crash,鳥越靖弘,,,,,
2320230116030007,1,失,disqualified,川上真吾,,,,,
2320230217010009,1,欠,absent,小松剛之,,,,,当日欠場し
2320230217020008,6,欠,absent,吉成貴博,,,,,当日欠場し
2320230301010009,3,欠,absent,後藤彰仁,,,,,当日欠場し
2320230301020009,4,落,crash,岡部芳幸,,,,,接触し落車
2320230301020009,5,落,crash,佐藤清之,,,,,接触し落車
2320230309020005,5,欠,absent,中山健,,,,,
2320230309030002,2,落,crash,長田彰人,,,,S,
2320230309030002,4,落,crash,黒瀬浩一,,,,,
2320230309030003,2,失,disqualified,鈴木秀明,,,,,
2320230424020003,1,失,disqualified,川崎健次,,,,S,斜行し失格
2320230424020005,2,失,disqualified,金野俊秋,,,,,内を抜けて
2320230424020008,6,失,disqualified,柿沼信也,,,,,仕掛併され
2320230424020011,7,失,disqualified,森田優弥,,,,B,踏合い脚使
2320230424030004,7,失,disqualified,坂口卓士,,,,,
2320230626010009,1,落,crash,久米良,,,,S,絡まれ落車
2320230626010009,5,落,crash,内藤高裕,,,,,４角外阻み
2320230720010007,4,失,disqualified,落合豊,,,,,
2320230720020001,5,失,disqualified,秋永共之,,,,B,
2320230720020002,1,欠,absent,池川瑠威,,,,,
2320230720030006,4,失,disqualified,佐藤正吾,,,,,
2320230831010001,3,失,disqualified,齋藤明,,,,,４角内突き
2320230925020006,3,欠,absent,柳原司,,,,,
2320231016030012,1,落,crash,武田豊樹,,,,,
2320231102020008,3,落,crash,関貴之,,,,,落車巻込れ
2320231102020008,4,落,crash,近藤俊明,,,,,接触し落車
2320231109010005,2,失,disqualified,赤松誠一,,,,S,
2320231109020004,1,落,crash,笹川竜治,,,,,
2320231109020004,2,落,crash,阿部晃,,,,,
2320231109020004,5,落,crash,升澤祥晃,,,,,
2320231109020004,6,失,disqualified,邊見斎,,,,S,
2320231109030007,1,落,crash,宮内善光,,,,,
2320231109030007,2,落,crash,藤野貴章,,,,,
2320231129010001,4,欠,absent,椿佳友,,,,,当日欠場し
2320231129020002,5,失,disqualified,高田隼人,,,,,内圏線踏失
2320231129020003,1,欠,absent,斉藤樂,,,,,当日欠場で
2320231129020012,1,落,crash,菅野航基,,,,S,接触し落車
2320231207030001,5,欠,absent,荻原寿嗣,,,,,
2320231222020003,4,失,disqualified,中野智公,,,,,
2320240112020001,3,欠,absent,白木正彦,,,,,
2320240112020001,6,失,disqualified,小原伸哉,,,,,
2320240128010012,3,故,accident_finish,金野俊秋,,,,,車体故障し
2320240210030004,5,失,disqualified,土岐幹多,,,,,
2320240321010004,3,落,crash,隅田洋介,,,,,乗上げ落車
2320240321010004,9,落,crash,芦澤大輔,,,,,払われ落車
2320240321010004,2,失,disqualified,永澤剛,,,,,外張り失格
2320240321020007,2,落,crash,荒井崇博,,,,,接触し落車
2320240321020007,7,失,disqualified,嘉永泰斗,,,,,押込み２失
2320240321030008,4,落,crash,中川誠一郎,,,,,落車巻込れ
2320240321030008,5,落,crash,渡部哲男,,,,,落車避切す
2320240321030008,6,落,crash,佐藤和也,,,,,押上げられ
2320240321030008,3,失,disqualified,取鳥雄吾,,,,,押上げ３失
2320240321030011,1,落,crash,眞杉匠,,,,,乗上げ落車
2320240321030011,5,落,crash,皿屋豊,,,,,前一緒落車
2320240321030011,9,失,disqualified,森田優弥,,,,,締め込み失
2320240321030012,5,落,crash,佐々木豪,,,,,接触し落車
2320240321030012,7,失,disqualified,山田英明,,,,,伊藤マーク
2320240321040006,2,落,crash,佐々木悠葵,,,,,
2320240321040006,8,落,crash,渡邉雄太,,,,S,
2320240410030005,5,失,disqualified,堀勝政,,,,S,
2320240506010007,3,落,crash,藤高千恵,,,,,接触し落車
2320240524020004,7,落,crash,齋藤友幸,,,,,
2320240524020004,3,失,disqualified,添田龍児,,,,B,
2320240627010007,5,落,crash,田中孝彦,,,,,接触し落車
2320240627010007,8,落,crash,鈴木謙二,,,,,外振接触落
2320240810010004,6,失,disqualified,住村実,,,,,切込捌かれ
2320240810020002,1,失,disqualified,宮原貴之,,,,,早々離れて
2320240810020008,1,,unknown_exception,井上雄三,,,,,未実施抽選
2320240810020008,3,,unknown_exception,井上剛,,,,,未実施抽選
2320240810020008,4,,unknown_exception,根本雄紀,,,,,未実施抽選
2320240810020008,5,,unknown_exception,丸山啓一,,,,,未実施抽選
2320240810020008,6,,unknown_exception,山崎寛巳,,,,,未実施抽選
2320240810020008,7,,unknown_exception,内村泰三,,,,,未実施抽選
2320240810020008,2,欠,absent,梅原大治,,,,,未実施抽選
2320240810020009,5,欠,absent,戸邉捺希,,,,,当日欠場し
2320240821010001,1,落,crash,女屋文伸,,,,,接触し落車
2320240821010001,2,落,crash,隅貴史,,,,S,落車巻込れ
2320240821010001,6,落,crash,岩橋則明,,,,,追突し落車
2320240821020011,5,失,disqualified,朝倉智仁,,,,B,斜行し失格
2320240821020011,7,故,accident_finish,太田竜馬,,,,,車体故障し
2320240901030005,6,落,crash,岡嵜浩一,,,,,
2320241004020005,5,失,disqualified,栗本尚宗,,,,,
2320241112010008,4,落,crash,一戸康宏,,,,,外振り牽制
2320241112010008,7,落,crash,佐藤愼太郎,,,,,一戸捌かれ
2320241112020004,1,失,disqualified,小坂丈,,,,S,踏み合って
2320241112030012,6,失,disqualified,森田一郎,,,,,
2320241122010002,1,落,crash,吉田悟,,,,S,
2320241122010002,2,落,crash,嶋貫高大,,,,,
2320241122010002,5,落,crash,阿部博之,,,,,
2320241122010003,6,落,crash,宮下潤,,,,,
2320241212010004,4,落,crash,松山正和,,,,,
2320241212010004,5,落,crash,岩崎大和,,,,,
2320241221010006,1,失,disqualified,渡邉豪大,,,,,外張り牽制
2320241221010009,4,落,crash,岡田泰地,,,,,煽受け落車
2320241221010009,6,落,crash,松尾信太郎,,,,,乗上げ落車
2320241221010009,3,失,disqualified,簗田一輝,,,,B,自ら張って
2320241221030004,2,落,crash,坂本拓也,,,,S,
2320241221030004,4,落,crash,高橋秀吉,,,,,
2320241221030004,6,失,disqualified,川上隆義,,,,B,
2320241227010009,7,欠,absent,塩島嵩一朗,,,,,当日欠場で
2320241227010010,6,落,crash,堀勝政,,,,,接触し落車
2320241227010010,7,落,crash,中曽直彦,,,,,接触し落車
2320241227030011,3,失,disqualified,山崎歩夢,,,,B,
2320250112020002,7,欠,absent,緒方慎太朗,,,,,当日欠場
2320250112020007,2,欠,absent,橋本佳耶,,,,,当日欠場
2320250112030003,6,失,disqualified,石井毅,,,,,
2320250112030011,6,失,disqualified,泉谷直哉,,,,,
2320250128010002,4,失,disqualified,太田良政,,,,,
2320250128030006,3,落,crash,吉田昌弘,,,,,
2320250228020010,1,失,disqualified,市本隆司,,,,,押圧し失格
2320250228030011,5,落,crash,藤井將,,,,,
2320250228030011,6,落,crash,堀内昇,,,,,
2320250310010012,7,欠,absent,小川勇介,,,,,当日欠場
2320250310030006,1,落,crash,今村麟太郎,,,,,
2320250310030012,1,落,crash,坂井洋,,,,,
2320250413010005,2,落,crash,山川奨太,,,,,
2320250422010011,5,失,disqualified,東矢昇太,,,,,４角内突も
2320250422020001,7,落,crash,鈴木達也,,,,S,追突落車し
2320250422020001,5,失,disqualified,齋藤昌弘,,,,,番手絶好で
2320250422030003,7,落,crash,金田涼馬,,,,S,
2320250504020005,1,失,disqualified,藤原悠斗,,,,,
2320250531010004,2,落,crash,桑原大志,,,,,追突落車し
2320250531010004,3,落,crash,紺野哲也,,,,,追突し落車
2320250531010004,9,落,crash,相川永伍,,,,,接触し落車
2320250531030009,4,落,crash,畑段嵐士,,,,,バック落車
2320250614010007,2,落,crash,安部貴之,,,,,４角で接触
2320250614010007,5,失,disqualified,五十嵐綾,,,,SB,捲られ押上
2320250614020008,1,落,crash,高橋和也,,,,,中団に拘り
2320250614020008,4,失,disqualified,高橋広大,,,,,４角蛇行し
2320250622030001,2,落,crash,櫻井宏智,,,,,
2320250622030001,3,失,disqualified,村本慎吾,,,,,
2320250717010001,1,落,crash,堀内昇,,,,,
2320250717010001,6,落,crash,藤光健一,,,,,
2320250717010001,2,失,disqualified,野口修平,,,,,
2320250717020010,2,失,disqualified,小佐野文秀,,,,,橋谷に離れ
2320250717020010,1,故,accident_finish,肥後尚己,,,,,石塚に離れ
2320250717020011,1,落,crash,原田泰志,,,,S,接触し落車
2320250717020011,5,失,disqualified,田中雅史,,,,,押上げ２失
2320250804010007,3,落,crash,住村実,,,,S,
2320250804010007,7,落,crash,青木亮太,,,,,
2320250804020002,2,欠,absent,赤星俊光,,,,,
2320250820020006,1,落,crash,伊澤茉那,,,,,接触し落車
2320250820020006,2,落,crash,石井寛子,,,,,接触し落車
2320250820030006,3,落,crash,中村昌弘,,,,S,
2320250820030006,7,失,disqualified,米嶋恵介,,,,,
2320251122010004,6,落,crash,吉田勇気,,,,,接触し落車
2320251122010005,5,落,crash,水森湧太,,,,,落車し棄権
2320251122020003,4,落,crash,飯田裕次,,,,,接触し落車
2320251122020003,2,失,disqualified,小坂丈,,,,,外押し上げ
2320251122030002,4,落,crash,倉野隆太郎,,,,,
2320251122030002,5,落,crash,小佐野文秀,,,,,
2320251203010011,6,欠,absent,佐藤壮志,,,,,当日欠場で
2320251203020001,7,欠,absent,山田隼司,,,,,当日欠場で
2320251203020008,2,落,crash,高原仁志,,,,,直線乗上げ
2320251203020008,3,落,crash,佐伯翔,,,,,接触し落車
2320251203020008,5,落,crash,三宅裕武,,,,,巻込れ落車
2320251203030011,7,失,disqualified,東矢昇太,,,,,
2320251209020003,1,失,disqualified,伊藤嘉浩,,,,S,
2320251209020003,6,失,disqualified,浦野慈生,,,,,
2320251217010004,4,失,disqualified,乙川高徳,,,,,
2320251217030005,1,欠,absent,相樂修,,,,,
2320251224010001,2,,unknown_exception,藤野竜也,,,,,未実施抽選
2320251224010001,3,,unknown_exception,山中貴雄,,,,,未実施抽選
2320251224010001,4,,unknown_exception,里見恒平,,,,,未実施抽選
2320251224010001,5,,unknown_exception,天沼雅貴,,,,,未実施抽選
2320251224010001,6,,unknown_exception,小塚潤,,,,,未実施抽選
2320251224010001,7,,unknown_exception,林佳宗依,,,,,未実施抽選
2320251224010001,1,欠,absent,住村実,,,,,未実施抽選
2320251224010002,7,欠,absent,吉橋秀城,,,,,当日欠場
2320251224010004,5,落,crash,徳吉正治,,,,,挟まれ落車
2320251224010004,6,落,crash,倉田紘希,,,,,接触し落車
2320251224010004,4,失,disqualified,古田義明,,,,,押圧し失格
2320251224010009,1,失,disqualified,松崎貴久,,,,S,内抜き失格
2320251224030005,3,欠,absent,浦崎貴史,,,,,
2320260112010011,1,落,crash,兼本将太,,,,,捲上げ接触
2320260112010011,2,落,crash,山田敦也,,,,,絡まれ接触
2320260112010011,7,落,crash,宮崎大空,,,,,絡み乗上げ
2320260112020008,1,失,disqualified,才迫開,,,,S,牽制受斜行
2320260112030009,1,故,accident_finish,高久保雄介,,,,,
2320260126010005,4,落,crash,高橋梨香,,,,,接触し落車
2320260126010005,3,失,disqualified,小林優香,,,,,斜行し失格
2320260217010006,7,落,crash,堤洋,,,,,ＢＳで落車
2320260217010008,2,欠,absent,菅野航基,,,,,当日欠場
2320260225030007,5,欠,absent,青井賢治,,,,,
2320260312010009,9,落,crash,大森慶一,,,,S,接触し落車
2320260312010009,2,失,disqualified,志村太賀,,,,,斜行し失格
2320260312020003,3,落,crash,薦田将伍,,,,,接触し落車
2320260312020003,6,落,crash,那須久幸,,,,,追突し落車
2320260312020008,4,落,crash,坂田康季,,,,,車輪払われ
2320260312020008,5,失,disqualified,河野通孝,,,,,踏出し離れ
2320260312030004,3,落,crash,藤井昭吾,,,,,落車巻込れ
2320260312030004,7,落,crash,棚橋勉,,,,,４角で落車
2320260312030004,9,落,crash,小林潤二,,,,,接触し落車
2320260319020001,3,欠,absent,明星晴道,,,,,
2320260319020006,1,失,disqualified,丸林駿太,,,,,
2320260319030006,1,落,crash,志村達也,,,,,
2320260319030006,3,落,crash,薮田貴幸,,,,,
2320260324010012,1,失,disqualified,川口公太朗,,,,,山本伸続く
2320260324030011,7,落,crash,真船圭一郎,,,,,
2320260414020011,3,落,crash,萩原孝之,,,,,１半乗上げ
2320260414020011,5,落,crash,徳永哲人,,,,,混戦１半落
2320260414030007,1,落,crash,元砂勇雪,,,,S,
2320260419010001,2,落,crash,高田大輔,,,,,
2320260419010001,6,失,disqualified,駒井大輔,,,,,
2320260430020002,7,失,disqualified,望月紀男,,,,,
2320260430020003,2,落,crash,田中孝彦,,,,S,
2320260430030007,5,落,crash,中島竜誠,,,,,
2320260508030003,5,落,crash,山田雅之,,,,,
2320260508030003,7,落,crash,伊原弘幸,,,,,
2320260508030012,3,落,crash,塩島嵩一朗,,,,,
2320260508030012,6,失,disqualified,川口聖二,,,,,
2320260613020001,6,落,crash,長谷川裕一,,,,,
2320260613020001,3,失,disqualified,堀僚介,,,,,
4620230409010005,3,欠,absent,原田隆,,,,,当日欠場
4620230409020004,5,失,disqualified,鈴木良太,,,,,前に離気味
4620230409020008,4,落,crash,吉川起也,,,,,後方置かれ
4620230409030003,3,落,crash,上田隼,,,,,
4620230409030003,5,落,crash,土岐幹多,,,,,
4620230409030004,6,失,disqualified,小川達也,,,,B,
4620230420010009,7,失,disqualified,才迫開,,,,,牽制押上げ
4620230420020004,3,落,crash,高比良豪,,,,S,ＨＳ前落車
4620230420020004,5,落,crash,小西晴己,,,,,ＨＳ前落車
4620230420020004,6,落,crash,有賀高士,,,,,乗上げ落車
4620230501030007,1,落,crash,土居佑次,,,,S,
4620230501030007,3,失,disqualified,立石拓也,,,,,
4620230511010010,4,故,accident_finish,根本哲吏,,,,,捲り上げて
4620230511020003,3,落,crash,白川将太,,,,,接触し落車
4620230511020005,4,失,disqualified,荻野哲,,,,,内競り押上
4620230511030002,1,落,crash,田原宥明,,,,,
4620230511030002,4,落,crash,藤原清隆,,,,,
4620230511030002,3,失,disqualified,梅田加津也,,,,,
4620230511030010,1,落,crash,岡光良,,,,,
4620230511030010,2,落,crash,橋本智昭,,,,,
4620230511030010,4,落,crash,櫻井正孝,,,,,
4620230511030010,3,失,disqualified,武井大介,,,,S,
4620230527010003,3,落,crash,村田雅一,,,,S,混戦接触し
4620230527010003,8,落,crash,阿部力也,,,,,突込煽受け
4620230628010003,3,失,disqualified,中山敬太郎,,,,,内圏線踏失
4620230628010003,6,失,disqualified,丸元大樹,,,,,内追抜き失
4620230628020004,3,失,disqualified,片折勇輝,,,,,内側追抜失
4620230706010004,1,失,disqualified,山田圭二,,,,S,
4620230706020003,1,落,crash,神田宏行,,,,S,
4620230706020003,5,落,crash,藤野竜也,,,,,
4620230706020005,3,失,disqualified,徳永真一,,,,,
4620230706030006,6,欠,absent,深見仁哉,,,,,
4620230706030008,1,落,crash,谷本奨輝,,,,S,
4620230706030008,2,落,crash,北浦弘幹,,,,,
4620230712010004,7,落,crash,岡田啓渡,,,,,中団内キメ
4620230712010004,2,失,disqualified,八尋翔平,,,,,過失走行し
4620230712010010,2,失,disqualified,坂本修一,,,,,押上げ失格
4620230712020001,5,欠,absent,辻力,,,,,当日欠場
4620230712020004,4,欠,absent,山本隼人,,,,,当日欠場
4620230712020010,7,失,disqualified,柳詰正宏,,,,,後方で落車
4620230722020012,6,落,crash,宮西翼,,,,,
4620230722020012,7,失,disqualified,真田晃,,,,,
4620230722030002,6,落,crash,後藤浩二,,,,,
4620230803010008,3,落,crash,網谷竜次,,,,,掬われ落車
4620230803010008,4,失,disqualified,室井竜二,,,,,押上げ３失
4620230803020004,7,欠,absent,佐藤幸治,,,,,当日欠場
4620230803020005,1,欠,absent,瓜生崇智,,,,,当日欠場
4620230803030008,3,欠,absent,井上昌己,,,,,当日欠場
4620230803030010,4,落,crash,久米良,,,,,落車乗上げ
4620230803030010,9,落,crash,村田雅一,,,,,掬われ落車
4620230803040005,5,失,disqualified,佐方良行,,,,,
4620230811010004,3,失,disqualified,田島高志,,,,,Ｈ前で接触
4620230811020001,5,欠,absent,中島義之,,,,,当日に欠場
4620230811020002,3,欠,absent,中条憲司,,,,,当日に欠場
4620230811020004,3,落,crash,樫村伸平,,,,,岡嶋に追突
4620230811020004,4,落,crash,岡嶋登,,,,,嵌鐘前接触
4620230811020007,2,落,crash,塩川真一郎,,,,,鐘３角接触
4620230811020007,6,失,disqualified,片折勇輝,,,,,牽制し斜行
4620230825010001,7,失,disqualified,佐藤拓哉,,,,,
4620230825010002,6,失,disqualified,片山大輔,,,,,
4620230825010010,3,落,crash,松澤敬輔,,,,,
4620230825010010,4,落,crash,渡邊政幸,,,,S,
4620230825010010,2,失,disqualified,堺文人,,,,,
4620230825020004,6,失,disqualified,金辺雄介,,,,B,
4620231010020010,3,落,crash,鈴木裕,,,,,失敗Ｇ前落
4620231010030007,1,落,crash,落合達彦,,,,,
4620231010030007,4,落,crash,西田将士,,,,S,
4620231010030007,7,落,crash,木村隆弘,,,,,
4620231015010001,1,失,disqualified,伊藤嘉浩,,,,,先頭員追抜
4620231015010006,7,欠,absent,神澤瑛菜,,,,,当日欠場
4620231015030006,5,失,disqualified,石川恭規,,,,,
4620231101010004,3,失,disqualified,三木翔太,,,,,追上競負け
4620231101020009,3,落,crash,富澤洋祐,,,,,乗り上げて
4620231101020009,6,落,crash,渡邉藤男,,,,,接触落車し
4620231101020009,7,落,crash,太田雅之,,,,,落車に絡み
4620231101030010,7,失,disqualified,内藤久文,,,,B,
4620240427020005,4,落,crash,牧田悠生,,,,,押上られ落
4620240427020005,6,落,crash,渡邉直弥,,,,,落車巻込れ
4620240427020005,7,失,disqualified,藤岡徹也,,,,,押上げ落失
4620240529030004,7,故,accident_finish,木村貴宏,,,,,
4620240529030006,2,落,crash,石毛克幸,,,,,
4620240529030006,3,落,crash,松山桂輔,,,,,
4620240529030006,4,落,crash,櫻井学,,,,,
4620240529030006,7,落,crash,松田治之,,,,,
4620240607020008,4,落,crash,高橋隆太,,,,,接触し落車
4620240607030002,1,落,crash,古田義明,,,,S,
4620240721010008,4,落,crash,安藤宜明,,,,,前落車一緒
4620240721010008,6,落,crash,阿部利光,,,,,乗上げ落車
4620240721010008,3,失,disqualified,山元大夢,,,,,併走で接触
4620240721010009,7,落,crash,小坂敏之,,,,,打鐘過落車
4620240721010010,7,失,disqualified,遠藤勝行,,,,,外併走競負
4620240721020005,2,失,disqualified,石川恭規,,,,,切替え先手
4620240721020007,7,故,accident_finish,元砂七夕美,,,,,車体故障し
4620240721020009,5,欠,absent,阿部利光,,,,,当日欠場
4620240721030001,1,落,crash,浦野慈生,,,,,
4620240721030001,4,落,crash,平川公一,,,,,
4620240721030007,2,落,crash,谷本奨輝,,,,,
4620240721030007,5,落,crash,辰己豊,,,,,
4620240721030007,7,落,crash,山田裕哉,,,,,
4620240801020009,4,失,disqualified,山崎敦雄,,,,,押上げ失格
4620240820020007,2,失,disqualified,飯田風音,,,,B,逃げて２失
4620240829010001,3,落,crash,藤井栄二,,,,,Ｂ挟まれ落
4620240829020004,7,失,disqualified,山崎芳仁,,,,,ヨコで奮闘
4620240829020004,2,故,accident_finish,簗田一輝,,,,,張り斜行受
4620240829020010,8,落,crash,小林弘和,,,,,掬われ妨受
4620240829020010,9,落,crash,渡口勝成,,,,,叩けず煽受
4620240829020010,7,失,disqualified,三谷竜生,,,,,掬い押上げ
4620240910010010,2,落,crash,柳詰正宏,,,,,カマシ離れ
4620240910020005,5,落,crash,小林史也,,,,,好位も被り
4620240910020005,7,失,disqualified,宮司周郎,,,,,ＢＳ最後方
4620240910020012,5,失,disqualified,山口敦也,,,,,内側追抜き
4620240910030008,5,落,crash,塚本大樹,,,,,
4620240917010002,7,失,disqualified,成田健児,,,,,追走内追抜
4620240917010008,1,落,crash,萩原孝之,,,,,離れ捌かれ
4620240917010008,2,落,crash,大西祐,,,,,捲追込妨受
4620240917010008,3,失,disqualified,畑段嵐士,,,,S,３半斜行し
4620240917010010,1,落,crash,柿沼信也,,,,,援護奮闘も
4620240917010010,5,落,crash,海老根恵太,,,,,切替え乗上
4620240917020011,7,失,disqualified,川越勇星,,,,,殿尻内追抜
4620240917030004,7,失,disqualified,作田悦章,,,,,
4620241013020006,4,落,crash,張野幸聖,,,,,鐘３角落車
4620241013030009,7,落,crash,中野雄喜,,,,,
4620241013030009,5,失,disqualified,酒井雄多,,,,,
4620241029010004,3,失,disqualified,渡邉泰夫,,,,,離れ内掬い
4620241029010008,7,失,disqualified,山田晃久,,,,,外張り膨れ
4620241029010009,1,落,crash,古川貴之,,,,,番手落車し
4620241029010009,2,失,disqualified,田中和磨,,,,,捲れず落車
4620250603010002,7,落,crash,藤原夏志,,,,,
4620250603020009,6,落,crash,田中秀治,,,,,
4620250612020001,1,失,disqualified,中川聖大,,,,SB,叩き裸逃げ
4620250612030004,4,失,disqualified,近谷涼,,,,,叩れ内突も
4620250612040010,7,落,crash,内藤秀久,,,,,
4620250612040010,2,失,disqualified,野田源一,,,,,
4620250619010001,4,落,crash,沼川夢久,,,,,
4620250619010001,7,落,crash,河元茂,,,,,
4620250619010006,5,落,crash,布居光,,,,,
4620250619010008,2,失,disqualified,薮謙治,,,,,
4620250619020001,1,落,crash,米倉剛志,,,,S,
4620250619020001,2,落,crash,合地登汰,,,,,
4620250619020001,5,落,crash,岡崎徹,,,,,
4620250619030004,2,欠,absent,鮫島康治,,,,,
4620250623020003,1,失,disqualified,山口聖矢,,,,S,
4620250623020008,5,落,crash,一戸康宏,,,,,
4620250623020009,7,落,crash,松岡健介,,,,,
4620250623020009,6,失,disqualified,滝本幸正,,,,,
4620250623030007,5,落,crash,春日勇人,,,,,
4620250623030007,3,失,disqualified,三浦雄大,,,,,
4620250623030007,4,失,disqualified,松永将,,,,,
4620250715010001,1,落,crash,山元大夢,,,,,仕掛端落車
4620250715010001,5,落,crash,渡会啓介,,,,,前一緒落車
4620250715010001,6,失,disqualified,井上将志,,,,,結局最後方
4620250715010001,7,失,disqualified,古川大輔,,,,B,斜行の先行
4620250715010008,4,落,crash,黒川渉,,,,,三半で落車
4620250727010011,7,失,disqualified,佐藤朋也,,,,,
4620250727030012,6,落,crash,梅崎隆介,,,,,
4620250731010005,2,失,disqualified,佐伯翔,,,,,押圧し失格
4620250731010005,8,故,accident_finish,高木和仁,,,,,後方絡まれ
4620250731020007,1,落,crash,志田龍星,,,,S,妨害受けて
4620250731020007,5,落,crash,岩谷拓磨,,,,,乗上げ落車
4620250731020007,4,失,disqualified,外田心斗,,,,,斜行し失格
4620250731040004,5,故,accident_finish,高木和仁,,,,,
4620250731040005,2,欠,absent,板垣昴,,,,,
4620250731040011,3,落,crash,川津悠揮,,,,S,
4620250731040011,8,落,crash,月森亮輔,,,,,
4620250731040012,1,落,crash,村上博幸,,,,S,
4620250806010004,2,失,disqualified,吉田悟,,,,,叩き捲られ
4620250812010010,4,落,crash,佐方良行,,,,,赤板前落車
4620250812010011,4,失,disqualified,相川永伍,,,,,本線も落車
4620250821020010,3,落,crash,櫻井丈,,,,S,
4620250821020010,7,落,crash,川木敬大,,,,,
4620250821020011,2,落,crash,望月一成,,,,,
4620250826030002,4,落,crash,塚本貴雄,,,,,
4620250826030002,7,落,crash,吉野猛,,,,,
4620250920030001,1,落,crash,志水祐彦,,,,S,
4620250920030001,6,落,crash,瀧川幸広,,,,,
4620250920030004,1,落,crash,巴直也,,,,,
4620250920030004,4,失,disqualified,滝本幸正,,,,B,
4620251007010007,1,落,crash,吉田敏洋,,,,,
4620251007010007,2,落,crash,松本憲斗,,,,,
4620251007010007,6,失,disqualified,佐藤竜太,,,,,
4620251007010012,4,落,crash,山田久徳,,,,,
4620251007010012,5,落,crash,山口拳矢,,,,S,
4620251007020005,3,落,crash,中村翔平,,,,,
4620251021020001,4,欠,absent,長澤和光,,,,,
4620251021020004,4,落,crash,井坂泰誓,,,,,
4620251021020004,5,失,disqualified,生野優翔,,,,SB,
4620251021020010,7,失,disqualified,高橋義秋,,,,,
4620251021030007,2,落,crash,高橋優斗,,,,,
4620251021030007,1,失,disqualified,真田晃,,,,,
4620251021030009,4,失,disqualified,神開将暢,,,,,
4620251108010012,1,失,disqualified,森田優弥,,,,SB,初周内抜き
4620251108020001,2,落,crash,杉山剛,,,,,初周接触落
4620251108030004,6,落,crash,茅野寛史,,,,,
4620251108030004,2,失,disqualified,渋谷錬,,,,,
4620251108030012,6,落,crash,村田祐樹,,,,,
4620251108030012,7,失,disqualified,森田一郎,,,,S,
4620260412010004,2,故,accident_finish,春日勇人,,,,S,
4620260412010010,3,落,crash,阿部大樹,,,,,
4620260412010010,4,落,crash,伊代野貴照,,,,,
4620260412010010,7,失,disqualified,西村光太,,,,,
4620260430010005,4,故,accident_finish,齊藤由莉,,,,,
4620260430030011,2,落,crash,中田拓也,,,,,
4620260430030011,7,落,crash,中石昌芳,,,,,
4620260430030011,1,失,disqualified,今藤康裕,,,,,
4620260616010011,5,欠,absent,富永益生,,,,,
4620260625010004,4,落,crash,長野魅切,,,,,
4620260625010004,3,失,disqualified,國村洋,,,,,
4620260625030010,3,故,accident_finish,山崎歩夢,,,,,
4520230107010007,4,落,crash,加藤圭一,,,,,接触し落車
4520230107010007,5,落,crash,坂上忠克,,,,,接触し落車
4520230107010010,2,落,crash,伊代野貴照,,,,,接触し落車
4520230107030011,1,落,crash,三谷竜生,,,,S,
4520230107030011,4,落,crash,武藤龍生,,,,,
4520230107030011,5,落,crash,山賀雅仁,,,,,
4520230107030011,3,失,disqualified,根田空史,,,,B,
4520230119010011,4,落,crash,太田雅之,,,,,前落車乗上
4520230119010011,7,落,crash,疋田敏,,,,,競勝も落車
4520230119020003,3,失,disqualified,清水正人,,,,,不注意落失
4520230119020005,3,失,disqualified,鈴木浩,,,,,追上接触落
4520230119030011,3,落,crash,豊岡英子,,,,,
4520230126010008,3,落,crash,児玉慎一郎,,,,,捲れライン
4520230126030011,3,落,crash,野田源一,,,,,ＢＳ突込み
4520230126030011,7,落,crash,吉田敏洋,,,,,突っ込まれ
4520230126030012,9,落,crash,岡本総,,,,,巧追絡まれ
4520230126030012,7,失,disqualified,内藤宣彦,,,,,外阻み押上
4520230201010010,2,落,crash,岡田征陽,,,,,赤板過ぎ落
4520230201010012,1,落,crash,椎木尾拓哉,,,,S,ＨＳで落車
4520230201010012,6,失,disqualified,横山尚則,,,,,番手有利も
4520230211020001,2,失,disqualified,木谷凉,,,,,
4520230226010002,4,落,crash,山田二三補,,,,,追走阻まれ
4520230226010003,3,落,crash,中川昌久,,,,,前落車乗上
4520230226010003,4,落,crash,宇賀神浩幸,,,,,２角過落車
4520230804010004,6,落,crash,高橋京治,,,,,
4520230804010004,3,失,disqualified,光岡義洋,,,,S,
4520230804010005,6,失,disqualified,海野晃,,,,,
4520230804020004,3,欠,absent,滝川秀嗣,,,,,
4520230804020006,4,失,disqualified,岡部伶音,,,,B,
4520230818010004,1,落,crash,近藤範昌,,,,S,競合い転倒
4520230818030012,2,落,crash,松岡篤哉,,,,,
4520230818030012,7,失,disqualified,岡崎智哉,,,,,
4520230824010007,5,失,disqualified,尾崎勝弘,,,,,
4520230824020004,1,欠,absent,廣川貞治,,,,,
4520230824030001,1,,unknown_exception,東美月,,,,,
4520230824030001,2,,unknown_exception,宇野紅音,,,,,
4520230824030001,3,,unknown_exception,猪頭香緒里,,,,,
4520230824030001,4,,unknown_exception,小林真矢香,,,,,
4520230824030001,5,,unknown_exception,山本さくら,,,,,
4520230824030001,6,,unknown_exception,三谷尚子,,,,,
4520230824030001,7,,unknown_exception,中村鈴花,,,,,
4520230913010012,3,落,crash,杉森輝大,,,,,立ち遅れて
4520230913030008,2,落,crash,佐藤愼太郎,,,,,
4520230913030008,1,失,disqualified,川越勇星,,,,,
4520230913030011,3,失,disqualified,小坂丈,,,,S,
4520230920020003,5,失,disqualified,中石昌芳,,,,,
4520230920030004,3,落,crash,児玉慎一郎,,,,,
4520230920030004,1,失,disqualified,前田拓也,,,,,
4520230928010004,1,失,disqualified,芦澤大輔,,,,,牽制斜行し
4520230928030006,1,落,crash,森山智徳,,,,,前に乗上げ
4520230928030006,7,落,crash,林大悟,,,,,嵌り掬われ
4520230928040012,1,失,disqualified,松本貴治,,,,S,
4520231008020007,1,落,crash,柳谷崇,,,,S,
4520231106010003,6,落,crash,湯浅弘光,,,,,３角乗上げ
4520231106010003,2,失,disqualified,小林史也,,,,,叩けず併走
4520231106010005,6,失,disqualified,長谷部翔,,,,,粘られ押圧
4520231106020001,4,欠,absent,伊藤温希,,,,,当日欠場
4520231106020002,4,落,crash,谷本奨輝,,,,,鐘３角不利
4520231106020002,6,失,disqualified,安達隆己,,,,B,先行捲られ
4520231106020009,4,欠,absent,片折亮太,,,,,当日欠場
4520231106020009,5,失,disqualified,成清貴之,,,,,内入り自落
4520231106030004,1,欠,absent,西村豊,,,,,
4520231113010003,4,失,disqualified,高森圭介,,,,,本線追えず
4520231113020002,5,落,crash,徳永真一,,,,,接触落車し
4520231113020003,1,失,disqualified,會田正一,,,,,目標に続く
4520231113020003,6,失,disqualified,廣川貞治,,,,,捌かれ後退
4520231113020009,3,欠,absent,山田純也,,,,,当日欠場し
4520231113030001,5,欠,absent,多田司,,,,,
4520231120010002,5,失,disqualified,舟元権造,,,,,
4520231120030002,2,失,disqualified,金辺雄介,,,,B,
4520231127010011,3,欠,absent,蒋野翔太,,,,,当日欠場
4520231127020009,2,落,crash,山口貴嗣,,,,S,張られ落車
4520231127020009,4,落,crash,原真司,,,,,乗上げ落車
4520231127020009,7,落,crash,東矢昇太,,,,,ＨＳで落車
4520231127020009,6,失,disqualified,三谷政史,,,,,前飛付き続
4520231204010005,2,落,crash,出口謙一郎,,,,,イン詰まり
4520231204010006,4,欠,absent,本多優,,,,,当日欠場
4520231204010012,4,欠,absent,白上翔,,,,,当日欠場
4520231204020005,1,失,disqualified,有賀高士,,,,,押圧し１失
4520231204020006,5,故,accident_finish,田中千尋,,,,,２角で接触
4520231204030003,3,失,disqualified,保科圭太,,,,,
4520231220010004,3,落,crash,時松正,,,,,
4520231220010004,4,落,crash,磯村蓮太,,,,S,
4520231220010004,5,落,crash,樫村伸平,,,,,
4520231220020005,1,落,crash,倉野隆太郎,,,,,
4520231220020005,7,落,crash,横瀬聡,,,,,
4520231220020005,4,失,disqualified,梶應弘樹,,,,,
4520231220020007,5,失,disqualified,蓮井祐輝,,,,,
4520231220030007,5,欠,absent,谷口友真,,,,,
4520240103010003,2,落,crash,加藤正法,,,,,
4520240103010003,5,落,crash,富澤洋祐,,,,,
4520240103010006,6,落,crash,會田正一,,,,,
4520240103010006,4,失,disqualified,馬場和広,,,,S,
4520240103020011,1,落,crash,三谷政史,,,,,
4520240103020011,2,失,disqualified,須藤誠,,,,,
4520240103030010,3,欠,absent,高橋大輝,,,,,
4520240116020005,4,落,crash,三浦綾,,,,,
4520240116030002,7,欠,absent,高本旭,,,,,
4520240116030007,1,落,crash,内山雅貴,,,,S,
4520240116030007,7,落,crash,泉谷元樹,,,,,
4520240217010007,1,落,crash,宮越孝治,,,,,斜行されて
4520240217010007,4,落,crash,小林圭介,,,,,乗上げ落車
4520240217010007,3,失,disqualified,大石崇晴,,,,B,直線斜行し
4520240217010009,1,落,crash,高久保雄介,,,,S,接触し落車
4520240217010009,2,落,crash,長谷部龍一,,,,,前輪払われ
4520240217010009,5,落,crash,渡辺十夢,,,,,前落車共倒
4520240217010009,3,失,disqualified,萩原孝之,,,,,２角で斜行
4520240217010012,5,失,disqualified,稲川翔,,,,,妨害押上げ
4520240217030011,3,失,disqualified,近藤圭佑,,,,,
4520240607010002,3,落,crash,野口修平,,,,,
4520240607010002,4,落,crash,今村俊雄,,,,,
4520240607010002,5,落,crash,永橋武司,,,,,
4520240607010002,6,落,crash,亀井道佳,,,,,
4520240607010009,5,落,crash,堀兼壽,,,,,
4520240607010009,6,落,crash,川崎健次,,,,,
4520240607020003,6,失,disqualified,鈴木浩,,,,,
4520240607020008,2,失,disqualified,國廣哲治,,,,,
4520240607030003,2,落,crash,渡邊一洋,,,,,
4520240624020001,2,落,crash,平山優太,,,,,妨害受けて
4520240624020001,6,失,disqualified,坂本佳憲,,,,,押圧し失格
4520240624020005,1,落,crash,三浦貴大,,,,,不利受落車
4520240624020005,7,失,disqualified,一ノ瀬貴将,,,,,斜行し１失
4520240624020006,7,欠,absent,板根茜弥,,,,,当日欠場
4520240710010003,2,落,crash,須々田大昇,,,,,
4520240710010003,1,失,disqualified,大中拓磨,,,,SB,
4520240710010010,2,失,disqualified,中澤央治,,,,,
4520240710020003,6,失,disqualified,林修平,,,,,
4520240725010002,1,落,crash,大崎龍一郎,,,,,接触し落車
4520240725010003,6,失,disqualified,長澤和光,,,,,外浮き後退
4520240725010011,2,失,disqualified,泉谷直哉,,,,,押圧で失格
4520240725020008,1,落,crash,山中崇弘,,,,S,落車に乗上
4520240725020008,2,失,disqualified,鳥越靖弘,,,,,押上げ落車
4520240725030004,7,落,crash,重一徳,,,,,
4520240725030012,5,落,crash,三宅裕武,,,,,
4520240725030012,2,失,disqualified,岸川哲也,,,,S,
4520240807020008,2,落,crash,近谷涼,,,,B,
4520240813020002,4,欠,absent,中山善仁,,,,,
4520240909020010,6,落,crash,増田仁,,,,B,魅せる逃げ
4520240909020010,1,失,disqualified,佐山寛明,,,,,斜行し１失
4520240909030002,3,欠,absent,中山敬太郎,,,,,
4520240924010004,6,失,disqualified,高木修二,,,,,
4520240924010006,5,失,disqualified,明星晴道,,,,,
4520240930020003,4,落,crash,高橋健太,,,,,
4520240930020003,2,失,disqualified,倉野隆太郎,,,,,
4520240930030004,1,落,crash,植草亮介,,,,,
4520241026020006,5,欠,absent,吉田りんご,,,,,当日欠場
4520241118020007,7,失,disqualified,渡辺福太郎,,,,,
4520241215010003,7,失,disqualified,長谷川辰徳,,,,,
4520241215020009,5,落,crash,川木敬大,,,,,
4520241231020006,5,故,accident_finish,棚橋勉,,,,,競込み故障
4520241231020011,3,失,disqualified,久米良,,,,,内抜き失格
4520250107010004,3,失,disqualified,邊見祐太,,,,B,斜行し１失
4520250107010004,1,故,accident_finish,藤原夏志,,,,S,接触し故障
4520250107020009,6,落,crash,疋田敏,,,,,追上接触落
4520250107020009,2,失,disqualified,柴田功一郎,,,,,斜行し１失
4520250208020005,2,落,crash,成田直喜,,,,,
4520250208020005,3,落,crash,相笠翔太,,,,,
4520250208030007,3,失,disqualified,舛井幹雄,,,,,
4520250221010001,3,落,crash,松岡貴久,,,,,３半内斬込
4520250221030010,6,失,disqualified,中釜章成,,,,S,貢献の逃げ
4520250221030012,3,落,crash,松谷秀幸,,,,,煽受け落車
4520250221040001,1,落,crash,園田匠,,,,,
4520250221040002,5,落,crash,永澤剛,,,,,
4520250221040002,8,落,crash,大川龍二,,,,,
4520250221040010,1,落,crash,松本貴治,,,,,
4520250321030010,5,落,crash,元砂七夕美,,,,,
4520250321030010,6,落,crash,那須萌美,,,,,
4520250326010003,2,欠,absent,樫村伸平,,,,,
4520250401010004,3,失,disqualified,大山泰伸,,,,,離れ外浮く
4520250401020002,2,失,disqualified,長澤和光,,,,,併走こぼれ
4520250401030006,2,落,crash,光畑政志,,,,,
4520250401030006,3,故,accident_finish,山原利秀,,,,,
4520250414020001,5,欠,absent,檀雄二,,,,,
4520250414020003,1,欠,absent,八谷誠賢,,,,,
4520250414030005,3,落,crash,松岡篤哉,,,,,
4520250414030007,3,落,crash,児玉慎一郎,,,,,
4520250505010004,3,落,crash,木幡幸仁,,,,,
4520250505010004,1,失,disqualified,三澤勝成,,,,S,
4520250528010006,3,落,crash,大久保花梨,,,,B,捲れず落車
4520250528030001,4,落,crash,郡英治,,,,,
4520250528030010,4,落,crash,高橋美沙紀,,,,,
4520250528030010,1,失,disqualified,太田りゆ,,,,,
4520250528030010,3,失,disqualified,當銘沙恵美,,,,,
4520250625020007,2,落,crash,宮越孝治,,,,,
4520250625020007,5,失,disqualified,奥出良,,,,B,
4520250716010002,4,落,crash,溝口香奈,,,,,
4520250716030002,4,落,crash,荻野哲,,,,,
4520250722010009,2,落,crash,佐々木翔一,,,,,
4520250722010009,4,落,crash,森山智徳,,,,,
4520250722010009,5,失,disqualified,堀江省吾,,,,B,
4520250929010002,1,落,crash,宮本龍一,,,,S,
4520250929010002,3,失,disqualified,田崎良太郎,,,,,
4520250929020005,6,落,crash,長岡豪,,,,,
4520251006020001,1,落,crash,岡本二菜,,,,,
4520251006020001,3,落,crash,小泉夢菜,,,,,
4520251006020001,6,落,crash,野寺楓,,,,,
4520251016020007,1,失,disqualified,尾形鉄馬,,,,S,
4520251016020007,5,失,disqualified,伏見俊昭,,,,,
4520251016020008,1,落,crash,湊聖二,,,,,
4520251016040004,3,失,disqualified,望月永悟,,,,,
4520251028010006,7,落,crash,上田裕和,,,,,入られ接触
4520251112010002,2,失,disqualified,岡嶋登,,,,,中団動けず
4520251112020004,1,落,crash,楠本政明,,,,S,番手絡落車
4520251112020004,7,故,accident_finish,後田康成,,,,,乗上げ落車
4520251112030011,2,落,crash,高木竜司,,,,,
4520251130010007,3,落,crash,水本博行,,,,,
4520260102010012,1,失,disqualified,酒井雄多,,,,,
4520260102030005,1,失,disqualified,加藤恵,,,,,
4520260117010001,7,落,crash,伊藤優里,,,,,
4520260117010004,7,落,crash,瀬口匠,,,,,
4520260117010004,6,失,disqualified,天沼雅貴,,,,,
4520260117030009,2,失,disqualified,渡辺正光,,,,,
4520260223010010,1,欠,absent,村上竜馬,,,,,
4520260223020003,3,失,disqualified,古川貴之,,,,,
4520260223020010,4,落,crash,岸田剛,,,,,
4520260223020010,7,失,disqualified,島川将貴,,,,S,
4520260304010005,5,欠,absent,市本隆司,,,,,
4520260304020003,4,失,disqualified,宮西翼,,,,,
4520260310010009,4,欠,absent,菊池竣太朗,,,,,
4520260310010009,1,落,crash,石川雅望,,,,S,
4520260310010009,7,落,crash,吉田健市,,,,,
4520260310020005,2,失,disqualified,寺林正秋,,,,S,
4520260328010002,3,落,crash,伊藤旭,,,,,煽受け落車
4520260328010002,6,落,crash,邊見光輝,,,,,鐘で落車し
4520260328010002,1,失,disqualified,一戸康宏,,,,,斜行し失格
4520260328020002,7,失,disqualified,太刀川一成,,,,,押込み落失
4520260328020012,9,落,crash,山形一気,,,,,煽り受落車
4520260328020012,2,失,disqualified,眞杉匠,,,,,外振り失格
4520260328030004,2,落,crash,安倍大成,,,,S,接触し落車
4520260328030004,9,落,crash,相川永伍,,,,,追突し落車
4520260328040012,9,失,disqualified,和田真久留,,,,,
4520260404020001,5,欠,absent,赤星俊光,,,,,当日欠場
4520260404020004,3,失,disqualified,生野優翔,,,,,内抜き２失
4520260415020010,5,失,disqualified,纐纈洸翔,,,,,
4520260415020012,1,落,crash,芦澤大輔,,,,S,
4520260415020012,5,失,disqualified,室井蓮太朗,,,,,
4520260603020002,3,失,disqualified,鮒田博文,,,,,
4520260603020002,2,故,accident_finish,戸邉捺希,,,,,
2420230111010005,5,欠,absent,中村隆生,,,,,当日欠場し
2420230111010008,1,落,crash,江連和洋,,,,S,妨害受落車
2420230111010008,2,失,disqualified,島野浩司,,,,,斜行し失格
2420230111020010,2,落,crash,不破将登,,,,,乗り上げ落
2420230111020010,3,落,crash,松坂洋平,,,,,乗り上げ落
2420230111020010,5,落,crash,渡邉雅也,,,,,出切れず落
2420230111020010,4,失,disqualified,横関裕樹,,,,B,外振り失格
2420230122020003,5,落,crash,片岡昌彰,,,,,４角で落車
2420230122030004,7,失,disqualified,高橋明久,,,,B,
2420230205010002,2,落,crash,安達隆己,,,,,捲られ落車
2420230205010002,4,落,crash,荻原寿嗣,,,,,叩かれ落車
2420230205020001,2,欠,absent,荻原寿嗣,,,,,当日欠場し
2420230205020003,2,故,accident_finish,福田滉,,,,,内降り失敗
2420230322010005,1,落,crash,牛山貴広,,,,,先手も落車
2420230322010005,2,落,crash,明田春喜,,,,,乗り上げ落
2420230322020006,7,欠,absent,小野大介,,,,,当日欠場し
2420230322020012,4,落,crash,岡光良,,,,,中踏み落車
2420230322030010,7,落,crash,佐藤友和,,,,,
2420230423010002,3,落,crash,伊藤大理,,,,,
2420230423010005,4,欠,absent,井上将志,,,,,
2420230423030003,7,落,crash,會田正一,,,,,
2420230430010009,4,落,crash,立花昌也,,,,,挟まり落車
2420230430010009,6,落,crash,岡崎陸登,,,,,接触し落車
2420230430010009,3,失,disqualified,石田典大,,,,,斜行し１失
2420230518010003,1,落,crash,大川龍二,,,,,捲り上げ落
2420230518010003,6,落,crash,藤田周磨,,,,,乗り上げて
2420230518010003,7,落,crash,濱田浩司,,,,S,前落車一緒
2420230518010003,9,失,disqualified,藤井栄二,,,,B,逃げ外振り
2420230518010009,2,故,accident_finish,阪本和也,,,,,飛され故障
2420230518020006,1,失,disqualified,大塚健一郎,,,,,外併走落車
2420230526010002,5,失,disqualified,山城光央,,,,,
2420230526010004,5,落,crash,二木茂則,,,,,
2420230526010004,3,失,disqualified,市野茂,,,,,
2420230526020002,4,欠,absent,山崎功也,,,,,
2420230604030001,5,失,disqualified,岡村育子,,,,,
2420230604030006,1,失,disqualified,栗本武典,,,,,
2420230604030008,4,失,disqualified,松本詩乃,,,,,
2420230611030009,4,落,crash,磯島成介,,,,,
2420230611030009,2,失,disqualified,杉本正隆,,,,,
2420230726010006,1,欠,absent,金澤幸司,,,,,
2420230726020001,2,欠,absent,小田桐義継,,,,,
2420230726020002,4,失,disqualified,尾崎勝弘,,,,,
2420230726030002,6,欠,absent,阿部博之,,,,,
2420230809010003,7,落,crash,木下章,,,,,
2420230809020001,6,欠,absent,小酒大司,,,,,
2420230815020003,1,落,crash,吉堂将規,,,,,追上外併走
2420230815020003,6,落,crash,森田達也,,,,S,ライン一緒
2420230815020003,4,失,disqualified,成清謙二郎,,,,,目標と一緒
2420230815020011,2,落,crash,二藤元太,,,,,番手被って
2420230815020011,4,失,disqualified,坂本将太郎,,,,,位置奪われ
2420230827010002,3,故,accident_finish,野口修平,,,,,
2420230827020004,7,失,disqualified,海野晃,,,,,
2420230827020006,1,落,crash,宮西翼,,,,S,
2420230827030002,6,失,disqualified,佐野多喜男,,,,,
2420230912020005,3,失,disqualified,平山優太,,,,,はぐれ追上
2420230912020009,6,落,crash,友定祐己,,,,,３半で落車
2420230912020009,7,落,crash,嶋田誠也,,,,S,３半で落車
2420230912020011,5,落,crash,阿部力也,,,,,３半で落車
2420230923010005,3,落,crash,栗本武典,,,,SB,
2420230923010005,5,落,crash,桜井雄太,,,,,
2420230923010005,7,落,crash,深見仁哉,,,,,
2420231002010001,3,失,disqualified,大川栄二,,,,,
2420231002010001,7,失,disqualified,幡中幸弘,,,,,
2420231020020006,7,欠,absent,金田舞夏,,,,,当日欠場し
2420231020020010,2,欠,absent,関根健太郎,,,,,当日欠場し
2420231223020009,7,欠,absent,大森光明,,,,,当日欠場し
2420240101010010,6,失,disqualified,長崎達也,,,,,乗換え離れ
2420240101020004,2,落,crash,須々田大昇,,,,,接触落車し
2420240101020004,4,落,crash,北沢勝弘,,,,,接触落車し
2420240101020010,3,落,crash,大矢将大,,,,,絡んで落車
2420240101020010,7,落,crash,小玉勇一,,,,,絡んで落車
2420240101020010,4,失,disqualified,佐藤政利,,,,,番手取られ
2420240101030005,5,失,disqualified,高橋美沙紀,,,,,
2420240113030002,2,欠,absent,鈴木裕斗,,,,,
2420240122010006,3,落,crash,相澤政宏,,,,,接触落車し
2420240205020009,2,落,crash,大矢崇弘,,,,,番手戦落車
2420240205020009,4,落,crash,石川雅望,,,,,乗り上げて
2420240205020009,5,失,disqualified,中村浩士,,,,,流込み失格
2420240317030001,1,欠,absent,藤原義晴,,,,,
2420240317030001,2,欠,absent,田崎良太郎,,,,,
2420240317030006,3,落,crash,牧田悠生,,,,,
2420240317030006,4,失,disqualified,坂本拓也,,,,,
2420240325010011,7,落,crash,藤原憲征,,,,,前ワンツー
2420240325020002,6,故,accident_finish,平総一,,,,,外併走一緒
2420240325020005,2,落,crash,柴田功一郎,,,,,後方落車し
2420240325020005,5,落,crash,鈴木豪,,,,,絡んで落車
2420240401020001,1,欠,absent,松丸裕紀,,,,,当日欠場
2420240401020002,5,落,crash,石山直哉,,,,,接触落車し
2420240401020004,7,欠,absent,山本浩成,,,,,当日欠場
2420240401030004,5,落,crash,山口貴弘,,,,,
2420240401030004,1,失,disqualified,櫻井太士,,,,,
2420240401030008,5,落,crash,佐伯翔,,,,,
2420240407020003,1,落,crash,平山優太,,,,,
2420240407020003,3,失,disqualified,土屋仁,,,,,
2420240425030005,2,落,crash,室井竜二,,,,,
2420240425030005,7,落,crash,大竹慎吾,,,,,
2420240503010005,6,欠,absent,石塚慶一郎,,,,,当日欠場
2420240503020011,2,落,crash,柿澤大貴,,,,,乗上げ落車
2420240503020011,7,落,crash,中島詩音,,,,,払われ落車
2420240503020011,4,失,disqualified,岡崎智哉,,,,,外入し失格
2420240503030004,6,落,crash,黒川渉,,,,,
2420240503030012,4,失,disqualified,東龍之介,,,,,
2420240608030003,2,落,crash,眞鍋伸也,,,,,
2420240703010005,4,落,crash,星野辰也,,,,,突内き落車
2420240703010005,5,落,crash,稲葉一真,,,,S,乗り上げて
2420240703010007,4,落,crash,塚本大樹,,,,,中突き落車
2420240703020009,5,失,disqualified,神山雄一郎,,,,,捲られ踏む
2420240703030011,7,失,disqualified,増原正人,,,,,
2420240719020002,5,失,disqualified,真船拓磨,,,,,
2420240803020002,6,失,disqualified,梶山大輔,,,,,
2420240913010004,7,落,crash,岩本俊介,,,,,被り動けず
2420240913010004,4,失,disqualified,福永大智,,,,,外併走一杯
2420240913020011,5,落,crash,山田久徳,,,,,古性に離れ
2420240913020011,1,故,accident_finish,佐藤慎太郎,,,,,接触故障し
2420240913030008,9,落,crash,清水裕友,,,,,１角落車し
2420240913030008,1,失,disqualified,平原康多,,,,,張り掬われ
2420241003020003,7,失,disqualified,北野佑汰,,,,,
2420241003030001,4,失,disqualified,服部克久,,,,,
2420241003030004,3,落,crash,笹川竜治,,,,,
2420241018010012,3,欠,absent,梁島邦友,,,,,当日欠場
2420241206020005,2,落,crash,横田政直,,,,,好位も接触
2420241206020005,6,落,crash,日吉克実,,,,,内田に離れ
2420241206020005,7,落,crash,瀧野勝太,,,,,直線接触落
2420241206020005,3,失,disqualified,佐藤正吾,,,,,押上げ３失
2420250109020001,3,欠,absent,吉田昌弘,,,,,当日欠場し
2420250109030005,5,欠,absent,野寺梓,,,,,
2420250109030006,3,落,crash,井手尚治,,,,,
2420250109030006,7,落,crash,鈴木広人,,,,,
2420250109030006,2,失,disqualified,谷本奨輝,,,,,
2420250210010004,7,落,crash,伊藤一貴,,,,,追えず内へ
2420250210020011,7,落,crash,守澤太志,,,,,直線落車し
2420250217010009,5,欠,absent,石田典大,,,,,当日欠場
2420250217010010,1,,unknown_exception,竹山慶太,,,,,
2420250217010010,2,,unknown_exception,河野淳吾,,,,,
2420250217010010,3,,unknown_exception,尾方祐仁,,,,,
2420250217010010,4,,unknown_exception,山中貴雄,,,,,
2420250217010010,5,,unknown_exception,坂本昌宏,,,,,
2420250217010010,6,,unknown_exception,山内大作,,,,,
2420250217010010,7,欠,absent,松田大,,,,,
2420250217020005,2,欠,absent,関谷哲平,,,,,当日欠場
2420250217030012,4,落,crash,飯田憲司,,,,,
2420250217030012,2,失,disqualified,明田春喜,,,,,
2420250305010006,4,失,disqualified,佐藤健太,,,,,中団外併走
2420250305020003,1,落,crash,福田要,,,,,後手落車し
2420250305020003,4,落,crash,高津晃治,,,,,乗り上げて
2420250305020003,5,失,disqualified,平沼由充,,,,,外張り失格
2420250305030005,1,失,disqualified,江守昇,,,,,
2420250317010002,3,落,crash,松岡孝高,,,,,張られ落車
2420250317010002,5,落,crash,泉文人,,,,,乗り上げて
2420250317010002,6,落,crash,市川健太,,,,,乗り上げて
2420250317010002,4,失,disqualified,渋谷錬,,,,,内追上失格
2420250401020005,1,欠,absent,久田朔,,,,,
2420250422010002,3,失,disqualified,片岡美奈,,,,,
2420250422020003,3,欠,absent,川路遥香,,,,,
2420250515020004,5,落,crash,川口公太朗,,,,,直線接触落
2420250515020009,7,失,disqualified,海老根恵太,,,,,不注意接触
2420250515030007,2,落,crash,東龍之介,,,,,乗上げ落車
2420250515030007,9,落,crash,黒田淳,,,,,前輪払われ
2420250515030007,1,失,disqualified,柏野智典,,,,,斜行し３失
2420250515030012,2,落,crash,松浦悠士,,,,,接触し落車
2420250515030012,1,失,disqualified,眞杉匠,,,,SB,押上げ１失
2420250609020006,1,欠,absent,北野武史,,,,,当日欠場
2420250609020010,5,落,crash,松村友和,,,,,追い上げ落
2420250619010004,6,落,crash,黒木誠一,,,,,
2420250808020006,4,失,disqualified,板根茜弥,,,,,後方中突く
2420250808020010,3,落,crash,梅川風子,,,,,接触落車し
2420250808020010,5,落,crash,那須萌美,,,,,乗り上げて
2420250808020010,1,失,disqualified,太田りゆ,,,,,４角妨害し
2420250825010003,7,欠,absent,植草亮介,,,,,当日欠場
2420250825020012,1,落,crash,諸橋愛,,,,,接触落車し
2420250825030002,7,失,disqualified,奥出良,,,,B,
2420250919020008,1,落,crash,冨岡健一,,,,S,接触し落車
2420251014010006,5,落,crash,岡光良,,,,,口空捌かれ
2420251014010006,6,落,crash,大塚英伸,,,,,内追上接触
2420251014010011,3,落,crash,大木雅也,,,,,乗上げ落車
2420251014010011,7,落,crash,小林圭介,,,,,接触し落車
2420251014020002,1,落,crash,塚本和宏,,,,,３角落棄権
2420251014030006,5,落,crash,開坂秀明,,,,,
2420251014030007,2,落,crash,東龍之介,,,,,
2420251014030007,7,失,disqualified,北野武史,,,,,
2420251027010009,3,落,crash,齋藤雄行,,,,,
2420251027010009,5,落,crash,長谷部翔,,,,,
2420251027030005,6,落,crash,岩城佑典,,,,,
2420260101010008,3,故,accident_finish,中嶋宣成,,,,,早々に故障
2420260101010012,2,失,disqualified,長島大介,,,,,絶好差せず
2420260101020003,1,落,crash,長井妙樹,,,,,４角落車し
2420260101020003,2,失,disqualified,泉慶輔,,,,S,外張り失格
2420260101020005,3,落,crash,菅田謙仁,,,,S,１半落車し
2420260101030001,5,落,crash,平山優太,,,,,
2420260101030001,3,失,disqualified,有馬雄二,,,,,
2420260131010003,5,落,crash,猿樂楓樹,,,,,打鐘過落車
2420260131010010,1,欠,absent,宮崎大空,,,,,当日欠場
2420260206020001,2,落,crash,長田彰人,,,,,前落車巻込
2420260206020001,5,落,crash,菅原洋輔,,,,,妨害受けて
2420260206020001,3,失,disqualified,村松俊弥,,,,,斜行し失格
2420260214030003,7,落,crash,大庭正紀,,,,,
2420260214030003,4,失,disqualified,猪俣康一,,,,,
2420260214030009,6,失,disqualified,中村弘之輔,,,,S,
2420260304010003,2,欠,absent,牧田賢也,,,,,
2420260304010005,3,失,disqualified,渡辺馨,,,,,
2420260309040003,5,落,crash,石川一浩,,,,,
2420260309040003,7,落,crash,鈴木広人,,,,,
2420260309040004,7,失,disqualified,藤原亜衣里,,,,,
2420260309040005,1,落,crash,渋谷海,,,,S,
2420260309040005,3,落,crash,土屋宏,,,,,
2420260309040005,5,失,disqualified,黒田篤,,,,,
2420260317010001,2,落,crash,吉澤賢,,,,,妨害受け落
2420260317010001,3,落,crash,織茂雄一郎,,,,,巻込れ落車
2420260317010001,4,失,disqualified,堀勝政,,,,,内掬い斜行
2420260317010004,7,失,disqualified,池田充槻,,,,B,逃切り失格
2420260317030004,5,失,disqualified,中原恭恵,,,,,
2420260401030004,5,失,disqualified,安東英博,,,,,
2420260508030007,2,失,disqualified,山口留稀哉,,,,,
2420260508030007,1,故,accident_finish,木村優駿,,,,S,
2420260521010004,5,落,crash,塚本和宏,,,,,前離れ追う
2420260521010004,7,落,crash,渡邊一洋,,,,,絡んで落車
2420260521010008,4,落,crash,金子哲大,,,,,４角接触落
2420260521010008,2,失,disqualified,小原丈一郎,,,,S,押上げ４失
2420260521010012,1,落,crash,中村圭志,,,,S,接触し落車
2420260521010012,4,落,crash,大川龍二,,,,,Ｂ接触落車
2420260521030006,3,落,crash,松尾透,,,,,
2420260521030006,5,落,crash,良永浩一,,,,,
2420260521030006,6,落,crash,吉川嘉斗,,,,,
2420260530020001,5,落,crash,竹内雄作,,,,,叩れ捨られ
2420260530020001,7,落,crash,清水一幸,,,,,前を追えず
2420260530020012,1,落,crash,坂井洋,,,,S,妨害受落車
2420260530020012,7,落,crash,土屋壮登,,,,,落車巻込れ
2420260530020012,5,失,disqualified,佐藤一伸,,,,,①を押圧し
2420260609010002,2,落,crash,別所英幸,,,,S,
2420260609010002,4,落,crash,山口直樹,,,,,
2420260609010009,6,故,accident_finish,佐竹和也,,,,,
2420260609020002,1,欠,absent,丸林一孝,,,,,
2420260621020004,4,欠,absent,山崎光展,,,,,
2420260621030001,7,欠,absent,渡辺ゆかり,,,,,
2420260621030002,5,欠,absent,松尾淳,,,,,
5520230112010011,4,失,disqualified,田村真広,,,,,３番手捌れ
5520230112010012,3,欠,absent,松浦悠士,,,,,当日欠場
5520230112020002,7,故,accident_finish,五十嵐力,,,,,前にはぐれ
5520230112020010,2,失,disqualified,中川勝貴,,,,,口空割込れ
5520230112020010,8,故,accident_finish,嶋田誠也,,,,,踏出し離れ
5520230112040006,3,欠,absent,吉永好宏,,,,,
5520230123010006,1,落,crash,河内桜雪,,,,,体勢崩し落
5520230123010006,5,失,disqualified,三宅玲奈,,,,,外帯線内入
5520230426010003,2,失,disqualified,佐古雅俊,,,,,
5520230426020008,3,失,disqualified,太田黒大心,,,,,何とか競勝
5520230501010006,3,落,crash,平総一,,,,,
5520230501010006,4,失,disqualified,高田大輔,,,,,
5520230528010005,7,失,disqualified,高田隼人,,,,,前に離れて
5520230528030005,2,失,disqualified,伊藤温希,,,,,
5520230528030012,7,落,crash,田中大我,,,,,
5520230718010009,2,故,accident_finish,清水剛志,,,,,前失敗共倒
5520230718020011,1,落,crash,渡邉雄太,,,,S,直線接触し
5520230718020011,5,失,disqualified,須永優太,,,,,斜行し失格
5520230718030005,4,失,disqualified,内田英介,,,,,
5520230810010005,3,落,crash,栗田貴徳,,,,,直線接触し
5520230810010012,7,落,crash,石原颯,,,,,叩れ捲れず
5520230810010012,4,失,disqualified,新山将史,,,,S,突込み押上
5520230810020007,3,失,disqualified,飯野祐太,,,,,捲られ蛇行
5520230810030006,3,落,crash,平尾一晃,,,,,捲り妨害受
5520230810030006,8,落,crash,佐山寛明,,,,,後手乗上げ
5520230810030006,9,落,crash,松川高大,,,,,前に乗上げ
5520230810030006,5,失,disqualified,武田憲祐,,,,,牽制斜行し
5520230810030010,9,落,crash,三宅達也,,,,,赤板過乗上
5520230810030010,6,失,disqualified,上野雅彦,,,,,赤板過接触
5520230810040003,1,落,crash,藤井準也,,,,,
5520230810040003,5,落,crash,吉村和之,,,,,
5520230810040003,2,失,disqualified,三好恵一郎,,,,B,
5520230810040005,8,欠,absent,桶谷明誉,,,,,
5520230904020003,5,欠,absent,田中弘章,,,,,当日欠場で
5520230904030003,5,落,crash,真田晃,,,,,
5520231005020003,5,欠,absent,宮本龍一,,,,,
5520231009010010,2,落,crash,藤田竜矢,,,,S,バック接触
5520231009010010,6,落,crash,高峰賢治,,,,,Ｂ乗り上げ
5520231009020002,7,故,accident_finish,亀井道佳,,,,,ジカ競負け
5520231014010006,6,失,disqualified,菅原ななこ,,,,,不注意落失
5520231023030003,7,失,disqualified,田川辰二,,,,,
5520231023030011,3,落,crash,山本浩成,,,,,
5520231023030011,7,落,crash,古川貴之,,,,,
5520231023030011,2,失,disqualified,滝本泰行,,,,,
5520231128020003,4,落,crash,犬塚貴之,,,,,赤板過落車
5520231128020003,7,落,crash,佐藤清之,,,,,赤板過落車
5520231128020012,7,失,disqualified,照井拓成,,,,,鐘前接触し
5520231210010002,2,落,crash,坂田学,,,,,鐘４接触落
5520240111010008,9,落,crash,木村皆斗,,,,,叩かれ落車
5520240111020007,1,落,crash,池野健太,,,,,番手掬われ
5520240111020007,9,落,crash,山形一気,,,,,目標捲れず
5520240111030008,6,落,crash,田中陽平,,,,,前落車乗上
5520240111030008,3,失,disqualified,野田源一,,,,,２角で落車
5520240111040011,4,落,crash,坂本修一,,,,,
5520240219030002,2,落,crash,渡邉泰夫,,,,,
5520240219030002,5,落,crash,取鳥敬一,,,,,
5520240219030002,4,失,disqualified,辻本兼市,,,,,
5520240315010006,5,失,disqualified,古閑良介,,,,,
5520240315020002,2,落,crash,西田潤,,,,S,
5520240315020002,1,失,disqualified,金辺雄介,,,,,
5520240404020002,1,落,crash,高谷雅彦,,,,S,乗上げ落車
5520240404020002,2,落,crash,池上孝之,,,,,乗上げ落車
5520240404020002,4,落,crash,櫻川雅彦,,,,,捲も不利受
5520240404020002,5,落,crash,大崎智久,,,,,接触し落車
5520240404020002,7,失,disqualified,平石浩之,,,,,斜行し失格
5520240404020007,4,落,crash,大木雅也,,,,,打鐘前落車
5520240404030004,1,落,crash,吉田篤史,,,,S,
5520240506010009,2,落,crash,水野悟志,,,,,３半挟まれ
5520240506010009,3,落,crash,宮司周郎,,,,,３半煽り受
5520240506010011,2,失,disqualified,山田和巧,,,,,併走押上げ
5520240506020010,4,落,crash,北村貴幸,,,,,落車巻込れ
5520240506020010,5,落,crash,四宮哲郎,,,,,前にハウス
5520240506020010,7,落,crash,佐々木祐太,,,,,追突され落
5520240506030001,6,失,disqualified,木村元信,,,,,
5520240515010007,5,落,crash,清水剛志,,,,,Ｂ接触落車
5520240515010011,3,落,crash,青井賢治,,,,,コース失敗
5520240515020001,3,落,crash,増田鉄男,,,,,番手取るが
5520240515020001,7,落,crash,山田哲也,,,,,接触し落車
5520240515020011,3,失,disqualified,橋本強,,,,,Ｇ前押上げ
5520240523010001,3,落,crash,越智展孝,,,,,
5520240523010001,4,落,crash,松本卓也,,,,,
5520240523010003,3,落,crash,船曳義之,,,,,
5520240523010003,4,落,crash,日浦崇道,,,,,
5520240523010003,5,失,disqualified,宮崎康司,,,,S,
5520240623020005,2,欠,absent,長田祐弥,,,,,
5520240727020003,6,落,crash,竹澤雅也,,,,B,先行捲られ
5520240727020004,4,欠,absent,三ッ井武,,,,,当日欠場
5520240727020010,6,落,crash,古賀勝大,,,,S,押圧されて
5520240727020010,5,失,disqualified,芦澤大輔,,,,,押圧し３失
5520240727030002,3,失,disqualified,飯田威文,,,,S,
5520240831010011,6,欠,absent,三浦綾,,,,,
5520240831020003,3,欠,absent,荻原寿嗣,,,,,
5520240928030012,1,失,disqualified,布居大地,,,,S,
5520241008010002,4,落,crash,堀勝政,,,,,先手策乗上
5520241008010002,6,落,crash,服部竜二,,,,,前故障追突
5520241008010002,2,失,disqualified,山崎光展,,,,S,斜行故障落
5520241015010003,2,落,crash,山城光央,,,,,３半絡み落
5520241015020001,3,失,disqualified,村上順規,,,,,切り換え策
5520241015020005,7,失,disqualified,葉狩伸泰,,,,,追走阻まれ
5520241031010007,7,失,disqualified,辻本兼市,,,,,
5520241031020001,1,欠,absent,齋藤昌太,,,,,
5520241111020001,6,欠,absent,安部龍文,,,,,
5520241111030008,5,落,crash,藤岡隆治,,,,,
5520241125010001,6,失,disqualified,相良勝美,,,,,内掬れ離れ
5520241125010002,6,失,disqualified,栗原稔貴,,,,,踏出し離れ
5520241125020002,4,失,disqualified,小原伸哉,,,,,切り逃され
5520241125030012,2,落,crash,富永益生,,,,S,
5520241208030002,2,欠,absent,中西司,,,,,
5520241213010002,6,失,disqualified,倉田紘希,,,,,中団伸びず
5520241213010003,4,落,crash,渡邉泰夫,,,,,直線で不利
5520241213010003,1,失,disqualified,藤原夏志,,,,SB,４角で蛇行
5520241213010008,3,落,crash,松永真太,,,,,後方共倒れ
5520241213030001,1,落,crash,西島貢司,,,,,
5520241213030001,4,落,crash,時松正,,,,,
5520241213030001,6,落,crash,大山泰伸,,,,,
5520241213030003,4,落,crash,木幡幸仁,,,,,
5520241213030006,6,欠,absent,吉田りんご,,,,,
5520250110010006,2,落,crash,岡田征陽,,,,S,絡み直線落
5520250110010006,8,落,crash,小嶋敬二,,,,,落車巻込れ
5520250110020001,3,落,crash,岡本総,,,,,前不発落車
5520250110020001,8,落,crash,桶谷明誉,,,,,直線で落車
5520250110020005,6,落,crash,佐々木省司,,,,,位置奪われ
5520250110020005,7,落,crash,鷲田幸司,,,,,競合い離れ
5520250110020009,3,失,disqualified,伏見俊昭,,,,,直線内追抜
5520250110020011,4,失,disqualified,堀江省吾,,,,,牽制押上げ
5520250110030001,3,落,crash,小堺浩二,,,,,叩れ妨害受
5520250110030001,1,失,disqualified,水森湧太,,,,SB,叩き斜行し
5520250110030010,4,失,disqualified,柏野智典,,,,,斜行し失格
5520250110040005,4,故,accident_finish,武藤篤弘,,,,,
5520251208020002,3,欠,absent,松岡慶彦,,,,,当日欠場
5520251208020002,1,故,accident_finish,藤原義浩,,,,,３角で接触
5520251208020007,1,落,crash,秋末蓮,,,,S,押圧されて
5520251208020007,3,落,crash,小林史也,,,,,乗上げ落車
5520251208020007,7,失,disqualified,大橋徹,,,,,押圧し２失
5520251220010004,4,失,disqualified,福田真平,,,,,内抜き失格
5520251220020004,3,落,crash,宇佐見裕輝,,,,,捲り張られ
5520260109010004,1,落,crash,尾形鉄馬,,,,S,落車棄権
5520260109010004,8,落,crash,山根将太,,,,,落車棄権
5520260109020006,7,故,accident_finish,武田豊樹,,,,,事故棄権
5520260109020006,8,故,accident_finish,相川永伍,,,,,事故棄権
5520260109020009,4,落,crash,小玉拓真,,,,,落車棄権
5520260109020009,9,失,disqualified,松本貴治,,,,,押上げ失格
5520260109030001,1,落,crash,佐伯翔,,,,,落車棄権
5520260109040010,4,失,disqualified,海老根恵太,,,,,
5520260109040010,2,故,accident_finish,東口善朋,,,,,
5520260202030006,2,落,crash,飯田憲司,,,,,
5520260218030008,6,欠,absent,内田淳,,,,,
5520260228010003,1,落,crash,油谷蒼,,,,B,
5520260228020003,1,故,accident_finish,鈴木謙二,,,,S,
5520260228020004,5,欠,absent,原真司,,,,,
5520260228020008,7,落,crash,福島武士,,,,,
5520260312010002,6,欠,absent,黒木誠一,,,,,
5520260312020001,2,,unknown_exception,松木竜也,,,,,
5520260312020001,4,,unknown_exception,中村敏之輔,,,,,
5520260312020001,5,,unknown_exception,平川公一,,,,,
5520260312020001,6,,unknown_exception,薮田貴幸,,,,,
5520260312020001,1,欠,absent,田崎良太郎,,,,,
5520260312020001,3,欠,absent,藤本龍也,,,,,
5520260312020004,6,失,disqualified,伊藤嘉浩,,,,S,
5520260312020005,4,落,crash,南蓮,,,,,
5520260317010005,4,落,crash,宮司周郎,,,,,
5520260423020004,1,落,crash,小林史也,,,,,
5520260423020005,4,落,crash,植木和広,,,,,
5520260423030001,5,欠,absent,中山遼太郎,,,,,
5520260517010011,3,落,crash,菅原晃,,,,,
5520260517010011,4,落,crash,杉山悠也,,,,,
5520260601020001,1,欠,absent,早坂道義,,,,,
5520260623010006,2,落,crash,渡邉雄太,,,,,
5520260623030012,2,失,disqualified,松坂洋平,,,,,
2120230607010004,4,落,crash,本田拓也,,,,,遅れて妨受
2120230607010004,2,失,disqualified,富安保充,,,,,位置取斜行
2120230607010009,7,落,crash,阿部拓真,,,,,掬われ競負
2120230607030002,5,落,crash,吉田昌弘,,,,S,
2120230619010003,5,失,disqualified,渡辺馨,,,,,内圏線踏切
2120230619020002,3,落,crash,鈴木裕斗,,,,S,接触し落車
2120230619020002,5,落,crash,三澤勝成,,,,,乗上げ落車
2120230619020002,7,失,disqualified,森山昌昭,,,,,斜行し３失
2120230619030004,5,落,crash,藤原義浩,,,,,
2120230619030004,7,落,crash,松尾正人,,,,,
2120230703020005,5,失,disqualified,内藤敦,,,,,木村浩共倒
2120230716010002,3,失,disqualified,曽我部匡史,,,,,
2120230716010004,5,失,disqualified,木村健司,,,,,
2120230716010004,6,失,disqualified,中山善仁,,,,,
2120230716020006,6,落,crash,岡田雅也,,,,,
2120230722020002,7,欠,absent,亀井道佳,,,,,
2120230722020005,6,落,crash,渡辺聖,,,,,
2120230801020008,3,落,crash,田頭寛之,,,,,
2120230801020008,4,失,disqualified,中野智公,,,,,
2120230801030006,5,失,disqualified,神山尚,,,,,
2120230825020007,7,落,crash,牧田悠生,,,,,捲り妨害受
2120230825020007,2,失,disqualified,三宅旬,,,,,牽制斜行し
2120230825020010,2,故,accident_finish,伊藤大彦,,,,,混戦挟まれ
2120230903010002,2,失,disqualified,菅藤智,,,,,内抜き１失
2120230903020001,2,落,crash,白崎芳典,,,,,後輪破損で
2120230903020001,4,落,crash,多田司,,,,,絡んで落車
2120230903020001,6,落,crash,飯島亮,,,,,絡んで落車
2120230903020002,1,落,crash,西田潤,,,,,接触し落車
2120230916010001,6,落,crash,山本淳,,,,,接触し落車
2120230916020011,1,失,disqualified,飯野祐太,,,,,追わず内入
2120230921030012,5,落,crash,佐々木眞也,,,,,
2120230921030012,7,失,disqualified,渡部幸訓,,,,,
2120230928010009,3,欠,absent,永井哉多,,,,,当日欠場
2120230928010009,6,失,disqualified,瀧野勝太,,,,,Ｂでハウス
2120230928020008,7,失,disqualified,平田徹,,,,,目標捲れず
2120231006020006,2,欠,absent,島田竜二,,,,,当日欠場
2120231006020006,3,落,crash,金成和幸,,,,,内追上げ落
2120231006020006,7,失,disqualified,大澤雄大,,,,,内進入失格
2120231006030004,1,落,crash,花田将司,,,,,
2120231006030004,5,失,disqualified,近藤範昌,,,,,
2120231019010002,1,落,crash,武藤龍生,,,,,前に乗上げ
2120231019010002,9,落,crash,佐々木悠葵,,,,,好位外出も
2120231019010004,9,落,crash,香川雄介,,,,,３半乗上げ
2120231019010004,8,失,disqualified,重倉高史,,,,,踏上突込む
2120231019010011,2,失,disqualified,山田庸平,,,,,競合い押圧
2120231019020005,5,故,accident_finish,香川雄介,,,,,アンコ接触
2120231019030004,5,落,crash,椎木尾拓哉,,,,,殿尻内突込
2120231113010004,5,失,disqualified,望月湧世,,,,B,ＹＬ踏切り
2120231113020007,4,欠,absent,刈込奈那,,,,,当日欠場
2120231113020011,2,故,accident_finish,西村豊,,,,,２角弾かれ
2120240413010001,7,失,disqualified,齊藤由紀,,,,,
2120240413010009,3,落,crash,中井達郎,,,,S,
2120240413010009,5,落,crash,丹波孝佑,,,,,
2120240413010009,7,落,crash,伊藤勝太,,,,,
2120240413010009,2,失,disqualified,寺沼将彦,,,,,
2120240413020001,4,欠,absent,加藤舞,,,,,
2120240425010007,4,落,crash,宮内善光,,,,,
2120240425010011,1,落,crash,深澤伸介,,,,,
2120240425010011,6,落,crash,石川恭規,,,,,
2120240425010011,7,失,disqualified,太田真一,,,,,
2120240425020010,1,落,crash,佐藤雅彦,,,,,
2120240425020010,2,落,crash,岡本英之,,,,S,
2120240425020010,4,落,crash,小林申太,,,,,
2120240425030008,5,欠,absent,尾崎悠生,,,,,
2120240513030011,6,失,disqualified,戸邉捺希,,,,,
2120240614020010,1,落,crash,佐々木眞也,,,,S,押圧され落
2120240614020010,7,落,crash,佐藤和也,,,,,乗上げ落車
2120240614020010,2,失,disqualified,金子幸央,,,,,押圧し３失
2120240614020012,2,失,disqualified,川越勇星,,,,,絡んで落車
2120240619020003,5,落,crash,平野想真,,,,S,押込れ落車
2120240619020003,4,失,disqualified,邊見祐太,,,,B,叩くも２失
2120240619020007,3,故,accident_finish,梶田舞,,,,,接触し故障
2120240619030003,6,失,disqualified,廣川貞治,,,,,
2120240619030007,5,失,disqualified,田中俊充,,,,,
2120240625010005,6,失,disqualified,菅原洋輔,,,,,
2120240707010005,3,落,crash,伊藤一貴,,,,,
2120240721010006,1,落,crash,荒木伸哉,,,,S,乗り上げて
2120240721010006,2,落,crash,秋山貴宏,,,,,競り合い落
2120240721010006,5,失,disqualified,栗本武典,,,,,内粘り落車
2120240721020005,3,失,disqualified,平山優太,,,,,外振り離れ
2120240729010006,5,落,crash,高津晃治,,,,,
2120240729010006,1,失,disqualified,小林令,,,,S,
2120240729020005,5,失,disqualified,和泉尚吾,,,,,捲追込むが
2120240729030002,2,落,crash,矢田晋,,,,S,中団被って
2120240729030002,7,失,disqualified,渡邊恭典,,,,,矢田を捲ず
2120240824020002,2,欠,absent,白木正彦,,,,,当日欠場
2120240923010009,1,落,crash,今岡徹二,,,,S,接触し落車
2120240923010009,5,落,crash,今野大輔,,,,,接触し落車
2120240923010011,7,失,disqualified,金子幸央,,,,B,誘導を妨害
2120240929030002,3,失,disqualified,細田純平,,,,,
2120241017010009,3,落,crash,神田紘輔,,,,,打鐘で接触
2120241017010010,7,落,crash,平原康多,,,,,鐘４角落車
2120241017020003,2,失,disqualified,桑原大志,,,,,牽制蛇行し
2120241017020011,5,落,crash,三谷竜生,,,,,叩ず降り競
2120241017020011,7,失,disqualified,南修二,,,,,切替掬押上
2120241017020011,9,失,disqualified,吉田拓矢,,,,,押上掬われ
2120241017030007,4,落,crash,小松崎大地,,,,,捲り妨害受
2120241017030007,5,失,disqualified,井上昌己,,,,,牽制斜行し
2120241030010005,5,欠,absent,坂本敏也,,,,,当日欠場
2120241030020007,6,失,disqualified,田中まい,,,,,逃げ捲られ
2120241105020010,3,落,crash,和田圭,,,,S,接触し落車
2120241105030012,2,失,disqualified,新田祐大,,,,S,
2120250425010006,7,落,crash,山本淳,,,,,
2120250425010006,3,失,disqualified,高橋義秋,,,,,
2120250501030005,2,欠,absent,佐藤謙,,,,,
2120250520020012,4,落,crash,藤田勝也,,,,,接触し落車
2120250520020012,2,失,disqualified,杉本正隆,,,,,押上げ２失
2120250527020009,5,落,crash,佐々木和紀,,,,S,
2120250527020009,6,失,disqualified,原真司,,,,,
2120250527020011,2,落,crash,武田亮,,,,S,
2120250610020009,4,落,crash,泉慶輔,,,,,
2120250610030003,2,欠,absent,金子兼久,,,,,
2120250618020003,4,落,crash,内村竜也,,,,,３角乗上げ
2120250618020003,7,落,crash,近藤圭佑,,,,,３角接触し
2120250618030003,2,欠,absent,吉竹雄城,,,,,
2120250710010006,7,失,disqualified,柏野智典,,,,,外牽制落車
2120250710030001,1,落,crash,吉武信太朗,,,,S,張られ落車
2120250710030001,5,落,crash,吉田健市,,,,,目標落乗上
2120250710030001,2,失,disqualified,池田勇人,,,,,捲り張って
2120250710030003,4,落,crash,伊藤慶太郎,,,,,日高併され
2120250801030004,2,欠,absent,藤高千恵,,,,,
2120250801030010,4,失,disqualified,大久保花梨,,,,,
2120250903010004,4,落,crash,鳥越靖弘,,,,,
2120250903010004,7,落,crash,高谷進太郎,,,,,
2120250903010008,3,落,crash,小沼良,,,,,
2120250903020005,1,落,crash,古屋琢晶,,,,S,
2120250927010004,1,故,accident_finish,高橋秀吉,,,,,
2120250927020006,2,落,crash,秋葉大輔,,,,,
2120250927030005,6,落,crash,市村昌樹,,,,,
2120251006010010,1,落,crash,佐藤健太,,,,S,
2120251006010010,5,失,disqualified,山崎芳仁,,,,,
2120251006030012,2,落,crash,山田諒,,,,S,
2120251006030012,3,失,disqualified,三谷将太,,,,,
2120251020010003,2,落,crash,山本恵介,,,,,４角で接触
2120251109020001,7,欠,absent,白木正彦,,,,,当日欠場
2120260422030003,1,落,crash,油谷蒼,,,,S,
2120260422030003,2,落,crash,坂上忠克,,,,,
2120260422030003,3,失,disqualified,鈴木達也,,,,,
2120260504020008,2,故,accident_finish,稲葉一真,,,,,
2120260504030003,1,落,crash,後藤彰仁,,,,,
2120260527010010,3,落,crash,阿部大樹,,,,,
2120260527010010,7,失,disqualified,早坂秀悟,,,,,
2120260527030011,7,失,disqualified,川村峻輝,,,,B,
2120260604020005,3,失,disqualified,榎本光男,,,,,
2120260604020008,1,落,crash,松尾透,,,,S,
2120260604020008,5,落,crash,高久保雄介,,,,,
2120260604020012,7,失,disqualified,諸橋愛,,,,,
2120260612020008,3,失,disqualified,浦川尊明,,,,,
2120260622010001,1,落,crash,有賀高士,,,,,
2120260622020008,2,,unknown_exception,武田憲祐,,,,,
2120260622020008,3,,unknown_exception,板橋慎治,,,,,
2120260622020008,4,,unknown_exception,矢内良和,,,,,
2120260622020008,5,,unknown_exception,近藤圭佑,,,,,
2120260622020008,6,,unknown_exception,中村美千隆,,,,,
2120260622020008,7,,unknown_exception,山本天平,,,,,
2120260622020008,1,欠,absent,若林耕司,,,,,
4820230218030012,1,落,crash,西村光太,,,,S,
4820230218030012,5,落,crash,志田龍星,,,,,
4820230311010006,4,落,crash,中野彰人,,,,,
4820230311010006,5,失,disqualified,水谷将司,,,,,
4820230311020008,2,落,crash,星野辰也,,,,,
4820230311020008,1,失,disqualified,桑名僚也,,,,S,
4820230324010003,3,落,crash,菊池翔,,,,,後方捲不発
4820230324010003,5,失,disqualified,岩見潤,,,,,先制３番手
4820230324010006,5,落,crash,天田裕輝,,,,,絡まれ落車
4820230324010006,7,落,crash,水谷良和,,,,,乗上げ落車
4820230324010006,1,失,disqualified,佐藤壮,,,,,番手を捌く
4820230324020004,7,失,disqualified,笹倉慎也,,,,S,外張り伸び
4820230324020004,3,故,accident_finish,山田和巧,,,,,掬われ離れ
4820230324030010,4,失,disqualified,青森伸也,,,,,
4820230328010002,7,失,disqualified,田崎良太郎,,,,,掬われ押圧
4820230328020001,5,失,disqualified,中村光吉,,,,,飛び付かれ
4820230328020002,2,落,crash,舟元権造,,,,,外併走妨受
4820230328020002,6,落,crash,山本晋平,,,,,鐘４角乗上
4820230328020002,7,失,disqualified,相良勝美,,,,,併走斜行し
4820230328030002,3,欠,absent,落合豊,,,,,
4820230401010006,4,失,disqualified,柴崎俊光,,,,,挟まれ遅れ
4820230401020004,1,故,accident_finish,染谷幸喜,,,,,接触し故障
4820230401020006,4,失,disqualified,宇根秀俊,,,,,不注意落失
4820230412010006,7,失,disqualified,塚本大樹,,,,,押圧し３失
4820230412020002,4,欠,absent,檀雄二,,,,,当日欠場
4820230412020010,3,失,disqualified,阿竹智史,,,,,斜行し１失
4820230412030001,4,落,crash,小浦凪,,,,,
4820230412030001,3,失,disqualified,吉永和生,,,,,
4820230428010003,2,欠,absent,奥森敏,,,,,当日欠場
4820230428010004,1,失,disqualified,芦川大雄,,,,,競負け落車
4820230505030003,1,落,crash,高本美穂,,,,,
4820230515020001,1,欠,absent,下岡優季,,,,,当日欠場し
4820230515020002,5,欠,absent,疋田力也,,,,,当日欠場し
4820230515020006,7,失,disqualified,谷田泰平,,,,,斜行し失格
4820230520010005,3,落,crash,米嶋賢二,,,,,
4820230520010005,5,落,crash,原井剣也,,,,,
4820230520010005,6,落,crash,吉川裕二,,,,,
4820230616010012,5,失,disqualified,藤井準也,,,,,谷に力負け
4820230616020010,4,失,disqualified,大槇大介,,,,,半端下げず
4820230616030009,6,落,crash,桜井雄太,,,,,
4820230616030009,5,失,disqualified,中村翔平,,,,,
4820230629010010,7,欠,absent,橋本瑠偉,,,,,当日欠場
4820230629030006,7,欠,absent,安部達也,,,,,
4820230725020002,2,失,disqualified,樋口奨平,,,,S,
4820230905010002,1,欠,absent,児玉碧衣,,,,,
4820230905020007,5,欠,absent,守安政雄,,,,,
4820230911010008,1,落,crash,真鍋顕汰,,,,,
4820230911010008,6,落,crash,山田純也,,,,,
4820230911010008,4,失,disqualified,小野俊之,,,,,
4820231109010003,9,失,disqualified,金子幸央,,,,,絡れ脚消耗
4820231109030008,9,落,crash,北村信明,,,,,鐘過ぎ落車
4820231109030008,5,失,disqualified,高橋広大,,,,,外張り失格
4820231129010003,2,欠,absent,山中貴雄,,,,,
4820240111010004,5,落,crash,吉田昌弘,,,,,接触し落車
4820240111010004,6,落,crash,渋谷錬,,,,,乗上げ落車
4820240203020001,2,落,crash,高橋京治,,,,,
4820240203020001,3,落,crash,高森圭介,,,,,
4820240220020010,5,失,disqualified,塚本大樹,,,,,
4820240309010003,3,失,disqualified,川田忍,,,,,１着も失格
4820240325020003,5,落,crash,服部竜二,,,,,
4820240325020010,1,落,crash,大瀬戸潤一郎,,,,S,
4820240325020010,3,落,crash,堺文人,,,,,
4820240325020010,5,落,crash,佐藤成人,,,,,
4820240325030009,4,欠,absent,片山弘城,,,,,
4820240408010003,5,失,disqualified,高野輝彰,,,,,
4820240408020010,5,失,disqualified,水書義弘,,,,,
4820240408030004,7,欠,absent,宮澤晃,,,,,
4820240416020010,5,落,crash,坂口晃輔,,,,,接触し落車
4820240416020010,6,落,crash,市橋司優人,,,,,押上げられ
4820240416020010,7,落,crash,湊聖二,,,,,乗上げ落車
4820240416020010,2,失,disqualified,田中誠,,,,,押上げ失格
4820240430020003,1,落,crash,野中祐志,,,,,乗り上げて
4820240430020003,5,落,crash,安倍大成,,,,S,牽制受け落
4820240430020003,4,失,disqualified,三谷政史,,,,,外振り失格
4820240514030005,7,欠,absent,冨岡健一,,,,,
4820240611020001,1,落,crash,池上孝之,,,,,外振接触落
4820240611020001,4,落,crash,大越啓介,,,,,接触し落車
4820240611020005,2,落,crash,工藤政志,,,,,前一緒落車
4820240611020005,6,落,crash,小西芳樹,,,,,落車巻込れ
4820240611020005,7,失,disqualified,菅田謙仁,,,,,番手外落車
4820240611020007,4,欠,absent,神澤瑛菜,,,,,当日欠場で
4820240611030004,1,失,disqualified,藤井將,,,,,
4820240611030006,7,落,crash,和田誠寿,,,,,
4820240620010010,5,落,crash,三好陽一,,,,,先手妨害受
4820240620010010,6,落,crash,塚本勝士,,,,,落避壁追突
4820240620010010,4,失,disqualified,高谷雅彦,,,,,牽制斜行し
4820240620030002,1,失,disqualified,竹野行登,,,,,
4820241006030002,1,落,crash,竹内一暢,,,,S,
4820241006030002,2,落,crash,山崎充央,,,,,
4820241015010012,2,落,crash,大洞翔平,,,,S,掬われ落車
4820241015030007,2,欠,absent,藤木裕,,,,,
4820241107010001,5,落,crash,園田匠,,,,,車体故障し
4820241107010001,2,失,disqualified,白岩大助,,,,,斜行し失格
4820241107010006,2,失,disqualified,佐藤幸治,,,,,前に流込み
4820241107010006,6,失,disqualified,八尋英輔,,,,,ＢＳ最後方
4820241107020001,3,落,crash,山本紳貴,,,,,前追込み策
4820241107020001,6,落,crash,武井大介,,,,,接触し落車
4820241107020008,3,失,disqualified,中島詩音,,,,,不注意落失
4820241107020012,3,落,crash,守澤太志,,,,S,前輪払われ
4820241107020012,6,落,crash,愛敬博之,,,,,乗上げ落車
4820241107020012,9,失,disqualified,眞杉匠,,,,B,押上げ失格
4820241107030004,2,失,disqualified,西岡正一,,,,,内抜き失格
4820241206030010,2,失,disqualified,岩元叶馬,,,,,
4820241221010004,5,失,disqualified,渡邉泰夫,,,,,
4820241221030009,3,落,crash,木村幸希,,,,,
4820241221030009,5,失,disqualified,猪俣康一,,,,,
4820250110010004,1,落,crash,伊東佑晟,,,,S,打鐘乗上げ
4820250110010004,6,落,crash,西川弘資,,,,,乗上げ落車
4820250110010004,2,失,disqualified,辰己豊,,,,,打鐘で過失
4820250110010007,3,欠,absent,吉田りんご,,,,,当日欠場
4820250110020003,6,失,disqualified,川野正芳,,,,,後方最内を
4820250313010012,8,落,crash,北津留翼,,,,,払われ落車
4820250313020008,4,失,disqualified,畝木聖,,,,,接触し落車
4820250313030010,3,失,disqualified,雨谷一樹,,,,,外入し１失
4820250313040004,1,落,crash,筒井裕哉,,,,,
4820250313040004,7,落,crash,塩崎隼秀,,,,,
4820250313040004,8,落,crash,飯田辰哉,,,,,
4820250313040004,9,落,crash,北川大五郎,,,,,
4820250313040005,5,失,disqualified,長谷川飛向,,,,,
4820250324030012,2,失,disqualified,山本勝利,,,,,
4820250329010005,2,落,crash,滝山実,,,,,
4820250329010005,6,落,crash,櫻井宏智,,,,,
4820250329010005,7,失,disqualified,吉川悟,,,,,
4820250407020001,7,失,disqualified,内海雅夫,,,,,内下り故失
4820250407020001,2,故,accident_finish,松尾淳,,,,,接触し故障
4820250407020009,3,落,crash,小沼良,,,,,Ｇ前接触落
4820250407020009,5,落,crash,三好恵一郎,,,,,Ｇ前接触落
4820250407020009,6,落,crash,内田英介,,,,,中突き落車
4820250407020009,4,失,disqualified,神田紘輔,,,,,斜行し１失
4820250511020009,7,失,disqualified,玉手翔,,,,,
4820250511030002,5,失,disqualified,佐藤純嘉,,,,S,
4820250511030002,6,失,disqualified,渡辺福太郎,,,,,
4820250517010002,6,落,crash,藤田和彦,,,,,
4820250517010002,4,失,disqualified,陶器一馬,,,,,
4820250517020003,3,落,crash,岩橋則明,,,,,
4820250517020003,4,落,crash,宮西翼,,,,,
4820250517020003,2,失,disqualified,秋末蓮,,,,B,
4820250523020001,4,欠,absent,平田徹,,,,,当日欠場
4820250523020011,2,落,crash,花田雄飛,,,,,内突き接触
4820250523020011,5,失,disqualified,利川寛太,,,,,こじ開け捲
4820250523030001,2,落,crash,水谷将司,,,,,
4820250523030001,6,失,disqualified,後藤祐貴,,,,S,
4820250531010011,3,落,crash,川口直人,,,,,バック接触
4820250531010011,6,落,crash,肥後尚己,,,,,離れ絡んで
4820250531030005,6,故,accident_finish,塚本瑠羽,,,,,
4820250612020011,9,落,crash,林大悟,,,,,
4820250612020012,3,落,crash,佐方良行,,,,,
4820250612030006,9,落,crash,後藤悠,,,,,単騎内粘り
4820250612040010,9,失,disqualified,元砂勇雪,,,,,
4820250622020001,5,失,disqualified,池上孝之,,,,,
4820250622020004,6,欠,absent,山村慮太,,,,,
4820250705020011,6,落,crash,冨岡健一,,,,,
4820250711010002,5,失,disqualified,倉岡慎太郎,,,,,前ワンツー
4820250725010003,2,落,crash,真田晃,,,,S,
4820250725020006,2,落,crash,山口智弘,,,,,
4820250725020006,4,失,disqualified,和田禎嗣,,,,,
4820250725030007,6,失,disqualified,出口謙一郎,,,,,
4820250805020008,5,落,crash,大西貴晃,,,,,乗上げ落車
4820250805020008,4,失,disqualified,金子真也,,,,,不注意落失
4820250830010005,7,欠,absent,尾崎勝弘,,,,,
4820250830030002,4,欠,absent,岡嶋登,,,,,
4820250830030003,1,落,crash,山本淳,,,,S,
4820250913010003,5,失,disqualified,花村直人,,,,,内併走遅れ
4820250913010005,2,落,crash,木下宙,,,,,鐘４角接触
4820250913010005,5,落,crash,伊藤優里,,,,,３車内併走
4820250913020007,1,落,crash,宇賀神浩幸,,,,,３半乗上げ
4820250913020007,2,落,crash,窪田陽介,,,,S,３半絡んで
4820250913020007,5,落,crash,望月裕一郎,,,,,牽制し接触
4820250930020004,5,落,crash,田中弘章,,,,,
4820250930020004,2,失,disqualified,泉谷元樹,,,,,
4820250930030002,1,落,crash,山田晃久,,,,S,
4820250930030002,3,失,disqualified,田中弘章,,,,,
4820251031040005,4,失,disqualified,藤井栄二,,,,S,
4820251112030005,1,落,crash,名川豊,,,,S,
4820251212020010,7,落,crash,和田健太郎,,,,,遅れ離れて
4820251222010002,7,欠,absent,伊藤健詞,,,,,当日欠場
4820251222010007,3,落,crash,照井拓成,,,,,番手飛付き
4820251222010007,4,落,crash,荒澤貴史,,,,,前捨て乗換
4820251222010012,5,落,crash,山田久徳,,,,,１半接触落
4820251222020002,5,落,crash,戸邉捺希,,,,,Ｂ接触落車
4820251222020002,7,落,crash,山口茂,,,,,Ｂ接触落車
4820251222020002,4,失,disqualified,奥出健士郎,,,,,斜行し１失
4820251222020008,2,落,crash,佐藤康紀,,,,,４角絡んで
4820251222020011,1,落,crash,椎木尾拓哉,,,,,３角接触落
4820260124010002,1,失,disqualified,宮下貴之,,,,,
4820260124010004,1,失,disqualified,油谷蒼,,,,S,
4820260124010007,3,欠,absent,城幸弘,,,,,
4820260124020010,7,落,crash,稲川翔,,,,,
4820260124020010,5,失,disqualified,佐藤和也,,,,,
4820260128020011,5,落,crash,寺師幸成,,,,,
4820260128030002,5,欠,absent,浦野慈生,,,,,
