race_id,entry_count,result_count,diff
1120230413030009,7,6,-1
1120230427010011,7,6,-1
1120230427020006,7,5,-2
1120230427030003,7,4,-3
1120230501020005,7,6,-1
1120230513010007,9,8,-1
1120230513010010,9,7,-2
1120230513020004,9,7,-2
1120230513020006,9,8,-1
1120230513020009,9,8,-1
1120230513030011,9,8,-1
1120230513040004,9,7,-2
1120230513040010,9,8,-1
1120230603020012,7,5,-2
1120230622010010,7,3,-4
1120230622020011,7,5,-2
1120230628020004,7,6,-1
1120230628020005,7,5,-2
1120230628030004,7,6,-1
1120230707030006,7,6,-1
1120230715010009,9,8,-1
1120230721030001,7,6,-1
1120230721030002,7,3,-4
1120230729010001,7,6,-1
1120230729010009,7,5,-2
1120230729030008,7,6,-1
1120230812020001,7,6,-1
1120230812020007,7,6,-1
1120230823010001,7,5,-2
1120230830010004,7,6,-1
1120230830030001,7,4,-3
1120230905010003,7,6,-1
1120230905010004,7,5,-2
1120230905030010,7,5,-2
1120230911020005,7,5,-2
1120230911030002,7,6,-1
1120230926020011,7,5,-2
1120231023010004,7,6,-1
1120231023010006,7,4,-3
1120231023020011,7,5,-2
1120240413030005,7,6,-1
1120240418010007,7,5,-2
1120240423020009,7,5,-2
1120240501010004,7,6,-1
1120240501010007,7,5,-2
1120240501030003,6,4,-2
1120240509030003,7,4,-3
1120240516040002,9,6,-3
1120240516040012,9,7,-2
1120240524010007,7,6,-1
1120240524020006,6,4,-2
1120240524020008,7,5,-2
1120240524030008,7,6,-1
1120240606030012,9,7,-2
1120240606040006,9,6,-3
1120240804010001,7,5,-2
1120240804030002,7,6,-1
1120240810010004,7,5,-2
1120240810020001,6,5,-1
1120240810030008,7,6,-1
1120240819010008,7,5,-2
1120240825010003,7,5,-2
1120240825020003,6,5,-1
1120240912030002,7,6,-1
1120240912030010,7,0,-7
1120240918010005,7,6,-1
1120240923020002,7,6,-1
1120240923030010,7,5,-2
1120241001020001,7,5,-2
1120241001020002,7,4,-3
1120241001020003,7,4,-3
1120241001020011,7,6,-1
1120241018010001,7,5,-2
1120241018010006,7,3,-4
1120241028010008,7,6,-1
1120250416020009,7,6,-1
1120250416030003,7,5,-2
1120250416030008,7,6,-1
1120250502020006,7,6,-1
1120250502030012,7,6,-1
1120250514010001,7,5,-2
1120250519020006,7,5,-2
1120250602010010,7,6,-1
1120250602010011,7,6,-1
1120250607010004,7,6,-1
1120250607020004,7,6,-1
1120250701020006,7,2,-5
1120250701030006,7,5,-2
1120250708020009,7,5,-2
1120250708020010,7,5,-2
1120250713020006,7,4,-3
1120250713020008,7,6,-1
1120250713030008,7,6,-1
1120250722010009,7,6,-1
1120250722020002,7,6,-1
1120250722020004,7,6,-1
1120250722020011,7,6,-1
1120250812010002,9,6,-3
1120250812010003,9,8,-1
1120250812010006,9,8,-1
1120250812020002,9,8,-1
1120250812020003,9,6,-3
1120250812020008,9,8,-1
1120250812060010,9,8,-1
1120250908020003,7,6,-1
1120250908030005,7,6,-1
1120250929030002,7,5,-2
1120250929030005,7,6,-1
1120250929030010,7,5,-2
1120251004030006,7,6,-1
1120251011010001,7,5,-2
1120251011010002,7,6,-1
1120251011010003,7,5,-2
1120251011030006,7,5,-2
1120251023010007,7,6,-1
1120251023010009,7,5,-2
1120251023020008,7,6,-1
1120251023030001,7,4,-3
1120260409010010,7,6,-1
1120260419010004,7,6,-1
1120260425010003,7,1,-6
1120260425030004,7,6,-1
1120260430010004,7,5,-2
1120260430010009,7,5,-2
1120260430020001,7,6,-1
1120260430030010,7,5,-2
1120260507010008,7,6,-1
1120260507020009,7,4,-3
1120260514010007,9,8,-1
1120260514020009,9,8,-1
1120260514030001,9,6,-3
1120260514030012,9,5,-4
1120260523020004,7,5,-2
1120260523020007,7,0,-7
1120260530010002,7,6,-1
1120260530020006,7,6,-1
1120260530030001,5,4,-1
1120260605010004,7,6,-1
1120260605020001,5,3,-2
1120260614010001,7,4,-3
1120260620030003,7,6,-1
1120260620030005,7,5,-2
1220230605020006,7,6,-1
1220230605030004,7,6,-1
1220230610010006,7,0,-7
1220230622020002,7,6,-1
1220230627010003,7,6,-1
1220230627020004,7,6,-1
1220230702010002,7,6,-1
1220230702020002,7,5,-2
1220230702030004,7,4,-3
1220230702030007,7,5,-2
1220230702030011,7,6,-1
1220230709020009,7,5,-2
1220230709030012,7,6,-1
1220230719010005,7,6,-1
1220230724010001,7,6,-1
1220230724020006,7,5,-2
1220230724030002,7,5,-2
1220230730010004,7,5,-2
1220230730030003,6,5,-1
1220230807020001,7,6,-1
1220230807030001,6,4,-2
1220230807030003,7,6,-1
1220230807030012,7,4,-3
1220230812020008,7,6,-1
1220230819010006,7,6,-1
1220230819030004,7,6,-1
1220230819030007,7,6,-1
1220230826010002,7,6,-1
1220230901030008,7,6,-1
1220230915010003,9,8,-1
1220230915020003,9,7,-2
1220230915020007,9,7,-2
1220230915030005,9,8,-1
1220230915030007,9,7,-2
1220230915030009,9,8,-1
1220230915030012,9,8,-1
1220230929020002,7,5,-2
1220231008020003,7,5,-2
1220231020020007,7,5,-2
1220231020030003,7,5,-2
1220231028010002,7,6,-1
1220231028020004,7,4,-3
1220231103010002,7,6,-1
1220231103010003,7,6,-1
1220240511010005,7,6,-1
1220240610010002,7,6,-1
1220240619010005,7,6,-1
1220240619010009,7,6,-1
1220240626010002,7,5,-2
1220240626010003,7,6,-1
1220240704020010,7,6,-1
1220240710020002,7,6,-1
1220240710030009,7,6,-1
1220240716010012,7,5,-2
1220240716020005,7,6,-1
1220240726020001,7,6,-1
1220240726020009,7,4,-3
1220240726020010,7,6,-1
1220240726030005,7,6,-1
1220240726030012,7,5,-2
1220240731020005,7,6,-1
1220240813010008,7,6,-1
1220240813010011,7,6,-1
1220240819030006,7,3,-4
1220240824010002,7,6,-1
1220240824020007,7,6,-1
1220240824030003,7,5,-2
1220240830010005,7,6,-1
1220240904010007,7,6,-1
1220240904030002,6,3,-3
1220240926020002,9,7,-2
1220240926020004,9,8,-1
1220240926020010,9,8,-1
1220240926030006,9,8,-1
1220240926030007,9,6,-3
1220240926030008,9,6,-3
1220240926040008,9,7,-2
1220241015010012,7,5,-2
1220241015020006,7,6,-1
1220241023010010,7,6,-1
1220241023020001,7,5,-2
1220241023020002,7,6,-1
1220241023020011,7,5,-2
1220241023030005,7,6,-1
1220241028020005,7,6,-1
1220241104020001,7,6,-1
1220250412010006,7,4,-3
1220250412020005,7,6,-1
1220250412020008,7,5,-2
1220250507030008,7,6,-1
1220250524020007,9,7,-2
1220250524020008,9,8,-1
1220250605020003,7,6,-1
1220250613010003,7,4,-3
1220250613020004,7,5,-2
1220250613020009,7,5,-2
1220250623030003,7,6,-1
1220250623030007,7,6,-1
1220250623030009,7,4,-3
1220250710010002,7,6,-1
1220250710010007,7,6,-1
1220250710020002,6,5,-1
1220250717010001,7,6,-1
1220250717020012,7,6,-1
1220250723010003,7,5,-2
1220250723030001,6,5,-1
1220250809010003,7,5,-2
1220250809020002,7,6,-1
1220250901010010,7,6,-1
1220250901020006,7,6,-1
1220250911010004,7,6,-1
1220250911030002,7,6,-1
1220250920020002,9,8,-1
1220250920030012,9,8,-1
1220250920040008,9,8,-1
1220250926010001,7,5,-2
1220250926030007,7,5,-2
1220251003010004,7,5,-2
1220251003030002,6,4,-2
1220251008010011,7,6,-1
1220251008030011,7,6,-1
1220251027020011,7,4,-3
1220260412020004,7,5,-2
1220260504010005,7,6,-1
1220260504010007,7,6,-1
1220260504020006,7,5,-2
1220260519020005,7,6,-1
1220260519030005,7,4,-3
1220260528010009,7,5,-2
1220260617010003,7,6,-1
1220260625020005,7,6,-1
1220260625030005,7,5,-2
1320230101010002,6,5,-1
1320230101010005,7,5,-2
1320230101020006,6,4,-2
1320230113030007,7,5,-2
1320230207030005,7,6,-1
1320230313010002,7,6,-1
1320230313010011,7,6,-1
1320230313020008,7,4,-3
1320230325010001,7,6,-1
1320230325010007,7,5,-2
1320230325010009,7,0,-7
1320230325020001,6,5,-1
1320230408010009,7,5,-2
1320230417010006,7,5,-2
1320230417010011,7,4,-3
1320230505020001,7,6,-1
1320230521010002,7,5,-2
1320230521020002,7,6,-1
1320230910010001,7,6,-1
1320230910030006,7,6,-1
1320230918010009,7,0,-7
1320231104010003,7,6,-1
1320231104010009,7,6,-1
1320231113010002,7,4,-3
1320231113020003,7,5,-2
1320231113020009,7,6,-1
1320231113030012,7,6,-1
1320231124010007,7,6,-1
1320231124030006,7,5,-2
1320231214030005,7,6,-1
1320231214030012,7,6,-1
1320231229030004,7,6,-1
1320240116030003,7,6,-1
1320240116030012,7,6,-1
1320240125020005,9,7,-2
1320240125020012,9,8,-1
1320240125030002,9,8,-1
1320240125030005,9,8,-1
1320240125030007,9,8,-1
1320240125030008,9,8,-1
1320240125040010,9,8,-1
1320240217020001,7,4,-3
1320240217020003,7,6,-1
1320240217020006,7,6,-1
1320240301020003,7,5,-2
1320240301030012,7,5,-2
1320240405010004,7,4,-3
1320240405030001,7,6,-1
1320240405030008,7,6,-1
1320240423030002,7,6,-1
1320240430010007,9,8,-1
1320240430020006,9,8,-1
1320240430030001,9,8,-1
1320240430030004,9,7,-2
1320240430030008,9,8,-1
1320240430030009,9,7,-2
1320240430030010,9,8,-1
1320240430040004,9,6,-3
1320240616010003,7,6,-1
1320240616020006,7,6,-1
1320240616030007,7,5,-2
1320240629010001,7,5,-2
1320240629030005,7,6,-1
1320240707010005,7,6,-1
1320240707020002,6,5,-1
1320240707020005,7,5,-2
1320240707020012,7,5,-2
1320240725010001,7,0,-7
1320240725010002,7,0,-7
1320240725020002,7,4,-3
1320240725030007,7,5,-2
1320240808010003,7,6,-1
1320240808010004,7,5,-2
1320240808020001,5,0,-5
1320240808020002,5,0,-5
1320240906020002,7,6,-1
1320240914020012,7,6,-1
1320241113010011,7,6,-1
1320241113020011,7,6,-1
1320241124020003,7,6,-1
1320241130010011,7,6,-1
1320241213020009,7,6,-1
1320241213030011,7,6,-1
1320250104010003,7,5,-2
1320250124020012,7,4,-3
1320250124030010,7,6,-1
1320250201010002,7,6,-1
1320250201010004,7,6,-1
1320250201010007,7,5,-2
1320250201020003,7,5,-2
1320250201020007,7,4,-3
1320250404010004,7,6,-1
1320250428010003,7,6,-1
1320250428030005,7,6,-1
1320250516010005,7,5,-2
1320250516010009,7,6,-1
1320250516020011,7,6,-1
1320250516030007,7,6,-1
1320250629010006,7,6,-1
1320250629010007,7,5,-2
1320250629020004,7,6,-1
1320250629020007,7,5,-2
1320250629030009,7,6,-1
1320250704020009,7,6,-1
1320250704030007,7,5,-2
1320250704030009,7,5,-2
1320250804010008,7,5,-2
1320250804030001,6,5,-1
1320250830010005,7,6,-1
1320250924010002,7,6,-1
1320250924030005,7,6,-1
1320251015020005,7,6,-1
1320251015030002,7,5,-2
1320251114030003,7,5,-2
1320251114030006,7,6,-1
1320251124010007,7,6,-1
1320251124020004,7,6,-1
1320251124020005,7,6,-1
1320251124030001,6,5,-1
1320251130010006,7,6,-1
1320251130020003,7,6,-1
1320251206020002,7,6,-1
1320260103010002,7,6,-1
1320260122010008,9,8,-1
1320260122010012,9,8,-1
1320260122020010,9,8,-1
1320260122030007,9,8,-1
1320260122040010,9,8,-1
1320260309010011,7,4,-3
1320260309030005,7,6,-1
1320260319020009,7,5,-2
1320260404010006,7,5,-2
1320260510010003,7,4,-3
1320260510020008,7,6,-1
1320260510030007,7,5,-2
1320260608020005,7,6,-1
1320260608020007,6,5,-1
1320260608030007,6,5,-1
2120230607010004,7,5,-2
2120230607010009,7,6,-1
2120230607030002,7,6,-1
2120230619010003,7,6,-1
2120230619020002,7,4,-3
2120230619030004,7,5,-2
2120230703020005,7,6,-1
2120230716010002,7,6,-1
2120230716010004,7,5,-2
2120230716020006,7,6,-1
2120230722020002,7,6,-1
2120230722020005,7,6,-1
2120230801020008,7,5,-2
2120230801030006,7,6,-1
2120230825020007,7,5,-2
2120230825020010,7,6,-1
2120230903010002,7,6,-1
2120230903020001,6,3,-3
2120230903020002,7,6,-1
2120230916010001,7,6,-1
2120230916020011,7,6,-1
2120230921030012,7,5,-2
2120230928010009,7,5,-2
2120230928020008,7,6,-1
2120231006020006,7,4,-3
2120231006030004,7,5,-2
2120231019010002,9,7,-2
2120231019010004,9,7,-2
2120231019010011,9,8,-1
2120231019020005,9,8,-1
2120231019030004,9,8,-1
2120231113010004,7,6,-1
2120231113020007,7,6,-1
2120231113020011,7,6,-1
2120240413010001,7,6,-1
2120240413010009,7,3,-4
2120240413020001,7,6,-1
2120240425010007,7,6,-1
2120240425010011,7,4,-3
2120240425020010,7,4,-3
2120240425030008,6,5,-1
2120240513030011,7,6,-1
2120240614020010,7,4,-3
2120240614020012,7,6,-1
2120240619020003,7,5,-2
2120240619020007,7,6,-1
2120240619030003,7,6,-1
2120240619030007,7,6,-1
2120240625010005,7,6,-1
2120240707010005,7,6,-1
2120240721010006,7,4,-3
2120240721020005,7,6,-1
2120240729010006,6,4,-2
2120240729020005,7,6,-1
2120240729030002,7,5,-2
2120240824020002,7,6,-1
2120240923010009,7,5,-2
2120240923010011,7,6,-1
2120240929030002,6,5,-1
2120241017010009,9,8,-1
2120241017010010,9,8,-1
2120241017020003,9,8,-1
2120241017020011,9,6,-3
2120241017030007,9,7,-2
2120241030010005,7,6,-1
2120241030020007,7,6,-1
2120241105020010,7,6,-1
2120241105030012,7,6,-1
2120250425010006,7,5,-2
2120250501030005,7,6,-1
2120250520020012,7,5,-2
2120250527020009,7,5,-2
2120250527020011,7,6,-1
2120250610020009,7,6,-1
2120250610030003,7,6,-1
2120250618020003,7,5,-2
2120250618030003,7,6,-1
2120250710010006,9,8,-1
2120250710030001,8,5,-3
2120250710030003,9,8,-1
2120250801030004,7,6,-1
2120250801030010,7,6,-1
2120250903010004,7,5,-2
2120250903010008,7,6,-1
2120250903020005,7,6,-1
2120250927010004,7,6,-1
2120250927020006,7,6,-1
2120250927030005,7,6,-1
2120251006010010,7,5,-2
2120251006030012,7,5,-2
2120251020010003,7,6,-1
2120251109020001,7,6,-1
2120260422030003,7,4,-3
2120260504020008,7,6,-1
2120260504030003,7,6,-1
2120260527010010,7,5,-2
2120260527030011,7,6,-1
2120260604020005,7,6,-1
2120260604020008,7,5,-2
2120260604020012,7,6,-1
2120260612020008,7,6,-1
2120260622010001,7,6,-1
2120260622020008,7,0,-7
2220230114010002,7,5,-2
2220230128030007,7,6,-1
2220230201010009,7,6,-1
2220230201020004,7,6,-1
2220230201020007,7,3,-4
2220230201030003,7,6,-1
2220230210010010,7,6,-1
2220230210020011,7,6,-1
2220230210030002,7,5,-2
2220230210030008,7,6,-1
2220230210030012,7,6,-1
2220230215010001,7,6,-1
2220230215010002,7,5,-2
2220230224020002,7,5,-2
2220230224020003,7,6,-1
2220230224020004,7,6,-1
2220230224020009,7,4,-3
2220230224030005,6,4,-2
2220230302010003,7,6,-1
2220230302020007,7,5,-2
2220230319020004,7,5,-2
2220230319020005,7,6,-1
2220230329010008,7,6,-1
2220230329020002,7,5,-2
2220230404020005,7,5,-2
2220230419020006,7,5,-2
2220230419020008,7,6,-1
2220230419030005,7,5,-2
2220230504020002,7,6,-1
2220230504030005,7,6,-1
2220230511010003,7,4,-3
2220230517020003,7,6,-1
2220230613020001,7,5,-2
2220230613020007,7,6,-1
2220230629010004,9,7,-2
2220230629020003,9,8,-1
2220230629020006,9,8,-1
2220230629020007,9,8,-1
2220230629020010,9,7,-2
2220230629030007,9,6,-3
2220230629040003,7,6,-1
2220230710010009,7,6,-1
2220230710030001,7,6,-1
2220230710030008,7,3,-4
2220230728010003,7,5,-2
2220230728010008,6,5,-1
2220230728010012,7,6,-1
2220230818010009,7,6,-1
2220230818020003,7,4,-3
2220230818030007,7,6,-1
2220230828010001,7,6,-1
2220230828010007,7,6,-1
2220230828020011,7,6,-1
2220230828030008,7,5,-2
2220230916010012,7,6,-1
2220230916020002,7,6,-1
2220230916030007,7,6,-1
2220231008010012,7,5,-2
2220231008020002,7,6,-1
2220231014010004,7,5,-2
2220231023010005,7,6,-1
2220231101010007,7,6,-1
2220231101020004,7,5,-2
2220231107010002,7,5,-2
2220231107010005,7,5,-2
2220231107030002,7,6,-1
2220231117010001,7,6,-1
2220231117020012,7,6,-1
2220231117030005,7,6,-1
2220231123010005,7,6,-1
2220231123010006,7,0,-7
2220240119020008,7,6,-1
2220240131020003,7,6,-1
2220240218010005,7,6,-1
2220240218010011,7,5,-2
2220240218020003,7,6,-1
2220240218030007,6,5,-1
2220240225010006,7,3,-4
2220240315010005,7,6,-1
2220240315010007,7,6,-1
2220240315020006,7,6,-1
2220240315030006,7,6,-1
2220240329010004,7,4,-3
2220240329010005,7,6,-1
2220240329010012,7,6,-1
2220240329020004,7,6,-1
2220240404020002,7,6,-1
2220240404020007,7,5,-2
2220240404030001,6,5,-1
2220240404030005,7,4,-3
2220240414010003,7,6,-1
2220240414030001,6,5,-1
2220240414030005,7,6,-1
2220240501010002,7,5,-2
2220240523010003,7,6,-1
2220240523010006,7,6,-1
2220240523020002,7,6,-1
2220240523030005,7,5,-2
2220240601010011,9,8,-1
2220240601020009,9,8,-1
2220240816010003,7,5,-2
2220240816010010,7,5,-2
2220240816020005,7,6,-1
2220240816020006,7,6,-1
2220240901010012,7,6,-1
2220240901020008,7,5,-2
2220240901020010,7,6,-1
2220240901030011,7,6,-1
2220240901030012,7,5,-2
2220240914010004,7,6,-1
2220240914010012,7,5,-2
2220240914020002,7,5,-2
2220241111010007,7,6,-1
2220241111030006,7,6,-1
2220241111030007,7,6,-1
2220241204020003,7,6,-1
2220241221010002,7,6,-1
2220250101010001,5,2,-3
2220250123020003,7,6,-1
2220250131010005,7,6,-1
2220250205010005,7,6,-1
2220250205010008,7,5,-2
2220250214010006,7,6,-1
2220250222010008,7,6,-1
2220250222020004,7,4,-3
2220250222030005,7,6,-1
2220250304030002,7,5,-2
2220250321010003,7,6,-1
2220250321020001,7,5,-2
2220250321030010,7,6,-1
2220250327020008,9,7,-2
2220250327020012,9,8,-1
2220250327030005,9,7,-2
2220250327030008,9,6,-3
2220250327030012,9,8,-1
2220250410010011,7,5,-2
2220250410020005,7,6,-1
2220250604020005,7,3,-4
2220250626010003,7,4,-3
2220250702010006,7,6,-1
2220250702020003,7,5,-2
2220250702020010,7,6,-1
2220250803010002,7,5,-2
2220250803020002,7,5,-2
2220250803020006,7,6,-1
2220250812030006,7,6,-1
2220250818010008,7,5,-2
2220250818020005,7,5,-2
2220250818020006,7,5,-2
2220250818030004,6,5,-1
2220250824010005,7,4,-3
2220250824010007,7,5,-2
2220250824030003,6,5,-1
2220250901010005,7,5,-2
2220250930020002,7,6,-1
2220250930030001,7,4,-3
2220250930030006,7,6,-1
2220251015010002,7,6,-1
2220251023010001,9,8,-1
2220251023010002,9,8,-1
2220251023010004,9,6,-3
2220251023010006,9,8,-1
2220251023010012,9,7,-2
2220251023020002,9,7,-2
2220251023020006,9,5,-4
2220251023020007,9,7,-2
2220251023020010,9,8,-1
2220251023030011,9,8,-1
2220251023040006,9,7,-2
2220251023040008,9,7,-2
2220251124010007,7,5,-2
2220251124030001,6,5,-1
2220251208010001,7,6,-1
2220251208020005,7,6,-1
2220251208020011,7,5,-2
2220251208030005,7,6,-1
2220251213010005,7,6,-1
2220251218020001,7,5,-2
2220251227010002,7,6,-1
2220251227010008,7,0,-7
2220251227030009,7,5,-2
2220260102010004,7,5,-2
2220260119020001,7,6,-1
2220260119020010,7,3,-4
2220260207010009,7,6,-1
2220260207020005,7,6,-1
2220260207030003,7,6,-1
2220260207030004,7,6,-1
2220260207030007,7,6,-1
2220260225020002,7,6,-1
2220260225030002,7,5,-2
2220260307010007,7,6,-1
2220260307010008,7,6,-1
2220260307030002,7,6,-1
2220260307030010,7,6,-1
2220260320010009,7,6,-1
2220260320030002,7,6,-1
2220260422010012,7,5,-2
2220260526020007,7,6,-1
2220260526030002,7,6,-1
2220260526030009,7,6,-1
2220260526030010,7,5,-2
2220260603020005,7,6,-1
2220260603020006,7,6,-1
2220260609030012,7,6,-1
2320230101020010,7,6,-1
2320230116020005,7,5,-2
2320230116020009,7,6,-1
2320230116020010,7,4,-3
2320230116030005,7,6,-1
2320230116030007,7,5,-2
2320230217010009,7,6,-1
2320230217020008,7,6,-1
2320230301010009,7,6,-1
2320230301020009,7,5,-2
2320230309020005,7,6,-1
2320230309030002,7,5,-2
2320230309030003,7,6,-1
2320230424020003,7,6,-1
2320230424020005,7,6,-1
2320230424020008,7,6,-1
2320230424020011,7,6,-1
2320230424030004,7,6,-1
2320230626010009,7,5,-2
2320230720010007,7,6,-1
2320230720020001,6,5,-1
2320230720020002,7,6,-1
2320230720030006,7,6,-1
2320230831010001,7,6,-1
2320230925020006,7,6,-1
2320231016030012,7,6,-1
2320231102020008,7,5,-2
2320231109010005,7,6,-1
2320231109020004,7,3,-4
2320231109030007,7,5,-2
2320231129010001,7,6,-1
2320231129020002,7,6,-1
2320231129020003,7,6,-1
2320231129020012,7,6,-1
2320231207030001,7,6,-1
2320231222020003,7,6,-1
2320240112020001,7,5,-2
2320240128010012,7,6,-1
2320240210030004,7,6,-1
2320240321010004,9,6,-3
2320240321020007,9,7,-2
2320240321030008,9,5,-4
2320240321030011,9,6,-3
2320240321030012,9,7,-2
2320240321040006,9,7,-2
2320240410030005,7,6,-1
2320240506010007,7,6,-1
2320240524020004,7,5,-2
2320240627010007,9,7,-2
2320240810010004,7,6,-1
2320240810020002,7,6,-1
2320240810020008,7,0,-7
2320240810020009,7,6,-1
2320240821010001,7,4,-3
2320240821020011,7,5,-2
2320240901030005,7,6,-1
2320241004020005,7,6,-1
2320241112010008,7,5,-2
2320241112020004,7,6,-1
2320241112030012,7,6,-1
2320241122010002,7,4,-3
2320241122010003,7,6,-1
2320241212010004,7,5,-2
2320241221010006,7,6,-1
2320241221010009,7,4,-3
2320241221030004,7,4,-3
2320241227010009,7,6,-1
2320241227010010,7,5,-2
2320241227030011,7,6,-1
2320250112020002,7,6,-1
2320250112020007,7,6,-1
2320250112030003,7,6,-1
2320250112030011,7,6,-1
2320250128010002,7,6,-1
2320250128030006,7,6,-1
2320250228020010,7,6,-1
2320250228030011,7,5,-2
2320250310010012,7,6,-1
2320250310030006,7,6,-1
2320250310030012,7,6,-1
2320250413010005,7,6,-1
2320250422010011,7,6,-1
2320250422020001,7,5,-2
2320250422030003,7,6,-1
2320250504020005,7,6,-1
2320250531010004,9,6,-3
2320250531030009,9,8,-1
2320250614010007,7,5,-2
2320250614020008,7,5,-2
2320250622030001,7,5,-2
2320250717010001,7,4,-3
2320250717020010,7,5,-2
2320250717020011,7,5,-2
2320250804010007,7,5,-2
2320250804020002,6,5,-1
2320250820020006,7,5,-2
2320250820030006,7,5,-2
2320251122010004,7,6,-1
2320251122010005,7,6,-1
2320251122020003,7,5,-2
2320251122030002,6,4,-2
2320251203010011,7,6,-1
2320251203020001,7,6,-1
2320251203020008,7,4,-3
2320251203030011,7,6,-1
2320251209020003,7,5,-2
2320251217010004,7,6,-1
2320251217030005,7,6,-1
2320251224010001,7,0,-7
2320251224010002,7,6,-1
2320251224010004,7,4,-3
2320251224010009,7,6,-1
2320251224030005,7,6,-1
2320260112010011,7,4,-3
2320260112020008,6,5,-1
2320260112030009,7,6,-1
2320260126010005,7,5,-2
2320260217010006,7,6,-1
2320260217010008,7,6,-1
2320260225030007,7,6,-1
2320260312010009,9,7,-2
2320260312020003,9,7,-2
2320260312020008,9,7,-2
2320260312030004,9,6,-3
2320260319020001,7,6,-1
2320260319020006,7,6,-1
2320260319030006,7,5,-2
2320260324010012,7,6,-1
2320260324030011,7,6,-1
2320260414020011,7,5,-2
2320260414030007,7,6,-1
2320260419010001,7,5,-2
2320260430020002,7,6,-1
2320260430020003,7,6,-1
2320260430030007,7,6,-1
2320260508030003,7,5,-2
2320260508030012,7,5,-2
2320260613020001,7,5,-2
2420230111010005,7,6,-1
2420230111010008,7,5,-2
2420230111020010,7,3,-4
2420230122020003,7,6,-1
2420230122030004,7,6,-1
2420230205010002,7,5,-2
2420230205020001,7,6,-1
2420230205020003,7,6,-1
2420230322010005,7,5,-2
2420230322020006,7,6,-1
2420230322020012,7,6,-1
2420230322030010,7,6,-1
2420230423010002,7,6,-1
2420230423010005,7,6,-1
2420230423030003,7,6,-1
2420230430010009,7,4,-3
2420230518010003,9,5,-4
2420230518010009,9,8,-1
2420230518020006,9,8,-1
2420230526010002,7,6,-1
2420230526010004,7,5,-2
2420230526020002,7,6,-1
2420230604030001,7,6,-1
2420230604030006,7,6,-1
2420230604030008,7,6,-1
2420230611030009,7,5,-2
2420230726010006,7,6,-1
2420230726020001,6,5,-1
2420230726020002,7,6,-1
2420230726030002,6,5,-1
2420230809010003,7,6,-1
2420230809020001,6,5,-1
2420230815020003,7,4,-3
2420230815020011,7,5,-2
2420230827010002,7,6,-1
2420230827020004,7,6,-1
2420230827020006,7,6,-1
2420230827030002,7,6,-1
2420230912020005,7,6,-1
2420230912020009,7,5,-2
2420230912020011,7,6,-1
2420230923010005,7,4,-3
2420231002010001,7,5,-2
2420231020020006,7,6,-1
2420231020020010,7,6,-1
2420231223020009,7,6,-1
2420240101010010,7,6,-1
2420240101020004,7,5,-2
2420240101020010,7,4,-3
2420240101030005,7,6,-1
2420240113030002,6,5,-1
2420240122010006,7,6,-1
2420240205020009,7,4,-3
2420240317030001,7,5,-2
2420240317030006,7,5,-2
2420240325010011,7,6,-1
2420240325020002,7,6,-1
2420240325020005,7,5,-2
2420240401020001,7,6,-1
2420240401020002,7,6,-1
2420240401020004,7,6,-1
2420240401030004,7,5,-2
2420240401030008,7,6,-1
2420240407020003,7,5,-2
2420240425030005,7,5,-2
2420240503010005,7,6,-1
2420240503020011,7,4,-3
2420240503030004,7,6,-1
2420240503030012,7,6,-1
2420240608030003,7,6,-1
2420240703010005,7,5,-2
2420240703010007,7,6,-1
2420240703020009,7,6,-1
2420240703030011,7,6,-1
2420240719020002,7,6,-1
2420240803020002,7,6,-1
2420240913010004,9,7,-2
2420240913020011,9,7,-2
2420240913030008,9,7,-2
2420241003020003,7,6,-1
2420241003030001,7,6,-1
2420241003030004,7,6,-1
2420241018010012,7,6,-1
2420241206020005,7,3,-4
2420250109020001,7,6,-1
2420250109030005,7,6,-1
2420250109030006,7,4,-3
2420250210010004,7,6,-1
2420250210020011,7,6,-1
2420250217010009,7,6,-1
2420250217010010,7,0,-7
2420250217020005,7,6,-1
2420250217030012,7,5,-2
2420250305010006,7,6,-1
2420250305020003,7,4,-3
2420250305030005,7,6,-1
2420250317010002,7,3,-4
2420250401020005,7,6,-1
2420250422010002,7,6,-1
2420250422020003,7,6,-1
2420250515020004,9,8,-1
2420250515020009,9,8,-1
2420250515030007,9,6,-3
2420250515030012,9,7,-2
2420250609020006,7,6,-1
2420250609020010,7,6,-1
2420250619010004,7,6,-1
2420250808020006,7,6,-1
2420250808020010,7,4,-3
2420250825010003,7,6,-1
2420250825020012,7,6,-1
2420250825030002,7,6,-1
2420250919020008,7,6,-1
2420251014010006,7,5,-2
2420251014010011,7,5,-2
2420251014020002,7,6,-1
2420251014030006,6,5,-1
2420251014030007,7,5,-2
2420251027010009,7,5,-2
2420251027030005,7,6,-1
2420260101010008,7,6,-1
2420260101010012,7,6,-1
2420260101020003,7,5,-2
2420260101020005,7,6,-1
2420260101030001,7,5,-2
2420260131010003,7,6,-1
2420260131010010,7,6,-1
2420260206020001,7,4,-3
2420260214030003,7,5,-2
2420260214030009,7,6,-1
2420260304010003,7,6,-1
2420260304010005,7,6,-1
2420260309040003,7,5,-2
2420260309040004,7,6,-1
2420260309040005,7,4,-3
2420260317010001,7,4,-3
2420260317010004,7,6,-1
2420260317030004,7,6,-1
2420260401030004,7,6,-1
2420260508030007,7,5,-2
2420260521010004,7,5,-2
2420260521010008,7,5,-2
2420260521010012,7,5,-2
2420260521030006,7,4,-3
2420260530020001,8,6,-2
2420260530020012,9,6,-3
2420260609010002,7,5,-2
2420260609010009,7,6,-1
2420260609020002,6,5,-1
2420260621020004,7,6,-1
2420260621030001,7,6,-1
2420260621030002,7,6,-1
2520230119010012,9,8,-1
2520230119030006,9,8,-1
2520230119030007,9,7,-2
2520230119030008,9,8,-1
2520230314010002,7,6,-1
2520230314010003,7,6,-1
2520230314010006,7,6,-1
2520230314020003,7,6,-1
2520230314030008,7,5,-2
2520230324010001,7,6,-1
2520230324020001,6,0,-6
2520230324030005,7,5,-2
2520230717020004,7,5,-2
2520230824020006,7,6,-1
2520230824030006,7,6,-1
2520230915020004,7,6,-1
2520230915020006,7,6,-1
2520230915030001,6,4,-2
2520231003010010,7,5,-2
2520231003020009,7,5,-2
2520231003030008,7,6,-1
2520231015010005,7,3,-4
2520231104010003,7,6,-1
2520231202010008,7,6,-1
2520231202020003,7,5,-2
2520240105010009,9,6,-3
2520240105020001,8,7,-1
2520240105020003,8,5,-3
2520240105030011,9,7,-2
2520240105040010,9,8,-1
2520240121010004,7,6,-1
2520240121010012,7,6,-1
2520240121020001,6,5,-1
2520240121020002,6,5,-1
2520240121030001,6,5,-1
2520240301030002,7,5,-2
2520240301030012,7,6,-1
2520240318030001,7,6,-1
2520240318030002,7,6,-1
2520240415020001,7,6,-1
2520240415020003,7,4,-3
2520240427020001,7,6,-1
2520240427020008,7,6,-1
2520240427030002,7,6,-1
2520240427030012,7,4,-3
2520240514020001,7,6,-1
2520240514020002,7,6,-1
2520240514030005,7,6,-1
2520240527010004,7,6,-1
2520240527020004,7,6,-1
2520240527020005,7,5,-2
2520240608010011,7,6,-1
2520240608030005,7,6,-1
2520240608030009,7,5,-2
2520240719010004,7,4,-3
2520240719030002,7,5,-2
2520240724010005,7,0,-7
2520240724020003,7,6,-1
2520240724020010,7,6,-1
2520240724030012,7,4,-3
2520240918020005,7,5,-2
2520241119030006,7,5,-2
2520241119030010,7,6,-1
2520241204020003,7,5,-2
2520241217010002,7,6,-1
2520241217010003,7,6,-1
2520241217010005,7,6,-1
2520241217010011,7,6,-1
2520241217030003,7,6,-1
2520241217030004,7,6,-1
2520241217030006,7,4,-3
2520241217030007,7,6,-1
2520250116030012,9,6,-3
2520250124010009,7,5,-2
2520250220010001,7,5,-2
2520250313010009,7,5,-2
2520250319010104,7,6,-1
2520250319010111,7,5,-2
2520250319030009,7,6,-1
2520250319040007,7,6,-1
2520250417020007,7,6,-1
2520250417020010,7,6,-1
2520250417030009,7,5,-2
2520250426030002,7,5,-2
2520250524010005,7,4,-3
2520250524020003,7,6,-1
2520250627010002,7,6,-1
2520250627030004,7,5,-2
2520250705010004,7,6,-1
2520250705030007,7,5,-2
2520250815010007,7,5,-2
2520250815010008,7,6,-1
2520250815010010,7,4,-3
2520250911010010,7,0,-7
2520250911020002,7,6,-1
2520250929020006,7,6,-1
2520251010010003,7,6,-1
2520251010030008,7,6,-1
2520251109010004,7,6,-1
2520251109030002,7,6,-1
2520251116010009,7,5,-2
2520251116030010,7,6,-1
2520251116030011,7,5,-2
2520251125020004,7,6,-1
2520251125020005,7,6,-1
2520251125020012,7,5,-2
2520251217020008,7,6,-1
2520251217020012,7,6,-1
2520251217030011,7,5,-2
2520260115010006,9,6,-3
2520260115020009,9,7,-2
2520260115030011,9,5,-4
2520260115040008,9,8,-1
2520260210010006,7,6,-1
2520260210020002,7,6,-1
2520260427010001,7,4,-3
2520260427010007,7,5,-2
2520260427020008,7,6,-1
2520260427020010,7,6,-1
2520260427030005,7,6,-1
2520260522020005,7,6,-1
2520260605020004,7,6,-1
2620230108030006,7,5,-2
2620230108030009,7,6,-1
2620230207010006,7,5,-2
2620230207020006,7,6,-1
2620230220010005,7,6,-1
2620230220020004,7,6,-1
2620230220030001,7,5,-2
2620230227010009,7,5,-2
2620230320010002,7,6,-1
2620230407010003,7,5,-2
2620230413020002,7,5,-2
2620230419020010,7,4,-3
2620230419020012,7,5,-2
2620230425010002,7,6,-1
2620230425010006,7,5,-2
2620230510030003,7,4,-3
2620230516010002,7,5,-2
2620230525020001,7,6,-1
2620230525020007,7,5,-2
2620230525030004,7,6,-1
2620230525030005,7,6,-1
2620230815010004,9,7,-2
2620230815020003,9,8,-1
2620230815030009,9,7,-2
2620230815040009,9,8,-1
2620230815040011,9,5,-4
2620230815050007,9,5,-4
2620230815050009,9,8,-1
2620230815060011,9,8,-1
2620231010010006,6,3,-3
2620231124030004,7,5,-2
2620231208010003,7,6,-1
2620231208010008,7,6,-1
2620231208020005,7,6,-1
2620231216020009,7,6,-1
2620231216030011,7,5,-2
2620231223010012,7,4,-3
2620240116010009,7,5,-2
2620240116020004,7,6,-1
2620240116020006,7,6,-1
2620240204040008,7,6,-1
2620240204040009,7,6,-1
2620240213010005,7,6,-1
2620240213020004,7,3,-4
2620240213030012,7,6,-1
2620240219010005,7,6,-1
2620240219020005,7,6,-1
2620240219030001,6,5,-1
2620240219030007,7,6,-1
2620240226010001,7,5,-2
2620240308010006,7,6,-1
2620240308020008,7,6,-1
2620240308030001,7,4,-3
2620240308030002,7,6,-1
2620240308030004,7,6,-1
2620240314010004,7,5,-2
2620240314010008,7,6,-1
2620240314020001,6,4,-2
2620240405030003,7,6,-1
2620240420010001,9,7,-2
2620240420010010,9,8,-1
2620240420020012,9,7,-2
2620240420030011,9,7,-2
2620240420040001,7,5,-2
2620240520020012,7,6,-1
2620240520030008,7,6,-1
2620240520030012,7,6,-1
2620240615010011,7,5,-2
2620240615020007,7,5,-2
2620240615030002,7,6,-1
2620240622030005,7,6,-1
2620240712020009,7,4,-3
2620240712030004,7,5,-2
2620240712030009,7,6,-1
2620240810010002,7,6,-1
2620240810010004,7,6,-1
2620240810010010,7,4,-3
2620240810020009,7,6,-1
2620240810030005,7,6,-1
2620240822010002,7,6,-1
2620240822020007,7,5,-2
2620240822030001,6,0,-6
2620240822030002,6,0,-6
2620240822030006,7,6,-1
2620240828010007,7,6,-1
2620241007030001,7,6,-1
2620241012010003,7,6,-1
2620241012030001,7,6,-1
2620241021030004,7,5,-2
2620241101010001,7,5,-2
2620241101030005,7,6,-1
2620241129020002,7,6,-1
2620241209010001,7,6,-1
2620241209020002,7,6,-1
2620241209020009,7,6,-1
2620241209030012,7,5,-2
2620241225010005,7,6,-1
2620241225010010,7,5,-2
2620241225020005,7,6,-1
2620250108010005,7,5,-2
2620250108030003,7,6,-1
2620250108030007,7,6,-1
2620250131010003,7,5,-2
2620250213020007,7,5,-2
2620250213020012,7,6,-1
2620250213030001,7,6,-1
2620250226030001,7,6,-1
2620250226030005,7,5,-2
2620250307030008,7,6,-1
2620250325010009,7,6,-1
2620250325030001,7,6,-1
2620250409030001,7,5,-2
2620250510010001,7,6,-1
2620250510020001,7,6,-1
2620250510020003,7,4,-3
2620250804020004,7,5,-2
2620250804020011,7,6,-1
2620250820010002,7,6,-1
2620250820020002,7,6,-1
2620250828010002,9,6,-3
2620250828010005,9,8,-1
2620250828020003,9,8,-1
2620250828020005,9,8,-1
2620250828030010,9,8,-1
2620250904010002,7,6,-1
2620250904020005,7,3,-4
2620250904030005,7,6,-1
2620250918030002,7,6,-1
2620251017020002,7,6,-1
2620251017030002,7,6,-1
2620251028010004,7,6,-1
2620251028020001,7,5,-2
2620251028020004,7,6,-1
2620251028020005,7,5,-2
2620251028020006,7,6,-1
2620251028020008,7,6,-1
2620251028030002,7,6,-1
2620260127020004,7,5,-2
2620260127020009,7,5,-2
2620260127030004,7,6,-1
2620260204010003,7,6,-1
2620260204030004,7,6,-1
2620260215020009,7,0,-7
2620260226010004,7,6,-1
2620260226010007,7,5,-2
2620260226020002,7,6,-1
2620260226030007,7,6,-1
2620260304010006,7,5,-2
2620260304030002,7,5,-2
2620260304030007,7,4,-3
2620260312010004,9,6,-3
2620260312030009,9,6,-3
2620260312040004,9,7,-2
2620260312040006,9,8,-1
2620260312040008,9,8,-1
2620260322010008,7,6,-1
2620260322010009,7,6,-1
2620260409010003,9,7,-2
2620260409020005,9,8,-1
2620260409030011,9,6,-3
2620260409040011,9,7,-2
2620260501010005,7,4,-3
2620260501020002,6,5,-1
2720230101030004,7,5,-2
2720230101030012,7,6,-1
2720230111010003,7,6,-1
2720230111010009,7,6,-1
2720230111020004,7,6,-1
2720230123020005,7,5,-2
2720230123020012,7,5,-2
2720230129010001,7,5,-2
2720230129010004,7,6,-1
2720230129010009,7,4,-3
2720230129030005,7,6,-1
2720230129030008,7,6,-1
2720230204010005,7,6,-1
2720230204010012,7,6,-1
2720230204030008,7,5,-2
2720230221020007,7,5,-2
2720230221020010,7,4,-3
2720230303010001,7,3,-4
2720230303010005,7,6,-1
2720230303010007,7,6,-1
2720230303020002,6,4,-2
2720230303020003,7,6,-1
2720230303020005,7,6,-1
2720230326010008,7,5,-2
2720230326020001,6,3,-3
2720230326030007,7,6,-1
2720230415020002,7,6,-1
2720230415020005,7,6,-1
2720230415030005,7,5,-2
2720230513010003,7,6,-1
2720230513030001,7,6,-1
2720230523010007,7,6,-1
2720230604020003,7,6,-1
2720230604020011,7,6,-1
2720230604030012,7,5,-2
2720230712020003,7,5,-2
2720230712030012,7,6,-1
2720230810040007,9,7,-2
2720230902010004,7,6,-1
2720230902010006,7,5,-2
2720230902020003,7,5,-2
2720230902030006,7,5,-2
2720230929010006,7,3,-4
2720231011010002,7,6,-1
2720231011020005,7,5,-2
2720231028010012,9,7,-2
2720231028020003,9,8,-1
2720231028020006,9,7,-2
2720231028020011,9,7,-2
2720231028040004,9,7,-2
2720231028040008,9,8,-1
2720231126020007,7,6,-1
2720231202010005,7,6,-1
2720231202020005,7,6,-1
2720231202020009,7,6,-1
2720231202030008,7,6,-1
2720231215010009,7,4,-3
2720231215020011,7,6,-1
2720240101010004,7,6,-1
2720240101010006,6,5,-1
2720240101020005,7,6,-1
2720240206010003,7,5,-2
2720240206030008,7,6,-1
2720240227010008,7,6,-1
2720240227010010,7,6,-1
2720240304020004,7,5,-2
2720240429010007,7,6,-1
2720240429010012,7,4,-3
2720240429030002,7,4,-3
2720240429030007,7,6,-1
2720240511030005,7,4,-3
2720240601010007,7,4,-3
2720240705010002,7,5,-2
2720240705010009,7,5,-2
2720240810010001,7,5,-2
2720240810010009,7,6,-1
2720240810020007,7,6,-1
2720240819020002,7,5,-2
2720240819030002,7,6,-1
2720240825030011,7,5,-2
2720240917010004,7,4,-3
2720240917030004,7,4,-3
2720241026010005,9,7,-2
2720241026010007,9,6,-3
2720241026020003,8,5,-3
2720241026030003,6,4,-2
2720241026030008,9,7,-2
2720241026030009,9,8,-1
2720241026030012,9,8,-1
2720241026040009,9,8,-1
2720241102030007,7,4,-3
2720241116020012,7,6,-1
2720241116030007,7,5,-2
2720241130010001,7,6,-1
2720241218020002,7,3,-4
2720250111020007,7,4,-3
2720250127010004,7,6,-1
2720250127020009,7,6,-1
2720250127020010,7,5,-2
2720250210030002,7,5,-2
2720250228010009,7,6,-1
2720250307010009,7,5,-2
2720250413020002,7,6,-1
2720250413020007,7,6,-1
2720250504010003,7,5,-2
2720250504010007,7,5,-2
2720250524010004,7,6,-1
2720250524020001,7,5,-2
2720250524020010,7,6,-1
2720250524020012,7,5,-2
2720250524030003,7,5,-2
2720250524030012,7,6,-1
2720250609010001,7,6,-1
2720250609020002,7,6,-1
2720250609020005,7,6,-1
2720250609030007,7,5,-2
2720250609030011,7,6,-1
2720250616020005,7,6,-1
2720250616020009,7,6,-1
2720250621030007,7,6,-1
2720250714030006,9,8,-1
2720250726020007,9,7,-2
2720250726020012,9,8,-1
2720250731010001,7,5,-2
2720250812010004,7,4,-3
2720250812030001,7,6,-1
2720250812030009,7,6,-1
2720250910020009,7,6,-1
2720251002010005,9,8,-1
2720251002020002,9,8,-1
2720251002020007,9,6,-3
2720251002020010,9,8,-1
2720251002030004,9,8,-1
2720251002030012,9,8,-1
2720251002040009,9,7,-2
2720251002040012,9,6,-3
2720251104010007,7,6,-1
2720251104020010,7,5,-2
2720251104030004,7,6,-1
2720251104030005,7,6,-1
2720251113010005,7,6,-1
2720251113010011,7,6,-1
2720251113020003,7,5,-2
2720251129010004,7,6,-1
2720260109010005,7,5,-2
2720260123020004,7,5,-2
2720260129020004,7,5,-2
2720260301010010,7,6,-1
2720260401010002,7,6,-1
2720260417010010,7,5,-2
2720260417010012,7,3,-4
2720260428020004,7,6,-1
2720260503010002,7,6,-1
2720260503010009,7,6,-1
2720260503020002,7,3,-4
2720260511010007,7,6,-1
2720260511030008,7,5,-2
2720260518020011,7,5,-2
2720260518030010,7,6,-1
2720260610010004,7,6,-1
2720260610020003,7,5,-2
2720260610020011,7,6,-1
2720260617010001,7,0,-7
2720260617020008,7,5,-2
2720260623010003,7,6,-1
2720260623010010,7,5,-2
2820230104010006,9,8,-1
2820230104030002,9,8,-1
2820230104030007,9,8,-1
2820230104030010,9,8,-1
2820230104040006,9,8,-1
2820230104040007,9,8,-1
2820230213010011,7,6,-1
2820230225020004,7,5,-2
2820230315010007,7,6,-1
2820230315020009,7,6,-1
2820230315030007,7,5,-2
2820230405020007,7,6,-1
2820230405030007,7,6,-1
2820230501010006,7,4,-3
2820230501030002,7,6,-1
2820230506010001,7,6,-1
2820230506010004,7,6,-1
2820230506020005,7,5,-2
2820230506020007,7,6,-1
2820230622010005,7,6,-1
2820230622030007,7,6,-1
2820230709020010,7,6,-1
2820230721010001,7,5,-2
2820230806010004,7,6,-1
2820230806010010,7,6,-1
2820230907010002,9,5,-4
2820230907010005,9,7,-2
2820230907020009,9,8,-1
2820230907030004,9,7,-2
2820230907040010,9,7,-2
2820230907040012,9,8,-1
2820231209010005,7,6,-1
2820231209020002,6,5,-1
2820231209020003,7,6,-1
2820231209020007,7,6,-1
2820231209020010,7,6,-1
2820231228020006,9,4,-5
2820240117010010,7,6,-1
2820240117030010,7,6,-1
2820240209010002,7,6,-1
2820240308010009,7,6,-1
2820240308020011,7,5,-2
2820240308030005,6,5,-1
2820240329010001,7,6,-1
2820240329020012,7,5,-2
2820240408010003,7,4,-3
2820240408010009,7,5,-2
2820240408020006,6,5,-1
2820240408020012,7,5,-2
2820240613010004,7,6,-1
2820240613020004,7,3,-4
2820240613020006,7,3,-4
2820240804010004,7,4,-3
2820240804020002,7,6,-1
2820240804020005,7,6,-1
2820240804020008,7,6,-1
2820240830010001,6,3,-3
2820240830010012,7,6,-1
2820240830020004,7,6,-1
2820240830030006,7,4,-3
2820240830030009,7,2,-5
2820240906020005,7,6,-1
2820241001010010,7,6,-1
2820241022010005,7,5,-2
2820241022010011,7,6,-1
2820241108010001,7,6,-1
2820241108030012,7,6,-1
2820241222030007,7,6,-1
2820241228030003,7,6,-1
2820250104010006,9,7,-2
2820250104010009,9,8,-1
2820250104020008,9,6,-3
2820250104030010,9,8,-1
2820250104030011,9,6,-3
2820250122010004,7,6,-1
2820250122010005,7,6,-1
2820250122020011,7,5,-2
2820250225010001,7,6,-1
2820250225020003,7,6,-1
2820250225030001,7,6,-1
2820250328010004,7,6,-1
2820250328030010,7,5,-2
2820250406030003,7,6,-1
2820250418010005,7,6,-1
2820250426020002,7,6,-1
2820250426020006,7,5,-2
2820250426020007,7,6,-1
2820250702010001,7,5,-2
2820250702030002,7,6,-1
2820250702030004,7,6,-1
2820250906010008,7,6,-1
2820250906030005,7,6,-1
2820250906030011,7,6,-1
2820250916010005,7,4,-3
2820250916020004,7,4,-3
2820250924010011,7,6,-1
2820250924010012,7,5,-2
2820250924020008,7,6,-1
2820250924020012,7,6,-1
2820251008030001,6,5,-1
2820251228020003,7,6,-1
2820260104010005,9,8,-1
2820260104020002,9,8,-1
2820260104040001,9,8,-1
2820260104040007,9,6,-3
2820260104040012,9,8,-1
2820260112030006,7,3,-4
2820260119010001,7,5,-2
2820260209010011,7,6,-1
2820260209020012,7,6,-1
2820260307030002,7,6,-1
2820260322010007,7,6,-1
2820260328010004,7,6,-1
2820260328020012,7,6,-1
2820260328030001,7,6,-1
2820260328030008,7,5,-2
2820260328030012,7,5,-2
3120230105010007,7,4,-3
3120230105020003,5,4,-1
3120230105020005,7,5,-2
3120230117010004,7,6,-1
3120230117010009,7,3,-4
3120230130010004,7,6,-1
3120230205010003,7,6,-1
3120230205030001,7,6,-1
3120230205030007,7,1,-6
3120230217010001,7,6,-1
3120230217010005,7,6,-1
3120230217020004,7,4,-3
3120230223020002,7,6,-1
3120230223030010,7,4,-3
3120230223030012,7,5,-2
3120230322010005,7,6,-1
3120230322020007,7,5,-2
3120230322030005,6,3,-3
3120230401010002,7,5,-2
3120230401020002,7,6,-1
3120230401030003,7,3,-4
3120230410010006,7,6,-1
3120230410010012,7,4,-3
3120230410020004,7,5,-2
3120230410020010,7,5,-2
3120230410020011,7,5,-2
3120230428010005,7,6,-1
3120230428030002,7,6,-1
3120230520010004,7,6,-1
3120230520010010,7,5,-2
3120230526010002,7,6,-1
3120230526010005,7,4,-3
3120230526010008,7,5,-2
3120230526030011,7,6,-1
3120230526030012,7,4,-3
3120230601010001,7,6,-1
3120230601030001,7,6,-1
3120230614010001,7,5,-2
3120230614010011,7,6,-1
3120230614030010,7,5,-2
3120230627010008,7,5,-2
3120230704020004,7,6,-1
3120230704030007,7,5,-2
3120230727010001,7,6,-1
3120230727010002,7,5,-2
3120230727010003,7,6,-1
3120230826010005,9,8,-1
3120230826020004,9,7,-2
3120230826020006,9,8,-1
3120230826030005,9,8,-1
3120230908030002,7,5,-2
3120230924010010,7,5,-2
3120230924010011,7,6,-1
3120230924030010,7,5,-2
3120231002020002,7,6,-1
3120231002020008,7,6,-1
3120231020010004,7,4,-3
3120231020020003,7,6,-1
3120231020030004,7,6,-1
3120231025010004,7,4,-3
3120231025010012,7,5,-2
3120231025020010,7,6,-1
3120231025030012,7,6,-1
3120231108010007,7,6,-1
3120231108020002,7,5,-2
3120231121020007,7,5,-2
3120231121030005,7,6,-1
3120231226010008,7,6,-1
3120231226010009,7,5,-2
3120231226010012,7,6,-1
3120240123010001,7,6,-1
3120240123020002,7,6,-1
3120240123020005,7,6,-1
3120240123030010,7,6,-1
3120240128030007,7,6,-1
3120240128030009,7,5,-2
3120240210020002,7,6,-1
3120240210020006,7,6,-1
3120240401020005,7,5,-2
3120240511010004,7,5,-2
3120240511030008,7,6,-1
3120240511030009,7,6,-1
3120240527020009,7,5,-2
3120240527020012,7,5,-2
3120240610030003,7,6,-1
3120240621010004,7,6,-1
3120240621020010,7,6,-1
3120240713010006,9,7,-2
3120240713020008,9,7,-2
3120240713020009,9,7,-2
3120240713020012,9,8,-1
3120240713030006,9,7,-2
3120240801010001,9,6,-3
3120240801010003,9,7,-2
3120240801010004,9,7,-2
3120240801010006,9,7,-2
3120240801010010,9,7,-2
3120240801020002,7,6,-1
3120240801020007,9,8,-1
3120240801030012,9,7,-2
3120240918020008,7,6,-1
3120241015010003,7,6,-1
3120241015010006,7,6,-1
3120241022010002,7,6,-1
3120241022020001,7,6,-1
3120241022030001,7,6,-1
3120241030010007,7,6,-1
3120241030020009,7,5,-2
3120241030030007,7,6,-1
3120241105010002,7,5,-2
3120241105030006,7,5,-2
3120241114020006,7,5,-2
3120241125010003,7,6,-1
3120241125010005,7,6,-1
3120241125010008,7,5,-2
3120241125010010,7,5,-2
3120241125020007,7,6,-1
3120241125030003,7,4,-3
3120241125030009,7,5,-2
3120241216030003,7,6,-1
3120241216030011,7,6,-1
3120241224020002,7,6,-1
3120241224030001,7,6,-1
3120250104010005,7,5,-2
3120250104030002,7,5,-2
3120250129010009,7,6,-1
3120250129020007,7,4,-3
3120250225010005,7,6,-1
3120250327010006,7,5,-2
3120250327030001,7,6,-1
3120250416010003,7,6,-1
3120250416020004,7,6,-1
3120250416020009,7,6,-1
3120250416030001,6,5,-1
3120250422010001,7,6,-1
3120250422010010,7,5,-2
3120250422020001,7,6,-1
3120250422020003,7,5,-2
3120250422030005,7,0,-7
3120250601030005,7,6,-1
3120250616020004,7,6,-1
3120250616020008,7,4,-3
3120250707020001,7,6,-1
3120250707030011,7,6,-1
3120250720020001,6,5,-1
3120250727010003,7,6,-1
3120250727010006,7,6,-1
3120250823010008,9,7,-2
3120250823010009,9,4,-5
3120250823030008,9,8,-1
3120250918020003,7,6,-1
3120250918030006,7,6,-1
3120251126010001,7,5,-2
3120251126030002,7,6,-1
3120251126030005,7,0,-7
3120251126030007,7,6,-1
3120251202010009,7,5,-2
3120251202010012,7,5,-2
3120251202020010,7,5,-2
3120251208020002,7,6,-1
3120251221020009,7,4,-3
3120251221030004,7,5,-2
3120260111030007,7,6,-1
3120260121010011,7,6,-1
3120260121020008,7,5,-2
3120260121030004,7,6,-1
3120260127030003,7,6,-1
3120260204020003,7,5,-2
3120260204020008,7,5,-2
3120260204020010,7,6,-1
3120260204030002,7,6,-1
3120260222010002,7,6,-1
3120260304010002,7,6,-1
3120260316010001,7,6,-1
3120260316020006,7,5,-2
3120260327020007,7,6,-1
3120260416010005,7,4,-3
3120260514010007,7,6,-1
3120260514020007,7,6,-1
3120260531010006,7,6,-1
3120260531010007,7,4,-3
3120260531020007,7,6,-1
3120260531030006,7,0,-7
3120260625010008,7,6,-1
3120260625010010,7,5,-2
3120260625020009,7,6,-1
3120260625020011,7,6,-1
3120260625020012,7,5,-2
3420231007010002,7,6,-1
3420231017010003,7,5,-2
3420231026010003,7,6,-1
3420231026010004,7,5,-2
3420231111010010,7,5,-2
3420231111020001,7,6,-1
3420231118020001,7,6,-1
3420231118020007,7,3,-4
3420231118020008,7,5,-2
3420231118030008,7,6,-1
3420231118030011,7,6,-1
3420231124010005,7,6,-1
3420231124020007,7,6,-1
3420231124030001,7,5,-2
3420231124030002,7,6,-1
3420231206020011,7,5,-2
3420231206020012,7,3,-4
3420231206030001,7,6,-1
3420231213020005,7,6,-1
3420231213030008,7,6,-1
3420231213030009,7,5,-2
3420231226030001,7,6,-1
3420240118010001,9,7,-2
3420240118030005,9,7,-2
3420240118030007,9,7,-2
3420240118030008,9,7,-2
3420240118030010,9,6,-3
3420240126010005,7,6,-1
3420240126020004,7,6,-1
3420240207010004,7,4,-3
3420240224020001,7,6,-1
3420240224020005,7,6,-1
3420240224020009,7,6,-1
3420240224030001,6,5,-1
3420240224030012,7,6,-1
3420240310020001,7,5,-2
3420240310030011,7,6,-1
3420240321010007,7,4,-3
3420240321020008,7,6,-1
3420240321020009,7,5,-2
3420240321020010,7,6,-1
3420240321030004,7,5,-2
3420240321030012,7,6,-1
3420240326020001,7,6,-1
3420240326020011,7,6,-1
3420240404010001,9,8,-1
3420240404010002,9,8,-1
3420240404010007,9,8,-1
3420240404020004,9,8,-1
3420240404030004,9,8,-1
3420240404040008,9,7,-2
3420240503010002,7,5,-2
3420240503030005,7,6,-1
3420240604020003,7,5,-2
3420240613020008,7,6,-1
3420240627010010,7,6,-1
3420240627020010,7,5,-2
3420240716020001,6,5,-1
3420240729030011,7,5,-2
3420240810020004,7,6,-1
3420240810020011,7,4,-3
3420240810030001,6,5,-1
3420240810030002,6,5,-1
3420240820020010,7,6,-1
3420240820030012,7,6,-1
3420240828010009,7,5,-2
3420240828020008,7,6,-1
3420240828030006,7,6,-1
3420240828030007,7,5,-2
3420240929030004,7,6,-1
3420241011010005,9,8,-1
3420241011020011,9,7,-2
3420241011040003,9,6,-3
3420241112030001,7,6,-1
3420241118020001,7,6,-1
3420241130010001,7,6,-1
3420241130010004,7,6,-1
3420241212030006,7,6,-1
3420241222020004,7,5,-2
3420241222020009,7,5,-2
3420241222030009,7,5,-2
3420241222030012,7,6,-1
3420250120020001,7,6,-1
3420250125020004,7,5,-2
3420250125020008,7,5,-2
3420250125030005,7,6,-1
3420250203020010,7,5,-2
3420250203020012,7,5,-2
3420250304010105,7,4,-3
3420250304040001,6,5,-1
3420250304040006,7,4,-3
3420250313010009,7,6,-1
3420250404020003,7,5,-2
3420250419020008,9,8,-1
3420250419030008,9,8,-1
3420250419040006,9,5,-4
3420250419040011,9,8,-1
3420250428030002,7,6,-1
3420250515010009,7,6,-1
3420250515020004,7,5,-2
3420250515020005,7,6,-1
3420250515030009,7,5,-2
3420250515030012,7,4,-3
3420250523030001,7,6,-1
3420250607030004,7,5,-2
3420250625010001,7,6,-1
3420250625010003,7,5,-2
3420250625010004,7,6,-1
3420250625010005,7,5,-2
3420250625020001,7,6,-1
3420250630010006,7,5,-2
3420250630010007,7,3,-4
3420250630030005,7,6,-1
3420250707020003,7,6,-1
3420250716020001,7,6,-1
3420250716030009,7,5,-2
3420250809010011,7,6,-1
3420250809020001,6,5,-1
3420250809030002,6,5,-1
3420250828010001,7,6,-1
3420250828030008,7,6,-1
3420250903030006,7,4,-3
3420250914010001,7,6,-1
3420250914010005,7,4,-3
3420250914010010,7,6,-1
3420250928010001,7,6,-1
3420251003010007,7,5,-2
3420251003020010,7,6,-1
3420251003030006,7,6,-1
3420251010010001,7,3,-4
3420251025020006,7,3,-4
3420251025020009,7,5,-2
3420251025020011,7,4,-3
3420251025030001,7,6,-1
3520230106010011,7,6,-1
3520230106020010,7,5,-2
3520230106030007,7,6,-1
3520230120010002,7,6,-1
3520230120020006,7,6,-1
3520230202010001,7,5,-2
3520230202020007,7,6,-1
3520230202030008,7,6,-1
3520230202030012,7,5,-2
3520230311010003,7,6,-1
3520230311010011,7,6,-1
3520230422010004,7,6,-1
3520230422020002,7,3,-4
3520230502020002,9,7,-2
3520230502020007,9,6,-3
3520230502020008,9,6,-3
3520230502030006,9,8,-1
3520230502030009,9,8,-1
3520230502050002,9,7,-2
3520230502050011,9,8,-1
3520230529020004,7,6,-1
3520230529020008,7,4,-3
3520230616010007,7,6,-1
3520230616030012,7,4,-3
3520230721020008,7,4,-3
3520230721020010,7,5,-2
3520230803020002,7,6,-1
3520230803030004,7,6,-1
3520230914020001,7,6,-1
3520230927030006,7,5,-2
3520231020030006,7,6,-1
3520231106020010,7,5,-2
3520231106020012,7,6,-1
3520231114010007,7,5,-2
3520231114010008,7,6,-1
3520231210010006,7,5,-2
3520231210010012,7,6,-1
3520231210020002,7,6,-1
3520231210020004,7,6,-1
3520231210020011,7,6,-1
3520231210030012,7,5,-2
3520231217010001,7,6,-1
3520240101020002,7,6,-1
3520240101020007,7,6,-1
3520240101020010,7,6,-1
3520240101020011,7,5,-2
3520240101030004,7,5,-2
3520240101040002,6,5,-1
3520240318010006,7,6,-1
3520240318010008,7,6,-1
3520240401020005,7,6,-1
3520240423010007,7,3,-4
3520240428020004,7,6,-1
3520240428020009,7,5,-2
3520240504010002,7,6,-1
3520240510010002,7,6,-1
3520240510010003,7,6,-1
3520240510020005,7,6,-1
3520240510020006,7,6,-1
3520240510020011,7,4,-3
3520240510030011,7,6,-1
3520240719010007,7,6,-1
3520240719010012,7,5,-2
3520240807020002,7,6,-1
3520240813020002,7,5,-2
3520240813020009,9,8,-1
3520240813020011,9,8,-1
3520240813030005,9,8,-1
3520240813030008,9,8,-1
3520240813040009,9,5,-4
3520240813060007,9,7,-2
3520240813060009,9,7,-2
3520240831020001,6,5,-1
3520240915030001,6,5,-1
3520240915030002,7,6,-1
3520240926010002,7,6,-1
3520241006020005,7,5,-2
3520241025010004,7,6,-1
3520241108020010,7,6,-1
3520241209020005,7,5,-2
3520241209030006,7,6,-1
3520250117020003,7,6,-1
3520250117020005,7,6,-1
3520250220020005,7,6,-1
3520250220030001,7,5,-2
3520250301020009,7,6,-1
3520250310010004,7,5,-2
3520250401020012,7,6,-1
3520250401030006,7,5,-2
3520250407020008,7,5,-2
3520250501020004,7,6,-1
3520250501020005,7,6,-1
3520250510010012,9,7,-2
3520250510020007,9,5,-4
3520250510030007,9,8,-1
3520250510040005,9,8,-1
3520250612010003,7,6,-1
3520250612020011,7,6,-1
3520250621010010,7,5,-2
3520250728010003,7,0,-7
3520250728010008,7,5,-2
3520250728020007,7,5,-2
3520250802010002,7,5,-2
3520250815020003,7,5,-2
3520250907010003,7,5,-2
3520250907020005,7,6,-1
3520251013020009,7,5,-2
3520251101010004,7,6,-1
3520251101010010,7,6,-1
3520251101020008,7,5,-2
3520251101030003,7,6,-1
3520251121010001,7,6,-1
3520251121010003,7,6,-1
3520251121020003,7,6,-1
3520251121030008,7,6,-1
3520251202010003,7,4,-3
3520251202030006,7,6,-1
3520251228010002,9,5,-4
3520260108020011,7,6,-1
3520260108030001,7,5,-2
3520260209010006,7,6,-1
3520260209030002,7,6,-1
3520260209030005,7,6,-1
3520260209030007,7,5,-2
3520260329010005,7,6,-1
3520260329020009,7,6,-1
3520260407030001,7,6,-1
3520260423010009,7,6,-1
3520260423020003,7,5,-2
3520260423020010,7,6,-1
3520260423030006,7,5,-2
3520260501010006,9,7,-2
3520260501020005,9,8,-1
3520260501020007,9,8,-1
3520260501020010,9,7,-2
3520260501030010,9,7,-2
3520260501040005,9,8,-1
3520260501050008,9,8,-1
3520260501050009,9,8,-1
3520260501050011,9,7,-2
3520260501060001,9,8,-1
3520260501060004,9,7,-2
3520260522030008,7,6,-1
3520260603010003,7,6,-1
3520260603020003,7,6,-1
3520260619010002,7,6,-1
3520260619020012,7,5,-2
3520260619030002,7,6,-1
3520260619030006,7,6,-1
3520260619030007,7,5,-2
3520260619030008,7,4,-3
3620230102010007,7,6,-1
3620230102030006,7,6,-1
3620230126010004,7,6,-1
3620230126020003,7,6,-1
3620230210010006,7,6,-1
3620230210020003,7,5,-2
3620230217020003,7,5,-2
3620230305010006,7,5,-2
3620230305010011,7,5,-2
3620230305020012,7,6,-1
3620230325030010,7,5,-2
3620230329010004,7,6,-1
3620230413010012,9,8,-1
3620230413020006,9,8,-1
3620230413020010,9,8,-1
3620230413030001,9,8,-1
3620230413030005,9,8,-1
3620230515010008,7,5,-2
3620230515020009,7,5,-2
3620230515030004,7,4,-3
3620230515030012,7,6,-1
3620230705020004,7,6,-1
3620230712030004,7,6,-1
3620230712030011,7,6,-1
3620230717020006,7,6,-1
3620230725010006,7,6,-1
3620230725030005,7,6,-1
3620230731020002,7,5,-2
3620230731020009,7,6,-1
3620230731020011,7,4,-3
3620230731030011,7,6,-1
3620230806020005,7,5,-2
3620230814020001,7,6,-1
3620230814020005,7,6,-1
3620230919010002,7,4,-3
3620230919010010,7,6,-1
3620230919020009,7,6,-1
3620231012020009,9,8,-1
3620231012030003,9,8,-1
3620231012030011,9,7,-2
3620231012030012,9,5,-4
3620231012040002,7,6,-1
3620240110020003,7,4,-3
3620240115010003,7,6,-1
3620240115010007,7,6,-1
3620240115020003,7,5,-2
3620240115030004,7,6,-1
3620240124010001,7,6,-1
3620240124010004,7,6,-1
3620240204020006,7,6,-1
3620240204030002,7,6,-1
3620240210010003,7,5,-2
3620240216010001,7,5,-2
3620240216020003,7,6,-1
3620240216020006,7,5,-2
3620240216030001,6,5,-1
3620240216030003,6,5,-1
3620240216030006,7,6,-1
3620240221010002,7,6,-1
3620240221010005,7,5,-2
3620240221010007,7,5,-2
3620240221020001,7,6,-1
3620240221020005,7,6,-1
3620240221030002,7,6,-1
3620240228010002,7,5,-2
3620240304020007,7,2,-5
3620240309010002,7,6,-1
3620240309030004,7,6,-1
3620240408020002,7,5,-2
3620240408020011,7,5,-2
3620240408030003,7,6,-1
3620240408030011,7,6,-1
3620240413010009,7,6,-1
3620240413020002,7,6,-1
3620240427020005,7,6,-1
3620240427030002,7,6,-1
3620240518010008,7,6,-1
3620240518020006,7,6,-1
3620240522010011,7,6,-1
3620240522020007,6,5,-1
3620240522020008,7,6,-1
3620240522020010,7,5,-2
3620240605010007,7,6,-1
3620240605020001,7,6,-1
3620240605020006,7,5,-2
3620240619030007,7,4,-3
3620240624010006,6,3,-3
3620240624020006,6,5,-1
3620240624020007,7,4,-3
3620240708010012,7,5,-2
3620240708020010,7,6,-1
3620240708020012,7,4,-3
3620240722020001,7,6,-1
3620240727010003,7,6,-1
3620240727030006,6,5,-1
3620240806010002,7,4,-3
3620240806010010,7,5,-2
3620240824020001,8,7,-1
3620240824020002,9,6,-3
3620240824020004,9,8,-1
3620240824020005,9,6,-3
3620240824030005,9,5,-4
3620240824030007,9,8,-1
3620240824030012,9,8,-1
3620240908010005,7,6,-1
3620240908020002,7,6,-1
3620240908030001,7,6,-1
3620240921010008,7,6,-1
3620240921010012,7,5,-2
3620240921020001,7,6,-1
3620240921020005,7,6,-1
3620240921030008,7,6,-1
3620240930020004,7,6,-1
3620240930030001,7,2,-5
3620241007010001,7,6,-1
3620241007020004,7,6,-1
3620241007030002,7,6,-1
3620250930020004,7,6,-1
3620250930030002,7,6,-1
3620251018020003,7,4,-3
3620251106010003,9,8,-1
3620251106040009,9,7,-2
3620251113010009,9,6,-3
3620251113030001,8,7,-1
3620251113030008,9,8,-1
3620251113040006,9,8,-1
3620251119010001,7,6,-1
3620251119010005,7,6,-1
3620251119030002,7,5,-2
3620251119030003,7,5,-2
3620251119030004,7,5,-2
3620251125030005,7,6,-1
3620251207030006,7,4,-3
3620251219010004,7,5,-2
3620251219020006,7,6,-1
3620251224030012,7,5,-2
3620260103010002,7,6,-1
3620260103010007,7,5,-2
3620260125030010,7,6,-1
3620260130020002,7,6,-1
3620260216020001,7,5,-2
3620260216020007,7,6,-1
3620260216030005,7,6,-1
3620260225010009,7,4,-3
3620260225010012,7,6,-1
3620260225020002,7,5,-2
3620260225020004,7,6,-1
3620260303030004,7,6,-1
3620260303030007,7,6,-1
3620260316020003,7,6,-1
3620260316020009,7,6,-1
3620260326010001,7,5,-2
3620260326020003,7,5,-2
3620260326030008,7,6,-1
3620260401010004,7,6,-1
3620260401020002,7,6,-1
3620260401020004,7,4,-3
3620260409010002,6,5,-1
3620260515020010,7,6,-1
3620260515020011,7,6,-1
3620260515030008,7,6,-1
3620260531010003,7,6,-1
3620260531020002,6,5,-1
3620260614010002,7,6,-1
3620260614020004,7,5,-2
3720230108020007,7,6,-1
3720230108030007,7,5,-2
3720230114010008,7,6,-1
3720230114010010,7,6,-1
3720230114020006,6,5,-1
3720230114030001,7,6,-1
3720230122020007,7,6,-1
3720230122030004,7,6,-1
3720230129010001,7,6,-1
3720230216010001,9,7,-2
3720230216010004,9,8,-1
3720230216010011,9,7,-2
3720230216010012,9,8,-1
3720230216020008,9,7,-2
3720230216020009,9,7,-2
3720230216030003,8,7,-1
3720230216030008,9,7,-2
3720230216030011,9,6,-3
3720230216040006,9,5,-4
3720230227020001,7,5,-2
3720230317020008,7,5,-2
3720230404030001,6,5,-1
3720230404030002,7,6,-1
3720230404030005,7,5,-2
3720230418010001,7,6,-1
3720230418020001,7,5,-2
3720230418020005,7,6,-1
3720230418020010,7,6,-1
3720230425010007,7,6,-1
3720230425030003,7,6,-1
3720230508010004,7,6,-1
3720230529010007,7,6,-1
3720230529020003,7,6,-1
3720230529020010,7,3,-4
3720230529030005,6,3,-3
3720230605020009,7,6,-1
3720230605020011,7,6,-1
3720230621020006,7,5,-2
3720230621030007,7,6,-1
3720230621030012,7,5,-2
3720230630020004,7,5,-2
3720230718010003,7,4,-3
3720230718030007,7,6,-1
3720230718030009,7,5,-2
3720230725010003,7,5,-2
3720230818010002,7,6,-1
3720230830010005,7,5,-2
3720230830010007,7,6,-1
3720230830010011,7,6,-1
3720230830020012,7,6,-1
3720230905010009,7,6,-1
3720230905020007,7,6,-1
3720230905030002,7,6,-1
3720230917020006,7,5,-2
3720230917030008,7,5,-2
3720231030020002,7,6,-1
3720231030030005,7,6,-1
3720231120010006,7,6,-1
3720231120030008,7,6,-1
3720231202010006,9,7,-2
3720231202010007,9,5,-4
3720231202020009,9,8,-1
3720231202020011,9,8,-1
3720231202030003,6,4,-2
3720231202030006,9,8,-1
3720231211010003,7,6,-1
3720231211010004,7,6,-1
3720231211020004,7,5,-2
3720231211030001,5,4,-1
3720240106010004,7,6,-1
3720240106010010,7,5,-2
3720240106020003,7,5,-2
3720240106020004,7,6,-1
3720240106020012,7,6,-1
3720240213010005,7,5,-2
3720240213030001,7,6,-1
3720240213030009,7,5,-2
3720240222010006,7,6,-1
3720240314010006,9,7,-2
3720240314010008,9,7,-2
3720240329020002,7,6,-1
3720240329030008,7,6,-1
3720240419010003,7,4,-3
3720240419010006,7,6,-1
3720240419010008,7,6,-1
3720240419020005,6,4,-2
3720240426010008,7,5,-2
3720240426020004,7,6,-1
3720240426020009,7,6,-1
3720240426020012,7,5,-2
3720240426030004,7,6,-1
3720240523020003,7,6,-1
3720240523020006,7,6,-1
3720240523030005,7,6,-1
3720240530020009,7,5,-2
3720240617010007,7,6,-1
3720240617020002,7,6,-1
3720240617020008,7,6,-1
3720240617030010,7,6,-1
3720240622020006,7,5,-2
3720240715010003,7,5,-2
3720240715010006,7,6,-1
3720240715010011,7,6,-1
3720240830010008,7,6,-1
3720240908010005,7,6,-1
3720240908010007,7,6,-1
3720240915010004,7,6,-1
3720241027030006,7,6,-1
3720241102010001,7,5,-2
3720241102010003,7,6,-1
3720241102010007,7,6,-1
3720241122010002,7,6,-1
3720241122020008,7,6,-1
3720241122030005,7,6,-1
3720241207020005,7,6,-1
3720241207020007,7,6,-1
3720241217010001,7,5,-2
3720241217020001,6,5,-1
3720250101010012,7,4,-3
3720250101030010,7,6,-1
3720250222010005,7,5,-2
3720250222010008,7,6,-1
3720250222010010,7,6,-1
3720250310010002,7,6,-1
3720250310010008,7,6,-1
3720250320010006,9,7,-2
3720250320030001,9,7,-2
3720250320030003,9,8,-1
3720250320030008,9,8,-1
3720250405020010,7,5,-2
3720250405030003,7,6,-1
3720250504010003,7,4,-3
3720250504010006,7,5,-2
3720250504010007,7,5,-2
3720250517010008,7,6,-1
3720250517020007,7,6,-1
3720250517030002,7,2,-5
3720250523030003,7,6,-1
3720250523030006,7,5,-2
3720250527010010,7,6,-1
3720250527020005,7,6,-1
3720250527020012,7,3,-4
3720250613020001,7,6,-1
3720250619010003,7,6,-1
3720250619010004,7,6,-1
3720250619030003,7,6,-1
3720251110010010,7,4,-3
3720251110030004,7,6,-1
3720251129010007,7,6,-1
3720251129030001,7,6,-1
3720251206010003,7,6,-1
3720251211010004,9,8,-1
3720251211010005,9,8,-1
3720251211020009,9,7,-2
3720251211030007,9,7,-2
3720251217020011,7,6,-1
3720260116010004,7,6,-1
3720260116020007,7,5,-2
3720260125020006,7,6,-1
3720260125030003,7,4,-3
3720260201010004,7,0,-7
3720260201030004,7,6,-1
3720260207010007,7,6,-1
3720260220010001,7,4,-3
3720260220010012,7,6,-1
3720260220020009,7,6,-1
3720260304030002,7,6,-1
3720260304030008,7,5,-2
3720260304030012,7,5,-2
3720260329010008,7,6,-1
3720260329010011,7,4,-3
3720260329020012,7,6,-1
3720260329030002,7,5,-2
3720260329030007,7,5,-2
3720260402010009,9,7,-2
3720260402010010,9,6,-3
3720260402030004,9,6,-3
3720260413010002,7,6,-1
3720260418010002,7,4,-3
3720260418010011,7,3,-4
3720260418020007,7,6,-1
3720260418020012,7,6,-1
3720260418030001,6,5,-1
3720260428030002,7,4,-3
3720260511020012,7,6,-1
3720260528010007,7,6,-1
3720260528020008,7,6,-1
3720260528030012,7,5,-2
3720260613020005,7,6,-1
3720260613030012,7,6,-1
3820230209020003,9,8,-1
3820230209020004,9,7,-2
3820230209030003,9,8,-1
3820230209030009,9,8,-1
3820230313030002,7,6,-1
3820230313030008,7,4,-3
3820230320020001,7,5,-2
3820230320020010,7,5,-2
3820230320030001,6,5,-1
3820230320030005,7,6,-1
3820230429020006,7,6,-1
3820230429020007,7,5,-2
3820230512010004,7,6,-1
3820230512020002,7,6,-1
3820230512030003,7,6,-1
3820230609010010,7,6,-1
3820230609010012,7,5,-2
3820230609020010,7,5,-2
3820230609030009,7,6,-1
3820230707020003,7,6,-1
3820230707030004,7,6,-1
3820230707030011,7,6,-1
3820230714010002,7,6,-1
3820230714010006,7,6,-1
3820230714010012,7,5,-2
3820230714020001,6,5,-1
3820230812010004,7,6,-1
3820230812010008,7,5,-2
3820230812010010,7,5,-2
3820230825010004,7,6,-1
3820230825010009,7,5,-2
3820230825020006,6,5,-1
3820230825020010,7,4,-3
3820230825030009,7,5,-2
3820230910010007,7,5,-2
3820230910020003,7,6,-1
3820230910020004,7,6,-1
3820230910020005,7,5,-2
3820230910030006,7,6,-1
3820230922020001,6,5,-1
3820230922020002,7,6,-1
3820230922020010,7,5,-2
3820230922030002,6,5,-1
3820230922030012,7,6,-1
3820231005010003,7,6,-1
3820231005020007,7,5,-2
3820231020010004,7,6,-1
3820231020010005,7,6,-1
3820231020020012,7,6,-1
3820231103010003,7,6,-1
3820231103030008,7,4,-3
3820231114020004,7,4,-3
3820231114020009,7,6,-1
3820240112010007,7,5,-2
3820240112020001,7,5,-2
3820240112020010,7,5,-2
3820240112030011,7,5,-2
3820240201020003,9,8,-1
3820240201020006,9,8,-1
3820240201020008,9,8,-1
3820240201020011,9,7,-2
3820240201020012,9,7,-2
3820240201030004,9,8,-1
3820240201030006,9,7,-2
3820240201040005,9,8,-1
3820240201040008,9,7,-2
3820240201040009,9,8,-1
3820241203010001,7,4,-3
3820241212010012,7,5,-2
3820241212030003,7,5,-2
3820241212030004,7,6,-1
3820241212030007,7,6,-1
3820241212030009,7,5,-2
3820241228020003,9,7,-2
3820241228020009,9,8,-1
3820250113020003,7,6,-1
3820250119020012,7,6,-1
3820250119030005,7,6,-1
3820250119030012,7,6,-1
3820250201020001,6,5,-1
3820250201020002,7,6,-1
3820250201030003,6,4,-2
3820250207030001,7,6,-1
3820250207030002,7,6,-1
3820250213010001,9,6,-3
3820250213010008,9,8,-1
3820250213030012,9,8,-1
3820250213040009,9,6,-3
3820250213040011,9,8,-1
3820250307020002,7,6,-1
3820250410020001,7,4,-3
3820250410020003,7,6,-1
3820250410030004,7,6,-1
3820250416030001,6,5,-1
3820250425030002,7,5,-2
3820250425030008,7,5,-2
3820250605030001,7,4,-3
3820250616020004,7,6,-1
3820250616030004,6,5,-1
3820250624020008,7,5,-2
3820250704020001,7,6,-1
3820250711010007,7,5,-2
3820250711020009,7,6,-1
3820250711030010,7,5,-2
3820250729010003,7,6,-1
3820250729030001,6,5,-1
3820250813010002,7,5,-2
3820250813010007,7,5,-2
3820250813010008,7,5,-2
3820250924010002,7,6,-1
3820250924010007,7,6,-1
3820250924020005,7,6,-1
3820251009010005,7,6,-1
3820251009030002,7,5,-2
3820251021020003,7,5,-2
3820251021020008,7,6,-1
3820251123010003,7,5,-2
3820251123030002,7,6,-1
3820251127020009,7,5,-2
3820251220020010,7,4,-3
3820251220020012,7,6,-1
3820260101020006,7,6,-1
3820260101030003,7,6,-1
3820260131010002,7,6,-1
3820260131010007,7,6,-1
3820260131010010,7,6,-1
3820260131020005,7,6,-1
3820260131030003,7,6,-1
3820260131030004,7,6,-1
3820260131030006,7,6,-1
3820260212010002,9,8,-1
3820260212010006,9,7,-2
3820260212020001,9,8,-1
3820260212020009,9,7,-2
3820260212020010,9,8,-1
3820260212030006,9,8,-1
3820260212040008,9,8,-1
3820260301010005,7,6,-1
3820260301030002,6,5,-1
3820260301030007,7,6,-1
3820260310010009,7,6,-1
3820260310020001,7,6,-1
3820260310020008,7,6,-1
3820260323030011,7,5,-2
3820260410020001,6,3,-3
3820260410030004,7,6,-1
3820260421010009,7,6,-1
3820260421010012,7,6,-1
3820260421030001,7,5,-2
3820260524030011,7,6,-1
3820260610010003,7,6,-1
3820260610010008,7,5,-2
3820260610010009,7,6,-1
4220230102020001,7,6,-1
4220230111020005,7,4,-3
4220230116010012,7,6,-1
4220230116020011,7,6,-1
4220230116030005,7,6,-1
4220230206020004,7,5,-2
4220230206020007,7,4,-3
4220230206030002,6,5,-1
4220230214010001,7,6,-1
4220230220010002,7,6,-1
4220230220010011,7,6,-1
4220230220020006,6,4,-2
4220230220030010,7,5,-2
4220230224010003,7,5,-2
4220230309010005,7,4,-3
4220230309010012,7,5,-2
4220230309020003,7,0,-7
4220230406020006,7,6,-1
4220230415010001,7,6,-1
4220230421020001,7,6,-1
4220230421030002,7,6,-1
4220230426010005,7,6,-1
4220230426010012,7,6,-1
4220230426020001,6,5,-1
4220230426020008,7,6,-1
4220230426030003,7,4,-3
4220230426030005,5,2,-3
4220230507010007,7,4,-3
4220230507020004,7,6,-1
4220230507020007,7,6,-1
4220230517020002,7,6,-1
4220230517030009,7,6,-1
4220230522020012,7,5,-2
4220230522030008,7,6,-1
4220230601010001,7,6,-1
4220230601010003,7,6,-1
4220230601020004,7,6,-1
4220230612020006,7,6,-1
4220230612030002,7,6,-1
4220230619010008,7,6,-1
4220230619020010,7,6,-1
4220230624010005,7,5,-2
4220230624010006,7,6,-1
4220230624010011,7,6,-1
4220230704010001,7,5,-2
4220230704010009,7,5,-2
4220230704010010,7,6,-1
4220230704020011,7,6,-1
4220230704030007,6,4,-2
4220230719030007,7,6,-1
4220230727010010,9,8,-1
4220230727020001,8,7,-1
4220230727030004,9,6,-3
4220230727030012,9,8,-1
4220230727040004,9,7,-2
4220230727040005,9,5,-4
4220240121020009,7,6,-1
4220240128010001,7,6,-1
4220240128010002,7,5,-2
4220240128010012,7,6,-1
4220240128020009,7,2,-5
4220240128020010,7,6,-1
4220240128020012,7,6,-1
4220240212030005,7,6,-1
4220240308010002,7,6,-1
4220240308020002,7,4,-3
4220240704010001,7,6,-1
4220240704010006,7,6,-1
4220240704020006,7,6,-1
4220240713010004,7,5,-2
4220240713030005,7,6,-1
4220240816010002,7,6,-1
4220240816010007,7,6,-1
4220240823020003,7,6,-1
4220240823020005,7,6,-1
4220240823030002,6,5,-1
4220240903010008,6,5,-1
4220240903030005,7,6,-1
4220240929030003,7,4,-3
4220241014010007,7,6,-1
4220241101020005,7,3,-4
4220241101030006,7,5,-2
4220241206010003,7,6,-1
4220241210010004,7,6,-1
4220241219010008,7,5,-2
4220241219020002,7,6,-1
4220241219020005,7,6,-1
4220241219030009,7,6,-1
4220241223010009,7,6,-1
4220241223020003,7,4,-3
4220241230010002,7,6,-1
4220250104010005,7,6,-1
4220250117020009,7,4,-3
4220250204010003,7,6,-1
4220250211030008,7,6,-1
4220250301030003,9,7,-2
4220250301040003,9,7,-2
4220250301040007,9,8,-1
4220250325010004,7,6,-1
4220250325010008,7,4,-3
4220250429010002,9,7,-2
4220250429010006,9,7,-2
4220250429020003,9,7,-2
4220250429020010,9,8,-1
4220250429030001,9,5,-4
4220250429030003,9,8,-1
4220250429030007,9,8,-1
4220250429040002,9,8,-1
4220250429040008,9,8,-1
4220250429040010,9,8,-1
4220250429050001,9,8,-1
4220250429050002,9,5,-4
4220250701020004,7,6,-1
4220250710010001,6,5,-1
4220250710010004,7,6,-1
4220250710020005,7,4,-3
4220250818020002,7,6,-1
4220250818020007,7,5,-2
4220250818030006,7,5,-2
4220250818030009,7,5,-2
4220250823020007,7,6,-1
4220250827010005,7,6,-1
4220250827020007,7,4,-3
4220250908020004,7,6,-1
4220250908020005,7,6,-1
4220250908030003,7,5,-2
4220250913020012,7,5,-2
4220250913030004,7,6,-1
4220250923010003,7,5,-2
4220250923010010,7,6,-1
4220251116010004,7,5,-2
4220251116010010,7,5,-2
4220251116020004,7,6,-1
4220251116030006,7,6,-1
4220251122010002,7,6,-1
4220251122010008,7,6,-1
4220251201010010,7,5,-2
4220251201020007,7,6,-1
4220251224020002,6,5,-1
4220251224020004,7,6,-1
4220260210010008,7,5,-2
4220260210010011,7,6,-1
4220260210020006,7,6,-1
4220260210020009,7,6,-1
4220260210030007,7,5,-2
4220260210030008,7,5,-2
4220260214030007,7,6,-1
4220260317020004,7,6,-1
4220260317020005,7,6,-1
4220260317020007,7,6,-1
4220260317020011,7,5,-2
4220260317030002,7,6,-1
4220260325010005,7,5,-2
4220260325030002,7,4,-3
4220260406020009,7,6,-1
4220260406030005,6,4,-2
4220260411010004,7,6,-1
4220260423010002,9,7,-2
4220260423010003,9,7,-2
4220260423010007,9,8,-1
4220260423020007,9,7,-2
4220260423020012,9,7,-2
4220260423030005,9,7,-2
4220260423030007,9,8,-1
4220260423030011,9,7,-2
4220260423040007,9,7,-2
4220260423040008,9,7,-2
4220260423040012,9,8,-1
4220260601010008,7,6,-1
4220260601010009,7,6,-1
4220260601020009,7,6,-1
4220260601020010,7,6,-1
4220260601030004,7,3,-4
4320240125010012,7,5,-2
4320240125020004,7,5,-2
4320240125030005,7,6,-1
4320240201010004,7,6,-1
4320240201020009,7,6,-1
4320240201020011,7,6,-1
4320240201020012,7,6,-1
4320240201030002,6,5,-1
4320240201030007,7,5,-2
4320240209010002,9,6,-3
4320240209010003,9,8,-1
4320240209020011,9,7,-2
4320240209030001,9,8,-1
4320240209040007,9,8,-1
4320240209040008,9,8,-1
4320240225020006,7,6,-1
4320240301030007,7,6,-1
4320240312020004,7,5,-2
4320240317010004,7,3,-4
4320240317010008,7,6,-1
4320240322030010,7,5,-2
4320240420030005,7,6,-1
4320240504010004,7,5,-2
4320240517020005,7,5,-2
4320240524010001,7,6,-1
4320240601010002,7,6,-1
4320240601020007,7,6,-1
4320240601020011,7,6,-1
4320240601030005,7,5,-2
4320240601030007,5,3,-2
4320240613030008,7,6,-1
4320240717020011,7,6,-1
4320240717020012,7,4,-3
4320240722010006,7,6,-1
4320240722020003,7,6,-1
4320240921010003,9,8,-1
4320240921010012,9,8,-1
4320240921020007,9,7,-2
4320240921030002,8,7,-1
4320240921030005,9,6,-3
4320240921030007,9,6,-3
4320241021010006,7,6,-1
4320241111010001,7,6,-1
4320241111010010,7,6,-1
4320241111030005,7,6,-1
4320241118010002,7,6,-1
4320241118010011,7,6,-1
4320241118030004,7,6,-1
4320241122020011,7,6,-1
4320241122030010,7,6,-1
4320241127010008,7,6,-1
4320241127020001,6,5,-1
4320241216010002,7,6,-1
4320241227010003,7,6,-1
4320250114010008,7,4,-3
4320250114030003,7,6,-1
4320250114030008,7,6,-1
4320250205010006,7,5,-2
4320250205020004,7,6,-1
4320250205020005,7,5,-2
4320250205020012,7,6,-1
4320250212020005,7,5,-2
4320250305010001,7,5,-2
4320250305010011,7,6,-1
4320250305020002,7,6,-1
4320250305030001,6,5,-1
4320250413010001,7,4,-3
4320250413010006,7,6,-1
4320250413030001,7,5,-2
4320250508010009,7,5,-2
4320250514010012,7,4,-3
4320250514030012,7,6,-1
4320250601020007,7,5,-2
4320250609020001,6,5,-1
4320250904010009,9,7,-2
4320250904020002,9,7,-2
4320250916020006,7,5,-2
4320250916020009,7,6,-1
4320250916020011,7,5,-2
4320250916030011,7,6,-1
4320250916030012,7,6,-1
4320250922010007,7,4,-3
4320251021030005,7,6,-1
4320251227010002,7,6,-1
4320251227020002,6,5,-1
4320251227020004,7,6,-1
4320260102030005,7,6,-1
4320260107030007,7,4,-3
4320260119030008,7,6,-1
4320260207010004,7,6,-1
4320260207010005,7,5,-2
4320260216020001,7,6,-1
4320260307010005,7,4,-3
4320260307020001,7,6,-1
4320260307030006,7,6,-1
4320260314010012,7,6,-1
4320260314030007,7,3,-4
4320260322030006,7,6,-1
4320260416020008,7,6,-1
4320260427010007,7,5,-2
4320260505010006,7,6,-1
4320260505020005,7,6,-1
4320260505020006,7,5,-2
4320260516010006,7,4,-3
4320260516030009,7,6,-1
4320260604030001,7,6,-1
4320260611020006,9,7,-2
4320260611020012,9,8,-1
4320260611030005,9,7,-2
4320260611040012,9,8,-1
4320260622010006,7,6,-1
4320260622020007,7,4,-3
4420230106030002,6,4,-2
4420230113020001,6,4,-2
4420230113020012,7,6,-1
4420230123020001,7,6,-1
4420230123020102,7,6,-1
4420230201010003,7,6,-1
4420230201020005,7,5,-2
4420230208010005,7,6,-1
4420230213020005,7,6,-1
4420230218020008,7,5,-2
4420230304010001,9,8,-1
4420230304010011,9,8,-1
4420230304020002,9,6,-3
4420230304020006,9,7,-2
4420230304030002,7,6,-1
4420230314010001,7,6,-1
4420230314010003,7,6,-1
4420230314030005,7,6,-1
4420230320010005,7,6,-1
4420230320010006,7,6,-1
4420230320010008,7,5,-2
4420230326010002,7,6,-1
4420230326010006,7,4,-3
4420230326020002,6,5,-1
4420230407020001,6,5,-1
4420230425020001,7,6,-1
4420230425020006,7,5,-2
4420230425030005,7,6,-1
4420230508020012,7,6,-1
4420230508030002,7,6,-1
4420230508030008,7,6,-1
4420230519020005,7,6,-1
4420230519020009,7,6,-1
4420230519020010,7,6,-1
4420230603010002,9,8,-1
4420230603010005,9,8,-1
4420230603030009,9,6,-3
4420230603040009,9,8,-1
4420230610010008,7,6,-1
4420230610030005,6,4,-2
4420230619020002,7,6,-1
4420230701020005,7,5,-2
4420230718030003,7,5,-2
4420230807020002,7,5,-2
4420230807020007,7,6,-1
4420230807020010,7,6,-1
4420230807030007,7,5,-2
4420230920020001,7,6,-1
4420230920020005,7,6,-1
4420231029010006,7,5,-2
4420231029010011,7,5,-2
4420231104020008,7,6,-1
4420231116020004,9,8,-1
4420231116020007,9,8,-1
4420231116040006,9,8,-1
4420231205010001,7,6,-1
4420231205030002,7,5,-2
4420231211010003,7,6,-1
4420231211010006,7,6,-1
4420231211020002,7,6,-1
4420231211030012,7,6,-1
4420231223020006,7,6,-1
4420231223030002,7,6,-1
4420231231020007,7,6,-1
4420231231030003,7,5,-2
4420240107020002,6,3,-3
4420240216010003,7,5,-2
4420240216010009,7,6,-1
4420240222010001,7,6,-1
4420240222010005,7,6,-1
4420240222020009,7,6,-1
4420240222030001,6,5,-1
4420240222030008,7,6,-1
4420240320030002,7,6,-1
4420240326010009,7,6,-1
4420240326020001,7,6,-1
4420240326030009,7,6,-1
4420240401020003,7,6,-1
4420240410020006,7,5,-2
4420240410030001,7,6,-1
4420240419020006,7,6,-1
4420240419030001,7,5,-2
4420240509010006,7,6,-1
4420240509010011,7,6,-1
4420240509020009,7,4,-3
4420240519010003,7,6,-1
4420240519010011,7,6,-1
4420240519020009,7,6,-1
4420240519030009,7,6,-1
4420240605020005,7,6,-1
4420240605030003,7,6,-1
4420240605030008,7,6,-1
4420240605030012,7,5,-2
4420240617030008,7,5,-2
4420240705020006,6,4,-2
4420240705020009,7,6,-1
4420240705030001,6,5,-1
4420240713010002,7,6,-1
4420240713020001,6,4,-2
4420240713020004,7,6,-1
4420241105010001,7,4,-3
4420241105030004,7,6,-1
4420241115020004,7,6,-1
4420241125010004,7,6,-1
4420241125010010,7,5,-2
4420241125020003,7,6,-1
4420241130010007,9,5,-4
4420241130010009,9,6,-3
4420241130020002,8,7,-1
4420241130020012,9,7,-2
4420241130030005,9,6,-3
4420250102030004,7,6,-1
4420250114010004,7,6,-1
4420250114010005,7,6,-1
4420250114030002,6,5,-1
4420250114030010,7,6,-1
4420250225010002,7,6,-1
4420250225010007,7,4,-3
4420250225010011,7,6,-1
4420250225030003,7,6,-1
4420250304020004,7,5,-2
4420250313010003,9,5,-4
4420250313010006,9,8,-1
4420250313020007,9,6,-3
4420250313020011,9,7,-2
4420250329020005,7,5,-2
4420250404020005,7,4,-3
4420250416030001,6,5,-1
4420250508020005,7,6,-1
4420250508030006,7,6,-1
4420250514010002,7,5,-2
4420250514010007,7,5,-2
4420250514030002,6,5,-1
4420250520010012,7,4,-3
4420250520020009,7,5,-2
4420250520020012,7,6,-1
4420250606010008,7,5,-2
4420250606020003,7,6,-1
4420250628010005,7,3,-4
4420250719010006,7,6,-1
4420250719020002,7,6,-1
4420250719020003,7,6,-1
4420250719020004,7,6,-1
4420250719030001,7,6,-1
4420250806020002,7,6,-1
4420250806030006,7,6,-1
4420251112010002,7,6,-1
4420251127020005,7,5,-2
4420251127030008,7,4,-3
4420251127030009,7,6,-1
4420251209010005,7,5,-2
4420251209020001,6,4,-2
4420251215010001,7,6,-1
4420260115030010,7,6,-1
4420260202020002,7,5,-2
4420260202020008,7,4,-3
4420260202020010,7,6,-1
4420260228020004,9,6,-3
4420260228020006,9,8,-1
4420260228020007,9,8,-1
4420260228030006,9,8,-1
4420260228040003,8,7,-1
4420260313010003,7,6,-1
4420260313010004,7,6,-1
4420260313020003,7,6,-1
4420260313030006,7,4,-3
4420260325010010,7,6,-1
4420260325030012,7,6,-1
4420260401020005,7,6,-1
4420260401020007,7,6,-1
4420260401020009,7,4,-3
4420260401030008,7,5,-2
4420260408020007,7,6,-1
4420260413010002,7,5,-2
4420260413010005,7,6,-1
4420260413020009,7,4,-3
4420260413030001,5,4,-1
4420260419020001,6,5,-1
4420260419030002,6,5,-1
4420260513010002,7,6,-1
4420260520010009,7,5,-2
4420260520020004,7,5,-2
4420260525010004,7,5,-2
4420260525010007,7,6,-1
4420260608020002,7,6,-1
4420260625010003,7,6,-1
4420260625020002,7,5,-2
4420260625020004,7,6,-1
4420260625030006,7,6,-1
4520230107010007,6,4,-2
4520230107010010,7,6,-1
4520230107030011,7,3,-4
4520230119010011,7,5,-2
4520230119020003,7,6,-1
4520230119020005,7,6,-1
4520230119030011,7,6,-1
4520230126010008,9,8,-1
4520230126030011,9,7,-2
4520230126030012,9,7,-2
4520230201010010,7,6,-1
4520230201010012,7,5,-2
4520230211020001,7,6,-1
4520230226010002,7,6,-1
4520230226010003,7,5,-2
4520230804010004,7,5,-2
4520230804010005,7,6,-1
4520230804020004,7,6,-1
4520230804020006,7,6,-1
4520230818010004,7,6,-1
4520230818030012,7,5,-2
4520230824010007,7,6,-1
4520230824020004,7,6,-1
4520230824030001,7,0,-7
4520230913010012,7,6,-1
4520230913030008,7,5,-2
4520230913030011,7,6,-1
4520230920020003,7,6,-1
4520230920030004,7,5,-2
4520230928010004,9,8,-1
4520230928030006,9,7,-2
4520230928040012,9,8,-1
4520231008020007,7,6,-1
4520231106010003,7,5,-2
4520231106010005,7,6,-1
4520231106020001,7,6,-1
4520231106020002,7,5,-2
4520231106020009,7,5,-2
4520231106030004,7,6,-1
4520231113010003,7,6,-1
4520231113020002,5,4,-1
4520231113020003,7,5,-2
4520231113020009,7,6,-1
4520231113030001,7,6,-1
4520231120010002,7,6,-1
4520231120030002,7,6,-1
4520231127010011,7,6,-1
4520231127020009,7,3,-4
4520231204010005,7,6,-1
4520231204010006,7,6,-1
4520231204010012,7,6,-1
4520231204020005,7,6,-1
4520231204020006,6,5,-1
4520231204030003,7,6,-1
4520231220010004,7,4,-3
4520231220020005,7,4,-3
4520231220020007,7,6,-1
4520231220030007,7,6,-1
4520240103010003,7,5,-2
4520240103010006,7,5,-2
4520240103020011,7,5,-2
4520240103030010,7,6,-1
4520240116020005,7,6,-1
4520240116030002,7,6,-1
4520240116030007,7,5,-2
4520240217010007,7,4,-3
4520240217010009,7,3,-4
4520240217010012,7,6,-1
4520240217030011,7,6,-1
4520240607010002,7,3,-4
4520240607010009,7,5,-2
4520240607020003,7,6,-1
4520240607020008,7,6,-1
4520240607030003,7,6,-1
4520240624020001,7,5,-2
4520240624020005,7,5,-2
4520240624020006,7,6,-1
4520240710010003,7,5,-2
4520240710010010,7,6,-1
4520240710020003,7,6,-1
4520240725010002,7,6,-1
4520240725010003,7,6,-1
4520240725010011,7,6,-1
4520240725020008,7,5,-2
4520240725030004,7,6,-1
4520240725030012,7,5,-2
4520240807020008,7,6,-1
4520240813020002,7,6,-1
4520240909020010,7,5,-2
4520240909030002,7,6,-1
4520240924010004,7,6,-1
4520240924010006,7,6,-1
4520240930020003,7,5,-2
4520240930030004,7,6,-1
4520241026020006,6,5,-1
4520241118020007,7,6,-1
4520241215010003,7,6,-1
4520241215020009,7,6,-1
4520241231020006,5,4,-1
4520241231020011,7,6,-1
4520250107010004,7,5,-2
4520250107020009,7,5,-2
4520250208020005,7,5,-2
4520250208030007,7,6,-1
4520250221010001,9,8,-1
4520250221030010,9,8,-1
4520250221030012,9,8,-1
4520250221040001,9,8,-1
4520250221040002,9,7,-2
4520250221040010,9,8,-1
4520250321030010,7,5,-2
4520250326010003,7,6,-1
4520250401010004,7,6,-1
4520250401020002,7,6,-1
4520250401030006,7,5,-2
4520250414020001,7,6,-1
4520250414020003,7,6,-1
4520250414030005,6,5,-1
4520250414030007,7,6,-1
4520250505010004,7,5,-2
4520250528010006,7,6,-1
4520250528030001,7,6,-1
4520250528030010,7,4,-3
4520250625020007,7,5,-2
4520250716010002,7,6,-1
4520250716030002,7,6,-1
4520250722010009,7,4,-3
4520250929010002,7,5,-2
4520250929020005,7,6,-1
4520251006020001,7,4,-3
4520251016020007,9,7,-2
4520251016020008,9,8,-1
4520251016040004,9,8,-1
4520251028010006,7,6,-1
4520251112010002,7,6,-1
4520251112020004,7,5,-2
4520251112030011,7,6,-1
4520251130010007,7,6,-1
4520260102010012,7,6,-1
4520260102030005,7,6,-1
4520260117010001,7,6,-1
4520260117010004,7,5,-2
4520260117030009,7,6,-1
4520260223010010,7,6,-1
4520260223020003,7,6,-1
4520260223020010,7,5,-2
4520260304010005,7,6,-1
4520260304020003,7,6,-1
4520260310010009,7,4,-3
4520260310020005,7,6,-1
4520260328010002,9,6,-3
4520260328020002,8,7,-1
4520260328020012,9,7,-2
4520260328030004,9,7,-2
4520260328040012,9,8,-1
4520260404020001,7,6,-1
4520260404020004,7,6,-1
4520260415020010,7,6,-1
4520260415020012,7,5,-2
4520260603020002,7,5,-2
4620230409010005,7,6,-1
4620230409020004,7,6,-1
4620230409020008,7,6,-1
4620230409030003,7,5,-2
4620230409030004,7,6,-1
4620230420010009,7,6,-1
4620230420020004,7,4,-3
4620230501030007,7,5,-2
4620230511010010,7,6,-1
4620230511020003,7,6,-1
4620230511020005,7,6,-1
4620230511030002,7,4,-3
4620230511030010,7,3,-4
4620230527010003,9,7,-2
4620230628010003,7,5,-2
4620230628020004,7,6,-1
4620230706010004,7,6,-1
4620230706020003,7,5,-2
4620230706020005,7,6,-1
4620230706030006,7,6,-1
4620230706030008,7,5,-2
4620230712010004,7,5,-2
4620230712010010,7,6,-1
4620230712020001,6,5,-1
4620230712020004,7,6,-1
4620230712020010,7,6,-1
4620230722020012,7,5,-2
4620230722030002,7,6,-1
4620230803010008,9,7,-2
4620230803020004,9,8,-1
4620230803020005,9,8,-1
4620230803030008,9,8,-1
4620230803030010,9,7,-2
4620230803040005,9,8,-1
4620230811010004,7,6,-1
4620230811020001,6,5,-1
4620230811020002,6,5,-1
4620230811020004,7,5,-2
4620230811020007,7,5,-2
4620230825010001,7,6,-1
4620230825010002,7,6,-1
4620230825010010,7,4,-3
4620230825020004,7,6,-1
4620231010020010,7,6,-1
4620231010030007,7,4,-3
4620231015010001,7,6,-1
4620231015010006,7,6,-1
4620231015030006,7,6,-1
4620231101010004,7,6,-1
4620231101020009,7,4,-3
4620231101030010,7,6,-1
4620240427020005,7,4,-3
4620240529030004,7,6,-1
4620240529030006,7,3,-4
4620240607020008,7,6,-1
4620240607030002,7,6,-1
4620240721010008,7,4,-3
4620240721010009,7,6,-1
4620240721010010,7,6,-1
4620240721020005,7,6,-1
4620240721020007,7,6,-1
4620240721020009,6,5,-1
4620240721030001,7,5,-2
4620240721030007,7,4,-3
4620240801020009,7,6,-1
4620240820020007,7,6,-1
4620240829010001,9,8,-1
4620240829020004,9,7,-2
4620240829020010,9,6,-3
4620240910010010,7,6,-1
4620240910020005,7,5,-2
4620240910020012,7,6,-1
4620240910030008,7,6,-1
4620240917010002,7,6,-1
4620240917010008,7,4,-3
4620240917010010,7,5,-2
4620240917020011,7,6,-1
4620240917030004,7,6,-1
4620241013020006,7,6,-1
4620241013030009,7,5,-2
4620241029010004,7,6,-1
4620241029010008,7,6,-1
4620241029010009,7,5,-2
4620250603010002,7,6,-1
4620250603020009,7,6,-1
4620250612020001,9,8,-1
4620250612030004,9,8,-1
4620250612040010,9,7,-2
4620250619010001,7,5,-2
4620250619010006,7,6,-1
4620250619010008,7,6,-1
4620250619020001,5,2,-3
4620250619030004,7,6,-1
4620250623020003,7,6,-1
4620250623020008,7,6,-1
4620250623020009,7,5,-2
4620250623030007,6,3,-3
4620250715010001,7,3,-4
4620250715010008,7,6,-1
4620250727010011,7,6,-1
4620250727030012,7,6,-1
4620250731010005,9,7,-2
4620250731020007,9,6,-3
4620250731040004,9,8,-1
4620250731040005,9,8,-1
4620250731040011,9,7,-2
4620250731040012,9,8,-1
4620250806010004,7,6,-1
4620250812010010,7,6,-1
4620250812010011,7,6,-1
4620250821020010,7,5,-2
4620250821020011,7,6,-1
4620250826030002,7,5,-2
4620250920030001,7,5,-2
4620250920030004,7,5,-2
4620251007010007,7,4,-3
4620251007010012,7,5,-2
4620251007020005,7,6,-1
4620251021020001,7,6,-1
4620251021020004,7,5,-2
4620251021020010,7,6,-1
4620251021030007,7,5,-2
4620251021030009,7,6,-1
4620251108010012,7,6,-1
4620251108020001,7,6,-1
4620251108030004,7,5,-2
4620251108030012,7,5,-2
4620260412010004,7,6,-1
4620260412010010,7,4,-3
4620260430010005,7,6,-1
4620260430030011,7,4,-3
4620260616010011,7,6,-1
4620260625010004,7,5,-2
4620260625030010,7,6,-1
4720230906010006,7,6,-1
4720230906010008,7,5,-2
4720230906020012,7,6,-1
4720230923020006,9,8,-1
4720230923020008,9,7,-2
4720230923030003,8,7,-1
4720231005030002,7,5,-2
4720231014010002,7,6,-1
4720231019010001,7,6,-1
4720231019010005,7,6,-1
4720231019010012,7,5,-2
4720231019020008,6,5,-1
4720231019030002,6,5,-1
4720231101020003,7,6,-1
4720231101020007,7,6,-1
4720231101030004,7,5,-2
4720231101030010,7,6,-1
4720231101030012,7,6,-1
4720231117020003,7,6,-1
4720231117020007,7,6,-1
4720231117030005,7,6,-1
4720231122010003,7,5,-2
4720231122010010,7,6,-1
4720231126010003,7,6,-1
4720231126020003,7,5,-2
4720231208010003,7,5,-2
4720231208010004,7,4,-3
4720231208010005,7,5,-2
4720231208010010,7,4,-3
4720231208020001,7,6,-1
4720231208030008,7,6,-1
4720231220010008,6,5,-1
4720231220030004,7,6,-1
4720231228010005,7,6,-1
4720231228020006,7,6,-1
4720240101010002,7,6,-1
4720240101020001,6,5,-1
4720240107010001,7,6,-1
4720240107020006,7,6,-1
4720240113020008,7,6,-1
4720240122020009,7,6,-1
4720240131010002,7,6,-1
4720240131010004,7,5,-2
4720240131020002,6,5,-1
4720240131030008,7,5,-2
4720240225010007,7,6,-1
4720240225030001,7,6,-1
4720240305020009,7,5,-2
4720240314010004,7,6,-1
4720240314010008,7,6,-1
4720240314030005,7,6,-1
4720240319010003,7,6,-1
4720240319010010,7,4,-3
4720240329020005,7,6,-1
4720240329020006,7,5,-2
4720240329020012,7,5,-2
4720240526020008,7,5,-2
4720240526030009,7,5,-2
4720240619010005,7,5,-2
4720240619030002,6,5,-1
4720240823020002,7,6,-1
4720240823020012,7,5,-2
4720240906030005,7,6,-1
4720240912020001,6,5,-1
4720240912020009,7,6,-1
4720240917010009,7,6,-1
4720240917020002,7,6,-1
4720240917020008,7,6,-1
4720240927010007,7,6,-1
4720240927010008,7,6,-1
4720241001010006,6,5,-1
4720241001020007,6,5,-1
4720241009020001,7,6,-1
4720241024030004,7,5,-2
4720241104010005,7,6,-1
4720241114010006,9,7,-2
4720241114020012,9,7,-2
4720241114030003,8,7,-1
4720241114030008,9,8,-1
4720241114040007,9,8,-1
4720241219010007,7,6,-1
4720241224020004,7,4,-3
4720241224020006,7,6,-1
4720241224030006,7,6,-1
4720241228010003,7,5,-2
4720241228010012,7,6,-1
4720241228020010,7,6,-1
4720250102020005,7,6,-1
4720250102030003,7,6,-1
4720250108020002,7,6,-1
4720250108030007,7,6,-1
4720250114010002,7,6,-1
4720250114010009,7,6,-1
4720250114020002,6,4,-2
4720250123010004,9,7,-2
4720250123030002,9,8,-1
4720250123030008,9,8,-1
4720250123040012,9,7,-2
4720250209010001,7,6,-1
4720250209010003,7,3,-4
4720250209030001,7,6,-1
4720250209030009,7,6,-1
4720250209030011,7,6,-1
4720250217010002,7,6,-1
4720250217010008,7,5,-2
4720250309020005,7,6,-1
4720250410010008,7,4,-3
4720250410030003,7,4,-3
4720250520020002,7,6,-1
4720250713020001,7,5,-2
4720250815020007,7,5,-2
4720250902020002,6,5,-1
4720250908020006,7,6,-1
4720250908030009,7,6,-1
4720250926020012,7,6,-1
4720250926030005,7,6,-1
4720251010010002,9,8,-1
4720251010010005,9,8,-1
4720251010020008,9,8,-1
4720251010020010,9,8,-1
4720251010030003,8,6,-2
4720251010030007,9,6,-3
4720251024020006,7,6,-1
4720251115030001,5,4,-1
4720251115030002,7,6,-1
4720251121010002,7,6,-1
4720251205030010,7,6,-1
4720251217010003,7,6,-1
4720251217020011,7,6,-1
4720251227010006,7,5,-2
4720251231020009,7,3,-4
4720251231030001,7,6,-1
4720251231030010,7,5,-2
4720260216010003,7,6,-1
4720260322010003,7,6,-1
4720260322020005,7,6,-1
4720260322020008,7,6,-1
4720260504020009,7,6,-1
4720260509010002,7,5,-2
4720260509010007,9,8,-1
4720260509020010,9,8,-1
4720260509030005,8,6,-2
4720260607010011,7,5,-2
4820230218030012,7,5,-2
4820230311010006,7,5,-2
4820230311020008,7,5,-2
4820230324010003,7,5,-2
4820230324010006,7,4,-3
4820230324020004,7,5,-2
4820230324030010,7,6,-1
4820230328010002,7,6,-1
4820230328020001,6,5,-1
4820230328020002,7,4,-3
4820230328030002,6,5,-1
4820230401010006,9,8,-1
4820230401020004,9,8,-1
4820230401020006,9,8,-1
4820230412010006,7,6,-1
4820230412020002,7,6,-1
4820230412020010,7,6,-1
4820230412030001,6,4,-2
4820230428010003,7,6,-1
4820230428010004,7,6,-1
4820230505030003,7,6,-1
4820230515020001,7,6,-1
4820230515020002,7,6,-1
4820230515020006,7,6,-1
4820230520010005,7,4,-3
4820230616010012,7,6,-1
4820230616020010,7,6,-1
4820230616030009,7,5,-2
4820230629010010,7,6,-1
4820230629030006,7,6,-1
4820230725020002,7,6,-1
4820230905010002,7,6,-1
4820230905020007,7,6,-1
4820230911010008,7,4,-3
4820231109010003,9,8,-1
4820231109030008,9,7,-2
4820231129010003,7,6,-1
4820240111010004,7,5,-2
4820240203020001,6,4,-2
4820240220020010,7,6,-1
4820240309010003,7,6,-1
4820240325020003,7,6,-1
4820240325020010,7,4,-3
4820240325030009,7,6,-1
4820240408010003,7,6,-1
4820240408020010,7,6,-1
4820240408030004,7,6,-1
4820240416020010,7,3,-4
4820240430020003,7,4,-3
4820240514030005,7,6,-1
4820240611020001,7,5,-2
4820240611020005,7,4,-3
4820240611020007,7,6,-1
4820240611030004,7,6,-1
4820240611030006,7,6,-1
4820240620010010,7,4,-3
4820240620030002,6,5,-1
4820241006030002,7,5,-2
4820241015010012,7,6,-1
4820241015030007,7,6,-1
4820241107010001,9,7,-2
4820241107010006,9,7,-2
4820241107020001,8,6,-2
4820241107020008,9,8,-1
4820241107020012,9,6,-3
4820241107030004,9,8,-1
4820241206030010,7,6,-1
4820241221010004,7,6,-1
4820241221030009,7,5,-2
4820250110010004,7,4,-3
4820250110010007,7,6,-1
4820250110020003,7,6,-1
4820250313010012,9,8,-1
4820250313020008,9,8,-1
4820250313030010,9,8,-1
4820250313040004,9,5,-4
4820250313040005,9,8,-1
4820250324030012,7,6,-1
4820250329010005,7,4,-3
4820250407020001,7,5,-2
4820250407020009,7,3,-4
4820250511020009,7,6,-1
4820250511030002,7,5,-2
4820250517010002,7,5,-2
4820250517020003,7,4,-3
4820250523020001,7,6,-1
4820250523020011,7,5,-2
4820250523030001,6,4,-2
4820250531010011,7,5,-2
4820250531030005,7,6,-1
4820250612020011,9,8,-1
4820250612020012,9,8,-1
4820250612030006,9,8,-1
4820250612040010,9,8,-1
4820250622020001,7,6,-1
4820250622020004,7,6,-1
4820250705020011,7,6,-1
4820250711010002,7,6,-1
4820250725010003,7,6,-1
4820250725020006,7,5,-2
4820250725030007,7,6,-1
4820250805020008,7,5,-2
4820250830010005,7,6,-1
4820250830030002,7,6,-1
4820250830030003,7,6,-1
4820250913010003,7,6,-1
4820250913010005,7,5,-2
4820250913020007,7,4,-3
4820250930020004,7,5,-2
4820250930030002,7,5,-2
4820251031040005,9,8,-1
4820251112030005,7,6,-1
4820251212020010,7,6,-1
4820251222010002,7,6,-1
4820251222010007,7,5,-2
4820251222010012,7,6,-1
4820251222020002,7,4,-3
4820251222020008,7,6,-1
4820251222020011,7,6,-1
4820260124010002,7,6,-1
4820260124010004,7,6,-1
4820260124010007,7,6,-1
4820260124020010,7,5,-2
4820260128020011,7,6,-1
4820260128030002,6,5,-1
5120230312010007,7,6,-1
5120230312020012,7,6,-1
5120230312030012,7,6,-1
5120230323010001,7,4,-3
5120230323010006,7,6,-1
5120230323020008,7,6,-1
5120230401010001,7,6,-1
5120230401030003,7,6,-1
5120230401030006,7,6,-1
5120230410010004,7,6,-1
5120230410010010,7,5,-2
5120230410020010,7,6,-1
5120230513010002,7,4,-3
5120230522010002,7,6,-1
5120230522010011,7,5,-2
5120230522020011,7,5,-2
5120230522020012,7,6,-1
5120230601010004,7,5,-2
5120230601020005,7,6,-1
5120230722010004,9,8,-1
5120230722010009,9,7,-2
5120230722010011,9,8,-1
5120230722020006,9,7,-2
5120230722030004,9,7,-2
5120230722040005,9,8,-1
5120230731020002,6,5,-1
5120230731020005,7,6,-1
5120230821010003,7,5,-2
5120230821020002,6,4,-2
5120230921010011,7,5,-2
5120231020010001,7,4,-3
5120231020020005,7,6,-1
5120231102010005,7,6,-1
5120231113020008,7,6,-1
5120231113020012,7,4,-3
5120231113030002,7,4,-3
5120231128010003,7,6,-1
5120231128020001,6,3,-3
5120231128020007,7,6,-1
5120231128020011,7,6,-1
5120231128030007,7,5,-2
5120240304010001,7,5,-2
5120240311020007,7,4,-3
5120240311030002,7,6,-1
5120240311030012,7,6,-1
5120240321030002,7,6,-1
5120240321030003,7,6,-1
5120240326020004,7,6,-1
5120240401010007,7,6,-1
5120240418020005,7,6,-1
5120240424010007,7,5,-2
5120240424020006,7,6,-1
5120240424020010,7,4,-3
5120240424030008,7,5,-2
5120240523020001,7,6,-1
5120240523020002,7,6,-1
5120240523020003,7,6,-1
5120240619020012,7,5,-2
5120240630010001,7,5,-2
5120240630030005,7,6,-1
5120240720020007,9,8,-1
5120240731020004,7,5,-2
5120240731030001,7,6,-1
5120240731030005,7,6,-1
5120240808020001,7,6,-1
5120240808030006,7,6,-1
5120240813010004,7,4,-3
5120240813020008,7,6,-1
5120240909010004,7,6,-1
5120240909030001,6,5,-1
5120240918020011,7,6,-1
5120240918030001,6,5,-1
5120240918030007,7,6,-1
5120240918030012,7,6,-1
5120240925020011,7,4,-3
5120241011010004,7,6,-1
5120241011030009,7,6,-1
5120250405020001,7,6,-1
5120250413030002,7,6,-1
5120250424010010,7,6,-1
5120250424030004,7,5,-2
5120250502020004,7,5,-2
5120250508010004,7,6,-1
5120250508010006,7,0,-7
5120250508030004,7,5,-2
5120250514010006,7,5,-2
5120250514030008,7,6,-1
5120250527030001,7,6,-1
5120250527030004,7,6,-1
5120250602020003,7,6,-1
5120250602020011,7,6,-1
5120250612010004,7,6,-1
5120250612030002,5,4,-1
5120250626010006,7,6,-1
5120250701020003,7,6,-1
5120250701020005,7,6,-1
5120250701030001,5,4,-1
5120250701030005,7,5,-2
5120250714010001,7,6,-1
5120250714010005,7,6,-1
5120250805020008,7,6,-1
5120250805020009,7,6,-1
5120250824010003,7,6,-1
5120250912010001,9,7,-2
5120250912010004,9,0,-9
5120250912020001,9,7,-2
5120250912020011,9,7,-2
5120250912030002,8,6,-2
5120250912030009,9,8,-1
5120250912040006,9,7,-2
5120250912040010,9,8,-1
5120250912040011,9,8,-1
5320230108010009,7,6,-1
5320230108020010,7,5,-2
5320230202010005,9,8,-1
5320230202010006,9,6,-3
5320230202010011,9,8,-1
5320230202020007,9,8,-1
5320230202020009,9,6,-3
5320230202020012,9,8,-1
5320230202040006,9,7,-2
5320230215010004,7,6,-1
5320230215010006,7,6,-1
5320230215020001,5,4,-1
5320230302010003,7,6,-1
5320230302010006,7,6,-1
5320230308020001,7,6,-1
5320230308020002,7,6,-1
5320230308030003,7,6,-1
5320230308030007,7,5,-2
5320230405010002,7,6,-1
5320230405010009,7,5,-2
5320230405020009,7,6,-1
5320230405030008,7,5,-2
5320230405030012,7,6,-1
5320230411010005,7,6,-1
5320230418020007,7,5,-2
5320230418030003,7,6,-1
5320230425010002,7,6,-1
5320230425020001,7,6,-1
5320230425020005,7,6,-1
5320230425030010,7,6,-1
5320230508010004,7,5,-2
5320230508010011,7,6,-1
5320230508020004,7,6,-1
5320230508030002,6,5,-1
5320230607020001,7,6,-1
5320230607030003,7,5,-2
5320230801010009,7,3,-4
5320230801030002,7,5,-2
5320230815010101,7,5,-2
5320230815010109,7,6,-1
5320230815030007,7,6,-1
5320230815040002,7,6,-1
5320230824030002,7,6,-1
5320230914010002,7,4,-3
5320230914010003,7,6,-1
5320230914020001,7,6,-1
5320230914020006,7,6,-1
5320230914030007,7,6,-1
5320231010020009,7,5,-2
5320231010020011,7,6,-1
5320231101020003,7,5,-2
5320231108030001,7,6,-1
5320231116020012,7,6,-1
5320231204010004,7,5,-2
5320231204020010,7,6,-1
5320231204030011,7,5,-2
5320231218010008,7,6,-1
5320231218020008,7,6,-1
5320231223010001,6,5,-1
5320240125030003,7,5,-2
5320240203030001,6,5,-1
5320240203030007,7,6,-1
5320240213010006,7,4,-3
5320240213020006,6,5,-1
5320240213020008,7,6,-1
5320240213030010,7,6,-1
5320240222020002,9,8,-1
5320240222020008,9,6,-3
5320240222030004,9,7,-2
5320240222030006,9,8,-1
5320240228010005,7,6,-1
5320240404010005,7,6,-1
5320240404020003,7,6,-1
5320240512010005,7,5,-2
5320240512020010,7,6,-1
5320240520010011,7,6,-1
5320240601020001,7,6,-1
5320240606010004,9,8,-1
5320240606020004,9,6,-3
5320240606030005,9,7,-2
5320240606030010,9,6,-3
5320240606030012,9,7,-2
5320240625010005,7,6,-1
5320240625020003,7,5,-2
5320240630020010,7,5,-2
5320240630030011,7,5,-2
5320240713020004,7,0,-7
5320240713030004,7,6,-1
5320240728020001,7,6,-1
5320240825010005,7,6,-1
5320240825020008,7,5,-2
5320241018010003,7,6,-1
5320241018010006,7,6,-1
5320241114010001,7,6,-1
5320241114020003,7,5,-2
5320241114020009,7,6,-1
5320241204020010,7,6,-1
5320241204030001,7,4,-3
5320241227010001,6,5,-1
5320241227030002,6,5,-1
5320241227030003,7,6,-1
5320250105030007,7,6,-1
5320250114010003,7,4,-3
5320250114010004,7,6,-1
5320250208010003,9,7,-2
5320250208030006,9,8,-1
5320250208030007,9,8,-1
5320250208040011,9,7,-2
5320250220020008,7,6,-1
5320250220030001,6,5,-1
5320250306010003,7,6,-1
5320250306020007,7,6,-1
5320250306020010,7,6,-1
5320250306030006,7,6,-1
5320250422020001,7,5,-2
5320250428010002,7,6,-1
5320250428030002,7,6,-1
5320250511010008,7,6,-1
5320250511010009,7,6,-1
5320250511020001,7,6,-1
5320250511020003,7,4,-3
5320250511020006,7,6,-1
5320250511030002,6,4,-2
5320250511030003,7,6,-1
5320250523010001,7,6,-1
5320250523030004,7,5,-2
5320250530010010,7,6,-1
5320250530020002,7,6,-1
5320250530020003,7,6,-1
5320250609010004,7,5,-2
5320250722010005,7,6,-1
5320250731020003,7,6,-1
5320250731030002,7,6,-1
5320250812010003,7,5,-2
5320250812010004,7,6,-1
5320250821010003,7,6,-1
5320250821020009,7,5,-2
5320250821020012,7,6,-1
5320250907010006,7,6,-1
5320250907020003,7,4,-3
5320250907030004,7,6,-1
5320250919010001,7,5,-2
5320250919030002,7,5,-2
5320250925010005,9,4,-5
5320250925010011,9,6,-3
5320250925020004,8,7,-1
5320250925020009,9,8,-1
5320250925030002,6,3,-3
5320250925030009,9,4,-5
5320250925040004,7,6,-1
5320251003010004,7,5,-2
5320251012030007,7,6,-1
5320251021010005,7,6,-1
5320251021020004,7,6,-1
5320251031010005,7,4,-3
5320251031020004,7,6,-1
5320251106010009,7,6,-1
5320251106020006,6,4,-2
5320251118020008,7,6,-1
5320251124010007,7,6,-1
5320251124020001,7,6,-1
5320251124020005,7,3,-4
5320251130010007,7,6,-1
5320251130030003,7,5,-2
5320251211020008,7,6,-1
5320251211020012,7,6,-1
5320251225020006,7,5,-2
5320260114020002,7,5,-2
5320260114020003,7,6,-1
5320260114020009,7,5,-2
5320260114030003,7,4,-3
5320260129020005,7,5,-2
5320260205010006,9,7,-2
5320260205020004,9,6,-3
5320260205020008,9,8,-1
5320260205020011,9,7,-2
5320260205030011,9,7,-2
5320260205030012,9,7,-2
5320260214020001,7,6,-1
5320260214020005,7,5,-2
5320260227010005,7,5,-2
5320260314010003,7,6,-1
5320260314030004,7,6,-1
5320260314030011,7,6,-1
5320260407010005,7,4,-3
5320260407010006,7,6,-1
5320260418020004,7,6,-1
5320260418020007,7,3,-4
5320260418030001,6,5,-1
5320260418030005,6,5,-1
5320260425010003,7,6,-1
5320260425020009,7,5,-2
5320260501020008,7,5,-2
5320260613010001,7,5,-2
5420230120010007,7,6,-1
5420230120020005,7,6,-1
5420230120020007,7,5,-2
5420230120020012,7,5,-2
5420230120030007,6,5,-1
5420230206020004,7,6,-1
5420230227020003,7,6,-1
5420230227020007,7,6,-1
5420230227030011,7,6,-1
5420230313010004,7,4,-3
5420230422010005,7,6,-1
5420230422030001,6,4,-2
5420230422030007,7,3,-4
5420230504020008,7,5,-2
5420230504030009,7,6,-1
5420230601030002,7,3,-4
5420230608020012,9,8,-1
5420230608030005,9,8,-1
5420230608030009,9,8,-1
5420230629010009,7,6,-1
5420230629020004,7,5,-2
5420230705010005,7,6,-1
5420230705030010,7,6,-1
5420230710010002,7,5,-2
5420230710020002,6,3,-3
5420230710030001,7,6,-1
5420230821010004,7,6,-1
5420230821020011,7,5,-2
5420230831010005,9,7,-2
5420230831010011,9,6,-3
5420230831010012,9,7,-2
5420230831030004,9,8,-1
5420230831040009,9,8,-1
5420230910030004,7,6,-1
5420230919020007,7,6,-1
5420231008010004,7,6,-1
5420231008030003,7,5,-2
5420231020020008,7,6,-1
5420231027020009,7,6,-1
5420231103010001,7,6,-1
5420231103010005,7,6,-1
5420231214020010,7,6,-1
5420231229010004,7,6,-1
5420231229010009,7,6,-1
5420231229030007,7,6,-1
5420240119010002,7,6,-1
5420240119030003,7,5,-2
5420240208020001,6,5,-1
5420240208030002,6,5,-1
5420240227010012,7,6,-1
5420240227020006,6,4,-2
5420240227030010,7,6,-1
5420240304010001,7,6,-1
5420240304030004,7,6,-1
5420240415020007,7,6,-1
5420240415020010,7,6,-1
5420240415030003,7,6,-1
5420240429010004,7,6,-1
5420240429010006,7,6,-1
5420240429010007,7,6,-1
5420240429010012,7,5,-2
5420240429020001,5,4,-1
5420240429030011,7,6,-1
5420240508030004,7,5,-2
5420240601010001,7,6,-1
5420240601020005,7,6,-1
5420240601030012,7,6,-1
5420240626010012,7,6,-1
5420240626030003,7,6,-1
5420240704020001,7,6,-1
5420240704030004,7,6,-1
5420240709030006,7,6,-1
5420240717010012,7,6,-1
5420240717020002,7,6,-1
5420240717030007,7,6,-1
5420240803010005,7,5,-2
5420240803010007,7,6,-1
5420240905010002,9,7,-2
5420240905010007,9,8,-1
5420240905020001,8,7,-1
5420240905030004,9,7,-2
5420240905030005,9,7,-2
5520230112010011,9,8,-1
5520230112010012,9,8,-1
5520230112020002,9,8,-1
5520230112020010,9,7,-2
5520230112040006,9,8,-1
5520230123010006,7,5,-2
5520230426010003,7,6,-1
5520230426020008,7,6,-1
5520230501010006,7,5,-2
5520230528010005,7,6,-1
5520230528030005,7,6,-1
5520230528030012,7,6,-1
5520230718010009,7,6,-1
5520230718020011,7,5,-2
5520230718030005,6,5,-1
5520230810010005,9,8,-1
5520230810010012,9,7,-2
5520230810020007,9,8,-1
5520230810030006,9,5,-4
5520230810030010,9,7,-2
5520230810040003,5,2,-3
5520230810040005,9,8,-1
5520230904020003,7,6,-1
5520230904030003,7,6,-1
5520231005020003,7,6,-1
5520231009010010,7,5,-2
5520231009020002,7,6,-1
5520231014010006,7,6,-1
5520231023030003,7,6,-1
5520231023030011,7,4,-3
5520231128020003,7,5,-2
5520231128020012,7,6,-1
5520231210010002,7,6,-1
5520240111010008,9,8,-1
5520240111020007,9,7,-2
5520240111030008,9,7,-2
5520240111040011,9,8,-1
5520240219030002,7,4,-3
5520240315010006,7,6,-1
5520240315020002,7,5,-2
5520240404020002,7,2,-5
5520240404020007,7,6,-1
5520240404030004,7,6,-1
5520240506010009,7,5,-2
5520240506010011,7,6,-1
5520240506020010,7,4,-3
5520240506030001,6,5,-1
5520240515010007,7,6,-1
5520240515010011,7,6,-1
5520240515020001,7,5,-2
5520240515020011,7,6,-1
5520240523010001,7,5,-2
5520240523010003,7,4,-3
5520240623020005,7,6,-1
5520240727020003,7,6,-1
5520240727020004,7,6,-1
5520240727020010,7,5,-2
5520240727030002,6,5,-1
5520240831010011,7,6,-1
5520240831020003,7,6,-1
5520240928030012,7,6,-1
5520241008010002,7,4,-3
5520241015010003,7,6,-1
5520241015020001,6,5,-1
5520241015020005,7,6,-1
5520241031010007,7,6,-1
5520241031020001,6,5,-1
5520241111020001,7,6,-1
5520241111030008,7,6,-1
5520241125010001,7,6,-1
5520241125010002,7,6,-1
5520241125020002,6,5,-1
5520241125030012,7,6,-1
5520241208030002,7,6,-1
5520241213010002,7,6,-1
5520241213010003,7,5,-2
5520241213010008,7,6,-1
5520241213030001,6,3,-3
5520241213030003,7,6,-1
5520241213030006,7,6,-1
5520250110010006,9,7,-2
5520250110020001,9,7,-2
5520250110020005,9,7,-2
5520250110020009,9,8,-1
5520250110020011,9,8,-1
5520250110030001,7,5,-2
5520250110030010,9,8,-1
5520250110040005,9,8,-1
5520251208020002,7,5,-2
5520251208020007,7,4,-3
5520251220010004,7,6,-1
5520251220020004,7,6,-1
5520260109010004,9,7,-2
5520260109020006,9,7,-2
5520260109020009,9,7,-2
5520260109030001,8,7,-1
5520260109040010,9,7,-2
5520260202030006,7,6,-1
5520260218030008,7,6,-1
5520260228010003,7,6,-1
5520260228020003,7,6,-1
5520260228020004,7,6,-1
5520260228020008,7,6,-1
5520260312010002,7,6,-1
5520260312020001,6,0,-6
5520260312020004,7,6,-1
5520260312020005,7,6,-1
5520260317010005,7,6,-1
5520260423020004,7,6,-1
5520260423020005,7,6,-1
5520260423030001,7,6,-1
5520260517010011,7,5,-2
5520260601020001,6,5,-1
5520260623010006,7,6,-1
5520260623030012,7,6,-1
5620221231010008,7,6,-1
5620221231020002,5,4,-1
5620221231020006,6,5,-1
5620221231030011,7,6,-1
5620230126020009,7,6,-1
5620230126030001,7,6,-1
5620230209010003,7,5,-2
5620230214010008,7,6,-1
5620230214010011,7,6,-1
5620230214010012,7,6,-1
5620230306020004,7,6,-1
5620230319010003,7,6,-1
5620230319020001,6,4,-2
5620230319020005,7,6,-1
5620230319030001,7,4,-3
5620230319030009,7,6,-1
5620230401020005,7,6,-1
5620230401020007,7,6,-1
5620230413030002,7,6,-1
5620230519010001,7,6,-1
5620230519010005,7,6,-1
5620230519020012,7,6,-1
5620230519030005,7,5,-2
5620230604010004,7,6,-1
5620230604020003,7,6,-1
5620230604020008,7,6,-1
5620230604030007,7,6,-1
5620230613010007,9,8,-1
5620230613020005,8,6,-2
5620230613020006,9,7,-2
5620230613030001,9,8,-1
5620230613030003,9,7,-2
5620230613030012,7,6,-1
5620230613040005,9,5,-4
5620230613040012,9,7,-2
5620230613060003,9,7,-2
5620230704010008,7,5,-2
5620230726010005,7,6,-1
5620230726030006,7,6,-1
5620230802020010,7,4,-3
5620230807010008,7,4,-3
5620230807010011,7,6,-1
5620230807020006,5,0,-5
5620230807020011,7,6,-1
5620230807030001,7,6,-1
5620230825030002,7,6,-1
5620231110010008,7,6,-1
5620231202030009,7,6,-1
5620240107020002,7,4,-3
5620240107030010,7,5,-2
5620240129010002,7,6,-1
5620240129010005,7,6,-1
5620240129020002,6,5,-1
5620240205010001,7,5,-2
5620240205020008,7,6,-1
5620240205020011,7,5,-2
5620240205030006,7,6,-1
5620240328010001,7,6,-1
5620240328010004,7,6,-1
5620240328020010,7,5,-2
5620240328020011,7,4,-3
5620240408010005,7,6,-1
5620240408030001,6,4,-2
5620240408030002,7,6,-1
5620240418010001,7,5,-2
5620240418010009,7,6,-1
5620240418030002,7,4,-3
5620240428020002,7,6,-1
5620240428020005,7,4,-3
5620240526010001,7,5,-2
5620240526010002,7,6,-1
5620240526010004,7,6,-1
5620240526010006,7,6,-1
5620240526020001,5,4,-1
5620240611020007,9,8,-1
5620240611040005,9,7,-2
5620240611040010,9,7,-2
5620240611050006,9,8,-1
5620240611050008,9,8,-1
5620240611050010,9,8,-1
5620240611060001,9,7,-2
5620240611060008,9,7,-2
5620240611060010,9,8,-1
5620240628020004,7,4,-3
5620240803010009,7,5,-2
5620240819020004,7,6,-1
5620240819030005,7,6,-1
5620240819030012,7,6,-1
5620240927010006,7,6,-1
5620240927020009,7,5,-2
5620241003020004,7,6,-1
5620241003030001,7,5,-2
5620241018030007,7,4,-3
5620241105010002,7,6,-1
5620241105010010,7,5,-2
5620241105020008,7,6,-1
5620241118020003,7,6,-1
5620241218010009,7,6,-1
5620241218020003,7,5,-2
5620241218030003,7,6,-1
5620241218030007,7,6,-1
5620241231010003,6,4,-2
5620241231030006,7,5,-2
5620250120010003,7,6,-1
5620250120010009,7,6,-1
5620250120010012,7,5,-2
5620250120020003,7,6,-1
5620250127020003,7,5,-2
5620250227010005,7,6,-1
5620250227030006,7,6,-1
5620250322030004,7,6,-1
5620250401020003,7,5,-2
5620250401030011,7,4,-3
5620250408010008,7,6,-1
5620250408020001,6,4,-2
5620250408020003,7,5,-2
5620250416010001,7,5,-2
5620250416010011,7,6,-1
5620250509010012,7,6,-1
5620250518020010,7,6,-1
5620250617010002,9,5,-4
5620250617010006,7,6,-1
5620250617010007,7,6,-1
5620250617010008,7,6,-1
5620250617010009,9,7,-2
5620250617010011,9,8,-1
5620250617020007,8,7,-1
5620250617020011,7,6,-1
5620250617040007,9,8,-1
5620250617050005,9,8,-1
5620250617060001,9,7,-2
5620250617060008,9,7,-2
5620250629010007,7,6,-1
5620250705020002,7,6,-1
5620250711010010,7,6,-1
5620250711020002,7,6,-1
5620250711020011,7,6,-1
5620250719020003,7,5,-2
5620250719030010,7,5,-2
5620250723010004,7,5,-2
5620250723020007,7,6,-1
5620250723030003,7,6,-1
5620250723030005,7,5,-2
5620250809010002,7,5,-2
5620250809020009,7,6,-1
5620250815020003,7,5,-2
5620250815020005,7,6,-1
5620250815020006,7,6,-1
5620250815020008,7,5,-2
5620250827020001,7,5,-2
5620250827030004,7,6,-1
5620250831020002,7,6,-1
5620250905030006,7,6,-1
5620250917010011,7,6,-1
5620250927020005,7,6,-1
5620251007020002,7,6,-1
5620251018010001,7,6,-1
5620251018010004,7,6,-1
5620251018020005,7,5,-2
5620251024010007,7,6,-1
5620251024020004,7,6,-1
5620251101010009,7,6,-1
5620251101020009,7,6,-1
5620251101020010,7,6,-1
5620251101020011,7,4,-3
5620251110030009,7,5,-2
5620251110030011,7,6,-1
5620251116010003,7,6,-1
5620251127010007,7,6,-1
5620251127010009,7,6,-1
5620251127010010,7,6,-1
5620251203020001,7,6,-1
5620251209020006,7,6,-1
5620251218020003,7,6,-1
5620251231010012,7,4,-3
5620251231020001,7,6,-1
5620260224020003,7,0,-7
5620260224030008,7,5,-2
5620260301020007,7,6,-1
5620260401020007,7,6,-1
5620260401030012,7,3,-4
5620260504010001,7,6,-1
5620260504030004,7,6,-1
5620260516010003,7,5,-2
5620260516030009,7,6,-1
5620260616010001,9,7,-2
5620260616020002,9,8,-1
5620260616030012,7,6,-1
5620260616040006,9,7,-2
5620260616050005,9,7,-2
5620260616050006,9,5,-4
5620260616050007,9,8,-1
5620260616050010,9,8,-1
5620260616060002,9,7,-2
5620260616060004,9,7,-2
5620260616060012,9,8,-1
6120230220010004,7,6,-1
6120230220010006,7,6,-1
6120230220010010,7,6,-1
6120230220020009,7,6,-1
6120230220030003,7,4,-3
6120230304010003,7,5,-2
6120230304020012,7,5,-2
6120230326020011,9,8,-1
6120230326030001,9,8,-1
6120230326030004,9,8,-1
6120230326030007,9,7,-2
6120230326030011,9,7,-2
6120230326040005,9,7,-2
6120230403010008,7,5,-2
6120230403010012,7,6,-1
6120230403020003,7,6,-1
6120230403030007,7,4,-3
6120230403030010,7,6,-1
6120230416010001,7,6,-1
6120230416020001,6,5,-1
6120230416030009,7,6,-1
6120230423020002,7,6,-1
6120230423030006,7,6,-1
6120230428010001,7,6,-1
6120230518020003,7,6,-1
6120230518030004,7,4,-3
6120230529020005,7,5,-2
6120230529030008,7,5,-2
6120230606030003,7,6,-1
6120230625010011,7,6,-1
6120230625030001,6,5,-1
6120230710010009,7,5,-2
6120230710010011,7,6,-1
6120230710020010,7,6,-1
6120230720030002,5,4,-1
6120230726010005,7,5,-2
6120230726020011,7,6,-1
6120230726030006,7,5,-2
6120230726030008,7,4,-3
6120230731020012,7,5,-2
6120230821020006,7,6,-1
6120230821030002,7,5,-2
6120231005020004,7,6,-1
6120231005030007,7,6,-1
6120231015010007,7,6,-1
6120231026010008,7,4,-3
6120231026020003,7,6,-1
6120231102010011,9,8,-1
6120231102020006,9,8,-1
6120231102020009,9,6,-3
6120231102020011,9,8,-1
6120231102030008,9,7,-2
6120231102030010,9,8,-1
6120231102030012,9,8,-1
6120231111010002,7,6,-1
6120231118010009,7,4,-3
6120231118030008,7,6,-1
6120231127010001,7,4,-3
6120231127020004,7,5,-2
6120231127020012,7,6,-1
6120231204010010,7,5,-2
6120231211010005,7,6,-1
6120231221010001,9,8,-1
6120231221030010,9,7,-2
6120231221030012,9,6,-3
6120231221040009,9,8,-1
6120240104020001,7,6,-1
6120240110030004,7,6,-1
6120240119010005,7,6,-1
6120240119010008,7,6,-1
6120240119020011,7,6,-1
6120240119030009,7,6,-1
6120240208020009,7,5,-2
6120240208020010,7,6,-1
6120240208030001,7,6,-1
6120240214020011,7,6,-1
6120240229020012,9,8,-1
6120240229030008,9,6,-3
6120240229030011,9,8,-1
6120240313030006,7,5,-2
6120240325020008,7,5,-2
6120240325020011,7,6,-1
6120240325030004,7,6,-1
6120240325030008,7,6,-1
6120240402030006,7,6,-1
6120240422010003,7,5,-2
6120240422020001,7,6,-1
6120240422030001,7,5,-2
6120240501010001,7,4,-3
6120240501020001,6,4,-2
6120240501020004,7,6,-1
6120240506010005,7,6,-1
6120240506020011,7,4,-3
6120240506020012,7,6,-1
6120240513020012,7,6,-1
6120240513030009,7,5,-2
6120240519010002,7,5,-2
6120240519020007,7,5,-2
6120240519020010,7,6,-1
6120240519030012,7,6,-1
6120240603020002,7,5,-2
6120240614010006,7,4,-3
6120240614030002,6,5,-1
6120240713030004,7,5,-2
6120240713030005,7,4,-3
6120240725010009,7,5,-2
6120240804010006,7,4,-3
6120240804010008,7,5,-2
6120240804020008,7,5,-2
6120240816010001,7,5,-2
6120240816030001,7,6,-1
6120240828030004,7,5,-2
6120240903020003,7,4,-3
6120240909010012,7,6,-1
6120241108010003,7,5,-2
6120241108020007,7,6,-1
6120241108020010,7,5,-2
6120241122030006,7,5,-2
6120241122030007,7,6,-1
6120241203030006,7,5,-2
6120241212030002,9,8,-1
6120241212030003,9,5,-4
6120241212030007,9,7,-2
6120241212040007,9,7,-2
6120241212040011,9,8,-1
6120241230010007,6,5,-1
6120250116010008,7,5,-2
6120250116010011,7,4,-3
6120250116020011,7,6,-1
6120250205020007,7,6,-1
6120250205030001,6,0,-6
6120250205030002,7,0,-7
6120250205030003,7,0,-7
6120250205030004,7,0,-7
6120250205030005,7,6,-1
6120250213010012,7,6,-1
6120250220020001,7,6,-1
6120250220020007,7,6,-1
6120250226010009,7,6,-1
6120250226020001,7,6,-1
6120250226020012,7,6,-1
6120250306010008,9,6,-3
6120250306010012,9,8,-1
6120250306020007,9,8,-1
6120250306020009,9,7,-2
6120250306030009,9,8,-1
6120250306040005,9,8,-1
6120250314010003,7,6,-1
6120250314020001,7,6,-1
6120250314020004,7,6,-1
6120250314020005,7,0,-7
6120250314030007,7,4,-3
6120250322010003,7,6,-1
6120250322020007,7,6,-1
6120250322030012,7,6,-1
6120250329010008,7,5,-2
6120250409010008,7,6,-1
6120250409010010,7,6,-1
6120250418010006,7,6,-1
6120250429010009,7,4,-3
6120250429030012,7,6,-1
6120250512020006,7,6,-1
6120250518010012,7,5,-2
6120250529020003,7,5,-2
6120250604020006,7,6,-1
6120250604030001,7,6,-1
6120250610020007,7,6,-1
6120250616020003,7,5,-2
6120250616020007,7,5,-2
6120250616030006,7,5,-2
6120250718010010,9,7,-2
6120250718020002,9,6,-3
6120250718020003,9,8,-1
6120250718020007,9,8,-1
6120250718020009,9,7,-2
6120250809030002,7,6,-1
6120250818020011,7,6,-1
6120250818030003,7,5,-2
6120250826020006,7,4,-3
6120250826020011,7,4,-3
6120250826030008,7,6,-1
6120250909020008,7,0,-7
6120250909030003,7,5,-2
6120250917010002,7,6,-1
6120250917020011,7,6,-1
6120250925020001,7,6,-1
6120251001020009,7,6,-1
6120251009030002,7,6,-1
6120251014030002,7,6,-1
6120251026020006,7,5,-2
6120251102020004,7,6,-1
6120251118030002,7,5,-2
6120251212010007,7,6,-1
6120251212030002,7,6,-1
6120251212030003,7,4,-3
6120251228010002,7,6,-1
6120251228010003,7,4,-3
6120251228010005,7,4,-3
6120260104020001,7,6,-1
6120260109020005,7,4,-3
6120260109030004,6,5,-1
6120260115020006,7,4,-3
6120260122010007,7,6,-1
6120260122020003,7,6,-1
6120260122030007,7,6,-1
6120260204030001,7,6,-1
6120260211020006,7,5,-2
6120260316010009,7,5,-2
6120260316020003,7,6,-1
6120260326010002,7,5,-2
6120260326020010,7,6,-1
6120260402020009,7,6,-1
6120260402030008,7,6,-1
6120260407010004,7,6,-1
6120260423010004,7,6,-1
6120260423010010,7,6,-1
6120260428010011,7,6,-1
6120260428020003,7,5,-2
6120260525020001,7,6,-1
6120260525030001,7,6,-1
6120260611010008,9,7,-2
6120260611010011,9,8,-1
6120260611020006,9,8,-1
6120260611030006,9,8,-1
6120260611040006,9,8,-1
6220221230030001,7,6,-1
6220230106010007,7,6,-1
6220230106020001,6,4,-2
6220230106020004,7,6,-1
6220230106030001,6,4,-2
6220230106030007,7,6,-1
6220230115020007,7,4,-3
6220230115030011,7,6,-1
6220230128010001,7,6,-1
6220230206010006,7,6,-1
6220230206020005,7,6,-1
6220230206020009,7,6,-1
6220230206030005,7,6,-1
6220230206030006,7,5,-2
6220251130010007,7,6,-1
6220251130030004,7,6,-1
6220251220010006,9,7,-2
6220251220020003,9,6,-3
6220251220030003,9,8,-1
6220251220040012,9,8,-1
6220260107030006,7,6,-1
6220260121020006,7,5,-2
6220260203010009,7,6,-1
6220260203030001,7,6,-1
6220260203030006,7,6,-1
6220260208020001,6,0,-6
6220260208020002,7,0,-7
6220260208020003,7,0,-7
6220260213010002,7,6,-1
6220260213020004,7,6,-1
6220260213020005,7,6,-1
6220260213030003,7,6,-1
6220260219010001,7,6,-1
6220260219010003,7,4,-3
6220260219030011,7,5,-2
6220260228020006,7,5,-2
6220260313010001,7,4,-3
6220260313010007,7,5,-2
6220260313020008,7,6,-1
6220260313030002,7,6,-1
6220260313030008,7,6,-1
6220260323010009,7,5,-2
6220260329010001,7,6,-1
6220260329030004,7,4,-3
6220260428010001,7,5,-2
6220260428010004,7,6,-1
6220260428020003,7,6,-1
6220260428020009,7,6,-1
6220260506020001,7,5,-2
6220260506020006,7,6,-1
6220260522010006,7,6,-1
6220260528010004,7,6,-1
6220260528030010,7,5,-2
6220260626010006,7,6,-1
6320241009020004,7,4,-3
6320241021010002,7,6,-1
6320241021010004,7,6,-1
6320241021010012,7,6,-1
6320241101010005,9,8,-1
6320241101020007,9,7,-2
6320241116020001,7,6,-1
6320241116020003,7,5,-2
6320241116020005,7,5,-2
6320241116030001,6,3,-3
6320241125030005,7,6,-1
6320241125030010,7,6,-1
6320241201030003,7,6,-1
6320241209020006,7,5,-2
6320250111010003,7,6,-1
6320250111020001,7,5,-2
6320250111030002,6,5,-1
6320250111030006,7,6,-1
6320250206010001,7,0,-7
6320250206010002,7,0,-7
6320250206010003,7,0,-7
6320250206020003,7,0,-7
6320250218010006,7,5,-2
6320250223010003,7,6,-1
6320250311010010,7,6,-1
6320250311010011,7,5,-2
6320250311020004,7,6,-1
6320250311020005,7,6,-1
6320250311020008,7,6,-1
6320250311030001,7,6,-1
6320250311030008,7,6,-1
6320250316020003,7,5,-2
6320250316020005,7,6,-1
6320250316030005,7,6,-1
6320250325020003,7,5,-2
6320250325030012,7,5,-2
6320250407010007,7,3,-4
6320250407020003,7,4,-3
6320250427010006,7,6,-1
6320250427020004,7,6,-1
6320250427030003,7,6,-1
6320250427030005,7,6,-1
6320250525020007,7,4,-3
6320250604030003,7,6,-1
6320250630010002,7,6,-1
6320250630030004,7,6,-1
6320250630030006,7,6,-1
6320250914020002,6,5,-1
6320250921030001,7,5,-2
6320251003030005,7,6,-1
6320251003030006,7,5,-2
6320251010030002,7,6,-1
6320251010030007,7,6,-1
6320251019030002,7,6,-1
6320251215030004,7,6,-1
6320251215030005,6,4,-2
6320260117020001,7,6,-1
6320260117020007,7,6,-1
6320260117030001,5,4,-1
6320260125010004,7,6,-1
6320260125030001,7,4,-3
6320260125030007,7,6,-1
6320260221020008,7,5,-2
6320260221030004,7,6,-1
6320260221030005,6,5,-1
6320260221030006,6,5,-1
6320260221030010,7,6,-1
6320260319020001,9,7,-2
6320260319020010,9,7,-2
6320260319030010,9,7,-2
6320260319040006,9,8,-1
6320260319040010,9,8,-1
6320260410020002,7,6,-1
6320260418010007,7,4,-3
6320260501010004,7,6,-1
6320260501020003,7,6,-1
6320260501020004,7,5,-2
6320260517030005,7,6,-1
6320260603030010,7,6,-1
7120230103010003,6,5,-1
7120230103010012,7,5,-2
7120230103020001,7,6,-1
7120230103030010,7,6,-1
7120230120010003,7,6,-1
7120230302010004,7,6,-1
7120230302030006,7,6,-1
7120230315010008,7,5,-2
7120230315010012,7,4,-3
7120230315030004,7,4,-3
7120230322020012,7,6,-1
7120230403010002,7,4,-3
7120230403020002,5,0,-5
7120230403030005,7,5,-2
7120230403030007,7,6,-1
7120230410010001,7,6,-1
7120230410020008,7,6,-1
7120230410030001,6,5,-1
7120230426010008,7,6,-1
7120230426020011,7,4,-3
7120230426030003,7,3,-4
7120230510020011,7,6,-1
7120230510030010,7,6,-1
7120230610010003,7,6,-1
7120230610030003,7,6,-1
7120230610030004,7,6,-1
7120230619010005,7,5,-2
7120230619010006,7,6,-1
7120230619020002,7,5,-2
7120230625020004,7,6,-1
7120230625030005,7,6,-1
7120230702010001,7,5,-2
7120230715010004,7,6,-1
7120230715010011,7,6,-1
7120230715020010,7,6,-1
7120230715020012,7,6,-1
7120230715030007,6,5,-1
7120230715030010,7,6,-1
7120230805020001,7,6,-1
7120230827020005,7,6,-1
7120230827030006,7,6,-1
7120230827030008,7,6,-1
7120230908020005,7,6,-1
7120230908030003,7,6,-1
7120230918020004,7,6,-1
7120230923010002,7,6,-1
7120230923020005,7,4,-3
7120230930030005,7,3,-4
7120230930030007,7,6,-1
7120231016020004,7,6,-1
7120231030010001,7,5,-2
7120231030010007,7,6,-1
7120231109030005,7,6,-1
7120231123030001,7,6,-1
7120231202010001,7,5,-2
7120231202030005,7,4,-3
7120231210010011,7,6,-1
7120231210020002,7,6,-1
7120231210020007,7,6,-1
7120231225010003,7,6,-1
7120231225020011,7,6,-1
7120240106020001,6,5,-1
7120240125030002,6,5,-1
7120240217010004,9,7,-2
7120240217020001,8,7,-1
7120240217020003,8,4,-4
7120240217020011,9,8,-1
7120240217040007,9,8,-1
7120240217040012,9,8,-1
7120240225010001,7,6,-1
7120240225010008,7,6,-1
7120240225020006,7,6,-1
7120240311020002,7,5,-2
7120240311020008,7,5,-2
7120240311030004,7,6,-1
7120240324010005,7,6,-1
7120240402020001,7,6,-1
7120240407010007,7,6,-1
7120240501010001,7,6,-1
7120240501030005,7,6,-1
7120240509010001,7,6,-1
7120240509020005,7,5,-2
7120240509030001,6,5,-1
7120240509030004,7,6,-1
7120240509030005,7,6,-1
7120240520030002,7,5,-2
7120240520030004,7,6,-1
7120240604020002,7,6,-1
7120240610020003,7,6,-1
7120240610020006,7,6,-1
7120240620010011,7,6,-1
7120240718030001,6,5,-1
7120240718030006,7,3,-4
7120240824020007,7,6,-1
7120240831010001,7,5,-2
7120240914010002,7,6,-1
7120240924020004,7,6,-1
7120241003010007,7,5,-2
7120241003030001,6,5,-1
7120241003030002,7,6,-1
7120241019020001,7,6,-1
7120241029010005,7,5,-2
7120241029020003,7,6,-1
7120241108020003,7,6,-1
7120241108020006,7,4,-3
7120241119010005,7,5,-2
7120241119010007,7,5,-2
7120241119030006,7,6,-1
7120241124020001,7,6,-1
7120241124030005,7,5,-2
7120250107010001,6,5,-1
7120250107020011,7,5,-2
7120250107020012,7,5,-2
7120250107030009,7,6,-1
7120250107030012,7,5,-2
7120250120030011,7,4,-3
7120250125010002,7,6,-1
7120250130010005,9,7,-2
7120250130020002,9,8,-1
7120250130020009,9,7,-2
7120250130030005,9,8,-1
7120250130040002,9,8,-1
7120250130040004,9,7,-2
7120250212020004,7,5,-2
7120250212030001,7,6,-1
7120250212030008,7,6,-1
7120250317010012,7,6,-1
7120250317020003,7,6,-1
7120250317030002,7,6,-1
7120250401010006,7,6,-1
7120250401020007,7,4,-3
7120250410010006,7,5,-2
7120250410020002,7,6,-1
7120250410020003,7,6,-1
7120250410020007,7,5,-2
7120250410030001,6,3,-3
7120250505020003,7,6,-1
7120250505030003,7,6,-1
7120250515020001,6,4,-2
7120250521010004,7,6,-1
7120250521020004,7,6,-1
7120250521020005,7,5,-2
7120250529010006,7,6,-1
7120250529030008,7,4,-3
7120250529030009,7,6,-1
7320230108020001,7,6,-1
7320230118020001,7,6,-1
7320230118020003,7,6,-1
7320230118020008,7,6,-1
7320230118030001,6,5,-1
7320230118030002,6,5,-1
7320230123010007,7,6,-1
7320230123010010,7,6,-1
7320230123020001,7,6,-1
7320230123020003,7,4,-3
7320230213010002,7,5,-2
7320230213030006,7,6,-1
7320230213030008,7,5,-2
7320230414010008,7,6,-1
7320230503030003,7,6,-1
7320230511010005,7,5,-2
7320230511030002,7,4,-3
7320230531010002,7,5,-2
7320230531020003,7,6,-1
7320230531030004,7,0,-7
7320230616030007,7,6,-1
7320230706020007,9,8,-1
7320230821020007,7,6,-1
7320230821030006,7,6,-1
7320230905010004,7,6,-1
7320230905030002,7,6,-1
7320230929010001,7,3,-4
7320230929010004,7,6,-1
7320230929010006,7,6,-1
7320230929020001,5,4,-1
7320230929020006,7,6,-1
7320231026010008,7,6,-1
7320231026020003,7,4,-3
7320231106010010,7,6,-1
7320231106030001,7,6,-1
7320231117010002,7,5,-2
7320231117010003,7,6,-1
7320231117030007,7,6,-1
7320231217010001,7,6,-1
7320231217020008,7,6,-1
7320231225010012,7,4,-3
7320231225020010,7,6,-1
7320231231010003,6,5,-1
7320231231010007,7,6,-1
7320231231030004,7,6,-1
7320231231030011,7,6,-1
7320240113020001,6,5,-1
7320240113020009,7,5,-2
7320240121010004,7,6,-1
7320240201010009,7,6,-1
7320240201020010,7,5,-2
7320240206030004,7,6,-1
7320240329020002,7,5,-2
7320240329030002,7,6,-1
7320240329030004,7,6,-1
7320240416010002,7,6,-1
7320240416020003,7,6,-1
7320240626020004,7,6,-1
7320240626030004,7,5,-2
7320240704010005,9,7,-2
7320240704020012,9,7,-2
7320240704040005,9,8,-1
7320240723010002,7,6,-1
7320240723030003,7,6,-1
7320240723030004,7,6,-1
7320240813020002,7,5,-2
7320240813030011,7,6,-1
7320240822020003,7,4,-3
7320240828010009,7,6,-1
7320240906010007,7,5,-2
7320240906020002,7,6,-1
7320240906020006,7,5,-2
7320240922020001,7,6,-1
7320240922030001,7,6,-1
7320240922030007,7,0,-7
7320240929010012,7,4,-3
7320240929020010,7,6,-1
7320241025010012,7,6,-1
7320241115030004,7,5,-2
7320241121020005,7,6,-1
7320241202010002,7,4,-3
7320241202020001,6,5,-1
7320241209020001,7,6,-1
7320241220010003,7,6,-1
7320250103030005,7,6,-1
7320250301010001,7,6,-1
7320250301030006,7,6,-1
7320250301030010,7,5,-2
7320250703010011,9,8,-1
7320250703020009,9,8,-1
7320250703020010,9,8,-1
7320250703030006,9,8,-1
7320250703030011,9,7,-2
7320250703040002,7,6,-1
7320250703040004,9,8,-1
7320250703040010,9,8,-1
7320250709030007,7,5,-2
7320250709030011,7,6,-1
7320250730010008,7,6,-1
7320250730020011,7,5,-2
7320250730030011,7,6,-1
7320250730030012,7,6,-1
7320250808030001,7,5,-2
7320250831020005,7,6,-1
7320250831020006,7,5,-2
7320250831030005,7,6,-1
7320250918020007,7,6,-1
7320250925020006,7,6,-1
7320251015020001,7,6,-1
7320251020030005,7,6,-1
7320251027020003,7,6,-1
7320251027020005,7,6,-1
7320251103010007,7,4,-3
7320251112020004,7,5,-2
7320251112020006,7,6,-1
7320251112020010,7,4,-3
7320251117020002,7,6,-1
7320251122020001,6,5,-1
7320251122030006,7,6,-1
7320251215010002,7,6,-1
7320260120010001,7,6,-1
7320260120010004,7,6,-1
7320260129010001,9,6,-3
7320260129010006,9,8,-1
7320260129020003,8,7,-1
7320260129030008,9,8,-1
7320260205010004,7,6,-1
7320260205030002,7,5,-2
7320260214010009,7,5,-2
7320260214030008,7,6,-1
7320260301020006,7,5,-2
7320260310010003,7,6,-1
7320260310010009,7,5,-2
7320260310020001,7,5,-2
7320260310020003,7,6,-1
7320260310020005,7,6,-1
7320260310020006,7,5,-2
7320260413010007,6,5,-1
7320260413030004,7,6,-1
7320260420010003,7,6,-1
7320260420030004,7,6,-1
7320260513020006,7,6,-1
7320260513020008,7,6,-1
7320260513030008,7,6,-1
7320260625010003,7,6,-1
7420230202010006,7,6,-1
7420230202030006,7,4,-3
7420230202030008,7,6,-1
7420230211010005,7,5,-2
7420230211010006,7,5,-2
7420230216010001,7,5,-2
7420230216010012,7,6,-1
7420230223010012,9,8,-1
7420230223020003,9,8,-1
7420230223040011,9,8,-1
7420230305020007,7,5,-2
7420230314010003,7,6,-1
7420230314010005,7,4,-3
7420230314020009,7,6,-1
7420230319010001,7,5,-2
7420230319020005,7,5,-2
7420230319020009,7,5,-2
7420230406010005,9,8,-1
7420230406010011,9,8,-1
7420230406030001,8,7,-1
7420230406030005,9,8,-1
7420230514010002,7,4,-3
7420230514010004,7,5,-2
7420230514010005,7,5,-2
7420230514010006,7,5,-2
7420230514020008,7,6,-1
7420230514020009,7,6,-1
7420230514030005,7,6,-1
7420230523010005,7,6,-1
7420230523010010,7,6,-1
7420230523020009,7,5,-2
7420230523030008,7,6,-1
7420230607020008,7,5,-2
7420230607030009,7,6,-1
7420230622010003,7,5,-2
7420230622020002,7,5,-2
7420230701030001,7,4,-3
7420230716020002,7,6,-1
7420230804010003,7,6,-1
7420230804010009,7,5,-2
7420230804030003,7,6,-1
7420230816010004,7,6,-1
7420230816020006,7,6,-1
7420230816020007,7,6,-1
7420230828010004,7,5,-2
7420230828010007,7,6,-1
7420230828020012,7,6,-1
7420230828030012,7,5,-2
7420230908010006,7,6,-1
7420230908020002,7,6,-1
7420230928010002,7,6,-1
7420230928020006,7,4,-3
7420230928030001,7,5,-2
7420231005020008,7,6,-1
7420231005030009,7,6,-1
7420231017010001,7,6,-1
7420231017010006,7,6,-1
7420231017010008,7,6,-1
7420231017020002,7,6,-1
7420231017020003,7,5,-2
7420231017030002,6,5,-1
7420231114020002,7,6,-1
7420231114030004,7,6,-1
7420231121020001,7,6,-1
7420231121020008,7,6,-1
7420240103010011,7,6,-1
7420240103020009,7,3,-4
7420240304010001,7,6,-1
7420240304010006,7,6,-1
7420240304030002,7,5,-2
7420240304030008,7,6,-1
7420240317020003,7,6,-1
7420240411030004,9,6,-3
7420240411030010,9,8,-1
7420240411040001,9,8,-1
7420240411040006,7,6,-1
7420240424010010,7,5,-2
7420240424020005,7,6,-1
7420240430010002,7,5,-2
7420240514020006,7,6,-1
7420240514020007,7,4,-3
7420240525010009,9,7,-2
7420240525020005,9,7,-2
7420240525020007,9,8,-1
7420240710030001,7,6,-1
7420240718020001,6,5,-1
7420240718020011,7,6,-1
7420240718020012,7,5,-2
7420240718030001,6,5,-1
7420240718030004,7,6,-1
7420240718030007,7,5,-2
7420240725020004,7,6,-1
7420240801020011,7,4,-3
7420240801030005,7,6,-1
7420240820010007,7,5,-2
7420240820020006,7,5,-2
7420240820030007,7,6,-1
7420240917020005,7,6,-1
7420240917030004,7,6,-1
7420240917030008,7,5,-2
7420240917030012,7,5,-2
7420241112010002,7,6,-1
7420241112020001,7,6,-1
7420241126020010,7,5,-2
7420241126030011,7,6,-1
7420241225010009,7,6,-1
7420241225010010,7,6,-1
7420241230020003,7,5,-2
7420241230020005,7,4,-3
7420250108020005,7,6,-1
7420250120010003,7,6,-1
7420250120010005,7,5,-2
7420250120030002,6,4,-2
7420250205020007,7,6,-1
7420250205020008,7,6,-1
7420250226010002,7,0,-7
7420250319020001,6,5,-1
7420250324010003,7,6,-1
7420250324030003,7,6,-1
7420250403010001,9,7,-2
7420250403010003,9,6,-3
7420250403010012,9,6,-3
7420250403020010,9,8,-1
7420250403020012,9,7,-2
7420250403040005,9,7,-2
7420250403040011,9,8,-1
7420250410010008,7,5,-2
7420250410010009,7,6,-1
7420250410020001,7,5,-2
7420250410020007,7,6,-1
7420250422020003,7,6,-1
7420250422020009,7,6,-1
7420250517010005,7,6,-1
7420250517030001,7,6,-1
7420250623010011,7,4,-3
7420250628010004,7,6,-1
7420250628030001,7,6,-1
7420250707010009,7,6,-1
7420250707020008,7,4,-3
7420250715010004,7,4,-3
7420250715020002,6,5,-1
7420250715020004,7,6,-1
7420250727010010,7,6,-1
7420250727030001,7,6,-1
7420250727030011,7,6,-1
7420250803020009,7,6,-1
7420250823010005,7,6,-1
7420250823010007,7,3,-4
7420250823020006,6,5,-1
7420250823020010,7,6,-1
7420250912030004,7,5,-2
7420250912030006,7,6,-1
7420250924020002,7,6,-1
7420251030020012,7,6,-1
7420251030030011,7,5,-2
7420251105010004,7,5,-2
7420251126010003,7,5,-2
7420251126020005,7,6,-1
7420260102010007,7,5,-2
7420260117020004,7,6,-1
7420260117030002,7,6,-1
7420260126020003,7,6,-1
7420260126030003,7,6,-1
7420260217020004,7,6,-1
7420260217020005,7,6,-1
7420260222010003,7,5,-2
7420260310010002,7,5,-2
7420260310020002,7,6,-1
7420260316020004,7,6,-1
7420260316020007,7,5,-2
7420260324030004,7,5,-2
7420260405010007,7,4,-3
7420260405010011,7,4,-3
7420260405030005,6,5,-1
7420260405030009,7,5,-2
7420260504010008,7,6,-1
7420260504020001,7,6,-1
7420260504020006,7,5,-2
7420260518030002,7,5,-2
7420260531020003,7,5,-2
7420260531020004,7,6,-1
7420260531030103,7,5,-2
7520230110010001,7,6,-1
7520230110010002,7,6,-1
7520230110010005,7,6,-1
7520230116010010,7,6,-1
7520230116020009,7,4,-3
7520230116030001,5,4,-1
7520230125020012,7,6,-1
7520230202010002,7,5,-2
7520230202010011,7,4,-3
7520230202020004,7,6,-1
7520230202030001,6,5,-1
7520230202030003,7,5,-2
7520230202030007,7,5,-2
7520230202030011,7,5,-2
7520230309010005,9,6,-3
7520230309010006,9,8,-1
7520230309020005,9,7,-2
7520230309030009,9,8,-1
7520230309030010,9,6,-3
7520230317010001,7,6,-1
7520230317020001,6,5,-1
7520230413010008,7,6,-1
7520230413030006,7,6,-1
7520230420010007,7,6,-1
7520230420020007,7,6,-1
7520230420020010,7,6,-1
7520230420020011,7,5,-2
7520230420030004,7,6,-1
7520230430030001,7,6,-1
7520230430030012,7,6,-1
7520230507010003,7,5,-2
7520230507030007,7,6,-1
7520230516010003,7,6,-1
7520231210010001,7,6,-1
7520231210010011,7,6,-1
7520231226010002,7,4,-3
7520240108010008,7,4,-3
7520240108030005,7,6,-1
7520240122010007,7,6,-1
7520240122020004,7,6,-1
7520240203010003,7,6,-1
7520240203020009,7,6,-1
7520240203030003,7,6,-1
7520240209020003,7,5,-2
7520240209030005,7,6,-1
7520240223010005,7,6,-1
7520240223010009,7,6,-1
7520240223020011,7,6,-1
7520240223030006,6,5,-1
7520240307010001,9,8,-1
7520240307010004,9,7,-2
7520240307010010,9,8,-1
7520240307020004,9,7,-2
7520240307040006,9,7,-2
7520240307040011,9,8,-1
7520240320020003,7,4,-3
7520240329020007,7,5,-2
7520240406010001,7,5,-2
7520240406010005,7,6,-1
7520240417010005,7,5,-2
7520240417020009,7,3,-4
7520240508010004,7,5,-2
7520240508030003,7,5,-2
7520240522010003,7,6,-1
7520240522030002,7,6,-1
7520240522030005,7,6,-1
7520240531010009,7,6,-1
7520240531020004,7,6,-1
7520240531020006,6,5,-1
7520240531030012,7,6,-1
7520240607010003,7,5,-2
7520240607020002,7,6,-1
7520240607030008,7,6,-1
7520240615010006,7,4,-3
7520240628020006,7,6,-1
7520240731030002,7,6,-1
7520240808010007,9,8,-1
7520240808010009,9,8,-1
7520240808040009,9,7,-2
7520240901010007,7,6,-1
7520240901020005,7,6,-1
7520240920010005,7,6,-1
7520240920020002,7,6,-1
7520240920020007,7,6,-1
7520241012020004,7,3,-4
7520241018010003,7,6,-1
7520241018020005,7,5,-2
7520241024020003,7,5,-2
7520241127020006,7,6,-1
7520241127020007,7,6,-1
7520241205010001,9,8,-1
7520241205020001,9,5,-4
7520241205020006,9,8,-1
7520241205020009,9,7,-2
7520241205030009,9,8,-1
7520241205030011,9,8,-1
7520241205040005,9,8,-1
7520241219010003,7,6,-1
7520241219010006,7,6,-1
7520241219030001,6,5,-1
7520241219030003,7,6,-1
7520241231010005,7,6,-1
7520241231010010,7,6,-1
7520250113010003,7,6,-1
7520250113020002,7,6,-1
7520250113020003,7,6,-1
7520250113020008,7,6,-1
7520250113030005,7,6,-1
7520250122010001,7,5,-2
7520250122010009,7,5,-2
7520250210020004,7,6,-1
7520250210030003,7,6,-1
7520260305010004,9,6,-3
7520260305010005,9,8,-1
7520260305020008,9,8,-1
7520260305030007,9,8,-1
7520260305030009,9,8,-1
7520260305040002,9,8,-1
7520260305040004,9,5,-4
7520260305040009,9,8,-1
7520260313020007,7,4,-3
7520260313020008,7,5,-2
7520260420010003,7,5,-2
7520260420020001,7,4,-3
7520260420020003,7,5,-2
7520260501030007,7,6,-1
7520260508020010,7,6,-1
7520260508030001,7,6,-1
7520260520010005,7,4,-3
7520260520020009,7,6,-1
7520260520020012,7,6,-1
7520260520030002,7,6,-1
7520260520030003,7,5,-2
7520260520030011,7,6,-1
7520260526030004,7,5,-2
7520260619010004,7,6,-1
7520260619030001,7,6,-1
8120230109010003,7,6,-1
8120230109010004,7,5,-2
8120230109010005,7,6,-1
8120230109020011,7,6,-1
8120230120010003,7,6,-1
8120230120010012,7,6,-1
8120230120020012,7,5,-2
8120230131010007,7,6,-1
8120230131010009,7,6,-1
8120230131030011,7,3,-4
8120230131030012,7,4,-3
8120230205020001,7,6,-1
8120230205030006,7,6,-1
8120230212010008,7,5,-2
8120230218010007,7,6,-1
8120230218020004,7,4,-3
8120230227010009,7,6,-1
8120230306010007,7,5,-2
8120230306020002,7,6,-1
8120230314010002,7,6,-1
8120230319010001,7,6,-1
8120230319030001,6,5,-1
8120230329020002,7,6,-1
8120230329020004,7,6,-1
8120230410020002,7,6,-1
8120230410030001,7,6,-1
8120230417010002,7,6,-1
8120230422010003,7,6,-1
8120230422010009,7,5,-2
8120230422020001,7,6,-1
8120230422030001,7,6,-1
8120230504010003,7,6,-1
8120230504010005,7,6,-1
8120230504020002,6,5,-1
8120230526030005,7,6,-1
8120230608030005,6,4,-2
8120230628030009,7,6,-1
8120230723010008,7,6,-1
8120230723010009,7,5,-2
8120230723020008,6,5,-1
8120230723030005,7,5,-2
8120230729020005,7,5,-2
8120230729020007,7,5,-2
8120230805030003,7,6,-1
8120230815020005,7,6,-1
8120230824010004,7,6,-1
8120230824020007,7,5,-2
8120231017010006,7,6,-1
8120231017010008,7,6,-1
8120231017030001,7,6,-1
8120231111020002,7,6,-1
8120231111020007,7,6,-1
8120231111030009,7,6,-1
8120231121010004,9,7,-2
8120231121030001,7,6,-1
8120231121030007,9,8,-1
8120231121060009,9,6,-3
8120231121060010,9,8,-1
8120231221020003,7,5,-2
8120231229020008,7,3,-4
8120240104010001,7,5,-2
8120240104020001,6,5,-1
8120240104020002,6,4,-2
8120240113010007,7,5,-2
8120240113020002,7,6,-1
8120240113020009,7,5,-2
8120240113020010,7,6,-1
8120240113030008,7,6,-1
8120240121030011,7,6,-1
8120240131010012,7,6,-1
8120240131020012,7,6,-1
8120240206030001,7,6,-1
8120240211030001,7,6,-1
8120240219030002,7,6,-1
8120240219030004,7,6,-1
8120240219030006,7,5,-2
8120240219030009,7,6,-1
8120240302030001,7,6,-1
8120240306020010,7,3,-4
8120240306020012,7,6,-1
8120240311010004,7,6,-1
8120240311010009,7,6,-1
8120240318010008,7,5,-2
8120240318020004,7,4,-3
8120240323020005,7,6,-1
8120240323030007,7,5,-2
8120240410020004,7,5,-2
8120240410020007,7,6,-1
8120240425020006,7,5,-2
8120240506010003,7,6,-1
8120240523010007,7,6,-1
8120240523020004,7,6,-1
8120240603010001,6,5,-1
8120240603010005,7,6,-1
8120240603020001,5,4,-1
8120240603020006,7,5,-2
8120240603030001,7,6,-1
8120240616010007,7,6,-1
8120240622010003,7,6,-1
8120240622010004,7,6,-1
8120240622010005,7,6,-1
8120240622030001,6,5,-1
8120240626010002,7,6,-1
8120240626030011,7,6,-1
8120240705020003,7,4,-3
8120241119020004,9,8,-1
8120241119020006,9,8,-1
8120241119030003,8,7,-1
8120241119030005,9,8,-1
8120241119040010,9,7,-2
8120241119040011,9,7,-2
8120241119050009,9,7,-2
8120241119050012,9,6,-3
8120241130030005,7,5,-2
8120241209010005,7,6,-1
8120241209020004,7,6,-1
8120241213020002,7,6,-1
8120241213020005,7,6,-1
8120241227010007,7,6,-1
8120241227010010,7,5,-2
8120241227030002,7,6,-1
8120250111010005,7,6,-1
8120250111010010,7,6,-1
8120250131010006,7,6,-1
8120250131020009,7,5,-2
8120250211030007,7,6,-1
8120250219010003,7,6,-1
8120250219020005,7,6,-1
8120250219020010,7,5,-2
8120250219030001,7,5,-2
8120250219030004,7,5,-2
8120250223030004,7,6,-1
8120250310010002,7,6,-1
8120250310010003,7,6,-1
8120250317020005,7,6,-1
8120250317020007,7,6,-1
8120250317020009,7,5,-2
8120250322020001,7,6,-1
8120250322020002,7,6,-1
8120250501010004,7,4,-3
8120250501020002,5,4,-1
8120250508020006,7,6,-1
8120250508020007,7,5,-2
8120250508020009,7,6,-1
8120250526010002,7,6,-1
8120250526020009,7,6,-1
8120250526030002,7,6,-1
8120250610020001,7,6,-1
8120250618010001,7,5,-2
8120250713020008,7,6,-1
8120250808010001,9,8,-1
8120250808010005,9,8,-1
8120250808020008,9,7,-2
8120250808020012,9,6,-3
8120250808040003,8,7,-1
8120250808040004,9,7,-2
8120250815030004,7,6,-1
8120250820020010,7,5,-2
8120250906020006,7,6,-1
8120250916010007,7,4,-3
8120250924010009,7,5,-2
8120250924030008,7,6,-1
8120250924030009,7,5,-2
8120250924030010,7,6,-1
8120251119010005,9,8,-1
8120251119020007,8,6,-2
8120251119030002,9,8,-1
8120251119030004,9,8,-1
8120251119030012,7,5,-2
8120251119040011,9,8,-1
8120251119050010,9,7,-2
8120251119050012,9,6,-3
8120251119060006,9,8,-1
8120251119060010,9,8,-1
8120251119060012,9,8,-1
8120251203030008,7,6,-1
8120251218030001,7,6,-1
8120251224020002,7,6,-1
8120251230010008,7,6,-1
8120251230020010,7,5,-2
8120260108010004,7,6,-1
8120260108020007,7,5,-2
8120260108030002,6,3,-3
8120260108030005,7,6,-1
8120260113020003,7,6,-1
8120260113020007,7,6,-1
8120260113030007,7,5,-2
8120260126020007,7,5,-2
8120260207020012,7,5,-2
8120260207030010,7,6,-1
8120260217020005,7,5,-2
8120260226010007,7,4,-3
8120260226020004,7,3,-4
8120260306010012,7,5,-2
8120260306020009,7,6,-1
8120260319010006,7,6,-1
8120260319020004,7,6,-1
8120260319020005,7,6,-1
8120260319030002,7,6,-1
8120260319030004,6,5,-1
8120260326020006,7,3,-4
8120260401020003,7,5,-2
8120260413010002,7,6,-1
8120260422030001,7,6,-1
8120260528030008,7,6,-1
8120260626020003,7,4,-3
8120260626020005,7,5,-2
8120260626020011,7,6,-1
8320230104010007,7,6,-1
8320230123020102,6,5,-1
8320230123040006,7,6,-1
8320230129020010,7,4,-3
8320230218010003,7,6,-1
8320230218020006,7,6,-1
8320230218020007,7,6,-1
8320230301030007,7,6,-1
8320230311020002,7,6,-1
8320230401030007,7,6,-1
8320230427010002,9,6,-3
8320230427010008,9,7,-2
8320230427010011,9,8,-1
8320230427040010,9,8,-1
8320230526020002,7,5,-2
8320230624010004,9,8,-1
8320230624020003,9,6,-3
8320230624030005,9,7,-2
8320230624030010,9,6,-3
8320230624040003,9,8,-1
8320230624040005,9,8,-1
8320230624040011,9,6,-3
8320230710010001,7,6,-1
8320230710010011,7,6,-1
8320230710020008,7,6,-1
8320230710030008,7,6,-1
8320230710030010,7,6,-1
8320230802020002,7,6,-1
8320230802030004,7,6,-1
8320230821030009,7,6,-1
8320230915020002,7,6,-1
8320231006010005,9,7,-2
8320231006010006,9,7,-2
8320231006010012,9,5,-4
8320231006020008,9,8,-1
8320231023010006,7,5,-2
8320231029020003,7,5,-2
8320231029030005,7,5,-2
8320231211010011,7,6,-1
8320231211030004,7,6,-1
8320231219010009,7,5,-2
8320231224010001,7,5,-2
8320231224020008,7,5,-2
8320231224020009,7,5,-2
8320240110020002,7,6,-1
8320240110030001,6,5,-1
8320240126020004,7,5,-2
8320240126030005,7,6,-1
8320240209010009,7,6,-1
8320240209020009,7,4,-3
8320240225010006,7,6,-1
8320240225010008,7,5,-2
8320240225030006,6,4,-2
8320240413030001,7,6,-1
8320240413030009,7,6,-1
8320240426020004,7,6,-1
8320240503010009,7,6,-1
8320240503020008,7,5,-2
8320240710030008,7,6,-1
8320240801020008,7,4,-3
8320240912030005,7,4,-3
8320240929020005,7,6,-1
8320241006030002,7,6,-1
8320241021020004,7,6,-1
8320241027010001,7,6,-1
8320241027010004,7,6,-1
8320241027020003,7,6,-1
8320241227020003,7,6,-1
8320250102030003,7,6,-1
8320250116010009,7,5,-2
8320250116020012,7,5,-2
8320250116030012,7,6,-1
8320250128020009,7,5,-2
8320250301010005,7,6,-1
8320250301010006,7,6,-1
8320250301010009,7,6,-1
8320250301020008,7,6,-1
8320250301020010,7,6,-1
8320250301030003,7,5,-2
8320250310030011,7,6,-1
8320250628010011,9,8,-1
8320250628020010,9,7,-2
8320250628030001,7,4,-3
8320250628040012,9,7,-2
8320250715020010,7,6,-1
8320250715020011,7,6,-1
8320250801010007,7,5,-2
8320250801020004,7,5,-2
8320250827020007,7,5,-2
8320250827020008,7,6,-1
8320251001020002,7,6,-1
8320251001030004,7,6,-1
8320251116010003,7,6,-1
8320251116010005,7,4,-3
8320251125020002,7,5,-2
8320251130020001,7,6,-1
8320251224020002,7,6,-1
8320260106030011,7,5,-2
8320260123020007,7,5,-2
8320260201010005,7,6,-1
8320260217020003,7,5,-2
8320260301010002,7,6,-1
8320260307010001,7,5,-2
8320260307010007,7,6,-1
8320260327020011,7,5,-2
8320260410010009,7,6,-1
8320260422020003,7,6,-1
8320260501020001,7,6,-1
8320260501030003,7,6,-1
8320260517010001,7,6,-1
8320260517020003,7,5,-2
8320260517030010,7,4,-3
8320260604010004,9,8,-1
8320260604010006,9,8,-1
8320260604020007,9,7,-2
8320260604040006,9,7,-2
8320260622020005,7,6,-1
8420230408010006,7,6,-1
8420230408020001,6,5,-1
8420230408020003,7,6,-1
8420230416010008,7,6,-1
8420230422020003,9,8,-1
8420230422030001,9,5,-4
8420230422030011,9,4,-5
8420230422040008,9,8,-1
8420230501020004,7,6,-1
8420230501030004,7,6,-1
8420230501030006,7,6,-1
8420230518010007,7,6,-1
8420230518010010,7,6,-1
8420230518020008,7,6,-1
8420230518020011,7,3,-4
8420230604010002,7,6,-1
8420230604010003,7,3,-4
8420230604030001,7,6,-1
8420230625010006,7,6,-1
8420230625020001,6,5,-1
8420230706020010,7,4,-3
8420230706030006,6,4,-2
8420230722010005,7,6,-1
8420230722020006,7,6,-1
8420230722020007,7,5,-2
8420230722030005,7,6,-1
8420230811010007,7,6,-1
8420230920010004,7,6,-1
8420230928010007,7,5,-2
8420231003020001,7,4,-3
8420231010010001,7,6,-1
8420231010020010,7,6,-1
8420231010030004,7,6,-1
8420231015030001,7,5,-2
8420231026020008,7,3,-4
8420231026030004,7,5,-2
8420240302020002,7,6,-1
8420240302020005,7,6,-1
8420240308030001,7,6,-1
8420240322010006,7,5,-2
8420240322020002,7,6,-1
8420240322020005,7,6,-1
8420240328010008,9,6,-3
8420240328010009,9,8,-1
8420240328010010,9,8,-1
8420240328020003,9,8,-1
8420240328030007,9,8,-1
8420240328040001,9,8,-1
8420240409020003,7,6,-1
8420240409030004,7,5,-2
8420240416010007,7,6,-1
8420240511020006,9,7,-2
8420240511030003,7,5,-2
8420240511030004,9,8,-1
8420240511030008,9,7,-2
8420240519030001,7,4,-3
8420240526020002,7,6,-1
8420240526020011,7,6,-1
8420240604020005,7,4,-3
8420240604030001,7,6,-1
8420240627030006,7,6,-1
8420240731010001,7,6,-1
8420240731020001,6,5,-1
8420240731020004,7,6,-1
8420240816010003,7,6,-1
8420240816010005,7,6,-1
8420240816020005,7,5,-2
8420240827020009,7,6,-1
8420240910020006,7,6,-1
8420240910020011,7,5,-2
8420240910030001,7,6,-1
8420241017030002,7,6,-1
8420241024010005,7,4,-3
8420241024030004,7,6,-1
8420241024030007,7,5,-2
8420241105010005,7,5,-2
8420241105010012,7,5,-2
8420241105020009,7,6,-1
8420241105020010,7,6,-1
8420241230010008,7,5,-2
8420241230020003,7,6,-1
8420241230030004,7,6,-1
8420250313010007,7,6,-1
8420250313030001,7,5,-2
8420250319010001,7,6,-1
8420250319020002,7,6,-1
8420250319020003,7,6,-1
8420250319030004,7,6,-1
8420250329020002,7,6,-1
8420250329030006,7,6,-1
8420250329030009,7,4,-3
8420250410010001,9,7,-2
8420250410010010,9,8,-1
8420250410020007,9,8,-1
8420250410020010,9,8,-1
8420250410020011,9,8,-1
8420250410040001,8,7,-1
8420250505010005,7,5,-2
8420250520030006,7,6,-1
8420250601020003,7,6,-1
8420250601020004,7,5,-2
8420250622020007,7,6,-1
8420250704010003,7,6,-1
8420250704010007,7,6,-1
8420250803020006,7,6,-1
8420250803030003,7,6,-1
8420250901010004,7,6,-1
8420250901010009,7,6,-1
8420250901010011,7,6,-1
8420250908010001,7,6,-1
8420250908010003,7,4,-3
8420250914020007,7,6,-1
8420251002020002,7,4,-3
8420251111010002,7,6,-1
8420251111020007,7,6,-1
8420251111020012,7,5,-2
8420251226020005,7,6,-1
8420260118020003,7,6,-1
8420260309010001,7,5,-2
8420260309020005,7,6,-1
8420260319010005,7,6,-1
8420260319010007,7,5,-2
8420260319020008,7,6,-1
8420260319030005,6,4,-2
8420260402010004,7,6,-1
8420260402020007,7,6,-1
8420260418020004,9,8,-1
8420260418020012,9,8,-1
8420260418030008,9,7,-2
8420260418030010,9,8,-1
8420260418030012,9,8,-1
8420260513020006,7,6,-1
8420260523010002,9,8,-1
8420260612010001,7,6,-1
8420260621030001,7,6,-1
8420260621030005,7,0,-7
8520230208030003,7,6,-1
8520230208030006,7,5,-2
8520230215020008,7,6,-1
8520230215030004,7,6,-1
8520230224010003,7,6,-1
8520230224010006,7,6,-1
8520230224010007,7,5,-2
8520230224020002,6,5,-1
8520230307020005,7,6,-1
8520230307030001,7,6,-1
8520230502010002,7,5,-2
8520230502020002,7,6,-1
8520230502030012,7,5,-2
8520230727010012,7,5,-2
8520230727020001,7,5,-2
8520230727020002,7,6,-1
8520230809010102,7,6,-1
8520230809030002,6,5,-1
8520230809030005,7,6,-1
8520230809030009,7,6,-1
8520230818020001,7,6,-1
8520230830010008,7,5,-2
8520230830010010,7,4,-3
8520230830020010,7,4,-3
8520230830020012,7,6,-1
8520230830030002,7,6,-1
8520230908010004,7,6,-1
8520230908010005,7,6,-1
8520230908020009,7,6,-1
8520230908020011,7,6,-1
8520230923010005,7,6,-1
8520230923010010,7,6,-1
8520230923020001,7,6,-1
8520230923030003,7,6,-1
8520230923030004,7,5,-2
8520230923030012,7,5,-2
8520231013030001,7,6,-1
8520231013030003,7,6,-1
8520231107010001,7,6,-1
8520231107010006,7,6,-1
8520231107020002,7,6,-1
8520231107020004,7,5,-2
8520231124010001,7,6,-1
8520231124020008,7,6,-1
8520231124020009,7,6,-1
8520231124030004,7,6,-1
8520231214010005,9,6,-3
8520231214020007,9,7,-2
8520231214030008,9,6,-3
8520231214040006,9,8,-1
8520231223010002,7,5,-2
8520231223020004,7,6,-1
8520231223030005,7,6,-1
8520240101010003,7,6,-1
8520240101030007,7,6,-1
8520240118010003,7,6,-1
8520240118010004,7,6,-1
8520240118030005,7,5,-2
8520240128030007,7,5,-2
8520240215010004,7,6,-1
8520240215020012,7,5,-2
8520240215030005,7,5,-2
8520240228010012,7,6,-1
8520240228030012,7,6,-1
8520240326010006,7,5,-2
8520240326010007,7,6,-1
8520240326030005,7,5,-2
8520240401020006,7,5,-2
8520240408010007,7,4,-3
8520240408020002,7,6,-1
8520240408020009,7,6,-1
8520240408030010,7,5,-2
8520240422010007,7,5,-2
8520240422020002,7,6,-1
8520240422020007,7,6,-1
8520240528010007,7,6,-1
8520240617020004,7,5,-2
8520240617030002,7,6,-1
8520240617030005,7,6,-1
8520240707020008,7,2,-5
8520240716020005,7,6,-1
8520240722030007,7,6,-1
8520240813020001,6,5,-1
8520240813020005,7,6,-1
8520240822020006,7,6,-1
8520240822030001,7,6,-1
8520240920020004,7,6,-1
8520240920020010,7,5,-2
8520240920030010,7,5,-2
8520240920030012,7,6,-1
8520241015030007,7,6,-1
8520241101010008,7,4,-3
8520241109010006,7,6,-1
8520241109010007,7,6,-1
8520241109020002,7,6,-1
8520241127010003,7,6,-1
8520241127010005,7,6,-1
8520241219020006,9,7,-2
8520241219020012,9,8,-1
8520241219030001,6,5,-1
8520241219030005,9,7,-2
8520241219030009,9,8,-1
8520241219040009,9,8,-1
8520250111030002,7,5,-2
8520250123010004,7,6,-1
8520250217020009,7,6,-1
8520250225010007,7,6,-1
8520250304020004,7,6,-1
8520250304030003,7,6,-1
8520250321010006,7,5,-2
8520250321020003,7,6,-1
8520250403010001,7,6,-1
8520250403010007,7,6,-1
8520250403020001,7,4,-3
8520250403020010,7,5,-2
8520250423020002,7,6,-1
8520250423020005,7,6,-1
8520250423030003,7,5,-2
8520250501020007,7,5,-2
8520250501030005,7,6,-1
8520250523010003,7,6,-1
8520250528020003,7,6,-1
8520250701020003,7,6,-1
8520250709020009,7,5,-2
8520250709020011,7,6,-1
8520250709020012,7,6,-1
8520250722010001,7,6,-1
8520250722010009,7,6,-1
8520250803010004,7,6,-1
8520250803020002,7,6,-1
8520250812030004,7,6,-1
8520250911030007,7,6,-1
8520250911030008,7,6,-1
8520251006010009,7,6,-1
8520251006010011,7,6,-1
8520251013020004,7,6,-1
8520251013020007,7,6,-1
8520251013030003,6,4,-2
8520251029010001,7,6,-1
8520251029010010,7,6,-1
8520251204010008,9,8,-1
8520251204030010,9,8,-1
8620221231010011,7,6,-1
8620221231020001,6,5,-1
8620230106010001,7,6,-1
8620230106020010,7,6,-1
8620230117010007,7,4,-3
8620230117010008,7,6,-1
8620230117020002,7,6,-1
8620230117030002,7,6,-1
8620230117030006,7,6,-1
8620230123010009,7,6,-1
8620230123030109,7,5,-2
8620230131010003,7,6,-1
8620230224010005,7,6,-1
8620230224010009,7,4,-3
8620230318010011,9,8,-1
8620230318030002,9,8,-1
8620230318030012,9,7,-2
8620230318040010,9,8,-1
8620230318040012,9,8,-1
8620230327010005,7,5,-2
8620230327020007,7,6,-1
8620230327030007,7,3,-4
8620230407030010,7,5,-2
8620230416010003,7,6,-1
8620230428010003,7,4,-3
8620230428030009,7,6,-1
8620230511020006,7,6,-1
8620230511030001,5,4,-1
8620230511030005,7,6,-1
8620230518010002,7,6,-1
8620230523010003,7,6,-1
8620230523020003,7,6,-1
8620230601030010,7,6,-1
8620230610030001,7,6,-1
8620230620010001,7,5,-2
8620230630010003,7,6,-1
8620230630020005,7,5,-2
8620230630020008,7,4,-3
8620230630020011,7,6,-1
8620230630030005,7,6,-1
8620230707020003,7,6,-1
8620230713010006,7,6,-1
8620230713020006,7,5,-2
8620230713030004,7,6,-1
8620230815010011,7,6,-1
8620230815020003,7,5,-2
8620230829010006,7,4,-3
8620230829020006,7,5,-2
8620230903010002,7,6,-1
8620230913010006,7,5,-2
8620230913020004,7,6,-1
8620230919020001,7,6,-1
8620231002010002,7,6,-1
8620231002020001,7,6,-1
8620231106010010,7,5,-2
8620231106020009,7,5,-2
8620231119010005,7,6,-1
8620231127010001,7,6,-1
8620231127010004,7,6,-1
8620231207010007,9,8,-1
8620231207010010,9,8,-1
8620231207020008,9,7,-2
8620231207040012,9,7,-2
8620231214010009,7,5,-2
8620231219010002,7,6,-1
8620231219020002,6,5,-1
8620231228010004,7,5,-2
8620231228030004,7,6,-1
8620240103010008,7,6,-1
8620240103010012,7,5,-2
8620240109020002,7,6,-1
8620240207030006,7,6,-1
8620240212010004,7,4,-3
8620240301010002,7,6,-1
8620240301020004,7,6,-1
8620240311010001,7,4,-3
8620240311010009,7,4,-3
8620240311010011,7,6,-1
8620240311030002,7,6,-1
8620240317010004,7,5,-2
8620240415020002,6,5,-1
8620240504010002,7,6,-1
8620240504010003,7,6,-1
8620240504020003,7,6,-1
8620240504020004,7,6,-1
8620240504030007,7,6,-1
8620240523020009,7,6,-1
8620240523030006,7,6,-1
8620240601010005,7,5,-2
8620240618020001,6,5,-1
8620240618020006,7,4,-3
8620240618030002,5,4,-1
8620240625010005,7,5,-2
8620240625020007,7,6,-1
8620240708010004,7,6,-1
8620240708020001,6,5,-1
8620240708030005,7,6,-1
8620240725030006,9,6,-3
8620240725030007,9,8,-1
8620240725030008,9,0,-9
8620240725040006,9,7,-2
8620240804010002,7,6,-1
8620240804010007,7,6,-1
8620240804030003,7,5,-2
8620240819020004,7,6,-1
8620240831030003,7,6,-1
8620240906020011,7,6,-1
8620240906030001,7,6,-1
8620240921030002,7,6,-1
8620240926030005,7,5,-2
8620241011020003,7,6,-1
8620241011020009,9,8,-1
8620241011030007,9,7,-2
8620241011030010,9,8,-1
8620241106010005,7,6,-1
8620241201010008,7,6,-1
8620241201010009,7,6,-1
8620241215020003,7,5,-2
8620241225020005,7,6,-1
8620241225020007,7,6,-1
8620241225030006,7,6,-1
8620250107020009,7,6,-1
8620250126010002,7,6,-1
8620250126020008,7,6,-1
8620250208010005,7,6,-1
8620250215020007,7,5,-2
8620250307010006,7,6,-1
8620250307020005,7,5,-2
8620250314020005,7,5,-2
8620250324020009,7,6,-1
8620250324030005,7,6,-1
8620250402010002,7,5,-2
8620250415020011,7,6,-1
8620250415030010,7,5,-2
8620250425020003,7,6,-1
8620250425020004,7,6,-1
8620250509010001,7,5,-2
8620250509020005,7,5,-2
8620250509020010,7,6,-1
8620250509030002,7,6,-1
8620250509030011,7,6,-1
8620250518010003,7,5,-2
8620250518020006,7,5,-2
8620250605010003,9,7,-2
8620250605010005,9,8,-1
8620250605030001,8,7,-1
8620250704030004,7,5,-2
8620250704030005,7,4,-3
8620250719030004,7,5,-2
8620250719030007,7,6,-1
8620250728010006,7,5,-2
8620250728010008,7,5,-2
8620250728010012,7,5,-2
8620250728020005,7,3,-4
8620250728030012,7,6,-1
8620250806010009,7,5,-2
8620250828010003,7,6,-1
8620250828020001,6,5,-1
8620250828030003,7,5,-2
8620250909020004,7,6,-1
8620250921010009,7,6,-1
8620250921020005,7,6,-1
8620250930010005,7,6,-1
8620251016010008,9,7,-2
8620251016010010,9,5,-4
8620251016030011,9,7,-2
8620251102010005,7,4,-3
8620251102030002,6,5,-1
8620251102030007,7,5,-2
8620251107010008,7,6,-1
8620251107020008,7,6,-1
8620251107030003,7,6,-1
8620251107030004,7,6,-1
8620251215010007,7,6,-1
8620251215020001,7,5,-2
8620251215020003,7,4,-3
8620251215030003,7,5,-2
8620251215030005,6,5,-1
8620251230010001,7,6,-1
8620251230020005,7,4,-3
8620260104020004,7,6,-1
8620260115020006,7,5,-2
8620260115020007,7,6,-1
8620260120010003,7,6,-1
8620260120010006,7,6,-1
8620260120030006,7,5,-2
8620260130010009,7,6,-1
8620260130020002,7,6,-1
8620260130020008,7,6,-1
8620260212030005,6,3,-3
8620260224020005,7,6,-1
8620260324020011,7,4,-3
8620260426010005,7,6,-1
8620260426010006,7,5,-2
8620260525010005,7,6,-1
8620260525010006,7,5,-2
8620260525020004,7,5,-2
8620260601010004,7,6,-1
8620260601020005,7,5,-2
8620260609020008,7,5,-2
8620260615020003,7,4,-3
8720240720010005,7,6,-1
8720240720020007,7,5,-2
8720240720020010,7,4,-3
8720240720030005,6,5,-1
8720240720030006,6,5,-1
8720240731010003,7,6,-1
8720240731030001,6,3,-3
8720240827010005,7,5,-2
8720240827020003,7,3,-4
8720240902030001,7,5,-2
8720240902030009,7,5,-2
8720240921010003,7,6,-1
8720240921030005,7,6,-1
8720241003010001,9,8,-1
8720241003010002,9,8,-1
8720241003010003,9,7,-2
8720241003020001,8,5,-3
8720241003030004,9,8,-1
8720241024020007,7,5,-2
8720241116010005,7,6,-1
8720241116030001,7,6,-1
8720241206020008,7,6,-1
8720241215030001,7,6,-1
8720241215030004,7,6,-1
8720241223020012,7,6,-1
8720250118030011,7,6,-1
8720250209010001,7,5,-2
8720250209030001,7,6,-1
8720250209030004,7,6,-1
8720250216010005,7,5,-2
8720250216010010,7,4,-3
8720250216020003,7,5,-2
8720250301010004,7,6,-1
8720250407030001,7,6,-1
8720250421010010,7,0,-7
8720250421020004,7,4,-3
8720250421030010,7,6,-1
8720250502010001,7,5,-2
8720250526020007,7,5,-2
8720250601010003,7,6,-1
8720250601010005,7,6,-1
8720250601020003,7,6,-1
8720250601020004,7,6,-1
8720250612030004,7,6,-1
8720250625010011,7,6,-1
8720250625020009,7,5,-2
8720250625030007,7,6,-1
8720250724020008,7,6,-1
8720250724020009,7,6,-1
8720250724030011,7,6,-1
8720250730020001,7,6,-1
8720250730020005,7,6,-1
8720250818010005,7,5,-2
8720250917030001,7,5,-2
8720250928010009,7,5,-2
8720260127010007,7,3,-4
8720260127020005,7,6,-1
8720260127020012,7,5,-2
8720260203020003,7,5,-2
8720260203020005,7,6,-1
8720260220010002,9,8,-1
8720260220030003,9,8,-1
8720260220030008,9,6,-3
8720260220030011,9,8,-1
8720260220040004,9,8,-1
8720260220040008,9,7,-2
8720260220040009,9,8,-1
8720260304010001,7,4,-3
8720260304020002,7,6,-1
8720260320010006,7,6,-1
8720260320010008,7,6,-1
8720260404010004,7,6,-1
8720260414010005,7,5,-2
8720260426010007,7,6,-1
8720260426030005,6,5,-1
8720260507020003,7,6,-1
8720260507020006,7,0,-7
8720260507020010,7,5,-2
8720260529010009,7,2,-5
8720260618020005,7,6,-1
3520250621020001,0,7,7
3520250621020002,0,7,7
3520250621020003,0,7,7
3520250621020004,0,7,7
3520250621020005,0,7,7
3520250621020006,0,7,7
3520250621020007,0,7,7
3520250621020008,0,7,7
3520250621020009,0,7,7
3520250621020010,0,7,7
3520250621020011,0,7,7
3520250621020012,0,7,7
