rule,race_count,tickets,bet,return,profit,roi,hit_count,hit_rate_per_ticket,hit_rate_per_race,avg_race_score,min_race_score,avg_odds,median_odds,avg_expected_roi,min_expected_roi,avg_hit_payout,max_hit_payout
race_score>=0.45_odds_all_top1_by_value_score,1047,1047,104700,778840,674140,7.438777459407832,1,0.0009551098376313276,0.0009551098376313276,0.5736019947536628,0.4500906629413549,6498.847373447946,6702.9,13.31358931581292,3.1437656078847573,778840.0,778840
race_score>=0.45_odds_all_top1_by_expected_roi,1047,1047,104700,778840,674140,7.438777459407832,1,0.0009551098376313276,0.0009551098376313276,0.5736019947536628,0.4500906629413549,6498.847373447946,6702.9,13.31358931581292,3.1437656078847573,778840.0,778840
race_score>=0.45_odds_all_ev>=0.8_top1,1047,1047,104700,778840,674140,7.438777459407832,1,0.0009551098376313276,0.0009551098376313276,0.5736019947536628,0.4500906629413549,6498.847373447946,6702.9,13.31358931581292,3.1437656078847573,778840.0,778840
race_score>=0.45_odds_all_ev>=1.0_top1,1047,1047,104700,778840,674140,7.438777459407832,1,0.0009551098376313276,0.0009551098376313276,0.5736019947536628,0.4500906629413549,6498.847373447946,6702.9,13.31358931581292,3.1437656078847573,778840.0,778840
race_score>=0.45_odds_all_ev>=1.2_top1,1047,1047,104700,778840,674140,7.438777459407832,1,0.0009551098376313276,0.0009551098376313276,0.5736019947536628,0.4500906629413549,6498.847373447946,6702.9,13.31358931581292,3.1437656078847573,778840.0,778840
race_score>=0.45_odds_all_ev>=1.5_top1,1047,1047,104700,778840,674140,7.438777459407832,1,0.0009551098376313276,0.0009551098376313276,0.5736019947536628,0.4500906629413549,6498.847373447946,6702.9,13.31358931581292,3.1437656078847573,778840.0,778840
race_score>=0.45_odds_all_ev>=2.0_top1,1047,1047,104700,778840,674140,7.438777459407832,1,0.0009551098376313276,0.0009551098376313276,0.5736019947536628,0.4500906629413549,6498.847373447946,6702.9,13.31358931581292,3.1437656078847573,778840.0,778840
race_score>=0.45_odds_all_ev>=3.0_top1,1047,1047,104700,778840,674140,7.438777459407832,1,0.0009551098376313276,0.0009551098376313276,0.5736019947536628,0.4500906629413549,6498.847373447946,6702.9,13.31358931581292,3.1437656078847573,778840.0,778840
race_score>=0.45_odds_30plus_top1_by_value_score,1047,1047,104700,778840,674140,7.438777459407832,1,0.0009551098376313276,0.0009551098376313276,0.5736019947536628,0.4500906629413549,6498.847373447946,6702.9,13.31358931581292,3.1437656078847573,778840.0,778840
race_score>=0.45_odds_30plus_top1_by_expected_roi,1047,1047,104700,778840,674140,7.438777459407832,1,0.0009551098376313276,0.0009551098376313276,0.5736019947536628,0.4500906629413549,6498.847373447946,6702.9,13.31358931581292,3.1437656078847573,778840.0,778840
race_score>=0.45_odds_30plus_ev>=0.8_top1,1047,1047,104700,778840,674140,7.438777459407832,1,0.0009551098376313276,0.0009551098376313276,0.5736019947536628,0.4500906629413549,6498.847373447946,6702.9,13.31358931581292,3.1437656078847573,778840.0,778840
race_score>=0.45_odds_30plus_ev>=1.0_top1,1047,1047,104700,778840,674140,7.438777459407832,1,0.0009551098376313276,0.0009551098376313276,0.5736019947536628,0.4500906629413549,6498.847373447946,6702.9,13.31358931581292,3.1437656078847573,778840.0,778840
race_score>=0.45_odds_30plus_ev>=1.2_top1,1047,1047,104700,778840,674140,7.438777459407832,1,0.0009551098376313276,0.0009551098376313276,0.5736019947536628,0.4500906629413549,6498.847373447946,6702.9,13.31358931581292,3.1437656078847573,778840.0,778840
race_score>=0.45_odds_30plus_ev>=1.5_top1,1047,1047,104700,778840,674140,7.438777459407832,1,0.0009551098376313276,0.0009551098376313276,0.5736019947536628,0.4500906629413549,6498.847373447946,6702.9,13.31358931581292,3.1437656078847573,778840.0,778840
race_score>=0.45_odds_30plus_ev>=2.0_top1,1047,1047,104700,778840,674140,7.438777459407832,1,0.0009551098376313276,0.0009551098376313276,0.5736019947536628,0.4500906629413549,6498.847373447946,6702.9,13.31358931581292,3.1437656078847573,778840.0,778840
race_score>=0.45_odds_30plus_ev>=3.0_top1,1047,1047,104700,778840,674140,7.438777459407832,1,0.0009551098376313276,0.0009551098376313276,0.5736019947536628,0.4500906629413549,6498.847373447946,6702.9,13.31358931581292,3.1437656078847573,778840.0,778840
race_score>=0.45_odds_50plus_top1_by_value_score,1047,1047,104700,778840,674140,7.438777459407832,1,0.0009551098376313276,0.0009551098376313276,0.5736019947536628,0.4500906629413549,6498.847373447946,6702.9,13.31358931581292,3.1437656078847573,778840.0,778840
race_score>=0.45_odds_50plus_top1_by_expected_roi,1047,1047,104700,778840,674140,7.438777459407832,1,0.0009551098376313276,0.0009551098376313276,0.5736019947536628,0.4500906629413549,6498.847373447946,6702.9,13.31358931581292,3.1437656078847573,778840.0,778840
race_score>=0.45_odds_50plus_ev>=0.8_top1,1047,1047,104700,778840,674140,7.438777459407832,1,0.0009551098376313276,0.0009551098376313276,0.5736019947536628,0.4500906629413549,6498.847373447946,6702.9,13.31358931581292,3.1437656078847573,778840.0,778840
race_score>=0.45_odds_50plus_ev>=1.0_top1,1047,1047,104700,778840,674140,7.438777459407832,1,0.0009551098376313276,0.0009551098376313276,0.5736019947536628,0.4500906629413549,6498.847373447946,6702.9,13.31358931581292,3.1437656078847573,778840.0,778840
race_score>=0.45_odds_50plus_ev>=1.2_top1,1047,1047,104700,778840,674140,7.438777459407832,1,0.0009551098376313276,0.0009551098376313276,0.5736019947536628,0.4500906629413549,6498.847373447946,6702.9,13.31358931581292,3.1437656078847573,778840.0,778840
race_score>=0.45_odds_50plus_ev>=1.5_top1,1047,1047,104700,778840,674140,7.438777459407832,1,0.0009551098376313276,0.0009551098376313276,0.5736019947536628,0.4500906629413549,6498.847373447946,6702.9,13.31358931581292,3.1437656078847573,778840.0,778840
race_score>=0.45_odds_50plus_ev>=2.0_top1,1047,1047,104700,778840,674140,7.438777459407832,1,0.0009551098376313276,0.0009551098376313276,0.5736019947536628,0.4500906629413549,6498.847373447946,6702.9,13.31358931581292,3.1437656078847573,778840.0,778840
race_score>=0.45_odds_50plus_ev>=3.0_top1,1047,1047,104700,778840,674140,7.438777459407832,1,0.0009551098376313276,0.0009551098376313276,0.5736019947536628,0.4500906629413549,6498.847373447946,6702.9,13.31358931581292,3.1437656078847573,778840.0,778840
race_score>=0.45_odds_100plus_top1_by_value_score,1047,1047,104700,778840,674140,7.438777459407832,1,0.0009551098376313276,0.0009551098376313276,0.5736019947536628,0.4500906629413549,6498.847373447946,6702.9,13.31358931581292,3.1437656078847573,778840.0,778840
race_score>=0.45_odds_100plus_top1_by_expected_roi,1047,1047,104700,778840,674140,7.438777459407832,1,0.0009551098376313276,0.0009551098376313276,0.5736019947536628,0.4500906629413549,6498.847373447946,6702.9,13.31358931581292,3.1437656078847573,778840.0,778840
race_score>=0.45_odds_100plus_ev>=0.8_top1,1047,1047,104700,778840,674140,7.438777459407832,1,0.0009551098376313276,0.0009551098376313276,0.5736019947536628,0.4500906629413549,6498.847373447946,6702.9,13.31358931581292,3.1437656078847573,778840.0,778840
race_score>=0.45_odds_100plus_ev>=1.0_top1,1047,1047,104700,778840,674140,7.438777459407832,1,0.0009551098376313276,0.0009551098376313276,0.5736019947536628,0.4500906629413549,6498.847373447946,6702.9,13.31358931581292,3.1437656078847573,778840.0,778840
race_score>=0.45_odds_100plus_ev>=1.2_top1,1047,1047,104700,778840,674140,7.438777459407832,1,0.0009551098376313276,0.0009551098376313276,0.5736019947536628,0.4500906629413549,6498.847373447946,6702.9,13.31358931581292,3.1437656078847573,778840.0,778840
race_score>=0.45_odds_100plus_ev>=1.5_top1,1047,1047,104700,778840,674140,7.438777459407832,1,0.0009551098376313276,0.0009551098376313276,0.5736019947536628,0.4500906629413549,6498.847373447946,6702.9,13.31358931581292,3.1437656078847573,778840.0,778840
race_score>=0.45_odds_100plus_ev>=2.0_top1,1047,1047,104700,778840,674140,7.438777459407832,1,0.0009551098376313276,0.0009551098376313276,0.5736019947536628,0.4500906629413549,6498.847373447946,6702.9,13.31358931581292,3.1437656078847573,778840.0,778840
race_score>=0.45_odds_100plus_ev>=3.0_top1,1047,1047,104700,778840,674140,7.438777459407832,1,0.0009551098376313276,0.0009551098376313276,0.5736019947536628,0.4500906629413549,6498.847373447946,6702.9,13.31358931581292,3.1437656078847573,778840.0,778840
race_score>=0.40_odds_all_ev>=3.0_top1,1443,1443,144300,778840,634540,5.397366597366597,1,0.000693000693000693,0.000693000693000693,0.5315942351175246,0.4000830274338122,5883.889397089396,5812.6,13.14723854544489,3.1437656078847573,778840.0,778840
race_score>=0.40_odds_30plus_ev>=3.0_top1,1443,1443,144300,778840,634540,5.397366597366597,1,0.000693000693000693,0.000693000693000693,0.5315942351175246,0.4000830274338122,5883.889397089396,5812.6,13.14723854544489,3.1437656078847573,778840.0,778840
race_score>=0.40_odds_50plus_ev>=3.0_top1,1443,1443,144300,778840,634540,5.397366597366597,1,0.000693000693000693,0.000693000693000693,0.5315942351175246,0.4000830274338122,5883.889397089396,5812.6,13.14723854544489,3.1437656078847573,778840.0,778840
race_score>=0.40_odds_100plus_ev>=3.0_top1,1443,1443,144300,778840,634540,5.397366597366597,1,0.000693000693000693,0.000693000693000693,0.5315942351175246,0.4000830274338122,5883.889397089396,5812.6,13.14723854544489,3.1437656078847573,778840.0,778840
race_score>=0.40_odds_all_top1_by_value_score,1444,1444,144400,778840,634440,5.393628808864266,1,0.0006925207756232687,0.0006925207756232687,0.5315119941259788,0.4000830274338122,5880.190443213296,5811.3,13.140200289500683,2.983996962010725,778840.0,778840
race_score>=0.40_odds_all_top1_by_expected_roi,1444,1444,144400,778840,634440,5.393628808864266,1,0.0006925207756232687,0.0006925207756232687,0.5315119941259788,0.4000830274338122,5880.190443213296,5811.3,13.140200289500683,2.983996962010725,778840.0,778840
race_score>=0.40_odds_all_ev>=0.8_top1,1444,1444,144400,778840,634440,5.393628808864266,1,0.0006925207756232687,0.0006925207756232687,0.5315119941259788,0.4000830274338122,5880.190443213296,5811.3,13.140200289500683,2.983996962010725,778840.0,778840
race_score>=0.40_odds_all_ev>=1.0_top1,1444,1444,144400,778840,634440,5.393628808864266,1,0.0006925207756232687,0.0006925207756232687,0.5315119941259788,0.4000830274338122,5880.190443213296,5811.3,13.140200289500683,2.983996962010725,778840.0,778840
race_score>=0.40_odds_all_ev>=1.2_top1,1444,1444,144400,778840,634440,5.393628808864266,1,0.0006925207756232687,0.0006925207756232687,0.5315119941259788,0.4000830274338122,5880.190443213296,5811.3,13.140200289500683,2.983996962010725,778840.0,778840
race_score>=0.40_odds_all_ev>=1.5_top1,1444,1444,144400,778840,634440,5.393628808864266,1,0.0006925207756232687,0.0006925207756232687,0.5315119941259788,0.4000830274338122,5880.190443213296,5811.3,13.140200289500683,2.983996962010725,778840.0,778840
race_score>=0.40_odds_all_ev>=2.0_top1,1444,1444,144400,778840,634440,5.393628808864266,1,0.0006925207756232687,0.0006925207756232687,0.5315119941259788,0.4000830274338122,5880.190443213296,5811.3,13.140200289500683,2.983996962010725,778840.0,778840
race_score>=0.40_odds_30plus_top1_by_value_score,1444,1444,144400,778840,634440,5.393628808864266,1,0.0006925207756232687,0.0006925207756232687,0.5315119941259788,0.4000830274338122,5880.190443213296,5811.3,13.140200289500683,2.983996962010725,778840.0,778840
race_score>=0.40_odds_30plus_top1_by_expected_roi,1444,1444,144400,778840,634440,5.393628808864266,1,0.0006925207756232687,0.0006925207756232687,0.5315119941259788,0.4000830274338122,5880.190443213296,5811.3,13.140200289500683,2.983996962010725,778840.0,778840
race_score>=0.40_odds_30plus_ev>=0.8_top1,1444,1444,144400,778840,634440,5.393628808864266,1,0.0006925207756232687,0.0006925207756232687,0.5315119941259788,0.4000830274338122,5880.190443213296,5811.3,13.140200289500683,2.983996962010725,778840.0,778840
race_score>=0.40_odds_30plus_ev>=1.0_top1,1444,1444,144400,778840,634440,5.393628808864266,1,0.0006925207756232687,0.0006925207756232687,0.5315119941259788,0.4000830274338122,5880.190443213296,5811.3,13.140200289500683,2.983996962010725,778840.0,778840
race_score>=0.40_odds_30plus_ev>=1.2_top1,1444,1444,144400,778840,634440,5.393628808864266,1,0.0006925207756232687,0.0006925207756232687,0.5315119941259788,0.4000830274338122,5880.190443213296,5811.3,13.140200289500683,2.983996962010725,778840.0,778840
race_score>=0.40_odds_30plus_ev>=1.5_top1,1444,1444,144400,778840,634440,5.393628808864266,1,0.0006925207756232687,0.0006925207756232687,0.5315119941259788,0.4000830274338122,5880.190443213296,5811.3,13.140200289500683,2.983996962010725,778840.0,778840
race_score>=0.40_odds_30plus_ev>=2.0_top1,1444,1444,144400,778840,634440,5.393628808864266,1,0.0006925207756232687,0.0006925207756232687,0.5315119941259788,0.4000830274338122,5880.190443213296,5811.3,13.140200289500683,2.983996962010725,778840.0,778840
race_score>=0.40_odds_50plus_top1_by_value_score,1444,1444,144400,778840,634440,5.393628808864266,1,0.0006925207756232687,0.0006925207756232687,0.5315119941259788,0.4000830274338122,5880.190443213296,5811.3,13.140200289500683,2.983996962010725,778840.0,778840
race_score>=0.40_odds_50plus_top1_by_expected_roi,1444,1444,144400,778840,634440,5.393628808864266,1,0.0006925207756232687,0.0006925207756232687,0.5315119941259788,0.4000830274338122,5880.190443213296,5811.3,13.140200289500683,2.983996962010725,778840.0,778840
race_score>=0.40_odds_50plus_ev>=0.8_top1,1444,1444,144400,778840,634440,5.393628808864266,1,0.0006925207756232687,0.0006925207756232687,0.5315119941259788,0.4000830274338122,5880.190443213296,5811.3,13.140200289500683,2.983996962010725,778840.0,778840
race_score>=0.40_odds_50plus_ev>=1.0_top1,1444,1444,144400,778840,634440,5.393628808864266,1,0.0006925207756232687,0.0006925207756232687,0.5315119941259788,0.4000830274338122,5880.190443213296,5811.3,13.140200289500683,2.983996962010725,778840.0,778840
race_score>=0.40_odds_50plus_ev>=1.2_top1,1444,1444,144400,778840,634440,5.393628808864266,1,0.0006925207756232687,0.0006925207756232687,0.5315119941259788,0.4000830274338122,5880.190443213296,5811.3,13.140200289500683,2.983996962010725,778840.0,778840
race_score>=0.40_odds_50plus_ev>=1.5_top1,1444,1444,144400,778840,634440,5.393628808864266,1,0.0006925207756232687,0.0006925207756232687,0.5315119941259788,0.4000830274338122,5880.190443213296,5811.3,13.140200289500683,2.983996962010725,778840.0,778840
race_score>=0.40_odds_50plus_ev>=2.0_top1,1444,1444,144400,778840,634440,5.393628808864266,1,0.0006925207756232687,0.0006925207756232687,0.5315119941259788,0.4000830274338122,5880.190443213296,5811.3,13.140200289500683,2.983996962010725,778840.0,778840
race_score>=0.40_odds_100plus_top1_by_value_score,1444,1444,144400,778840,634440,5.393628808864266,1,0.0006925207756232687,0.0006925207756232687,0.5315119941259788,0.4000830274338122,5880.190443213296,5811.3,13.140200289500683,2.983996962010725,778840.0,778840
race_score>=0.40_odds_100plus_top1_by_expected_roi,1444,1444,144400,778840,634440,5.393628808864266,1,0.0006925207756232687,0.0006925207756232687,0.5315119941259788,0.4000830274338122,5880.190443213296,5811.3,13.140200289500683,2.983996962010725,778840.0,778840
race_score>=0.40_odds_100plus_ev>=0.8_top1,1444,1444,144400,778840,634440,5.393628808864266,1,0.0006925207756232687,0.0006925207756232687,0.5315119941259788,0.4000830274338122,5880.190443213296,5811.3,13.140200289500683,2.983996962010725,778840.0,778840
race_score>=0.40_odds_100plus_ev>=1.0_top1,1444,1444,144400,778840,634440,5.393628808864266,1,0.0006925207756232687,0.0006925207756232687,0.5315119941259788,0.4000830274338122,5880.190443213296,5811.3,13.140200289500683,2.983996962010725,778840.0,778840
race_score>=0.40_odds_100plus_ev>=1.2_top1,1444,1444,144400,778840,634440,5.393628808864266,1,0.0006925207756232687,0.0006925207756232687,0.5315119941259788,0.4000830274338122,5880.190443213296,5811.3,13.140200289500683,2.983996962010725,778840.0,778840
race_score>=0.40_odds_100plus_ev>=1.5_top1,1444,1444,144400,778840,634440,5.393628808864266,1,0.0006925207756232687,0.0006925207756232687,0.5315119941259788,0.4000830274338122,5880.190443213296,5811.3,13.140200289500683,2.983996962010725,778840.0,778840
race_score>=0.40_odds_100plus_ev>=2.0_top1,1444,1444,144400,778840,634440,5.393628808864266,1,0.0006925207756232687,0.0006925207756232687,0.5315119941259788,0.4000830274338122,5880.190443213296,5811.3,13.140200289500683,2.983996962010725,778840.0,778840
race_score>=0.60_odds_50_1000_ev>=3.0_top1,354,354,35400,149170,113770,4.2138418079096045,2,0.005649717514124294,0.005649717514124294,0.6630309677073245,0.600386893407325,879.1725988700564,901.4,4.0950034619780995,3.0003977370331256,74585.0,89380
race_score>=0.60_odds_100_1000_ev>=3.0_top1,354,354,35400,149170,113770,4.2138418079096045,2,0.005649717514124294,0.005649717514124294,0.6630309677073245,0.600386893407325,879.1725988700564,901.4,4.0950034619780995,3.0003977370331256,74585.0,89380
race_score>=0.60_odds_50_1000_top1_by_value_score,390,390,39000,149170,110170,3.824871794871795,2,0.005128205128205128,0.005128205128205128,0.6653700840469999,0.600386893407325,877.8884615384613,900.75,3.9775205305736634,2.4054184432386836,74585.0,89380
race_score>=0.60_odds_50_1000_top1_by_expected_roi,390,390,39000,149170,110170,3.824871794871795,2,0.005128205128205128,0.005128205128205128,0.6653700840469999,0.600386893407325,877.8884615384613,900.75,3.9775205305736634,2.4054184432386836,74585.0,89380
race_score>=0.60_odds_50_1000_ev>=0.8_top1,390,390,39000,149170,110170,3.824871794871795,2,0.005128205128205128,0.005128205128205128,0.6653700840469999,0.600386893407325,877.8884615384613,900.75,3.9775205305736634,2.4054184432386836,74585.0,89380
race_score>=0.60_odds_50_1000_ev>=1.0_top1,390,390,39000,149170,110170,3.824871794871795,2,0.005128205128205128,0.005128205128205128,0.6653700840469999,0.600386893407325,877.8884615384613,900.75,3.9775205305736634,2.4054184432386836,74585.0,89380
race_score>=0.60_odds_50_1000_ev>=1.2_top1,390,390,39000,149170,110170,3.824871794871795,2,0.005128205128205128,0.005128205128205128,0.6653700840469999,0.600386893407325,877.8884615384613,900.75,3.9775205305736634,2.4054184432386836,74585.0,89380
race_score>=0.60_odds_50_1000_ev>=1.5_top1,390,390,39000,149170,110170,3.824871794871795,2,0.005128205128205128,0.005128205128205128,0.6653700840469999,0.600386893407325,877.8884615384613,900.75,3.9775205305736634,2.4054184432386836,74585.0,89380
race_score>=0.60_odds_50_1000_ev>=2.0_top1,390,390,39000,149170,110170,3.824871794871795,2,0.005128205128205128,0.005128205128205128,0.6653700840469999,0.600386893407325,877.8884615384613,900.75,3.9775205305736634,2.4054184432386836,74585.0,89380
race_score>=0.60_odds_100_1000_top1_by_value_score,390,390,39000,149170,110170,3.824871794871795,2,0.005128205128205128,0.005128205128205128,0.6653700840469999,0.600386893407325,877.8884615384613,900.75,3.9775205305736634,2.4054184432386836,74585.0,89380
race_score>=0.60_odds_100_1000_top1_by_expected_roi,390,390,39000,149170,110170,3.824871794871795,2,0.005128205128205128,0.005128205128205128,0.6653700840469999,0.600386893407325,877.8884615384613,900.75,3.9775205305736634,2.4054184432386836,74585.0,89380
race_score>=0.60_odds_100_1000_ev>=0.8_top1,390,390,39000,149170,110170,3.824871794871795,2,0.005128205128205128,0.005128205128205128,0.6653700840469999,0.600386893407325,877.8884615384613,900.75,3.9775205305736634,2.4054184432386836,74585.0,89380
race_score>=0.60_odds_100_1000_ev>=1.0_top1,390,390,39000,149170,110170,3.824871794871795,2,0.005128205128205128,0.005128205128205128,0.6653700840469999,0.600386893407325,877.8884615384613,900.75,3.9775205305736634,2.4054184432386836,74585.0,89380
race_score>=0.60_odds_100_1000_ev>=1.2_top1,390,390,39000,149170,110170,3.824871794871795,2,0.005128205128205128,0.005128205128205128,0.6653700840469999,0.600386893407325,877.8884615384613,900.75,3.9775205305736634,2.4054184432386836,74585.0,89380
race_score>=0.60_odds_100_1000_ev>=1.5_top1,390,390,39000,149170,110170,3.824871794871795,2,0.005128205128205128,0.005128205128205128,0.6653700840469999,0.600386893407325,877.8884615384613,900.75,3.9775205305736634,2.4054184432386836,74585.0,89380
race_score>=0.60_odds_100_1000_ev>=2.0_top1,390,390,39000,149170,110170,3.824871794871795,2,0.005128205128205128,0.005128205128205128,0.6653700840469999,0.600386893407325,877.8884615384613,900.75,3.9775205305736634,2.4054184432386836,74585.0,89380
race_score>=0.45_odds_all_ev>=3.0_top2,1047,2092,209200,778840,569640,3.722944550669216,1,0.0004780114722753346,0.0009551098376313276,0.5736352352907564,0.4500906629413549,6370.222275334608,6469.15,12.763306412779368,3.1437656078847573,778840.0,778840
race_score>=0.45_odds_30plus_ev>=3.0_top2,1047,2092,209200,778840,569640,3.722944550669216,1,0.0004780114722753346,0.0009551098376313276,0.5736352352907564,0.4500906629413549,6370.222275334608,6469.15,12.763306412779368,3.1437656078847573,778840.0,778840
race_score>=0.45_odds_50plus_ev>=3.0_top2,1047,2092,209200,778840,569640,3.722944550669216,1,0.0004780114722753346,0.0009551098376313276,0.5736352352907564,0.4500906629413549,6370.222275334608,6469.15,12.763306412779368,3.1437656078847573,778840.0,778840
race_score>=0.45_odds_100plus_ev>=3.0_top2,1047,2092,209200,778840,569640,3.722944550669216,1,0.0004780114722753346,0.0009551098376313276,0.5736352352907564,0.4500906629413549,6370.222275334608,6469.15,12.763306412779368,3.1437656078847573,778840.0,778840
race_score>=0.45_odds_all_top2_by_value_score,1047,2094,209400,778840,569440,3.719388729703916,1,0.0004775549188156638,0.0009551098376313276,0.5736019947536628,0.4500906629413549,6364.759742120344,6463.0,12.753796035768774,2.689353806418529,778840.0,778840
race_score>=0.45_odds_all_top2_by_expected_roi,1047,2094,209400,778840,569440,3.719388729703916,1,0.0004775549188156638,0.0009551098376313276,0.5736019947536628,0.4500906629413549,6364.759742120344,6463.0,12.753796035768774,2.689353806418529,778840.0,778840
race_score>=0.45_odds_all_ev>=0.8_top2,1047,2094,209400,778840,569440,3.719388729703916,1,0.0004775549188156638,0.0009551098376313276,0.5736019947536628,0.4500906629413549,6364.759742120344,6463.0,12.753796035768774,2.689353806418529,778840.0,778840
race_score>=0.45_odds_all_ev>=1.0_top2,1047,2094,209400,778840,569440,3.719388729703916,1,0.0004775549188156638,0.0009551098376313276,0.5736019947536628,0.4500906629413549,6364.759742120344,6463.0,12.753796035768774,2.689353806418529,778840.0,778840
race_score>=0.45_odds_all_ev>=1.2_top2,1047,2094,209400,778840,569440,3.719388729703916,1,0.0004775549188156638,0.0009551098376313276,0.5736019947536628,0.4500906629413549,6364.759742120344,6463.0,12.753796035768774,2.689353806418529,778840.0,778840
race_score>=0.45_odds_all_ev>=1.5_top2,1047,2094,209400,778840,569440,3.719388729703916,1,0.0004775549188156638,0.0009551098376313276,0.5736019947536628,0.4500906629413549,6364.759742120344,6463.0,12.753796035768774,2.689353806418529,778840.0,778840
race_score>=0.45_odds_all_ev>=2.0_top2,1047,2094,209400,778840,569440,3.719388729703916,1,0.0004775549188156638,0.0009551098376313276,0.5736019947536628,0.4500906629413549,6364.759742120344,6463.0,12.753796035768774,2.689353806418529,778840.0,778840
race_score>=0.45_odds_30plus_top2_by_value_score,1047,2094,209400,778840,569440,3.719388729703916,1,0.0004775549188156638,0.0009551098376313276,0.5736019947536628,0.4500906629413549,6364.759742120344,6463.0,12.753796035768774,2.689353806418529,778840.0,778840
race_score>=0.45_odds_30plus_top2_by_expected_roi,1047,2094,209400,778840,569440,3.719388729703916,1,0.0004775549188156638,0.0009551098376313276,0.5736019947536628,0.4500906629413549,6364.759742120344,6463.0,12.753796035768774,2.689353806418529,778840.0,778840
race_score>=0.45_odds_30plus_ev>=0.8_top2,1047,2094,209400,778840,569440,3.719388729703916,1,0.0004775549188156638,0.0009551098376313276,0.5736019947536628,0.4500906629413549,6364.759742120344,6463.0,12.753796035768774,2.689353806418529,778840.0,778840
race_score>=0.45_odds_30plus_ev>=1.0_top2,1047,2094,209400,778840,569440,3.719388729703916,1,0.0004775549188156638,0.0009551098376313276,0.5736019947536628,0.4500906629413549,6364.759742120344,6463.0,12.753796035768774,2.689353806418529,778840.0,778840
race_score>=0.45_odds_30plus_ev>=1.2_top2,1047,2094,209400,778840,569440,3.719388729703916,1,0.0004775549188156638,0.0009551098376313276,0.5736019947536628,0.4500906629413549,6364.759742120344,6463.0,12.753796035768774,2.689353806418529,778840.0,778840
race_score>=0.45_odds_30plus_ev>=1.5_top2,1047,2094,209400,778840,569440,3.719388729703916,1,0.0004775549188156638,0.0009551098376313276,0.5736019947536628,0.4500906629413549,6364.759742120344,6463.0,12.753796035768774,2.689353806418529,778840.0,778840
race_score>=0.45_odds_30plus_ev>=2.0_top2,1047,2094,209400,778840,569440,3.719388729703916,1,0.0004775549188156638,0.0009551098376313276,0.5736019947536628,0.4500906629413549,6364.759742120344,6463.0,12.753796035768774,2.689353806418529,778840.0,778840
race_score>=0.45_odds_50plus_top2_by_value_score,1047,2094,209400,778840,569440,3.719388729703916,1,0.0004775549188156638,0.0009551098376313276,0.5736019947536628,0.4500906629413549,6364.759742120344,6463.0,12.753796035768774,2.689353806418529,778840.0,778840
race_score>=0.45_odds_50plus_top2_by_expected_roi,1047,2094,209400,778840,569440,3.719388729703916,1,0.0004775549188156638,0.0009551098376313276,0.5736019947536628,0.4500906629413549,6364.759742120344,6463.0,12.753796035768774,2.689353806418529,778840.0,778840
race_score>=0.45_odds_50plus_ev>=0.8_top2,1047,2094,209400,778840,569440,3.719388729703916,1,0.0004775549188156638,0.0009551098376313276,0.5736019947536628,0.4500906629413549,6364.759742120344,6463.0,12.753796035768774,2.689353806418529,778840.0,778840
race_score>=0.45_odds_50plus_ev>=1.0_top2,1047,2094,209400,778840,569440,3.719388729703916,1,0.0004775549188156638,0.0009551098376313276,0.5736019947536628,0.4500906629413549,6364.759742120344,6463.0,12.753796035768774,2.689353806418529,778840.0,778840
race_score>=0.45_odds_50plus_ev>=1.2_top2,1047,2094,209400,778840,569440,3.719388729703916,1,0.0004775549188156638,0.0009551098376313276,0.5736019947536628,0.4500906629413549,6364.759742120344,6463.0,12.753796035768774,2.689353806418529,778840.0,778840
race_score>=0.45_odds_50plus_ev>=1.5_top2,1047,2094,209400,778840,569440,3.719388729703916,1,0.0004775549188156638,0.0009551098376313276,0.5736019947536628,0.4500906629413549,6364.759742120344,6463.0,12.753796035768774,2.689353806418529,778840.0,778840
race_score>=0.45_odds_50plus_ev>=2.0_top2,1047,2094,209400,778840,569440,3.719388729703916,1,0.0004775549188156638,0.0009551098376313276,0.5736019947536628,0.4500906629413549,6364.759742120344,6463.0,12.753796035768774,2.689353806418529,778840.0,778840
race_score>=0.45_odds_100plus_top2_by_value_score,1047,2094,209400,778840,569440,3.719388729703916,1,0.0004775549188156638,0.0009551098376313276,0.5736019947536628,0.4500906629413549,6364.759742120344,6463.0,12.753796035768774,2.689353806418529,778840.0,778840
race_score>=0.45_odds_100plus_top2_by_expected_roi,1047,2094,209400,778840,569440,3.719388729703916,1,0.0004775549188156638,0.0009551098376313276,0.5736019947536628,0.4500906629413549,6364.759742120344,6463.0,12.753796035768774,2.689353806418529,778840.0,778840
race_score>=0.45_odds_100plus_ev>=0.8_top2,1047,2094,209400,778840,569440,3.719388729703916,1,0.0004775549188156638,0.0009551098376313276,0.5736019947536628,0.4500906629413549,6364.759742120344,6463.0,12.753796035768774,2.689353806418529,778840.0,778840
race_score>=0.45_odds_100plus_ev>=1.0_top2,1047,2094,209400,778840,569440,3.719388729703916,1,0.0004775549188156638,0.0009551098376313276,0.5736019947536628,0.4500906629413549,6364.759742120344,6463.0,12.753796035768774,2.689353806418529,778840.0,778840
race_score>=0.45_odds_100plus_ev>=1.2_top2,1047,2094,209400,778840,569440,3.719388729703916,1,0.0004775549188156638,0.0009551098376313276,0.5736019947536628,0.4500906629413549,6364.759742120344,6463.0,12.753796035768774,2.689353806418529,778840.0,778840
race_score>=0.45_odds_100plus_ev>=1.5_top2,1047,2094,209400,778840,569440,3.719388729703916,1,0.0004775549188156638,0.0009551098376313276,0.5736019947536628,0.4500906629413549,6364.759742120344,6463.0,12.753796035768774,2.689353806418529,778840.0,778840
race_score>=0.45_odds_100plus_ev>=2.0_top2,1047,2094,209400,778840,569440,3.719388729703916,1,0.0004775549188156638,0.0009551098376313276,0.5736019947536628,0.4500906629413549,6364.759742120344,6463.0,12.753796035768774,2.689353806418529,778840.0,778840
race_score>=0.70_odds_30_500_ev>=1.2_top5,80,391,39100,127610,88510,3.2636828644501277,3,0.0076726342710997444,0.0375,0.727863002223052,0.70091851553384,430.60664961636826,439.6,1.7002692563582547,1.204333552685684,42536.666666666664,45010
race_score>=0.70_odds_50_500_ev>=1.2_top5,80,391,39100,127610,88510,3.2636828644501277,3,0.0076726342710997444,0.0375,0.727863002223052,0.70091851553384,430.60664961636826,439.6,1.7002692563582547,1.204333552685684,42536.666666666664,45010
race_score>=0.50_odds_50_1000_ev>=3.0_top1,755,755,75500,246350,170850,3.2629139072847684,3,0.003973509933774834,0.003973509933774834,0.601834243729583,0.5001748065414573,867.7549668874173,890.0,4.416183549615966,3.0003977370331256,82116.66666666667,97180
race_score>=0.50_odds_100_1000_ev>=3.0_top1,755,755,75500,246350,170850,3.2629139072847684,3,0.003973509933774834,0.003973509933774834,0.601834243729583,0.5001748065414573,867.7549668874173,890.0,4.416183549615966,3.0003977370331256,82116.66666666667,97180
race_score>=0.45_odds_50_1000_ev>=3.0_top1,1006,1006,100600,322140,221540,3.2021868787276344,4,0.003976143141153081,0.003976143141153081,0.5698164409356566,0.4500906629413549,860.2376739562624,885.15,4.623117792781972,3.0003977370331256,80535.0,97180
race_score>=0.45_odds_100_1000_ev>=3.0_top1,1006,1006,100600,322140,221540,3.2021868787276344,4,0.003976143141153081,0.003976143141153081,0.5698164409356566,0.4500906629413549,860.2376739562624,885.15,4.623117792781972,3.0003977370331256,80535.0,97180
race_score>=0.70_odds_30_500_top5_by_value_score,80,400,40000,127610,87610,3.19025,3,0.0075,0.0375,0.7278454278400388,0.70091851553384,430.73600000000005,439.75,1.6880467975903648,1.1194830178520052,42536.666666666664,45010
race_score>=0.70_odds_30_500_top5_by_expected_roi,80,400,40000,127610,87610,3.19025,3,0.0075,0.0375,0.7278454278400388,0.70091851553384,430.73600000000005,439.75,1.6880467975903648,1.1194830178520052,42536.666666666664,45010
race_score>=0.70_odds_30_500_ev>=0.8_top5,80,400,40000,127610,87610,3.19025,3,0.0075,0.0375,0.7278454278400388,0.70091851553384,430.73600000000005,439.75,1.6880467975903648,1.1194830178520052,42536.666666666664,45010
race_score>=0.70_odds_30_500_ev>=1.0_top5,80,400,40000,127610,87610,3.19025,3,0.0075,0.0375,0.7278454278400388,0.70091851553384,430.73600000000005,439.75,1.6880467975903648,1.1194830178520052,42536.666666666664,45010
race_score>=0.70_odds_50_500_top5_by_value_score,80,400,40000,127610,87610,3.19025,3,0.0075,0.0375,0.7278454278400388,0.70091851553384,430.73600000000005,439.75,1.6880467975903648,1.1194830178520052,42536.666666666664,45010
race_score>=0.70_odds_50_500_top5_by_expected_roi,80,400,40000,127610,87610,3.19025,3,0.0075,0.0375,0.7278454278400388,0.70091851553384,430.73600000000005,439.75,1.6880467975903648,1.1194830178520052,42536.666666666664,45010
race_score>=0.70_odds_50_500_ev>=0.8_top5,80,400,40000,127610,87610,3.19025,3,0.0075,0.0375,0.7278454278400388,0.70091851553384,430.73600000000005,439.75,1.6880467975903648,1.1194830178520052,42536.666666666664,45010
race_score>=0.70_odds_50_500_ev>=1.0_top5,80,400,40000,127610,87610,3.19025,3,0.0075,0.0375,0.7278454278400388,0.70091851553384,430.73600000000005,439.75,1.6880467975903648,1.1194830178520052,42536.666666666664,45010
race_score>=0.50_odds_50_1000_top1_by_value_score,793,793,79300,246350,167050,3.1065573770491803,3,0.0037831021437578815,0.0037831021437578815,0.6056784390921904,0.5001748065414573,867.5011349306432,888.9,4.339623782983484,2.4054184432386836,82116.66666666667,97180
race_score>=0.50_odds_50_1000_top1_by_expected_roi,793,793,79300,246350,167050,3.1065573770491803,3,0.0037831021437578815,0.0037831021437578815,0.6056784390921904,0.5001748065414573,867.5011349306432,888.9,4.339623782983484,2.4054184432386836,82116.66666666667,97180
race_score>=0.50_odds_50_1000_ev>=0.8_top1,793,793,79300,246350,167050,3.1065573770491803,3,0.0037831021437578815,0.0037831021437578815,0.6056784390921904,0.5001748065414573,867.5011349306432,888.9,4.339623782983484,2.4054184432386836,82116.66666666667,97180
race_score>=0.50_odds_50_1000_ev>=1.0_top1,793,793,79300,246350,167050,3.1065573770491803,3,0.0037831021437578815,0.0037831021437578815,0.6056784390921904,0.5001748065414573,867.5011349306432,888.9,4.339623782983484,2.4054184432386836,82116.66666666667,97180
race_score>=0.50_odds_50_1000_ev>=1.2_top1,793,793,79300,246350,167050,3.1065573770491803,3,0.0037831021437578815,0.0037831021437578815,0.6056784390921904,0.5001748065414573,867.5011349306432,888.9,4.339623782983484,2.4054184432386836,82116.66666666667,97180
race_score>=0.50_odds_50_1000_ev>=1.5_top1,793,793,79300,246350,167050,3.1065573770491803,3,0.0037831021437578815,0.0037831021437578815,0.6056784390921904,0.5001748065414573,867.5011349306432,888.9,4.339623782983484,2.4054184432386836,82116.66666666667,97180
race_score>=0.50_odds_50_1000_ev>=2.0_top1,793,793,79300,246350,167050,3.1065573770491803,3,0.0037831021437578815,0.0037831021437578815,0.6056784390921904,0.5001748065414573,867.5011349306432,888.9,4.339623782983484,2.4054184432386836,82116.66666666667,97180
race_score>=0.50_odds_100_1000_top1_by_value_score,793,793,79300,246350,167050,3.1065573770491803,3,0.0037831021437578815,0.0037831021437578815,0.6056784390921904,0.5001748065414573,867.5011349306432,888.9,4.339623782983484,2.4054184432386836,82116.66666666667,97180
race_score>=0.50_odds_100_1000_top1_by_expected_roi,793,793,79300,246350,167050,3.1065573770491803,3,0.0037831021437578815,0.0037831021437578815,0.6056784390921904,0.5001748065414573,867.5011349306432,888.9,4.339623782983484,2.4054184432386836,82116.66666666667,97180
race_score>=0.50_odds_100_1000_ev>=0.8_top1,793,793,79300,246350,167050,3.1065573770491803,3,0.0037831021437578815,0.0037831021437578815,0.6056784390921904,0.5001748065414573,867.5011349306432,888.9,4.339623782983484,2.4054184432386836,82116.66666666667,97180
race_score>=0.50_odds_100_1000_ev>=1.0_top1,793,793,79300,246350,167050,3.1065573770491803,3,0.0037831021437578815,0.0037831021437578815,0.6056784390921904,0.5001748065414573,867.5011349306432,888.9,4.339623782983484,2.4054184432386836,82116.66666666667,97180
race_score>=0.50_odds_100_1000_ev>=1.2_top1,793,793,79300,246350,167050,3.1065573770491803,3,0.0037831021437578815,0.0037831021437578815,0.6056784390921904,0.5001748065414573,867.5011349306432,888.9,4.339623782983484,2.4054184432386836,82116.66666666667,97180
race_score>=0.50_odds_100_1000_ev>=1.5_top1,793,793,79300,246350,167050,3.1065573770491803,3,0.0037831021437578815,0.0037831021437578815,0.6056784390921904,0.5001748065414573,867.5011349306432,888.9,4.339623782983484,2.4054184432386836,82116.66666666667,97180
race_score>=0.50_odds_100_1000_ev>=2.0_top1,793,793,79300,246350,167050,3.1065573770491803,3,0.0037831021437578815,0.0037831021437578815,0.6056784390921904,0.5001748065414573,867.5011349306432,888.9,4.339623782983484,2.4054184432386836,82116.66666666667,97180
race_score>=0.45_odds_50_1000_top1_by_value_score,1047,1047,104700,322140,217440,3.076790830945559,4,0.0038204393505253103,0.0038204393505253103,0.5736019947536628,0.4500906629413549,860.298376313276,885.0,4.552489917297077,2.4054184432386836,80535.0,97180
race_score>=0.45_odds_50_1000_top1_by_expected_roi,1047,1047,104700,322140,217440,3.076790830945559,4,0.0038204393505253103,0.0038204393505253103,0.5736019947536628,0.4500906629413549,860.298376313276,885.0,4.552489917297077,2.4054184432386836,80535.0,97180
race_score>=0.45_odds_50_1000_ev>=0.8_top1,1047,1047,104700,322140,217440,3.076790830945559,4,0.0038204393505253103,0.0038204393505253103,0.5736019947536628,0.4500906629413549,860.298376313276,885.0,4.552489917297077,2.4054184432386836,80535.0,97180
race_score>=0.45_odds_50_1000_ev>=1.0_top1,1047,1047,104700,322140,217440,3.076790830945559,4,0.0038204393505253103,0.0038204393505253103,0.5736019947536628,0.4500906629413549,860.298376313276,885.0,4.552489917297077,2.4054184432386836,80535.0,97180
race_score>=0.45_odds_50_1000_ev>=1.2_top1,1047,1047,104700,322140,217440,3.076790830945559,4,0.0038204393505253103,0.0038204393505253103,0.5736019947536628,0.4500906629413549,860.298376313276,885.0,4.552489917297077,2.4054184432386836,80535.0,97180
race_score>=0.45_odds_50_1000_ev>=1.5_top1,1047,1047,104700,322140,217440,3.076790830945559,4,0.0038204393505253103,0.0038204393505253103,0.5736019947536628,0.4500906629413549,860.298376313276,885.0,4.552489917297077,2.4054184432386836,80535.0,97180
race_score>=0.45_odds_50_1000_ev>=2.0_top1,1047,1047,104700,322140,217440,3.076790830945559,4,0.0038204393505253103,0.0038204393505253103,0.5736019947536628,0.4500906629413549,860.298376313276,885.0,4.552489917297077,2.4054184432386836,80535.0,97180
race_score>=0.45_odds_100_1000_top1_by_value_score,1047,1047,104700,322140,217440,3.076790830945559,4,0.0038204393505253103,0.0038204393505253103,0.5736019947536628,0.4500906629413549,860.298376313276,885.0,4.552489917297077,2.4054184432386836,80535.0,97180
race_score>=0.45_odds_100_1000_top1_by_expected_roi,1047,1047,104700,322140,217440,3.076790830945559,4,0.0038204393505253103,0.0038204393505253103,0.5736019947536628,0.4500906629413549,860.298376313276,885.0,4.552489917297077,2.4054184432386836,80535.0,97180
race_score>=0.45_odds_100_1000_ev>=0.8_top1,1047,1047,104700,322140,217440,3.076790830945559,4,0.0038204393505253103,0.0038204393505253103,0.5736019947536628,0.4500906629413549,860.298376313276,885.0,4.552489917297077,2.4054184432386836,80535.0,97180
race_score>=0.45_odds_100_1000_ev>=1.0_top1,1047,1047,104700,322140,217440,3.076790830945559,4,0.0038204393505253103,0.0038204393505253103,0.5736019947536628,0.4500906629413549,860.298376313276,885.0,4.552489917297077,2.4054184432386836,80535.0,97180
race_score>=0.45_odds_100_1000_ev>=1.2_top1,1047,1047,104700,322140,217440,3.076790830945559,4,0.0038204393505253103,0.0038204393505253103,0.5736019947536628,0.4500906629413549,860.298376313276,885.0,4.552489917297077,2.4054184432386836,80535.0,97180
race_score>=0.45_odds_100_1000_ev>=1.5_top1,1047,1047,104700,322140,217440,3.076790830945559,4,0.0038204393505253103,0.0038204393505253103,0.5736019947536628,0.4500906629413549,860.298376313276,885.0,4.552489917297077,2.4054184432386836,80535.0,97180
race_score>=0.45_odds_100_1000_ev>=2.0_top1,1047,1047,104700,322140,217440,3.076790830945559,4,0.0038204393505253103,0.0038204393505253103,0.5736019947536628,0.4500906629413549,860.298376313276,885.0,4.552489917297077,2.4054184432386836,80535.0,97180
race_score>=0.70_odds_30_500_ev>=1.5_top5,72,278,27800,84410,56610,3.0363309352517986,2,0.007194244604316547,0.027777777777777776,0.7238821459074695,0.70091851553384,432.68093525179864,441.75,1.8338483894055677,1.501082821721799,42205.0,45010
race_score>=0.70_odds_50_500_ev>=1.5_top5,72,278,27800,84410,56610,3.0363309352517986,2,0.007194244604316547,0.027777777777777776,0.7238821459074695,0.70091851553384,432.68093525179864,441.75,1.8338483894055677,1.501082821721799,42205.0,45010
race_score>=0.55_odds_50_1000_ev>=3.0_top1,538,538,53800,149170,95370,2.7726765799256508,2,0.0037174721189591076,0.0037174721189591076,0.6325963012827464,0.5502825174254746,871.4868029739778,894.8,4.250448086708845,3.0003977370331256,74585.0,89380
race_score>=0.55_odds_100_1000_ev>=3.0_top1,538,538,53800,149170,95370,2.7726765799256508,2,0.0037174721189591076,0.0037174721189591076,0.6325963012827464,0.5502825174254746,871.4868029739778,894.8,4.250448086708845,3.0003977370331256,74585.0,89380
race_score>=0.40_odds_all_ev>=3.0_top2,1443,2884,288400,778840,490440,2.7005547850208043,1,0.00034674063800277393,0.000693000693000693,0.5315892155905925,0.4000830274338122,5770.720006934813,5634.7,12.558057284084942,3.1437656078847573,778840.0,778840
race_score>=0.40_odds_30plus_ev>=3.0_top2,1443,2884,288400,778840,490440,2.7005547850208043,1,0.00034674063800277393,0.000693000693000693,0.5315892155905925,0.4000830274338122,5770.720006934813,5634.7,12.558057284084942,3.1437656078847573,778840.0,778840
race_score>=0.40_odds_50plus_ev>=3.0_top2,1443,2884,288400,778840,490440,2.7005547850208043,1,0.00034674063800277393,0.000693000693000693,0.5315892155905925,0.4000830274338122,5770.720006934813,5634.7,12.558057284084942,3.1437656078847573,778840.0,778840
race_score>=0.40_odds_100plus_ev>=3.0_top2,1443,2884,288400,778840,490440,2.7005547850208043,1,0.00034674063800277393,0.000693000693000693,0.5315892155905925,0.4000830274338122,5770.720006934813,5634.7,12.558057284084942,3.1437656078847573,778840.0,778840
race_score>=0.70_odds_30_500_top2_by_value_score,80,160,16000,43200,27200,2.7,1,0.00625,0.0125,0.7278454278400386,0.70091851553384,448.38562500000006,453.9,1.8604515103602786,1.2527649209788059,43200.0,43200
race_score>=0.70_odds_30_500_top2_by_expected_roi,80,160,16000,43200,27200,2.7,1,0.00625,0.0125,0.7278454278400386,0.70091851553384,448.38562500000006,453.9,1.8604515103602786,1.2527649209788059,43200.0,43200
race_score>=0.70_odds_30_500_ev>=0.8_top2,80,160,16000,43200,27200,2.7,1,0.00625,0.0125,0.7278454278400386,0.70091851553384,448.38562500000006,453.9,1.8604515103602786,1.2527649209788059,43200.0,43200
race_score>=0.70_odds_30_500_ev>=1.0_top2,80,160,16000,43200,27200,2.7,1,0.00625,0.0125,0.7278454278400386,0.70091851553384,448.38562500000006,453.9,1.8604515103602786,1.2527649209788059,43200.0,43200
race_score>=0.70_odds_30_500_ev>=1.2_top2,80,160,16000,43200,27200,2.7,1,0.00625,0.0125,0.7278454278400386,0.70091851553384,448.38562500000006,453.9,1.8604515103602786,1.2527649209788059,43200.0,43200
race_score>=0.70_odds_50_500_top2_by_value_score,80,160,16000,43200,27200,2.7,1,0.00625,0.0125,0.7278454278400386,0.70091851553384,448.38562500000006,453.9,1.8604515103602786,1.2527649209788059,43200.0,43200
race_score>=0.70_odds_50_500_top2_by_expected_roi,80,160,16000,43200,27200,2.7,1,0.00625,0.0125,0.7278454278400386,0.70091851553384,448.38562500000006,453.9,1.8604515103602786,1.2527649209788059,43200.0,43200
race_score>=0.70_odds_50_500_ev>=0.8_top2,80,160,16000,43200,27200,2.7,1,0.00625,0.0125,0.7278454278400386,0.70091851553384,448.38562500000006,453.9,1.8604515103602786,1.2527649209788059,43200.0,43200
race_score>=0.70_odds_50_500_ev>=1.0_top2,80,160,16000,43200,27200,2.7,1,0.00625,0.0125,0.7278454278400386,0.70091851553384,448.38562500000006,453.9,1.8604515103602786,1.2527649209788059,43200.0,43200
race_score>=0.70_odds_50_500_ev>=1.2_top2,80,160,16000,43200,27200,2.7,1,0.00625,0.0125,0.7278454278400386,0.70091851553384,448.38562500000006,453.9,1.8604515103602786,1.2527649209788059,43200.0,43200
race_score>=0.40_odds_all_top2_by_value_score,1444,2888,288800,778840,490040,2.696814404432133,1,0.00034626038781163435,0.0006925207756232687,0.5315119941259788,0.4000830274338122,5763.627285318559,5627.95,12.544637494508855,2.689353806418529,778840.0,778840
race_score>=0.40_odds_all_top2_by_expected_roi,1444,2888,288800,778840,490040,2.696814404432133,1,0.00034626038781163435,0.0006925207756232687,0.5315119941259788,0.4000830274338122,5763.627285318559,5627.95,12.544637494508855,2.689353806418529,778840.0,778840
race_score>=0.40_odds_all_ev>=0.8_top2,1444,2888,288800,778840,490040,2.696814404432133,1,0.00034626038781163435,0.0006925207756232687,0.5315119941259788,0.4000830274338122,5763.627285318559,5627.95,12.544637494508855,2.689353806418529,778840.0,778840
race_score>=0.40_odds_all_ev>=1.0_top2,1444,2888,288800,778840,490040,2.696814404432133,1,0.00034626038781163435,0.0006925207756232687,0.5315119941259788,0.4000830274338122,5763.627285318559,5627.95,12.544637494508855,2.689353806418529,778840.0,778840
race_score>=0.40_odds_all_ev>=1.2_top2,1444,2888,288800,778840,490040,2.696814404432133,1,0.00034626038781163435,0.0006925207756232687,0.5315119941259788,0.4000830274338122,5763.627285318559,5627.95,12.544637494508855,2.689353806418529,778840.0,778840
race_score>=0.40_odds_all_ev>=1.5_top2,1444,2888,288800,778840,490040,2.696814404432133,1,0.00034626038781163435,0.0006925207756232687,0.5315119941259788,0.4000830274338122,5763.627285318559,5627.95,12.544637494508855,2.689353806418529,778840.0,778840
race_score>=0.40_odds_all_ev>=2.0_top2,1444,2888,288800,778840,490040,2.696814404432133,1,0.00034626038781163435,0.0006925207756232687,0.5315119941259788,0.4000830274338122,5763.627285318559,5627.95,12.544637494508855,2.689353806418529,778840.0,778840
race_score>=0.40_odds_30plus_top2_by_value_score,1444,2888,288800,778840,490040,2.696814404432133,1,0.00034626038781163435,0.0006925207756232687,0.5315119941259788,0.4000830274338122,5763.627285318559,5627.95,12.544637494508855,2.689353806418529,778840.0,778840
race_score>=0.40_odds_30plus_top2_by_expected_roi,1444,2888,288800,778840,490040,2.696814404432133,1,0.00034626038781163435,0.0006925207756232687,0.5315119941259788,0.4000830274338122,5763.627285318559,5627.95,12.544637494508855,2.689353806418529,778840.0,778840
race_score>=0.40_odds_30plus_ev>=0.8_top2,1444,2888,288800,778840,490040,2.696814404432133,1,0.00034626038781163435,0.0006925207756232687,0.5315119941259788,0.4000830274338122,5763.627285318559,5627.95,12.544637494508855,2.689353806418529,778840.0,778840
race_score>=0.40_odds_30plus_ev>=1.0_top2,1444,2888,288800,778840,490040,2.696814404432133,1,0.00034626038781163435,0.0006925207756232687,0.5315119941259788,0.4000830274338122,5763.627285318559,5627.95,12.544637494508855,2.689353806418529,778840.0,778840
race_score>=0.40_odds_30plus_ev>=1.2_top2,1444,2888,288800,778840,490040,2.696814404432133,1,0.00034626038781163435,0.0006925207756232687,0.5315119941259788,0.4000830274338122,5763.627285318559,5627.95,12.544637494508855,2.689353806418529,778840.0,778840
race_score>=0.40_odds_30plus_ev>=1.5_top2,1444,2888,288800,778840,490040,2.696814404432133,1,0.00034626038781163435,0.0006925207756232687,0.5315119941259788,0.4000830274338122,5763.627285318559,5627.95,12.544637494508855,2.689353806418529,778840.0,778840
race_score>=0.40_odds_30plus_ev>=2.0_top2,1444,2888,288800,778840,490040,2.696814404432133,1,0.00034626038781163435,0.0006925207756232687,0.5315119941259788,0.4000830274338122,5763.627285318559,5627.95,12.544637494508855,2.689353806418529,778840.0,778840
race_score>=0.40_odds_50plus_top2_by_value_score,1444,2888,288800,778840,490040,2.696814404432133,1,0.00034626038781163435,0.0006925207756232687,0.5315119941259788,0.4000830274338122,5763.627285318559,5627.95,12.544637494508855,2.689353806418529,778840.0,778840
race_score>=0.40_odds_50plus_top2_by_expected_roi,1444,2888,288800,778840,490040,2.696814404432133,1,0.00034626038781163435,0.0006925207756232687,0.5315119941259788,0.4000830274338122,5763.627285318559,5627.95,12.544637494508855,2.689353806418529,778840.0,778840
race_score>=0.40_odds_50plus_ev>=0.8_top2,1444,2888,288800,778840,490040,2.696814404432133,1,0.00034626038781163435,0.0006925207756232687,0.5315119941259788,0.4000830274338122,5763.627285318559,5627.95,12.544637494508855,2.689353806418529,778840.0,778840
race_score>=0.40_odds_50plus_ev>=1.0_top2,1444,2888,288800,778840,490040,2.696814404432133,1,0.00034626038781163435,0.0006925207756232687,0.5315119941259788,0.4000830274338122,5763.627285318559,5627.95,12.544637494508855,2.689353806418529,778840.0,778840
race_score>=0.40_odds_50plus_ev>=1.2_top2,1444,2888,288800,778840,490040,2.696814404432133,1,0.00034626038781163435,0.0006925207756232687,0.5315119941259788,0.4000830274338122,5763.627285318559,5627.95,12.544637494508855,2.689353806418529,778840.0,778840
race_score>=0.40_odds_50plus_ev>=1.5_top2,1444,2888,288800,778840,490040,2.696814404432133,1,0.00034626038781163435,0.0006925207756232687,0.5315119941259788,0.4000830274338122,5763.627285318559,5627.95,12.544637494508855,2.689353806418529,778840.0,778840
race_score>=0.40_odds_50plus_ev>=2.0_top2,1444,2888,288800,778840,490040,2.696814404432133,1,0.00034626038781163435,0.0006925207756232687,0.5315119941259788,0.4000830274338122,5763.627285318559,5627.95,12.544637494508855,2.689353806418529,778840.0,778840
race_score>=0.40_odds_100plus_top2_by_value_score,1444,2888,288800,778840,490040,2.696814404432133,1,0.00034626038781163435,0.0006925207756232687,0.5315119941259788,0.4000830274338122,5763.627285318559,5627.95,12.544637494508855,2.689353806418529,778840.0,778840
race_score>=0.40_odds_100plus_top2_by_expected_roi,1444,2888,288800,778840,490040,2.696814404432133,1,0.00034626038781163435,0.0006925207756232687,0.5315119941259788,0.4000830274338122,5763.627285318559,5627.95,12.544637494508855,2.689353806418529,778840.0,778840
race_score>=0.40_odds_100plus_ev>=0.8_top2,1444,2888,288800,778840,490040,2.696814404432133,1,0.00034626038781163435,0.0006925207756232687,0.5315119941259788,0.4000830274338122,5763.627285318559,5627.95,12.544637494508855,2.689353806418529,778840.0,778840
race_score>=0.40_odds_100plus_ev>=1.0_top2,1444,2888,288800,778840,490040,2.696814404432133,1,0.00034626038781163435,0.0006925207756232687,0.5315119941259788,0.4000830274338122,5763.627285318559,5627.95,12.544637494508855,2.689353806418529,778840.0,778840
race_score>=0.40_odds_100plus_ev>=1.2_top2,1444,2888,288800,778840,490040,2.696814404432133,1,0.00034626038781163435,0.0006925207756232687,0.5315119941259788,0.4000830274338122,5763.627285318559,5627.95,12.544637494508855,2.689353806418529,778840.0,778840
race_score>=0.40_odds_100plus_ev>=1.5_top2,1444,2888,288800,778840,490040,2.696814404432133,1,0.00034626038781163435,0.0006925207756232687,0.5315119941259788,0.4000830274338122,5763.627285318559,5627.95,12.544637494508855,2.689353806418529,778840.0,778840
race_score>=0.40_odds_100plus_ev>=2.0_top2,1444,2888,288800,778840,490040,2.696814404432133,1,0.00034626038781163435,0.0006925207756232687,0.5315119941259788,0.4000830274338122,5763.627285318559,5627.95,12.544637494508855,2.689353806418529,778840.0,778840
race_score>=0.55_odds_50_1000_top1_by_value_score,575,575,57500,149170,91670,2.5942608695652174,2,0.0034782608695652175,0.0034782608695652175,0.636014344715647,0.5502825174254746,871.2452173913043,893.8,4.158270093786653,2.4054184432386836,74585.0,89380
race_score>=0.55_odds_50_1000_top1_by_expected_roi,575,575,57500,149170,91670,2.5942608695652174,2,0.0034782608695652175,0.0034782608695652175,0.636014344715647,0.5502825174254746,871.2452173913043,893.8,4.158270093786653,2.4054184432386836,74585.0,89380
race_score>=0.55_odds_50_1000_ev>=0.8_top1,575,575,57500,149170,91670,2.5942608695652174,2,0.0034782608695652175,0.0034782608695652175,0.636014344715647,0.5502825174254746,871.2452173913043,893.8,4.158270093786653,2.4054184432386836,74585.0,89380
race_score>=0.55_odds_50_1000_ev>=1.0_top1,575,575,57500,149170,91670,2.5942608695652174,2,0.0034782608695652175,0.0034782608695652175,0.636014344715647,0.5502825174254746,871.2452173913043,893.8,4.158270093786653,2.4054184432386836,74585.0,89380
race_score>=0.55_odds_50_1000_ev>=1.2_top1,575,575,57500,149170,91670,2.5942608695652174,2,0.0034782608695652175,0.0034782608695652175,0.636014344715647,0.5502825174254746,871.2452173913043,893.8,4.158270093786653,2.4054184432386836,74585.0,89380
race_score>=0.55_odds_50_1000_ev>=1.5_top1,575,575,57500,149170,91670,2.5942608695652174,2,0.0034782608695652175,0.0034782608695652175,0.636014344715647,0.5502825174254746,871.2452173913043,893.8,4.158270093786653,2.4054184432386836,74585.0,89380
race_score>=0.55_odds_50_1000_ev>=2.0_top1,575,575,57500,149170,91670,2.5942608695652174,2,0.0034782608695652175,0.0034782608695652175,0.636014344715647,0.5502825174254746,871.2452173913043,893.8,4.158270093786653,2.4054184432386836,74585.0,89380
race_score>=0.55_odds_100_1000_top1_by_value_score,575,575,57500,149170,91670,2.5942608695652174,2,0.0034782608695652175,0.0034782608695652175,0.636014344715647,0.5502825174254746,871.2452173913043,893.8,4.158270093786653,2.4054184432386836,74585.0,89380
race_score>=0.55_odds_100_1000_top1_by_expected_roi,575,575,57500,149170,91670,2.5942608695652174,2,0.0034782608695652175,0.0034782608695652175,0.636014344715647,0.5502825174254746,871.2452173913043,893.8,4.158270093786653,2.4054184432386836,74585.0,89380
race_score>=0.55_odds_100_1000_ev>=0.8_top1,575,575,57500,149170,91670,2.5942608695652174,2,0.0034782608695652175,0.0034782608695652175,0.636014344715647,0.5502825174254746,871.2452173913043,893.8,4.158270093786653,2.4054184432386836,74585.0,89380
race_score>=0.55_odds_100_1000_ev>=1.0_top1,575,575,57500,149170,91670,2.5942608695652174,2,0.0034782608695652175,0.0034782608695652175,0.636014344715647,0.5502825174254746,871.2452173913043,893.8,4.158270093786653,2.4054184432386836,74585.0,89380
race_score>=0.55_odds_100_1000_ev>=1.2_top1,575,575,57500,149170,91670,2.5942608695652174,2,0.0034782608695652175,0.0034782608695652175,0.636014344715647,0.5502825174254746,871.2452173913043,893.8,4.158270093786653,2.4054184432386836,74585.0,89380
race_score>=0.55_odds_100_1000_ev>=1.5_top1,575,575,57500,149170,91670,2.5942608695652174,2,0.0034782608695652175,0.0034782608695652175,0.636014344715647,0.5502825174254746,871.2452173913043,893.8,4.158270093786653,2.4054184432386836,74585.0,89380
race_score>=0.55_odds_100_1000_ev>=2.0_top1,575,575,57500,149170,91670,2.5942608695652174,2,0.0034782608695652175,0.0034782608695652175,0.636014344715647,0.5502825174254746,871.2452173913043,893.8,4.158270093786653,2.4054184432386836,74585.0,89380
race_score>=0.45_odds_all_ev>=3.0_top3,1047,3137,313700,778840,465140,2.4827542237806823,1,0.000318775900541919,0.0009551098376313276,0.573646329598164,0.4500906629413549,6257.972489639783,6272.2,12.335136654011228,3.122334637000456,778840.0,778840
race_score>=0.45_odds_30plus_ev>=3.0_top3,1047,3137,313700,778840,465140,2.4827542237806823,1,0.000318775900541919,0.0009551098376313276,0.573646329598164,0.4500906629413549,6257.972489639783,6272.2,12.335136654011228,3.122334637000456,778840.0,778840
race_score>=0.45_odds_50plus_ev>=3.0_top3,1047,3137,313700,778840,465140,2.4827542237806823,1,0.000318775900541919,0.0009551098376313276,0.573646329598164,0.4500906629413549,6257.972489639783,6272.2,12.335136654011228,3.122334637000456,778840.0,778840
race_score>=0.45_odds_100plus_ev>=3.0_top3,1047,3137,313700,778840,465140,2.4827542237806823,1,0.000318775900541919,0.0009551098376313276,0.573646329598164,0.4500906629413549,6257.972489639783,6272.2,12.335136654011228,3.122334637000456,778840.0,778840
race_score>=0.45_odds_all_top3_by_value_score,1047,3141,314100,778840,464740,2.479592486469277,1,0.0003183699458771092,0.0009551098376313276,0.5736019947536628,0.4500906629413549,6250.702960840496,6265.6,12.322882997435325,2.324132812796826,778840.0,778840
race_score>=0.45_odds_all_top3_by_expected_roi,1047,3141,314100,778840,464740,2.479592486469277,1,0.0003183699458771092,0.0009551098376313276,0.5736019947536628,0.4500906629413549,6250.702960840496,6265.6,12.322882997435325,2.324132812796826,778840.0,778840
race_score>=0.45_odds_all_ev>=0.8_top3,1047,3141,314100,778840,464740,2.479592486469277,1,0.0003183699458771092,0.0009551098376313276,0.5736019947536628,0.4500906629413549,6250.702960840496,6265.6,12.322882997435325,2.324132812796826,778840.0,778840
race_score>=0.45_odds_all_ev>=1.0_top3,1047,3141,314100,778840,464740,2.479592486469277,1,0.0003183699458771092,0.0009551098376313276,0.5736019947536628,0.4500906629413549,6250.702960840496,6265.6,12.322882997435325,2.324132812796826,778840.0,778840
race_score>=0.45_odds_all_ev>=1.2_top3,1047,3141,314100,778840,464740,2.479592486469277,1,0.0003183699458771092,0.0009551098376313276,0.5736019947536628,0.4500906629413549,6250.702960840496,6265.6,12.322882997435325,2.324132812796826,778840.0,778840
race_score>=0.45_odds_all_ev>=1.5_top3,1047,3141,314100,778840,464740,2.479592486469277,1,0.0003183699458771092,0.0009551098376313276,0.5736019947536628,0.4500906629413549,6250.702960840496,6265.6,12.322882997435325,2.324132812796826,778840.0,778840
race_score>=0.45_odds_all_ev>=2.0_top3,1047,3141,314100,778840,464740,2.479592486469277,1,0.0003183699458771092,0.0009551098376313276,0.5736019947536628,0.4500906629413549,6250.702960840496,6265.6,12.322882997435325,2.324132812796826,778840.0,778840
race_score>=0.45_odds_30plus_top3_by_value_score,1047,3141,314100,778840,464740,2.479592486469277,1,0.0003183699458771092,0.0009551098376313276,0.5736019947536628,0.4500906629413549,6250.702960840496,6265.6,12.322882997435325,2.324132812796826,778840.0,778840
race_score>=0.45_odds_30plus_top3_by_expected_roi,1047,3141,314100,778840,464740,2.479592486469277,1,0.0003183699458771092,0.0009551098376313276,0.5736019947536628,0.4500906629413549,6250.702960840496,6265.6,12.322882997435325,2.324132812796826,778840.0,778840
race_score>=0.45_odds_30plus_ev>=0.8_top3,1047,3141,314100,778840,464740,2.479592486469277,1,0.0003183699458771092,0.0009551098376313276,0.5736019947536628,0.4500906629413549,6250.702960840496,6265.6,12.322882997435325,2.324132812796826,778840.0,778840
race_score>=0.45_odds_30plus_ev>=1.0_top3,1047,3141,314100,778840,464740,2.479592486469277,1,0.0003183699458771092,0.0009551098376313276,0.5736019947536628,0.4500906629413549,6250.702960840496,6265.6,12.322882997435325,2.324132812796826,778840.0,778840
race_score>=0.45_odds_30plus_ev>=1.2_top3,1047,3141,314100,778840,464740,2.479592486469277,1,0.0003183699458771092,0.0009551098376313276,0.5736019947536628,0.4500906629413549,6250.702960840496,6265.6,12.322882997435325,2.324132812796826,778840.0,778840
race_score>=0.45_odds_30plus_ev>=1.5_top3,1047,3141,314100,778840,464740,2.479592486469277,1,0.0003183699458771092,0.0009551098376313276,0.5736019947536628,0.4500906629413549,6250.702960840496,6265.6,12.322882997435325,2.324132812796826,778840.0,778840
race_score>=0.45_odds_30plus_ev>=2.0_top3,1047,3141,314100,778840,464740,2.479592486469277,1,0.0003183699458771092,0.0009551098376313276,0.5736019947536628,0.4500906629413549,6250.702960840496,6265.6,12.322882997435325,2.324132812796826,778840.0,778840
race_score>=0.45_odds_50plus_top3_by_value_score,1047,3141,314100,778840,464740,2.479592486469277,1,0.0003183699458771092,0.0009551098376313276,0.5736019947536628,0.4500906629413549,6250.702960840496,6265.6,12.322882997435325,2.324132812796826,778840.0,778840
race_score>=0.45_odds_50plus_top3_by_expected_roi,1047,3141,314100,778840,464740,2.479592486469277,1,0.0003183699458771092,0.0009551098376313276,0.5736019947536628,0.4500906629413549,6250.702960840496,6265.6,12.322882997435325,2.324132812796826,778840.0,778840
race_score>=0.45_odds_50plus_ev>=0.8_top3,1047,3141,314100,778840,464740,2.479592486469277,1,0.0003183699458771092,0.0009551098376313276,0.5736019947536628,0.4500906629413549,6250.702960840496,6265.6,12.322882997435325,2.324132812796826,778840.0,778840
race_score>=0.45_odds_50plus_ev>=1.0_top3,1047,3141,314100,778840,464740,2.479592486469277,1,0.0003183699458771092,0.0009551098376313276,0.5736019947536628,0.4500906629413549,6250.702960840496,6265.6,12.322882997435325,2.324132812796826,778840.0,778840
race_score>=0.45_odds_50plus_ev>=1.2_top3,1047,3141,314100,778840,464740,2.479592486469277,1,0.0003183699458771092,0.0009551098376313276,0.5736019947536628,0.4500906629413549,6250.702960840496,6265.6,12.322882997435325,2.324132812796826,778840.0,778840
race_score>=0.45_odds_50plus_ev>=1.5_top3,1047,3141,314100,778840,464740,2.479592486469277,1,0.0003183699458771092,0.0009551098376313276,0.5736019947536628,0.4500906629413549,6250.702960840496,6265.6,12.322882997435325,2.324132812796826,778840.0,778840
race_score>=0.45_odds_50plus_ev>=2.0_top3,1047,3141,314100,778840,464740,2.479592486469277,1,0.0003183699458771092,0.0009551098376313276,0.5736019947536628,0.4500906629413549,6250.702960840496,6265.6,12.322882997435325,2.324132812796826,778840.0,778840
race_score>=0.45_odds_100plus_top3_by_value_score,1047,3141,314100,778840,464740,2.479592486469277,1,0.0003183699458771092,0.0009551098376313276,0.5736019947536628,0.4500906629413549,6250.702960840496,6265.6,12.322882997435325,2.324132812796826,778840.0,778840
race_score>=0.45_odds_100plus_top3_by_expected_roi,1047,3141,314100,778840,464740,2.479592486469277,1,0.0003183699458771092,0.0009551098376313276,0.5736019947536628,0.4500906629413549,6250.702960840496,6265.6,12.322882997435325,2.324132812796826,778840.0,778840
race_score>=0.45_odds_100plus_ev>=0.8_top3,1047,3141,314100,778840,464740,2.479592486469277,1,0.0003183699458771092,0.0009551098376313276,0.5736019947536628,0.4500906629413549,6250.702960840496,6265.6,12.322882997435325,2.324132812796826,778840.0,778840
race_score>=0.45_odds_100plus_ev>=1.0_top3,1047,3141,314100,778840,464740,2.479592486469277,1,0.0003183699458771092,0.0009551098376313276,0.5736019947536628,0.4500906629413549,6250.702960840496,6265.6,12.322882997435325,2.324132812796826,778840.0,778840
race_score>=0.45_odds_100plus_ev>=1.2_top3,1047,3141,314100,778840,464740,2.479592486469277,1,0.0003183699458771092,0.0009551098376313276,0.5736019947536628,0.4500906629413549,6250.702960840496,6265.6,12.322882997435325,2.324132812796826,778840.0,778840
race_score>=0.45_odds_100plus_ev>=1.5_top3,1047,3141,314100,778840,464740,2.479592486469277,1,0.0003183699458771092,0.0009551098376313276,0.5736019947536628,0.4500906629413549,6250.702960840496,6265.6,12.322882997435325,2.324132812796826,778840.0,778840
race_score>=0.45_odds_100plus_ev>=2.0_top3,1047,3141,314100,778840,464740,2.479592486469277,1,0.0003183699458771092,0.0009551098376313276,0.5736019947536628,0.4500906629413549,6250.702960840496,6265.6,12.322882997435325,2.324132812796826,778840.0,778840
race_score>=0.45_odds_50_1000_ev>=3.0_top2,1006,1949,194900,483100,288200,2.478707029245767,6,0.0030785017957927143,0.005964214711729622,0.5677354186579614,0.4500906629413549,845.1720369420216,869.1,4.428202689626068,3.0003977370331256,80516.66666666667,97440
race_score>=0.45_odds_100_1000_ev>=3.0_top2,1006,1949,194900,483100,288200,2.478707029245767,6,0.0030785017957927143,0.005964214711729622,0.5677354186579614,0.4500906629413549,845.1720369420216,869.1,4.428202689626068,3.0003977370331256,80516.66666666667,97440
race_score>=0.45_odds_50_1000_top2_by_value_score,1047,2094,209400,483100,273700,2.3070678127984716,6,0.0028653295128939827,0.0057306590257879654,0.5736019947536628,0.4500906629413549,845.3025310410698,869.1,4.315354525060548,2.29088804043955,80516.66666666667,97440
race_score>=0.45_odds_50_1000_top2_by_expected_roi,1047,2094,209400,483100,273700,2.3070678127984716,6,0.0028653295128939827,0.0057306590257879654,0.5736019947536628,0.4500906629413549,845.3025310410698,869.1,4.315354525060548,2.29088804043955,80516.66666666667,97440
race_score>=0.45_odds_50_1000_ev>=0.8_top2,1047,2094,209400,483100,273700,2.3070678127984716,6,0.0028653295128939827,0.0057306590257879654,0.5736019947536628,0.4500906629413549,845.3025310410698,869.1,4.315354525060548,2.29088804043955,80516.66666666667,97440
race_score>=0.45_odds_50_1000_ev>=1.0_top2,1047,2094,209400,483100,273700,2.3070678127984716,6,0.0028653295128939827,0.0057306590257879654,0.5736019947536628,0.4500906629413549,845.3025310410698,869.1,4.315354525060548,2.29088804043955,80516.66666666667,97440
race_score>=0.45_odds_50_1000_ev>=1.2_top2,1047,2094,209400,483100,273700,2.3070678127984716,6,0.0028653295128939827,0.0057306590257879654,0.5736019947536628,0.4500906629413549,845.3025310410698,869.1,4.315354525060548,2.29088804043955,80516.66666666667,97440
race_score>=0.45_odds_50_1000_ev>=1.5_top2,1047,2094,209400,483100,273700,2.3070678127984716,6,0.0028653295128939827,0.0057306590257879654,0.5736019947536628,0.4500906629413549,845.3025310410698,869.1,4.315354525060548,2.29088804043955,80516.66666666667,97440
race_score>=0.45_odds_50_1000_ev>=2.0_top2,1047,2094,209400,483100,273700,2.3070678127984716,6,0.0028653295128939827,0.0057306590257879654,0.5736019947536628,0.4500906629413549,845.3025310410698,869.1,4.315354525060548,2.29088804043955,80516.66666666667,97440
race_score>=0.45_odds_100_1000_top2_by_value_score,1047,2094,209400,483100,273700,2.3070678127984716,6,0.0028653295128939827,0.0057306590257879654,0.5736019947536628,0.4500906629413549,845.3025310410698,869.1,4.315354525060548,2.29088804043955,80516.66666666667,97440
race_score>=0.45_odds_100_1000_top2_by_expected_roi,1047,2094,209400,483100,273700,2.3070678127984716,6,0.0028653295128939827,0.0057306590257879654,0.5736019947536628,0.4500906629413549,845.3025310410698,869.1,4.315354525060548,2.29088804043955,80516.66666666667,97440
race_score>=0.45_odds_100_1000_ev>=0.8_top2,1047,2094,209400,483100,273700,2.3070678127984716,6,0.0028653295128939827,0.0057306590257879654,0.5736019947536628,0.4500906629413549,845.3025310410698,869.1,4.315354525060548,2.29088804043955,80516.66666666667,97440
race_score>=0.45_odds_100_1000_ev>=1.0_top2,1047,2094,209400,483100,273700,2.3070678127984716,6,0.0028653295128939827,0.0057306590257879654,0.5736019947536628,0.4500906629413549,845.3025310410698,869.1,4.315354525060548,2.29088804043955,80516.66666666667,97440
race_score>=0.45_odds_100_1000_ev>=1.2_top2,1047,2094,209400,483100,273700,2.3070678127984716,6,0.0028653295128939827,0.0057306590257879654,0.5736019947536628,0.4500906629413549,845.3025310410698,869.1,4.315354525060548,2.29088804043955,80516.66666666667,97440
race_score>=0.45_odds_100_1000_ev>=1.5_top2,1047,2094,209400,483100,273700,2.3070678127984716,6,0.0028653295128939827,0.0057306590257879654,0.5736019947536628,0.4500906629413549,845.3025310410698,869.1,4.315354525060548,2.29088804043955,80516.66666666667,97440
race_score>=0.45_odds_100_1000_ev>=2.0_top2,1047,2094,209400,483100,273700,2.3070678127984716,6,0.0028653295128939827,0.0057306590257879654,0.5736019947536628,0.4500906629413549,845.3025310410698,869.1,4.315354525060548,2.29088804043955,80516.66666666667,97440
race_score>=0.40_odds_50_1000_ev>=3.0_top1,1402,1402,140200,322140,181940,2.2977175463623394,4,0.0028530670470756064,0.0028530670470756064,0.5276494524598956,0.4000830274338122,850.9531383737518,880.0,5.008298656032419,3.0003977370331256,80535.0,97180
race_score>=0.40_odds_100_1000_ev>=3.0_top1,1402,1402,140200,322140,181940,2.2977175463623394,4,0.0028530670470756064,0.0028530670470756064,0.5276494524598956,0.4000830274338122,850.9531383737518,880.0,5.008298656032419,3.0003977370331256,80535.0,97180
race_score>=0.70_odds_30_500_ev>=1.5,72,377,37700,84410,46710,2.2389920424403185,2,0.005305039787798408,0.027777777777777776,0.7231138040758324,0.70091851553384,422.4299734748011,435.6,1.7773275740606973,1.501082821721799,42205.0,45010
race_score>=0.70_odds_50_500_ev>=1.5,72,377,37700,84410,46710,2.2389920424403185,2,0.005305039787798408,0.027777777777777776,0.7231138040758324,0.70091851553384,422.4299734748011,435.6,1.7773275740606973,1.501082821721799,42205.0,45010
race_score>=0.60_odds_50_1000_ev>=3.0_top2,354,668,66800,149170,82370,2.2330838323353293,2,0.0029940119760479044,0.005649717514124294,0.6615823514639084,0.600386893407325,861.6764970059879,880.1,3.950621046523272,3.0003977370331256,74585.0,89380
race_score>=0.60_odds_100_1000_ev>=3.0_top2,354,668,66800,149170,82370,2.2330838323353293,2,0.0029940119760479044,0.005649717514124294,0.6615823514639084,0.600386893407325,861.6764970059879,880.1,3.950621046523272,3.0003977370331256,74585.0,89380
race_score>=0.40_odds_50_1000_top1_by_value_score,1444,1444,144400,322140,177740,2.230886426592798,4,0.002770083102493075,0.002770083102493075,0.5315119941259788,0.4000830274338122,851.0472299168977,880.0,4.944750108442407,2.4054184432386836,80535.0,97180
race_score>=0.40_odds_50_1000_top1_by_expected_roi,1444,1444,144400,322140,177740,2.230886426592798,4,0.002770083102493075,0.002770083102493075,0.5315119941259788,0.4000830274338122,851.0472299168977,880.0,4.944750108442407,2.4054184432386836,80535.0,97180
race_score>=0.40_odds_50_1000_ev>=0.8_top1,1444,1444,144400,322140,177740,2.230886426592798,4,0.002770083102493075,0.002770083102493075,0.5315119941259788,0.4000830274338122,851.0472299168977,880.0,4.944750108442407,2.4054184432386836,80535.0,97180
race_score>=0.40_odds_50_1000_ev>=1.0_top1,1444,1444,144400,322140,177740,2.230886426592798,4,0.002770083102493075,0.002770083102493075,0.5315119941259788,0.4000830274338122,851.0472299168977,880.0,4.944750108442407,2.4054184432386836,80535.0,97180
race_score>=0.40_odds_50_1000_ev>=1.2_top1,1444,1444,144400,322140,177740,2.230886426592798,4,0.002770083102493075,0.002770083102493075,0.5315119941259788,0.4000830274338122,851.0472299168977,880.0,4.944750108442407,2.4054184432386836,80535.0,97180
race_score>=0.40_odds_50_1000_ev>=1.5_top1,1444,1444,144400,322140,177740,2.230886426592798,4,0.002770083102493075,0.002770083102493075,0.5315119941259788,0.4000830274338122,851.0472299168977,880.0,4.944750108442407,2.4054184432386836,80535.0,97180
race_score>=0.40_odds_50_1000_ev>=2.0_top1,1444,1444,144400,322140,177740,2.230886426592798,4,0.002770083102493075,0.002770083102493075,0.5315119941259788,0.4000830274338122,851.0472299168977,880.0,4.944750108442407,2.4054184432386836,80535.0,97180
race_score>=0.40_odds_100_1000_top1_by_value_score,1444,1444,144400,322140,177740,2.230886426592798,4,0.002770083102493075,0.002770083102493075,0.5315119941259788,0.4000830274338122,851.0472299168977,880.0,4.944750108442407,2.4054184432386836,80535.0,97180
race_score>=0.40_odds_100_1000_top1_by_expected_roi,1444,1444,144400,322140,177740,2.230886426592798,4,0.002770083102493075,0.002770083102493075,0.5315119941259788,0.4000830274338122,851.0472299168977,880.0,4.944750108442407,2.4054184432386836,80535.0,97180
race_score>=0.40_odds_100_1000_ev>=0.8_top1,1444,1444,144400,322140,177740,2.230886426592798,4,0.002770083102493075,0.002770083102493075,0.5315119941259788,0.4000830274338122,851.0472299168977,880.0,4.944750108442407,2.4054184432386836,80535.0,97180
race_score>=0.40_odds_100_1000_ev>=1.0_top1,1444,1444,144400,322140,177740,2.230886426592798,4,0.002770083102493075,0.002770083102493075,0.5315119941259788,0.4000830274338122,851.0472299168977,880.0,4.944750108442407,2.4054184432386836,80535.0,97180
race_score>=0.40_odds_100_1000_ev>=1.2_top1,1444,1444,144400,322140,177740,2.230886426592798,4,0.002770083102493075,0.002770083102493075,0.5315119941259788,0.4000830274338122,851.0472299168977,880.0,4.944750108442407,2.4054184432386836,80535.0,97180
race_score>=0.40_odds_100_1000_ev>=1.5_top1,1444,1444,144400,322140,177740,2.230886426592798,4,0.002770083102493075,0.002770083102493075,0.5315119941259788,0.4000830274338122,851.0472299168977,880.0,4.944750108442407,2.4054184432386836,80535.0,97180
race_score>=0.40_odds_100_1000_ev>=2.0_top1,1444,1444,144400,322140,177740,2.230886426592798,4,0.002770083102493075,0.002770083102493075,0.5315119941259788,0.4000830274338122,851.0472299168977,880.0,4.944750108442407,2.4054184432386836,80535.0,97180
race_score>=0.50_odds_50_1000_ev>=3.0_top2,755,1451,145100,309870,164770,2.1355616815988974,4,0.0027567195037904893,0.005298013245033113,0.600135711446671,0.5001748065414573,850.899655410062,872.0,4.239215286219781,3.0003977370331256,77467.5,97180
race_score>=0.50_odds_100_1000_ev>=3.0_top2,755,1451,145100,309870,164770,2.1355616815988974,4,0.0027567195037904893,0.005298013245033113,0.600135711446671,0.5001748065414573,850.899655410062,872.0,4.239215286219781,3.0003977370331256,77467.5,97180
race_score>=0.50_odds_50_1000_top2_by_value_score,793,1586,158600,309870,151270,1.953783102143758,4,0.0025220680958385876,0.005044136191677175,0.6056784390921905,0.5001748065414573,851.0069356872635,872.0,4.116362582196884,2.29088804043955,77467.5,97180
race_score>=0.50_odds_50_1000_top2_by_expected_roi,793,1586,158600,309870,151270,1.953783102143758,4,0.0025220680958385876,0.005044136191677175,0.6056784390921905,0.5001748065414573,851.0069356872635,872.0,4.116362582196884,2.29088804043955,77467.5,97180
race_score>=0.50_odds_50_1000_ev>=0.8_top2,793,1586,158600,309870,151270,1.953783102143758,4,0.0025220680958385876,0.005044136191677175,0.6056784390921905,0.5001748065414573,851.0069356872635,872.0,4.116362582196884,2.29088804043955,77467.5,97180
race_score>=0.50_odds_50_1000_ev>=1.0_top2,793,1586,158600,309870,151270,1.953783102143758,4,0.0025220680958385876,0.005044136191677175,0.6056784390921905,0.5001748065414573,851.0069356872635,872.0,4.116362582196884,2.29088804043955,77467.5,97180
race_score>=0.50_odds_50_1000_ev>=1.2_top2,793,1586,158600,309870,151270,1.953783102143758,4,0.0025220680958385876,0.005044136191677175,0.6056784390921905,0.5001748065414573,851.0069356872635,872.0,4.116362582196884,2.29088804043955,77467.5,97180
race_score>=0.50_odds_50_1000_ev>=1.5_top2,793,1586,158600,309870,151270,1.953783102143758,4,0.0025220680958385876,0.005044136191677175,0.6056784390921905,0.5001748065414573,851.0069356872635,872.0,4.116362582196884,2.29088804043955,77467.5,97180
race_score>=0.50_odds_50_1000_ev>=2.0_top2,793,1586,158600,309870,151270,1.953783102143758,4,0.0025220680958385876,0.005044136191677175,0.6056784390921905,0.5001748065414573,851.0069356872635,872.0,4.116362582196884,2.29088804043955,77467.5,97180
race_score>=0.50_odds_100_1000_top2_by_value_score,793,1586,158600,309870,151270,1.953783102143758,4,0.0025220680958385876,0.005044136191677175,0.6056784390921905,0.5001748065414573,851.0069356872635,872.0,4.116362582196884,2.29088804043955,77467.5,97180
race_score>=0.50_odds_100_1000_top2_by_expected_roi,793,1586,158600,309870,151270,1.953783102143758,4,0.0025220680958385876,0.005044136191677175,0.6056784390921905,0.5001748065414573,851.0069356872635,872.0,4.116362582196884,2.29088804043955,77467.5,97180
race_score>=0.50_odds_100_1000_ev>=0.8_top2,793,1586,158600,309870,151270,1.953783102143758,4,0.0025220680958385876,0.005044136191677175,0.6056784390921905,0.5001748065414573,851.0069356872635,872.0,4.116362582196884,2.29088804043955,77467.5,97180
race_score>=0.50_odds_100_1000_ev>=1.0_top2,793,1586,158600,309870,151270,1.953783102143758,4,0.0025220680958385876,0.005044136191677175,0.6056784390921905,0.5001748065414573,851.0069356872635,872.0,4.116362582196884,2.29088804043955,77467.5,97180
race_score>=0.50_odds_100_1000_ev>=1.2_top2,793,1586,158600,309870,151270,1.953783102143758,4,0.0025220680958385876,0.005044136191677175,0.6056784390921905,0.5001748065414573,851.0069356872635,872.0,4.116362582196884,2.29088804043955,77467.5,97180
race_score>=0.50_odds_100_1000_ev>=1.5_top2,793,1586,158600,309870,151270,1.953783102143758,4,0.0025220680958385876,0.005044136191677175,0.6056784390921905,0.5001748065414573,851.0069356872635,872.0,4.116362582196884,2.29088804043955,77467.5,97180
race_score>=0.50_odds_100_1000_ev>=2.0_top2,793,1586,158600,309870,151270,1.953783102143758,4,0.0025220680958385876,0.005044136191677175,0.6056784390921905,0.5001748065414573,851.0069356872635,872.0,4.116362582196884,2.29088804043955,77467.5,97180
race_score>=0.60_odds_50_1000_top2_by_value_score,390,780,78000,149170,71170,1.9124358974358975,2,0.002564102564102564,0.005128205128205128,0.6653700840469999,0.600386893407325,862.008205128205,881.05,3.783183057253536,2.29088804043955,74585.0,89380
race_score>=0.60_odds_50_1000_top2_by_expected_roi,390,780,78000,149170,71170,1.9124358974358975,2,0.002564102564102564,0.005128205128205128,0.6653700840469999,0.600386893407325,862.008205128205,881.05,3.783183057253536,2.29088804043955,74585.0,89380
race_score>=0.60_odds_50_1000_ev>=0.8_top2,390,780,78000,149170,71170,1.9124358974358975,2,0.002564102564102564,0.005128205128205128,0.6653700840469999,0.600386893407325,862.008205128205,881.05,3.783183057253536,2.29088804043955,74585.0,89380
race_score>=0.60_odds_50_1000_ev>=1.0_top2,390,780,78000,149170,71170,1.9124358974358975,2,0.002564102564102564,0.005128205128205128,0.6653700840469999,0.600386893407325,862.008205128205,881.05,3.783183057253536,2.29088804043955,74585.0,89380
race_score>=0.60_odds_50_1000_ev>=1.2_top2,390,780,78000,149170,71170,1.9124358974358975,2,0.002564102564102564,0.005128205128205128,0.6653700840469999,0.600386893407325,862.008205128205,881.05,3.783183057253536,2.29088804043955,74585.0,89380
race_score>=0.60_odds_50_1000_ev>=1.5_top2,390,780,78000,149170,71170,1.9124358974358975,2,0.002564102564102564,0.005128205128205128,0.6653700840469999,0.600386893407325,862.008205128205,881.05,3.783183057253536,2.29088804043955,74585.0,89380
race_score>=0.60_odds_50_1000_ev>=2.0_top2,390,780,78000,149170,71170,1.9124358974358975,2,0.002564102564102564,0.005128205128205128,0.6653700840469999,0.600386893407325,862.008205128205,881.05,3.783183057253536,2.29088804043955,74585.0,89380
race_score>=0.60_odds_100_1000_top2_by_value_score,390,780,78000,149170,71170,1.9124358974358975,2,0.002564102564102564,0.005128205128205128,0.6653700840469999,0.600386893407325,862.008205128205,881.05,3.783183057253536,2.29088804043955,74585.0,89380
race_score>=0.60_odds_100_1000_top2_by_expected_roi,390,780,78000,149170,71170,1.9124358974358975,2,0.002564102564102564,0.005128205128205128,0.6653700840469999,0.600386893407325,862.008205128205,881.05,3.783183057253536,2.29088804043955,74585.0,89380
race_score>=0.60_odds_100_1000_ev>=0.8_top2,390,780,78000,149170,71170,1.9124358974358975,2,0.002564102564102564,0.005128205128205128,0.6653700840469999,0.600386893407325,862.008205128205,881.05,3.783183057253536,2.29088804043955,74585.0,89380
race_score>=0.60_odds_100_1000_ev>=1.0_top2,390,780,78000,149170,71170,1.9124358974358975,2,0.002564102564102564,0.005128205128205128,0.6653700840469999,0.600386893407325,862.008205128205,881.05,3.783183057253536,2.29088804043955,74585.0,89380
race_score>=0.60_odds_100_1000_ev>=1.2_top2,390,780,78000,149170,71170,1.9124358974358975,2,0.002564102564102564,0.005128205128205128,0.6653700840469999,0.600386893407325,862.008205128205,881.05,3.783183057253536,2.29088804043955,74585.0,89380
race_score>=0.60_odds_100_1000_ev>=1.5_top2,390,780,78000,149170,71170,1.9124358974358975,2,0.002564102564102564,0.005128205128205128,0.6653700840469999,0.600386893407325,862.008205128205,881.05,3.783183057253536,2.29088804043955,74585.0,89380
race_score>=0.60_odds_100_1000_ev>=2.0_top2,390,780,78000,149170,71170,1.9124358974358975,2,0.002564102564102564,0.005128205128205128,0.6653700840469999,0.600386893407325,862.008205128205,881.05,3.783183057253536,2.29088804043955,74585.0,89380
race_score>=0.65_odds_30_500_ev>=1.2_top5,241,1193,119300,221040,101740,1.8528080469404862,5,0.004191114836546521,0.02074688796680498,0.6909736377638875,0.6503128804449101,425.14191114836547,437.3,1.843365425613973,1.2037884391796205,44208.0,49810
race_score>=0.65_odds_50_500_ev>=1.2_top5,241,1193,119300,221040,101740,1.8528080469404862,5,0.004191114836546521,0.02074688796680498,0.6909736377638875,0.6503128804449101,425.14191114836547,437.3,1.843365425613973,1.2037884391796205,44208.0,49810
race_score>=0.65_odds_30_500_ev>=1.5_top5,231,961,96100,177840,81740,1.8505723204994797,4,0.004162330905306972,0.017316017316017316,0.6871687984153912,0.6503128804449101,427.16722164412073,440.2,1.9553080739348325,1.5002101923452402,44460.0,49810
race_score>=0.65_odds_50_500_ev>=1.5_top5,231,961,96100,177840,81740,1.8505723204994797,4,0.004162330905306972,0.017316017316017316,0.6871687984153912,0.6503128804449101,427.16722164412073,440.2,1.9553080739348325,1.5002101923452402,44460.0,49810
race_score>=0.65_odds_30_500_top5_by_value_score,241,1205,120500,221040,100540,1.834356846473029,5,0.004149377593360996,0.02074688796680498,0.6911747324963766,0.6503128804449101,425.1519502074689,437.1,1.8365489396460901,1.1194830178520052,44208.0,49810
race_score>=0.65_odds_30_500_top5_by_expected_roi,241,1205,120500,221040,100540,1.834356846473029,5,0.004149377593360996,0.02074688796680498,0.6911747324963766,0.6503128804449101,425.1519502074689,437.1,1.8365489396460901,1.1194830178520052,44208.0,49810
race_score>=0.65_odds_30_500_ev>=0.8_top5,241,1205,120500,221040,100540,1.834356846473029,5,0.004149377593360996,0.02074688796680498,0.6911747324963766,0.6503128804449101,425.1519502074689,437.1,1.8365489396460901,1.1194830178520052,44208.0,49810
race_score>=0.65_odds_30_500_ev>=1.0_top5,241,1205,120500,221040,100540,1.834356846473029,5,0.004149377593360996,0.02074688796680498,0.6911747324963766,0.6503128804449101,425.1519502074689,437.1,1.8365489396460901,1.1194830178520052,44208.0,49810
race_score>=0.65_odds_50_500_top5_by_value_score,241,1205,120500,221040,100540,1.834356846473029,5,0.004149377593360996,0.02074688796680498,0.6911747324963766,0.6503128804449101,425.1519502074689,437.1,1.8365489396460901,1.1194830178520052,44208.0,49810
race_score>=0.65_odds_50_500_top5_by_expected_roi,241,1205,120500,221040,100540,1.834356846473029,5,0.004149377593360996,0.02074688796680498,0.6911747324963766,0.6503128804449101,425.1519502074689,437.1,1.8365489396460901,1.1194830178520052,44208.0,49810
race_score>=0.65_odds_50_500_ev>=0.8_top5,241,1205,120500,221040,100540,1.834356846473029,5,0.004149377593360996,0.02074688796680498,0.6911747324963766,0.6503128804449101,425.1519502074689,437.1,1.8365489396460901,1.1194830178520052,44208.0,49810
race_score>=0.65_odds_50_500_ev>=1.0_top5,241,1205,120500,221040,100540,1.834356846473029,5,0.004149377593360996,0.02074688796680498,0.6911747324963766,0.6503128804449101,425.1519502074689,437.1,1.8365489396460901,1.1194830178520052,44208.0,49810
race_score>=0.70_odds_30_500_ev>=1.2_top3,80,239,23900,43200,19300,1.8075313807531381,1,0.0041841004184100415,0.0125,0.7279120073048171,0.70091851553384,438.75690376569037,446.4,1.7926568835517402,1.2197647811137857,43200.0,43200
race_score>=0.70_odds_50_500_ev>=1.2_top3,80,239,23900,43200,19300,1.8075313807531381,1,0.0041841004184100415,0.0125,0.7279120073048171,0.70091851553384,438.75690376569037,446.4,1.7926568835517402,1.2197647811137857,43200.0,43200
race_score>=0.40_odds_all_ev>=3.0_top3,1443,4325,432500,778840,346340,1.80078612716763,1,0.00023121387283236994,0.000693000693000693,0.5315875408675028,0.4000830274338122,5660.606566473988,5486.4,12.113929544736239,3.122334637000456,778840.0,778840
race_score>=0.40_odds_30plus_ev>=3.0_top3,1443,4325,432500,778840,346340,1.80078612716763,1,0.00023121387283236994,0.000693000693000693,0.5315875408675028,0.4000830274338122,5660.606566473988,5486.4,12.113929544736239,3.122334637000456,778840.0,778840
race_score>=0.40_odds_50plus_ev>=3.0_top3,1443,4325,432500,778840,346340,1.80078612716763,1,0.00023121387283236994,0.000693000693000693,0.5315875408675028,0.4000830274338122,5660.606566473988,5486.4,12.113929544736239,3.122334637000456,778840.0,778840
race_score>=0.40_odds_100plus_ev>=3.0_top3,1443,4325,432500,778840,346340,1.80078612716763,1,0.00023121387283236994,0.000693000693000693,0.5315875408675028,0.4000830274338122,5660.606566473988,5486.4,12.113929544736239,3.122334637000456,778840.0,778840
race_score>=0.70_odds_30_500_top3_by_value_score,80,240,24000,43200,19200,1.8,1,0.004166666666666667,0.0125,0.7278454278400387,0.70091851553384,438.60541666666666,446.29999999999995,1.7901733850126578,1.1966172341719328,43200.0,43200
race_score>=0.70_odds_30_500_top3_by_expected_roi,80,240,24000,43200,19200,1.8,1,0.004166666666666667,0.0125,0.7278454278400387,0.70091851553384,438.60541666666666,446.29999999999995,1.7901733850126578,1.1966172341719328,43200.0,43200
race_score>=0.70_odds_30_500_ev>=0.8_top3,80,240,24000,43200,19200,1.8,1,0.004166666666666667,0.0125,0.7278454278400387,0.70091851553384,438.60541666666666,446.29999999999995,1.7901733850126578,1.1966172341719328,43200.0,43200
race_score>=0.70_odds_30_500_ev>=1.0_top3,80,240,24000,43200,19200,1.8,1,0.004166666666666667,0.0125,0.7278454278400387,0.70091851553384,438.60541666666666,446.29999999999995,1.7901733850126578,1.1966172341719328,43200.0,43200
race_score>=0.70_odds_50_500_top3_by_value_score,80,240,24000,43200,19200,1.8,1,0.004166666666666667,0.0125,0.7278454278400387,0.70091851553384,438.60541666666666,446.29999999999995,1.7901733850126578,1.1966172341719328,43200.0,43200
race_score>=0.70_odds_50_500_top3_by_expected_roi,80,240,24000,43200,19200,1.8,1,0.004166666666666667,0.0125,0.7278454278400387,0.70091851553384,438.60541666666666,446.29999999999995,1.7901733850126578,1.1966172341719328,43200.0,43200
race_score>=0.70_odds_50_500_ev>=0.8_top3,80,240,24000,43200,19200,1.8,1,0.004166666666666667,0.0125,0.7278454278400387,0.70091851553384,438.60541666666666,446.29999999999995,1.7901733850126578,1.1966172341719328,43200.0,43200
race_score>=0.70_odds_50_500_ev>=1.0_top3,80,240,24000,43200,19200,1.8,1,0.004166666666666667,0.0125,0.7278454278400387,0.70091851553384,438.60541666666666,446.29999999999995,1.7901733850126578,1.1966172341719328,43200.0,43200
race_score>=0.40_odds_all_top3_by_value_score,1444,4332,433200,778840,345640,1.7978762696214219,1,0.00023084025854108956,0.0006925207756232687,0.5315119941259788,0.4000830274338122,5652.480517082179,5474.9,12.098867740541046,2.324132812796826,778840.0,778840
race_score>=0.40_odds_all_top3_by_expected_roi,1444,4332,433200,778840,345640,1.7978762696214219,1,0.00023084025854108956,0.0006925207756232687,0.5315119941259788,0.4000830274338122,5652.480517082179,5474.9,12.098867740541046,2.324132812796826,778840.0,778840
race_score>=0.40_odds_all_ev>=0.8_top3,1444,4332,433200,778840,345640,1.7978762696214219,1,0.00023084025854108956,0.0006925207756232687,0.5315119941259788,0.4000830274338122,5652.480517082179,5474.9,12.098867740541046,2.324132812796826,778840.0,778840
race_score>=0.40_odds_all_ev>=1.0_top3,1444,4332,433200,778840,345640,1.7978762696214219,1,0.00023084025854108956,0.0006925207756232687,0.5315119941259788,0.4000830274338122,5652.480517082179,5474.9,12.098867740541046,2.324132812796826,778840.0,778840
race_score>=0.40_odds_all_ev>=1.2_top3,1444,4332,433200,778840,345640,1.7978762696214219,1,0.00023084025854108956,0.0006925207756232687,0.5315119941259788,0.4000830274338122,5652.480517082179,5474.9,12.098867740541046,2.324132812796826,778840.0,778840
race_score>=0.40_odds_all_ev>=1.5_top3,1444,4332,433200,778840,345640,1.7978762696214219,1,0.00023084025854108956,0.0006925207756232687,0.5315119941259788,0.4000830274338122,5652.480517082179,5474.9,12.098867740541046,2.324132812796826,778840.0,778840
race_score>=0.40_odds_all_ev>=2.0_top3,1444,4332,433200,778840,345640,1.7978762696214219,1,0.00023084025854108956,0.0006925207756232687,0.5315119941259788,0.4000830274338122,5652.480517082179,5474.9,12.098867740541046,2.324132812796826,778840.0,778840
race_score>=0.40_odds_30plus_top3_by_value_score,1444,4332,433200,778840,345640,1.7978762696214219,1,0.00023084025854108956,0.0006925207756232687,0.5315119941259788,0.4000830274338122,5652.480517082179,5474.9,12.098867740541046,2.324132812796826,778840.0,778840
race_score>=0.40_odds_30plus_top3_by_expected_roi,1444,4332,433200,778840,345640,1.7978762696214219,1,0.00023084025854108956,0.0006925207756232687,0.5315119941259788,0.4000830274338122,5652.480517082179,5474.9,12.098867740541046,2.324132812796826,778840.0,778840
race_score>=0.40_odds_30plus_ev>=0.8_top3,1444,4332,433200,778840,345640,1.7978762696214219,1,0.00023084025854108956,0.0006925207756232687,0.5315119941259788,0.4000830274338122,5652.480517082179,5474.9,12.098867740541046,2.324132812796826,778840.0,778840
race_score>=0.40_odds_30plus_ev>=1.0_top3,1444,4332,433200,778840,345640,1.7978762696214219,1,0.00023084025854108956,0.0006925207756232687,0.5315119941259788,0.4000830274338122,5652.480517082179,5474.9,12.098867740541046,2.324132812796826,778840.0,778840
race_score>=0.40_odds_30plus_ev>=1.2_top3,1444,4332,433200,778840,345640,1.7978762696214219,1,0.00023084025854108956,0.0006925207756232687,0.5315119941259788,0.4000830274338122,5652.480517082179,5474.9,12.098867740541046,2.324132812796826,778840.0,778840
race_score>=0.40_odds_30plus_ev>=1.5_top3,1444,4332,433200,778840,345640,1.7978762696214219,1,0.00023084025854108956,0.0006925207756232687,0.5315119941259788,0.4000830274338122,5652.480517082179,5474.9,12.098867740541046,2.324132812796826,778840.0,778840
race_score>=0.40_odds_30plus_ev>=2.0_top3,1444,4332,433200,778840,345640,1.7978762696214219,1,0.00023084025854108956,0.0006925207756232687,0.5315119941259788,0.4000830274338122,5652.480517082179,5474.9,12.098867740541046,2.324132812796826,778840.0,778840
race_score>=0.40_odds_50plus_top3_by_value_score,1444,4332,433200,778840,345640,1.7978762696214219,1,0.00023084025854108956,0.0006925207756232687,0.5315119941259788,0.4000830274338122,5652.480517082179,5474.9,12.098867740541046,2.324132812796826,778840.0,778840
race_score>=0.40_odds_50plus_top3_by_expected_roi,1444,4332,433200,778840,345640,1.7978762696214219,1,0.00023084025854108956,0.0006925207756232687,0.5315119941259788,0.4000830274338122,5652.480517082179,5474.9,12.098867740541046,2.324132812796826,778840.0,778840
race_score>=0.40_odds_50plus_ev>=0.8_top3,1444,4332,433200,778840,345640,1.7978762696214219,1,0.00023084025854108956,0.0006925207756232687,0.5315119941259788,0.4000830274338122,5652.480517082179,5474.9,12.098867740541046,2.324132812796826,778840.0,778840
race_score>=0.40_odds_50plus_ev>=1.0_top3,1444,4332,433200,778840,345640,1.7978762696214219,1,0.00023084025854108956,0.0006925207756232687,0.5315119941259788,0.4000830274338122,5652.480517082179,5474.9,12.098867740541046,2.324132812796826,778840.0,778840
race_score>=0.40_odds_50plus_ev>=1.2_top3,1444,4332,433200,778840,345640,1.7978762696214219,1,0.00023084025854108956,0.0006925207756232687,0.5315119941259788,0.4000830274338122,5652.480517082179,5474.9,12.098867740541046,2.324132812796826,778840.0,778840
race_score>=0.40_odds_50plus_ev>=1.5_top3,1444,4332,433200,778840,345640,1.7978762696214219,1,0.00023084025854108956,0.0006925207756232687,0.5315119941259788,0.4000830274338122,5652.480517082179,5474.9,12.098867740541046,2.324132812796826,778840.0,778840
race_score>=0.40_odds_50plus_ev>=2.0_top3,1444,4332,433200,778840,345640,1.7978762696214219,1,0.00023084025854108956,0.0006925207756232687,0.5315119941259788,0.4000830274338122,5652.480517082179,5474.9,12.098867740541046,2.324132812796826,778840.0,778840
race_score>=0.40_odds_100plus_top3_by_value_score,1444,4332,433200,778840,345640,1.7978762696214219,1,0.00023084025854108956,0.0006925207756232687,0.5315119941259788,0.4000830274338122,5652.480517082179,5474.9,12.098867740541046,2.324132812796826,778840.0,778840
race_score>=0.40_odds_100plus_top3_by_expected_roi,1444,4332,433200,778840,345640,1.7978762696214219,1,0.00023084025854108956,0.0006925207756232687,0.5315119941259788,0.4000830274338122,5652.480517082179,5474.9,12.098867740541046,2.324132812796826,778840.0,778840
race_score>=0.40_odds_100plus_ev>=0.8_top3,1444,4332,433200,778840,345640,1.7978762696214219,1,0.00023084025854108956,0.0006925207756232687,0.5315119941259788,0.4000830274338122,5652.480517082179,5474.9,12.098867740541046,2.324132812796826,778840.0,778840
race_score>=0.40_odds_100plus_ev>=1.0_top3,1444,4332,433200,778840,345640,1.7978762696214219,1,0.00023084025854108956,0.0006925207756232687,0.5315119941259788,0.4000830274338122,5652.480517082179,5474.9,12.098867740541046,2.324132812796826,778840.0,778840
race_score>=0.40_odds_100plus_ev>=1.2_top3,1444,4332,433200,778840,345640,1.7978762696214219,1,0.00023084025854108956,0.0006925207756232687,0.5315119941259788,0.4000830274338122,5652.480517082179,5474.9,12.098867740541046,2.324132812796826,778840.0,778840
race_score>=0.40_odds_100plus_ev>=1.5_top3,1444,4332,433200,778840,345640,1.7978762696214219,1,0.00023084025854108956,0.0006925207756232687,0.5315119941259788,0.4000830274338122,5652.480517082179,5474.9,12.098867740541046,2.324132812796826,778840.0,778840
race_score>=0.40_odds_100plus_ev>=2.0_top3,1444,4332,433200,778840,345640,1.7978762696214219,1,0.00023084025854108956,0.0006925207756232687,0.5315119941259788,0.4000830274338122,5652.480517082179,5474.9,12.098867740541046,2.324132812796826,778840.0,778840
race_score>=0.40_odds_50_1000_ev>=3.0_top2,1402,2736,273600,483100,209500,1.7657163742690059,6,0.0021929824561403508,0.0042796005706134095,0.5253775721519871,0.4000830274338122,835.7467470760234,863.0,4.777074051361849,3.0003977370331256,80516.66666666667,97440
race_score>=0.40_odds_100_1000_ev>=3.0_top2,1402,2736,273600,483100,209500,1.7657163742690059,6,0.0021929824561403508,0.0042796005706134095,0.5253775721519871,0.4000830274338122,835.7467470760234,863.0,4.777074051361849,3.0003977370331256,80516.66666666667,97440
race_score>=0.60_odds_50_1000_top3_by_value_score,390,1170,117000,202850,85850,1.7337606837606838,3,0.002564102564102564,0.007692307692307693,0.6653700840469999,0.600386893407325,850.8227350427351,868.3,3.6392860412858323,2.2008489740303965,67616.66666666667,89380
race_score>=0.60_odds_50_1000_top3_by_expected_roi,390,1170,117000,202850,85850,1.7337606837606838,3,0.002564102564102564,0.007692307692307693,0.6653700840469999,0.600386893407325,850.8227350427351,868.3,3.6392860412858323,2.2008489740303965,67616.66666666667,89380
race_score>=0.60_odds_50_1000_ev>=0.8_top3,390,1170,117000,202850,85850,1.7337606837606838,3,0.002564102564102564,0.007692307692307693,0.6653700840469999,0.600386893407325,850.8227350427351,868.3,3.6392860412858323,2.2008489740303965,67616.66666666667,89380
race_score>=0.60_odds_50_1000_ev>=1.0_top3,390,1170,117000,202850,85850,1.7337606837606838,3,0.002564102564102564,0.007692307692307693,0.6653700840469999,0.600386893407325,850.8227350427351,868.3,3.6392860412858323,2.2008489740303965,67616.66666666667,89380
race_score>=0.60_odds_50_1000_ev>=1.2_top3,390,1170,117000,202850,85850,1.7337606837606838,3,0.002564102564102564,0.007692307692307693,0.6653700840469999,0.600386893407325,850.8227350427351,868.3,3.6392860412858323,2.2008489740303965,67616.66666666667,89380
race_score>=0.60_odds_50_1000_ev>=1.5_top3,390,1170,117000,202850,85850,1.7337606837606838,3,0.002564102564102564,0.007692307692307693,0.6653700840469999,0.600386893407325,850.8227350427351,868.3,3.6392860412858323,2.2008489740303965,67616.66666666667,89380
race_score>=0.60_odds_50_1000_ev>=2.0_top3,390,1170,117000,202850,85850,1.7337606837606838,3,0.002564102564102564,0.007692307692307693,0.6653700840469999,0.600386893407325,850.8227350427351,868.3,3.6392860412858323,2.2008489740303965,67616.66666666667,89380
race_score>=0.60_odds_100_1000_top3_by_value_score,390,1170,117000,202850,85850,1.7337606837606838,3,0.002564102564102564,0.007692307692307693,0.6653700840469999,0.600386893407325,850.8227350427351,868.3,3.6392860412858323,2.2008489740303965,67616.66666666667,89380
race_score>=0.60_odds_100_1000_top3_by_expected_roi,390,1170,117000,202850,85850,1.7337606837606838,3,0.002564102564102564,0.007692307692307693,0.6653700840469999,0.600386893407325,850.8227350427351,868.3,3.6392860412858323,2.2008489740303965,67616.66666666667,89380
race_score>=0.60_odds_100_1000_ev>=0.8_top3,390,1170,117000,202850,85850,1.7337606837606838,3,0.002564102564102564,0.007692307692307693,0.6653700840469999,0.600386893407325,850.8227350427351,868.3,3.6392860412858323,2.2008489740303965,67616.66666666667,89380
race_score>=0.60_odds_100_1000_ev>=1.0_top3,390,1170,117000,202850,85850,1.7337606837606838,3,0.002564102564102564,0.007692307692307693,0.6653700840469999,0.600386893407325,850.8227350427351,868.3,3.6392860412858323,2.2008489740303965,67616.66666666667,89380
race_score>=0.60_odds_100_1000_ev>=1.2_top3,390,1170,117000,202850,85850,1.7337606837606838,3,0.002564102564102564,0.007692307692307693,0.6653700840469999,0.600386893407325,850.8227350427351,868.3,3.6392860412858323,2.2008489740303965,67616.66666666667,89380
race_score>=0.60_odds_100_1000_ev>=1.5_top3,390,1170,117000,202850,85850,1.7337606837606838,3,0.002564102564102564,0.007692307692307693,0.6653700840469999,0.600386893407325,850.8227350427351,868.3,3.6392860412858323,2.2008489740303965,67616.66666666667,89380
race_score>=0.60_odds_100_1000_ev>=2.0_top3,390,1170,117000,202850,85850,1.7337606837606838,3,0.002564102564102564,0.007692307692307693,0.6653700840469999,0.600386893407325,850.8227350427351,868.3,3.6392860412858323,2.2008489740303965,67616.66666666667,89380
race_score>=0.70_odds_30_500_ev>=1.2,80,992,99200,171370,72170,1.7275201612903226,4,0.004032258064516129,0.05,0.7259144198457237,0.70091851553384,404.78235887096776,415.35,1.4993156405755745,1.2003431713264172,42842.5,45010
race_score>=0.70_odds_50_500_ev>=1.2,80,992,99200,171370,72170,1.7275201612903226,4,0.004032258064516129,0.05,0.7259144198457237,0.70091851553384,404.78235887096776,415.35,1.4993156405755745,1.2003431713264172,42842.5,45010
race_score>=0.30_odds_all_ev>=3.0_top1,5540,5540,554000,951700,397700,1.717870036101083,2,0.00036101083032490973,0.00036101083032490973,0.388355007235946,0.3000060136596823,4057.857310469314,3258.75,12.905581927825475,3.1437656078847573,475850.0,778840
race_score>=0.30_odds_30plus_ev>=3.0_top1,5540,5540,554000,951700,397700,1.717870036101083,2,0.00036101083032490973,0.00036101083032490973,0.388355007235946,0.3000060136596823,4057.857310469314,3258.75,12.905581927825475,3.1437656078847573,475850.0,778840
race_score>=0.30_odds_50plus_ev>=3.0_top1,5540,5540,554000,951700,397700,1.717870036101083,2,0.00036101083032490973,0.00036101083032490973,0.388355007235946,0.3000060136596823,4057.857310469314,3258.75,12.905581927825475,3.1437656078847573,475850.0,778840
race_score>=0.30_odds_100plus_ev>=3.0_top1,5540,5540,554000,951700,397700,1.717870036101083,2,0.00036101083032490973,0.00036101083032490973,0.388355007235946,0.3000060136596823,4057.857310469314,3258.75,12.905581927825475,3.1437656078847573,475850.0,778840
race_score>=0.30_odds_all_top1_by_value_score,5544,5544,554400,951700,397300,1.7166305916305917,2,0.00036075036075036075,0.00036075036075036075,0.3883389451860162,0.3000060136596823,4055.3288419913415,3257.15,12.898344181886412,2.7144637533589004,475850.0,778840
race_score>=0.30_odds_all_top1_by_expected_roi,5544,5544,554400,951700,397300,1.7166305916305917,2,0.00036075036075036075,0.00036075036075036075,0.3883389451860162,0.3000060136596823,4055.3288419913415,3257.15,12.898344181886412,2.7144637533589004,475850.0,778840
race_score>=0.30_odds_all_ev>=0.8_top1,5544,5544,554400,951700,397300,1.7166305916305917,2,0.00036075036075036075,0.00036075036075036075,0.3883389451860162,0.3000060136596823,4055.3288419913415,3257.15,12.898344181886412,2.7144637533589004,475850.0,778840
race_score>=0.30_odds_all_ev>=1.0_top1,5544,5544,554400,951700,397300,1.7166305916305917,2,0.00036075036075036075,0.00036075036075036075,0.3883389451860162,0.3000060136596823,4055.3288419913415,3257.15,12.898344181886412,2.7144637533589004,475850.0,778840
race_score>=0.30_odds_all_ev>=1.2_top1,5544,5544,554400,951700,397300,1.7166305916305917,2,0.00036075036075036075,0.00036075036075036075,0.3883389451860162,0.3000060136596823,4055.3288419913415,3257.15,12.898344181886412,2.7144637533589004,475850.0,778840
race_score>=0.30_odds_all_ev>=1.5_top1,5544,5544,554400,951700,397300,1.7166305916305917,2,0.00036075036075036075,0.00036075036075036075,0.3883389451860162,0.3000060136596823,4055.3288419913415,3257.15,12.898344181886412,2.7144637533589004,475850.0,778840
race_score>=0.30_odds_all_ev>=2.0_top1,5544,5544,554400,951700,397300,1.7166305916305917,2,0.00036075036075036075,0.00036075036075036075,0.3883389451860162,0.3000060136596823,4055.3288419913415,3257.15,12.898344181886412,2.7144637533589004,475850.0,778840
race_score>=0.30_odds_30plus_top1_by_value_score,5544,5544,554400,951700,397300,1.7166305916305917,2,0.00036075036075036075,0.00036075036075036075,0.3883389451860162,0.3000060136596823,4055.3288419913415,3257.15,12.898344181886412,2.7144637533589004,475850.0,778840
race_score>=0.30_odds_30plus_top1_by_expected_roi,5544,5544,554400,951700,397300,1.7166305916305917,2,0.00036075036075036075,0.00036075036075036075,0.3883389451860162,0.3000060136596823,4055.3288419913415,3257.15,12.898344181886412,2.7144637533589004,475850.0,778840
race_score>=0.30_odds_30plus_ev>=0.8_top1,5544,5544,554400,951700,397300,1.7166305916305917,2,0.00036075036075036075,0.00036075036075036075,0.3883389451860162,0.3000060136596823,4055.3288419913415,3257.15,12.898344181886412,2.7144637533589004,475850.0,778840
race_score>=0.30_odds_30plus_ev>=1.0_top1,5544,5544,554400,951700,397300,1.7166305916305917,2,0.00036075036075036075,0.00036075036075036075,0.3883389451860162,0.3000060136596823,4055.3288419913415,3257.15,12.898344181886412,2.7144637533589004,475850.0,778840
race_score>=0.30_odds_30plus_ev>=1.2_top1,5544,5544,554400,951700,397300,1.7166305916305917,2,0.00036075036075036075,0.00036075036075036075,0.3883389451860162,0.3000060136596823,4055.3288419913415,3257.15,12.898344181886412,2.7144637533589004,475850.0,778840
race_score>=0.30_odds_30plus_ev>=1.5_top1,5544,5544,554400,951700,397300,1.7166305916305917,2,0.00036075036075036075,0.00036075036075036075,0.3883389451860162,0.3000060136596823,4055.3288419913415,3257.15,12.898344181886412,2.7144637533589004,475850.0,778840
race_score>=0.30_odds_30plus_ev>=2.0_top1,5544,5544,554400,951700,397300,1.7166305916305917,2,0.00036075036075036075,0.00036075036075036075,0.3883389451860162,0.3000060136596823,4055.3288419913415,3257.15,12.898344181886412,2.7144637533589004,475850.0,778840
race_score>=0.30_odds_50plus_top1_by_value_score,5544,5544,554400,951700,397300,1.7166305916305917,2,0.00036075036075036075,0.00036075036075036075,0.3883389451860162,0.3000060136596823,4055.3288419913415,3257.15,12.898344181886412,2.7144637533589004,475850.0,778840
race_score>=0.30_odds_50plus_top1_by_expected_roi,5544,5544,554400,951700,397300,1.7166305916305917,2,0.00036075036075036075,0.00036075036075036075,0.3883389451860162,0.3000060136596823,4055.3288419913415,3257.15,12.898344181886412,2.7144637533589004,475850.0,778840
race_score>=0.30_odds_50plus_ev>=0.8_top1,5544,5544,554400,951700,397300,1.7166305916305917,2,0.00036075036075036075,0.00036075036075036075,0.3883389451860162,0.3000060136596823,4055.3288419913415,3257.15,12.898344181886412,2.7144637533589004,475850.0,778840
race_score>=0.30_odds_50plus_ev>=1.0_top1,5544,5544,554400,951700,397300,1.7166305916305917,2,0.00036075036075036075,0.00036075036075036075,0.3883389451860162,0.3000060136596823,4055.3288419913415,3257.15,12.898344181886412,2.7144637533589004,475850.0,778840
race_score>=0.30_odds_50plus_ev>=1.2_top1,5544,5544,554400,951700,397300,1.7166305916305917,2,0.00036075036075036075,0.00036075036075036075,0.3883389451860162,0.3000060136596823,4055.3288419913415,3257.15,12.898344181886412,2.7144637533589004,475850.0,778840
race_score>=0.30_odds_50plus_ev>=1.5_top1,5544,5544,554400,951700,397300,1.7166305916305917,2,0.00036075036075036075,0.00036075036075036075,0.3883389451860162,0.3000060136596823,4055.3288419913415,3257.15,12.898344181886412,2.7144637533589004,475850.0,778840
race_score>=0.30_odds_50plus_ev>=2.0_top1,5544,5544,554400,951700,397300,1.7166305916305917,2,0.00036075036075036075,0.00036075036075036075,0.3883389451860162,0.3000060136596823,4055.3288419913415,3257.15,12.898344181886412,2.7144637533589004,475850.0,778840
race_score>=0.30_odds_100plus_top1_by_value_score,5544,5544,554400,951700,397300,1.7166305916305917,2,0.00036075036075036075,0.00036075036075036075,0.3883389451860162,0.3000060136596823,4055.3288419913415,3257.15,12.898344181886412,2.7144637533589004,475850.0,778840
race_score>=0.30_odds_100plus_top1_by_expected_roi,5544,5544,554400,951700,397300,1.7166305916305917,2,0.00036075036075036075,0.00036075036075036075,0.3883389451860162,0.3000060136596823,4055.3288419913415,3257.15,12.898344181886412,2.7144637533589004,475850.0,778840
race_score>=0.30_odds_100plus_ev>=0.8_top1,5544,5544,554400,951700,397300,1.7166305916305917,2,0.00036075036075036075,0.00036075036075036075,0.3883389451860162,0.3000060136596823,4055.3288419913415,3257.15,12.898344181886412,2.7144637533589004,475850.0,778840
race_score>=0.30_odds_100plus_ev>=1.0_top1,5544,5544,554400,951700,397300,1.7166305916305917,2,0.00036075036075036075,0.00036075036075036075,0.3883389451860162,0.3000060136596823,4055.3288419913415,3257.15,12.898344181886412,2.7144637533589004,475850.0,778840
race_score>=0.30_odds_100plus_ev>=1.2_top1,5544,5544,554400,951700,397300,1.7166305916305917,2,0.00036075036075036075,0.00036075036075036075,0.3883389451860162,0.3000060136596823,4055.3288419913415,3257.15,12.898344181886412,2.7144637533589004,475850.0,778840
race_score>=0.30_odds_100plus_ev>=1.5_top1,5544,5544,554400,951700,397300,1.7166305916305917,2,0.00036075036075036075,0.00036075036075036075,0.3883389451860162,0.3000060136596823,4055.3288419913415,3257.15,12.898344181886412,2.7144637533589004,475850.0,778840
race_score>=0.30_odds_100plus_ev>=2.0_top1,5544,5544,554400,951700,397300,1.7166305916305917,2,0.00036075036075036075,0.00036075036075036075,0.3883389451860162,0.3000060136596823,4055.3288419913415,3257.15,12.898344181886412,2.7144637533589004,475850.0,778840
race_score>=0.45_odds_50_1000_ev>=3.0_top3,1006,2821,282100,483100,201000,1.7125132931584544,6,0.0021269053527118043,0.005964214711729622,0.5656588011600812,0.4500906629413549,831.5513293158454,855.5,4.29285591611617,3.0001598496152257,80516.66666666667,97440
race_score>=0.45_odds_100_1000_ev>=3.0_top3,1006,2821,282100,483100,201000,1.7125132931584544,6,0.0021269053527118043,0.005964214711729622,0.5656588011600812,0.4500906629413549,831.5513293158454,855.5,4.29285591611617,3.0001598496152257,80516.66666666667,97440
race_score>=0.45_odds_50_1000_top3_by_value_score,1047,3141,314100,536780,222680,1.7089461954791467,7,0.002228589621139764,0.0066857688634192934,0.5736019947536628,0.4500906629413549,832.0311047437123,855.5,4.137549577141338,2.2008489740303965,76682.85714285714,97440
race_score>=0.45_odds_50_1000_top3_by_expected_roi,1047,3141,314100,536780,222680,1.7089461954791467,7,0.002228589621139764,0.0066857688634192934,0.5736019947536628,0.4500906629413549,832.0311047437123,855.5,4.137549577141338,2.2008489740303965,76682.85714285714,97440
race_score>=0.45_odds_50_1000_ev>=0.8_top3,1047,3141,314100,536780,222680,1.7089461954791467,7,0.002228589621139764,0.0066857688634192934,0.5736019947536628,0.4500906629413549,832.0311047437123,855.5,4.137549577141338,2.2008489740303965,76682.85714285714,97440
race_score>=0.45_odds_50_1000_ev>=1.0_top3,1047,3141,314100,536780,222680,1.7089461954791467,7,0.002228589621139764,0.0066857688634192934,0.5736019947536628,0.4500906629413549,832.0311047437123,855.5,4.137549577141338,2.2008489740303965,76682.85714285714,97440
race_score>=0.45_odds_50_1000_ev>=1.2_top3,1047,3141,314100,536780,222680,1.7089461954791467,7,0.002228589621139764,0.0066857688634192934,0.5736019947536628,0.4500906629413549,832.0311047437123,855.5,4.137549577141338,2.2008489740303965,76682.85714285714,97440
race_score>=0.45_odds_50_1000_ev>=1.5_top3,1047,3141,314100,536780,222680,1.7089461954791467,7,0.002228589621139764,0.0066857688634192934,0.5736019947536628,0.4500906629413549,832.0311047437123,855.5,4.137549577141338,2.2008489740303965,76682.85714285714,97440
race_score>=0.45_odds_50_1000_ev>=2.0_top3,1047,3141,314100,536780,222680,1.7089461954791467,7,0.002228589621139764,0.0066857688634192934,0.5736019947536628,0.4500906629413549,832.0311047437123,855.5,4.137549577141338,2.2008489740303965,76682.85714285714,97440
race_score>=0.45_odds_100_1000_top3_by_value_score,1047,3141,314100,536780,222680,1.7089461954791467,7,0.002228589621139764,0.0066857688634192934,0.5736019947536628,0.4500906629413549,832.0311047437123,855.5,4.137549577141338,2.2008489740303965,76682.85714285714,97440
race_score>=0.45_odds_100_1000_top3_by_expected_roi,1047,3141,314100,536780,222680,1.7089461954791467,7,0.002228589621139764,0.0066857688634192934,0.5736019947536628,0.4500906629413549,832.0311047437123,855.5,4.137549577141338,2.2008489740303965,76682.85714285714,97440
race_score>=0.45_odds_100_1000_ev>=0.8_top3,1047,3141,314100,536780,222680,1.7089461954791467,7,0.002228589621139764,0.0066857688634192934,0.5736019947536628,0.4500906629413549,832.0311047437123,855.5,4.137549577141338,2.2008489740303965,76682.85714285714,97440
race_score>=0.45_odds_100_1000_ev>=1.0_top3,1047,3141,314100,536780,222680,1.7089461954791467,7,0.002228589621139764,0.0066857688634192934,0.5736019947536628,0.4500906629413549,832.0311047437123,855.5,4.137549577141338,2.2008489740303965,76682.85714285714,97440
race_score>=0.45_odds_100_1000_ev>=1.2_top3,1047,3141,314100,536780,222680,1.7089461954791467,7,0.002228589621139764,0.0066857688634192934,0.5736019947536628,0.4500906629413549,832.0311047437123,855.5,4.137549577141338,2.2008489740303965,76682.85714285714,97440
race_score>=0.45_odds_100_1000_ev>=1.5_top3,1047,3141,314100,536780,222680,1.7089461954791467,7,0.002228589621139764,0.0066857688634192934,0.5736019947536628,0.4500906629413549,832.0311047437123,855.5,4.137549577141338,2.2008489740303965,76682.85714285714,97440
race_score>=0.45_odds_100_1000_ev>=2.0_top3,1047,3141,314100,536780,222680,1.7089461954791467,7,0.002228589621139764,0.0066857688634192934,0.5736019947536628,0.4500906629413549,832.0311047437123,855.5,4.137549577141338,2.2008489740303965,76682.85714285714,97440
race_score>=0.60_odds_50_1000_ev>=3.0,354,1954,195400,331600,136200,1.6970317297850563,4,0.0020470829068577278,0.011299435028248588,0.654555351318598,0.600386893407325,812.878505629478,836.7,3.611852849320246,3.0001523460422597,82900.0,95390
race_score>=0.60_odds_100_1000_ev>=3.0,354,1954,195400,331600,136200,1.6970317297850563,4,0.0020470829068577278,0.011299435028248588,0.654555351318598,0.600386893407325,812.878505629478,836.7,3.611852849320246,3.0001523460422597,82900.0,95390
race_score>=0.40_odds_50_1000_top2_by_value_score,1444,2888,288800,483100,194300,1.6727839335180055,6,0.002077562326869806,0.004155124653739612,0.5315119941259788,0.4000830274338122,836.1535664819944,862.6,4.673183500115402,2.29088804043955,80516.66666666667,97440
race_score>=0.40_odds_50_1000_top2_by_expected_roi,1444,2888,288800,483100,194300,1.6727839335180055,6,0.002077562326869806,0.004155124653739612,0.5315119941259788,0.4000830274338122,836.1535664819944,862.6,4.673183500115402,2.29088804043955,80516.66666666667,97440
race_score>=0.40_odds_50_1000_ev>=0.8_top2,1444,2888,288800,483100,194300,1.6727839335180055,6,0.002077562326869806,0.004155124653739612,0.5315119941259788,0.4000830274338122,836.1535664819944,862.6,4.673183500115402,2.29088804043955,80516.66666666667,97440
race_score>=0.40_odds_50_1000_ev>=1.0_top2,1444,2888,288800,483100,194300,1.6727839335180055,6,0.002077562326869806,0.004155124653739612,0.5315119941259788,0.4000830274338122,836.1535664819944,862.6,4.673183500115402,2.29088804043955,80516.66666666667,97440
race_score>=0.40_odds_50_1000_ev>=1.2_top2,1444,2888,288800,483100,194300,1.6727839335180055,6,0.002077562326869806,0.004155124653739612,0.5315119941259788,0.4000830274338122,836.1535664819944,862.6,4.673183500115402,2.29088804043955,80516.66666666667,97440
race_score>=0.40_odds_50_1000_ev>=1.5_top2,1444,2888,288800,483100,194300,1.6727839335180055,6,0.002077562326869806,0.004155124653739612,0.5315119941259788,0.4000830274338122,836.1535664819944,862.6,4.673183500115402,2.29088804043955,80516.66666666667,97440
race_score>=0.40_odds_50_1000_ev>=2.0_top2,1444,2888,288800,483100,194300,1.6727839335180055,6,0.002077562326869806,0.004155124653739612,0.5315119941259788,0.4000830274338122,836.1535664819944,862.6,4.673183500115402,2.29088804043955,80516.66666666667,97440
race_score>=0.40_odds_100_1000_top2_by_value_score,1444,2888,288800,483100,194300,1.6727839335180055,6,0.002077562326869806,0.004155124653739612,0.5315119941259788,0.4000830274338122,836.1535664819944,862.6,4.673183500115402,2.29088804043955,80516.66666666667,97440
race_score>=0.40_odds_100_1000_top2_by_expected_roi,1444,2888,288800,483100,194300,1.6727839335180055,6,0.002077562326869806,0.004155124653739612,0.5315119941259788,0.4000830274338122,836.1535664819944,862.6,4.673183500115402,2.29088804043955,80516.66666666667,97440
race_score>=0.40_odds_100_1000_ev>=0.8_top2,1444,2888,288800,483100,194300,1.6727839335180055,6,0.002077562326869806,0.004155124653739612,0.5315119941259788,0.4000830274338122,836.1535664819944,862.6,4.673183500115402,2.29088804043955,80516.66666666667,97440
race_score>=0.40_odds_100_1000_ev>=1.0_top2,1444,2888,288800,483100,194300,1.6727839335180055,6,0.002077562326869806,0.004155124653739612,0.5315119941259788,0.4000830274338122,836.1535664819944,862.6,4.673183500115402,2.29088804043955,80516.66666666667,97440
race_score>=0.40_odds_100_1000_ev>=1.2_top2,1444,2888,288800,483100,194300,1.6727839335180055,6,0.002077562326869806,0.004155124653739612,0.5315119941259788,0.4000830274338122,836.1535664819944,862.6,4.673183500115402,2.29088804043955,80516.66666666667,97440
race_score>=0.40_odds_100_1000_ev>=1.5_top2,1444,2888,288800,483100,194300,1.6727839335180055,6,0.002077562326869806,0.004155124653739612,0.5315119941259788,0.4000830274338122,836.1535664819944,862.6,4.673183500115402,2.29088804043955,80516.66666666667,97440
race_score>=0.40_odds_100_1000_ev>=2.0_top2,1444,2888,288800,483100,194300,1.6727839335180055,6,0.002077562326869806,0.004155124653739612,0.5315119941259788,0.4000830274338122,836.1535664819944,862.6,4.673183500115402,2.29088804043955,80516.66666666667,97440
race_score>=0.70_odds_30_500_top10_by_value_score,80,800,80000,127610,47610,1.595125,3,0.00375,0.0375,0.7278454278400388,0.70091851553384,413.995625,426.2,1.525050609217241,0.9867787095353,42536.666666666664,45010
race_score>=0.70_odds_30_500_top10_by_expected_roi,80,800,80000,127610,47610,1.595125,3,0.00375,0.0375,0.7278454278400388,0.70091851553384,413.995625,426.2,1.525050609217241,0.9867787095353,42536.666666666664,45010
race_score>=0.70_odds_50_500_top10_by_value_score,80,800,80000,127610,47610,1.595125,3,0.00375,0.0375,0.7278454278400388,0.70091851553384,413.995625,426.2,1.525050609217241,0.9867787095353,42536.666666666664,45010
race_score>=0.70_odds_50_500_top10_by_expected_roi,80,800,80000,127610,47610,1.595125,3,0.00375,0.0375,0.7278454278400388,0.70091851553384,413.995625,426.2,1.525050609217241,0.9867787095353,42536.666666666664,45010
race_score>=0.60_odds_50_1000_ev>=3.0_top3,354,940,94000,149170,55170,1.5869148936170212,2,0.002127659574468085,0.005649717514124294,0.660331554397903,0.600386893407325,851.7127659574468,868.3,3.857460626864322,3.0003977370331256,74585.0,89380
race_score>=0.60_odds_100_1000_ev>=3.0_top3,354,940,94000,149170,55170,1.5869148936170212,2,0.002127659574468085,0.005649717514124294,0.660331554397903,0.600386893407325,851.7127659574468,868.3,3.857460626864322,3.0003977370331256,74585.0,89380
race_score>=0.70_odds_30_500_top20_by_value_score,80,1600,160000,251200,91200,1.57,6,0.00375,0.075,0.7278454278400388,0.70091851553384,395.391375,406.5,1.3343096679122792,0.8397232741190183,41866.666666666664,46650
race_score>=0.70_odds_30_500_top20_by_expected_roi,80,1600,160000,251200,91200,1.57,6,0.00375,0.075,0.7278454278400388,0.70091851553384,395.391375,406.5,1.3343096679122792,0.8397232741190183,41866.666666666664,46650
race_score>=0.70_odds_50_500_top20_by_value_score,80,1600,160000,251200,91200,1.57,6,0.00375,0.075,0.7278454278400388,0.70091851553384,395.391375,406.5,1.3343096679122792,0.8397232741190183,41866.666666666664,46650
race_score>=0.70_odds_50_500_top20_by_expected_roi,80,1600,160000,251200,91200,1.57,6,0.00375,0.075,0.7278454278400388,0.70091851553384,395.391375,406.5,1.3343096679122792,0.8397232741190183,41866.666666666664,46650
race_score>=0.50_odds_50_1000_top3_by_value_score,793,2379,237900,363550,125650,1.5281630937368642,5,0.002101723413198823,0.006305170239596469,0.6056784390921904,0.5001748065414573,839.3659941151745,861.2,3.9510610187277417,2.2008489740303965,72710.0,97180
race_score>=0.50_odds_50_1000_top3_by_expected_roi,793,2379,237900,363550,125650,1.5281630937368642,5,0.002101723413198823,0.006305170239596469,0.6056784390921904,0.5001748065414573,839.3659941151745,861.2,3.9510610187277417,2.2008489740303965,72710.0,97180
race_score>=0.50_odds_50_1000_ev>=0.8_top3,793,2379,237900,363550,125650,1.5281630937368642,5,0.002101723413198823,0.006305170239596469,0.6056784390921904,0.5001748065414573,839.3659941151745,861.2,3.9510610187277417,2.2008489740303965,72710.0,97180
race_score>=0.50_odds_50_1000_ev>=1.0_top3,793,2379,237900,363550,125650,1.5281630937368642,5,0.002101723413198823,0.006305170239596469,0.6056784390921904,0.5001748065414573,839.3659941151745,861.2,3.9510610187277417,2.2008489740303965,72710.0,97180
race_score>=0.50_odds_50_1000_ev>=1.2_top3,793,2379,237900,363550,125650,1.5281630937368642,5,0.002101723413198823,0.006305170239596469,0.6056784390921904,0.5001748065414573,839.3659941151745,861.2,3.9510610187277417,2.2008489740303965,72710.0,97180
race_score>=0.50_odds_50_1000_ev>=1.5_top3,793,2379,237900,363550,125650,1.5281630937368642,5,0.002101723413198823,0.006305170239596469,0.6056784390921904,0.5001748065414573,839.3659941151745,861.2,3.9510610187277417,2.2008489740303965,72710.0,97180
race_score>=0.50_odds_50_1000_ev>=2.0_top3,793,2379,237900,363550,125650,1.5281630937368642,5,0.002101723413198823,0.006305170239596469,0.6056784390921904,0.5001748065414573,839.3659941151745,861.2,3.9510610187277417,2.2008489740303965,72710.0,97180
race_score>=0.50_odds_100_1000_top3_by_value_score,793,2379,237900,363550,125650,1.5281630937368642,5,0.002101723413198823,0.006305170239596469,0.6056784390921904,0.5001748065414573,839.3659941151745,861.2,3.9510610187277417,2.2008489740303965,72710.0,97180
race_score>=0.50_odds_100_1000_top3_by_expected_roi,793,2379,237900,363550,125650,1.5281630937368642,5,0.002101723413198823,0.006305170239596469,0.6056784390921904,0.5001748065414573,839.3659941151745,861.2,3.9510610187277417,2.2008489740303965,72710.0,97180
race_score>=0.50_odds_100_1000_ev>=0.8_top3,793,2379,237900,363550,125650,1.5281630937368642,5,0.002101723413198823,0.006305170239596469,0.6056784390921904,0.5001748065414573,839.3659941151745,861.2,3.9510610187277417,2.2008489740303965,72710.0,97180
race_score>=0.50_odds_100_1000_ev>=1.0_top3,793,2379,237900,363550,125650,1.5281630937368642,5,0.002101723413198823,0.006305170239596469,0.6056784390921904,0.5001748065414573,839.3659941151745,861.2,3.9510610187277417,2.2008489740303965,72710.0,97180
race_score>=0.50_odds_100_1000_ev>=1.2_top3,793,2379,237900,363550,125650,1.5281630937368642,5,0.002101723413198823,0.006305170239596469,0.6056784390921904,0.5001748065414573,839.3659941151745,861.2,3.9510610187277417,2.2008489740303965,72710.0,97180
race_score>=0.50_odds_100_1000_ev>=1.5_top3,793,2379,237900,363550,125650,1.5281630937368642,5,0.002101723413198823,0.006305170239596469,0.6056784390921904,0.5001748065414573,839.3659941151745,861.2,3.9510610187277417,2.2008489740303965,72710.0,97180
race_score>=0.50_odds_100_1000_ev>=2.0_top3,793,2379,237900,363550,125650,1.5281630937368642,5,0.002101723413198823,0.006305170239596469,0.6056784390921904,0.5001748065414573,839.3659941151745,861.2,3.9510610187277417,2.2008489740303965,72710.0,97180
race_score>=0.45_odds_all_ev>=3.0_top5,1047,5227,522700,778840,256140,1.4900325234360055,1,0.0001913143294432753,0.0009551098376313276,0.57365521013809,0.4500906629413549,6121.14314138129,6047.5,11.70704446320306,3.093948512101865,778840.0,778840
race_score>=0.45_odds_30plus_ev>=3.0_top5,1047,5227,522700,778840,256140,1.4900325234360055,1,0.0001913143294432753,0.0009551098376313276,0.57365521013809,0.4500906629413549,6121.14314138129,6047.5,11.70704446320306,3.093948512101865,778840.0,778840
race_score>=0.45_odds_50plus_ev>=3.0_top5,1047,5227,522700,778840,256140,1.4900325234360055,1,0.0001913143294432753,0.0009551098376313276,0.57365521013809,0.4500906629413549,6121.14314138129,6047.5,11.70704446320306,3.093948512101865,778840.0,778840
race_score>=0.45_odds_100plus_ev>=3.0_top5,1047,5227,522700,778840,256140,1.4900325234360055,1,0.0001913143294432753,0.0009551098376313276,0.57365521013809,0.4500906629413549,6121.14314138129,6047.5,11.70704446320306,3.093948512101865,778840.0,778840
race_score>=0.45_odds_all_top5_by_value_score,1047,5235,523500,778840,255340,1.4877554918815663,1,0.00019102196752626553,0.0009551098376313276,0.5736019947536628,0.4500906629413549,6112.634995224451,6041.5,11.693121772086888,2.1871684143732693,778840.0,778840
race_score>=0.45_odds_all_top5_by_expected_roi,1047,5235,523500,778840,255340,1.4877554918815663,1,0.00019102196752626553,0.0009551098376313276,0.5736019947536628,0.4500906629413549,6112.634995224451,6041.5,11.693121772086888,2.1871684143732693,778840.0,778840
race_score>=0.45_odds_all_ev>=0.8_top5,1047,5235,523500,778840,255340,1.4877554918815663,1,0.00019102196752626553,0.0009551098376313276,0.5736019947536628,0.4500906629413549,6112.634995224451,6041.5,11.693121772086888,2.1871684143732693,778840.0,778840
race_score>=0.45_odds_all_ev>=1.0_top5,1047,5235,523500,778840,255340,1.4877554918815663,1,0.00019102196752626553,0.0009551098376313276,0.5736019947536628,0.4500906629413549,6112.634995224451,6041.5,11.693121772086888,2.1871684143732693,778840.0,778840
race_score>=0.45_odds_all_ev>=1.2_top5,1047,5235,523500,778840,255340,1.4877554918815663,1,0.00019102196752626553,0.0009551098376313276,0.5736019947536628,0.4500906629413549,6112.634995224451,6041.5,11.693121772086888,2.1871684143732693,778840.0,778840
race_score>=0.45_odds_all_ev>=1.5_top5,1047,5235,523500,778840,255340,1.4877554918815663,1,0.00019102196752626553,0.0009551098376313276,0.5736019947536628,0.4500906629413549,6112.634995224451,6041.5,11.693121772086888,2.1871684143732693,778840.0,778840
race_score>=0.45_odds_all_ev>=2.0_top5,1047,5235,523500,778840,255340,1.4877554918815663,1,0.00019102196752626553,0.0009551098376313276,0.5736019947536628,0.4500906629413549,6112.634995224451,6041.5,11.693121772086888,2.1871684143732693,778840.0,778840
race_score>=0.45_odds_30plus_top5_by_value_score,1047,5235,523500,778840,255340,1.4877554918815663,1,0.00019102196752626553,0.0009551098376313276,0.5736019947536628,0.4500906629413549,6112.634995224451,6041.5,11.693121772086888,2.1871684143732693,778840.0,778840
race_score>=0.45_odds_30plus_top5_by_expected_roi,1047,5235,523500,778840,255340,1.4877554918815663,1,0.00019102196752626553,0.0009551098376313276,0.5736019947536628,0.4500906629413549,6112.634995224451,6041.5,11.693121772086888,2.1871684143732693,778840.0,778840
race_score>=0.45_odds_30plus_ev>=0.8_top5,1047,5235,523500,778840,255340,1.4877554918815663,1,0.00019102196752626553,0.0009551098376313276,0.5736019947536628,0.4500906629413549,6112.634995224451,6041.5,11.693121772086888,2.1871684143732693,778840.0,778840
race_score>=0.45_odds_30plus_ev>=1.0_top5,1047,5235,523500,778840,255340,1.4877554918815663,1,0.00019102196752626553,0.0009551098376313276,0.5736019947536628,0.4500906629413549,6112.634995224451,6041.5,11.693121772086888,2.1871684143732693,778840.0,778840
race_score>=0.45_odds_30plus_ev>=1.2_top5,1047,5235,523500,778840,255340,1.4877554918815663,1,0.00019102196752626553,0.0009551098376313276,0.5736019947536628,0.4500906629413549,6112.634995224451,6041.5,11.693121772086888,2.1871684143732693,778840.0,778840
race_score>=0.45_odds_30plus_ev>=1.5_top5,1047,5235,523500,778840,255340,1.4877554918815663,1,0.00019102196752626553,0.0009551098376313276,0.5736019947536628,0.4500906629413549,6112.634995224451,6041.5,11.693121772086888,2.1871684143732693,778840.0,778840
race_score>=0.45_odds_30plus_ev>=2.0_top5,1047,5235,523500,778840,255340,1.4877554918815663,1,0.00019102196752626553,0.0009551098376313276,0.5736019947536628,0.4500906629413549,6112.634995224451,6041.5,11.693121772086888,2.1871684143732693,778840.0,778840
race_score>=0.45_odds_50plus_top5_by_value_score,1047,5235,523500,778840,255340,1.4877554918815663,1,0.00019102196752626553,0.0009551098376313276,0.5736019947536628,0.4500906629413549,6112.634995224451,6041.5,11.693121772086888,2.1871684143732693,778840.0,778840
race_score>=0.45_odds_50plus_top5_by_expected_roi,1047,5235,523500,778840,255340,1.4877554918815663,1,0.00019102196752626553,0.0009551098376313276,0.5736019947536628,0.4500906629413549,6112.634995224451,6041.5,11.693121772086888,2.1871684143732693,778840.0,778840
race_score>=0.45_odds_50plus_ev>=0.8_top5,1047,5235,523500,778840,255340,1.4877554918815663,1,0.00019102196752626553,0.0009551098376313276,0.5736019947536628,0.4500906629413549,6112.634995224451,6041.5,11.693121772086888,2.1871684143732693,778840.0,778840
race_score>=0.45_odds_50plus_ev>=1.0_top5,1047,5235,523500,778840,255340,1.4877554918815663,1,0.00019102196752626553,0.0009551098376313276,0.5736019947536628,0.4500906629413549,6112.634995224451,6041.5,11.693121772086888,2.1871684143732693,778840.0,778840
race_score>=0.45_odds_50plus_ev>=1.2_top5,1047,5235,523500,778840,255340,1.4877554918815663,1,0.00019102196752626553,0.0009551098376313276,0.5736019947536628,0.4500906629413549,6112.634995224451,6041.5,11.693121772086888,2.1871684143732693,778840.0,778840
race_score>=0.45_odds_50plus_ev>=1.5_top5,1047,5235,523500,778840,255340,1.4877554918815663,1,0.00019102196752626553,0.0009551098376313276,0.5736019947536628,0.4500906629413549,6112.634995224451,6041.5,11.693121772086888,2.1871684143732693,778840.0,778840
race_score>=0.45_odds_50plus_ev>=2.0_top5,1047,5235,523500,778840,255340,1.4877554918815663,1,0.00019102196752626553,0.0009551098376313276,0.5736019947536628,0.4500906629413549,6112.634995224451,6041.5,11.693121772086888,2.1871684143732693,778840.0,778840
race_score>=0.45_odds_100plus_top5_by_value_score,1047,5235,523500,778840,255340,1.4877554918815663,1,0.00019102196752626553,0.0009551098376313276,0.5736019947536628,0.4500906629413549,6112.634995224451,6041.5,11.693121772086888,2.1871684143732693,778840.0,778840
race_score>=0.45_odds_100plus_top5_by_expected_roi,1047,5235,523500,778840,255340,1.4877554918815663,1,0.00019102196752626553,0.0009551098376313276,0.5736019947536628,0.4500906629413549,6112.634995224451,6041.5,11.693121772086888,2.1871684143732693,778840.0,778840
race_score>=0.45_odds_100plus_ev>=0.8_top5,1047,5235,523500,778840,255340,1.4877554918815663,1,0.00019102196752626553,0.0009551098376313276,0.5736019947536628,0.4500906629413549,6112.634995224451,6041.5,11.693121772086888,2.1871684143732693,778840.0,778840
race_score>=0.45_odds_100plus_ev>=1.0_top5,1047,5235,523500,778840,255340,1.4877554918815663,1,0.00019102196752626553,0.0009551098376313276,0.5736019947536628,0.4500906629413549,6112.634995224451,6041.5,11.693121772086888,2.1871684143732693,778840.0,778840
race_score>=0.45_odds_100plus_ev>=1.2_top5,1047,5235,523500,778840,255340,1.4877554918815663,1,0.00019102196752626553,0.0009551098376313276,0.5736019947536628,0.4500906629413549,6112.634995224451,6041.5,11.693121772086888,2.1871684143732693,778840.0,778840
race_score>=0.45_odds_100plus_ev>=1.5_top5,1047,5235,523500,778840,255340,1.4877554918815663,1,0.00019102196752626553,0.0009551098376313276,0.5736019947536628,0.4500906629413549,6112.634995224451,6041.5,11.693121772086888,2.1871684143732693,778840.0,778840
race_score>=0.45_odds_100plus_ev>=2.0_top5,1047,5235,523500,778840,255340,1.4877554918815663,1,0.00019102196752626553,0.0009551098376313276,0.5736019947536628,0.4500906629413549,6112.634995224451,6041.5,11.693121772086888,2.1871684143732693,778840.0,778840
race_score>=0.50_odds_50_1000_ev>=3.0_top3,755,2085,208500,309870,101370,1.4861870503597123,4,0.0019184652278177458,0.005298013245033113,0.5983047978329037,0.5001748065414573,839.3032613908872,861.3,4.11844479765006,3.0001598496152257,77467.5,97180
race_score>=0.50_odds_100_1000_ev>=3.0_top3,755,2085,208500,309870,101370,1.4861870503597123,4,0.0019184652278177458,0.005298013245033113,0.5983047978329037,0.5001748065414573,839.3032613908872,861.3,4.11844479765006,3.0001598496152257,77467.5,97180
race_score>=0.55_odds_50_1000_ev>=3.0_top2,538,1026,102600,149170,46570,1.453898635477583,2,0.001949317738791423,0.0037174721189591076,0.6310530468983917,0.5502825174254746,854.1537037037036,875.25,4.095113073853777,3.0003977370331256,74585.0,89380
race_score>=0.55_odds_100_1000_ev>=3.0_top2,538,1026,102600,149170,46570,1.453898635477583,2,0.001949317738791423,0.0037174721189591076,0.6310530468983917,0.5502825174254746,854.1537037037036,875.25,4.095113073853777,3.0003977370331256,74585.0,89380
race_score>=0.65_odds_30_500_ev>=1.5,231,1532,153200,216320,63120,1.4120104438642298,5,0.0032637075718015664,0.021645021645021644,0.6847623965018154,0.6503128804449101,411.44804177545694,425.85,1.8513128517428705,1.5002101923452402,43264.0,49810
race_score>=0.65_odds_50_500_ev>=1.5,231,1532,153200,216320,63120,1.4120104438642298,5,0.0032637075718015664,0.021645021645021644,0.6847623965018154,0.6503128804449101,411.44804177545694,425.85,1.8513128517428705,1.5002101923452402,43264.0,49810
race_score>=0.60_odds_50_1000_top10_by_value_score,390,3900,390000,546980,156980,1.4025128205128206,7,0.0017948717948717949,0.017948717948717947,0.6653700840469999,0.600386893407325,807.3213333333334,833.0999999999999,3.0909348014836153,1.6814788914765142,78140.0,95390
race_score>=0.60_odds_50_1000_top10_by_expected_roi,390,3900,390000,546980,156980,1.4025128205128206,7,0.0017948717948717949,0.017948717948717947,0.6653700840469999,0.600386893407325,807.3213333333334,833.0999999999999,3.0909348014836153,1.6814788914765142,78140.0,95390
race_score>=0.60_odds_100_1000_top10_by_value_score,390,3900,390000,546980,156980,1.4025128205128206,7,0.0017948717948717949,0.017948717948717947,0.6653700840469999,0.600386893407325,807.3213333333334,833.0999999999999,3.0909348014836153,1.6814788914765142,78140.0,95390
race_score>=0.60_odds_100_1000_top10_by_expected_roi,390,3900,390000,546980,156980,1.4025128205128206,7,0.0017948717948717949,0.017948717948717947,0.6653700840469999,0.600386893407325,807.3213333333334,833.0999999999999,3.0909348014836153,1.6814788914765142,78140.0,95390
race_score>=0.55_odds_50_1000_top2_by_value_score,575,1150,115000,149170,34170,1.2971304347826087,2,0.0017391304347826088,0.0034782608695652175,0.636014344715647,0.5502825174254746,854.399304347826,875.25,3.9543752338363864,2.29088804043955,74585.0,89380
race_score>=0.55_odds_50_1000_top2_by_expected_roi,575,1150,115000,149170,34170,1.2971304347826087,2,0.0017391304347826088,0.0034782608695652175,0.636014344715647,0.5502825174254746,854.399304347826,875.25,3.9543752338363864,2.29088804043955,74585.0,89380
race_score>=0.55_odds_50_1000_ev>=0.8_top2,575,1150,115000,149170,34170,1.2971304347826087,2,0.0017391304347826088,0.0034782608695652175,0.636014344715647,0.5502825174254746,854.399304347826,875.25,3.9543752338363864,2.29088804043955,74585.0,89380
race_score>=0.55_odds_50_1000_ev>=1.0_top2,575,1150,115000,149170,34170,1.2971304347826087,2,0.0017391304347826088,0.0034782608695652175,0.636014344715647,0.5502825174254746,854.399304347826,875.25,3.9543752338363864,2.29088804043955,74585.0,89380
race_score>=0.55_odds_50_1000_ev>=1.2_top2,575,1150,115000,149170,34170,1.2971304347826087,2,0.0017391304347826088,0.0034782608695652175,0.636014344715647,0.5502825174254746,854.399304347826,875.25,3.9543752338363864,2.29088804043955,74585.0,89380
race_score>=0.55_odds_50_1000_ev>=1.5_top2,575,1150,115000,149170,34170,1.2971304347826087,2,0.0017391304347826088,0.0034782608695652175,0.636014344715647,0.5502825174254746,854.399304347826,875.25,3.9543752338363864,2.29088804043955,74585.0,89380
race_score>=0.55_odds_50_1000_ev>=2.0_top2,575,1150,115000,149170,34170,1.2971304347826087,2,0.0017391304347826088,0.0034782608695652175,0.636014344715647,0.5502825174254746,854.399304347826,875.25,3.9543752338363864,2.29088804043955,74585.0,89380
race_score>=0.55_odds_100_1000_top2_by_value_score,575,1150,115000,149170,34170,1.2971304347826087,2,0.0017391304347826088,0.0034782608695652175,0.636014344715647,0.5502825174254746,854.399304347826,875.25,3.9543752338363864,2.29088804043955,74585.0,89380
race_score>=0.55_odds_100_1000_top2_by_expected_roi,575,1150,115000,149170,34170,1.2971304347826087,2,0.0017391304347826088,0.0034782608695652175,0.636014344715647,0.5502825174254746,854.399304347826,875.25,3.9543752338363864,2.29088804043955,74585.0,89380
race_score>=0.55_odds_100_1000_ev>=0.8_top2,575,1150,115000,149170,34170,1.2971304347826087,2,0.0017391304347826088,0.0034782608695652175,0.636014344715647,0.5502825174254746,854.399304347826,875.25,3.9543752338363864,2.29088804043955,74585.0,89380
race_score>=0.55_odds_100_1000_ev>=1.0_top2,575,1150,115000,149170,34170,1.2971304347826087,2,0.0017391304347826088,0.0034782608695652175,0.636014344715647,0.5502825174254746,854.399304347826,875.25,3.9543752338363864,2.29088804043955,74585.0,89380
race_score>=0.55_odds_100_1000_ev>=1.2_top2,575,1150,115000,149170,34170,1.2971304347826087,2,0.0017391304347826088,0.0034782608695652175,0.636014344715647,0.5502825174254746,854.399304347826,875.25,3.9543752338363864,2.29088804043955,74585.0,89380
race_score>=0.55_odds_100_1000_ev>=1.5_top2,575,1150,115000,149170,34170,1.2971304347826087,2,0.0017391304347826088,0.0034782608695652175,0.636014344715647,0.5502825174254746,854.399304347826,875.25,3.9543752338363864,2.29088804043955,74585.0,89380
race_score>=0.55_odds_100_1000_ev>=2.0_top2,575,1150,115000,149170,34170,1.2971304347826087,2,0.0017391304347826088,0.0034782608695652175,0.636014344715647,0.5502825174254746,854.399304347826,875.25,3.9543752338363864,2.29088804043955,74585.0,89380
race_score>=0.60_odds_30_500_ev>=1.2_top5,390,1926,192600,249790,57190,1.2969366562824507,6,0.003115264797507788,0.015384615384615385,0.6652199702269327,0.600386893407325,422.4257528556594,434.7,1.913789062495026,1.2037884391796205,41631.666666666664,49810
race_score>=0.60_odds_50_500_ev>=1.2_top5,390,1926,192600,249790,57190,1.2969366562824507,6,0.003115264797507788,0.015384615384615385,0.6652199702269327,0.600386893407325,422.4257528556594,434.7,1.913789062495026,1.2037884391796205,41631.666666666664,49810
race_score>=0.60_odds_30_500_top5_by_value_score,390,1950,195000,249790,54790,1.280974358974359,6,0.003076923076923077,0.015384615384615385,0.6653700840469999,0.600386893407325,422.25179487179486,434.25,1.9044289380173534,1.0743549855673122,41631.666666666664,49810
race_score>=0.60_odds_30_500_top5_by_expected_roi,390,1950,195000,249790,54790,1.280974358974359,6,0.003076923076923077,0.015384615384615385,0.6653700840469999,0.600386893407325,422.25179487179486,434.25,1.9044289380173534,1.0743549855673122,41631.666666666664,49810
race_score>=0.60_odds_30_500_ev>=0.8_top5,390,1950,195000,249790,54790,1.280974358974359,6,0.003076923076923077,0.015384615384615385,0.6653700840469999,0.600386893407325,422.25179487179486,434.25,1.9044289380173534,1.0743549855673122,41631.666666666664,49810
race_score>=0.60_odds_30_500_ev>=1.0_top5,390,1950,195000,249790,54790,1.280974358974359,6,0.003076923076923077,0.015384615384615385,0.6653700840469999,0.600386893407325,422.25179487179486,434.25,1.9044289380173534,1.0743549855673122,41631.666666666664,49810
race_score>=0.60_odds_50_500_top5_by_value_score,390,1950,195000,249790,54790,1.280974358974359,6,0.003076923076923077,0.015384615384615385,0.6653700840469999,0.600386893407325,422.25179487179486,434.25,1.9044289380173534,1.0743549855673122,41631.666666666664,49810
race_score>=0.60_odds_50_500_top5_by_expected_roi,390,1950,195000,249790,54790,1.280974358974359,6,0.003076923076923077,0.015384615384615385,0.6653700840469999,0.600386893407325,422.25179487179486,434.25,1.9044289380173534,1.0743549855673122,41631.666666666664,49810
race_score>=0.60_odds_50_500_ev>=0.8_top5,390,1950,195000,249790,54790,1.280974358974359,6,0.003076923076923077,0.015384615384615385,0.6653700840469999,0.600386893407325,422.25179487179486,434.25,1.9044289380173534,1.0743549855673122,41631.666666666664,49810
race_score>=0.60_odds_50_500_ev>=1.0_top5,390,1950,195000,249790,54790,1.280974358974359,6,0.003076923076923077,0.015384615384615385,0.6653700840469999,0.600386893407325,422.25179487179486,434.25,1.9044289380173534,1.0743549855673122,41631.666666666664,49810
race_score>=0.60_odds_30_500_ev>=1.5_top5,376,1642,164200,206590,42390,1.2581607795371499,5,0.0030450669914738123,0.013297872340425532,0.660671629754468,0.600386893407325,423.12241169305724,435.75,2.005161120583795,1.5002101923452402,41318.0,49810
race_score>=0.60_odds_50_500_ev>=1.5_top5,376,1642,164200,206590,42390,1.2581607795371499,5,0.0030450669914738123,0.013297872340425532,0.660671629754468,0.600386893407325,423.12241169305724,435.75,2.005161120583795,1.5002101923452402,41318.0,49810
race_score>=0.40_odds_50_1000_top3_by_value_score,1444,4332,433200,536780,103580,1.2391043397968606,7,0.001615881809787627,0.004847645429362881,0.5315119941259788,0.4000830274338122,823.0591181902123,850.3,4.472804922163522,2.2008489740303965,76682.85714285714,97440
race_score>=0.40_odds_50_1000_top3_by_expected_roi,1444,4332,433200,536780,103580,1.2391043397968606,7,0.001615881809787627,0.004847645429362881,0.5315119941259788,0.4000830274338122,823.0591181902123,850.3,4.472804922163522,2.2008489740303965,76682.85714285714,97440
race_score>=0.40_odds_50_1000_ev>=0.8_top3,1444,4332,433200,536780,103580,1.2391043397968606,7,0.001615881809787627,0.004847645429362881,0.5315119941259788,0.4000830274338122,823.0591181902123,850.3,4.472804922163522,2.2008489740303965,76682.85714285714,97440
race_score>=0.40_odds_50_1000_ev>=1.0_top3,1444,4332,433200,536780,103580,1.2391043397968606,7,0.001615881809787627,0.004847645429362881,0.5315119941259788,0.4000830274338122,823.0591181902123,850.3,4.472804922163522,2.2008489740303965,76682.85714285714,97440
race_score>=0.40_odds_50_1000_ev>=1.2_top3,1444,4332,433200,536780,103580,1.2391043397968606,7,0.001615881809787627,0.004847645429362881,0.5315119941259788,0.4000830274338122,823.0591181902123,850.3,4.472804922163522,2.2008489740303965,76682.85714285714,97440
race_score>=0.40_odds_50_1000_ev>=1.5_top3,1444,4332,433200,536780,103580,1.2391043397968606,7,0.001615881809787627,0.004847645429362881,0.5315119941259788,0.4000830274338122,823.0591181902123,850.3,4.472804922163522,2.2008489740303965,76682.85714285714,97440
race_score>=0.40_odds_50_1000_ev>=2.0_top3,1444,4332,433200,536780,103580,1.2391043397968606,7,0.001615881809787627,0.004847645429362881,0.5315119941259788,0.4000830274338122,823.0591181902123,850.3,4.472804922163522,2.2008489740303965,76682.85714285714,97440
race_score>=0.40_odds_100_1000_top3_by_value_score,1444,4332,433200,536780,103580,1.2391043397968606,7,0.001615881809787627,0.004847645429362881,0.5315119941259788,0.4000830274338122,823.0591181902123,850.3,4.472804922163522,2.2008489740303965,76682.85714285714,97440
race_score>=0.40_odds_100_1000_top3_by_expected_roi,1444,4332,433200,536780,103580,1.2391043397968606,7,0.001615881809787627,0.004847645429362881,0.5315119941259788,0.4000830274338122,823.0591181902123,850.3,4.472804922163522,2.2008489740303965,76682.85714285714,97440
race_score>=0.40_odds_100_1000_ev>=0.8_top3,1444,4332,433200,536780,103580,1.2391043397968606,7,0.001615881809787627,0.004847645429362881,0.5315119941259788,0.4000830274338122,823.0591181902123,850.3,4.472804922163522,2.2008489740303965,76682.85714285714,97440
race_score>=0.40_odds_100_1000_ev>=1.0_top3,1444,4332,433200,536780,103580,1.2391043397968606,7,0.001615881809787627,0.004847645429362881,0.5315119941259788,0.4000830274338122,823.0591181902123,850.3,4.472804922163522,2.2008489740303965,76682.85714285714,97440
race_score>=0.40_odds_100_1000_ev>=1.2_top3,1444,4332,433200,536780,103580,1.2391043397968606,7,0.001615881809787627,0.004847645429362881,0.5315119941259788,0.4000830274338122,823.0591181902123,850.3,4.472804922163522,2.2008489740303965,76682.85714285714,97440
race_score>=0.40_odds_100_1000_ev>=1.5_top3,1444,4332,433200,536780,103580,1.2391043397968606,7,0.001615881809787627,0.004847645429362881,0.5315119941259788,0.4000830274338122,823.0591181902123,850.3,4.472804922163522,2.2008489740303965,76682.85714285714,97440
race_score>=0.40_odds_100_1000_ev>=2.0_top3,1444,4332,433200,536780,103580,1.2391043397968606,7,0.001615881809787627,0.004847645429362881,0.5315119941259788,0.4000830274338122,823.0591181902123,850.3,4.472804922163522,2.2008489740303965,76682.85714285714,97440
race_score>=0.70_odds_30_500_ev>=1.0,80,1775,177500,218020,40520,1.228281690140845,5,0.0028169014084507044,0.0625,0.7272952335039587,0.70091851553384,389.95847887323947,401.8,1.3175950473789246,1.0001309078429539,43604.0,46650
race_score>=0.70_odds_50_500_ev>=1.0,80,1775,177500,218020,40520,1.228281690140845,5,0.0028169014084507044,0.0625,0.7272952335039587,0.70091851553384,389.95847887323947,401.8,1.3175950473789246,1.0001309078429539,43604.0,46650
race_score>=0.40_odds_50_1000_ev>=3.0_top3,1402,3998,399800,483100,83300,1.2083541770885442,6,0.0015007503751875938,0.0042796005706134095,0.5229062871366881,0.4000830274338122,822.3331665832917,850.1,4.6149767734686895,3.0001598496152257,80516.66666666667,97440
race_score>=0.40_odds_100_1000_ev>=3.0_top3,1402,3998,399800,483100,83300,1.2083541770885442,6,0.0015007503751875938,0.0042796005706134095,0.5229062871366881,0.4000830274338122,822.3331665832917,850.1,4.6149767734686895,3.0001598496152257,80516.66666666667,97440
race_score>=0.55_odds_50_1000_ev>=3.0,538,3425,342500,412780,70280,1.2051970802919707,5,0.00145985401459854,0.00929368029739777,0.6195817476247428,0.5502825174254746,795.8067737226278,822.1,3.68627481312322,3.0001523460422597,82556.0,95390
race_score>=0.55_odds_100_1000_ev>=3.0,538,3425,342500,412780,70280,1.2051970802919707,5,0.00145985401459854,0.00929368029739777,0.6195817476247428,0.5502825174254746,795.8067737226278,822.1,3.68627481312322,3.0001523460422597,82556.0,95390
race_score>=0.50_odds_50_1000_ev>=3.0,755,5318,531800,632850,101050,1.190015043249342,8,0.001504324934185784,0.010596026490066225,0.5857798472000705,0.5001748065414573,783.3007145543438,811.55,3.7324627580397958,3.0001523460422597,79106.25,97180
race_score>=0.50_odds_100_1000_ev>=3.0,755,5318,531800,632850,101050,1.190015043249342,8,0.001504324934185784,0.010596026490066225,0.5857798472000705,0.5001748065414573,783.3007145543438,811.55,3.7324627580397958,3.0001523460422597,79106.25,97180
race_score>=0.55_odds_50_1000_top3_by_value_score,575,1725,172500,202850,30350,1.1759420289855071,3,0.0017391304347826088,0.0052173913043478265,0.636014344715647,0.5502825174254746,845.0423768115943,864.7,3.803583656869525,2.2008489740303965,67616.66666666667,89380
race_score>=0.55_odds_50_1000_top3_by_expected_roi,575,1725,172500,202850,30350,1.1759420289855071,3,0.0017391304347826088,0.0052173913043478265,0.636014344715647,0.5502825174254746,845.0423768115943,864.7,3.803583656869525,2.2008489740303965,67616.66666666667,89380
race_score>=0.55_odds_50_1000_ev>=0.8_top3,575,1725,172500,202850,30350,1.1759420289855071,3,0.0017391304347826088,0.0052173913043478265,0.636014344715647,0.5502825174254746,845.0423768115943,864.7,3.803583656869525,2.2008489740303965,67616.66666666667,89380
race_score>=0.55_odds_50_1000_ev>=1.0_top3,575,1725,172500,202850,30350,1.1759420289855071,3,0.0017391304347826088,0.0052173913043478265,0.636014344715647,0.5502825174254746,845.0423768115943,864.7,3.803583656869525,2.2008489740303965,67616.66666666667,89380
race_score>=0.55_odds_50_1000_ev>=1.2_top3,575,1725,172500,202850,30350,1.1759420289855071,3,0.0017391304347826088,0.0052173913043478265,0.636014344715647,0.5502825174254746,845.0423768115943,864.7,3.803583656869525,2.2008489740303965,67616.66666666667,89380
race_score>=0.55_odds_50_1000_ev>=1.5_top3,575,1725,172500,202850,30350,1.1759420289855071,3,0.0017391304347826088,0.0052173913043478265,0.636014344715647,0.5502825174254746,845.0423768115943,864.7,3.803583656869525,2.2008489740303965,67616.66666666667,89380
race_score>=0.55_odds_50_1000_ev>=2.0_top3,575,1725,172500,202850,30350,1.1759420289855071,3,0.0017391304347826088,0.0052173913043478265,0.636014344715647,0.5502825174254746,845.0423768115943,864.7,3.803583656869525,2.2008489740303965,67616.66666666667,89380
race_score>=0.55_odds_100_1000_top3_by_value_score,575,1725,172500,202850,30350,1.1759420289855071,3,0.0017391304347826088,0.0052173913043478265,0.636014344715647,0.5502825174254746,845.0423768115943,864.7,3.803583656869525,2.2008489740303965,67616.66666666667,89380
race_score>=0.55_odds_100_1000_top3_by_expected_roi,575,1725,172500,202850,30350,1.1759420289855071,3,0.0017391304347826088,0.0052173913043478265,0.636014344715647,0.5502825174254746,845.0423768115943,864.7,3.803583656869525,2.2008489740303965,67616.66666666667,89380
race_score>=0.55_odds_100_1000_ev>=0.8_top3,575,1725,172500,202850,30350,1.1759420289855071,3,0.0017391304347826088,0.0052173913043478265,0.636014344715647,0.5502825174254746,845.0423768115943,864.7,3.803583656869525,2.2008489740303965,67616.66666666667,89380
race_score>=0.55_odds_100_1000_ev>=1.0_top3,575,1725,172500,202850,30350,1.1759420289855071,3,0.0017391304347826088,0.0052173913043478265,0.636014344715647,0.5502825174254746,845.0423768115943,864.7,3.803583656869525,2.2008489740303965,67616.66666666667,89380
race_score>=0.55_odds_100_1000_ev>=1.2_top3,575,1725,172500,202850,30350,1.1759420289855071,3,0.0017391304347826088,0.0052173913043478265,0.636014344715647,0.5502825174254746,845.0423768115943,864.7,3.803583656869525,2.2008489740303965,67616.66666666667,89380
race_score>=0.55_odds_100_1000_ev>=1.5_top3,575,1725,172500,202850,30350,1.1759420289855071,3,0.0017391304347826088,0.0052173913043478265,0.636014344715647,0.5502825174254746,845.0423768115943,864.7,3.803583656869525,2.2008489740303965,67616.66666666667,89380
race_score>=0.55_odds_100_1000_ev>=2.0_top3,575,1725,172500,202850,30350,1.1759420289855071,3,0.0017391304347826088,0.0052173913043478265,0.636014344715647,0.5502825174254746,845.0423768115943,864.7,3.803583656869525,2.2008489740303965,67616.66666666667,89380
race_score>=0.55_odds_all_top2_by_ticket_score,575,1150,115000,133260,18260,1.158782608695652,27,0.023478260869565216,0.04695652173913043,0.636014344715647,0.5502825174254746,177.30826086956523,99.2,1.0884324768013465,0.03413523205639569,4935.555555555556,28750
race_score>=0.70_odds_30_500_ev>=0.8,80,3112,311200,360240,49040,1.1575835475578407,9,0.002892030848329049,0.1125,0.7281722277630766,0.70091851553384,372.45491645244215,382.7,1.136039025163202,0.8000815370720137,40026.666666666664,46650
race_score>=0.70_odds_50_500_ev>=0.8,80,3112,311200,360240,49040,1.1575835475578407,9,0.002892030848329049,0.1125,0.7281722277630766,0.70091851553384,372.45491645244215,382.7,1.136039025163202,0.8000815370720137,40026.666666666664,46650
race_score>=0.50_odds_50_1000_top10_by_value_score,793,7930,793000,913780,120780,1.1523076923076923,13,0.001639344262295082,0.01639344262295082,0.6056784390921904,0.5001748065414573,789.9253972257252,817.8,3.3191033852031255,1.6814788914765142,70290.76923076923,97180
race_score>=0.50_odds_50_1000_top10_by_expected_roi,793,7930,793000,913780,120780,1.1523076923076923,13,0.001639344262295082,0.01639344262295082,0.6056784390921904,0.5001748065414573,789.9253972257252,817.8,3.3191033852031255,1.6814788914765142,70290.76923076923,97180
race_score>=0.50_odds_100_1000_top10_by_value_score,793,7930,793000,913780,120780,1.1523076923076923,13,0.001639344262295082,0.01639344262295082,0.6056784390921904,0.5001748065414573,789.9253972257252,817.8,3.3191033852031255,1.6814788914765142,70290.76923076923,97180
race_score>=0.50_odds_100_1000_top10_by_expected_roi,793,7930,793000,913780,120780,1.1523076923076923,13,0.001639344262295082,0.01639344262295082,0.6056784390921904,0.5001748065414573,789.9253972257252,817.8,3.3191033852031255,1.6814788914765142,70290.76923076923,97180
race_score>=0.45_odds_50_1000_ev>=3.0_top5,1006,4346,434600,483100,48500,1.111596870685688,6,0.0013805798435342844,0.005964214711729622,0.5618398879124268,0.4500906629413549,811.5999079613438,837.0,4.107797338177303,3.0001598496152257,80516.66666666667,97440
race_score>=0.45_odds_100_1000_ev>=3.0_top5,1006,4346,434600,483100,48500,1.111596870685688,6,0.0013805798435342844,0.005964214711729622,0.5618398879124268,0.4500906629413549,811.5999079613438,837.0,4.107797338177303,3.0001598496152257,80516.66666666667,97440
race_score>=0.60_odds_50_1000_ev>=3.0_top5,354,1365,136500,149170,12670,1.0928205128205128,2,0.0014652014652014652,0.005649717514124294,0.6586730432177881,0.600386893407325,833.572380952381,854.0,3.7392408554365217,3.0003977370331256,74585.0,89380
race_score>=0.60_odds_100_1000_ev>=3.0_top5,354,1365,136500,149170,12670,1.0928205128205128,2,0.0014652014652014652,0.005649717514124294,0.6586730432177881,0.600386893407325,833.572380952381,854.0,3.7392408554365217,3.0003977370331256,74585.0,89380
race_score>=0.40_odds_all_ev>=3.0_top5,1443,7207,720700,778840,58140,1.0806715693076177,1,0.00013875398917718884,0.000693000693000693,0.5315862005313322,0.4000830274338122,5541.176911336201,5282.8,11.473336068162652,3.093948512101865,778840.0,778840
race_score>=0.40_odds_30plus_ev>=3.0_top5,1443,7207,720700,778840,58140,1.0806715693076177,1,0.00013875398917718884,0.000693000693000693,0.5315862005313322,0.4000830274338122,5541.176911336201,5282.8,11.473336068162652,3.093948512101865,778840.0,778840
race_score>=0.40_odds_50plus_ev>=3.0_top5,1443,7207,720700,778840,58140,1.0806715693076177,1,0.00013875398917718884,0.000693000693000693,0.5315862005313322,0.4000830274338122,5541.176911336201,5282.8,11.473336068162652,3.093948512101865,778840.0,778840
race_score>=0.40_odds_100plus_ev>=3.0_top5,1443,7207,720700,778840,58140,1.0806715693076177,1,0.00013875398917718884,0.000693000693000693,0.5315862005313322,0.4000830274338122,5541.176911336201,5282.8,11.473336068162652,3.093948512101865,778840.0,778840
race_score>=0.40_odds_all_top5_by_value_score,1444,7220,722000,778840,56840,1.0787257617728532,1,0.00013850415512465375,0.0006925207756232687,0.5315119941259788,0.4000830274338122,5532.30231301939,5275.75,11.45751911552858,2.1871684143732693,778840.0,778840
race_score>=0.40_odds_all_top5_by_expected_roi,1444,7220,722000,778840,56840,1.0787257617728532,1,0.00013850415512465375,0.0006925207756232687,0.5315119941259788,0.4000830274338122,5532.30231301939,5275.75,11.45751911552858,2.1871684143732693,778840.0,778840
race_score>=0.40_odds_all_ev>=0.8_top5,1444,7220,722000,778840,56840,1.0787257617728532,1,0.00013850415512465375,0.0006925207756232687,0.5315119941259788,0.4000830274338122,5532.30231301939,5275.75,11.45751911552858,2.1871684143732693,778840.0,778840
race_score>=0.40_odds_all_ev>=1.0_top5,1444,7220,722000,778840,56840,1.0787257617728532,1,0.00013850415512465375,0.0006925207756232687,0.5315119941259788,0.4000830274338122,5532.30231301939,5275.75,11.45751911552858,2.1871684143732693,778840.0,778840
race_score>=0.40_odds_all_ev>=1.2_top5,1444,7220,722000,778840,56840,1.0787257617728532,1,0.00013850415512465375,0.0006925207756232687,0.5315119941259788,0.4000830274338122,5532.30231301939,5275.75,11.45751911552858,2.1871684143732693,778840.0,778840
race_score>=0.40_odds_all_ev>=1.5_top5,1444,7220,722000,778840,56840,1.0787257617728532,1,0.00013850415512465375,0.0006925207756232687,0.5315119941259788,0.4000830274338122,5532.30231301939,5275.75,11.45751911552858,2.1871684143732693,778840.0,778840
race_score>=0.40_odds_all_ev>=2.0_top5,1444,7220,722000,778840,56840,1.0787257617728532,1,0.00013850415512465375,0.0006925207756232687,0.5315119941259788,0.4000830274338122,5532.30231301939,5275.75,11.45751911552858,2.1871684143732693,778840.0,778840
race_score>=0.40_odds_30plus_top5_by_value_score,1444,7220,722000,778840,56840,1.0787257617728532,1,0.00013850415512465375,0.0006925207756232687,0.5315119941259788,0.4000830274338122,5532.30231301939,5275.75,11.45751911552858,2.1871684143732693,778840.0,778840
race_score>=0.40_odds_30plus_top5_by_expected_roi,1444,7220,722000,778840,56840,1.0787257617728532,1,0.00013850415512465375,0.0006925207756232687,0.5315119941259788,0.4000830274338122,5532.30231301939,5275.75,11.45751911552858,2.1871684143732693,778840.0,778840
race_score>=0.40_odds_30plus_ev>=0.8_top5,1444,7220,722000,778840,56840,1.0787257617728532,1,0.00013850415512465375,0.0006925207756232687,0.5315119941259788,0.4000830274338122,5532.30231301939,5275.75,11.45751911552858,2.1871684143732693,778840.0,778840
race_score>=0.40_odds_30plus_ev>=1.0_top5,1444,7220,722000,778840,56840,1.0787257617728532,1,0.00013850415512465375,0.0006925207756232687,0.5315119941259788,0.4000830274338122,5532.30231301939,5275.75,11.45751911552858,2.1871684143732693,778840.0,778840
race_score>=0.40_odds_30plus_ev>=1.2_top5,1444,7220,722000,778840,56840,1.0787257617728532,1,0.00013850415512465375,0.0006925207756232687,0.5315119941259788,0.4000830274338122,5532.30231301939,5275.75,11.45751911552858,2.1871684143732693,778840.0,778840
race_score>=0.40_odds_30plus_ev>=1.5_top5,1444,7220,722000,778840,56840,1.0787257617728532,1,0.00013850415512465375,0.0006925207756232687,0.5315119941259788,0.4000830274338122,5532.30231301939,5275.75,11.45751911552858,2.1871684143732693,778840.0,778840
race_score>=0.40_odds_30plus_ev>=2.0_top5,1444,7220,722000,778840,56840,1.0787257617728532,1,0.00013850415512465375,0.0006925207756232687,0.5315119941259788,0.4000830274338122,5532.30231301939,5275.75,11.45751911552858,2.1871684143732693,778840.0,778840
race_score>=0.40_odds_50plus_top5_by_value_score,1444,7220,722000,778840,56840,1.0787257617728532,1,0.00013850415512465375,0.0006925207756232687,0.5315119941259788,0.4000830274338122,5532.30231301939,5275.75,11.45751911552858,2.1871684143732693,778840.0,778840
race_score>=0.40_odds_50plus_top5_by_expected_roi,1444,7220,722000,778840,56840,1.0787257617728532,1,0.00013850415512465375,0.0006925207756232687,0.5315119941259788,0.4000830274338122,5532.30231301939,5275.75,11.45751911552858,2.1871684143732693,778840.0,778840
race_score>=0.40_odds_50plus_ev>=0.8_top5,1444,7220,722000,778840,56840,1.0787257617728532,1,0.00013850415512465375,0.0006925207756232687,0.5315119941259788,0.4000830274338122,5532.30231301939,5275.75,11.45751911552858,2.1871684143732693,778840.0,778840
race_score>=0.40_odds_50plus_ev>=1.0_top5,1444,7220,722000,778840,56840,1.0787257617728532,1,0.00013850415512465375,0.0006925207756232687,0.5315119941259788,0.4000830274338122,5532.30231301939,5275.75,11.45751911552858,2.1871684143732693,778840.0,778840
race_score>=0.40_odds_50plus_ev>=1.2_top5,1444,7220,722000,778840,56840,1.0787257617728532,1,0.00013850415512465375,0.0006925207756232687,0.5315119941259788,0.4000830274338122,5532.30231301939,5275.75,11.45751911552858,2.1871684143732693,778840.0,778840
race_score>=0.40_odds_50plus_ev>=1.5_top5,1444,7220,722000,778840,56840,1.0787257617728532,1,0.00013850415512465375,0.0006925207756232687,0.5315119941259788,0.4000830274338122,5532.30231301939,5275.75,11.45751911552858,2.1871684143732693,778840.0,778840
race_score>=0.40_odds_50plus_ev>=2.0_top5,1444,7220,722000,778840,56840,1.0787257617728532,1,0.00013850415512465375,0.0006925207756232687,0.5315119941259788,0.4000830274338122,5532.30231301939,5275.75,11.45751911552858,2.1871684143732693,778840.0,778840
race_score>=0.40_odds_100plus_top5_by_value_score,1444,7220,722000,778840,56840,1.0787257617728532,1,0.00013850415512465375,0.0006925207756232687,0.5315119941259788,0.4000830274338122,5532.30231301939,5275.75,11.45751911552858,2.1871684143732693,778840.0,778840
race_score>=0.40_odds_100plus_top5_by_expected_roi,1444,7220,722000,778840,56840,1.0787257617728532,1,0.00013850415512465375,0.0006925207756232687,0.5315119941259788,0.4000830274338122,5532.30231301939,5275.75,11.45751911552858,2.1871684143732693,778840.0,778840
race_score>=0.40_odds_100plus_ev>=0.8_top5,1444,7220,722000,778840,56840,1.0787257617728532,1,0.00013850415512465375,0.0006925207756232687,0.5315119941259788,0.4000830274338122,5532.30231301939,5275.75,11.45751911552858,2.1871684143732693,778840.0,778840
race_score>=0.40_odds_100plus_ev>=1.0_top5,1444,7220,722000,778840,56840,1.0787257617728532,1,0.00013850415512465375,0.0006925207756232687,0.5315119941259788,0.4000830274338122,5532.30231301939,5275.75,11.45751911552858,2.1871684143732693,778840.0,778840
race_score>=0.40_odds_100plus_ev>=1.2_top5,1444,7220,722000,778840,56840,1.0787257617728532,1,0.00013850415512465375,0.0006925207756232687,0.5315119941259788,0.4000830274338122,5532.30231301939,5275.75,11.45751911552858,2.1871684143732693,778840.0,778840
race_score>=0.40_odds_100plus_ev>=1.5_top5,1444,7220,722000,778840,56840,1.0787257617728532,1,0.00013850415512465375,0.0006925207756232687,0.5315119941259788,0.4000830274338122,5532.30231301939,5275.75,11.45751911552858,2.1871684143732693,778840.0,778840
race_score>=0.40_odds_100plus_ev>=2.0_top5,1444,7220,722000,778840,56840,1.0787257617728532,1,0.00013850415512465375,0.0006925207756232687,0.5315119941259788,0.4000830274338122,5532.30231301939,5275.75,11.45751911552858,2.1871684143732693,778840.0,778840
race_score>=0.60_odds_all_top2_by_ticket_score,390,780,78000,83610,5610,1.071923076923077,15,0.019230769230769232,0.038461538461538464,0.6653700840469999,0.600386893407325,197.94423076923076,117.4,1.1317795575587764,0.03413523205639569,5574.0,28750
race_score>=0.70_odds_30_500_top30_by_value_score,80,2400,240000,251200,11200,1.0466666666666666,6,0.0025,0.075,0.7278454278400386,0.70091851553384,380.66641666666663,391.6,1.209944720363579,0.7095442367996383,41866.666666666664,46650
race_score>=0.70_odds_30_500_top30_by_expected_roi,80,2400,240000,251200,11200,1.0466666666666666,6,0.0025,0.075,0.7278454278400386,0.70091851553384,380.66641666666663,391.6,1.209944720363579,0.7095442367996383,41866.666666666664,46650
race_score>=0.70_odds_50_500_top30_by_value_score,80,2400,240000,251200,11200,1.0466666666666666,6,0.0025,0.075,0.7278454278400386,0.70091851553384,380.66641666666663,391.6,1.209944720363579,0.7095442367996383,41866.666666666664,46650
race_score>=0.70_odds_50_500_top30_by_expected_roi,80,2400,240000,251200,11200,1.0466666666666666,6,0.0025,0.075,0.7278454278400386,0.70091851553384,380.66641666666663,391.6,1.209944720363579,0.7095442367996383,41866.666666666664,46650
race_score>=0.50_odds_50_500_top3_by_ticket_score,793,2379,237900,248500,10600,1.044556536359815,16,0.006725514922236234,0.0201765447667087,0.6056784390921904,0.5001748065414573,165.37482135350984,128.9,1.1120710642740634,0.1965059847627693,15531.25,85380
race_score>=0.30_odds_50_1000_ev>=3.0_top2,5496,10921,1092100,1137040,44940,1.0411500778317004,15,0.0013735005951835912,0.0027292576419213972,0.38487229559394714,0.3000060136596823,796.9711564875012,828.3,5.955724397375304,3.0003977370331256,75802.66666666667,97440
race_score>=0.30_odds_100_1000_ev>=3.0_top2,5496,10921,1092100,1137040,44940,1.0411500778317004,15,0.0013735005951835912,0.0027292576419213972,0.38487229559394714,0.3000060136596823,796.9711564875012,828.3,5.955724397375304,3.0003977370331256,75802.66666666667,97440
race_score>=0.60_odds_50_1000_top5_by_value_score,390,1950,195000,202850,7850,1.0402564102564102,3,0.0015384615384615385,0.007692307692307693,0.6653700840469999,0.600386893407325,832.4981025641026,852.4,3.4262659883639506,2.058689565012221,67616.66666666667,89380
race_score>=0.60_odds_50_1000_top5_by_expected_roi,390,1950,195000,202850,7850,1.0402564102564102,3,0.0015384615384615385,0.007692307692307693,0.6653700840469999,0.600386893407325,832.4981025641026,852.4,3.4262659883639506,2.058689565012221,67616.66666666667,89380
race_score>=0.60_odds_50_1000_ev>=0.8_top5,390,1950,195000,202850,7850,1.0402564102564102,3,0.0015384615384615385,0.007692307692307693,0.6653700840469999,0.600386893407325,832.4981025641026,852.4,3.4262659883639506,2.058689565012221,67616.66666666667,89380
race_score>=0.60_odds_50_1000_ev>=1.0_top5,390,1950,195000,202850,7850,1.0402564102564102,3,0.0015384615384615385,0.007692307692307693,0.6653700840469999,0.600386893407325,832.4981025641026,852.4,3.4262659883639506,2.058689565012221,67616.66666666667,89380
race_score>=0.60_odds_50_1000_ev>=1.2_top5,390,1950,195000,202850,7850,1.0402564102564102,3,0.0015384615384615385,0.007692307692307693,0.6653700840469999,0.600386893407325,832.4981025641026,852.4,3.4262659883639506,2.058689565012221,67616.66666666667,89380
race_score>=0.60_odds_50_1000_ev>=1.5_top5,390,1950,195000,202850,7850,1.0402564102564102,3,0.0015384615384615385,0.007692307692307693,0.6653700840469999,0.600386893407325,832.4981025641026,852.4,3.4262659883639506,2.058689565012221,67616.66666666667,89380
race_score>=0.60_odds_50_1000_ev>=2.0_top5,390,1950,195000,202850,7850,1.0402564102564102,3,0.0015384615384615385,0.007692307692307693,0.6653700840469999,0.600386893407325,832.4981025641026,852.4,3.4262659883639506,2.058689565012221,67616.66666666667,89380
race_score>=0.60_odds_100_1000_top5_by_value_score,390,1950,195000,202850,7850,1.0402564102564102,3,0.0015384615384615385,0.007692307692307693,0.6653700840469999,0.600386893407325,832.4981025641026,852.4,3.4262659883639506,2.058689565012221,67616.66666666667,89380
race_score>=0.60_odds_100_1000_top5_by_expected_roi,390,1950,195000,202850,7850,1.0402564102564102,3,0.0015384615384615385,0.007692307692307693,0.6653700840469999,0.600386893407325,832.4981025641026,852.4,3.4262659883639506,2.058689565012221,67616.66666666667,89380
race_score>=0.60_odds_100_1000_ev>=0.8_top5,390,1950,195000,202850,7850,1.0402564102564102,3,0.0015384615384615385,0.007692307692307693,0.6653700840469999,0.600386893407325,832.4981025641026,852.4,3.4262659883639506,2.058689565012221,67616.66666666667,89380
race_score>=0.60_odds_100_1000_ev>=1.0_top5,390,1950,195000,202850,7850,1.0402564102564102,3,0.0015384615384615385,0.007692307692307693,0.6653700840469999,0.600386893407325,832.4981025641026,852.4,3.4262659883639506,2.058689565012221,67616.66666666667,89380
race_score>=0.60_odds_100_1000_ev>=1.2_top5,390,1950,195000,202850,7850,1.0402564102564102,3,0.0015384615384615385,0.007692307692307693,0.6653700840469999,0.600386893407325,832.4981025641026,852.4,3.4262659883639506,2.058689565012221,67616.66666666667,89380
race_score>=0.60_odds_100_1000_ev>=1.5_top5,390,1950,195000,202850,7850,1.0402564102564102,3,0.0015384615384615385,0.007692307692307693,0.6653700840469999,0.600386893407325,832.4981025641026,852.4,3.4262659883639506,2.058689565012221,67616.66666666667,89380
race_score>=0.60_odds_100_1000_ev>=2.0_top5,390,1950,195000,202850,7850,1.0402564102564102,3,0.0015384615384615385,0.007692307692307693,0.6653700840469999,0.600386893407325,832.4981025641026,852.4,3.4262659883639506,2.058689565012221,67616.66666666667,89380
race_score>=0.45_odds_50_1000_top10_by_value_score,1047,10470,1047000,1087010,40010,1.0382139446036294,15,0.0014326647564469914,0.014326647564469915,0.5736019947536628,0.4500906629413549,780.9849092645654,810.2,3.4580504085291968,1.6814788914765142,72467.33333333333,97440
race_score>=0.45_odds_50_1000_top10_by_expected_roi,1047,10470,1047000,1087010,40010,1.0382139446036294,15,0.0014326647564469914,0.014326647564469915,0.5736019947536628,0.4500906629413549,780.9849092645654,810.2,3.4580504085291968,1.6814788914765142,72467.33333333333,97440
race_score>=0.45_odds_100_1000_top10_by_value_score,1047,10470,1047000,1087010,40010,1.0382139446036294,15,0.0014326647564469914,0.014326647564469915,0.5736019947536628,0.4500906629413549,780.9849092645654,810.2,3.4580504085291968,1.6814788914765142,72467.33333333333,97440
race_score>=0.45_odds_100_1000_top10_by_expected_roi,1047,10470,1047000,1087010,40010,1.0382139446036294,15,0.0014326647564469914,0.014326647564469915,0.5736019947536628,0.4500906629413549,780.9849092645654,810.2,3.4580504085291968,1.6814788914765142,72467.33333333333,97440
race_score>=0.50_odds_all_top2_by_ticket_score,793,1586,158600,164500,5900,1.0372005044136192,40,0.025220680958385876,0.05044136191677175,0.6056784390921905,0.5001748065414573,161.6482976040353,87.95,1.0449337786532025,0.03413523205639569,4112.5,28750
race_score>=0.30_odds_50_1000_top2_by_value_score,5544,11088,1108800,1137040,28240,1.0254689754689754,15,0.0013528138528138528,0.0027056277056277055,0.3883389451860162,0.3000060136596823,797.3012716450216,828.55,5.9080555016130925,2.29088804043955,75802.66666666667,97440
race_score>=0.30_odds_50_1000_top2_by_expected_roi,5544,11088,1108800,1137040,28240,1.0254689754689754,15,0.0013528138528138528,0.0027056277056277055,0.3883389451860162,0.3000060136596823,797.3012716450216,828.55,5.9080555016130925,2.29088804043955,75802.66666666667,97440
race_score>=0.30_odds_50_1000_ev>=0.8_top2,5544,11088,1108800,1137040,28240,1.0254689754689754,15,0.0013528138528138528,0.0027056277056277055,0.3883389451860162,0.3000060136596823,797.3012716450216,828.55,5.9080555016130925,2.29088804043955,75802.66666666667,97440
race_score>=0.30_odds_50_1000_ev>=1.0_top2,5544,11088,1108800,1137040,28240,1.0254689754689754,15,0.0013528138528138528,0.0027056277056277055,0.3883389451860162,0.3000060136596823,797.3012716450216,828.55,5.9080555016130925,2.29088804043955,75802.66666666667,97440
race_score>=0.30_odds_50_1000_ev>=1.2_top2,5544,11088,1108800,1137040,28240,1.0254689754689754,15,0.0013528138528138528,0.0027056277056277055,0.3883389451860162,0.3000060136596823,797.3012716450216,828.55,5.9080555016130925,2.29088804043955,75802.66666666667,97440
race_score>=0.30_odds_50_1000_ev>=1.5_top2,5544,11088,1108800,1137040,28240,1.0254689754689754,15,0.0013528138528138528,0.0027056277056277055,0.3883389451860162,0.3000060136596823,797.3012716450216,828.55,5.9080555016130925,2.29088804043955,75802.66666666667,97440
race_score>=0.30_odds_50_1000_ev>=2.0_top2,5544,11088,1108800,1137040,28240,1.0254689754689754,15,0.0013528138528138528,0.0027056277056277055,0.3883389451860162,0.3000060136596823,797.3012716450216,828.55,5.9080555016130925,2.29088804043955,75802.66666666667,97440
race_score>=0.30_odds_100_1000_top2_by_value_score,5544,11088,1108800,1137040,28240,1.0254689754689754,15,0.0013528138528138528,0.0027056277056277055,0.3883389451860162,0.3000060136596823,797.3012716450216,828.55,5.9080555016130925,2.29088804043955,75802.66666666667,97440
race_score>=0.30_odds_100_1000_top2_by_expected_roi,5544,11088,1108800,1137040,28240,1.0254689754689754,15,0.0013528138528138528,0.0027056277056277055,0.3883389451860162,0.3000060136596823,797.3012716450216,828.55,5.9080555016130925,2.29088804043955,75802.66666666667,97440
race_score>=0.30_odds_100_1000_ev>=0.8_top2,5544,11088,1108800,1137040,28240,1.0254689754689754,15,0.0013528138528138528,0.0027056277056277055,0.3883389451860162,0.3000060136596823,797.3012716450216,828.55,5.9080555016130925,2.29088804043955,75802.66666666667,97440
race_score>=0.30_odds_100_1000_ev>=1.0_top2,5544,11088,1108800,1137040,28240,1.0254689754689754,15,0.0013528138528138528,0.0027056277056277055,0.3883389451860162,0.3000060136596823,797.3012716450216,828.55,5.9080555016130925,2.29088804043955,75802.66666666667,97440
race_score>=0.30_odds_100_1000_ev>=1.2_top2,5544,11088,1108800,1137040,28240,1.0254689754689754,15,0.0013528138528138528,0.0027056277056277055,0.3883389451860162,0.3000060136596823,797.3012716450216,828.55,5.9080555016130925,2.29088804043955,75802.66666666667,97440
race_score>=0.30_odds_100_1000_ev>=1.5_top2,5544,11088,1108800,1137040,28240,1.0254689754689754,15,0.0013528138528138528,0.0027056277056277055,0.3883389451860162,0.3000060136596823,797.3012716450216,828.55,5.9080555016130925,2.29088804043955,75802.66666666667,97440
race_score>=0.30_odds_100_1000_ev>=2.0_top2,5544,11088,1108800,1137040,28240,1.0254689754689754,15,0.0013528138528138528,0.0027056277056277055,0.3883389451860162,0.3000060136596823,797.3012716450216,828.55,5.9080555016130925,2.29088804043955,75802.66666666667,97440
race_score>=0.45_odds_50_1000_top5_by_value_score,1047,5235,523500,536780,13280,1.025367717287488,7,0.0013371537726838587,0.0066857688634192934,0.5736019947536628,0.4500906629413549,812.1397134670488,837.3,3.8732710737426217,2.058689565012221,76682.85714285714,97440
race_score>=0.45_odds_50_1000_top5_by_expected_roi,1047,5235,523500,536780,13280,1.025367717287488,7,0.0013371537726838587,0.0066857688634192934,0.5736019947536628,0.4500906629413549,812.1397134670488,837.3,3.8732710737426217,2.058689565012221,76682.85714285714,97440
race_score>=0.45_odds_50_1000_ev>=0.8_top5,1047,5235,523500,536780,13280,1.025367717287488,7,0.0013371537726838587,0.0066857688634192934,0.5736019947536628,0.4500906629413549,812.1397134670488,837.3,3.8732710737426217,2.058689565012221,76682.85714285714,97440
race_score>=0.45_odds_50_1000_ev>=1.0_top5,1047,5235,523500,536780,13280,1.025367717287488,7,0.0013371537726838587,0.0066857688634192934,0.5736019947536628,0.4500906629413549,812.1397134670488,837.3,3.8732710737426217,2.058689565012221,76682.85714285714,97440
race_score>=0.45_odds_50_1000_ev>=1.2_top5,1047,5235,523500,536780,13280,1.025367717287488,7,0.0013371537726838587,0.0066857688634192934,0.5736019947536628,0.4500906629413549,812.1397134670488,837.3,3.8732710737426217,2.058689565012221,76682.85714285714,97440
race_score>=0.45_odds_50_1000_ev>=1.5_top5,1047,5235,523500,536780,13280,1.025367717287488,7,0.0013371537726838587,0.0066857688634192934,0.5736019947536628,0.4500906629413549,812.1397134670488,837.3,3.8732710737426217,2.058689565012221,76682.85714285714,97440
race_score>=0.45_odds_50_1000_ev>=2.0_top5,1047,5235,523500,536780,13280,1.025367717287488,7,0.0013371537726838587,0.0066857688634192934,0.5736019947536628,0.4500906629413549,812.1397134670488,837.3,3.8732710737426217,2.058689565012221,76682.85714285714,97440
race_score>=0.45_odds_100_1000_top5_by_value_score,1047,5235,523500,536780,13280,1.025367717287488,7,0.0013371537726838587,0.0066857688634192934,0.5736019947536628,0.4500906629413549,812.1397134670488,837.3,3.8732710737426217,2.058689565012221,76682.85714285714,97440
race_score>=0.45_odds_100_1000_top5_by_expected_roi,1047,5235,523500,536780,13280,1.025367717287488,7,0.0013371537726838587,0.0066857688634192934,0.5736019947536628,0.4500906629413549,812.1397134670488,837.3,3.8732710737426217,2.058689565012221,76682.85714285714,97440
race_score>=0.45_odds_100_1000_ev>=0.8_top5,1047,5235,523500,536780,13280,1.025367717287488,7,0.0013371537726838587,0.0066857688634192934,0.5736019947536628,0.4500906629413549,812.1397134670488,837.3,3.8732710737426217,2.058689565012221,76682.85714285714,97440
race_score>=0.45_odds_100_1000_ev>=1.0_top5,1047,5235,523500,536780,13280,1.025367717287488,7,0.0013371537726838587,0.0066857688634192934,0.5736019947536628,0.4500906629413549,812.1397134670488,837.3,3.8732710737426217,2.058689565012221,76682.85714285714,97440
race_score>=0.45_odds_100_1000_ev>=1.2_top5,1047,5235,523500,536780,13280,1.025367717287488,7,0.0013371537726838587,0.0066857688634192934,0.5736019947536628,0.4500906629413549,812.1397134670488,837.3,3.8732710737426217,2.058689565012221,76682.85714285714,97440
race_score>=0.45_odds_100_1000_ev>=1.5_top5,1047,5235,523500,536780,13280,1.025367717287488,7,0.0013371537726838587,0.0066857688634192934,0.5736019947536628,0.4500906629413549,812.1397134670488,837.3,3.8732710737426217,2.058689565012221,76682.85714285714,97440
race_score>=0.45_odds_100_1000_ev>=2.0_top5,1047,5235,523500,536780,13280,1.025367717287488,7,0.0013371537726838587,0.0066857688634192934,0.5736019947536628,0.4500906629413549,812.1397134670488,837.3,3.8732710737426217,2.058689565012221,76682.85714285714,97440
race_score>=0.55_odds_50_1000_ev>=3.0_top3,538,1458,145800,149170,3370,1.023113854595336,2,0.0013717421124828531,0.0037174721189591076,0.6296643025968034,0.5502825174254746,845.1913580246913,866.1,3.9950677001708637,3.0003977370331256,74585.0,89380
race_score>=0.55_odds_100_1000_ev>=3.0_top3,538,1458,145800,149170,3370,1.023113854595336,2,0.0013717421124828531,0.0037174721189591076,0.6296643025968034,0.5502825174254746,845.1913580246913,866.1,3.9950677001708637,3.0003977370331256,74585.0,89380
race_score>=0.60_odds_50_1000_top20_by_value_score,390,7800,780000,789490,9490,1.0121666666666667,11,0.0014102564102564104,0.028205128205128206,0.6653700840469999,0.600386893407325,768.8119999999999,794.8499999999999,2.702363178596897,1.4611353697997098,71771.81818181818,95390
race_score>=0.60_odds_50_1000_top20_by_expected_roi,390,7800,780000,789490,9490,1.0121666666666667,11,0.0014102564102564104,0.028205128205128206,0.6653700840469999,0.600386893407325,768.8119999999999,794.8499999999999,2.702363178596897,1.4611353697997098,71771.81818181818,95390
race_score>=0.60_odds_100_1000_top20_by_value_score,390,7800,780000,789490,9490,1.0121666666666667,11,0.0014102564102564104,0.028205128205128206,0.6653700840469999,0.600386893407325,768.8119999999999,794.8499999999999,2.702363178596897,1.4611353697997098,71771.81818181818,95390
race_score>=0.60_odds_100_1000_top20_by_expected_roi,390,7800,780000,789490,9490,1.0121666666666667,11,0.0014102564102564104,0.028205128205128206,0.6653700840469999,0.600386893407325,768.8119999999999,794.8499999999999,2.702363178596897,1.4611353697997098,71771.81818181818,95390
race_score>=0.65_odds_30_500_ev>=1.2,241,3494,349400,349960,560,1.0016027475672582,8,0.0022896393817973667,0.03319502074688797,0.6876119683878289,0.6503128804449101,393.7430738408701,405.95,1.5594883091692495,1.2003431713264172,43745.0,49810
race_score>=0.65_odds_50_500_ev>=1.2,241,3494,349400,349960,560,1.0016027475672582,8,0.0022896393817973667,0.03319502074688797,0.6876119683878289,0.6503128804449101,393.7430738408701,405.95,1.5594883091692495,1.2003431713264172,43745.0,49810
race_score>=0.55_odds_30plus_top2_by_ticket_score,575,1150,115000,115040,40,1.0003478260869565,12,0.010434782608695653,0.020869565217391306,0.636014344715647,0.5502825174254746,194.30660869565216,117.7,1.2095517621800413,0.1166192209293641,9586.666666666666,28750
race_score>=0.55_odds_30_500_top2_by_ticket_score,575,1150,115000,115040,40,1.0003478260869565,12,0.010434782608695653,0.020869565217391306,0.636014344715647,0.5502825174254746,150.35904347826087,110.65,0.9530927288826103,0.1166192209293641,9586.666666666666,28750
race_score>=0.60_odds_30_500_ev>=1.5,376,2942,294200,293190,-1010,0.9965669612508498,7,0.002379333786539769,0.018617021276595744,0.6552617293402782,0.600386893407325,404.0722977566282,418.29999999999995,1.8677564389201098,1.5002101923452402,41884.28571428572,49810
race_score>=0.60_odds_50_500_ev>=1.5,376,2942,294200,293190,-1010,0.9965669612508498,7,0.002379333786539769,0.018617021276595744,0.6552617293402782,0.600386893407325,404.0722977566282,418.29999999999995,1.8677564389201098,1.5002101923452402,41884.28571428572,49810
race_score>=0.45_odds_50_1000_ev>=3.0,1006,8191,819100,806080,-13020,0.9841045049444512,10,0.0012208521548040532,0.009940357852882704,0.5458095181745222,0.4500906629413549,762.6222561347821,794.3,3.801658999131556,3.0001523460422597,80608.0,97440
race_score>=0.45_odds_100_1000_ev>=3.0,1006,8191,819100,806080,-13020,0.9841045049444512,10,0.0012208521548040532,0.009940357852882704,0.5458095181745222,0.4500906629413549,762.6222561347821,794.3,3.801658999131556,3.0001523460422597,80608.0,97440
race_score>=0.45_odds_all_top10_by_value_score,1047,10470,1047000,1029720,-17280,0.9834957020057307,4,0.00038204393505253105,0.0038204393505253103,0.5736019947536628,0.4500906629413549,5907.084106972301,5708.3,10.718600364407704,2.116065057719307,257430.0,778840
race_score>=0.45_odds_all_top10_by_expected_roi,1047,10470,1047000,1029720,-17280,0.9834957020057307,4,0.00038204393505253105,0.0038204393505253103,0.5736019947536628,0.4500906629413549,5907.084106972301,5708.3,10.718600364407704,2.116065057719307,257430.0,778840
race_score>=0.45_odds_30plus_top10_by_value_score,1047,10470,1047000,1029720,-17280,0.9834957020057307,4,0.00038204393505253105,0.0038204393505253103,0.5736019947536628,0.4500906629413549,5907.084106972301,5708.3,10.718600364407704,2.116065057719307,257430.0,778840
race_score>=0.45_odds_30plus_top10_by_expected_roi,1047,10470,1047000,1029720,-17280,0.9834957020057307,4,0.00038204393505253105,0.0038204393505253103,0.5736019947536628,0.4500906629413549,5907.084106972301,5708.3,10.718600364407704,2.116065057719307,257430.0,778840
race_score>=0.45_odds_50plus_top10_by_value_score,1047,10470,1047000,1029720,-17280,0.9834957020057307,4,0.00038204393505253105,0.0038204393505253103,0.5736019947536628,0.4500906629413549,5907.084106972301,5708.3,10.718600364407704,2.116065057719307,257430.0,778840
race_score>=0.45_odds_50plus_top10_by_expected_roi,1047,10470,1047000,1029720,-17280,0.9834957020057307,4,0.00038204393505253105,0.0038204393505253103,0.5736019947536628,0.4500906629413549,5907.084106972301,5708.3,10.718600364407704,2.116065057719307,257430.0,778840
race_score>=0.45_odds_100plus_top10_by_value_score,1047,10470,1047000,1029720,-17280,0.9834957020057307,4,0.00038204393505253105,0.0038204393505253103,0.5736019947536628,0.4500906629413549,5907.084106972301,5708.3,10.718600364407704,2.116065057719307,257430.0,778840
race_score>=0.45_odds_100plus_top10_by_expected_roi,1047,10470,1047000,1029720,-17280,0.9834957020057307,4,0.00038204393505253105,0.0038204393505253103,0.5736019947536628,0.4500906629413549,5907.084106972301,5708.3,10.718600364407704,2.116065057719307,257430.0,778840
race_score>=0.50_odds_50_1000_ev>=3.0_top5,755,3153,315300,309870,-5430,0.9827783063748811,4,0.0012686330478908975,0.005298013245033113,0.5954146273014979,0.5001748065414573,820.4618775769109,843.0,3.958642921114876,3.0001598496152257,77467.5,97180
race_score>=0.50_odds_100_1000_ev>=3.0_top5,755,3153,315300,309870,-5430,0.9827783063748811,4,0.0012686330478908975,0.005298013245033113,0.5954146273014979,0.5001748065414573,820.4618775769109,843.0,3.958642921114876,3.0001598496152257,77467.5,97180
race_score>=0.60_odds_30plus_top2_by_ticket_score,390,780,78000,76340,-1660,0.9787179487179487,8,0.010256410256410256,0.020512820512820513,0.6653700840469999,0.600386893407325,214.49384615384616,131.35000000000002,1.2427844918839577,0.1166192209293641,9542.5,28750
race_score>=0.60_odds_30_500_top2_by_ticket_score,390,780,78000,76340,-1660,0.9787179487179487,8,0.010256410256410256,0.020512820512820513,0.6653700840469999,0.600386893407325,160.03923076923078,125.4,0.9409290087976687,0.1166192209293641,9542.5,28750
race_score>=0.30_odds_50_1000_ev>=3.0_top1,5496,5496,549600,535300,-14300,0.973981077147016,7,0.0012736535662299854,0.0012736535662299854,0.38631166150128426,0.3000060136596823,815.7219978165938,849.9,6.328278655136918,3.0003977370331256,76471.42857142857,97180
race_score>=0.30_odds_100_1000_ev>=3.0_top1,5496,5496,549600,535300,-14300,0.973981077147016,7,0.0012736535662299854,0.0012736535662299854,0.38631166150128426,0.3000060136596823,815.7219978165938,849.9,6.328278655136918,3.0003977370331256,76471.42857142857,97180
race_score>=0.30_odds_50_1000_top1_by_value_score,5544,5544,554400,535300,-19100,0.9655483405483406,7,0.0012626262626262627,0.0012626262626262627,0.3883389451860162,0.3000060136596823,815.7497113997115,850.1,6.297870785156953,2.4054184432386836,76471.42857142857,97180
race_score>=0.30_odds_50_1000_top1_by_expected_roi,5544,5544,554400,535300,-19100,0.9655483405483406,7,0.0012626262626262627,0.0012626262626262627,0.3883389451860162,0.3000060136596823,815.7497113997115,850.1,6.297870785156953,2.4054184432386836,76471.42857142857,97180
race_score>=0.30_odds_50_1000_ev>=0.8_top1,5544,5544,554400,535300,-19100,0.9655483405483406,7,0.0012626262626262627,0.0012626262626262627,0.3883389451860162,0.3000060136596823,815.7497113997115,850.1,6.297870785156953,2.4054184432386836,76471.42857142857,97180
race_score>=0.30_odds_50_1000_ev>=1.0_top1,5544,5544,554400,535300,-19100,0.9655483405483406,7,0.0012626262626262627,0.0012626262626262627,0.3883389451860162,0.3000060136596823,815.7497113997115,850.1,6.297870785156953,2.4054184432386836,76471.42857142857,97180
race_score>=0.30_odds_50_1000_ev>=1.2_top1,5544,5544,554400,535300,-19100,0.9655483405483406,7,0.0012626262626262627,0.0012626262626262627,0.3883389451860162,0.3000060136596823,815.7497113997115,850.1,6.297870785156953,2.4054184432386836,76471.42857142857,97180
race_score>=0.30_odds_50_1000_ev>=1.5_top1,5544,5544,554400,535300,-19100,0.9655483405483406,7,0.0012626262626262627,0.0012626262626262627,0.3883389451860162,0.3000060136596823,815.7497113997115,850.1,6.297870785156953,2.4054184432386836,76471.42857142857,97180
race_score>=0.30_odds_50_1000_ev>=2.0_top1,5544,5544,554400,535300,-19100,0.9655483405483406,7,0.0012626262626262627,0.0012626262626262627,0.3883389451860162,0.3000060136596823,815.7497113997115,850.1,6.297870785156953,2.4054184432386836,76471.42857142857,97180
race_score>=0.30_odds_100_1000_top1_by_value_score,5544,5544,554400,535300,-19100,0.9655483405483406,7,0.0012626262626262627,0.0012626262626262627,0.3883389451860162,0.3000060136596823,815.7497113997115,850.1,6.297870785156953,2.4054184432386836,76471.42857142857,97180
race_score>=0.30_odds_100_1000_top1_by_expected_roi,5544,5544,554400,535300,-19100,0.9655483405483406,7,0.0012626262626262627,0.0012626262626262627,0.3883389451860162,0.3000060136596823,815.7497113997115,850.1,6.297870785156953,2.4054184432386836,76471.42857142857,97180
race_score>=0.30_odds_100_1000_ev>=0.8_top1,5544,5544,554400,535300,-19100,0.9655483405483406,7,0.0012626262626262627,0.0012626262626262627,0.3883389451860162,0.3000060136596823,815.7497113997115,850.1,6.297870785156953,2.4054184432386836,76471.42857142857,97180
race_score>=0.30_odds_100_1000_ev>=1.0_top1,5544,5544,554400,535300,-19100,0.9655483405483406,7,0.0012626262626262627,0.0012626262626262627,0.3883389451860162,0.3000060136596823,815.7497113997115,850.1,6.297870785156953,2.4054184432386836,76471.42857142857,97180
race_score>=0.30_odds_100_1000_ev>=1.2_top1,5544,5544,554400,535300,-19100,0.9655483405483406,7,0.0012626262626262627,0.0012626262626262627,0.3883389451860162,0.3000060136596823,815.7497113997115,850.1,6.297870785156953,2.4054184432386836,76471.42857142857,97180
race_score>=0.30_odds_100_1000_ev>=1.5_top1,5544,5544,554400,535300,-19100,0.9655483405483406,7,0.0012626262626262627,0.0012626262626262627,0.3883389451860162,0.3000060136596823,815.7497113997115,850.1,6.297870785156953,2.4054184432386836,76471.42857142857,97180
race_score>=0.30_odds_100_1000_ev>=2.0_top1,5544,5544,554400,535300,-19100,0.9655483405483406,7,0.0012626262626262627,0.0012626262626262627,0.3883389451860162,0.3000060136596823,815.7497113997115,850.1,6.297870785156953,2.4054184432386836,76471.42857142857,97180
race_score>=0.50_odds_50plus_top3_by_ticket_score,793,2379,237900,229670,-8230,0.9654056326187473,15,0.006305170239596469,0.018915510718789406,0.6056784390921904,0.5001748065414573,214.06023539302228,135.9,1.40096335936997,0.1965059847627693,15311.333333333334,85380
race_score>=0.50_odds_50_1000_top3_by_ticket_score,793,2379,237900,229670,-8230,0.9654056326187473,15,0.006305170239596469,0.018915510718789406,0.6056784390921904,0.5001748065414573,200.06271542664985,134.9,1.320409260883071,0.1965059847627693,15311.333333333334,85380
race_score>=0.60_odds_100_1000_ev>=1.0,390,35553,3555300,3427610,-127690,0.9640846060810621,60,0.001687621297780778,0.15384615384615385,0.6658407359061254,0.600386893407325,642.6519084184175,653.1,1.7172121286591504,1.0000093118676883,57126.833333333336,95390
race_score>=0.60_odds_50_1000_ev>=1.0,390,35558,3555800,3427610,-128190,0.963949041003431,60,0.001687383992350526,0.15384615384615385,0.6658347861104409,0.600386893407325,642.5749114123404,653.05,1.717123711010593,1.0000093118676883,57126.833333333336,95390
race_score>=0.55_odds_50_1000_top10_by_value_score,575,5750,575000,546980,-28020,0.9512695652173913,7,0.001217391304347826,0.01217391304347826,0.636014344715647,0.5502825174254746,797.6083304347827,824.2,3.2186370050015736,1.6814788914765142,78140.0,95390
race_score>=0.55_odds_50_1000_top10_by_expected_roi,575,5750,575000,546980,-28020,0.9512695652173913,7,0.001217391304347826,0.01217391304347826,0.636014344715647,0.5502825174254746,797.6083304347827,824.2,3.2186370050015736,1.6814788914765142,78140.0,95390
race_score>=0.55_odds_100_1000_top10_by_value_score,575,5750,575000,546980,-28020,0.9512695652173913,7,0.001217391304347826,0.01217391304347826,0.636014344715647,0.5502825174254746,797.6083304347827,824.2,3.2186370050015736,1.6814788914765142,78140.0,95390
race_score>=0.55_odds_100_1000_top10_by_expected_roi,575,5750,575000,546980,-28020,0.9512695652173913,7,0.001217391304347826,0.01217391304347826,0.636014344715647,0.5502825174254746,797.6083304347827,824.2,3.2186370050015736,1.6814788914765142,78140.0,95390
race_score>=0.60_odds_all_top3_by_ticket_score,390,1170,117000,110650,-6350,0.9457264957264957,18,0.015384615384615385,0.046153846153846156,0.6653700840469999,0.600386893407325,203.47188034188034,121.6,1.1482159517511854,0.025885272490838943,6147.222222222223,28750
race_score>=0.60_odds_50_1000_ev>=1.2,390,27585,2758500,2603140,-155360,0.9436795359796991,42,0.0015225666122892876,0.1076923076923077,0.6651393549394232,0.600386893407325,674.3043864419068,690.4,1.8964809554675768,1.2000501437755964,61979.52380952381,95390
race_score>=0.60_odds_100_1000_ev>=1.2,390,27585,2758500,2603140,-155360,0.9436795359796991,42,0.0015225666122892876,0.1076923076923077,0.6651393549394232,0.600386893407325,674.3043864419068,690.4,1.8964809554675768,1.2000501437755964,61979.52380952381,95390
race_score>=0.60_odds_50_1000_ev>=2.0,390,8875,887500,835200,-52300,0.9410704225352112,11,0.0012394366197183099,0.028205128205128206,0.661683878329559,0.600386893407325,756.6783887323943,782.1,2.6554902060585026,2.0000211103249153,75927.27272727272,95390
race_score>=0.60_odds_100_1000_ev>=2.0,390,8875,887500,835200,-52300,0.9410704225352112,11,0.0012394366197183099,0.028205128205128206,0.661683878329559,0.600386893407325,756.6783887323943,782.1,2.6554902060585026,2.0000211103249153,75927.27272727272,95390
race_score>=0.30_odds_30_500_ev>=3.0_top1,4418,4418,441800,412650,-29150,0.9340199185151652,10,0.0022634676324128564,0.0022634676324128564,0.3547380418805228,0.3000060136596823,418.9028293345405,433.85,4.441026977204047,3.0007301757386076,41265.0,49890
race_score>=0.30_odds_50_500_ev>=3.0_top1,4418,4418,441800,412650,-29150,0.9340199185151652,10,0.0022634676324128564,0.0022634676324128564,0.3547380418805228,0.3000060136596823,418.9028293345405,433.85,4.441026977204047,3.0007301757386076,41265.0,49890
race_score>=0.55_odds_all_top3_by_ticket_score,575,1725,172500,160950,-11550,0.9330434782608695,31,0.017971014492753623,0.05391304347826087,0.636014344715647,0.5502825174254746,182.75884057971015,104.2,1.1098881405341814,0.025885272490838943,5191.935483870968,28750
race_score>=0.00_odds_all_ev>=3.0_top1,13294,13294,1329400,1235620,-93780,0.9294568978486535,4,0.00030088761847449976,0.00030088761847449976,0.2945048759602282,0.0065552327649241,3842.120437791485,3055.5,13.36739390737616,3.03091447834311,308905.0,778840
race_score>=0.00_odds_30plus_ev>=3.0_top1,13294,13294,1329400,1235620,-93780,0.9294568978486535,4,0.00030088761847449976,0.00030088761847449976,0.2945048759602282,0.0065552327649241,3842.120437791485,3055.5,13.36739390737616,3.03091447834311,308905.0,778840
race_score>=0.00_odds_50plus_ev>=3.0_top1,13294,13294,1329400,1235620,-93780,0.9294568978486535,4,0.00030088761847449976,0.00030088761847449976,0.2945048759602282,0.0065552327649241,3842.120437791485,3055.5,13.36739390737616,3.03091447834311,308905.0,778840
race_score>=0.00_odds_100plus_ev>=3.0_top1,13294,13294,1329400,1235620,-93780,0.9294568978486535,4,0.00030088761847449976,0.00030088761847449976,0.2945048759602282,0.0065552327649241,3842.120437791485,3055.5,13.36739390737616,3.03091447834311,308905.0,778840
race_score>=0.50_odds_30_500_top2_by_ticket_score,793,1586,158600,147410,-11190,0.9294451450189155,20,0.012610340479192938,0.025220680958385876,0.6056784390921905,0.5001748065414573,143.77812105926859,103.45,0.977935803810302,0.1166192209293641,7370.5,28750
race_score>=0.00_odds_all_top1_by_value_score,13306,13306,1330600,1235620,-94980,0.9286186682699534,4,0.0003006162633398467,0.0003006162633398467,0.2944362017866162,0.0065552327649241,3839.0508342101307,3052.0,13.357795753468167,2.3666295042929177,308905.0,778840
race_score>=0.00_odds_all_top1_by_expected_roi,13306,13306,1330600,1235620,-94980,0.9286186682699534,4,0.0003006162633398467,0.0003006162633398467,0.2944362017866162,0.0065552327649241,3839.0508342101307,3052.0,13.357795753468167,2.3666295042929177,308905.0,778840
race_score>=0.00_odds_all_ev>=0.8_top1,13306,13306,1330600,1235620,-94980,0.9286186682699534,4,0.0003006162633398467,0.0003006162633398467,0.2944362017866162,0.0065552327649241,3839.0508342101307,3052.0,13.357795753468167,2.3666295042929177,308905.0,778840
race_score>=0.00_odds_all_ev>=1.0_top1,13306,13306,1330600,1235620,-94980,0.9286186682699534,4,0.0003006162633398467,0.0003006162633398467,0.2944362017866162,0.0065552327649241,3839.0508342101307,3052.0,13.357795753468167,2.3666295042929177,308905.0,778840
race_score>=0.00_odds_all_ev>=1.2_top1,13306,13306,1330600,1235620,-94980,0.9286186682699534,4,0.0003006162633398467,0.0003006162633398467,0.2944362017866162,0.0065552327649241,3839.0508342101307,3052.0,13.357795753468167,2.3666295042929177,308905.0,778840
race_score>=0.00_odds_all_ev>=1.5_top1,13306,13306,1330600,1235620,-94980,0.9286186682699534,4,0.0003006162633398467,0.0003006162633398467,0.2944362017866162,0.0065552327649241,3839.0508342101307,3052.0,13.357795753468167,2.3666295042929177,308905.0,778840
race_score>=0.00_odds_all_ev>=2.0_top1,13306,13306,1330600,1235620,-94980,0.9286186682699534,4,0.0003006162633398467,0.0003006162633398467,0.2944362017866162,0.0065552327649241,3839.0508342101307,3052.0,13.357795753468167,2.3666295042929177,308905.0,778840
race_score>=0.00_odds_30plus_top1_by_value_score,13306,13306,1330600,1235620,-94980,0.9286186682699534,4,0.0003006162633398467,0.0003006162633398467,0.2944362017866162,0.0065552327649241,3839.0508342101307,3052.0,13.357795753468167,2.3666295042929177,308905.0,778840
race_score>=0.00_odds_30plus_top1_by_expected_roi,13306,13306,1330600,1235620,-94980,0.9286186682699534,4,0.0003006162633398467,0.0003006162633398467,0.2944362017866162,0.0065552327649241,3839.0508342101307,3052.0,13.357795753468167,2.3666295042929177,308905.0,778840
race_score>=0.00_odds_30plus_ev>=0.8_top1,13306,13306,1330600,1235620,-94980,0.9286186682699534,4,0.0003006162633398467,0.0003006162633398467,0.2944362017866162,0.0065552327649241,3839.0508342101307,3052.0,13.357795753468167,2.3666295042929177,308905.0,778840
race_score>=0.00_odds_30plus_ev>=1.0_top1,13306,13306,1330600,1235620,-94980,0.9286186682699534,4,0.0003006162633398467,0.0003006162633398467,0.2944362017866162,0.0065552327649241,3839.0508342101307,3052.0,13.357795753468167,2.3666295042929177,308905.0,778840
race_score>=0.00_odds_30plus_ev>=1.2_top1,13306,13306,1330600,1235620,-94980,0.9286186682699534,4,0.0003006162633398467,0.0003006162633398467,0.2944362017866162,0.0065552327649241,3839.0508342101307,3052.0,13.357795753468167,2.3666295042929177,308905.0,778840
race_score>=0.00_odds_30plus_ev>=1.5_top1,13306,13306,1330600,1235620,-94980,0.9286186682699534,4,0.0003006162633398467,0.0003006162633398467,0.2944362017866162,0.0065552327649241,3839.0508342101307,3052.0,13.357795753468167,2.3666295042929177,308905.0,778840
race_score>=0.00_odds_30plus_ev>=2.0_top1,13306,13306,1330600,1235620,-94980,0.9286186682699534,4,0.0003006162633398467,0.0003006162633398467,0.2944362017866162,0.0065552327649241,3839.0508342101307,3052.0,13.357795753468167,2.3666295042929177,308905.0,778840
race_score>=0.00_odds_50plus_top1_by_value_score,13306,13306,1330600,1235620,-94980,0.9286186682699534,4,0.0003006162633398467,0.0003006162633398467,0.2944362017866162,0.0065552327649241,3839.0508342101307,3052.0,13.357795753468167,2.3666295042929177,308905.0,778840
race_score>=0.00_odds_50plus_top1_by_expected_roi,13306,13306,1330600,1235620,-94980,0.9286186682699534,4,0.0003006162633398467,0.0003006162633398467,0.2944362017866162,0.0065552327649241,3839.0508342101307,3052.0,13.357795753468167,2.3666295042929177,308905.0,778840
race_score>=0.00_odds_50plus_ev>=0.8_top1,13306,13306,1330600,1235620,-94980,0.9286186682699534,4,0.0003006162633398467,0.0003006162633398467,0.2944362017866162,0.0065552327649241,3839.0508342101307,3052.0,13.357795753468167,2.3666295042929177,308905.0,778840
race_score>=0.00_odds_50plus_ev>=1.0_top1,13306,13306,1330600,1235620,-94980,0.9286186682699534,4,0.0003006162633398467,0.0003006162633398467,0.2944362017866162,0.0065552327649241,3839.0508342101307,3052.0,13.357795753468167,2.3666295042929177,308905.0,778840
race_score>=0.00_odds_50plus_ev>=1.2_top1,13306,13306,1330600,1235620,-94980,0.9286186682699534,4,0.0003006162633398467,0.0003006162633398467,0.2944362017866162,0.0065552327649241,3839.0508342101307,3052.0,13.357795753468167,2.3666295042929177,308905.0,778840
race_score>=0.00_odds_50plus_ev>=1.5_top1,13306,13306,1330600,1235620,-94980,0.9286186682699534,4,0.0003006162633398467,0.0003006162633398467,0.2944362017866162,0.0065552327649241,3839.0508342101307,3052.0,13.357795753468167,2.3666295042929177,308905.0,778840
race_score>=0.00_odds_50plus_ev>=2.0_top1,13306,13306,1330600,1235620,-94980,0.9286186682699534,4,0.0003006162633398467,0.0003006162633398467,0.2944362017866162,0.0065552327649241,3839.0508342101307,3052.0,13.357795753468167,2.3666295042929177,308905.0,778840
race_score>=0.00_odds_100plus_top1_by_value_score,13306,13306,1330600,1235620,-94980,0.9286186682699534,4,0.0003006162633398467,0.0003006162633398467,0.2944362017866162,0.0065552327649241,3839.0508342101307,3052.0,13.357795753468167,2.3666295042929177,308905.0,778840
race_score>=0.00_odds_100plus_top1_by_expected_roi,13306,13306,1330600,1235620,-94980,0.9286186682699534,4,0.0003006162633398467,0.0003006162633398467,0.2944362017866162,0.0065552327649241,3839.0508342101307,3052.0,13.357795753468167,2.3666295042929177,308905.0,778840
race_score>=0.00_odds_100plus_ev>=0.8_top1,13306,13306,1330600,1235620,-94980,0.9286186682699534,4,0.0003006162633398467,0.0003006162633398467,0.2944362017866162,0.0065552327649241,3839.0508342101307,3052.0,13.357795753468167,2.3666295042929177,308905.0,778840
race_score>=0.00_odds_100plus_ev>=1.0_top1,13306,13306,1330600,1235620,-94980,0.9286186682699534,4,0.0003006162633398467,0.0003006162633398467,0.2944362017866162,0.0065552327649241,3839.0508342101307,3052.0,13.357795753468167,2.3666295042929177,308905.0,778840
race_score>=0.00_odds_100plus_ev>=1.2_top1,13306,13306,1330600,1235620,-94980,0.9286186682699534,4,0.0003006162633398467,0.0003006162633398467,0.2944362017866162,0.0065552327649241,3839.0508342101307,3052.0,13.357795753468167,2.3666295042929177,308905.0,778840
race_score>=0.00_odds_100plus_ev>=1.5_top1,13306,13306,1330600,1235620,-94980,0.9286186682699534,4,0.0003006162633398467,0.0003006162633398467,0.2944362017866162,0.0065552327649241,3839.0508342101307,3052.0,13.357795753468167,2.3666295042929177,308905.0,778840
race_score>=0.00_odds_100plus_ev>=2.0_top1,13306,13306,1330600,1235620,-94980,0.9286186682699534,4,0.0003006162633398467,0.0003006162633398467,0.2944362017866162,0.0065552327649241,3839.0508342101307,3052.0,13.357795753468167,2.3666295042929177,308905.0,778840
race_score>=0.65_odds_30_500_ev>=1.0,241,5924,592400,549680,-42720,0.9278865631330182,14,0.002363268062120189,0.058091286307053944,0.6890890772130819,0.6503128804449101,379.783541525996,392.2,1.3674957968053956,1.0000922353876682,39262.857142857145,49810
race_score>=0.65_odds_50_500_ev>=1.0,241,5924,592400,549680,-42720,0.9278865631330182,14,0.002363268062120189,0.058091286307053944,0.6890890772130819,0.6503128804449101,379.783541525996,392.2,1.3674957968053956,1.0000922353876682,39262.857142857145,49810
race_score>=0.00_odds_50_1000_ev>=2.0_top1,13305,13305,1330500,1222600,-107900,0.918902668169861,17,0.0012777151446824503,0.0012777151446824503,0.2944499608049837,0.0065552327649241,774.5996392333709,818.4,7.0202203894918025,2.3666295042929177,71917.64705882352,98110
race_score>=0.00_odds_50_1000_top1_by_value_score,13306,13306,1330600,1222600,-108000,0.9188336088982414,17,0.0012776191191943484,0.0012776191191943484,0.2944362017866162,0.0065552327649241,774.5475424620473,818.3499999999999,7.0198333523060334,1.8703035956405458,71917.64705882352,98110
race_score>=0.00_odds_50_1000_top1_by_expected_roi,13306,13306,1330600,1222600,-108000,0.9188336088982414,17,0.0012776191191943484,0.0012776191191943484,0.2944362017866162,0.0065552327649241,774.5475424620473,818.3499999999999,7.0198333523060334,1.8703035956405458,71917.64705882352,98110
race_score>=0.00_odds_50_1000_ev>=0.8_top1,13306,13306,1330600,1222600,-108000,0.9188336088982414,17,0.0012776191191943484,0.0012776191191943484,0.2944362017866162,0.0065552327649241,774.5475424620473,818.3499999999999,7.0198333523060334,1.8703035956405458,71917.64705882352,98110
race_score>=0.00_odds_50_1000_ev>=1.0_top1,13306,13306,1330600,1222600,-108000,0.9188336088982414,17,0.0012776191191943484,0.0012776191191943484,0.2944362017866162,0.0065552327649241,774.5475424620473,818.3499999999999,7.0198333523060334,1.8703035956405458,71917.64705882352,98110
race_score>=0.00_odds_50_1000_ev>=1.2_top1,13306,13306,1330600,1222600,-108000,0.9188336088982414,17,0.0012776191191943484,0.0012776191191943484,0.2944362017866162,0.0065552327649241,774.5475424620473,818.3499999999999,7.0198333523060334,1.8703035956405458,71917.64705882352,98110
race_score>=0.00_odds_50_1000_ev>=1.5_top1,13306,13306,1330600,1222600,-108000,0.9188336088982414,17,0.0012776191191943484,0.0012776191191943484,0.2944362017866162,0.0065552327649241,774.5475424620473,818.3499999999999,7.0198333523060334,1.8703035956405458,71917.64705882352,98110
race_score>=0.70_odds_30_500_top20_by_ticket_score,80,1600,160000,147000,-13000,0.91875,12,0.0075,0.15,0.7278454278400388,0.70091851553384,188.85168749999997,156.60000000000002,0.8085457756508034,0.10021473224036068,12250.0,45010
race_score>=0.65_odds_30_500_top10_by_value_score,241,2410,241000,221040,-19960,0.9171784232365146,5,0.002074688796680498,0.02074688796680498,0.6911747324963766,0.6503128804449101,408.7578008298755,420.8,1.6447436114731089,0.9459329819090506,44208.0,49810
race_score>=0.65_odds_30_500_top10_by_expected_roi,241,2410,241000,221040,-19960,0.9171784232365146,5,0.002074688796680498,0.02074688796680498,0.6911747324963766,0.6503128804449101,408.7578008298755,420.8,1.6447436114731089,0.9459329819090506,44208.0,49810
race_score>=0.65_odds_50_500_top10_by_value_score,241,2410,241000,221040,-19960,0.9171784232365146,5,0.002074688796680498,0.02074688796680498,0.6911747324963766,0.6503128804449101,408.7578008298755,420.8,1.6447436114731089,0.9459329819090506,44208.0,49810
race_score>=0.65_odds_50_500_top10_by_expected_roi,241,2410,241000,221040,-19960,0.9171784232365146,5,0.002074688796680498,0.02074688796680498,0.6911747324963766,0.6503128804449101,408.7578008298755,420.8,1.6447436114731089,0.9459329819090506,44208.0,49810
race_score>=0.00_odds_50_1000_ev>=3.0_top1,13244,13244,1324400,1214640,-109760,0.9171247357293869,16,0.0012080942313500453,0.0012080942313500453,0.29342482575298195,0.0065552327649241,774.7879190576864,818.4,7.039753618772773,3.0003977370331256,75915.0,98110
race_score>=0.00_odds_100_1000_ev>=3.0_top1,13244,13244,1324400,1214640,-109760,0.9171247357293869,16,0.0012080942313500453,0.0012080942313500453,0.29342482575298195,0.0065552327649241,774.9634929024464,818.55,7.0395933963677395,3.0003977370331256,75915.0,98110
race_score>=0.50_odds_50_1000_top5_by_value_score,793,3965,396500,363550,-32950,0.9168978562421185,5,0.0012610340479192938,0.006305170239596469,0.6056784390921904,0.5001748065414573,819.7689281210594,843.0,3.7055466803120076,2.058689565012221,72710.0,97180
race_score>=0.50_odds_50_1000_top5_by_expected_roi,793,3965,396500,363550,-32950,0.9168978562421185,5,0.0012610340479192938,0.006305170239596469,0.6056784390921904,0.5001748065414573,819.7689281210594,843.0,3.7055466803120076,2.058689565012221,72710.0,97180
race_score>=0.50_odds_50_1000_ev>=0.8_top5,793,3965,396500,363550,-32950,0.9168978562421185,5,0.0012610340479192938,0.006305170239596469,0.6056784390921904,0.5001748065414573,819.7689281210594,843.0,3.7055466803120076,2.058689565012221,72710.0,97180
race_score>=0.50_odds_50_1000_ev>=1.0_top5,793,3965,396500,363550,-32950,0.9168978562421185,5,0.0012610340479192938,0.006305170239596469,0.6056784390921904,0.5001748065414573,819.7689281210594,843.0,3.7055466803120076,2.058689565012221,72710.0,97180
race_score>=0.50_odds_50_1000_ev>=1.2_top5,793,3965,396500,363550,-32950,0.9168978562421185,5,0.0012610340479192938,0.006305170239596469,0.6056784390921904,0.5001748065414573,819.7689281210594,843.0,3.7055466803120076,2.058689565012221,72710.0,97180
race_score>=0.50_odds_50_1000_ev>=1.5_top5,793,3965,396500,363550,-32950,0.9168978562421185,5,0.0012610340479192938,0.006305170239596469,0.6056784390921904,0.5001748065414573,819.7689281210594,843.0,3.7055466803120076,2.058689565012221,72710.0,97180
race_score>=0.50_odds_50_1000_ev>=2.0_top5,793,3965,396500,363550,-32950,0.9168978562421185,5,0.0012610340479192938,0.006305170239596469,0.6056784390921904,0.5001748065414573,819.7689281210594,843.0,3.7055466803120076,2.058689565012221,72710.0,97180
race_score>=0.50_odds_100_1000_top5_by_value_score,793,3965,396500,363550,-32950,0.9168978562421185,5,0.0012610340479192938,0.006305170239596469,0.6056784390921904,0.5001748065414573,819.7689281210594,843.0,3.7055466803120076,2.058689565012221,72710.0,97180
race_score>=0.50_odds_100_1000_top5_by_expected_roi,793,3965,396500,363550,-32950,0.9168978562421185,5,0.0012610340479192938,0.006305170239596469,0.6056784390921904,0.5001748065414573,819.7689281210594,843.0,3.7055466803120076,2.058689565012221,72710.0,97180
race_score>=0.50_odds_100_1000_ev>=0.8_top5,793,3965,396500,363550,-32950,0.9168978562421185,5,0.0012610340479192938,0.006305170239596469,0.6056784390921904,0.5001748065414573,819.7689281210594,843.0,3.7055466803120076,2.058689565012221,72710.0,97180
race_score>=0.50_odds_100_1000_ev>=1.0_top5,793,3965,396500,363550,-32950,0.9168978562421185,5,0.0012610340479192938,0.006305170239596469,0.6056784390921904,0.5001748065414573,819.7689281210594,843.0,3.7055466803120076,2.058689565012221,72710.0,97180
race_score>=0.50_odds_100_1000_ev>=1.2_top5,793,3965,396500,363550,-32950,0.9168978562421185,5,0.0012610340479192938,0.006305170239596469,0.6056784390921904,0.5001748065414573,819.7689281210594,843.0,3.7055466803120076,2.058689565012221,72710.0,97180
race_score>=0.50_odds_100_1000_ev>=1.5_top5,793,3965,396500,363550,-32950,0.9168978562421185,5,0.0012610340479192938,0.006305170239596469,0.6056784390921904,0.5001748065414573,819.7689281210594,843.0,3.7055466803120076,2.058689565012221,72710.0,97180
race_score>=0.50_odds_100_1000_ev>=2.0_top5,793,3965,396500,363550,-32950,0.9168978562421185,5,0.0012610340479192938,0.006305170239596469,0.6056784390921904,0.5001748065414573,819.7689281210594,843.0,3.7055466803120076,2.058689565012221,72710.0,97180
race_score>=0.00_odds_100_1000_ev>=1.0_top1,13305,13305,1330500,1214640,-115860,0.9129199549041713,16,0.0012025554302893648,0.0012025554302893648,0.2944499608049837,0.0065552327649241,774.8325216084178,818.6,7.020041386931733,2.146218811705356,75915.0,98110
race_score>=0.00_odds_100_1000_ev>=1.2_top1,13305,13305,1330500,1214640,-115860,0.9129199549041713,16,0.0012025554302893648,0.0012025554302893648,0.2944499608049837,0.0065552327649241,774.8325216084178,818.6,7.020041386931733,2.146218811705356,75915.0,98110
race_score>=0.00_odds_100_1000_ev>=1.5_top1,13305,13305,1330500,1214640,-115860,0.9129199549041713,16,0.0012025554302893648,0.0012025554302893648,0.2944499608049837,0.0065552327649241,774.8325216084178,818.6,7.020041386931733,2.146218811705356,75915.0,98110
race_score>=0.00_odds_100_1000_ev>=2.0_top1,13305,13305,1330500,1214640,-115860,0.9129199549041713,16,0.0012025554302893648,0.0012025554302893648,0.2944499608049837,0.0065552327649241,774.8325216084178,818.6,7.020041386931733,2.146218811705356,75915.0,98110
race_score>=0.00_odds_100_1000_top1_by_value_score,13306,13306,1330600,1214640,-115960,0.9128513452577784,16,0.0012024650533593868,0.0012024650533593868,0.2944362017866162,0.0065552327649241,774.7818502931009,818.55,7.019579515834274,0.8743845641377307,75915.0,98110
race_score>=0.00_odds_100_1000_top1_by_expected_roi,13306,13306,1330600,1214640,-115960,0.9128513452577784,16,0.0012024650533593868,0.0012024650533593868,0.2944362017866162,0.0065552327649241,774.7818502931009,818.55,7.019579515834274,0.8743845641377307,75915.0,98110
race_score>=0.00_odds_100_1000_ev>=0.8_top1,13306,13306,1330600,1214640,-115960,0.9128513452577784,16,0.0012024650533593868,0.0012024650533593868,0.2944362017866162,0.0065552327649241,774.7818502931009,818.55,7.019579515834274,0.8743845641377307,75915.0,98110
race_score>=0.60_odds_30_500_top3_by_ticket_score,390,1170,117000,106480,-10520,0.9100854700854701,12,0.010256410256410256,0.03076923076923077,0.6653700840469999,0.600386893407325,161.09982905982906,125.15,0.9311014996443883,0.1166192209293641,8873.333333333334,28750
race_score>=0.60_odds_50_1000_ev>=0.8,390,45320,4532000,4116360,-415640,0.9082877316857899,78,0.0017210944395410414,0.2,0.6663166620605011,0.600386893407325,604.5975441306267,605.6,1.5404238879745848,0.8000194955929384,52773.846153846156,95390
race_score>=0.60_odds_100_1000_ev>=0.8,390,45299,4529900,4106480,-423420,0.9065277379191594,77,0.0016998167729971965,0.19743589743589743,0.6663356654502742,0.600386893407325,604.83695666571,605.9,1.5407060817528022,0.8000194955929384,53330.90909090909,95390
race_score>=0.65_odds_30_500_top2_by_value_score,241,482,48200,43200,-5000,0.8962655601659751,1,0.002074688796680498,0.004149377593360996,0.6911747324963766,0.6503128804449101,441.5960580912863,453.0,2.040207906041065,1.2037884391796205,43200.0,43200
race_score>=0.65_odds_30_500_top2_by_expected_roi,241,482,48200,43200,-5000,0.8962655601659751,1,0.002074688796680498,0.004149377593360996,0.6911747324963766,0.6503128804449101,441.5960580912863,453.0,2.040207906041065,1.2037884391796205,43200.0,43200
race_score>=0.65_odds_30_500_ev>=0.8_top2,241,482,48200,43200,-5000,0.8962655601659751,1,0.002074688796680498,0.004149377593360996,0.6911747324963766,0.6503128804449101,441.5960580912863,453.0,2.040207906041065,1.2037884391796205,43200.0,43200
race_score>=0.65_odds_30_500_ev>=1.0_top2,241,482,48200,43200,-5000,0.8962655601659751,1,0.002074688796680498,0.004149377593360996,0.6911747324963766,0.6503128804449101,441.5960580912863,453.0,2.040207906041065,1.2037884391796205,43200.0,43200
race_score>=0.65_odds_30_500_ev>=1.2_top2,241,482,48200,43200,-5000,0.8962655601659751,1,0.002074688796680498,0.004149377593360996,0.6911747324963766,0.6503128804449101,441.5960580912863,453.0,2.040207906041065,1.2037884391796205,43200.0,43200
race_score>=0.65_odds_50_500_top2_by_value_score,241,482,48200,43200,-5000,0.8962655601659751,1,0.002074688796680498,0.004149377593360996,0.6911747324963766,0.6503128804449101,441.5960580912863,453.0,2.040207906041065,1.2037884391796205,43200.0,43200
race_score>=0.65_odds_50_500_top2_by_expected_roi,241,482,48200,43200,-5000,0.8962655601659751,1,0.002074688796680498,0.004149377593360996,0.6911747324963766,0.6503128804449101,441.5960580912863,453.0,2.040207906041065,1.2037884391796205,43200.0,43200
race_score>=0.65_odds_50_500_ev>=0.8_top2,241,482,48200,43200,-5000,0.8962655601659751,1,0.002074688796680498,0.004149377593360996,0.6911747324963766,0.6503128804449101,441.5960580912863,453.0,2.040207906041065,1.2037884391796205,43200.0,43200
race_score>=0.65_odds_50_500_ev>=1.0_top2,241,482,48200,43200,-5000,0.8962655601659751,1,0.002074688796680498,0.004149377593360996,0.6911747324963766,0.6503128804449101,441.5960580912863,453.0,2.040207906041065,1.2037884391796205,43200.0,43200
race_score>=0.65_odds_50_500_ev>=1.2_top2,241,482,48200,43200,-5000,0.8962655601659751,1,0.002074688796680498,0.004149377593360996,0.6911747324963766,0.6503128804449101,441.5960580912863,453.0,2.040207906041065,1.2037884391796205,43200.0,43200
race_score>=0.50_odds_30plus_top2_by_ticket_score,793,1586,158600,141890,-16710,0.894640605296343,19,0.01197982345523329,0.02395964691046658,0.6056784390921905,0.5001748065414573,181.12288776796976,106.1,1.1996867453975943,0.1166192209293641,7467.894736842105,28750
race_score>=0.55_odds_30_500_top3_by_ticket_score,575,1725,172500,154220,-18280,0.8940289855072464,17,0.009855072463768115,0.029565217391304348,0.636014344715647,0.5502825174254746,151.58446376811594,113.7,0.9457416394093503,0.1166192209293641,9071.764705882353,28750
race_score>=0.70_odds_30_500_top30_by_ticket_score,80,2400,240000,213620,-26380,0.8900833333333333,16,0.006666666666666667,0.2,0.7278454278400386,0.70091851553384,196.1449166666667,166.0,0.796396046510784,0.08489575269770328,13351.25,45010
race_score>=0.60_odds_50_1000_top30_by_value_score,390,11700,1170000,1038460,-131540,0.8875726495726496,15,0.001282051282051282,0.038461538461538464,0.6653700840469999,0.600386893407325,744.9509829059829,769.1500000000001,2.452794088311541,1.2952292679653425,69230.66666666667,95390
race_score>=0.60_odds_50_1000_top30_by_expected_roi,390,11700,1170000,1038460,-131540,0.8875726495726496,15,0.001282051282051282,0.038461538461538464,0.6653700840469999,0.600386893407325,744.9509829059829,769.1500000000001,2.452794088311541,1.2952292679653425,69230.66666666667,95390
race_score>=0.60_odds_100_1000_top30_by_value_score,390,11700,1170000,1038460,-131540,0.8875726495726496,15,0.001282051282051282,0.038461538461538464,0.6653700840469999,0.600386893407325,744.9509829059829,769.1500000000001,2.452794088311541,1.2952292679653425,69230.66666666667,95390
race_score>=0.60_odds_100_1000_top30_by_expected_roi,390,11700,1170000,1038460,-131540,0.8875726495726496,15,0.001282051282051282,0.038461538461538464,0.6653700840469999,0.600386893407325,744.9509829059829,769.1500000000001,2.452794088311541,1.2952292679653425,69230.66666666667,95390
race_score>=0.55_odds_50_500_top3_by_ticket_score,575,1725,172500,152540,-19960,0.8842898550724637,13,0.007536231884057971,0.022608695652173914,0.636014344715647,0.5502825174254746,170.56799999999998,134.5,1.0694797370144695,0.1965059847627693,11733.846153846154,28750
race_score>=0.60_odds_30plus_top3_by_ticket_score,390,1170,117000,103380,-13620,0.8835897435897436,11,0.009401709401709401,0.028205128205128206,0.6653700840469999,0.600386893407325,220.1371794871795,133.39999999999998,1.2573671013089407,0.1166192209293641,9398.181818181818,28750
race_score>=0.60_odds_30_500_ev>=1.0,390,10060,1006000,887620,-118380,0.8823260437375745,24,0.002385685884691849,0.06153846153846154,0.6621145101713047,0.600386893407325,373.8475347912525,386.9,1.3969822410147803,1.0000922353876682,36984.166666666664,49810
race_score>=0.60_odds_50_500_ev>=1.0,390,10060,1006000,887620,-118380,0.8823260437375745,24,0.002385685884691849,0.06153846153846154,0.6621145101713047,0.600386893407325,373.8475347912525,386.9,1.3969822410147803,1.0000922353876682,36984.166666666664,49810
race_score>=0.55_odds_30_500_ev>=1.2_top5,575,2851,285100,249790,-35310,0.876148719747457,6,0.002104524728165556,0.010434782608695653,0.6356658154412164,0.5502825174254746,417.51936162749917,430.6,2.018960313549591,1.2037884391796205,41631.666666666664,49810
race_score>=0.55_odds_50_500_ev>=1.2_top5,575,2851,285100,249790,-35310,0.876148719747457,6,0.002104524728165556,0.010434782608695653,0.6356658154412164,0.5502825174254746,417.51936162749917,430.6,2.018960313549591,1.2037884391796205,41631.666666666664,49810
race_score>=0.55_odds_30plus_top3_by_ticket_score,575,1725,172500,151120,-21380,0.8760579710144928,16,0.00927536231884058,0.02782608695652174,0.636014344715647,0.5502825174254746,201.2129855072464,122.5,1.2368496411608065,0.1166192209293641,9445.0,28750
race_score>=0.00_odds_100_1000_ev>=3.0_top2,13244,26390,2639000,2295300,-343700,0.8697612732095491,34,0.001288366805608185,0.0025672002416188464,0.29273848793331086,0.0065552327649241,753.801837817355,792.9,6.578488984836534,3.0003977370331256,67508.82352941176,98110
race_score>=0.00_odds_50_1000_ev>=3.0_top2,13244,26392,2639200,2295300,-343900,0.8696953622309791,34,0.001288269172476508,0.0025672002416188464,0.29272296051391666,0.0065552327649241,753.5680395574416,792.9,6.578583197275877,3.0003977370331256,67508.82352941176,98110
race_score>=0.55_odds_30_500_top5_by_value_score,575,2875,287500,249790,-37710,0.8688347826086956,6,0.0020869565217391303,0.010434782608695653,0.636014344715647,0.5502825174254746,417.4423304347826,430.5,2.0117337560689745,1.0743549855673122,41631.666666666664,49810
race_score>=0.55_odds_30_500_top5_by_expected_roi,575,2875,287500,249790,-37710,0.8688347826086956,6,0.0020869565217391303,0.010434782608695653,0.636014344715647,0.5502825174254746,417.4423304347826,430.5,2.0117337560689745,1.0743549855673122,41631.666666666664,49810
race_score>=0.55_odds_30_500_ev>=0.8_top5,575,2875,287500,249790,-37710,0.8688347826086956,6,0.0020869565217391303,0.010434782608695653,0.636014344715647,0.5502825174254746,417.4423304347826,430.5,2.0117337560689745,1.0743549855673122,41631.666666666664,49810
race_score>=0.55_odds_30_500_ev>=1.0_top5,575,2875,287500,249790,-37710,0.8688347826086956,6,0.0020869565217391303,0.010434782608695653,0.636014344715647,0.5502825174254746,417.4423304347826,430.5,2.0117337560689745,1.0743549855673122,41631.666666666664,49810
race_score>=0.55_odds_50_500_top5_by_value_score,575,2875,287500,249790,-37710,0.8688347826086956,6,0.0020869565217391303,0.010434782608695653,0.636014344715647,0.5502825174254746,417.4423304347826,430.5,2.0117337560689745,1.0743549855673122,41631.666666666664,49810
race_score>=0.55_odds_50_500_top5_by_expected_roi,575,2875,287500,249790,-37710,0.8688347826086956,6,0.0020869565217391303,0.010434782608695653,0.636014344715647,0.5502825174254746,417.4423304347826,430.5,2.0117337560689745,1.0743549855673122,41631.666666666664,49810
race_score>=0.55_odds_50_500_ev>=0.8_top5,575,2875,287500,249790,-37710,0.8688347826086956,6,0.0020869565217391303,0.010434782608695653,0.636014344715647,0.5502825174254746,417.4423304347826,430.5,2.0117337560689745,1.0743549855673122,41631.666666666664,49810
race_score>=0.55_odds_50_500_ev>=1.0_top5,575,2875,287500,249790,-37710,0.8688347826086956,6,0.0020869565217391303,0.010434782608695653,0.636014344715647,0.5502825174254746,417.4423304347826,430.5,2.0117337560689745,1.0743549855673122,41631.666666666664,49810
race_score>=0.30_odds_100plus_top2_by_ticket_score,5544,11088,1108800,963120,-145680,0.8686147186147186,55,0.00496031746031746,0.00992063492063492,0.3883389451860162,0.3000060136596823,211.27381854256856,166.14999999999998,2.514066625054706,0.4139511754163647,17511.272727272728,34440
race_score>=0.30_odds_100_1000_top2_by_ticket_score,5544,11088,1108800,963120,-145680,0.8686147186147186,55,0.00496031746031746,0.00992063492063492,0.3883389451860162,0.3000060136596823,207.13409992784992,166.0,2.4823931992332122,0.4139511754163647,17511.272727272728,34440
race_score>=0.00_odds_50_1000_ev>=2.0_top2,13305,26609,2660900,2303260,-357640,0.8655943477770679,35,0.0013153444323349243,0.0026305900037579856,0.2944532624544454,0.0065552327649241,753.344755533842,793.2,6.547490641674939,2.0479657440271417,65807.42857142857,98110
race_score>=0.00_odds_50_1000_top2_by_value_score,13306,26612,2661200,2303260,-357940,0.8654967683751691,35,0.0013151961521118292,0.0026303923042236585,0.29443620178661617,0.0065552327649241,753.2730948444312,793.05,6.546948537608771,1.5759581937148397,65807.42857142857,98110
race_score>=0.00_odds_50_1000_top2_by_expected_roi,13306,26612,2661200,2303260,-357940,0.8654967683751691,35,0.0013151961521118292,0.0026303923042236585,0.29443620178661617,0.0065552327649241,753.2730948444312,793.05,6.546948537608771,1.5759581937148397,65807.42857142857,98110
race_score>=0.00_odds_50_1000_ev>=0.8_top2,13306,26612,2661200,2303260,-357940,0.8654967683751691,35,0.0013151961521118292,0.0026303923042236585,0.29443620178661617,0.0065552327649241,753.2730948444312,793.05,6.546948537608771,1.5759581937148397,65807.42857142857,98110
race_score>=0.00_odds_50_1000_ev>=1.0_top2,13306,26612,2661200,2303260,-357940,0.8654967683751691,35,0.0013151961521118292,0.0026303923042236585,0.29443620178661617,0.0065552327649241,753.2730948444312,793.05,6.546948537608771,1.5759581937148397,65807.42857142857,98110
race_score>=0.00_odds_50_1000_ev>=1.2_top2,13306,26612,2661200,2303260,-357940,0.8654967683751691,35,0.0013151961521118292,0.0026303923042236585,0.29443620178661617,0.0065552327649241,753.2730948444312,793.05,6.546948537608771,1.5759581937148397,65807.42857142857,98110
race_score>=0.00_odds_50_1000_ev>=1.5_top2,13306,26612,2661200,2303260,-357940,0.8654967683751691,35,0.0013151961521118292,0.0026303923042236585,0.29443620178661617,0.0065552327649241,753.2730948444312,793.05,6.546948537608771,1.5759581937148397,65807.42857142857,98110
race_score>=0.00_odds_100_1000_ev>=2.0_top2,13305,26609,2660900,2295300,-365600,0.8626028787252433,34,0.0012777631628396408,0.0025554302893649006,0.2944532624544454,0.0065552327649241,753.5571460783946,793.2,6.547098414670391,2.0479657440271417,67508.82352941176,98110
race_score>=0.00_odds_100_1000_ev>=1.0_top2,13305,26610,2661000,2295300,-365700,0.8625704622322435,34,0.0012777151446824503,0.0025554302893649006,0.2944499608049837,0.0065552327649241,753.5359000375797,793.2,6.546918882100387,1.769736726857827,67508.82352941176,98110
race_score>=0.00_odds_100_1000_ev>=1.2_top2,13305,26610,2661000,2295300,-365700,0.8625704622322435,34,0.0012777151446824503,0.0025554302893649006,0.2944499608049837,0.0065552327649241,753.5359000375797,793.2,6.546918882100387,1.769736726857827,67508.82352941176,98110
race_score>=0.00_odds_100_1000_ev>=1.5_top2,13305,26610,2661000,2295300,-365700,0.8625704622322435,34,0.0012777151446824503,0.0025554302893649006,0.2944499608049837,0.0065552327649241,753.5359000375797,793.2,6.546918882100387,1.769736726857827,67508.82352941176,98110
race_score>=0.00_odds_100_1000_ev>=0.8_top2,13306,26611,2661100,2295300,-365800,0.8625380481755665,34,0.001277667130134155,0.002555238238388697,0.2944430810372787,0.0065552327649241,753.5113637217692,793.2,6.546705717081487,0.8743845641377307,67508.82352941176,98110
race_score>=0.00_odds_100_1000_top2_by_value_score,13306,26612,2661200,2295300,-365900,0.8625056365549376,34,0.0012776191191943484,0.002555238238388697,0.29443620178661617,0.0065552327649241,753.4873628438299,793.1500000000001,6.54648763005673,0.7429738142352899,67508.82352941176,98110
race_score>=0.00_odds_100_1000_top2_by_expected_roi,13306,26612,2661200,2295300,-365900,0.8625056365549376,34,0.0012776191191943484,0.002555238238388697,0.29443620178661617,0.0065552327649241,753.4873628438299,793.1500000000001,6.54648763005673,0.7429738142352899,67508.82352941176,98110
race_score>=0.50_odds_all_top3_by_ticket_score,793,2379,237900,204960,-32940,0.8615384615384616,49,0.020596889449348465,0.0617906683480454,0.6056784390921904,0.5001748065414573,166.37936107608238,90.9,1.0643240468002462,0.025885272490838943,4182.857142857143,28750
race_score>=0.30_odds_30_500_top2_by_ticket_score,5544,11088,1108800,955170,-153630,0.8614448051948052,127,0.011453823953823954,0.022907647907647908,0.3883389451860162,0.3000060136596823,110.09161255411254,78.5,1.42424347524845,0.1166192209293641,7521.023622047244,34440
race_score>=0.30_odds_all_ev>=3.0_top2,5540,11078,1107800,951700,-156100,0.8590900884636216,2,0.00018053800324968405,0.00036101083032490973,0.38832784034919426,0.3000060136596823,3961.7201751218627,3141.85,12.220781501148004,3.1437656078847573,475850.0,778840
race_score>=0.30_odds_30plus_ev>=3.0_top2,5540,11078,1107800,951700,-156100,0.8590900884636216,2,0.00018053800324968405,0.00036101083032490973,0.38832784034919426,0.3000060136596823,3961.7201751218627,3141.85,12.220781501148004,3.1437656078847573,475850.0,778840
race_score>=0.30_odds_50plus_ev>=3.0_top2,5540,11078,1107800,951700,-156100,0.8590900884636216,2,0.00018053800324968405,0.00036101083032490973,0.38832784034919426,0.3000060136596823,3961.7201751218627,3141.85,12.220781501148004,3.1437656078847573,475850.0,778840
race_score>=0.30_odds_100plus_ev>=3.0_top2,5540,11078,1107800,951700,-156100,0.8590900884636216,2,0.00018053800324968405,0.00036101083032490973,0.38832784034919426,0.3000060136596823,3961.7201751218627,3141.85,12.220781501148004,3.1437656078847573,475850.0,778840
race_score>=0.30_odds_all_top2_by_value_score,5544,11088,1108800,951700,-157100,0.8583152958152959,2,0.00018037518037518038,0.00036075036075036075,0.3883389451860162,0.3000060136596823,3958.6925054112553,3139.65,12.212282329917105,2.380527452613255,475850.0,778840
race_score>=0.30_odds_all_top2_by_expected_roi,5544,11088,1108800,951700,-157100,0.8583152958152959,2,0.00018037518037518038,0.00036075036075036075,0.3883389451860162,0.3000060136596823,3958.6925054112553,3139.65,12.212282329917105,2.380527452613255,475850.0,778840
race_score>=0.30_odds_all_ev>=0.8_top2,5544,11088,1108800,951700,-157100,0.8583152958152959,2,0.00018037518037518038,0.00036075036075036075,0.3883389451860162,0.3000060136596823,3958.6925054112553,3139.65,12.212282329917105,2.380527452613255,475850.0,778840
race_score>=0.30_odds_all_ev>=1.0_top2,5544,11088,1108800,951700,-157100,0.8583152958152959,2,0.00018037518037518038,0.00036075036075036075,0.3883389451860162,0.3000060136596823,3958.6925054112553,3139.65,12.212282329917105,2.380527452613255,475850.0,778840
race_score>=0.30_odds_all_ev>=1.2_top2,5544,11088,1108800,951700,-157100,0.8583152958152959,2,0.00018037518037518038,0.00036075036075036075,0.3883389451860162,0.3000060136596823,3958.6925054112553,3139.65,12.212282329917105,2.380527452613255,475850.0,778840
race_score>=0.30_odds_all_ev>=1.5_top2,5544,11088,1108800,951700,-157100,0.8583152958152959,2,0.00018037518037518038,0.00036075036075036075,0.3883389451860162,0.3000060136596823,3958.6925054112553,3139.65,12.212282329917105,2.380527452613255,475850.0,778840
race_score>=0.30_odds_all_ev>=2.0_top2,5544,11088,1108800,951700,-157100,0.8583152958152959,2,0.00018037518037518038,0.00036075036075036075,0.3883389451860162,0.3000060136596823,3958.6925054112553,3139.65,12.212282329917105,2.380527452613255,475850.0,778840
race_score>=0.30_odds_30plus_top2_by_value_score,5544,11088,1108800,951700,-157100,0.8583152958152959,2,0.00018037518037518038,0.00036075036075036075,0.3883389451860162,0.3000060136596823,3958.6925054112553,3139.65,12.212282329917105,2.380527452613255,475850.0,778840
race_score>=0.30_odds_30plus_top2_by_expected_roi,5544,11088,1108800,951700,-157100,0.8583152958152959,2,0.00018037518037518038,0.00036075036075036075,0.3883389451860162,0.3000060136596823,3958.6925054112553,3139.65,12.212282329917105,2.380527452613255,475850.0,778840
race_score>=0.30_odds_30plus_ev>=0.8_top2,5544,11088,1108800,951700,-157100,0.8583152958152959,2,0.00018037518037518038,0.00036075036075036075,0.3883389451860162,0.3000060136596823,3958.6925054112553,3139.65,12.212282329917105,2.380527452613255,475850.0,778840
race_score>=0.30_odds_30plus_ev>=1.0_top2,5544,11088,1108800,951700,-157100,0.8583152958152959,2,0.00018037518037518038,0.00036075036075036075,0.3883389451860162,0.3000060136596823,3958.6925054112553,3139.65,12.212282329917105,2.380527452613255,475850.0,778840
race_score>=0.30_odds_30plus_ev>=1.2_top2,5544,11088,1108800,951700,-157100,0.8583152958152959,2,0.00018037518037518038,0.00036075036075036075,0.3883389451860162,0.3000060136596823,3958.6925054112553,3139.65,12.212282329917105,2.380527452613255,475850.0,778840
race_score>=0.30_odds_30plus_ev>=1.5_top2,5544,11088,1108800,951700,-157100,0.8583152958152959,2,0.00018037518037518038,0.00036075036075036075,0.3883389451860162,0.3000060136596823,3958.6925054112553,3139.65,12.212282329917105,2.380527452613255,475850.0,778840
race_score>=0.30_odds_30plus_ev>=2.0_top2,5544,11088,1108800,951700,-157100,0.8583152958152959,2,0.00018037518037518038,0.00036075036075036075,0.3883389451860162,0.3000060136596823,3958.6925054112553,3139.65,12.212282329917105,2.380527452613255,475850.0,778840
race_score>=0.30_odds_50plus_top2_by_value_score,5544,11088,1108800,951700,-157100,0.8583152958152959,2,0.00018037518037518038,0.00036075036075036075,0.3883389451860162,0.3000060136596823,3958.6925054112553,3139.65,12.212282329917105,2.380527452613255,475850.0,778840
race_score>=0.30_odds_50plus_top2_by_expected_roi,5544,11088,1108800,951700,-157100,0.8583152958152959,2,0.00018037518037518038,0.00036075036075036075,0.3883389451860162,0.3000060136596823,3958.6925054112553,3139.65,12.212282329917105,2.380527452613255,475850.0,778840
race_score>=0.30_odds_50plus_ev>=0.8_top2,5544,11088,1108800,951700,-157100,0.8583152958152959,2,0.00018037518037518038,0.00036075036075036075,0.3883389451860162,0.3000060136596823,3958.6925054112553,3139.65,12.212282329917105,2.380527452613255,475850.0,778840
race_score>=0.30_odds_50plus_ev>=1.0_top2,5544,11088,1108800,951700,-157100,0.8583152958152959,2,0.00018037518037518038,0.00036075036075036075,0.3883389451860162,0.3000060136596823,3958.6925054112553,3139.65,12.212282329917105,2.380527452613255,475850.0,778840
race_score>=0.30_odds_50plus_ev>=1.2_top2,5544,11088,1108800,951700,-157100,0.8583152958152959,2,0.00018037518037518038,0.00036075036075036075,0.3883389451860162,0.3000060136596823,3958.6925054112553,3139.65,12.212282329917105,2.380527452613255,475850.0,778840
race_score>=0.30_odds_50plus_ev>=1.5_top2,5544,11088,1108800,951700,-157100,0.8583152958152959,2,0.00018037518037518038,0.00036075036075036075,0.3883389451860162,0.3000060136596823,3958.6925054112553,3139.65,12.212282329917105,2.380527452613255,475850.0,778840
race_score>=0.30_odds_50plus_ev>=2.0_top2,5544,11088,1108800,951700,-157100,0.8583152958152959,2,0.00018037518037518038,0.00036075036075036075,0.3883389451860162,0.3000060136596823,3958.6925054112553,3139.65,12.212282329917105,2.380527452613255,475850.0,778840
race_score>=0.30_odds_100plus_top2_by_value_score,5544,11088,1108800,951700,-157100,0.8583152958152959,2,0.00018037518037518038,0.00036075036075036075,0.3883389451860162,0.3000060136596823,3958.6925054112553,3139.65,12.212282329917105,2.380527452613255,475850.0,778840
race_score>=0.30_odds_100plus_top2_by_expected_roi,5544,11088,1108800,951700,-157100,0.8583152958152959,2,0.00018037518037518038,0.00036075036075036075,0.3883389451860162,0.3000060136596823,3958.6925054112553,3139.65,12.212282329917105,2.380527452613255,475850.0,778840
race_score>=0.30_odds_100plus_ev>=0.8_top2,5544,11088,1108800,951700,-157100,0.8583152958152959,2,0.00018037518037518038,0.00036075036075036075,0.3883389451860162,0.3000060136596823,3958.6925054112553,3139.65,12.212282329917105,2.380527452613255,475850.0,778840
race_score>=0.30_odds_100plus_ev>=1.0_top2,5544,11088,1108800,951700,-157100,0.8583152958152959,2,0.00018037518037518038,0.00036075036075036075,0.3883389451860162,0.3000060136596823,3958.6925054112553,3139.65,12.212282329917105,2.380527452613255,475850.0,778840
race_score>=0.30_odds_100plus_ev>=1.2_top2,5544,11088,1108800,951700,-157100,0.8583152958152959,2,0.00018037518037518038,0.00036075036075036075,0.3883389451860162,0.3000060136596823,3958.6925054112553,3139.65,12.212282329917105,2.380527452613255,475850.0,778840
race_score>=0.30_odds_100plus_ev>=1.5_top2,5544,11088,1108800,951700,-157100,0.8583152958152959,2,0.00018037518037518038,0.00036075036075036075,0.3883389451860162,0.3000060136596823,3958.6925054112553,3139.65,12.212282329917105,2.380527452613255,475850.0,778840
race_score>=0.30_odds_100plus_ev>=2.0_top2,5544,11088,1108800,951700,-157100,0.8583152958152959,2,0.00018037518037518038,0.00036075036075036075,0.3883389451860162,0.3000060136596823,3958.6925054112553,3139.65,12.212282329917105,2.380527452613255,475850.0,778840
race_score>=0.30_odds_30plus_top2_by_ticket_score,5544,11088,1108800,949650,-159150,0.8564664502164502,126,0.011363636363636364,0.022727272727272728,0.3883389451860162,0.3000060136596823,120.76274350649354,79.2,1.5148511354897685,0.1166192209293641,7536.9047619047615,34440
race_score>=0.30_odds_100plus_top1_by_ticket_score,5544,5544,554400,474530,-79870,0.8559343434343434,26,0.00468975468975469,0.00468975468975469,0.3883389451860162,0.3000060136596823,195.47934704184703,157.2,2.4302594644800246,0.44409473974471675,18251.153846153848,34440
race_score>=0.30_odds_100_1000_top1_by_ticket_score,5544,5544,554400,474530,-79870,0.8559343434343434,26,0.00468975468975469,0.00468975468975469,0.3883389451860162,0.3000060136596823,193.17691197691195,157.14999999999998,2.411664356026978,0.44409473974471675,18251.153846153848,34440
race_score>=0.40_odds_30_500_ev>=1.2_top5,1444,7196,719600,615140,-104460,0.8548360200111172,15,0.002084491384102279,0.01038781163434903,0.5310253747019164,0.4000830274338122,405.73507504168975,420.15,2.5024098675409454,1.2037884391796205,41009.333333333336,49890
race_score>=0.40_odds_50_500_ev>=1.2_top5,1444,7196,719600,615140,-104460,0.8548360200111172,15,0.002084491384102279,0.01038781163434903,0.5310253747019164,0.4000830274338122,405.73507504168975,420.15,2.5024098675409454,1.2037884391796205,41009.333333333336,49890
race_score>=0.65_odds_30_500_top30_by_value_score,241,7230,723000,616830,-106170,0.8531535269709544,16,0.0022130013831258644,0.06639004149377593,0.6911747324963764,0.6503128804449101,374.1126279391425,386.2,1.2821071791739032,0.6669710167647603,38551.875,49810
race_score>=0.65_odds_30_500_top30_by_expected_roi,241,7230,723000,616830,-106170,0.8531535269709544,16,0.0022130013831258644,0.06639004149377593,0.6911747324963764,0.6503128804449101,374.1126279391425,386.2,1.2821071791739032,0.6669710167647603,38551.875,49810
race_score>=0.65_odds_50_500_top30_by_value_score,241,7230,723000,616830,-106170,0.8531535269709544,16,0.0022130013831258644,0.06639004149377593,0.6911747324963764,0.6503128804449101,374.1126279391425,386.2,1.2821071791739032,0.6669710167647603,38551.875,49810
race_score>=0.65_odds_50_500_top30_by_expected_roi,241,7230,723000,616830,-106170,0.8531535269709544,16,0.0022130013831258644,0.06639004149377593,0.6911747324963764,0.6503128804449101,374.1126279391425,386.2,1.2821071791739032,0.6669710167647603,38551.875,49810
race_score>=0.40_odds_30_500_top5_by_value_score,1444,7220,722000,615140,-106860,0.851994459833795,15,0.002077562326869806,0.01038781163434903,0.5315119941259788,0.4000830274338122,405.74357340720223,420.1,2.4979252218272934,1.0743549855673122,41009.333333333336,49890
race_score>=0.40_odds_30_500_top5_by_expected_roi,1444,7220,722000,615140,-106860,0.851994459833795,15,0.002077562326869806,0.01038781163434903,0.5315119941259788,0.4000830274338122,405.74357340720223,420.1,2.4979252218272934,1.0743549855673122,41009.333333333336,49890
race_score>=0.40_odds_30_500_ev>=0.8_top5,1444,7220,722000,615140,-106860,0.851994459833795,15,0.002077562326869806,0.01038781163434903,0.5315119941259788,0.4000830274338122,405.74357340720223,420.1,2.4979252218272934,1.0743549855673122,41009.333333333336,49890
race_score>=0.40_odds_30_500_ev>=1.0_top5,1444,7220,722000,615140,-106860,0.851994459833795,15,0.002077562326869806,0.01038781163434903,0.5315119941259788,0.4000830274338122,405.74357340720223,420.1,2.4979252218272934,1.0743549855673122,41009.333333333336,49890
race_score>=0.40_odds_50_500_top5_by_value_score,1444,7220,722000,615140,-106860,0.851994459833795,15,0.002077562326869806,0.01038781163434903,0.5315119941259788,0.4000830274338122,405.74357340720223,420.1,2.4979252218272934,1.0743549855673122,41009.333333333336,49890
race_score>=0.40_odds_50_500_top5_by_expected_roi,1444,7220,722000,615140,-106860,0.851994459833795,15,0.002077562326869806,0.01038781163434903,0.5315119941259788,0.4000830274338122,405.74357340720223,420.1,2.4979252218272934,1.0743549855673122,41009.333333333336,49890
race_score>=0.40_odds_50_500_ev>=0.8_top5,1444,7220,722000,615140,-106860,0.851994459833795,15,0.002077562326869806,0.01038781163434903,0.5315119941259788,0.4000830274338122,405.74357340720223,420.1,2.4979252218272934,1.0743549855673122,41009.333333333336,49890
race_score>=0.40_odds_50_500_ev>=1.0_top5,1444,7220,722000,615140,-106860,0.851994459833795,15,0.002077562326869806,0.01038781163434903,0.5315119941259788,0.4000830274338122,405.74357340720223,420.1,2.4979252218272934,1.0743549855673122,41009.333333333336,49890
race_score>=0.30_odds_50plus_top1_by_ticket_score,5544,5544,554400,471580,-82820,0.8506132756132756,43,0.007756132756132756,0.007756132756132756,0.3883389451860162,0.3000060136596823,135.1121212121212,98.15,1.7532754315061245,0.2351477209984394,10966.976744186046,34440
race_score>=0.30_odds_50_500_top1_by_ticket_score,5544,5544,554400,471580,-82820,0.8506132756132756,43,0.007756132756132756,0.007756132756132756,0.3883389451860162,0.3000060136596823,127.1320707070707,97.7,1.6791719733170285,0.22910032666161087,10966.976744186046,34440
race_score>=0.30_odds_50_1000_top1_by_ticket_score,5544,5544,554400,471580,-82820,0.8506132756132756,43,0.007756132756132756,0.007756132756132756,0.3883389451860162,0.3000060136596823,133.58257575757577,98.1,1.7415763579014665,0.2351477209984394,10966.976744186046,34440
race_score>=0.55_odds_50plus_top2_by_ticket_score,575,1150,115000,97630,-17370,0.8489565217391304,8,0.006956521739130435,0.01391304347826087,0.636014344715647,0.5502825174254746,215.44947826086957,135.05,1.353944831350861,0.1965059847627693,12203.75,28750
race_score>=0.55_odds_50_500_top2_by_ticket_score,575,1150,115000,97630,-17370,0.8489565217391304,8,0.006956521739130435,0.01391304347826087,0.636014344715647,0.5502825174254746,167.09965217391306,130.14999999999998,1.0656643631077583,0.1965059847627693,12203.75,28750
race_score>=0.55_odds_50_1000_top2_by_ticket_score,575,1150,115000,97630,-17370,0.8489565217391304,8,0.006956521739130435,0.01391304347826087,0.636014344715647,0.5502825174254746,200.36817391304348,134.4,1.266733825725818,0.1965059847627693,12203.75,28750
race_score>=0.65_odds_30_500_top20_by_value_score,241,4820,482000,408510,-73490,0.8475311203319502,10,0.002074688796680498,0.04149377593360996,0.6911747324963766,0.6503128804449101,388.08109958506225,400.9,1.424169317240645,0.7808069545892299,40851.0,49810
race_score>=0.65_odds_30_500_top20_by_expected_roi,241,4820,482000,408510,-73490,0.8475311203319502,10,0.002074688796680498,0.04149377593360996,0.6911747324963766,0.6503128804449101,388.08109958506225,400.9,1.424169317240645,0.7808069545892299,40851.0,49810
race_score>=0.65_odds_50_500_top20_by_value_score,241,4820,482000,408510,-73490,0.8475311203319502,10,0.002074688796680498,0.04149377593360996,0.6911747324963766,0.6503128804449101,388.08109958506225,400.9,1.424169317240645,0.7808069545892299,40851.0,49810
race_score>=0.65_odds_50_500_top20_by_expected_roi,241,4820,482000,408510,-73490,0.8475311203319502,10,0.002074688796680498,0.04149377593360996,0.6911747324963766,0.6503128804449101,388.08109958506225,400.9,1.424169317240645,0.7808069545892299,40851.0,49810
race_score>=0.65_odds_30_500_ev>=0.8,241,9750,975000,826170,-148830,0.8473538461538461,23,0.002358974358974359,0.0954356846473029,0.6906425636435602,0.6503128804449101,361.97506666666663,371.8,1.1816742768971729,0.8000194955929384,35920.434782608696,49810
race_score>=0.65_odds_50_500_ev>=0.8,241,9750,975000,826170,-148830,0.8473538461538461,23,0.002358974358974359,0.0954356846473029,0.6906425636435602,0.6503128804449101,361.97506666666663,371.8,1.1816742768971729,0.8000194955929384,35920.434782608696,49810
race_score>=0.50_odds_50_1000_top20_by_value_score,793,15860,1586000,1332430,-253570,0.8401197982345523,20,0.0012610340479192938,0.025220680958385876,0.6056784390921904,0.5001748065414573,749.3409016393442,775.55,2.8753099773079858,1.4611353697997098,66621.5,97180
race_score>=0.50_odds_50_1000_top20_by_expected_roi,793,15860,1586000,1332430,-253570,0.8401197982345523,20,0.0012610340479192938,0.025220680958385876,0.6056784390921904,0.5001748065414573,749.3409016393442,775.55,2.8753099773079858,1.4611353697997098,66621.5,97180
race_score>=0.50_odds_100_1000_top20_by_value_score,793,15860,1586000,1332430,-253570,0.8401197982345523,20,0.0012610340479192938,0.025220680958385876,0.6056784390921904,0.5001748065414573,749.3409016393442,775.55,2.8753099773079858,1.4611353697997098,66621.5,97180
race_score>=0.50_odds_100_1000_top20_by_expected_roi,793,15860,1586000,1332430,-253570,0.8401197982345523,20,0.0012610340479192938,0.025220680958385876,0.6056784390921904,0.5001748065414573,749.3409016393442,775.55,2.8753099773079858,1.4611353697997098,66621.5,97180
race_score>=0.40_odds_30_500_ev>=1.5_top5,1430,6845,684500,571940,-112560,0.8355588020452885,14,0.0020452885317750183,0.009790209790209791,0.5242164108617238,0.4000830274338122,404.9945945945946,419.7,2.559390802988028,1.5002101923452402,40852.857142857145,49890
race_score>=0.40_odds_50_500_ev>=1.5_top5,1430,6845,684500,571940,-112560,0.8355588020452885,14,0.0020452885317750183,0.009790209790209791,0.5242164108617238,0.4000830274338122,404.9945945945946,419.7,2.559390802988028,1.5002101923452402,40852.857142857145,49890
race_score>=0.40_odds_30_500_ev>=3.0_top1,598,598,59800,49890,-9910,0.8342809364548495,1,0.0016722408026755853,0.0016722408026755853,0.4662404042902826,0.4000830274338122,430.7506688963211,445.65,3.912220850731965,3.0034200512790195,49890.0,49890
race_score>=0.40_odds_50_500_ev>=3.0_top1,598,598,59800,49890,-9910,0.8342809364548495,1,0.0016722408026755853,0.0016722408026755853,0.4662404042902826,0.4000830274338122,430.7506688963211,445.65,3.912220850731965,3.0034200512790195,49890.0,49890
race_score>=0.60_odds_30_500_top30_by_value_score,390,11700,1170000,972120,-197880,0.8308717948717949,27,0.002307692307692308,0.06923076923076923,0.6653700840469999,0.600386893407325,370.02466666666663,382.45,1.3222511348819683,0.6669710167647603,36004.444444444445,49810
race_score>=0.60_odds_30_500_top30_by_expected_roi,390,11700,1170000,972120,-197880,0.8308717948717949,27,0.002307692307692308,0.06923076923076923,0.6653700840469999,0.600386893407325,370.02466666666663,382.45,1.3222511348819683,0.6669710167647603,36004.444444444445,49810
race_score>=0.60_odds_50_500_top30_by_value_score,390,11700,1170000,972120,-197880,0.8308717948717949,27,0.002307692307692308,0.06923076923076923,0.6653700840469999,0.600386893407325,370.02466666666663,382.45,1.3222511348819683,0.6669710167647603,36004.444444444445,49810
race_score>=0.60_odds_50_500_top30_by_expected_roi,390,11700,1170000,972120,-197880,0.8308717948717949,27,0.002307692307692308,0.06923076923076923,0.6653700840469999,0.600386893407325,370.02466666666663,382.45,1.3222511348819683,0.6669710167647603,36004.444444444445,49810
race_score>=0.30_odds_50_500_top3_by_ticket_score,5544,16632,1663200,1375480,-287720,0.827008177008177,122,0.007335257335257335,0.022005772005772004,0.38833894518601614,0.3000060136596823,138.80503246753247,107.2,1.7344306785459966,0.1965059847627693,11274.426229508197,85380
race_score>=0.45_odds_50_500_top3_by_ticket_score,1047,3141,314100,259660,-54440,0.8266794014645018,18,0.0057306590257879654,0.017191977077363897,0.5736019947536628,0.4500906629413549,159.00967844635466,122.5,1.1605358106264205,0.1965059847627693,14425.555555555555,85380
race_score>=0.30_odds_50_500_ev>=1.2_top5,5544,27695,2769500,2287820,-481680,0.8260769091893844,66,0.0023831016428958298,0.011904761904761904,0.38808870031963133,0.3000060136596823,389.9310958656797,405.0,3.3105610682944477,1.2037884391796205,34663.93939393939,49890
race_score>=0.30_odds_30_500_ev>=1.2_top5,5544,27696,2769600,2287820,-481780,0.8260470826112074,66,0.002383015597920277,0.011904761904761904,0.38808844451624025,0.3000060136596823,389.91804953783935,405.0,3.310522049551484,1.2037884391796205,34663.93939393939,49890
race_score>=0.30_odds_30_500_top5_by_value_score,5544,27720,2772000,2287820,-484180,0.8253318903318904,66,0.002380952380952381,0.011904761904761904,0.3883389451860162,0.3000060136596823,389.9339574314575,405.0,3.3086543066070098,1.0743549855673122,34663.93939393939,49890
race_score>=0.30_odds_30_500_top5_by_expected_roi,5544,27720,2772000,2287820,-484180,0.8253318903318904,66,0.002380952380952381,0.011904761904761904,0.3883389451860162,0.3000060136596823,389.9339574314575,405.0,3.3086543066070098,1.0743549855673122,34663.93939393939,49890
race_score>=0.30_odds_30_500_ev>=0.8_top5,5544,27720,2772000,2287820,-484180,0.8253318903318904,66,0.002380952380952381,0.011904761904761904,0.3883389451860162,0.3000060136596823,389.9339574314575,405.0,3.3086543066070098,1.0743549855673122,34663.93939393939,49890
race_score>=0.30_odds_30_500_ev>=1.0_top5,5544,27720,2772000,2287820,-484180,0.8253318903318904,66,0.002380952380952381,0.011904761904761904,0.3883389451860162,0.3000060136596823,389.9339574314575,405.0,3.3086543066070098,1.0743549855673122,34663.93939393939,49890
race_score>=0.30_odds_50_500_top5_by_value_score,5544,27720,2772000,2287820,-484180,0.8253318903318904,66,0.002380952380952381,0.011904761904761904,0.3883389451860162,0.3000060136596823,389.9405339105339,405.0,3.3086169602438,1.0743549855673122,34663.93939393939,49890
race_score>=0.30_odds_50_500_top5_by_expected_roi,5544,27720,2772000,2287820,-484180,0.8253318903318904,66,0.002380952380952381,0.011904761904761904,0.3883389451860162,0.3000060136596823,389.9405339105339,405.0,3.3086169602438,1.0743549855673122,34663.93939393939,49890
race_score>=0.30_odds_50_500_ev>=0.8_top5,5544,27720,2772000,2287820,-484180,0.8253318903318904,66,0.002380952380952381,0.011904761904761904,0.3883389451860162,0.3000060136596823,389.9405339105339,405.0,3.3086169602438,1.0743549855673122,34663.93939393939,49890
race_score>=0.30_odds_50_500_ev>=1.0_top5,5544,27720,2772000,2287820,-484180,0.8253318903318904,66,0.002380952380952381,0.011904761904761904,0.3883389451860162,0.3000060136596823,389.9405339105339,405.0,3.3086169602438,1.0743549855673122,34663.93939393939,49890
race_score>=0.30_odds_30_500_ev>=3.0_top2,4418,8309,830900,684580,-146320,0.8239017932362499,18,0.0021663256709592007,0.004074241738343142,0.35213861417725,0.3000060136596823,409.12681429774943,424.4,4.2296559059100405,3.0006123886333205,38032.22222222222,49890
race_score>=0.30_odds_50_500_ev>=3.0_top2,4418,8309,830900,684580,-146320,0.8239017932362499,18,0.0021663256709592007,0.004074241738343142,0.35213861417725,0.3000060136596823,409.12681429774943,424.4,4.2296559059100405,3.0006123886333205,38032.22222222222,49890
race_score>=0.30_odds_50_500_ev>=1.5_top5,5530,27338,2733800,2244620,-489180,0.8210622576633257,65,0.002377642841466091,0.011754068716094032,0.38455324925417816,0.3000060136596823,389.54020411149315,404.6,3.3356103015221357,1.5002101923452402,34532.61538461538,49890
race_score>=0.30_odds_30_500_ev>=1.5_top5,5530,27339,2733900,2244620,-489280,0.8210322250265188,65,0.0023775558725630053,0.011754068716094032,0.38455311942939846,0.3000060136596823,389.52700171915575,404.6,3.335569857016545,1.5002101923452402,34532.61538461538,49890
race_score>=0.55_odds_30_500_ev>=1.5_top5,561,2533,253300,206590,-46710,0.8155941571259376,5,0.0019739439399921043,0.008912655971479501,0.6301700155679233,0.5502825174254746,417.2207658902487,430.6,2.0980508449706052,1.5002101923452402,41318.0,49810
race_score>=0.55_odds_50_500_ev>=1.5_top5,561,2533,253300,206590,-46710,0.8155941571259376,5,0.0019739439399921043,0.008912655971479501,0.6301700155679233,0.5502825174254746,417.2207658902487,430.6,2.0980508449706052,1.5002101923452402,41318.0,49810
race_score>=0.45_odds_all_top2_by_ticket_score,1047,2094,209400,170770,-38630,0.8155205348615091,46,0.021967526265520534,0.04393505253104107,0.5736019947536628,0.4500906629413549,144.79622731614134,75.1,0.9995135408831662,0.031771766769651474,3712.391304347826,28750
race_score>=0.30_odds_all_top5_by_ticket_score,5544,27720,2772000,2259790,-512210,0.8152200577200577,660,0.023809523809523808,0.11904761904761904,0.3883389451860162,0.3000060136596823,105.23553391053392,59.0,1.2205198896330915,0.02029190169418292,3423.9242424242425,53880
race_score>=0.30_odds_30plus_top1_by_ticket_score,5544,5544,554400,451740,-102660,0.8148268398268398,61,0.011002886002886002,0.011002886002886002,0.3883389451860162,0.3000060136596823,111.41201298701297,72.7,1.4420377767152692,0.11705139522641904,7405.573770491803,34440
race_score>=0.30_odds_30_500_top1_by_ticket_score,5544,5544,554400,451740,-102660,0.8148268398268398,61,0.011002886002886002,0.011002886002886002,0.3883389451860162,0.3000060136596823,103.85833333333333,72.5,1.3737190639354229,0.11705139522641904,7405.573770491803,34440
race_score>=0.40_odds_50_1000_top10_by_value_score,1444,14440,1444000,1175110,-268890,0.8137880886426593,16,0.00110803324099723,0.0110803324099723,0.5315119941259788,0.4000830274338122,767.896959833795,797.55,3.7186131670959677,1.6814788914765142,73444.375,97440
race_score>=0.40_odds_50_1000_top10_by_expected_roi,1444,14440,1444000,1175110,-268890,0.8137880886426593,16,0.00110803324099723,0.0110803324099723,0.5315119941259788,0.4000830274338122,767.896959833795,797.55,3.7186131670959677,1.6814788914765142,73444.375,97440
race_score>=0.40_odds_100_1000_top10_by_value_score,1444,14440,1444000,1175110,-268890,0.8137880886426593,16,0.00110803324099723,0.0110803324099723,0.5315119941259788,0.4000830274338122,767.896959833795,797.55,3.7186131670959677,1.6814788914765142,73444.375,97440
race_score>=0.40_odds_100_1000_top10_by_expected_roi,1444,14440,1444000,1175110,-268890,0.8137880886426593,16,0.00110803324099723,0.0110803324099723,0.5315119941259788,0.4000830274338122,767.896959833795,797.55,3.7186131670959677,1.6814788914765142,73444.375,97440
race_score>=0.60_odds_50plus_top2_by_ticket_score,390,780,78000,63340,-14660,0.8120512820512821,5,0.00641025641025641,0.01282051282051282,0.6653700840469999,0.600386893407325,232.7746153846154,146.7,1.3561344753424054,0.1965059847627693,12668.0,28750
race_score>=0.60_odds_50_500_top2_by_ticket_score,390,780,78000,63340,-14660,0.8120512820512821,5,0.00641025641025641,0.01282051282051282,0.6653700840469999,0.600386893407325,174.8860256410256,138.95,1.0315088981428904,0.1965059847627693,12668.0,28750
race_score>=0.60_odds_50_1000_top2_by_ticket_score,390,780,78000,63340,-14660,0.8120512820512821,5,0.00641025641025641,0.01282051282051282,0.6653700840469999,0.600386893407325,214.39346153846157,146.7,1.2547710007349153,0.1965059847627693,12668.0,28750
race_score>=0.30_odds_50plus_top3_by_ticket_score,5544,16632,1663200,1349230,-313970,0.8112253487253487,120,0.007215007215007215,0.021645021645021644,0.38833894518601614,0.3000060136596823,153.6265873015873,108.45,1.86664248764039,0.1965059847627693,11243.583333333334,85380
race_score>=0.30_odds_50_1000_top3_by_ticket_score,5544,16632,1663200,1349230,-313970,0.8112253487253487,120,0.007215007215007215,0.021645021645021644,0.38833894518601614,0.3000060136596823,150.4175024050024,108.3,1.8420294118066647,0.1965059847627693,11243.583333333334,85380
race_score>=0.50_odds_50_1000_ev>=1.0,793,69660,6966000,5635710,-1330290,0.809031007751938,105,0.0015073212747631353,0.13240857503152584,0.6085534389292759,0.5001748065414573,620.5636419753087,628.5,1.7921473264456278,1.0000081156792835,53673.42857142857,99960
race_score>=0.30_odds_50plus_top5_by_ticket_score,5544,27720,2772000,2241040,-530960,0.8084559884559884,186,0.00670995670995671,0.03354978354978355,0.3883389451860162,0.3000060136596823,164.81657647907647,116.3,1.9205234969455167,0.1965059847627693,12048.602150537634,85380
race_score>=0.30_odds_50_1000_top5_by_ticket_score,5544,27720,2772000,2241040,-530960,0.8084559884559884,186,0.00670995670995671,0.03354978354978355,0.3883389451860162,0.3000060136596823,160.71358585858584,116.1,1.8879641961500921,0.1965059847627693,12048.602150537634,85380
race_score>=0.30_odds_30_500_ev>=3.0_top3,4418,11644,1164400,938640,-225760,0.8061147372037101,25,0.0021470285125386466,0.005658669081032141,0.35032701121703025,0.3000060136596823,401.6467365166609,416.0,4.09043301024494,3.0006123886333205,37545.6,49890
race_score>=0.30_odds_50_500_ev>=3.0_top3,4418,11644,1164400,938640,-225760,0.8061147372037101,25,0.0021470285125386466,0.005658669081032141,0.35032701121703025,0.3000060136596823,401.6467365166609,416.0,4.09043301024494,3.0006123886333205,37545.6,49890
race_score>=0.30_odds_50_500_top5_by_ticket_score,5544,27720,2772000,2217590,-554410,0.7999963924963925,187,0.006746031746031746,0.03373015873015873,0.3883389451860162,0.3000060136596823,146.73084415584415,113.8,1.7522354753982234,0.1737814614624854,11858.770053475935,85380
race_score>=0.70_odds_50_500_top20_by_ticket_score,80,1600,160000,127900,-32100,0.799375,7,0.004375,0.0875,0.7278454278400388,0.70091851553384,204.49775000000002,174.75,0.8676441839309669,0.16062897001754137,18271.428571428572,45010
race_score>=0.60_odds_50_1000_ev>=1.5,390,18434,1843400,1472640,-370760,0.7988716502115656,23,0.001247694477595747,0.05897435897435897,0.663909530698144,0.600386893407325,711.5630682434632,733.4,2.1720907289142843,1.5001278868962153,64027.82608695652,95390
race_score>=0.60_odds_100_1000_ev>=1.5,390,18434,1843400,1472640,-370760,0.7988716502115656,23,0.001247694477595747,0.05897435897435897,0.663909530698144,0.600386893407325,711.5630682434632,733.4,2.1720907289142843,1.5001278868962153,64027.82608695652,95390
race_score>=0.30_odds_50_1000_ev>=2.0_top3,5544,16631,1663100,1328550,-334550,0.79883951656545,18,0.0010823161565750707,0.003246753246753247,0.388343167365462,0.3000060136596823,781.7553484456737,812.1,5.626772691776789,2.2008489740303965,73808.33333333333,97440
race_score>=0.30_odds_100_1000_ev>=2.0_top3,5544,16631,1663100,1328550,-334550,0.79883951656545,18,0.0010823161565750707,0.003246753246753247,0.388343167365462,0.3000060136596823,781.7553484456737,812.1,5.626772691776789,2.2008489740303965,73808.33333333333,97440
race_score>=0.30_odds_50_1000_top3_by_value_score,5544,16632,1663200,1328550,-334650,0.7987914862914863,18,0.0010822510822510823,0.003246753246753247,0.38833894518601614,0.3000060136596823,781.7516053391053,812.1,5.62653445639717,1.6644418579630946,73808.33333333333,97440
race_score>=0.30_odds_50_1000_top3_by_expected_roi,5544,16632,1663200,1328550,-334650,0.7987914862914863,18,0.0010822510822510823,0.003246753246753247,0.38833894518601614,0.3000060136596823,781.7516053391053,812.1,5.62653445639717,1.6644418579630946,73808.33333333333,97440
race_score>=0.30_odds_50_1000_ev>=0.8_top3,5544,16632,1663200,1328550,-334650,0.7987914862914863,18,0.0010822510822510823,0.003246753246753247,0.38833894518601614,0.3000060136596823,781.7516053391053,812.1,5.62653445639717,1.6644418579630946,73808.33333333333,97440
race_score>=0.30_odds_50_1000_ev>=1.0_top3,5544,16632,1663200,1328550,-334650,0.7987914862914863,18,0.0010822510822510823,0.003246753246753247,0.38833894518601614,0.3000060136596823,781.7516053391053,812.1,5.62653445639717,1.6644418579630946,73808.33333333333,97440
race_score>=0.30_odds_50_1000_ev>=1.2_top3,5544,16632,1663200,1328550,-334650,0.7987914862914863,18,0.0010822510822510823,0.003246753246753247,0.38833894518601614,0.3000060136596823,781.7516053391053,812.1,5.62653445639717,1.6644418579630946,73808.33333333333,97440
race_score>=0.30_odds_50_1000_ev>=1.5_top3,5544,16632,1663200,1328550,-334650,0.7987914862914863,18,0.0010822510822510823,0.003246753246753247,0.38833894518601614,0.3000060136596823,781.7516053391053,812.1,5.62653445639717,1.6644418579630946,73808.33333333333,97440
race_score>=0.30_odds_100_1000_top3_by_value_score,5544,16632,1663200,1328550,-334650,0.7987914862914863,18,0.0010822510822510823,0.003246753246753247,0.38833894518601614,0.3000060136596823,781.7516053391053,812.1,5.62653445639717,1.6644418579630946,73808.33333333333,97440
race_score>=0.30_odds_100_1000_top3_by_expected_roi,5544,16632,1663200,1328550,-334650,0.7987914862914863,18,0.0010822510822510823,0.003246753246753247,0.38833894518601614,0.3000060136596823,781.7516053391053,812.1,5.62653445639717,1.6644418579630946,73808.33333333333,97440
race_score>=0.30_odds_100_1000_ev>=0.8_top3,5544,16632,1663200,1328550,-334650,0.7987914862914863,18,0.0010822510822510823,0.003246753246753247,0.38833894518601614,0.3000060136596823,781.7516053391053,812.1,5.62653445639717,1.6644418579630946,73808.33333333333,97440
race_score>=0.30_odds_100_1000_ev>=1.0_top3,5544,16632,1663200,1328550,-334650,0.7987914862914863,18,0.0010822510822510823,0.003246753246753247,0.38833894518601614,0.3000060136596823,781.7516053391053,812.1,5.62653445639717,1.6644418579630946,73808.33333333333,97440
race_score>=0.30_odds_100_1000_ev>=1.2_top3,5544,16632,1663200,1328550,-334650,0.7987914862914863,18,0.0010822510822510823,0.003246753246753247,0.38833894518601614,0.3000060136596823,781.7516053391053,812.1,5.62653445639717,1.6644418579630946,73808.33333333333,97440
race_score>=0.30_odds_100_1000_ev>=1.5_top3,5544,16632,1663200,1328550,-334650,0.7987914862914863,18,0.0010822510822510823,0.003246753246753247,0.38833894518601614,0.3000060136596823,781.7516053391053,812.1,5.62653445639717,1.6644418579630946,73808.33333333333,97440
race_score>=0.30_odds_30_500_ev>=1.2_top3,5544,16625,1662500,1327890,-334610,0.7987308270676692,36,0.0021654135338345865,0.006493506493506494,0.3882260050501435,0.3000060136596823,401.97189774436083,417.0,3.5850487653188816,1.2037884391796205,36885.833333333336,49890
race_score>=0.30_odds_50_500_ev>=1.2_top3,5544,16625,1662500,1327890,-334610,0.7987308270676692,36,0.0021654135338345865,0.006493506493506494,0.3882260050501435,0.3000060136596823,401.9796812030075,417.0,3.5850189322009967,1.2037884391796205,36885.833333333336,49890
race_score>=0.30_odds_30_500_top3_by_value_score,5544,16632,1663200,1327890,-335310,0.7983946608946609,36,0.0021645021645021645,0.006493506493506494,0.38833894518601614,0.3000060136596823,401.96823593073594,416.9,3.584033995969522,1.143567390974148,36885.833333333336,49890
race_score>=0.30_odds_30_500_top3_by_expected_roi,5544,16632,1663200,1327890,-335310,0.7983946608946609,36,0.0021645021645021645,0.006493506493506494,0.38833894518601614,0.3000060136596823,401.96823593073594,416.9,3.584033995969522,1.143567390974148,36885.833333333336,49890
race_score>=0.30_odds_30_500_ev>=0.8_top3,5544,16632,1663200,1327890,-335310,0.7983946608946609,36,0.0021645021645021645,0.006493506493506494,0.38833894518601614,0.3000060136596823,401.96823593073594,416.9,3.584033995969522,1.143567390974148,36885.833333333336,49890
race_score>=0.30_odds_30_500_ev>=1.0_top3,5544,16632,1663200,1327890,-335310,0.7983946608946609,36,0.0021645021645021645,0.006493506493506494,0.38833894518601614,0.3000060136596823,401.96823593073594,416.9,3.584033995969522,1.143567390974148,36885.833333333336,49890
race_score>=0.30_odds_50_500_top3_by_value_score,5544,16632,1663200,1327890,-335310,0.7983946608946609,36,0.0021645021645021645,0.006493506493506494,0.38833894518601614,0.3000060136596823,401.9760161135161,416.9,3.5840041754076633,1.143567390974148,36885.833333333336,49890
race_score>=0.30_odds_50_500_top3_by_expected_roi,5544,16632,1663200,1327890,-335310,0.7983946608946609,36,0.0021645021645021645,0.006493506493506494,0.38833894518601614,0.3000060136596823,401.9760161135161,416.9,3.5840041754076633,1.143567390974148,36885.833333333336,49890
race_score>=0.30_odds_50_500_ev>=0.8_top3,5544,16632,1663200,1327890,-335310,0.7983946608946609,36,0.0021645021645021645,0.006493506493506494,0.38833894518601614,0.3000060136596823,401.9760161135161,416.9,3.5840041754076633,1.143567390974148,36885.833333333336,49890
race_score>=0.30_odds_50_500_ev>=1.0_top3,5544,16632,1663200,1327890,-335310,0.7983946608946609,36,0.0021645021645021645,0.006493506493506494,0.38833894518601614,0.3000060136596823,401.9760161135161,416.9,3.5840041754076633,1.143567390974148,36885.833333333336,49890
race_score>=0.50_odds_100_1000_ev>=1.0,793,69592,6959200,5550330,-1408870,0.797552879641338,104,0.0014944246465110932,0.13114754098360656,0.6086224962705101,0.5001748065414573,621.0857641682952,628.9,1.7927823705677104,1.0000081156792835,53368.557692307695,99960
race_score>=0.00_odds_100plus_top1_by_ticket_score,13306,13306,1330600,1056290,-274310,0.7938448820081166,62,0.004659552081767624,0.004659552081767624,0.2944362017866162,0.0065552327649241,185.27542462047197,151.0,2.995599297340181,0.44409473974471675,17036.935483870966,40650
race_score>=0.00_odds_100_1000_top1_by_ticket_score,13306,13306,1330600,1056290,-274310,0.7938448820081166,62,0.004659552081767624,0.004659552081767624,0.2944362017866162,0.0065552327649241,183.6830302119345,151.0,2.9829641570672822,0.44409473974471675,17036.935483870966,40650
race_score>=0.70_odds_50_500_top30_by_ticket_score,80,2400,240000,190490,-49510,0.7937083333333333,10,0.004166666666666667,0.125,0.7278454278400386,0.70091851553384,211.4615,183.0,0.8491082081132367,0.15915337705810598,19049.0,45010
race_score>=0.70_odds_50_1000_top30_by_ticket_score,80,2400,240000,190490,-49510,0.7937083333333333,10,0.004166666666666667,0.125,0.7278454278400386,0.70091851553384,298.053,221.3,1.2240256980456805,0.15915337705810598,19049.0,45010
race_score>=0.00_odds_30_500_top2_by_ticket_score,13306,26612,2661200,2108080,-553120,0.79215391552683,313,0.011761611303171502,0.023523222606343003,0.29443620178661617,0.0065552327649241,97.79036149105667,69.05,1.7231446701303312,0.1166192209293641,6735.079872204473,34440
race_score>=0.45_odds_50_1000_top20_by_value_score,1047,20940,2094000,1656630,-437370,0.7911318051575931,25,0.0011938872970391596,0.02387774594078319,0.5736019947536628,0.4500906629413549,738.5703868194843,764.95,2.9835562058361407,1.4611353697997098,66265.2,97440
race_score>=0.45_odds_50_1000_top20_by_expected_roi,1047,20940,2094000,1656630,-437370,0.7911318051575931,25,0.0011938872970391596,0.02387774594078319,0.5736019947536628,0.4500906629413549,738.5703868194843,764.95,2.9835562058361407,1.4611353697997098,66265.2,97440
race_score>=0.45_odds_100_1000_top20_by_value_score,1047,20940,2094000,1656630,-437370,0.7911318051575931,25,0.0011938872970391596,0.02387774594078319,0.5736019947536628,0.4500906629413549,738.626064947469,764.95,2.9835226930730925,1.428967036267612,66265.2,97440
race_score>=0.45_odds_100_1000_top20_by_expected_roi,1047,20940,2094000,1656630,-437370,0.7911318051575931,25,0.0011938872970391596,0.02387774594078319,0.5736019947536628,0.4500906629413549,738.626064947469,764.95,2.9835226930730925,1.428967036267612,66265.2,97440
race_score>=0.55_odds_100_1000_ev>=1.0,575,51652,5165200,4078770,-1086430,0.7896635173855804,75,0.0014520250909935723,0.13043478260869565,0.6373088498570297,0.5502825174254746,631.6855455742275,641.2,1.755397453356288,1.0000081156792835,54383.6,99130
race_score>=0.55_odds_50_1000_ev>=1.0,575,51671,5167100,4078770,-1088330,0.7893731493487643,75,0.0014514911652571075,0.13043478260869565,0.6372893060415169,0.5502825174254746,631.485777321902,641.1,1.7551538501892665,1.0000081156792835,54383.6,99130
race_score>=0.30_odds_30_500_top3_by_ticket_score,5544,16632,1663200,1311600,-351600,0.7886002886002886,177,0.010642135642135642,0.03192640692640693,0.38833894518601614,0.3000060136596823,114.05410654160653,81.9,1.445014515308377,0.1166192209293641,7410.169491525424,34440
race_score>=0.50_odds_50_1000_ev>=0.8,793,87494,8749400,6878890,-1870510,0.78621276887558,143,0.001634397787276842,0.18032786885245902,0.6097465782160738,0.5001748065414573,585.9267961231627,585.2,1.6096457390548513,0.8000010919328058,48104.12587412587,99960
race_score>=0.50_odds_100_1000_ev>=1.2,793,54955,5495500,4320630,-1174870,0.786212355563643,74,0.0013465562733145301,0.09331651954602774,0.6069994040668909,0.5001748065414573,650.1651205531799,663.7,1.978254047530024,1.2000299084218304,58386.89189189189,99960
race_score>=0.00_odds_30plus_top2_by_ticket_score,13306,26612,2661200,2092150,-569050,0.7861678941830753,311,0.01168645723733654,0.02337291447467308,0.29443620178661617,0.0065552327649241,104.19000450924396,69.3,1.7877319892550212,0.1166192209293641,6727.170418006431,34440
race_score>=0.50_odds_50_1000_ev>=1.2,793,54970,5497000,4320630,-1176370,0.7859978169910861,74,0.0013461888302710569,0.09331651954602774,0.6069767470670832,0.5001748065414573,650.0113862106605,663.6500000000001,1.9780883023725493,1.2000299084218304,58386.89189189189,99960
race_score>=0.50_odds_30_500_top3_by_ticket_score,793,2379,237900,186590,-51310,0.7843211433375368,25,0.010508617065994116,0.031525851197982346,0.6056784390921904,0.5001748065414573,144.54035308953343,104.8,0.9676386783935175,0.1166192209293641,7463.6,28750
race_score>=0.30_odds_50_1000_ev>=3.0_top3,5496,16265,1626500,1274870,-351630,0.783811865969874,17,0.001045189056255764,0.0030931586608442503,0.38336441973937263,0.3000060136596823,781.1257300952966,811.1,5.6911939994119844,3.0001598496152257,74992.35294117648,97440
race_score>=0.30_odds_100_1000_ev>=3.0_top3,5496,16265,1626500,1274870,-351630,0.783811865969874,17,0.001045189056255764,0.0030931586608442503,0.38336441973937263,0.3000060136596823,781.1257300952966,811.1,5.6911939994119844,3.0001598496152257,74992.35294117648,97440
race_score>=0.30_odds_100plus_top3_by_ticket_score,5544,16632,1663200,1303120,-360080,0.7835016835016835,74,0.004449254449254449,0.013347763347763348,0.38833894518601614,0.3000060136596823,221.42662337662338,173.05,2.5526396896924815,0.39198205691989846,17609.72972972973,35450
race_score>=0.30_odds_100_1000_top3_by_ticket_score,5544,16632,1663200,1303120,-360080,0.7835016835016835,74,0.004449254449254449,0.013347763347763348,0.38833894518601614,0.3000060136596823,216.864892977393,172.95,2.5145413414015,0.39198205691989846,17609.72972972973,35450
race_score>=0.50_odds_50_1000_top10_by_ticket_score,793,7930,793000,620950,-172050,0.7830390920554855,38,0.0047919293820933165,0.04791929382093316,0.6056784390921904,0.5001748065414573,228.4654602774275,160.5,1.3893814057013094,0.1737814614624854,16340.78947368421,85380
race_score>=0.55_odds_all_top1_by_ticket_score,575,575,57500,45020,-12480,0.7829565217391304,13,0.022608695652173914,0.022608695652173914,0.636014344715647,0.5502825174254746,162.1488695652174,101.6,1.0242661018919892,0.037724415204582674,3463.076923076923,10170
race_score>=0.65_odds_100_1000_ev>=0.8,241,28363,2836300,2220530,-615770,0.782896731657441,45,0.0015865740577512956,0.18672199170124482,0.6916355296598444,0.6503128804449101,610.4475302330501,611.4,1.5125990322771885,0.8000194955929384,49345.11111111111,91890
race_score>=0.65_odds_50_1000_ev>=0.8,241,28365,2836500,2220530,-615970,0.7828415300546449,45,0.0015864621893178213,0.18672199170124482,0.6916337140810237,0.6503128804449101,610.410812621188,611.4,1.5125587947597736,0.8000194955929384,49345.11111111111,91890
race_score>=0.30_odds_30plus_top3_by_ticket_score,5544,16632,1663200,1301080,-362120,0.7822751322751322,175,0.010521885521885523,0.03156565656565657,0.38833894518601614,0.3000060136596823,126.79810606060606,82.7,1.5569676508451329,0.1166192209293641,7434.742857142857,34440
race_score>=0.60_odds_30_500_ev>=1.2,390,6209,620900,484220,-136680,0.7798679336447093,12,0.0019326783701079078,0.03076923076923077,0.6594232370924102,0.600386893407325,388.16720889032047,401.9,1.585784279147321,1.2000501437755964,40351.666666666664,49810
race_score>=0.60_odds_50_500_ev>=1.2,390,6209,620900,484220,-136680,0.7798679336447093,12,0.0019326783701079078,0.03076923076923077,0.6594232370924102,0.600386893407325,388.16720889032047,401.9,1.585784279147321,1.2000501437755964,40351.666666666664,49810
race_score>=0.45_odds_30_500_ev>=1.2_top5,1047,5211,521100,405700,-115400,0.7785453847630014,10,0.0019190174630589138,0.009551098376313277,0.5731238613127705,0.4500906629413549,410.60938399539435,423.9,2.2593844585477028,1.2037884391796205,40570.0,49810
race_score>=0.45_odds_50_500_ev>=1.2_top5,1047,5211,521100,405700,-115400,0.7785453847630014,10,0.0019190174630589138,0.009551098376313277,0.5731238613127705,0.4500906629413549,410.60938399539435,423.9,2.2593844585477028,1.2037884391796205,40570.0,49810
race_score>=0.30_odds_30_500_ev>=1.5_top3,5530,16509,1650900,1284690,-366210,0.7781755406142105,35,0.0021200557271791143,0.006329113924050633,0.38618637459807587,0.3000060136596823,401.7769761948028,416.7,3.600434802554817,1.5003247251767846,36705.42857142857,49890
race_score>=0.30_odds_50_500_ev>=1.5_top3,5530,16509,1650900,1284690,-366210,0.7781755406142105,35,0.0021200557271791143,0.006329113924050633,0.38618637459807587,0.3000060136596823,401.7848143436913,416.7,3.600404759815412,1.5003247251767846,36705.42857142857,49890
race_score>=0.55_odds_50_1000_ev>=0.8,575,65284,6528400,5072260,-1456140,0.7769530053305558,103,0.0015777219533116844,0.1791304347826087,0.6382185056601444,0.5502825174254746,596.0178359169169,596.8,1.5761637922027485,0.8000136138537731,49245.2427184466,99130
race_score>=0.60_odds_30_500_ev>=0.8,390,16046,1604600,1244730,-359870,0.7757260376417798,36,0.002243549794341269,0.09230769230769231,0.6644329275220235,0.600386893407325,356.78853919980054,367.1,1.209384621980432,0.8000194955929384,34575.833333333336,49810
race_score>=0.60_odds_50_500_ev>=0.8,390,16046,1604600,1244730,-359870,0.7757260376417798,36,0.002243549794341269,0.09230769230769231,0.6644329275220235,0.600386893407325,356.78853919980054,367.1,1.209384621980432,0.8000194955929384,34575.833333333336,49810
race_score>=0.50_odds_100_1000_ev>=0.8,793,87290,8729000,6769370,-1959630,0.775503494100126,139,0.0015923931721846718,0.17528373266078184,0.6099050930907352,0.5001748065414573,587.0965941115821,586.0,1.6111536783173874,0.8000010919328058,48700.503597122304,99960
race_score>=0.30_odds_100_1000_top5_by_ticket_score,5544,27720,2772000,2148900,-623100,0.7752164502164502,119,0.004292929292929293,0.021464646464646464,0.3883389451860162,0.3000060136596823,230.83713564213565,182.9,2.5386800241562653,0.33649912028194334,18057.983193277312,53880
race_score>=0.55_odds_50plus_top3_by_ticket_score,575,1725,172500,133710,-38790,0.7751304347826087,12,0.006956521739130435,0.020869565217391306,0.636014344715647,0.5502825174254746,224.81501449275365,144.7,1.3863712909909482,0.1965059847627693,11142.5,28750
race_score>=0.55_odds_50_1000_top3_by_ticket_score,575,1725,172500,133710,-38790,0.7751304347826087,12,0.006956521739130435,0.020869565217391306,0.636014344715647,0.5502825174254746,210.15895652173913,143.2,1.3008005753228915,0.1965059847627693,11142.5,28750
race_score>=0.45_odds_30_500_top5_by_value_score,1047,5235,523500,405700,-117800,0.7749761222540592,10,0.0019102196752626551,0.009551098376313277,0.5736019947536628,0.4500906629413549,410.59875835721107,423.9,2.2543134877288438,1.0743549855673122,40570.0,49810
race_score>=0.45_odds_30_500_top5_by_expected_roi,1047,5235,523500,405700,-117800,0.7749761222540592,10,0.0019102196752626551,0.009551098376313277,0.5736019947536628,0.4500906629413549,410.59875835721107,423.9,2.2543134877288438,1.0743549855673122,40570.0,49810
race_score>=0.45_odds_30_500_ev>=0.8_top5,1047,5235,523500,405700,-117800,0.7749761222540592,10,0.0019102196752626551,0.009551098376313277,0.5736019947536628,0.4500906629413549,410.59875835721107,423.9,2.2543134877288438,1.0743549855673122,40570.0,49810
race_score>=0.45_odds_30_500_ev>=1.0_top5,1047,5235,523500,405700,-117800,0.7749761222540592,10,0.0019102196752626551,0.009551098376313277,0.5736019947536628,0.4500906629413549,410.59875835721107,423.9,2.2543134877288438,1.0743549855673122,40570.0,49810
race_score>=0.45_odds_50_500_top5_by_value_score,1047,5235,523500,405700,-117800,0.7749761222540592,10,0.0019102196752626551,0.009551098376313277,0.5736019947536628,0.4500906629413549,410.59875835721107,423.9,2.2543134877288438,1.0743549855673122,40570.0,49810
race_score>=0.45_odds_50_500_top5_by_expected_roi,1047,5235,523500,405700,-117800,0.7749761222540592,10,0.0019102196752626551,0.009551098376313277,0.5736019947536628,0.4500906629413549,410.59875835721107,423.9,2.2543134877288438,1.0743549855673122,40570.0,49810
race_score>=0.45_odds_50_500_ev>=0.8_top5,1047,5235,523500,405700,-117800,0.7749761222540592,10,0.0019102196752626551,0.009551098376313277,0.5736019947536628,0.4500906629413549,410.59875835721107,423.9,2.2543134877288438,1.0743549855673122,40570.0,49810
race_score>=0.45_odds_50_500_ev>=1.0_top5,1047,5235,523500,405700,-117800,0.7749761222540592,10,0.0019102196752626551,0.009551098376313277,0.5736019947536628,0.4500906629413549,410.59875835721107,423.9,2.2543134877288438,1.0743549855673122,40570.0,49810
race_score>=0.55_odds_100_1000_ev>=0.8,575,65221,6522100,5054450,-1467650,0.7749727848392389,101,0.0015485809785191886,0.17565217391304347,0.6382656210329688,0.5502825174254746,596.5079008294874,597.1,1.5767840908383883,0.8000136138537731,50044.05940594059,99130
race_score>=0.60_odds_50plus_top3_by_ticket_score,390,1170,117000,90380,-26620,0.7724786324786325,8,0.006837606837606838,0.020512820512820513,0.6653700840469999,0.600386893407325,241.691452991453,154.25,1.3819415636760282,0.1965059847627693,11297.5,28750
race_score>=0.60_odds_50_500_top3_by_ticket_score,390,1170,117000,90380,-26620,0.7724786324786325,8,0.006837606837606838,0.020512820512820513,0.6653700840469999,0.600386893407325,176.89444444444445,142.64999999999998,1.0232501551591224,0.1965059847627693,11297.5,28750
race_score>=0.60_odds_50_1000_top3_by_ticket_score,390,1170,117000,90380,-26620,0.7724786324786325,8,0.006837606837606838,0.020512820512820513,0.6653700840469999,0.600386893407325,225.21786324786328,153.6,1.2921772890696717,0.1965059847627693,11297.5,28750
race_score>=0.30_odds_30plus_top5_by_ticket_score,5544,27720,2772000,2140690,-631310,0.7722546897546898,270,0.00974025974025974,0.048701298701298704,0.3883389451860162,0.3000060136596823,136.66955627705627,88.7,1.617170315225302,0.1166192209293641,7928.481481481482,53880
race_score>=0.45_odds_50_1000_ev>=0.8,1047,112799,11279900,8707680,-2572220,0.771964290463568,193,0.0017110080763127332,0.18433619866284623,0.5792212013381415,0.4500906629413549,574.4997225152706,571.7,1.6564439343791486,0.8000010919328058,45117.51295336788,99960
race_score>=0.50_odds_30plus_top3_by_ticket_score,793,2379,237900,183490,-54410,0.7712904581757041,24,0.01008827238335435,0.03026481715006305,0.6056784390921904,0.5001748065414573,187.27999159310633,110.2,1.2225868060944207,0.1166192209293641,7645.416666666667,28750
race_score>=0.30_odds_30_500_ev>=2.0_top1,5356,5356,535600,412650,-122950,0.7704443614637789,10,0.0018670649738610904,0.0018670649738610904,0.3799430802459857,0.3000060136596823,419.56306945481697,434.9,4.110307226693659,2.004984828012586,41265.0,49890
race_score>=0.30_odds_50_500_ev>=2.0_top1,5356,5356,535600,412650,-122950,0.7704443614637789,10,0.0018670649738610904,0.0018670649738610904,0.3799430802459857,0.3000060136596823,419.56306945481697,434.9,4.110307226693659,2.004984828012586,41265.0,49890
race_score>=0.30_odds_50_1000_top10_by_ticket_score,5544,55440,5544000,4264070,-1279930,0.7691323953823954,348,0.006277056277056277,0.06277056277056277,0.3883389451860162,0.3000060136596823,182.5691792929293,131.1,1.9691581877892324,0.1737814614624854,12253.074712643678,85380
race_score>=0.40_odds_50_1000_ev>=3.0_top5,1402,6283,628300,483100,-145200,0.7689002069075282,6,0.0009549578226961642,0.0042796005706134095,0.5182076286782347,0.4000830274338122,799.8319910870604,827.5,4.395637650707765,3.0001598496152257,80516.66666666667,97440
race_score>=0.40_odds_100_1000_ev>=3.0_top5,1402,6283,628300,483100,-145200,0.7689002069075282,6,0.0009549578226961642,0.0042796005706134095,0.5182076286782347,0.4000830274338122,799.8319910870604,827.5,4.395637650707765,3.0001598496152257,80516.66666666667,97440
race_score>=0.50_odds_50plus_top10_by_ticket_score,793,7930,793000,609350,-183650,0.7684110970996217,37,0.004665825977301388,0.04665825977301387,0.6056784390921904,0.5001748065414573,252.24518284993692,163.2,1.517014509481867,0.1737814614624854,16468.91891891892,85380
race_score>=0.30_odds_50_500_top10_by_ticket_score,5544,55440,5544000,4258710,-1285290,0.7681655844155845,362,0.006529581529581529,0.0652958152958153,0.3883389451860162,0.3000060136596823,160.71269660894663,126.9,1.7586314884125862,0.1737814614624854,11764.39226519337,85380
race_score>=0.45_odds_50plus_top3_by_ticket_score,1047,3141,314100,240830,-73270,0.7667303406558421,17,0.005412289079910856,0.01623686723973257,0.5736019947536628,0.4500906629413549,200.06475644699137,128.0,1.4112585973324243,0.1965059847627693,14166.470588235294,85380
race_score>=0.45_odds_50_1000_top3_by_ticket_score,1047,3141,314100,240830,-73270,0.7667303406558421,17,0.005412289079910856,0.01623686723973257,0.5736019947536628,0.4500906629413549,189.02362304998405,127.3,1.3471634017973395,0.1965059847627693,14166.470588235294,85380
race_score>=0.30_odds_50plus_top10_by_ticket_score,5544,55440,5544000,4246330,-1297670,0.7659325396825397,346,0.006240981240981241,0.06240981240981241,0.3883389451860162,0.3000060136596823,189.2465746753247,131.4,2.0212117801595073,0.1737814614624854,12272.630057803468,85380
race_score>=0.00_odds_30_500_ev>=3.0_top1,11923,11923,1192300,912010,-280290,0.7649165478486958,23,0.0019290447035142163,0.0019290447035142163,0.2746509018461547,0.0065552327649241,399.28579216640105,419.3,5.01472959927567,3.000642698888332,39652.608695652176,49890
race_score>=0.00_odds_50_500_ev>=3.0_top1,11923,11923,1192300,912010,-280290,0.7649165478486958,23,0.0019290447035142163,0.0019290447035142163,0.2746509018461547,0.0065552327649241,399.28579216640105,419.3,5.01472959927567,3.000642698888332,39652.608695652176,49890
race_score>=0.70_odds_50_1000_ev>=1.2,80,5491,549100,419910,-129190,0.7647240939719541,8,0.0014569295210344199,0.1,0.7290974019935165,0.70091851553384,692.8700783099617,708.8,1.8113689530873578,1.2003431713264172,52488.75,89050
race_score>=0.70_odds_100_1000_ev>=1.2,80,5491,549100,419910,-129190,0.7647240939719541,8,0.0014569295210344199,0.1,0.7290974019935165,0.70091851553384,692.8700783099617,708.8,1.8113689530873578,1.2003431713264172,52488.75,89050
race_score>=0.30_odds_100plus_top5_by_ticket_score,5544,27720,2772000,2116820,-655180,0.7636435786435787,117,0.0042207792207792205,0.021103896103896104,0.3883389451860162,0.3000060136596823,237.8939646464646,183.2,2.5953271588148827,0.33649912028194334,18092.478632478633,53880
race_score>=0.00_odds_50_500_top1_by_ticket_score,13306,13306,1330600,1015260,-315340,0.7630091687960319,108,0.00811663911017586,0.00811663911017586,0.2944362017866162,0.0065552327649241,116.59194348414249,89.0,2.086322776792361,0.22910032666161087,9400.555555555555,34440
race_score>=0.30_odds_all_top10_by_ticket_score,5544,55440,5544000,4222680,-1321320,0.7616666666666667,1119,0.020183982683982683,0.20183982683982685,0.3883389451860162,0.3000060136596823,122.75300324675325,71.0,1.348314634853086,0.02029190169418292,3773.619302949062,85380
race_score>=0.45_odds_100_1000_ev>=0.8,1047,112269,11226900,8549170,-2677730,0.7614898146416197,183,0.0016300136279827912,0.17478510028653296,0.5796075833809644,0.4500906629413549,576.8182570433512,573.4,1.6594952490513997,0.8000010919328058,46716.77595628415,99960
race_score>=0.30_odds_all_top3_by_ticket_score,5544,16632,1663200,1266000,-397200,0.7611832611832612,444,0.026695526695526696,0.08008658008658008,0.38833894518601614,0.3000060136596823,96.9247113997114,53.4,1.1522498729712498,0.025885272490838943,2851.3513513513512,34440
race_score>=0.30_odds_30_500_top5_by_ticket_score,5544,27720,2772000,2105640,-666360,0.7596103896103896,270,0.00974025974025974,0.048701298701298704,0.3883389451860162,0.3000060136596823,121.3874963924964,87.4,1.4796861161137396,0.11102342816024847,7798.666666666667,40220
race_score>=0.50_odds_all_top10_by_ticket_score,793,7930,793000,601070,-191930,0.7579697351828499,99,0.012484237074401008,0.12484237074401008,0.6056784390921904,0.5001748065414573,195.81172761664564,110.4,1.1691551063699994,0.02029190169418292,6071.414141414141,85380
race_score>=0.30_odds_all_top2_by_ticket_score,5544,11088,1108800,840380,-268420,0.7579184704184704,316,0.0284992784992785,0.056998556998557,0.3883389451860162,0.3000060136596823,92.71358225108224,50.6,1.120339460249741,0.031316050790495153,2659.4303797468356,28750
race_score>=0.00_odds_30_500_top1_by_ticket_score,13306,13306,1330600,1008400,-322200,0.7578535998797535,155,0.011648880204419058,0.011648880204419058,0.2944362017866162,0.0065552327649241,91.49934615962724,63.6,1.6721258462075452,0.11705139522641904,6505.806451612903,34440
race_score>=0.30_odds_30_500_top10_by_ticket_score,5544,55440,5544000,4199590,-1344410,0.7575018037518038,504,0.00909090909090909,0.09090909090909091,0.3883389451860162,0.3000060136596823,134.23845057720058,98.3,1.5145583878617548,0.10843657943259605,8332.519841269841,85380
race_score>=0.55_odds_50_1000_top20_by_value_score,575,11500,1150000,870670,-279330,0.7571043478260869,12,0.0010434782608695651,0.020869565217391306,0.636014344715647,0.5502825174254746,759.3068521739131,783.7,2.799713000976011,1.4611353697997098,72555.83333333333,95390
race_score>=0.55_odds_50_1000_top20_by_expected_roi,575,11500,1150000,870670,-279330,0.7571043478260869,12,0.0010434782608695651,0.020869565217391306,0.636014344715647,0.5502825174254746,759.3068521739131,783.7,2.799713000976011,1.4611353697997098,72555.83333333333,95390
race_score>=0.55_odds_100_1000_top20_by_value_score,575,11500,1150000,870670,-279330,0.7571043478260869,12,0.0010434782608695651,0.020869565217391306,0.636014344715647,0.5502825174254746,759.3068521739131,783.7,2.799713000976011,1.4611353697997098,72555.83333333333,95390
race_score>=0.55_odds_100_1000_top20_by_expected_roi,575,11500,1150000,870670,-279330,0.7571043478260869,12,0.0010434782608695651,0.020869565217391306,0.636014344715647,0.5502825174254746,759.3068521739131,783.7,2.799713000976011,1.4611353697997098,72555.83333333333,95390
race_score>=0.00_odds_all_top1_by_ticket_score,13306,13306,1330600,1007070,-323530,0.7568540508041485,646,0.04854952652938524,0.04854952652938524,0.2944362017866162,0.0065552327649241,67.76663911017586,35.8,1.1068098015976833,0.031316050790495153,1558.9318885448915,27390
race_score>=0.65_odds_100_1000_ev>=1.0,241,22098,2209800,1670140,-539660,0.7557878541044438,31,0.0014028418861435424,0.12863070539419086,0.6914173211877787,0.6503128804449101,650.2249253326094,661.75,1.6871002907769335,1.0000093118676883,53875.48387096774,91890
race_score>=0.65_odds_50_1000_ev>=1.0,241,22099,2209900,1670140,-539760,0.7557536540114937,31,0.0014027784062627267,0.12863070539419086,0.6914163485703887,0.6503128804449101,650.1993574369881,661.7,1.6870718728647207,1.0000093118676883,53875.48387096774,91890
race_score>=0.55_odds_100_1000_ev>=1.2,575,40344,4034400,3047850,-986550,0.755465496728138,51,0.001264128494943486,0.08869565217391304,0.6363931106775528,0.5502825174254746,661.8744299028356,676.4,1.9401639991604152,1.2000299084218304,59761.76470588235,99130
race_score>=0.55_odds_50_1000_ev>=1.2,575,40346,4034600,3047850,-986750,0.7554280473900759,51,0.0012640658305656076,0.08869565217391304,0.6363897475572549,0.5502825174254746,661.8461582312993,676.4,1.9401327535442867,1.2000299084218304,59761.76470588235,99130
race_score>=0.00_odds_50plus_top1_by_ticket_score,13306,13306,1330600,1004850,-325750,0.7551856305426123,107,0.008041485044340898,0.008041485044340898,0.2944362017866162,0.0065552327649241,121.81619570118744,89.15,2.1430339602514286,0.2351477209984394,9391.121495327103,34440
race_score>=0.00_odds_50_1000_top1_by_ticket_score,13306,13306,1330600,1004850,-325750,0.7551856305426123,107,0.008041485044340898,0.008041485044340898,0.2944362017866162,0.0065552327649241,120.72972343303775,89.1,2.135263643068768,0.2351477209984394,9391.121495327103,34440
race_score>=0.45_odds_50_1000_ev>=1.0,1047,90687,9068700,6836120,-2232580,0.7538147694818441,134,0.0014776098007432156,0.1279847182425979,0.57724607318259,0.4500906629413549,607.4820051385535,613.8,1.8416521657266185,1.0000081156792835,51015.82089552239,99960
race_score>=0.60_odds_30_500_top20_by_value_score,390,7800,780000,587790,-192210,0.753576923076923,15,0.0019230769230769232,0.038461538461538464,0.6653700840469999,0.600386893407325,385.1540897435898,398.95,1.4724787348986017,0.7808069545892299,39186.0,49810
race_score>=0.60_odds_30_500_top20_by_expected_roi,390,7800,780000,587790,-192210,0.753576923076923,15,0.0019230769230769232,0.038461538461538464,0.6653700840469999,0.600386893407325,385.1540897435898,398.95,1.4724787348986017,0.7808069545892299,39186.0,49810
race_score>=0.60_odds_50_500_top20_by_value_score,390,7800,780000,587790,-192210,0.753576923076923,15,0.0019230769230769232,0.038461538461538464,0.6653700840469999,0.600386893407325,385.1540897435898,398.95,1.4724787348986017,0.7808069545892299,39186.0,49810
race_score>=0.60_odds_50_500_top20_by_expected_roi,390,7800,780000,587790,-192210,0.753576923076923,15,0.0019230769230769232,0.038461538461538464,0.6653700840469999,0.600386893407325,385.1540897435898,398.95,1.4724787348986017,0.7808069545892299,39186.0,49810
race_score>=0.00_odds_30_500_top10_by_ticket_score,13306,133060,13306000,10020140,-3285860,0.7530542612355329,1242,0.009334134976702239,0.0933413497670224,0.2944362017866162,0.0065552327649241,127.86880279573124,92.9,1.8551074952054265,0.10843657943259605,8067.7455716586155,85380
race_score>=0.30_odds_30plus_top10_by_ticket_score,5544,55440,5544000,4174490,-1369510,0.7529743867243868,493,0.008892496392496393,0.08892496392496392,0.3883389451860162,0.3000060136596823,156.55203823953823,101.2,1.7164624551778178,0.10843657943259605,8467.525354969574,85380
race_score>=0.30_odds_30_500_ev>=1.2_top2,5544,11086,1108600,834500,-274100,0.7527512177521198,22,0.001984484935955259,0.003968253968253968,0.38829301649896975,0.3000060136596823,410.09200793793974,426.15,3.7736996601915362,1.2037884391796205,37931.818181818184,49890
race_score>=0.30_odds_50_500_ev>=1.2_top2,5544,11086,1108600,834500,-274100,0.7527512177521198,22,0.001984484935955259,0.003968253968253968,0.38829301649896975,0.3000060136596823,410.09200793793974,426.15,3.7736996601915362,1.2037884391796205,37931.818181818184,49890
race_score>=0.30_odds_30_500_top2_by_value_score,5544,11088,1108800,834500,-274300,0.7526154401154401,22,0.001984126984126984,0.003968253968253968,0.3883389451860162,0.3000060136596823,410.1015061327561,426.2,3.773230347979948,1.1683363282594472,37931.818181818184,49890
race_score>=0.30_odds_30_500_top2_by_expected_roi,5544,11088,1108800,834500,-274300,0.7526154401154401,22,0.001984126984126984,0.003968253968253968,0.3883389451860162,0.3000060136596823,410.1015061327561,426.2,3.773230347979948,1.1683363282594472,37931.818181818184,49890
race_score>=0.30_odds_30_500_ev>=0.8_top2,5544,11088,1108800,834500,-274300,0.7526154401154401,22,0.001984126984126984,0.003968253968253968,0.3883389451860162,0.3000060136596823,410.1015061327561,426.2,3.773230347979948,1.1683363282594472,37931.818181818184,49890
race_score>=0.30_odds_30_500_ev>=1.0_top2,5544,11088,1108800,834500,-274300,0.7526154401154401,22,0.001984126984126984,0.003968253968253968,0.3883389451860162,0.3000060136596823,410.1015061327561,426.2,3.773230347979948,1.1683363282594472,37931.818181818184,49890
race_score>=0.30_odds_50_500_top2_by_value_score,5544,11088,1108800,834500,-274300,0.7526154401154401,22,0.001984126984126984,0.003968253968253968,0.3883389451860162,0.3000060136596823,410.1015061327561,426.2,3.773230347979948,1.1683363282594472,37931.818181818184,49890
race_score>=0.30_odds_50_500_top2_by_expected_roi,5544,11088,1108800,834500,-274300,0.7526154401154401,22,0.001984126984126984,0.003968253968253968,0.3883389451860162,0.3000060136596823,410.1015061327561,426.2,3.773230347979948,1.1683363282594472,37931.818181818184,49890
race_score>=0.30_odds_50_500_ev>=0.8_top2,5544,11088,1108800,834500,-274300,0.7526154401154401,22,0.001984126984126984,0.003968253968253968,0.3883389451860162,0.3000060136596823,410.1015061327561,426.2,3.773230347979948,1.1683363282594472,37931.818181818184,49890
race_score>=0.30_odds_50_500_ev>=1.0_top2,5544,11088,1108800,834500,-274300,0.7526154401154401,22,0.001984126984126984,0.003968253968253968,0.3883389451860162,0.3000060136596823,410.1015061327561,426.2,3.773230347979948,1.1683363282594472,37931.818181818184,49890
race_score>=0.30_odds_50_500_top2_by_ticket_score,5544,11088,1108800,833920,-274880,0.7520923520923521,78,0.007034632034632035,0.01406926406926407,0.3883389451860162,0.3000060136596823,133.99122474747477,103.1,1.7189919126301056,0.1965059847627693,10691.28205128205,34440
race_score>=0.30_odds_50_500_ev>=2.0_top3,5356,15613,1561300,1171070,-390230,0.7500608467302888,32,0.002049574072887978,0.00597460791635549,0.37414830110396824,0.3000060136596823,400.8889515147633,415.7,3.7047404894360647,2.0009439525030115,36595.9375,49890
race_score>=0.00_odds_30plus_top1_by_ticket_score,13306,13306,1330600,997990,-332610,0.750030061626334,154,0.011573726138584097,0.011573726138584097,0.2944362017866162,0.0065552327649241,96.07621373816325,63.7,1.718284937376531,0.11705139522641904,6480.454545454545,34440
race_score>=0.30_odds_30_500_ev>=2.0_top3,5356,15614,1561400,1171070,-390330,0.7500128090175483,32,0.0020494428077366465,0.00597460791635549,0.37414471275874717,0.3000060136596823,400.8662738567952,415.7,3.704640113503204,2.0009439525030115,36595.9375,49890
race_score>=0.65_odds_50_1000_ev>=1.2,241,16927,1692700,1268720,-423980,0.7495244284279553,22,0.0012996987062090153,0.0912863070539419,0.6912339624048912,0.6503128804449101,683.4362615939032,701.6,1.867588313136027,1.2003431713264172,57669.09090909091,91890
race_score>=0.65_odds_100_1000_ev>=1.2,241,16927,1692700,1268720,-423980,0.7495244284279553,22,0.0012996987062090153,0.0912863070539419,0.6912339624048912,0.6503128804449101,683.4362615939032,701.6,1.867588313136027,1.2003431713264172,57669.09090909091,91890
race_score>=0.40_odds_50_1000_ev>=0.8,1444,152067,15206700,11378120,-3828580,0.74823071409313,282,0.001854445737734025,0.19529085872576177,0.5382406397470586,0.4000830274338122,551.7000243313802,543.9,1.747641412153377,0.8000010919328058,40347.94326241135,99960
race_score>=0.00_odds_all_top2_by_ticket_score,13306,26612,2661200,1988900,-672300,0.7473696076957763,1173,0.04407785961220502,0.08815571922441004,0.29443620178661617,0.0065552327649241,71.10515181121299,36.9,1.1361606852601822,0.031316050790495153,1695.5669224211424,28750
race_score>=0.30_odds_50plus_top2_by_ticket_score,5544,11088,1108800,828400,-280400,0.7471139971139971,77,0.006944444444444444,0.013888888888888888,0.3883389451860162,0.3000060136596823,146.2854437229437,103.9,1.8255566438988853,0.1965059847627693,10758.441558441558,34440
race_score>=0.30_odds_50_1000_top2_by_ticket_score,5544,11088,1108800,828400,-280400,0.7471139971139971,77,0.006944444444444444,0.013888888888888888,0.3883389451860162,0.3000060136596823,143.2088924963925,103.8,1.8034361068415061,0.1965059847627693,10758.441558441558,34440
race_score>=0.00_odds_50_500_top10_by_ticket_score,13306,133060,13306000,9936430,-3369570,0.7467631143844882,874,0.00656846535397565,0.0656846535397565,0.2944362017866162,0.0065552327649241,157.0305501277619,123.3,2.148862888486858,0.07209890501434912,11368.91304347826,85380
race_score>=0.00_odds_100plus_top2_by_ticket_score,13306,26612,2661200,1987190,-674010,0.7467270404328874,123,0.004621975048850143,0.009243950097700286,0.29443620178661617,0.0065552327649241,199.18035096948745,160.5,3.041414676713386,0.4139511754163647,16156.016260162602,40650
race_score>=0.00_odds_100_1000_top2_by_ticket_score,13306,26612,2661200,1987190,-674010,0.7467270404328874,123,0.004621975048850143,0.009243950097700286,0.29443620178661617,0.0065552327649241,196.69360438899744,160.4,3.021481106234384,0.4139511754163647,16156.016260162602,40650
race_score>=0.00_odds_all_top5_by_ticket_score,13306,66530,6653000,4966960,-1686040,0.7465744776792425,2310,0.03472117841575229,0.17360589207876145,0.2944362017866162,0.0065552327649241,82.88991582744626,44.3,1.2758809796645885,0.02029190169418292,2150.1991341991343,53880
race_score>=0.30_odds_30_500_ev>=1.5_top1,5530,5530,553000,412650,-140350,0.7462025316455696,10,0.0018083182640144665,0.0018083182640144665,0.38755650363713856,0.3000060136596823,420.22018083182644,435.7,4.037496102904167,1.5120515160145482,41265.0,49890
race_score>=0.30_odds_50_500_ev>=1.5_top1,5530,5530,553000,412650,-140350,0.7462025316455696,10,0.0018083182640144665,0.0018083182640144665,0.38755650363713856,0.3000060136596823,420.22018083182644,435.7,4.037496102904167,1.5120515160145482,41265.0,49890
race_score>=0.00_odds_all_top20_by_ticket_score,13306,266120,26612000,19843820,-6768180,0.7456718773485645,5567,0.020919134225161583,0.4183826845032316,0.2944362017866162,0.0065552327649241,138.77249473921538,79.8,1.7490036081836742,0.02029190169418292,3564.544638045626,90720
race_score>=0.45_odds_30_500_ev>=1.5_top5,1033,4863,486300,362500,-123800,0.7454246349989718,9,0.001850709438618137,0.008712487899322363,0.5664832246576939,0.4500906629413549,409.87559119884844,423.2,2.3215276148920196,1.5002101923452402,40277.77777777778,49810
race_score>=0.45_odds_50_500_ev>=1.5_top5,1033,4863,486300,362500,-123800,0.7454246349989718,9,0.001850709438618137,0.008712487899322363,0.5664832246576939,0.4500906629413549,409.87559119884844,423.2,2.3215276148920196,1.5002101923452402,40277.77777777778,49810
race_score>=0.00_odds_50_1000_top10_by_ticket_score,13306,133060,13306000,9906740,-3399260,0.7445317901698482,848,0.006373064782804749,0.0637306478280475,0.2944362017866162,0.0065552327649241,175.03558018938824,126.7,2.362070826769084,0.1737814614624854,11682.47641509434,90720
race_score>=0.30_odds_30_500_top1_by_value_score,5544,5544,554400,412650,-141750,0.7443181818181818,10,0.0018037518037518038,0.0018037518037518038,0.3883389451860162,0.3000060136596823,420.3135642135643,435.8,4.030802449917713,1.2422168797488506,41265.0,49890
race_score>=0.30_odds_30_500_top1_by_expected_roi,5544,5544,554400,412650,-141750,0.7443181818181818,10,0.0018037518037518038,0.0018037518037518038,0.3883389451860162,0.3000060136596823,420.3135642135643,435.8,4.030802449917713,1.2422168797488506,41265.0,49890
race_score>=0.30_odds_30_500_ev>=0.8_top1,5544,5544,554400,412650,-141750,0.7443181818181818,10,0.0018037518037518038,0.0018037518037518038,0.3883389451860162,0.3000060136596823,420.3135642135643,435.8,4.030802449917713,1.2422168797488506,41265.0,49890
race_score>=0.30_odds_30_500_ev>=1.0_top1,5544,5544,554400,412650,-141750,0.7443181818181818,10,0.0018037518037518038,0.0018037518037518038,0.3883389451860162,0.3000060136596823,420.3135642135643,435.8,4.030802449917713,1.2422168797488506,41265.0,49890
race_score>=0.30_odds_30_500_ev>=1.2_top1,5544,5544,554400,412650,-141750,0.7443181818181818,10,0.0018037518037518038,0.0018037518037518038,0.3883389451860162,0.3000060136596823,420.3135642135643,435.8,4.030802449917713,1.2422168797488506,41265.0,49890
race_score>=0.30_odds_50_500_top1_by_value_score,5544,5544,554400,412650,-141750,0.7443181818181818,10,0.0018037518037518038,0.0018037518037518038,0.3883389451860162,0.3000060136596823,420.3135642135643,435.8,4.030802449917713,1.2422168797488506,41265.0,49890
race_score>=0.30_odds_50_500_top1_by_expected_roi,5544,5544,554400,412650,-141750,0.7443181818181818,10,0.0018037518037518038,0.0018037518037518038,0.3883389451860162,0.3000060136596823,420.3135642135643,435.8,4.030802449917713,1.2422168797488506,41265.0,49890
race_score>=0.30_odds_50_500_ev>=0.8_top1,5544,5544,554400,412650,-141750,0.7443181818181818,10,0.0018037518037518038,0.0018037518037518038,0.3883389451860162,0.3000060136596823,420.3135642135643,435.8,4.030802449917713,1.2422168797488506,41265.0,49890
race_score>=0.30_odds_50_500_ev>=1.0_top1,5544,5544,554400,412650,-141750,0.7443181818181818,10,0.0018037518037518038,0.0018037518037518038,0.3883389451860162,0.3000060136596823,420.3135642135643,435.8,4.030802449917713,1.2422168797488506,41265.0,49890
race_score>=0.30_odds_50_500_ev>=1.2_top1,5544,5544,554400,412650,-141750,0.7443181818181818,10,0.0018037518037518038,0.0018037518037518038,0.3883389451860162,0.3000060136596823,420.3135642135643,435.8,4.030802449917713,1.2422168797488506,41265.0,49890
race_score>=0.00_odds_all_top3_by_ticket_score,13306,39918,3991800,2969290,-1022510,0.7438473871436445,1598,0.04003206573475625,0.12009619720426876,0.29443620178661617,0.0065552327649241,75.07909213888472,39.2,1.1803822720732815,0.025885272490838943,1858.1289111389237,34440
race_score>=0.45_odds_100_1000_ev>=1.0,1047,90474,9047400,6728320,-2319080,0.7436744258018878,130,0.0014368768928089838,0.12416427889207259,0.5774464476650542,0.4500906629413549,608.7142659769657,614.6,1.8431532286577608,1.0000081156792835,51756.307692307695,99960
race_score>=0.40_odds_50_1000_top5_by_value_score,1444,7220,722000,536780,-185220,0.7434626038781164,7,0.0009695290858725762,0.004847645429362881,0.5315119941259788,0.4000830274338122,801.2420221606649,828.6500000000001,4.179583669648977,2.058689565012221,76682.85714285714,97440
race_score>=0.40_odds_50_1000_top5_by_expected_roi,1444,7220,722000,536780,-185220,0.7434626038781164,7,0.0009695290858725762,0.004847645429362881,0.5315119941259788,0.4000830274338122,801.2420221606649,828.6500000000001,4.179583669648977,2.058689565012221,76682.85714285714,97440
race_score>=0.40_odds_50_1000_ev>=0.8_top5,1444,7220,722000,536780,-185220,0.7434626038781164,7,0.0009695290858725762,0.004847645429362881,0.5315119941259788,0.4000830274338122,801.2420221606649,828.6500000000001,4.179583669648977,2.058689565012221,76682.85714285714,97440
race_score>=0.40_odds_50_1000_ev>=1.0_top5,1444,7220,722000,536780,-185220,0.7434626038781164,7,0.0009695290858725762,0.004847645429362881,0.5315119941259788,0.4000830274338122,801.2420221606649,828.6500000000001,4.179583669648977,2.058689565012221,76682.85714285714,97440
race_score>=0.40_odds_50_1000_ev>=1.2_top5,1444,7220,722000,536780,-185220,0.7434626038781164,7,0.0009695290858725762,0.004847645429362881,0.5315119941259788,0.4000830274338122,801.2420221606649,828.6500000000001,4.179583669648977,2.058689565012221,76682.85714285714,97440
race_score>=0.40_odds_50_1000_ev>=1.5_top5,1444,7220,722000,536780,-185220,0.7434626038781164,7,0.0009695290858725762,0.004847645429362881,0.5315119941259788,0.4000830274338122,801.2420221606649,828.6500000000001,4.179583669648977,2.058689565012221,76682.85714285714,97440
race_score>=0.40_odds_50_1000_ev>=2.0_top5,1444,7220,722000,536780,-185220,0.7434626038781164,7,0.0009695290858725762,0.004847645429362881,0.5315119941259788,0.4000830274338122,801.2420221606649,828.6500000000001,4.179583669648977,2.058689565012221,76682.85714285714,97440
race_score>=0.40_odds_100_1000_top5_by_value_score,1444,7220,722000,536780,-185220,0.7434626038781164,7,0.0009695290858725762,0.004847645429362881,0.5315119941259788,0.4000830274338122,801.2420221606649,828.6500000000001,4.179583669648977,2.058689565012221,76682.85714285714,97440
race_score>=0.40_odds_100_1000_top5_by_expected_roi,1444,7220,722000,536780,-185220,0.7434626038781164,7,0.0009695290858725762,0.004847645429362881,0.5315119941259788,0.4000830274338122,801.2420221606649,828.6500000000001,4.179583669648977,2.058689565012221,76682.85714285714,97440
race_score>=0.40_odds_100_1000_ev>=0.8_top5,1444,7220,722000,536780,-185220,0.7434626038781164,7,0.0009695290858725762,0.004847645429362881,0.5315119941259788,0.4000830274338122,801.2420221606649,828.6500000000001,4.179583669648977,2.058689565012221,76682.85714285714,97440
race_score>=0.40_odds_100_1000_ev>=1.0_top5,1444,7220,722000,536780,-185220,0.7434626038781164,7,0.0009695290858725762,0.004847645429362881,0.5315119941259788,0.4000830274338122,801.2420221606649,828.6500000000001,4.179583669648977,2.058689565012221,76682.85714285714,97440
race_score>=0.40_odds_100_1000_ev>=1.2_top5,1444,7220,722000,536780,-185220,0.7434626038781164,7,0.0009695290858725762,0.004847645429362881,0.5315119941259788,0.4000830274338122,801.2420221606649,828.6500000000001,4.179583669648977,2.058689565012221,76682.85714285714,97440
race_score>=0.40_odds_100_1000_ev>=1.5_top5,1444,7220,722000,536780,-185220,0.7434626038781164,7,0.0009695290858725762,0.004847645429362881,0.5315119941259788,0.4000830274338122,801.2420221606649,828.6500000000001,4.179583669648977,2.058689565012221,76682.85714285714,97440
race_score>=0.40_odds_100_1000_ev>=2.0_top5,1444,7220,722000,536780,-185220,0.7434626038781164,7,0.0009695290858725762,0.004847645429362881,0.5315119941259788,0.4000830274338122,801.2420221606649,828.6500000000001,4.179583669648977,2.058689565012221,76682.85714285714,97440
race_score>=0.00_odds_50plus_top10_by_ticket_score,13306,133060,13306000,9880820,-3425180,0.742583796783406,845,0.0063505185630542615,0.06350518563054261,0.2944362017866162,0.0065552327649241,179.85038929806103,126.9,2.410747351286262,0.1737814614624854,11693.278106508877,90720
race_score>=0.40_odds_50_500_top3_by_ticket_score,1444,4332,433200,321330,-111870,0.7417590027700831,24,0.00554016620498615,0.01662049861495845,0.5315119941259788,0.4000830274338122,153.3104108956602,116.9,1.2839005494871853,0.1965059847627693,13388.75,85380
race_score>=0.40_odds_all_top2_by_ticket_score,1444,2888,288800,214190,-74610,0.7416551246537396,70,0.024238227146814405,0.04847645429362881,0.5315119941259788,0.4000830274338122,126.5424515235457,65.9,0.9801438953453311,0.031771766769651474,3059.8571428571427,28750
race_score>=0.30_odds_50_500_ev>=2.0_top5,5356,25319,2531900,1877430,-654470,0.7415103282120147,56,0.002211777716339508,0.010455563853622106,0.369376426973898,0.3000060136596823,388.6037047276748,403.5,3.4601691227286504,2.000176735711383,33525.53571428572,49890
race_score>=0.30_odds_30_500_ev>=2.0_top5,5356,25320,2532000,1877430,-654570,0.7414810426540285,56,0.0022116903633491313,0.010455563853622106,0.36937440262365506,0.3000060136596823,388.59020537124803,403.5,3.4601168834534137,2.000176735711383,33525.53571428572,49890
race_score>=0.45_odds_100_1000_ev>=1.2,1047,72241,7224100,5355670,-1868430,0.7413615536883488,95,0.0013150427042815022,0.09073543457497613,0.5750147065827566,0.4500906629413549,636.279557315098,648.9,2.0316360413065424,1.2000188284712252,56375.47368421053,99960
race_score>=0.40_odds_100_1000_ev>=0.8,1444,150683,15068300,11164450,-3903850,0.7409229972856924,265,0.0017586589064459827,0.1835180055401662,0.539060291411037,0.4000830274338122,556.0121851834646,547.5,1.7542785763771616,0.8000010919328058,42130.0,99960
race_score>=0.45_odds_50_1000_ev>=1.2,1047,72312,7231200,5355670,-1875530,0.7406336431021131,95,0.001313751521185972,0.09073543457497613,0.5749244157169695,0.4500906629413549,635.7370878968912,648.5,2.031054452741996,1.2000188284712252,56375.47368421053,99960
race_score>=0.00_odds_50_500_ev>=2.0_top1,13107,13107,1310700,969530,-341170,0.7397039749752041,25,0.0019073777370870527,0.0019073777370870527,0.2897655724666415,0.0065552327649241,400.274891279469,420.5,4.795397605720281,2.004984828012586,38781.2,49890
race_score>=0.00_odds_30_500_ev>=2.0_top1,13108,13108,1310800,969530,-341270,0.7396475434848947,25,0.0019072322245956667,0.0019072322245956667,0.2897592275473413,0.0065552327649241,400.242943240769,420.5,4.7952153186627555,2.004984828012586,38781.2,49890
race_score>=0.30_odds_all_top1_by_ticket_score,5544,5544,554400,409710,-144690,0.7390151515151515,172,0.031024531024531024,0.031024531024531024,0.3883389451860162,0.3000060136596823,88.48259379509379,49.5,1.0956814812458628,0.031316050790495153,2382.0348837209303,27390
race_score>=0.60_odds_all_top5_by_ticket_score,390,1950,195000,144100,-50900,0.7389743589743589,25,0.01282051282051282,0.0641025641025641,0.6653700840469999,0.600386893407325,214.55625641025642,127.2,1.17468947341641,0.025885272490838943,5764.0,28750
race_score>=0.00_odds_50_1000_ev>=2.0_top3,13305,39910,3991000,2945310,-1045690,0.737987972939113,44,0.0011024805813079428,0.0033070274332957536,0.29446113199702845,0.0065552327649241,736.4357479328489,773.9,6.204919612878341,2.0479657440271417,66938.86363636363,98110
race_score>=0.00_odds_50_1000_ev>=1.5_top3,13306,39917,3991700,2945310,-1046390,0.7378585565047473,44,0.0011022872460355237,0.0033067788967383136,0.2944407878962782,0.0065552327649241,736.3411604078464,773.8,6.204138147647594,1.5759581937148397,66938.86363636363,98110
race_score>=0.00_odds_50_1000_top3_by_value_score,13306,39918,3991800,2945310,-1046490,0.7378400721479031,44,0.0011022596322461046,0.0033067788967383136,0.29443620178661617,0.0065552327649241,736.3242021143344,773.8,6.2040137124969075,1.2369358025176647,66938.86363636363,98110
race_score>=0.00_odds_50_1000_top3_by_expected_roi,13306,39918,3991800,2945310,-1046490,0.7378400721479031,44,0.0011022596322461046,0.0033067788967383136,0.29443620178661617,0.0065552327649241,736.3242021143344,773.8,6.2040137124969075,1.2369358025176647,66938.86363636363,98110
race_score>=0.00_odds_50_1000_ev>=0.8_top3,13306,39918,3991800,2945310,-1046490,0.7378400721479031,44,0.0011022596322461046,0.0033067788967383136,0.29443620178661617,0.0065552327649241,736.3242021143344,773.8,6.2040137124969075,1.2369358025176647,66938.86363636363,98110
race_score>=0.00_odds_50_1000_ev>=1.0_top3,13306,39918,3991800,2945310,-1046490,0.7378400721479031,44,0.0011022596322461046,0.0033067788967383136,0.29443620178661617,0.0065552327649241,736.3242021143344,773.8,6.2040137124969075,1.2369358025176647,66938.86363636363,98110
race_score>=0.00_odds_50_1000_ev>=1.2_top3,13306,39918,3991800,2945310,-1046490,0.7378400721479031,44,0.0011022596322461046,0.0033067788967383136,0.29443620178661617,0.0065552327649241,736.3242021143344,773.8,6.2040137124969075,1.2369358025176647,66938.86363636363,98110
race_score>=0.30_odds_30_500_ev>=3.0_top5,4418,16498,1649800,1216160,-433640,0.7371560189113832,35,0.0021214692690023035,0.007922136713444997,0.34822271528926807,0.3000060136596823,392.0518911383198,406.3,3.9293804502389915,3.000036379390278,34747.42857142857,49890
race_score>=0.30_odds_50_500_ev>=3.0_top5,4418,16498,1649800,1216160,-433640,0.7371560189113832,35,0.0021214692690023035,0.007922136713444997,0.34822271528926807,0.3000060136596823,392.0518911383198,406.3,3.9293804502389915,3.000036379390278,34747.42857142857,49890
race_score>=0.30_odds_all_top20_by_ticket_score,5544,110880,11088000,8167260,-2920740,0.7365854978354979,1802,0.016251803751803753,0.325036075036075,0.3883389451860162,0.3000060136596823,157.09857683982688,91.4,1.5574499194805898,0.02029190169418292,4532.330743618202,85380
race_score>=0.00_odds_100_1000_ev>=2.0_top3,13305,39908,3990800,2937350,-1053450,0.7360303698506565,43,0.0010774781998596772,0.003231867718902668,0.2944688588802053,0.0065552327649241,736.795517189536,774.0,6.204438082123458,2.0479657440271417,68310.46511627907,98110
race_score>=0.40_odds_50_1000_top20_by_value_score,1444,28880,2888000,2125550,-762450,0.7359937673130194,33,0.0011426592797783935,0.022853185595567867,0.5315119941259788,0.4000830274338122,723.0713538781163,749.2,3.192765262009684,1.4611353697997098,64410.606060606064,97440
race_score>=0.40_odds_50_1000_top20_by_expected_roi,1444,28880,2888000,2125550,-762450,0.7359937673130194,33,0.0011426592797783935,0.022853185595567867,0.5315119941259788,0.4000830274338122,723.0713538781163,749.2,3.192765262009684,1.4611353697997098,64410.606060606064,97440
race_score>=0.40_odds_100_1000_top20_by_value_score,1444,28880,2888000,2125550,-762450,0.7359937673130194,33,0.0011426592797783935,0.022853185595567867,0.5315119941259788,0.4000830274338122,723.2289716066482,749.2,3.1926840741159674,1.16829765820285,64410.606060606064,97440
race_score>=0.40_odds_100_1000_top20_by_expected_roi,1444,28880,2888000,2125550,-762450,0.7359937673130194,33,0.0011426592797783935,0.022853185595567867,0.5315119941259788,0.4000830274338122,723.2289716066482,749.2,3.1926840741159674,1.16829765820285,64410.606060606064,97440
race_score>=0.00_odds_100_1000_ev>=1.5_top3,13305,39914,3991400,2937350,-1054050,0.73591972741394,43,0.0010773162298942727,0.003231867718902668,0.29445216187705175,0.0065552327649241,736.7382321992284,773.95,6.203766865695244,1.500638503001582,68310.46511627907,98110
race_score>=0.00_odds_100_1000_ev>=1.0_top3,13305,39915,3991500,2937350,-1054150,0.7359012902417638,43,0.0010772892396342228,0.003231867718902668,0.2944499608049837,0.0065552327649241,736.7229838406614,773.9,6.203646872290855,1.4142301295061797,68310.46511627907,98110
race_score>=0.00_odds_100_1000_ev>=1.2_top3,13305,39915,3991500,2937350,-1054150,0.7359012902417638,43,0.0010772892396342228,0.003231867718902668,0.2944499608049837,0.0065552327649241,736.7229838406614,773.9,6.203646872290855,1.4142301295061797,68310.46511627907,98110
race_score>=0.00_odds_100_1000_ev>=0.8_top3,13306,39916,3991600,2937350,-1054250,0.7358828539933862,43,0.0010772622507265258,0.003231624830903352,0.2944453742357283,0.0065552327649241,736.7070472993286,773.9,6.203513360358093,0.8743845641377307,68310.46511627907,98110
race_score>=0.00_odds_100_1000_top3_by_value_score,13306,39918,3991800,2937350,-1054450,0.7358459842677488,43,0.0010772082769677838,0.003231624830903352,0.29443620178661617,0.0065552327649241,736.6761761611303,773.9,6.203237694813127,0.6600356825270779,68310.46511627907,98110
race_score>=0.00_odds_100_1000_top3_by_expected_roi,13306,39918,3991800,2937350,-1054450,0.7358459842677488,43,0.0010772082769677838,0.003231624830903352,0.29443620178661617,0.0065552327649241,736.6761761611303,773.9,6.203237694813127,0.6600356825270779,68310.46511627907,98110
race_score>=0.40_odds_50_500_ev>=0.8,1444,67423,6742300,4959780,-1782520,0.7356213754950092,190,0.0028180294558236806,0.13157894736842105,0.5209835433532127,0.4000830274338122,320.8876436824229,328.5,1.4133506747859168,0.8000093837570129,26104.105263157893,85380
race_score>=0.50_odds_50_1000_top30_by_value_score,793,23790,2379000,1749240,-629760,0.7352837326607818,26,0.001092896174863388,0.03278688524590164,0.6056784390921905,0.5001748065414573,721.8032997057587,745.7,2.592039296122019,0.983157670521362,67278.46153846153,97180
race_score>=0.50_odds_50_1000_top30_by_expected_roi,793,23790,2379000,1749240,-629760,0.7352837326607818,26,0.001092896174863388,0.03278688524590164,0.6056784390921905,0.5001748065414573,721.8032997057587,745.7,2.592039296122019,0.983157670521362,67278.46153846153,97180
race_score>=0.50_odds_100_1000_top30_by_value_score,793,23790,2379000,1749240,-629760,0.7352837326607818,26,0.001092896174863388,0.03278688524590164,0.6056784390921905,0.5001748065414573,721.8117780580076,745.7,2.592015833167145,0.8059397932732466,67278.46153846153,97180
race_score>=0.50_odds_100_1000_top30_by_expected_roi,793,23790,2379000,1749240,-629760,0.7352837326607818,26,0.001092896174863388,0.03278688524590164,0.6056784390921905,0.5001748065414573,721.8117780580076,745.7,2.592015833167145,0.8059397932732466,67278.46153846153,97180
race_score>=0.40_odds_30_500_ev>=0.8,1444,67501,6750100,4959780,-1790320,0.7347713367209374,190,0.002814773114472378,0.13157894736842105,0.5208888194426916,0.4000830274338122,320.5661427238115,328.3,1.4128242983414236,0.8000093837570129,26104.105263157893,85380
race_score>=0.50_odds_50_1000_ev>=2.0,793,19826,1982600,1452800,-529800,0.7327751437506305,21,0.0010592151719963684,0.02648171500630517,0.5984039145538957,0.5001748065414573,727.8328760213861,753.7,2.755854054940623,2.0000211103249153,69180.95238095238,97180
race_score>=0.50_odds_100_1000_ev>=2.0,793,19826,1982600,1452800,-529800,0.7327751437506305,21,0.0010592151719963684,0.02648171500630517,0.5984039145538957,0.5001748065414573,727.8328760213861,753.7,2.755854054940623,2.0000211103249153,69180.95238095238,97180
race_score>=0.60_odds_100_1000_top30_by_ticket_score,390,11700,1170000,857250,-312750,0.7326923076923076,33,0.0028205128205128207,0.08461538461538462,0.6653700840469999,0.600386893407325,353.443547008547,285.0,1.589774419029497,0.29938086378304224,25977.272727272728,89380
race_score>=0.00_odds_all_top10_by_ticket_score,13306,133060,13306000,9737640,-3568360,0.7318232376371562,3703,0.027829550578686305,0.2782955057868631,0.2944362017866162,0.0065552327649241,101.49791597775439,56.3,1.4721016461227763,0.02029190169418292,2629.6624358628137,85380
race_score>=0.40_odds_30_500_ev>=1.2_top3,1444,4325,432500,316350,-116150,0.7314450867052024,8,0.0018497109826589595,0.00554016620498615,0.5313095852435965,0.4000830274338122,417.02048554913296,431.5,2.687266433502073,1.2037884391796205,39543.75,49890
race_score>=0.40_odds_50_500_ev>=1.2_top3,1444,4325,432500,316350,-116150,0.7314450867052024,8,0.0018497109826589595,0.00554016620498615,0.5313095852435965,0.4000830274338122,417.02048554913296,431.5,2.687266433502073,1.2037884391796205,39543.75,49890
race_score>=0.00_odds_100_1000_ev>=3.0_top3,13244,39429,3942900,2883670,-1059230,0.7313576301706866,42,0.0010652058129802936,0.003171247357293869,0.2919836987955207,0.0065552327649241,737.0840548834614,773.7,6.246510805883855,3.0001598496152257,68658.80952380953,98110
race_score>=0.00_odds_50_1000_ev>=3.0_top3,13244,39433,3943300,2883670,-1059630,0.7312834428017143,42,0.0010650977607587553,0.003171247357293869,0.29196557790535405,0.0065552327649241,736.7607181802043,773.6,6.2467910783748435,3.0001598496152257,68658.80952380953,98110
race_score>=0.55_odds_all_top5_by_ticket_score,575,2875,287500,210120,-77380,0.7308521739130435,40,0.01391304347826087,0.06956521739130435,0.636014344715647,0.5502825174254746,191.48347826086956,110.3,1.1253581809351614,0.02029190169418292,5253.0,28750
race_score>=0.00_odds_30plus_top10_by_ticket_score,13306,133060,13306000,9721320,-3584680,0.7305967232827296,1215,0.009131218998947843,0.09131218998947843,0.2944362017866162,0.0065552327649241,144.4525191642868,94.7,2.044206671726339,0.10843657943259605,8001.086419753086,85380
race_score>=0.40_odds_30_500_top3_by_value_score,1444,4332,433200,316350,-116850,0.7302631578947368,8,0.0018467220683287165,0.00554016620498615,0.5315119941259788,0.4000830274338122,416.98210987996305,431.5,2.684821103978566,1.143567390974148,39543.75,49890
race_score>=0.40_odds_30_500_top3_by_expected_roi,1444,4332,433200,316350,-116850,0.7302631578947368,8,0.0018467220683287165,0.00554016620498615,0.5315119941259788,0.4000830274338122,416.98210987996305,431.5,2.684821103978566,1.143567390974148,39543.75,49890
race_score>=0.40_odds_30_500_ev>=0.8_top3,1444,4332,433200,316350,-116850,0.7302631578947368,8,0.0018467220683287165,0.00554016620498615,0.5315119941259788,0.4000830274338122,416.98210987996305,431.5,2.684821103978566,1.143567390974148,39543.75,49890
race_score>=0.40_odds_30_500_ev>=1.0_top3,1444,4332,433200,316350,-116850,0.7302631578947368,8,0.0018467220683287165,0.00554016620498615,0.5315119941259788,0.4000830274338122,416.98210987996305,431.5,2.684821103978566,1.143567390974148,39543.75,49890
race_score>=0.40_odds_50_500_top3_by_value_score,1444,4332,433200,316350,-116850,0.7302631578947368,8,0.0018467220683287165,0.00554016620498615,0.5315119941259788,0.4000830274338122,416.98210987996305,431.5,2.684821103978566,1.143567390974148,39543.75,49890
race_score>=0.40_odds_50_500_top3_by_expected_roi,1444,4332,433200,316350,-116850,0.7302631578947368,8,0.0018467220683287165,0.00554016620498615,0.5315119941259788,0.4000830274338122,416.98210987996305,431.5,2.684821103978566,1.143567390974148,39543.75,49890
race_score>=0.40_odds_50_500_ev>=0.8_top3,1444,4332,433200,316350,-116850,0.7302631578947368,8,0.0018467220683287165,0.00554016620498615,0.5315119941259788,0.4000830274338122,416.98210987996305,431.5,2.684821103978566,1.143567390974148,39543.75,49890
race_score>=0.40_odds_50_500_ev>=1.0_top3,1444,4332,433200,316350,-116850,0.7302631578947368,8,0.0018467220683287165,0.00554016620498615,0.5315119941259788,0.4000830274338122,416.98210987996305,431.5,2.684821103978566,1.143567390974148,39543.75,49890
race_score>=0.00_odds_30_500_ev>=1.5_top1,13291,13291,1329100,969530,-359570,0.729463546760966,25,0.0018809720863742381,0.0018809720863742381,0.294024430765159,0.0065552327649241,400.6314573771725,421.0,4.753952029309866,1.5120515160145482,38781.2,49890
race_score>=0.00_odds_50_500_ev>=1.5_top1,13291,13291,1329100,969530,-359570,0.729463546760966,25,0.0018809720863742381,0.0018809720863742381,0.294024430765159,0.0065552327649241,400.64911594311945,421.0,4.753899389120426,1.5120515160145482,38781.2,49890
race_score>=0.40_odds_50_1000_ev>=1.0,1444,124497,12449700,9073970,-3375730,0.7288504943894231,200,0.0016064644127970955,0.13850415512465375,0.53465776856582,0.4000830274338122,581.9483907242744,583.4,1.9360460299156017,1.0000072716232322,45369.85,99960
race_score>=0.00_odds_30_500_top1_by_value_score,13306,13306,1330600,969530,-361070,0.7286412144897039,25,0.0018788516458740417,0.0018788516458740417,0.2944362017866162,0.0065552327649241,400.6663911017586,421.1,4.750158250475743,1.2422168797488506,38781.2,49890
race_score>=0.00_odds_30_500_top1_by_expected_roi,13306,13306,1330600,969530,-361070,0.7286412144897039,25,0.0018788516458740417,0.0018788516458740417,0.2944362017866162,0.0065552327649241,400.6663911017586,421.1,4.750158250475743,1.2422168797488506,38781.2,49890
race_score>=0.00_odds_30_500_ev>=0.8_top1,13306,13306,1330600,969530,-361070,0.7286412144897039,25,0.0018788516458740417,0.0018788516458740417,0.2944362017866162,0.0065552327649241,400.6663911017586,421.1,4.750158250475743,1.2422168797488506,38781.2,49890
race_score>=0.00_odds_30_500_ev>=1.0_top1,13306,13306,1330600,969530,-361070,0.7286412144897039,25,0.0018788516458740417,0.0018788516458740417,0.2944362017866162,0.0065552327649241,400.6663911017586,421.1,4.750158250475743,1.2422168797488506,38781.2,49890
race_score>=0.00_odds_30_500_ev>=1.2_top1,13306,13306,1330600,969530,-361070,0.7286412144897039,25,0.0018788516458740417,0.0018788516458740417,0.2944362017866162,0.0065552327649241,400.6663911017586,421.1,4.750158250475743,1.2422168797488506,38781.2,49890
race_score>=0.00_odds_50_500_top1_by_value_score,13306,13306,1330600,969530,-361070,0.7286412144897039,25,0.0018788516458740417,0.0018788516458740417,0.2944362017866162,0.0065552327649241,400.6840297610101,421.1,4.750105669628168,1.2422168797488506,38781.2,49890
race_score>=0.00_odds_50_500_top1_by_expected_roi,13306,13306,1330600,969530,-361070,0.7286412144897039,25,0.0018788516458740417,0.0018788516458740417,0.2944362017866162,0.0065552327649241,400.6840297610101,421.1,4.750105669628168,1.2422168797488506,38781.2,49890
race_score>=0.00_odds_50_500_ev>=0.8_top1,13306,13306,1330600,969530,-361070,0.7286412144897039,25,0.0018788516458740417,0.0018788516458740417,0.2944362017866162,0.0065552327649241,400.6840297610101,421.1,4.750105669628168,1.2422168797488506,38781.2,49890
race_score>=0.00_odds_50_500_ev>=1.0_top1,13306,13306,1330600,969530,-361070,0.7286412144897039,25,0.0018788516458740417,0.0018788516458740417,0.2944362017866162,0.0065552327649241,400.6840297610101,421.1,4.750105669628168,1.2422168797488506,38781.2,49890
race_score>=0.00_odds_50_500_ev>=1.2_top1,13306,13306,1330600,969530,-361070,0.7286412144897039,25,0.0018788516458740417,0.0018788516458740417,0.2944362017866162,0.0065552327649241,400.6840297610101,421.1,4.750105669628168,1.2422168797488506,38781.2,49890
race_score>=0.30_odds_50_500_top30_by_ticket_score,5544,166292,16629200,12099110,-4530090,0.7275822047963822,925,0.005562504510138792,0.16684704184704185,0.3883448187238646,0.3000060136596823,194.08544367738676,161.9,1.6378949976944988,0.04844267938954398,13080.118918918919,85380
race_score>=0.30_odds_30_500_top30_by_ticket_score,5544,166312,16631200,12093290,-4537910,0.7271447640579153,1245,0.007485930059165905,0.22456709956709955,0.3883399398091657,0.3000060136596823,170.17896002693735,134.9,1.50892266188086,0.0828760693412215,9713.4859437751,85380
race_score>=0.70_odds_100plus_top20_by_ticket_score,80,1600,160000,116330,-43670,0.7270625,5,0.003125,0.0625,0.7278454278400388,0.70091851553384,423.40606249999996,280.15,1.7903635518299787,0.3028163376897318,23266.0,43200
race_score>=0.70_odds_100_1000_top20_by_ticket_score,80,1600,160000,116330,-43670,0.7270625,5,0.003125,0.0625,0.7278454278400388,0.70091851553384,334.3619375,265.79999999999995,1.4093471896751344,0.3028163376897318,23266.0,43200
race_score>=0.00_odds_all_top30_by_ticket_score,13306,399180,39918000,28970870,-10947130,0.7257595570920387,6775,0.016972293201062177,0.5091687960318654,0.2944362017866162,0.0065552327649241,182.36833107871135,103.7,1.9731421592532024,0.01570121106099281,4276.143173431734,274850
race_score>=0.50_odds_all_top1_by_ticket_score,793,793,79300,57440,-21860,0.7243379571248424,18,0.02269861286254729,0.02269861286254729,0.6056784390921904,0.5001748065414573,148.52042875157628,89.0,0.9859748140183104,0.037724415204582674,3191.1111111111113,10170
race_score>=0.00_odds_50_500_top5_by_ticket_score,13306,66530,6653000,4814260,-1838740,0.7236224259732451,446,0.006703742672478581,0.033518713362392906,0.2944362017866162,0.0065552327649241,139.45928002404932,108.0,2.166335469698079,0.1737814614624854,10794.304932735426,85380
race_score>=0.45_odds_50_1000_top10_by_ticket_score,1047,10470,1047000,757500,-289500,0.7234957020057307,47,0.0044890162368672396,0.044890162368672396,0.5736019947536628,0.4500906629413549,219.81534861509076,153.5,1.442754355479515,0.1737814614624854,16117.021276595744,85380
race_score>=0.70_odds_50_1000_top30_by_value_score,80,2400,240000,173460,-66540,0.72275,3,0.00125,0.0375,0.7278454278400386,0.70091851553384,761.798875,781.6500000000001,2.2731485478608406,1.3248553191202137,57820.0,89050
race_score>=0.70_odds_50_1000_top30_by_expected_roi,80,2400,240000,173460,-66540,0.72275,3,0.00125,0.0375,0.7278454278400386,0.70091851553384,761.798875,781.6500000000001,2.2731485478608406,1.3248553191202137,57820.0,89050
race_score>=0.70_odds_100_1000_top30_by_value_score,80,2400,240000,173460,-66540,0.72275,3,0.00125,0.0375,0.7278454278400386,0.70091851553384,761.798875,781.6500000000001,2.2731485478608406,1.3248553191202137,57820.0,89050
race_score>=0.70_odds_100_1000_top30_by_expected_roi,80,2400,240000,173460,-66540,0.72275,3,0.00125,0.0375,0.7278454278400386,0.70091851553384,761.798875,781.6500000000001,2.2731485478608406,1.3248553191202137,57820.0,89050
race_score>=0.30_odds_30plus_top30_by_ticket_score,5544,166320,16632000,12018280,-4613720,0.7225998075998076,1163,0.006992544492544493,0.20977633477633478,0.38833894518601614,0.3000060136596823,238.829626022126,148.9,2.0604729251341434,0.10021473224036068,10333.860705073086,172860
race_score>=0.00_odds_50plus_top5_by_ticket_score,13306,66530,6653000,4807270,-1845730,0.7225717721328724,443,0.006658650232977604,0.03329325116488802,0.2944362017866162,0.0065552327649241,151.97815271306177,109.4,2.309484176412872,0.1965059847627693,10851.625282167042,85380
race_score>=0.00_odds_50_1000_top5_by_ticket_score,13306,66530,6653000,4807270,-1845730,0.7225717721328724,443,0.006658650232977604,0.03329325116488802,0.2944362017866162,0.0065552327649241,149.3969216894634,109.3,2.284298529987778,0.1965059847627693,10851.625282167042,85380
race_score>=0.50_odds_30plus_top10_by_ticket_score,793,7930,793000,572830,-220170,0.7223581336696091,53,0.006683480453972258,0.06683480453972257,0.6056784390921904,0.5001748065414573,220.48954602774276,133.7,1.328536197370966,0.10843657943259605,10808.11320754717,85380
race_score>=0.00_odds_50_500_top3_by_ticket_score,13306,39918,3991800,2881900,-1109900,0.7219550077659201,281,0.0070394308332080765,0.02111829249962423,0.29443620178661617,0.0065552327649241,129.93913773235133,100.3,2.1498653782821022,0.1965059847627693,10255.871886120996,85380
race_score>=0.40_odds_100_1000_ev>=1.0,1444,123919,12391900,8942560,-3449340,0.7216455910715871,193,0.001557468991841445,0.13365650969529086,0.5350752262917977,0.4000830274338122,584.2761505499561,585.1,1.939369767307342,1.0000072716232322,46334.50777202073,99960
race_score>=0.30_odds_all_top30_by_ticket_score,5544,166320,16632000,12001660,-4630340,0.7216005291005291,2283,0.013726551226551226,0.41179653679653677,0.38833894518601614,0.3000060136596823,191.61818121693122,112.8,1.7275243257327053,0.019559481090760205,5256.968900569426,172860
race_score>=0.55_odds_30_500_top5_by_ticket_score,575,2875,287500,207430,-80070,0.7214956521739131,24,0.008347826086956521,0.04173913043478261,0.636014344715647,0.5502825174254746,157.04511304347824,120.8,0.9505492717363788,0.11102342816024847,8642.916666666666,28750
race_score>=0.50_odds_50_1000_top30_by_ticket_score,793,23790,2379000,1714760,-664240,0.7207902480033628,101,0.004245481294661623,0.1273644388398487,0.6056784390921905,0.5001748065414573,282.94243799915927,207.7,1.4755303707716085,0.15915337705810598,16977.821782178216,97180
race_score>=0.50_odds_50_1000_top20_by_ticket_score,793,15860,1586000,1142310,-443690,0.7202459016393442,74,0.004665825977301388,0.09331651954602774,0.6056784390921904,0.5001748065414573,259.66428121059266,188.0,1.4515721909895538,0.16374898247981928,15436.621621621622,85380
race_score>=0.50_odds_50_500_top5_by_ticket_score,793,3965,396500,285490,-111010,0.7200252206809584,20,0.005044136191677175,0.025220680958385876,0.6056784390921904,0.5001748065414573,172.73626733921816,137.0,1.1221976047177693,0.1737814614624854,14274.5,85380
race_score>=0.40_odds_all_top3_by_ticket_score,1444,4332,433200,311190,-122010,0.7183518005540166,94,0.02169898430286242,0.06509695290858726,0.5315119941259788,0.4000830274338122,132.49478301015697,70.8,1.0222003797675838,0.025885272490838943,3310.531914893617,28750
race_score>=0.40_odds_100_1000_ev>=1.2,1444,100946,10094600,7244250,-2850350,0.717636161908347,143,0.0014165989737087155,0.09903047091412742,0.5310182270595226,0.4000830274338122,609.6595268757553,617.0,2.131173328266923,1.2000188284712252,50659.09090909091,99960
race_score>=0.00_odds_50plus_top20_by_ticket_score,13306,266120,26612000,19084620,-7527380,0.7171433939576131,1449,0.005444912069742973,0.10889824139485946,0.2944362017866162,0.0065552327649241,239.51908349616716,159.4,2.6006968881270973,0.13346301953417128,13170.89026915114,274850
race_score>=0.30_odds_30_500_ev>=1.5_top2,5530,11035,1103500,791300,-312200,0.7170820117806977,21,0.0019030357951971002,0.0037974683544303796,0.3869004562020787,0.3000060136596823,409.92943362029905,426.0,3.7847243427425057,1.5003247251767846,37680.95238095238,49890
race_score>=0.30_odds_50_500_ev>=1.5_top2,5530,11035,1103500,791300,-312200,0.7170820117806977,21,0.0019030357951971002,0.0037974683544303796,0.3869004562020787,0.3000060136596823,409.92943362029905,426.0,3.7847243427425057,1.5003247251767846,37680.95238095238,49890
race_score>=0.00_odds_30_500_top3_by_ticket_score,13306,39918,3991800,2858750,-1133050,0.7161556190189889,422,0.010571671927451275,0.03171501578235383,0.29443620178661617,0.0065552327649241,102.92029410291096,73.0,1.7615973755475156,0.1166192209293641,6774.289099526066,34440
race_score>=0.40_odds_50_1000_ev>=1.2,1444,101170,10117000,7244250,-2872750,0.7160472472076702,143,0.0014134624888801027,0.09903047091412742,0.5308124504025861,0.4000830274338122,608.4951072452308,616.2,2.129638529573463,1.2000071515999542,50659.09090909091,99960
race_score>=0.45_odds_50_500_ev>=0.8,1047,45670,4567000,3270070,-1296930,0.7160214582877162,116,0.0025399605868184805,0.11079274116523401,0.5691300919921298,0.4500906629413549,334.1952375738997,343.8,1.3271102075753476,0.8000136138537731,28190.258620689656,85380
race_score>=0.45_odds_30_500_ev>=0.8,1047,45700,4570000,3270070,-1299930,0.7155514223194749,116,0.002538293216630197,0.11079274116523401,0.5690714089353205,0.4500906629413549,334.00367833698033,343.7,1.3268395842103127,0.8000136138537731,28190.258620689656,85380
race_score>=0.30_odds_30_500_top20_by_ticket_score,5544,110880,11088000,7921330,-3166670,0.7144056637806638,886,0.00799062049062049,0.15981240981240982,0.3883389451860162,0.3000060136596823,154.9280817099567,118.4,1.5398472457195431,0.10021473224036068,8940.553047404062,85380
race_score>=0.30_odds_30_500_ev>=2.0_top2,5356,10561,1056100,754260,-301840,0.7141937316541994,20,0.001893760060600322,0.0037341299477221808,0.3769789048230227,0.3000060136596823,409.0775400056813,425.1,3.874457426620121,2.002083788365323,37713.0,49890
race_score>=0.30_odds_50_500_ev>=2.0_top2,5356,10561,1056100,754260,-301840,0.7141937316541994,20,0.001893760060600322,0.0037341299477221808,0.3769789048230227,0.3000060136596823,409.0775400056813,425.1,3.874457426620121,2.002083788365323,37713.0,49890
race_score>=0.00_odds_30plus_top30_by_ticket_score,13306,399180,39918000,28469970,-11448030,0.7132113332331279,2788,0.006984317851595772,0.20952953554787315,0.2944362017866162,0.0065552327649241,254.80785560398817,150.8,2.4580876517029466,0.08874820630777712,10211.610473457677,274850
race_score>=0.00_odds_100_1000_top5_by_ticket_score,13306,66530,6653000,4744500,-1908500,0.7131369307079513,270,0.00405831955508793,0.02029159777543965,0.2944362017866162,0.0065552327649241,223.0897474823388,178.6,3.0400980465094345,0.22105121177414225,17572.222222222223,54800
race_score>=0.40_odds_all_top10_by_value_score,1444,14440,1444000,1029720,-414280,0.7131024930747922,4,0.0002770083102493075,0.002770083102493075,0.5315119941259788,0.4000830274338122,5352.900290858726,5020.55,10.467089942892695,2.116065057719307,257430.0,778840
race_score>=0.40_odds_all_top10_by_expected_roi,1444,14440,1444000,1029720,-414280,0.7131024930747922,4,0.0002770083102493075,0.002770083102493075,0.5315119941259788,0.4000830274338122,5352.900290858726,5020.55,10.467089942892695,2.116065057719307,257430.0,778840
race_score>=0.40_odds_30plus_top10_by_value_score,1444,14440,1444000,1029720,-414280,0.7131024930747922,4,0.0002770083102493075,0.002770083102493075,0.5315119941259788,0.4000830274338122,5352.900290858726,5020.55,10.467089942892695,2.116065057719307,257430.0,778840
race_score>=0.40_odds_30plus_top10_by_expected_roi,1444,14440,1444000,1029720,-414280,0.7131024930747922,4,0.0002770083102493075,0.002770083102493075,0.5315119941259788,0.4000830274338122,5352.900290858726,5020.55,10.467089942892695,2.116065057719307,257430.0,778840
race_score>=0.40_odds_50plus_top10_by_value_score,1444,14440,1444000,1029720,-414280,0.7131024930747922,4,0.0002770083102493075,0.002770083102493075,0.5315119941259788,0.4000830274338122,5352.900290858726,5020.55,10.467089942892695,2.116065057719307,257430.0,778840
race_score>=0.40_odds_50plus_top10_by_expected_roi,1444,14440,1444000,1029720,-414280,0.7131024930747922,4,0.0002770083102493075,0.002770083102493075,0.5315119941259788,0.4000830274338122,5352.900290858726,5020.55,10.467089942892695,2.116065057719307,257430.0,778840
race_score>=0.40_odds_100plus_top10_by_value_score,1444,14440,1444000,1029720,-414280,0.7131024930747922,4,0.0002770083102493075,0.002770083102493075,0.5315119941259788,0.4000830274338122,5352.900290858726,5020.55,10.467089942892695,2.116065057719307,257430.0,778840
race_score>=0.40_odds_100plus_top10_by_expected_roi,1444,14440,1444000,1029720,-414280,0.7131024930747922,4,0.0002770083102493075,0.002770083102493075,0.5315119941259788,0.4000830274338122,5352.900290858726,5020.55,10.467089942892695,2.116065057719307,257430.0,778840
race_score>=0.30_odds_100plus_top20_by_ticket_score,5544,110880,11088000,7906050,-3181950,0.7130275974025974,366,0.003300865800865801,0.06601731601731602,0.3883389451860162,0.3000060136596823,331.2871897546898,237.7,2.7998876308514964,0.3028163376897318,21601.22950819672,172860
race_score>=0.00_odds_50plus_top3_by_ticket_score,13306,39918,3991800,2845240,-1146560,0.7127711809208879,278,0.006964276767373115,0.020892830302119345,0.29443620178661617,0.0065552327649241,139.4820532090786,101.1,2.253887006292614,0.1965059847627693,10234.676258992806,85380
race_score>=0.00_odds_50_1000_top3_by_ticket_score,13306,39918,3991800,2845240,-1146560,0.7127711809208879,278,0.006964276767373115,0.020892830302119345,0.29443620178661617,0.0065552327649241,137.48498672278168,101.1,2.236008846011933,0.1965059847627693,10234.676258992806,85380
race_score>=0.45_odds_50plus_top10_by_ticket_score,1047,10470,1047000,745900,-301100,0.7124164278892072,46,0.004393505253104107,0.04393505253104107,0.5736019947536628,0.4500906629413549,239.37374403056353,155.14999999999998,1.5492827002685146,0.1737814614624854,16215.217391304348,85380
race_score>=0.50_odds_all_top20_by_ticket_score,793,15860,1586000,1129650,-456350,0.7122635561160151,170,0.010718789407313998,0.21437578814627994,0.6056784390921904,0.5001748065414573,239.5921374527112,138.8,1.335610897879179,0.02029190169418292,6645.0,85380
race_score>=0.40_odds_50_500_top30_by_ticket_score,1444,43319,4331900,3082270,-1249630,0.7115284286340866,220,0.005078602922505136,0.1523545706371191,0.5315146619945654,0.4000830274338122,201.85181560054482,171.1,1.2474086531359287,0.08541563200533812,14010.318181818182,85380
race_score>=0.00_odds_30plus_top3_by_ticket_score,13306,39918,3991800,2837820,-1153980,0.7109123703592365,419,0.010496517861616313,0.031489553584848944,0.29443620178661617,0.0065552327649241,110.76797184227668,73.3,1.843424843205834,0.1166192209293641,6772.8400954653935,34440
race_score>=0.50_odds_50_500_ev>=1.0,793,22478,2247800,1597810,-649990,0.7108328143073227,49,0.002179909244594715,0.0617906683480454,0.5986161771075967,0.5001748065414573,357.83298336150904,370.4,1.4708176277245912,1.0000922353876682,32608.367346938776,85380
race_score>=0.50_odds_30_500_ev>=1.0,793,22479,2247900,1597810,-650090,0.7108011922238534,49,0.002179812269229058,0.0617906683480454,0.5986120370438498,0.5001748065414573,357.81924907691626,370.4,1.4707994674504599,1.0000922353876682,32608.367346938776,85380
race_score>=0.00_odds_50_500_ev>=1.2_top5,13306,66499,6649900,4715340,-1934560,0.7090843471330396,142,0.002135370456698597,0.010671877348564557,0.2943108458947407,0.0065552327649241,367.77450788733665,385.1,3.8106373012011527,1.2037884391796205,33206.619718309856,49890
race_score>=0.00_odds_50_500_ev>=1.0_top5,13306,66526,6652600,4715340,-1937260,0.7087965607431681,142,0.0021345038030243816,0.010671877348564557,0.29444677675778763,0.0065552327649241,367.77778913507507,385.1,3.8095576467422623,1.0502264368110314,33206.619718309856,49890
race_score>=0.00_odds_50_500_top5_by_value_score,13306,66530,6653000,4715340,-1937660,0.7087539455884563,142,0.0021343754697129113,0.010671877348564557,0.2944362017866162,0.0065552327649241,367.76435142041186,385.1,3.8093837052748527,0.8743845641377307,33206.619718309856,49890
race_score>=0.00_odds_50_500_top5_by_expected_roi,13306,66530,6653000,4715340,-1937660,0.7087539455884563,142,0.0021343754697129113,0.010671877348564557,0.2944362017866162,0.0065552327649241,367.76435142041186,385.1,3.8093837052748527,0.8743845641377307,33206.619718309856,49890
race_score>=0.00_odds_50_500_ev>=0.8_top5,13306,66530,6653000,4715340,-1937660,0.7087539455884563,142,0.0021343754697129113,0.010671877348564557,0.2944362017866162,0.0065552327649241,367.76435142041186,385.1,3.8093837052748527,0.8743845641377307,33206.619718309856,49890
race_score>=0.00_odds_100plus_top5_by_ticket_score,13306,66530,6653000,4712420,-1940580,0.7083150458439802,268,0.004028257928753946,0.020141289643769728,0.2944362017866162,0.0065552327649241,227.94199308582594,178.8,3.0867974529978213,0.33649912028194334,17583.65671641791,54800
race_score>=0.00_odds_30_500_ev>=1.2_top5,13306,66503,6650300,4707610,-1942690,0.707879343789002,141,0.002120205103529164,0.010596723282729596,0.2943041131185641,0.0065552327649241,367.66469031472263,385.1,3.8107588029729706,1.2037884391796205,33387.304964539006,49890
race_score>=0.65_odds_50_500_top30_by_ticket_score,241,7230,723000,511780,-211220,0.7078561549100968,32,0.004426002766251729,0.13278008298755187,0.6911747324963764,0.6503128804449101,210.68500691562932,182.95,0.9242802896591923,0.1487841677873367,15993.125,45010
race_score>=0.00_odds_30_500_top30_by_ticket_score,13306,398796,39879600,28225460,-11654140,0.7077668783036941,3006,0.007537688442211055,0.2259131218998948,0.2945912489281132,0.0065552327649241,171.09674996740188,134.6,1.7330946804481018,0.005017779836480071,9389.707252162341,85380
race_score>=0.00_odds_30_500_top5_by_value_score,13306,66530,6653000,4707610,-1945390,0.7075920637306479,141,0.002119344656545919,0.010596723282729596,0.2944362017866162,0.0065552327649241,367.6654922591312,385.1,3.8096781697381785,1.0502264368110314,33387.304964539006,49890
race_score>=0.00_odds_30_500_top5_by_expected_roi,13306,66530,6653000,4707610,-1945390,0.7075920637306479,141,0.002119344656545919,0.010596723282729596,0.2944362017866162,0.0065552327649241,367.6654922591312,385.1,3.8096781697381785,1.0502264368110314,33387.304964539006,49890
race_score>=0.00_odds_30_500_ev>=0.8_top5,13306,66530,6653000,4707610,-1945390,0.7075920637306479,141,0.002119344656545919,0.010596723282729596,0.2944362017866162,0.0065552327649241,367.6654922591312,385.1,3.8096781697381785,1.0502264368110314,33387.304964539006,49890
race_score>=0.00_odds_30_500_ev>=1.0_top5,13306,66530,6653000,4707610,-1945390,0.7075920637306479,141,0.002119344656545919,0.010596723282729596,0.2944362017866162,0.0065552327649241,367.6654922591312,385.1,3.8096781697381785,1.0502264368110314,33387.304964539006,49890
race_score>=0.00_odds_30plus_top20_by_ticket_score,13306,266120,26612000,18823400,-7788600,0.7073275214189088,2068,0.007770930407335037,0.15541860814670075,0.2944362017866162,0.0065552327649241,193.7569528784007,123.4,2.2591082922178813,0.10021473224036068,9102.224371373308,172340
race_score>=0.55_odds_30_500_ev>=1.0,575,15638,1563800,1105610,-458190,0.707002174191073,33,0.002110244276761734,0.057391304347826085,0.6305912226257959,0.5502825174254746,365.59368205652896,377.4,1.4344195252663254,1.0000922353876682,33503.333333333336,49810
race_score>=0.55_odds_50_500_ev>=1.0,575,15638,1563800,1105610,-458190,0.707002174191073,33,0.002110244276761734,0.057391304347826085,0.6305912226257959,0.5502825174254746,365.59368205652896,377.4,1.4344195252663254,1.0000922353876682,33503.333333333336,49810
race_score>=0.50_odds_30plus_top1_by_ticket_score,793,793,79300,56060,-23240,0.7069356872635562,11,0.013871374527112233,0.013871374527112233,0.6056784390921904,0.5001748065414573,161.63581336696092,102.9,1.0957628496734346,0.11705139522641904,5096.363636363636,10170
race_score>=0.50_odds_30_500_top1_by_ticket_score,793,793,79300,56060,-23240,0.7069356872635562,11,0.013871374527112233,0.013871374527112233,0.6056784390921904,0.5001748065414573,139.63694829760405,101.3,0.965296196702158,0.11705139522641904,5096.363636363636,10170
race_score>=0.40_odds_30_500_ev>=1.5,1430,21393,2139300,1511330,-627970,0.7064600570279999,46,0.0021502360585238162,0.032167832167832165,0.4912453850056032,0.4000830274338122,359.7483990090216,373.9,2.120489786314343,1.5000074729556387,32855.0,49890
race_score>=0.40_odds_50_500_ev>=1.5,1430,21393,2139300,1511330,-627970,0.7064600570279999,46,0.0021502360585238162,0.032167832167832165,0.4912453850056032,0.4000830274338122,359.7483990090216,373.9,2.120489786314343,1.5000074729556387,32855.0,49890
race_score>=0.60_odds_50_1000_top30_by_ticket_score,390,11700,1170000,826040,-343960,0.706017094017094,44,0.0037606837606837607,0.11282051282051282,0.6653700840469999,0.600386893407325,292.1320256410256,215.4,1.3631345298483732,0.15915337705810598,18773.636363636364,89380
race_score>=0.00_odds_30_500_top20_by_ticket_score,13306,266118,26611800,18780990,-7830810,0.7057391833697834,2157,0.008105426915879422,0.16210732000601233,0.2944377781854138,0.0065552327649241,153.9086743474699,116.7,1.8417150470782901,0.025002070095204148,8706.995827538247,85380
race_score>=0.55_odds_50_1000_top5_by_value_score,575,2875,287500,202850,-84650,0.7055652173913044,3,0.0010434782608695651,0.0052173913043478265,0.636014344715647,0.5502825174254746,825.9126608695652,848.1,3.5786826647731225,2.058689565012221,67616.66666666667,89380
race_score>=0.55_odds_50_1000_top5_by_expected_roi,575,2875,287500,202850,-84650,0.7055652173913044,3,0.0010434782608695651,0.0052173913043478265,0.636014344715647,0.5502825174254746,825.9126608695652,848.1,3.5786826647731225,2.058689565012221,67616.66666666667,89380
race_score>=0.55_odds_50_1000_ev>=0.8_top5,575,2875,287500,202850,-84650,0.7055652173913044,3,0.0010434782608695651,0.0052173913043478265,0.636014344715647,0.5502825174254746,825.9126608695652,848.1,3.5786826647731225,2.058689565012221,67616.66666666667,89380
race_score>=0.55_odds_50_1000_ev>=1.0_top5,575,2875,287500,202850,-84650,0.7055652173913044,3,0.0010434782608695651,0.0052173913043478265,0.636014344715647,0.5502825174254746,825.9126608695652,848.1,3.5786826647731225,2.058689565012221,67616.66666666667,89380
race_score>=0.55_odds_50_1000_ev>=1.2_top5,575,2875,287500,202850,-84650,0.7055652173913044,3,0.0010434782608695651,0.0052173913043478265,0.636014344715647,0.5502825174254746,825.9126608695652,848.1,3.5786826647731225,2.058689565012221,67616.66666666667,89380
race_score>=0.55_odds_50_1000_ev>=1.5_top5,575,2875,287500,202850,-84650,0.7055652173913044,3,0.0010434782608695651,0.0052173913043478265,0.636014344715647,0.5502825174254746,825.9126608695652,848.1,3.5786826647731225,2.058689565012221,67616.66666666667,89380
race_score>=0.55_odds_50_1000_ev>=2.0_top5,575,2875,287500,202850,-84650,0.7055652173913044,3,0.0010434782608695651,0.0052173913043478265,0.636014344715647,0.5502825174254746,825.9126608695652,848.1,3.5786826647731225,2.058689565012221,67616.66666666667,89380
race_score>=0.55_odds_100_1000_top5_by_value_score,575,2875,287500,202850,-84650,0.7055652173913044,3,0.0010434782608695651,0.0052173913043478265,0.636014344715647,0.5502825174254746,825.9126608695652,848.1,3.5786826647731225,2.058689565012221,67616.66666666667,89380
race_score>=0.55_odds_100_1000_top5_by_expected_roi,575,2875,287500,202850,-84650,0.7055652173913044,3,0.0010434782608695651,0.0052173913043478265,0.636014344715647,0.5502825174254746,825.9126608695652,848.1,3.5786826647731225,2.058689565012221,67616.66666666667,89380
race_score>=0.55_odds_100_1000_ev>=0.8_top5,575,2875,287500,202850,-84650,0.7055652173913044,3,0.0010434782608695651,0.0052173913043478265,0.636014344715647,0.5502825174254746,825.9126608695652,848.1,3.5786826647731225,2.058689565012221,67616.66666666667,89380
race_score>=0.55_odds_100_1000_ev>=1.0_top5,575,2875,287500,202850,-84650,0.7055652173913044,3,0.0010434782608695651,0.0052173913043478265,0.636014344715647,0.5502825174254746,825.9126608695652,848.1,3.5786826647731225,2.058689565012221,67616.66666666667,89380
race_score>=0.55_odds_100_1000_ev>=1.2_top5,575,2875,287500,202850,-84650,0.7055652173913044,3,0.0010434782608695651,0.0052173913043478265,0.636014344715647,0.5502825174254746,825.9126608695652,848.1,3.5786826647731225,2.058689565012221,67616.66666666667,89380
race_score>=0.55_odds_100_1000_ev>=1.5_top5,575,2875,287500,202850,-84650,0.7055652173913044,3,0.0010434782608695651,0.0052173913043478265,0.636014344715647,0.5502825174254746,825.9126608695652,848.1,3.5786826647731225,2.058689565012221,67616.66666666667,89380
race_score>=0.55_odds_100_1000_ev>=2.0_top5,575,2875,287500,202850,-84650,0.7055652173913044,3,0.0010434782608695651,0.0052173913043478265,0.636014344715647,0.5502825174254746,825.9126608695652,848.1,3.5786826647731225,2.058689565012221,67616.66666666667,89380
race_score>=0.00_odds_50_500_ev>=1.5_top5,13291,66110,6611000,4664410,-1946590,0.70555286643473,140,0.0021176826501285734,0.010533443683695734,0.292413313079625,0.0065552327649241,367.57872787777944,384.8,3.8248752429254633,1.5002101923452402,33317.21428571428,49890
race_score>=0.00_odds_30_500_ev>=1.5_top5,13291,66125,6612500,4664410,-1948090,0.7053928166351607,140,0.0021172022684310017,0.010533443683695734,0.29237959152606735,0.0065552327649241,367.45313421550094,384.8,3.824592177607741,1.5002101923452402,33317.21428571428,49890
race_score>=0.30_odds_50_1000_ev>=0.8,5544,537828,53782800,37932230,-15850570,0.7052855187903939,1163,0.0021624013625173846,0.20977633477633478,0.3950178045923874,0.3000060136596823,484.9324637244621,455.6,2.04829638475748,0.8000010919328058,32615.846947549442,99960
race_score>=0.45_odds_all_top20_by_value_score,1047,20940,2094000,1476190,-617810,0.7049617956064947,6,0.00028653295128939826,0.0057306590257879654,0.5736019947536628,0.4500906629413549,5716.649856733525,5460.7,9.613815836571074,1.7987134016132262,246031.66666666666,778840
race_score>=0.45_odds_all_top20_by_expected_roi,1047,20940,2094000,1476190,-617810,0.7049617956064947,6,0.00028653295128939826,0.0057306590257879654,0.5736019947536628,0.4500906629413549,5716.649856733525,5460.7,9.613815836571074,1.7987134016132262,246031.66666666666,778840
race_score>=0.45_odds_30plus_top20_by_value_score,1047,20940,2094000,1476190,-617810,0.7049617956064947,6,0.00028653295128939826,0.0057306590257879654,0.5736019947536628,0.4500906629413549,5716.649856733525,5460.7,9.613815836571074,1.7987134016132262,246031.66666666666,778840
race_score>=0.45_odds_30plus_top20_by_expected_roi,1047,20940,2094000,1476190,-617810,0.7049617956064947,6,0.00028653295128939826,0.0057306590257879654,0.5736019947536628,0.4500906629413549,5716.649856733525,5460.7,9.613815836571074,1.7987134016132262,246031.66666666666,778840
race_score>=0.45_odds_50plus_top20_by_value_score,1047,20940,2094000,1476190,-617810,0.7049617956064947,6,0.00028653295128939826,0.0057306590257879654,0.5736019947536628,0.4500906629413549,5716.649856733525,5460.7,9.613815836571074,1.7987134016132262,246031.66666666666,778840
race_score>=0.45_odds_50plus_top20_by_expected_roi,1047,20940,2094000,1476190,-617810,0.7049617956064947,6,0.00028653295128939826,0.0057306590257879654,0.5736019947536628,0.4500906629413549,5716.649856733525,5460.7,9.613815836571074,1.7987134016132262,246031.66666666666,778840
race_score>=0.45_odds_100plus_top20_by_value_score,1047,20940,2094000,1476190,-617810,0.7049617956064947,6,0.00028653295128939826,0.0057306590257879654,0.5736019947536628,0.4500906629413549,5716.649856733525,5460.7,9.613815836571074,1.7987134016132262,246031.66666666666,778840
race_score>=0.45_odds_100plus_top20_by_expected_roi,1047,20940,2094000,1476190,-617810,0.7049617956064947,6,0.00028653295128939826,0.0057306590257879654,0.5736019947536628,0.4500906629413549,5716.649856733525,5460.7,9.613815836571074,1.7987134016132262,246031.66666666666,778840
race_score>=0.30_odds_50plus_top30_by_ticket_score,5544,166320,16632000,11719380,-4912620,0.7046284271284271,839,0.005044492544492544,0.15133477633477632,0.38833894518601614,0.3000060136596823,281.5562127224627,183.1,2.326672470272452,0.15915337705810598,13968.271752085817,172860
race_score>=0.30_odds_30plus_top20_by_ticket_score,5544,110880,11088000,7809860,-3278140,0.7043524531024531,844,0.007611832611832612,0.15223665223665223,0.3883389451860162,0.3000060136596823,197.27648538961043,126.1,1.9075872898353514,0.10021473224036068,9253.388625592417,172340
race_score>=0.30_odds_100_1000_ev>=0.8,5544,523525,52352500,36865920,-15486580,0.7041864285373192,1037,0.001980803209015806,0.18704906204906205,0.3963400311983267,0.3000060136596823,495.9876645814431,466.5,2.074728810519128,0.8000010919328058,35550.549662487945,99960
race_score>=0.45_odds_30_500_top2_by_ticket_score,1047,2094,209400,147410,-61990,0.70396370582617,20,0.009551098376313277,0.019102196752626553,0.5736019947536628,0.4500906629413549,134.38462273161414,94.35,0.9902528511378067,0.1166192209293641,7370.5,28750
race_score>=0.30_odds_50plus_top20_by_ticket_score,5544,110880,11088000,7803940,-3284060,0.7038185425685426,597,0.0053841991341991345,0.10768398268398269,0.3883389451860162,0.3000060136596823,236.14386093073594,158.6,2.1947624039447478,0.17365816109905696,13071.926298157454,172860
race_score>=0.30_odds_50_1000_top30_by_ticket_score,5544,166320,16632000,11693090,-4938910,0.7030477392977393,849,0.005104617604617605,0.15313852813852813,0.38833894518601614,0.3000060136596823,247.82018578643576,179.0,2.0908299723266706,0.15915337705810598,13772.779740871614,97180
race_score>=0.70_odds_30plus_top30_by_ticket_score,80,2400,240000,168610,-71390,0.7025416666666666,15,0.00625,0.1875,0.7278454278400386,0.70091851553384,356.68645833333335,211.55,1.4804801643068148,0.10021473224036068,11240.666666666666,43200
race_score>=0.00_odds_50_500_top30_by_ticket_score,13306,398085,39808500,27950470,-11858030,0.7021231646507655,2186,0.0054912895487144705,0.16428678791522622,0.29485173491471955,0.0065552327649241,196.33146966100205,164.0,1.8514681772723194,0.005017779836480071,12786.125343092406,85380
race_score>=0.45_odds_50_1000_top30_by_ticket_score,1047,31410,3141000,2203940,-937060,0.701668258516396,136,0.0043298312639286855,0.12989493791786055,0.5736019947536627,0.4500906629413549,276.7502865329513,201.8,1.5381073527039675,0.15915337705810598,16205.441176470587,97180
race_score>=0.55_odds_30_500_top30_by_value_score,575,17250,1725000,1209810,-515190,0.7013391304347826,36,0.0020869565217391303,0.06260869565217392,0.636014344715647,0.5502825174254746,364.1692811594203,375.9,1.375046386304791,0.6535194136089728,33605.833333333336,49810
race_score>=0.55_odds_30_500_top30_by_expected_roi,575,17250,1725000,1209810,-515190,0.7013391304347826,36,0.0020869565217391303,0.06260869565217392,0.636014344715647,0.5502825174254746,364.1692811594203,375.9,1.375046386304791,0.6535194136089728,33605.833333333336,49810
race_score>=0.55_odds_50_500_top30_by_value_score,575,17250,1725000,1209810,-515190,0.7013391304347826,36,0.0020869565217391303,0.06260869565217392,0.636014344715647,0.5502825174254746,364.1692811594203,375.9,1.375046386304791,0.6535194136089728,33605.833333333336,49810
race_score>=0.55_odds_50_500_top30_by_expected_roi,575,17250,1725000,1209810,-515190,0.7013391304347826,36,0.0020869565217391303,0.06260869565217392,0.636014344715647,0.5502825174254746,364.1692811594203,375.9,1.375046386304791,0.6535194136089728,33605.833333333336,49810
race_score>=0.30_odds_50_1000_ev>=1.0,5544,462344,46234400,32414110,-13820290,0.7010820947173533,907,0.00196174277161594,0.1636002886002886,0.3913334113633978,0.3000060136596823,511.46599501669755,489.8,2.23612472627762,1.0000072716232322,35737.7177508269,99960
race_score>=0.30_odds_100_1000_ev>=1.2,5544,392349,39234900,27478860,-11756040,0.7003677848038353,681,0.0017356995939839276,0.12283549783549784,0.38805519049789955,0.3000060136596823,539.2866159974919,524.5,2.435938191627262,1.2000169017164783,40350.748898678416,99960
race_score>=0.30_odds_50_1000_ev>=1.2,5544,395733,39573300,27700910,-11872390,0.6999898921747744,709,0.0017916120212365409,0.12788600288600288,0.3876412862664979,0.3000060136596823,535.3838133286837,521.0,2.427800569270377,1.2000071515999542,39070.39492242595,99960
race_score>=0.00_odds_30_500_top5_by_ticket_score,13306,66530,6653000,4656040,-1996960,0.6998406733804299,648,0.009739966932211033,0.048699834661055166,0.2944362017866162,0.0065552327649241,111.53522320757554,79.8,1.8113563714209286,0.11102342816024847,7185.246913580247,48260
race_score>=0.45_odds_50_1000_top30_by_value_score,1047,31410,3141000,2197730,-943270,0.6996911811524992,33,0.0010506208213944604,0.03151862464183381,0.5736019947536627,0.4500906629413549,710.0236357847818,734.8,2.6808570576860875,0.983157670521362,66597.87878787878,97440
race_score>=0.45_odds_50_1000_top30_by_expected_roi,1047,31410,3141000,2197730,-943270,0.6996911811524992,33,0.0010506208213944604,0.03151862464183381,0.5736019947536627,0.4500906629413549,710.0236357847818,734.8,2.6808570576860875,0.983157670521362,66597.87878787878,97440
race_score>=0.45_odds_100_1000_top30_by_value_score,1047,31410,3141000,2197730,-943270,0.6996911811524992,33,0.0010506208213944604,0.03151862464183381,0.5736019947536627,0.4500906629413549,710.1600063673989,734.8,2.680715066615559,0.8059397932732466,66597.87878787878,97440
race_score>=0.45_odds_100_1000_top30_by_expected_roi,1047,31410,3141000,2197730,-943270,0.6996911811524992,33,0.0010506208213944604,0.03151862464183381,0.5736019947536627,0.4500906629413549,710.1600063673989,734.8,2.680715066615559,0.8059397932732466,66597.87878787878,97440
race_score>=0.50_odds_100_1000_top30_by_ticket_score,793,23790,2379000,1664110,-714890,0.6994997898276587,69,0.002900378310214376,0.08701134930643127,0.6056784390921905,0.5001748065414573,349.1010970996217,280.15,1.7354711172634345,0.29938086378304224,24117.536231884056,97180
race_score>=0.45_odds_50_1000_top20_by_ticket_score,1047,20940,2094000,1464520,-629480,0.699388729703916,98,0.004680038204393506,0.0936007640878701,0.5736019947536628,0.4500906629413549,252.93280324737347,181.2,1.5147014553410874,0.16374898247981928,14944.081632653062,85380
race_score>=0.40_odds_30_500_top30_by_ticket_score,1444,43320,4332000,3029550,-1302450,0.6993421052631579,283,0.006532779316712835,0.19598337950138503,0.5315119941259789,0.4000830274338122,180.3355216989843,146.0,1.1517732879537417,0.08489575269770328,10705.123674911662,85380
race_score>=0.40_odds_all_top30_by_ticket_score,1444,43320,4332000,3028270,-1303730,0.6990466297322253,480,0.0110803324099723,0.33240997229916897,0.5315119941259789,0.4000830274338122,239.73682363804247,137.8,1.5063604329967466,0.019559481090760205,6308.895833333333,89380
race_score>=0.00_odds_30plus_top5_by_ticket_score,13306,66530,6653000,4650700,-2002300,0.6990380279573125,644,0.009679843679543063,0.04839921839771532,0.2944362017866162,0.0065552327649241,121.3157688260935,80.5,1.9185864776287684,0.1166192209293641,7221.583850931677,53880
race_score>=0.00_odds_50_1000_top20_by_ticket_score,13306,266120,26612000,18597290,-8014710,0.6988309785059371,1456,0.00547121599278521,0.1094243198557042,0.2944362017866162,0.0065552327649241,221.40256388095594,157.9,2.4419798118150795,0.04788992203429582,12772.864010989011,98110
race_score>=0.30_odds_100_1000_ev>=1.0,5544,455318,45531800,31808130,-13723670,0.6985915338291041,840,0.001844864468349593,0.15151515151515152,0.3920766370664068,0.3000060136596823,518.0965042014592,495.9,2.2508937403893263,1.0000072716232322,37866.82142857143,99960
race_score>=0.40_odds_50plus_top3_by_ticket_score,1444,4332,433200,302500,-130700,0.698291782086796,23,0.00530932594644506,0.01592797783933518,0.5315119941259788,0.4000830274338122,185.12668513388735,121.25,1.4861002279609004,0.1965059847627693,13152.173913043478,85380
race_score>=0.40_odds_50_1000_top3_by_ticket_score,1444,4332,433200,302500,-130700,0.698291782086796,23,0.00530932594644506,0.01592797783933518,0.5315119941259788,0.4000830274338122,177.12109879963066,120.80000000000001,1.439626772472511,0.1965059847627693,13152.173913043478,85380
race_score>=0.45_odds_all_top10_by_ticket_score,1047,10470,1047000,730800,-316200,0.6979942693409742,144,0.013753581661891117,0.13753581661891118,0.5736019947536628,0.4500906629413549,179.68812798471825,99.9,1.1534660665089278,0.02029190169418292,5075.0,85380
race_score>=0.45_odds_all_top30_by_ticket_score,1047,31410,3141000,2192080,-948920,0.6978923909582936,319,0.010156001273479784,0.3046800382043935,0.5736019947536627,0.4500906629413549,260.72278892072586,150.1,1.4626645450442493,0.019559481090760205,6871.724137931034,89380
race_score>=0.00_odds_100plus_top3_by_ticket_score,13306,39918,3991800,2784640,-1207160,0.6975900596222255,168,0.004208627686757853,0.012625883060273561,0.29443620178661617,0.0065552327649241,209.99521018087077,167.5,3.0654460621610955,0.39198205691989846,16575.238095238095,48260
race_score>=0.00_odds_100_1000_top3_by_ticket_score,13306,39918,3991800,2784640,-1207160,0.6975900596222255,168,0.004208627686757853,0.012625883060273561,0.29443620178661617,0.0065552327649241,206.9548774988727,167.4,3.036510646998264,0.39198205691989846,16575.238095238095,48260
race_score>=0.50_odds_100plus_top30_by_ticket_score,793,23790,2379000,1659090,-719910,0.6973896595208071,65,0.00273224043715847,0.08196721311475409,0.6056784390921905,0.5001748065414573,438.36838167297185,298.8,2.1662067626766177,0.29938086378304224,25524.46153846154,128310
race_score>=0.50_odds_100_1000_top10_by_ticket_score,793,7930,793000,552610,-240390,0.6968600252206809,25,0.0031525851197982345,0.031525851197982346,0.6056784390921904,0.5001748065414573,296.71804539722575,231.05,1.7508330799139333,0.3028163376897318,22104.4,63520
race_score>=0.00_odds_50plus_top30_by_ticket_score,13306,399180,39918000,27793360,-12124640,0.6962613357382634,1973,0.0049426323964126455,0.14827897189237937,0.2944362017866162,0.0065552327649241,308.18634976702236,188.9,2.7669845270061213,0.11974385932548852,14086.85250886974,274850
race_score>=0.40_odds_50_1000_top30_by_ticket_score,1444,43320,4332000,3015330,-1316670,0.6960595567867036,197,0.004547553093259465,0.13642659279778394,0.5315119941259789,0.4000830274338122,267.2666135734072,194.0,1.6529992868945897,0.15915337705810598,15306.243654822336,97180
race_score>=0.40_odds_100_1000_ev>=2.0,1444,42842,4284200,2981750,-1302450,0.695987582279072,50,0.0011670790345922227,0.03462603878116344,0.5122093891270301,0.4000830274338122,678.5566173381261,701.0,2.9241010803310243,2.0000066185578733,59635.0,97440
race_score>=0.40_odds_50_1000_ev>=2.0,1444,42849,4284900,2981750,-1303150,0.6958738827043806,50,0.0011668883754580037,0.03462603878116344,0.5121949872629123,0.4000830274338122,678.4607108683983,701.0,2.92398578490671,2.0000066185578733,59635.0,97440
race_score>=0.40_odds_all_top20_by_ticket_score,1444,28880,2888000,2003460,-884540,0.6937188365650969,373,0.01291551246537396,0.2583102493074792,0.5315119941259788,0.4000830274338122,202.91866689750694,115.2,1.365140581939831,0.02029190169418292,5371.206434316354,85380
race_score>=0.45_odds_all_top3_by_ticket_score,1047,3141,314100,217710,-96390,0.6931232091690545,59,0.01878382680674944,0.05635148042024833,0.5736019947536628,0.4500906629413549,150.45631964342567,81.8,1.0304560195261663,0.025885272490838943,3690.0,28750
race_score>=0.50_odds_50_500_top10_by_ticket_score,793,7930,793000,549540,-243460,0.6929886506935687,41,0.005170239596469105,0.05170239596469105,0.6056784390921904,0.5001748065414573,182.84283732660782,147.9,1.1193016687162405,0.1737814614624854,13403.414634146342,85380
race_score>=0.65_odds_all_top3_by_ticket_score,241,723,72300,50070,-22230,0.6925311203319502,10,0.013831258644536652,0.04149377593360996,0.6911747324963765,0.6503128804449101,209.99502074688795,122.8,1.122177185381983,0.025885272490838943,5007.0,15020
race_score>=0.30_odds_50_1000_ev>=3.0_top5,5496,26680,2668000,1847560,-820440,0.6924887556221889,26,0.0009745127436281859,0.004730713245997089,0.38032511766479177,0.3000060136596823,757.5305659670165,785.4,5.314331723245711,3.0001598496152257,71060.0,97440
race_score>=0.30_odds_100_1000_ev>=3.0_top5,5496,26680,2668000,1847560,-820440,0.6924887556221889,26,0.0009745127436281859,0.004730713245997089,0.38032511766479177,0.3000060136596823,757.5305659670165,785.4,5.314331723245711,3.0001598496152257,71060.0,97440
race_score>=0.30_odds_100_1000_ev>=2.0,5544,208152,20815200,14409270,-6405930,0.6922474922172259,298,0.0014316461047695914,0.05375180375180375,0.37405139581930646,0.3000060136596823,608.678690091856,613.7,3.2095516365911605,2.000005459910448,48353.25503355705,99880
race_score>=0.65_odds_50_1000_top30_by_value_score,241,7230,723000,500380,-222620,0.6920885200553251,7,0.0009681881051175657,0.029045643153526972,0.6911747324963764,0.6503128804449101,751.1464730290456,775.1,2.3924691600313857,1.2952292679653425,71482.85714285714,91890
race_score>=0.65_odds_50_1000_top30_by_expected_roi,241,7230,723000,500380,-222620,0.6920885200553251,7,0.0009681881051175657,0.029045643153526972,0.6911747324963764,0.6503128804449101,751.1464730290456,775.1,2.3924691600313857,1.2952292679653425,71482.85714285714,91890
race_score>=0.65_odds_100_1000_top30_by_value_score,241,7230,723000,500380,-222620,0.6920885200553251,7,0.0009681881051175657,0.029045643153526972,0.6911747324963764,0.6503128804449101,751.1464730290456,775.1,2.3924691600313857,1.2952292679653425,71482.85714285714,91890
race_score>=0.65_odds_100_1000_top30_by_expected_roi,241,7230,723000,500380,-222620,0.6920885200553251,7,0.0009681881051175657,0.029045643153526972,0.6911747324963764,0.6503128804449101,751.1464730290456,775.1,2.3924691600313857,1.2952292679653425,71482.85714285714,91890
race_score>=0.30_odds_50_1000_ev>=2.0,5544,208353,20835300,14417670,-6417630,0.6919828368202042,299,0.0014350645299083767,0.053932178932178935,0.3740072623373526,0.3000060136596823,608.1744937677884,613.3,3.2086858135699763,2.000005459910448,48219.63210702341,99880
race_score>=0.50_odds_50_500_ev>=0.8,793,33710,3371000,2332620,-1038380,0.6919667754375556,78,0.0023138534559477898,0.09836065573770492,0.6032324194886018,0.5001748065414573,341.9571284485316,351.95,1.278753040176112,0.8000136138537731,29905.384615384617,85380
race_score>=0.40_odds_30_500_top20_by_value_score,1444,28880,2888000,1998130,-889870,0.691873268698061,59,0.0020429362880886428,0.04085872576177285,0.5315119941259788,0.4000830274338122,363.5020914127424,376.5,1.8560051898349388,0.6602579609348246,33866.61016949153,49890
race_score>=0.40_odds_30_500_top20_by_expected_roi,1444,28880,2888000,1998130,-889870,0.691873268698061,59,0.0020429362880886428,0.04085872576177285,0.5315119941259788,0.4000830274338122,363.5020914127424,376.5,1.8560051898349388,0.6602579609348246,33866.61016949153,49890
race_score>=0.40_odds_50_500_top20_by_value_score,1444,28880,2888000,1998130,-889870,0.691873268698061,59,0.0020429362880886428,0.04085872576177285,0.5315119941259788,0.4000830274338122,363.61585872576177,376.5,1.8559194865221065,0.5902985334785475,33866.61016949153,49890
race_score>=0.40_odds_50_500_top20_by_expected_roi,1444,28880,2888000,1998130,-889870,0.691873268698061,59,0.0020429362880886428,0.04085872576177285,0.5315119941259788,0.4000830274338122,363.61585872576177,376.5,1.8559194865221065,0.5902985334785475,33866.61016949153,49890
race_score>=0.50_odds_30_500_ev>=0.8,793,33716,3371600,2332620,-1038980,0.6918436350694033,78,0.0023134416894056236,0.09836065573770492,0.6032155879934792,0.5001748065414573,341.90422351405863,351.9,1.2786832599402405,0.8000136138537731,29905.384615384617,85380
race_score>=0.45_odds_30plus_top30_by_ticket_score,1047,31410,3141000,2172070,-968930,0.6915218083412926,179,0.005698822031200254,0.17096466093600765,0.5736019947536627,0.4500906629413549,297.80879974530404,179.4,1.6586081329898685,0.10021473224036068,12134.469273743016,97180
race_score>=0.40_odds_50_500_ev>=1.0,1444,48735,4873500,3366000,-1507500,0.6906740535549399,120,0.0024622960911049553,0.08310249307479224,0.5119318410766314,0.4000830274338122,334.87981943162,345.6,1.612195722562437,1.0000072716232322,28050.0,85380
race_score>=0.00_odds_100plus_top20_by_ticket_score,13306,266090,26609000,18377360,-8231640,0.6906445187718441,847,0.0031831335262505166,0.06365549376221254,0.29446253840918574,0.0065552327649241,349.60318275771357,243.3,3.275512258773559,0.1539717084092841,21697.001180637544,274850
race_score>=0.40_odds_30_500_ev>=1.0,1444,48758,4875800,3366000,-1509800,0.6903482505435006,120,0.0024611345830427827,0.08310249307479224,0.5118925843456019,0.4000830274338122,334.7431313835678,345.5,1.6119677582744079,1.0000072716232322,28050.0,85380
race_score>=0.00_odds_50_1000_top30_by_ticket_score,13306,399173,39917300,27550200,-12367100,0.6901819511840731,2007,0.005027895173270737,0.1508342101307681,0.29443863535098325,0.0065552327649241,256.5349577752002,183.6,2.4084486427431355,0.013996622749529355,13727.055306427505,98110
race_score>=0.30_odds_50_500_ev>=1.0,5544,236972,23697200,16351820,-7345380,0.6900317337069358,671,0.0028315581587698125,0.12103174603174603,0.37395288964138507,0.3000060136596823,304.1274416386746,306.7,1.833025954755549,1.0000072716232322,24369.329359165426,85380
race_score>=0.30_odds_30_500_ev>=1.0,5544,237309,23730900,16369050,-7361850,0.689777884530296,675,0.002844392753751438,0.12175324675324675,0.3739009921968444,0.3000060136596823,303.7573008187637,306.4,1.8320807523187101,1.0000072716232322,24250.444444444445,85380
race_score>=0.30_odds_50_500_top20_by_ticket_score,5544,110878,11087800,7643710,-3444090,0.6893802197009326,626,0.005645844982773859,0.11291486291486291,0.38833907749315705,0.3000060136596823,180.70803134977183,146.9,1.717644988207971,0.16062897001754137,12210.399361022364,85380
race_score>=0.60_odds_100plus_top2_by_ticket_score,390,780,78000,53770,-24230,0.6893589743589743,3,0.0038461538461538464,0.007692307692307693,0.6653700840469999,0.600386893407325,293.42692307692306,209.55,1.6876581056616038,0.4139511754163647,17923.333333333332,28750
race_score>=0.60_odds_100_1000_top2_by_ticket_score,390,780,78000,53770,-24230,0.6893589743589743,3,0.0038461538461538464,0.007692307692307693,0.6653700840469999,0.600386893407325,272.424358974359,209.25,1.5716435564340103,0.4139511754163647,17923.333333333332,28750
race_score>=0.55_odds_100plus_top30_by_ticket_score,575,17250,1725000,1189120,-535880,0.6893449275362319,49,0.0028405797101449274,0.08521739130434783,0.636014344715647,0.5502825174254746,447.4295768115942,303.0,2.1129678972197126,0.29938086378304224,24267.755102040817,128310
race_score>=0.55_odds_100plus_top2_by_ticket_score,575,1150,115000,79250,-35750,0.6891304347826087,5,0.004347826086956522,0.008695652173913044,0.636014344715647,0.5502825174254746,279.3493913043479,201.5,1.728797150702164,0.4139511754163647,15850.0,28750
race_score>=0.55_odds_100_1000_top2_by_ticket_score,575,1150,115000,79250,-35750,0.6891304347826087,5,0.004347826086956522,0.008695652173913044,0.636014344715647,0.5502825174254746,262.3410434782609,201.2,1.6319893667285958,0.4139511754163647,15850.0,28750
race_score>=0.45_odds_all_top20_by_ticket_score,1047,20940,2094000,1442870,-651130,0.6890496657115568,244,0.011652340019102196,0.23304680038204392,0.5736019947536628,0.4500906629413549,222.58381566380132,128.0,1.3302285807732601,0.02029190169418292,5913.401639344263,85380
race_score>=0.40_odds_50_1000_top20_by_ticket_score,1444,28880,2888000,1989930,-898070,0.6890339335180056,140,0.004847645429362881,0.09695290858725762,0.5315119941259788,0.4000830274338122,242.31537049861493,173.0,1.6279891784480054,0.16374898247981928,14213.785714285714,85380
race_score>=0.60_odds_30plus_top5_by_ticket_score,390,1950,195000,134180,-60820,0.6881025641025641,17,0.008717948717948718,0.04358974358974359,0.6653700840469999,0.600386893407325,231.059641025641,142.4,1.2778155782567624,0.1166192209293641,7892.941176470588,28750
race_score>=0.60_odds_30_500_top5_by_ticket_score,390,1950,195000,134180,-60820,0.6881025641025641,17,0.008717948717948718,0.04358974358974359,0.6653700840469999,0.600386893407325,166.02010256410253,130.95,0.9303793433061498,0.11102342816024847,7892.941176470588,28750
race_score>=0.00_odds_100_1000_top10_by_ticket_score,13306,133060,13306000,9153700,-4152300,0.6879377724334886,470,0.0035322410942431985,0.035322410942431985,0.2944362017866162,0.0065552327649241,256.1265767323012,201.9,3.031571520723781,0.12577202417372157,19475.957446808512,98110
race_score>=0.30_odds_100_1000_top10_by_ticket_score,5544,55440,5544000,3813910,-1730090,0.6879347041847041,200,0.0036075036075036075,0.03607503607503607,0.3883389451860162,0.3000060136596823,258.45308441558444,202.6,2.5710692599086866,0.3028163376897318,19069.55,63520
race_score>=0.55_odds_50_1000_ev>=3.0_top5,538,2169,216900,149170,-67730,0.6877362840018442,2,0.0009220839096357768,0.0037174721189591076,0.6272265228750785,0.5502825174254746,826.5295988934993,849.2,3.860728981112901,3.0003977370331256,74585.0,89380
race_score>=0.55_odds_100_1000_ev>=3.0_top5,538,2169,216900,149170,-67730,0.6877362840018442,2,0.0009220839096357768,0.0037174721189591076,0.6272265228750785,0.5502825174254746,826.5295988934993,849.2,3.860728981112901,3.0003977370331256,74585.0,89380
race_score>=0.50_odds_30_500_top10_by_ticket_score,793,7930,793000,545290,-247710,0.6876292559899118,57,0.007187894073139975,0.07187894073139975,0.6056784390921904,0.5001748065414573,160.8961160151324,123.95,0.9928281165074186,0.10843657943259605,9566.491228070176,85380
race_score>=0.30_odds_50_500_ev>=0.8,5544,297689,29768900,20458760,-9310140,0.6872528041009242,904,0.003036726247862702,0.16305916305916307,0.37972184166648276,0.3000060136596823,289.9012113312887,288.7,1.642051581411198,0.8000093837570129,22631.37168141593,85380
race_score>=0.40_odds_30plus_top30_by_ticket_score,1444,43320,4332000,2976720,-1355280,0.6871468144044321,257,0.005932594644506002,0.17797783933518005,0.5315119941259789,0.4000830274338122,279.31705678670363,169.5,1.731232205102837,0.10021473224036068,11582.568093385215,97180
race_score>=0.30_odds_30_500_ev>=1.2,5544,187572,18757200,12888330,-5868870,0.6871137483206449,495,0.0026389866291344124,0.08928571428571429,0.3688346492652419,0.3000060136596823,316.49673991853797,321.8,2.0272523482156246,1.2000071515999542,26037.030303030304,71150
race_score>=0.30_odds_50_500_ev>=1.2,5544,187473,18747300,12880530,-5866770,0.6870605367172873,493,0.0026297120118630416,0.08892496392496392,0.3688527543741023,0.3000060136596823,316.6404410235074,321.9,2.0275914632276946,1.2000071515999542,26126.83569979716,71150
race_score>=0.30_odds_30_500_ev>=0.8,5544,298744,29874400,20524050,-9350350,0.6870112872559784,919,0.003076212409286881,0.16576479076479075,0.3795832802791555,0.3000060136596823,289.0286382320649,288.0,1.639687940440494,0.8000093837570129,22333.025027203483,85380
race_score>=0.65_odds_30_500_top3_by_ticket_score,241,723,72300,49670,-22630,0.6869986168741355,7,0.009681881051175657,0.029045643153526972,0.6911747324963765,0.6503128804449101,163.55739972337483,122.8,0.888442483669133,0.1166192209293641,7095.714285714285,15020
race_score>=0.50_odds_30plus_top30_by_ticket_score,793,23790,2379000,1633540,-745460,0.6866498528793611,126,0.005296343001261034,0.15889029003783103,0.6056784390921905,0.5001748065414573,310.42655737704916,188.3,1.6244392254622608,0.10021473224036068,12964.603174603175,97180
race_score>=0.50_odds_50plus_top20_by_ticket_score,793,15860,1586000,1088710,-497290,0.6864501891551071,71,0.004476670870113493,0.08953341740226986,0.6056784390921904,0.5001748065414573,301.9014691046658,193.35000000000002,1.6687152591247254,0.17365816109905696,15333.94366197183,85380
race_score>=0.30_odds_50_1000_ev>=2.0_top5,5544,27715,2771500,1901240,-870260,0.6859967526610139,27,0.0009742016958325816,0.00487012987012987,0.3883498262591419,0.3000060136596823,758.7561104095256,787.2,5.217869714495941,2.058689565012221,70416.29629629629,97440
race_score>=0.30_odds_100_1000_ev>=2.0_top5,5544,27715,2771500,1901240,-870260,0.6859967526610139,27,0.0009742016958325816,0.00487012987012987,0.3883498262591419,0.3000060136596823,758.7561104095256,787.2,5.217869714495941,2.058689565012221,70416.29629629629,97440
race_score>=0.30_odds_50_1000_top5_by_value_score,5544,27720,2772000,1901240,-870760,0.6858730158730159,27,0.000974025974025974,0.00487012987012987,0.3883389451860162,0.3000060136596823,758.6634415584416,787.2,5.217234681565876,1.599208336933196,70416.29629629629,97440
race_score>=0.30_odds_50_1000_top5_by_expected_roi,5544,27720,2772000,1901240,-870760,0.6858730158730159,27,0.000974025974025974,0.00487012987012987,0.3883389451860162,0.3000060136596823,758.6634415584416,787.2,5.217234681565876,1.599208336933196,70416.29629629629,97440
race_score>=0.30_odds_50_1000_ev>=0.8_top5,5544,27720,2772000,1901240,-870760,0.6858730158730159,27,0.000974025974025974,0.00487012987012987,0.3883389451860162,0.3000060136596823,758.6634415584416,787.2,5.217234681565876,1.599208336933196,70416.29629629629,97440
race_score>=0.30_odds_50_1000_ev>=1.0_top5,5544,27720,2772000,1901240,-870760,0.6858730158730159,27,0.000974025974025974,0.00487012987012987,0.3883389451860162,0.3000060136596823,758.6634415584416,787.2,5.217234681565876,1.599208336933196,70416.29629629629,97440
race_score>=0.30_odds_50_1000_ev>=1.2_top5,5544,27720,2772000,1901240,-870760,0.6858730158730159,27,0.000974025974025974,0.00487012987012987,0.3883389451860162,0.3000060136596823,758.6634415584416,787.2,5.217234681565876,1.599208336933196,70416.29629629629,97440
race_score>=0.30_odds_50_1000_ev>=1.5_top5,5544,27720,2772000,1901240,-870760,0.6858730158730159,27,0.000974025974025974,0.00487012987012987,0.3883389451860162,0.3000060136596823,758.6634415584416,787.2,5.217234681565876,1.599208336933196,70416.29629629629,97440
race_score>=0.30_odds_100_1000_top5_by_value_score,5544,27720,2772000,1901240,-870760,0.6858730158730159,27,0.000974025974025974,0.00487012987012987,0.3883389451860162,0.3000060136596823,758.6634415584416,787.2,5.217234681565876,1.599208336933196,70416.29629629629,97440
race_score>=0.30_odds_100_1000_top5_by_expected_roi,5544,27720,2772000,1901240,-870760,0.6858730158730159,27,0.000974025974025974,0.00487012987012987,0.3883389451860162,0.3000060136596823,758.6634415584416,787.2,5.217234681565876,1.599208336933196,70416.29629629629,97440
race_score>=0.30_odds_100_1000_ev>=0.8_top5,5544,27720,2772000,1901240,-870760,0.6858730158730159,27,0.000974025974025974,0.00487012987012987,0.3883389451860162,0.3000060136596823,758.6634415584416,787.2,5.217234681565876,1.599208336933196,70416.29629629629,97440
race_score>=0.30_odds_100_1000_ev>=1.0_top5,5544,27720,2772000,1901240,-870760,0.6858730158730159,27,0.000974025974025974,0.00487012987012987,0.3883389451860162,0.3000060136596823,758.6634415584416,787.2,5.217234681565876,1.599208336933196,70416.29629629629,97440
race_score>=0.30_odds_100_1000_ev>=1.2_top5,5544,27720,2772000,1901240,-870760,0.6858730158730159,27,0.000974025974025974,0.00487012987012987,0.3883389451860162,0.3000060136596823,758.6634415584416,787.2,5.217234681565876,1.599208336933196,70416.29629629629,97440
race_score>=0.30_odds_100_1000_ev>=1.5_top5,5544,27720,2772000,1901240,-870760,0.6858730158730159,27,0.000974025974025974,0.00487012987012987,0.3883389451860162,0.3000060136596823,758.6634415584416,787.2,5.217234681565876,1.599208336933196,70416.29629629629,97440
race_score>=0.00_odds_50_500_top2_by_ticket_score,13306,26612,2661200,1825090,-836110,0.6858146700736509,194,0.007289944385991282,0.014579888771982564,0.29443620178661617,0.0065552327649241,123.98862918983917,95.4,2.1261560484795345,0.1965059847627693,9407.680412371134,34440
race_score>=0.30_odds_100_1000_top20_by_ticket_score,5544,110880,11088000,7595850,-3492150,0.685051406926407,367,0.00330988455988456,0.0661976911976912,0.3883389451860162,0.3000060136596823,297.9364078282828,233.2,2.556818501242965,0.24440891867107606,20697.138964577658,97180
race_score>=0.45_odds_50_500_top30_by_ticket_score,1047,31410,3141000,2150480,-990520,0.6846482012098057,154,0.004902897166507482,0.14708691499522444,0.5736019947536627,0.4500906629413549,204.93485195797518,174.8,1.129551843317188,0.13583297539121164,13964.155844155845,85380
race_score>=0.30_odds_100_1000_ev>=1.5,5544,310804,31080400,21270510,-9809890,0.6843705357717403,485,0.0015604689772332403,0.08748196248196248,0.3824613681372178,0.3000060136596823,568.1144509079678,562.6,2.7220812576891387,1.5000001205609725,43856.721649484534,99880
race_score>=0.40_odds_30_500_top30_by_value_score,1444,43320,4332000,2964210,-1367790,0.6842590027700831,98,0.0022622345337026777,0.06786703601108034,0.5315119941259789,0.4000830274338122,346.177823176362,357.95,1.6377230975239967,0.2933065289596121,30247.04081632653,49890
race_score>=0.40_odds_30_500_top30_by_expected_roi,1444,43320,4332000,2964210,-1367790,0.6842590027700831,98,0.0022622345337026777,0.06786703601108034,0.5315119941259789,0.4000830274338122,346.177823176362,357.95,1.6377230975239967,0.2933065289596121,30247.04081632653,49890
race_score>=0.00_odds_50_500_top20_by_ticket_score,13306,266110,26611000,18206580,-8404420,0.6841749652399384,1518,0.005704407951598963,0.11408387193747181,0.29444073510926444,0.0065552327649241,181.76097177858782,147.5,2.0237390912117488,0.013996622749529355,11993.794466403162,85380
race_score>=0.30_odds_50_1000_ev>=1.5,5544,311975,31197500,21336470,-9861030,0.6839160189117718,493,0.0015802548281112268,0.08892496392496392,0.3822863023204587,0.3000060136596823,566.2997717765847,561.1,2.718582182719424,1.5000001205609725,43278.84381338742,99880
race_score>=0.40_odds_100_1000_top20_by_ticket_score,1444,28880,2888000,1973890,-914110,0.683479916897507,87,0.003012465373961219,0.06024930747922438,0.5315119941259788,0.4000830274338122,315.0832860110803,246.7,1.9954947048198373,0.3028163376897318,22688.3908045977,97180
race_score>=0.50_odds_all_top5_by_ticket_score,793,3965,396500,270970,-125530,0.6834047919293821,65,0.01639344262295082,0.08196721311475409,0.6056784390921904,0.5001748065414573,174.6936948297604,97.4,1.0848602572039177,0.02029190169418292,4168.7692307692305,28750
race_score>=0.55_odds_30_500_ev>=0.8,575,24034,2403400,1641930,-761470,0.6831696762919198,53,0.0022052092868436383,0.09217391304347826,0.6343876975292035,0.5502825174254746,349.82246400932013,360.6,1.2456068040865316,0.8000136138537731,30979.811320754718,49810
race_score>=0.55_odds_50_500_ev>=0.8,575,24034,2403400,1641930,-761470,0.6831696762919198,53,0.0022052092868436383,0.09217391304347826,0.6343876975292035,0.5502825174254746,349.82246400932013,360.6,1.2456068040865316,0.8000136138537731,30979.811320754718,49810
race_score>=0.65_odds_50_1000_ev>=1.5,241,11093,1109300,757110,-352190,0.6825114937347877,12,0.0010817632741368431,0.04979253112033195,0.6905812572099026,0.6503128804449101,722.2757504732715,743.8,2.1442042238493646,1.5001278868962153,63092.5,91890
race_score>=0.65_odds_100_1000_ev>=1.5,241,11093,1109300,757110,-352190,0.6825114937347877,12,0.0010817632741368431,0.04979253112033195,0.6905812572099026,0.6503128804449101,722.2757504732715,743.8,2.1442042238493646,1.5001278868962153,63092.5,91890
race_score>=0.45_odds_50_500_top10_by_ticket_score,1047,10470,1047000,714570,-332430,0.6824928366762177,51,0.004871060171919771,0.04871060171919771,0.5736019947536628,0.4500906629413549,178.6052053486151,143.2,1.187269501742376,0.1737814614624854,14011.176470588236,85380
race_score>=0.40_odds_50_500_top30_by_value_score,1444,43319,4331900,2955950,-1375950,0.6823680140354117,96,0.0022161176389113323,0.0664819944598338,0.5315146619945654,0.4000830274338122,346.43983702301534,358.1,1.6373879095130792,0.21349931412213055,30791.145833333332,49890
race_score>=0.40_odds_50_500_top30_by_expected_roi,1444,43319,4331900,2955950,-1375950,0.6823680140354117,96,0.0022161176389113323,0.0664819944598338,0.5315146619945654,0.4000830274338122,346.43983702301534,358.1,1.6373879095130792,0.21349931412213055,30791.145833333332,49890
race_score>=0.50_odds_all_top30_by_ticket_score,793,23790,2379000,1622410,-756590,0.6819714165615804,217,0.009121479613282892,0.27364438839848676,0.6056784390921905,0.5001748065414573,278.34227406473303,162.35000000000002,1.4631316227429128,0.019559481090760205,7476.5437788018435,89380
race_score>=0.70_odds_50_1000_ev>=0.8,80,9380,938000,639450,-298550,0.6817164179104478,14,0.0014925373134328358,0.175,0.7292582778148363,0.70091851553384,616.7677185501067,615.0,1.46926787761567,0.8000815370720137,45675.0,89050
race_score>=0.70_odds_100_1000_ev>=0.8,80,9380,938000,639450,-298550,0.6817164179104478,14,0.0014925373134328358,0.175,0.7292582778148363,0.70091851553384,616.7677185501067,615.0,1.46926787761567,0.8000815370720137,45675.0,89050
race_score>=0.40_odds_100_1000_ev>=1.5,1444,73567,7356700,5013880,-2342820,0.6815392771215355,94,0.0012777468158277488,0.06509695290858726,0.5243710826140174,0.4000830274338122,639.5389495290009,655.5,2.424371621025325,1.500004957276258,53339.14893617021,97440
race_score>=0.40_odds_100_1000_top10_by_ticket_score,1444,14440,1444000,983380,-460620,0.68101108033241,47,0.0032548476454293627,0.03254847645429363,0.5315119941259788,0.4000830274338122,280.5998891966759,218.0,1.9910988369768925,0.3028163376897318,20922.978723404256,63520
race_score>=0.40_odds_50_1000_ev>=1.5,1444,73629,7362900,5013880,-2349020,0.6809653804886662,94,0.0012766708769642397,0.06509695290858726,0.5242969921839385,0.4000830274338122,639.0733596816472,655.1,2.42379375181569,1.500004957276258,53339.14893617021,97440
race_score>=0.45_odds_30_500_top30_by_ticket_score,1047,31410,3141000,2138440,-1002560,0.6808150270614454,201,0.006399235912129895,0.19197707736389685,0.5736019947536627,0.4500906629413549,184.63647564469915,150.9,1.0464190773427855,0.08489575269770328,10639.004975124379,85380
race_score>=0.45_odds_100_1000_top30_by_ticket_score,1047,31410,3141000,2137760,-1003240,0.680598535498249,92,0.0029290035020694046,0.08787010506208214,0.5736019947536627,0.4500906629413549,346.03169054441264,276.8,1.8214736316969236,0.29895444192139936,23236.521739130436,97180
race_score>=0.00_odds_50plus_top2_by_ticket_score,13306,26612,2661200,1809160,-852040,0.6798286487298962,192,0.00721479032015632,0.01442958064031264,0.29443620178661617,0.0065552327649241,131.58502931008567,95.7,2.2061316071214554,0.1965059847627693,9422.708333333334,34440
race_score>=0.00_odds_50_1000_top2_by_ticket_score,13306,26612,2661200,1809160,-852040,0.6798286487298962,192,0.00721479032015632,0.01442958064031264,0.29443620178661617,0.0065552327649241,129.7816022846836,95.7,2.1929508824446464,0.1965059847627693,9422.708333333334,34440
race_score>=0.30_odds_100plus_top30_by_ticket_score,5544,166320,16632000,11306390,-5325610,0.6797973785473785,501,0.003012265512265512,0.09036796536796536,0.38833894518601614,0.3000060136596823,381.66773268398265,265.2,2.8745099345949123,0.29938086378304224,22567.644710578843,172860
race_score>=0.40_odds_100_1000_top30_by_ticket_score,1444,43320,4332000,2943800,-1388200,0.6795475530932594,134,0.0030932594644506,0.09279778393351801,0.5315119941259789,0.4000830274338122,338.8022876269622,269.4,1.9671320392038412,0.2947259378814629,21968.65671641791,97180
race_score>=0.30_odds_50_1000_top20_by_ticket_score,5544,110880,11088000,7533570,-3554430,0.6794345238095238,600,0.005411255411255411,0.10822510822510822,0.3883389451860162,0.3000060136596823,219.07508838383836,157.0,2.065111272742742,0.16374898247981928,12555.95,85380
race_score>=0.40_odds_50_1000_top10_by_ticket_score,1444,14440,1444000,980940,-463060,0.6793213296398892,69,0.004778393351800554,0.04778393351800554,0.5315119941259788,0.4000830274338122,208.46931440443214,146.1,1.5483461864012813,0.1737814614624854,14216.521739130434,85380
race_score>=0.40_odds_100plus_top20_by_ticket_score,1444,28880,2888000,1960860,-927140,0.6789681440443214,86,0.0029778393351800555,0.05955678670360111,0.5315119941259788,0.4000830274338122,364.04559556786705,255.3,2.273232202171329,0.3028163376897318,22800.697674418603,97180
race_score>=0.45_odds_100_1000_top10_by_ticket_score,1047,10470,1047000,710530,-336470,0.6786341929321872,33,0.003151862464183381,0.03151862464183381,0.5736019947536628,0.4500906629413549,291.37601719197704,227.0,1.8424421057366454,0.3028163376897318,21531.21212121212,63520
race_score>=0.50_odds_100plus_top20_by_ticket_score,793,15860,1586000,1076120,-509880,0.6785119798234552,42,0.002648171500630517,0.05296343001261034,0.6056784390921904,0.5001748065414573,387.7514249684741,271.7,2.0626036721261722,0.3028163376897318,25621.904761904763,97180
race_score>=0.50_odds_100_1000_top20_by_ticket_score,793,15860,1586000,1076120,-509880,0.6785119798234552,42,0.002648171500630517,0.05296343001261034,0.6056784390921904,0.5001748065414573,328.44389659520806,259.35,1.75857694173661,0.3028163376897318,25621.904761904763,97180
race_score>=0.45_odds_30plus_top2_by_ticket_score,1047,2094,209400,141890,-67510,0.6776026743075454,19,0.009073543457497613,0.018147086914995225,0.5736019947536628,0.4500906629413549,165.55869149952247,97.0,1.1780134495642542,0.1166192209293641,7467.894736842105,28750
race_score>=0.50_odds_100_1000_ev>=1.5,793,37893,3789300,2564790,-1224510,0.6768506056527591,41,0.0010819940358377537,0.05170239596469105,0.604411317305067,0.5001748065414573,684.5453065209933,704.7,2.2644507480131404,1.500004957276258,62555.85365853659,97180
race_score>=0.50_odds_50_1000_ev>=1.5,793,37896,3789600,2564790,-1224810,0.6767970234325522,41,0.00108190838083175,0.05170239596469105,0.6044035146727151,0.5001748065414573,684.4977491028077,704.7,2.264394877978847,1.500004957276258,62555.85365853659,97180
race_score>=0.55_odds_30_500_ev>=1.5,561,5068,506800,343000,-163800,0.6767955801104972,9,0.001775848460931334,0.016042780748663103,0.6209710105734578,0.5502825174254746,393.81471981057615,407.6,1.9141095237612824,1.5001201053467321,38111.11111111111,49810
race_score>=0.55_odds_50_500_ev>=1.5,561,5068,506800,343000,-163800,0.6767955801104972,9,0.001775848460931334,0.016042780748663103,0.6209710105734578,0.5502825174254746,393.81471981057615,407.6,1.9141095237612824,1.5001201053467321,38111.11111111111,49810
race_score>=0.30_odds_100_1000_top30_by_ticket_score,5544,166316,16631600,11255550,-5376050,0.6767568965102576,514,0.003090502417085548,0.09271284271284272,0.38834021358383597,0.3000060136596823,324.2372261237644,256.1,2.4874483999324077,0.13294975393789282,21897.95719844358,97180
race_score>=0.55_odds_100_1000_top30_by_ticket_score,575,17250,1725000,1167360,-557640,0.6767304347826087,52,0.0030144927536231883,0.09043478260869565,0.636014344715647,0.5502825174254746,351.1423884057971,282.6,1.668392369448006,0.29938086378304224,22449.23076923077,89380
race_score>=0.30_odds_100plus_top10_by_ticket_score,5544,55440,5544000,3750820,-1793180,0.6765548340548341,197,0.0035533910533910532,0.035533910533910536,0.3883389451860162,0.3000060136596823,271.8276857864358,203.9,2.675915979510679,0.3028163376897318,19039.695431472082,63520
race_score>=0.30_odds_all_ev>=3.0_top3,5540,16615,1661500,1124040,-537460,0.6765212157688836,3,0.00018055973517905506,0.0005415162454873646,0.38832338207566314,0.3000060136596823,3891.8746313572074,3082.0,11.713980804610886,3.0236215560572135,374680.0,778840
race_score>=0.30_odds_30plus_ev>=3.0_top3,5540,16615,1661500,1124040,-537460,0.6765212157688836,3,0.00018055973517905506,0.0005415162454873646,0.38832338207566314,0.3000060136596823,3891.8746313572074,3082.0,11.713980804610886,3.0236215560572135,374680.0,778840
race_score>=0.30_odds_50plus_ev>=3.0_top3,5540,16615,1661500,1124040,-537460,0.6765212157688836,3,0.00018055973517905506,0.0005415162454873646,0.38832338207566314,0.3000060136596823,3891.8746313572074,3082.0,11.713980804610886,3.0236215560572135,374680.0,778840
race_score>=0.30_odds_100plus_ev>=3.0_top3,5540,16615,1661500,1124040,-537460,0.6765212157688836,3,0.00018055973517905506,0.0005415162454873646,0.38832338207566314,0.3000060136596823,3891.8746313572074,3082.0,11.713980804610886,3.0236215560572135,374680.0,778840
race_score>=0.30_odds_all_top3_by_value_score,5544,16632,1663200,1124040,-539160,0.6758297258297258,3,0.00018037518037518038,0.0005411255411255411,0.38833894518601614,0.3000060136596823,3888.5253547378547,3077.25,11.704821320419292,2.3225047534516414,374680.0,778840
race_score>=0.30_odds_all_top3_by_expected_roi,5544,16632,1663200,1124040,-539160,0.6758297258297258,3,0.00018037518037518038,0.0005411255411255411,0.38833894518601614,0.3000060136596823,3888.5253547378547,3077.25,11.704821320419292,2.3225047534516414,374680.0,778840
race_score>=0.30_odds_all_ev>=0.8_top3,5544,16632,1663200,1124040,-539160,0.6758297258297258,3,0.00018037518037518038,0.0005411255411255411,0.38833894518601614,0.3000060136596823,3888.5253547378547,3077.25,11.704821320419292,2.3225047534516414,374680.0,778840
race_score>=0.30_odds_all_ev>=1.0_top3,5544,16632,1663200,1124040,-539160,0.6758297258297258,3,0.00018037518037518038,0.0005411255411255411,0.38833894518601614,0.3000060136596823,3888.5253547378547,3077.25,11.704821320419292,2.3225047534516414,374680.0,778840
race_score>=0.30_odds_all_ev>=1.2_top3,5544,16632,1663200,1124040,-539160,0.6758297258297258,3,0.00018037518037518038,0.0005411255411255411,0.38833894518601614,0.3000060136596823,3888.5253547378547,3077.25,11.704821320419292,2.3225047534516414,374680.0,778840
race_score>=0.30_odds_all_ev>=1.5_top3,5544,16632,1663200,1124040,-539160,0.6758297258297258,3,0.00018037518037518038,0.0005411255411255411,0.38833894518601614,0.3000060136596823,3888.5253547378547,3077.25,11.704821320419292,2.3225047534516414,374680.0,778840
race_score>=0.30_odds_all_ev>=2.0_top3,5544,16632,1663200,1124040,-539160,0.6758297258297258,3,0.00018037518037518038,0.0005411255411255411,0.38833894518601614,0.3000060136596823,3888.5253547378547,3077.25,11.704821320419292,2.3225047534516414,374680.0,778840
race_score>=0.30_odds_30plus_top3_by_value_score,5544,16632,1663200,1124040,-539160,0.6758297258297258,3,0.00018037518037518038,0.0005411255411255411,0.38833894518601614,0.3000060136596823,3888.5253547378547,3077.25,11.704821320419292,2.3225047534516414,374680.0,778840
race_score>=0.30_odds_30plus_top3_by_expected_roi,5544,16632,1663200,1124040,-539160,0.6758297258297258,3,0.00018037518037518038,0.0005411255411255411,0.38833894518601614,0.3000060136596823,3888.5253547378547,3077.25,11.704821320419292,2.3225047534516414,374680.0,778840
race_score>=0.30_odds_30plus_ev>=0.8_top3,5544,16632,1663200,1124040,-539160,0.6758297258297258,3,0.00018037518037518038,0.0005411255411255411,0.38833894518601614,0.3000060136596823,3888.5253547378547,3077.25,11.704821320419292,2.3225047534516414,374680.0,778840
race_score>=0.30_odds_30plus_ev>=1.0_top3,5544,16632,1663200,1124040,-539160,0.6758297258297258,3,0.00018037518037518038,0.0005411255411255411,0.38833894518601614,0.3000060136596823,3888.5253547378547,3077.25,11.704821320419292,2.3225047534516414,374680.0,778840
race_score>=0.30_odds_30plus_ev>=1.2_top3,5544,16632,1663200,1124040,-539160,0.6758297258297258,3,0.00018037518037518038,0.0005411255411255411,0.38833894518601614,0.3000060136596823,3888.5253547378547,3077.25,11.704821320419292,2.3225047534516414,374680.0,778840
race_score>=0.30_odds_30plus_ev>=1.5_top3,5544,16632,1663200,1124040,-539160,0.6758297258297258,3,0.00018037518037518038,0.0005411255411255411,0.38833894518601614,0.3000060136596823,3888.5253547378547,3077.25,11.704821320419292,2.3225047534516414,374680.0,778840
race_score>=0.30_odds_30plus_ev>=2.0_top3,5544,16632,1663200,1124040,-539160,0.6758297258297258,3,0.00018037518037518038,0.0005411255411255411,0.38833894518601614,0.3000060136596823,3888.5253547378547,3077.25,11.704821320419292,2.3225047534516414,374680.0,778840
race_score>=0.30_odds_50plus_top3_by_value_score,5544,16632,1663200,1124040,-539160,0.6758297258297258,3,0.00018037518037518038,0.0005411255411255411,0.38833894518601614,0.3000060136596823,3888.5253547378547,3077.25,11.704821320419292,2.3225047534516414,374680.0,778840
race_score>=0.30_odds_50plus_top3_by_expected_roi,5544,16632,1663200,1124040,-539160,0.6758297258297258,3,0.00018037518037518038,0.0005411255411255411,0.38833894518601614,0.3000060136596823,3888.5253547378547,3077.25,11.704821320419292,2.3225047534516414,374680.0,778840
race_score>=0.30_odds_50plus_ev>=0.8_top3,5544,16632,1663200,1124040,-539160,0.6758297258297258,3,0.00018037518037518038,0.0005411255411255411,0.38833894518601614,0.3000060136596823,3888.5253547378547,3077.25,11.704821320419292,2.3225047534516414,374680.0,778840
race_score>=0.30_odds_50plus_ev>=1.0_top3,5544,16632,1663200,1124040,-539160,0.6758297258297258,3,0.00018037518037518038,0.0005411255411255411,0.38833894518601614,0.3000060136596823,3888.5253547378547,3077.25,11.704821320419292,2.3225047534516414,374680.0,778840
race_score>=0.30_odds_50plus_ev>=1.2_top3,5544,16632,1663200,1124040,-539160,0.6758297258297258,3,0.00018037518037518038,0.0005411255411255411,0.38833894518601614,0.3000060136596823,3888.5253547378547,3077.25,11.704821320419292,2.3225047534516414,374680.0,778840
race_score>=0.30_odds_50plus_ev>=1.5_top3,5544,16632,1663200,1124040,-539160,0.6758297258297258,3,0.00018037518037518038,0.0005411255411255411,0.38833894518601614,0.3000060136596823,3888.5253547378547,3077.25,11.704821320419292,2.3225047534516414,374680.0,778840
race_score>=0.30_odds_50plus_ev>=2.0_top3,5544,16632,1663200,1124040,-539160,0.6758297258297258,3,0.00018037518037518038,0.0005411255411255411,0.38833894518601614,0.3000060136596823,3888.5253547378547,3077.25,11.704821320419292,2.3225047534516414,374680.0,778840
race_score>=0.30_odds_100plus_top3_by_value_score,5544,16632,1663200,1124040,-539160,0.6758297258297258,3,0.00018037518037518038,0.0005411255411255411,0.38833894518601614,0.3000060136596823,3888.5253547378547,3077.25,11.704821320419292,2.3225047534516414,374680.0,778840
race_score>=0.30_odds_100plus_top3_by_expected_roi,5544,16632,1663200,1124040,-539160,0.6758297258297258,3,0.00018037518037518038,0.0005411255411255411,0.38833894518601614,0.3000060136596823,3888.5253547378547,3077.25,11.704821320419292,2.3225047534516414,374680.0,778840
race_score>=0.30_odds_100plus_ev>=0.8_top3,5544,16632,1663200,1124040,-539160,0.6758297258297258,3,0.00018037518037518038,0.0005411255411255411,0.38833894518601614,0.3000060136596823,3888.5253547378547,3077.25,11.704821320419292,2.3225047534516414,374680.0,778840
race_score>=0.30_odds_100plus_ev>=1.0_top3,5544,16632,1663200,1124040,-539160,0.6758297258297258,3,0.00018037518037518038,0.0005411255411255411,0.38833894518601614,0.3000060136596823,3888.5253547378547,3077.25,11.704821320419292,2.3225047534516414,374680.0,778840
race_score>=0.30_odds_100plus_ev>=1.2_top3,5544,16632,1663200,1124040,-539160,0.6758297258297258,3,0.00018037518037518038,0.0005411255411255411,0.38833894518601614,0.3000060136596823,3888.5253547378547,3077.25,11.704821320419292,2.3225047534516414,374680.0,778840
race_score>=0.30_odds_100plus_ev>=1.5_top3,5544,16632,1663200,1124040,-539160,0.6758297258297258,3,0.00018037518037518038,0.0005411255411255411,0.38833894518601614,0.3000060136596823,3888.5253547378547,3077.25,11.704821320419292,2.3225047534516414,374680.0,778840
race_score>=0.30_odds_100plus_ev>=2.0_top3,5544,16632,1663200,1124040,-539160,0.6758297258297258,3,0.00018037518037518038,0.0005411255411255411,0.38833894518601614,0.3000060136596823,3888.5253547378547,3077.25,11.704821320419292,2.3225047534516414,374680.0,778840
race_score>=0.45_odds_100_1000_ev>=2.0,1047,27770,2777000,1876140,-900860,0.6755995678790061,27,0.0009722722362261433,0.025787965616045846,0.5624279177299103,0.4500906629413549,709.255459128556,735.95,2.815821376404629,2.0000211103249153,69486.66666666667,97440
race_score>=0.45_odds_50_1000_ev>=2.0,1047,27772,2777200,1876140,-901060,0.6755509145902348,27,0.0009722022180613568,0.025787965616045846,0.5624215068734356,0.4500906629413549,709.2112883479765,735.9,2.8157774734966385,2.0000211103249153,69486.66666666667,97440
race_score>=0.45_odds_100plus_top20_by_ticket_score,1047,20940,2094000,1412950,-681050,0.6747612225405921,57,0.0027220630372492838,0.054441260744985676,0.5736019947536628,0.4500906629413549,378.874517669532,265.7,2.137376761397598,0.3028163376897318,24788.59649122807,97180
race_score>=0.45_odds_100_1000_top20_by_ticket_score,1047,20940,2094000,1412950,-681050,0.6747612225405921,57,0.0027220630372492838,0.054441260744985676,0.5736019947536628,0.4500906629413549,323.5499379178606,254.9,1.8435749487262871,0.3028163376897318,24788.59649122807,97180
race_score>=0.60_odds_100plus_top20_by_ticket_score,390,7800,780000,526300,-253700,0.6747435897435897,18,0.002307692307692308,0.046153846153846156,0.6653700840469999,0.600386893407325,403.2360512820513,277.55,1.922180592016667,0.3028163376897318,29238.88888888889,89380
race_score>=0.60_odds_100_1000_top20_by_ticket_score,390,7800,780000,526300,-253700,0.6747435897435897,18,0.002307692307692308,0.046153846153846156,0.6653700840469999,0.600386893407325,334.4801282051282,264.8,1.6034312569502258,0.3028163376897318,29238.88888888889,89380
race_score>=0.30_odds_50_500_top30_by_value_score,5544,166292,16629200,11219830,-5409370,0.6747065403026002,417,0.0025076371683544606,0.07521645021645022,0.3883448187238646,0.3000060136596823,324.5937116638203,333.2,2.0771854400856014,0.04844267938954398,26906.067146282974,71150
race_score>=0.30_odds_50_500_top30_by_expected_roi,5544,166292,16629200,11219830,-5409370,0.6747065403026002,417,0.0025076371683544606,0.07521645021645022,0.3883448187238646,0.3000060136596823,324.5937116638203,333.2,2.0771854400856014,0.04844267938954398,26906.067146282974,71150
race_score>=0.30_odds_30_500_top30_by_value_score,5544,166312,16631200,11206390,-5424810,0.6738172831786041,425,0.0025554379720044255,0.07665945165945166,0.3883399398091657,0.3000060136596823,324.038159002357,332.9,2.0779129443551776,0.18360954265856846,26367.976470588233,71150
race_score>=0.30_odds_30_500_top30_by_expected_roi,5544,166312,16631200,11206390,-5424810,0.6738172831786041,425,0.0025554379720044255,0.07665945165945166,0.3883399398091657,0.3000060136596823,324.038159002357,332.9,2.0779129443551776,0.18360954265856846,26367.976470588233,71150
race_score>=0.45_odds_50plus_top20_by_ticket_score,1047,20940,2094000,1410920,-683080,0.6737917860553964,95,0.004536771728748806,0.09073543457497613,0.5736019947536628,0.4500906629413549,290.1118672397326,185.8,1.7110560835274757,0.17365816109905696,14851.78947368421,85380
race_score>=0.45_odds_100_1000_ev>=1.5,1047,50890,5089000,3426080,-1662920,0.673232462173315,56,0.0011004126547455295,0.05348615090735435,0.5708578515365123,0.4500906629413549,668.3937040675968,688.9,2.3205455930729695,1.500004957276258,61180.0,97440
race_score>=0.45_odds_50_1000_ev>=1.5,1047,50909,5090900,3426080,-1664820,0.672981201752146,56,0.001100001964289222,0.05348615090735435,0.5708245698840995,0.4500906629413549,668.1776188886051,688.7,2.3203251907560007,1.500004957276258,61180.0,97440
race_score>=0.40_odds_50_1000_ev>=3.0,1402,14481,1448100,974410,-473690,0.6728886126648712,13,0.0008977280574545956,0.009272467902995721,0.49066446542496633,0.4000830274338122,732.3657344106069,761.7,3.928511830894358,3.0001523460422597,74954.61538461539,97440
race_score>=0.40_odds_100_1000_ev>=3.0,1402,14481,1448100,974410,-473690,0.6728886126648712,13,0.0008977280574545956,0.009272467902995721,0.49066446542496633,0.4000830274338122,732.3657344106069,761.7,3.928511830894358,3.0001523460422597,74954.61538461539,97440
race_score>=0.00_odds_100_1000_ev>=2.0_top5,13305,66493,6649300,4472290,-2177010,0.672595611568135,72,0.0010828207480486668,0.005411499436302142,0.2945063870181633,0.0065552327649241,713.3389559803287,746.5,5.711009524586499,2.006424070245382,62115.13888888889,98110
race_score>=0.00_odds_50_500_ev>=2.0_top5,13107,63891,6389100,4297220,-2091880,0.6725861232411451,131,0.0020503670313502683,0.009994659342336155,0.28380504370700604,0.0065552327649241,366.96796888450643,383.7,3.896030516427597,2.000176735711383,32803.20610687023,49890
race_score>=0.00_odds_30_500_ev>=2.0_top5,13108,63900,6390000,4297220,-2092780,0.6724913928012519,131,0.002050078247261346,0.009993896856881294,0.2837864020956038,0.0065552327649241,366.8926979655712,383.7,3.895900459436845,2.000176735711383,32803.20610687023,49890
race_score>=0.30_odds_50_1000_top20_by_value_score,5544,110880,11088000,7455970,-3632030,0.6724359668109668,135,0.0012175324675324675,0.024350649350649352,0.3883389451860162,0.3000060136596823,669.8881565656566,688.7,3.866498131593087,0.7803606662748898,55229.40740740741,97440
race_score>=0.30_odds_50_1000_top20_by_expected_roi,5544,110880,11088000,7455970,-3632030,0.6724359668109668,135,0.0012175324675324675,0.024350649350649352,0.3883389451860162,0.3000060136596823,669.8881565656566,688.7,3.866498131593087,0.7803606662748898,55229.40740740741,97440
race_score>=0.00_odds_100_1000_ev>=1.5_top5,13305,66515,6651500,4472290,-2179210,0.6723731489137789,72,0.0010824626024205067,0.005411499436302142,0.2944665855349245,0.0065552327649241,713.1936540629933,746.4,5.709692487450491,1.500638503001582,62115.13888888889,98110
race_score>=0.00_odds_100_1000_ev>=1.0_top5,13305,66525,6652500,4472290,-2180210,0.672272078166103,72,0.0010822998872604284,0.005411499436302142,0.29444996080498365,0.0065552327649241,713.1392724539647,746.4,5.709042386765295,1.2241244009980692,62115.13888888889,98110
race_score>=0.00_odds_100_1000_ev>=1.2_top5,13305,66525,6652500,4472290,-2180210,0.672272078166103,72,0.0010822998872604284,0.005411499436302142,0.29444996080498365,0.0065552327649241,713.1392724539647,746.4,5.709042386765295,1.2241244009980692,62115.13888888889,98110
race_score>=0.00_odds_100_1000_ev>=0.8_top5,13306,66526,6652600,4472290,-2180310,0.672261972762529,72,0.0010822836184348975,0.00541109274011724,0.29444720883585285,0.0065552327649241,713.1300649370171,746.4,5.708969713557487,0.8743845641377307,62115.13888888889,98110
race_score>=0.70_odds_100_1000_top30_by_ticket_score,80,2400,240000,161340,-78660,0.67225,6,0.0025,0.075,0.7278454278400386,0.70091851553384,354.0894166666667,283.95,1.4141636624123566,0.29938086378304224,26890.0,45010
race_score>=0.00_odds_100_1000_top5_by_value_score,13306,66530,6653000,4472290,-2180710,0.6722215541860814,72,0.001082218548023448,0.00541109274011724,0.2944362017866162,0.0065552327649241,713.106819479934,746.3499999999999,5.7086653131193845,0.5883216786728264,62115.13888888889,98110
race_score>=0.00_odds_100_1000_top5_by_expected_roi,13306,66530,6653000,4472290,-2180710,0.6722215541860814,72,0.001082218548023448,0.00541109274011724,0.2944362017866162,0.0065552327649241,713.106819479934,746.3499999999999,5.7086653131193845,0.5883216786728264,62115.13888888889,98110
race_score>=0.40_odds_100plus_top30_by_ticket_score,1444,43320,4332000,2911540,-1420460,0.6721006463527239,128,0.0029547553093259462,0.0886426592797784,0.5315119941259789,0.4000830274338122,414.6137903970452,284.0,2.3692700518839067,0.29938086378304224,22746.40625,128310
race_score>=0.00_odds_100_1000_ev>=3.0_top5,13244,65071,6507100,4373220,-2133880,0.6720689708164928,69,0.0010603802000891335,0.0052099063726970705,0.29055716920502006,0.0065552327649241,713.8388175992377,746.2,5.7765023943730185,3.0001598496152257,63380.0,98110
race_score>=0.00_odds_50_1000_ev>=3.0_top5,13244,65092,6509200,4373220,-2135980,0.6718521477293676,69,0.001060038099920113,0.0052099063726970705,0.29050054049283425,0.0065552327649241,713.2923385362258,746.0,5.77651803651753,3.0001598496152257,63380.0,98110
race_score>=0.40_odds_50_1000_top30_by_value_score,1444,43320,4332000,2910320,-1421680,0.6718190212373037,47,0.001084949215143121,0.03254847645429363,0.5315119941259789,0.4000830274338122,692.5837142197599,716.05,2.858069193596273,0.983157670521362,61921.70212765958,97440
race_score>=0.40_odds_50_1000_top30_by_expected_roi,1444,43320,4332000,2910320,-1421680,0.6718190212373037,47,0.001084949215143121,0.03254847645429363,0.5315119941259789,0.4000830274338122,692.5837142197599,716.05,2.858069193596273,0.983157670521362,61921.70212765958,97440
race_score>=0.40_odds_100_1000_top30_by_value_score,1444,43320,4332000,2910320,-1421680,0.6718190212373037,47,0.001084949215143121,0.03254847645429363,0.5315119941259789,0.4000830274338122,692.8324261311174,716.1,2.8577727039415577,0.3751107041946511,61921.70212765958,97440
race_score>=0.40_odds_100_1000_top30_by_expected_roi,1444,43320,4332000,2910320,-1421680,0.6718190212373037,47,0.001084949215143121,0.03254847645429363,0.5315119941259789,0.4000830274338122,692.8324261311174,716.1,2.8577727039415577,0.3751107041946511,61921.70212765958,97440
race_score>=0.30_odds_100_1000_top20_by_value_score,5544,110880,11088000,7447570,-3640430,0.671678391053391,134,0.0012085137085137085,0.024170274170274172,0.3883389451860162,0.3000060136596823,670.2135542929293,688.8,3.8661093746058377,0.6096782924956936,55578.880597014926,97440
race_score>=0.30_odds_100_1000_top20_by_expected_roi,5544,110880,11088000,7447570,-3640430,0.671678391053391,134,0.0012085137085137085,0.024170274170274172,0.3883389451860162,0.3000060136596823,670.2135542929293,688.8,3.8661093746058377,0.6096782924956936,55578.880597014926,97440
race_score>=0.45_odds_50_500_ev>=1.0,1047,31407,3140700,2108880,-1031820,0.6714681440443213,69,0.002196962460597956,0.0659025787965616,0.5628071658457054,0.4500906629413549,349.233005380966,361.9,1.5236040844450163,1.0000616816895924,30563.478260869564,85380
race_score>=0.45_odds_30_500_ev>=1.0,1047,31412,3141200,2108880,-1032320,0.6713612632115116,69,0.002196612759454985,0.0659025787965616,0.5627947030908524,0.4500906629413549,349.1847446835604,361.9,1.5235321085779443,1.0000616816895924,30563.478260869564,85380
race_score>=0.40_odds_50plus_top10_by_ticket_score,1444,14440,1444000,969340,-474660,0.6712880886426593,68,0.004709141274238227,0.04709141274238227,0.5315119941259788,0.4000830274338122,224.02096952908585,147.3,1.6379003341873166,0.1737814614624854,14255.0,85380
race_score>=0.65_odds_50_1000_top10_by_value_score,241,2410,241000,161700,-79300,0.670954356846473,2,0.0008298755186721991,0.008298755186721992,0.6911747324963766,0.6503128804449101,811.3700000000001,837.05,2.996909793771438,1.6814788914765142,80850.0,91890
race_score>=0.65_odds_50_1000_top10_by_expected_roi,241,2410,241000,161700,-79300,0.670954356846473,2,0.0008298755186721991,0.008298755186721992,0.6911747324963766,0.6503128804449101,811.3700000000001,837.05,2.996909793771438,1.6814788914765142,80850.0,91890
race_score>=0.65_odds_100_1000_top10_by_value_score,241,2410,241000,161700,-79300,0.670954356846473,2,0.0008298755186721991,0.008298755186721992,0.6911747324963766,0.6503128804449101,811.3700000000001,837.05,2.996909793771438,1.6814788914765142,80850.0,91890
race_score>=0.65_odds_100_1000_top10_by_expected_roi,241,2410,241000,161700,-79300,0.670954356846473,2,0.0008298755186721991,0.008298755186721992,0.6911747324963766,0.6503128804449101,811.3700000000001,837.05,2.996909793771438,1.6814788914765142,80850.0,91890
race_score>=0.30_odds_50_1000_top10_by_value_score,5544,55440,5544000,3718940,-1825060,0.6708044733044733,60,0.0010822510822510823,0.010822510822510822,0.3883389451860162,0.3000060136596823,719.5211580086581,745.2,4.5815043434154505,1.1840083983066996,61982.333333333336,97440
race_score>=0.30_odds_50_1000_top10_by_expected_roi,5544,55440,5544000,3718940,-1825060,0.6708044733044733,60,0.0010822510822510823,0.010822510822510822,0.3883389451860162,0.3000060136596823,719.5211580086581,745.2,4.5815043434154505,1.1840083983066996,61982.333333333336,97440
race_score>=0.45_odds_100plus_top30_by_ticket_score,1047,31410,3141000,2105500,-1035500,0.6703279210442534,86,0.002737981534543139,0.08213944603629417,0.5736019947536627,0.4500906629413549,431.2337503979624,294.55,2.247317449477835,0.29938086378304224,24482.558139534885,128310
race_score>=0.30_odds_50_500_ev>=1.5,5530,131342,13134200,8801310,-4332890,0.6701062874023541,310,0.002360250338810129,0.05605786618444846,0.3629059740478665,0.3000060136596823,332.2332300406572,340.4,2.3207291099071146,1.5000001205609725,28391.322580645163,71150
race_score>=0.30_odds_30_500_ev>=1.5,5530,131358,13135800,8801310,-4334490,0.6700246654181702,310,0.002359962849617077,0.05605786618444846,0.3629025650797101,0.3000060136596823,332.19832518765514,340.4,2.3206586556336672,1.5000001205609725,28391.322580645163,71150
race_score>=0.00_odds_30_500_ev>=0.8,13306,656105,65610500,43960620,-21649880,0.6700241577186579,2290,0.0034902949985139574,0.1721028107620622,0.301331798948538,0.0065552327649241,274.1081784165644,270.8,1.7892454331269558,0.8000001866797052,19196.77729257642,85380
race_score>=0.00_odds_50_500_ev>=0.8,13306,647826,64782600,43380310,-21402290,0.6696290361918169,2148,0.00331570514304767,0.16143093341349768,0.3024874021845249,0.0065552327649241,277.08383809850176,273.3,1.7972875988369208,0.8000001866797052,20195.675046554934,85380
race_score>=0.45_odds_30plus_top20_by_ticket_score,1047,20940,2094000,1401730,-692270,0.6694030563514805,128,0.006112702960840497,0.12225405921680993,0.5736019947536628,0.4500906629413549,253.6440687679083,155.14999999999998,1.5158483631723507,0.10021473224036068,10951.015625,85380
race_score>=0.30_odds_100_1000_top10_by_value_score,5544,55440,5544000,3710540,-1833460,0.6692893217893218,59,0.0010642135642135642,0.010642135642135642,0.3883389451860162,0.3000060136596823,719.5990404040404,745.2,4.581467309305811,1.1538103840607477,62890.50847457627,97440
race_score>=0.30_odds_100_1000_top10_by_expected_roi,5544,55440,5544000,3710540,-1833460,0.6692893217893218,59,0.0010642135642135642,0.010642135642135642,0.3883389451860162,0.3000060136596823,719.5990404040404,745.2,4.581467309305811,1.1538103840607477,62890.50847457627,97440
race_score>=0.00_odds_50_1000_ev>=2.0_top5,13305,66497,6649700,4448180,-2201520,0.6689294253876115,72,0.0010827556130351746,0.005411499436302142,0.294497463373464,0.0065552327649241,712.8022798020962,746.3,5.7118846135074435,2.032991222765161,61780.27777777778,98110
race_score>=0.60_odds_all_top1_by_ticket_score,390,390,39000,26080,-12920,0.6687179487179488,7,0.017948717948717947,0.017948717948717947,0.6653700840469999,0.600386893407325,180.90102564102563,117.25,1.0645147761192464,0.04237550357529703,3725.714285714286,9880
race_score>=0.00_odds_50_1000_ev>=1.5_top5,13306,66522,6652200,4448180,-2204020,0.6686780313279818,72,0.0010823486966717777,0.00541109274011724,0.29445390149178446,0.0065552327649241,712.6092811400739,746.25,5.710395079434037,1.500638503001582,61780.27777777778,98110
race_score>=0.00_odds_50_1000_ev>=1.0_top5,13306,66528,6652800,4448180,-2204620,0.6686177248677249,72,0.0010822510822510823,0.00541109274011724,0.29444170514578466,0.0065552327649241,712.5675444925444,746.2,5.710004635294403,1.2369358025176647,61780.27777777778,98110
race_score>=0.00_odds_50_1000_ev>=1.2_top5,13306,66528,6652800,4448180,-2204620,0.6686177248677249,72,0.0010822510822510823,0.00541109274011724,0.29444170514578466,0.0065552327649241,712.5675444925444,746.2,5.710004635294403,1.2369358025176647,61780.27777777778,98110
race_score>=0.00_odds_50_1000_top5_by_value_score,13306,66530,6653000,4448180,-2204820,0.6685976251315197,72,0.001082218548023448,0.00541109274011724,0.2944362017866162,0.0065552327649241,712.5484518262438,746.2,5.709859811253291,0.8743845641377307,61780.27777777778,98110
race_score>=0.00_odds_50_1000_top5_by_expected_roi,13306,66530,6653000,4448180,-2204820,0.6685976251315197,72,0.001082218548023448,0.00541109274011724,0.2944362017866162,0.0065552327649241,712.5484518262438,746.2,5.709859811253291,0.8743845641377307,61780.27777777778,98110
race_score>=0.00_odds_50_1000_ev>=0.8_top5,13306,66530,6653000,4448180,-2204820,0.6685976251315197,72,0.001082218548023448,0.00541109274011724,0.2944362017866162,0.0065552327649241,712.5484518262438,746.2,5.709859811253291,0.8743845641377307,61780.27777777778,98110
race_score>=0.40_odds_30_500_top20_by_ticket_score,1444,28880,2888000,1930200,-957800,0.6683518005540167,195,0.0067520775623268695,0.13504155124653738,0.5315119941259788,0.4000830274338122,167.41044667590026,131.4,1.167065545963623,0.10021473224036068,9898.461538461539,85380
race_score>=0.50_odds_30plus_top20_by_ticket_score,793,15860,1586000,1057850,-528150,0.6669924337957125,92,0.005800756620428752,0.11601513240857503,0.6056784390921904,0.5001748065414573,267.79464060529637,163.95,1.4942545957052447,0.10021473224036068,11498.369565217392,85380
race_score>=0.40_odds_50_500_ev>=1.2,1444,34868,3486800,2325500,-1161300,0.6669439027188253,75,0.0021509693701961684,0.05193905817174515,0.5034177129588117,0.4000830274338122,347.09913100837446,359.75,1.8182093350544282,1.2000071515999542,31006.666666666668,49890
race_score>=0.40_odds_30_500_ev>=1.2,1444,34873,3487300,2325500,-1161800,0.6668482780374502,75,0.00215066096980472,0.05193905817174515,0.5034058781573724,0.4000830274338122,347.0562469532303,359.7,1.818132590811841,1.2000071515999542,31006.666666666668,49890
race_score>=0.00_odds_100_1000_top20_by_ticket_score,13306,266090,26609000,17739030,-8869970,0.6666552670149197,862,0.0032395054304934423,0.06478280474973697,0.29446253840918574,0.0065552327649241,305.1212187605697,238.3,2.9359739674467673,0.026534490769457176,20578.921113689095,98110
race_score>=0.30_odds_50_1000_top30_by_value_score,5544,166320,16632000,11077450,-5554550,0.6660323472823473,214,0.0012866762866762867,0.0386002886002886,0.38833894518601614,0.3000060136596823,635.2551899951899,649.6,3.417911214380239,0.5558566894845547,51763.785046728975,99880
race_score>=0.30_odds_50_1000_top30_by_expected_roi,5544,166320,16632000,11077450,-5554550,0.6660323472823473,214,0.0012866762866762867,0.0386002886002886,0.38833894518601614,0.3000060136596823,635.2551899951899,649.6,3.417911214380239,0.5558566894845547,51763.785046728975,99880
race_score>=0.40_odds_50plus_top20_by_ticket_score,1444,28880,2888000,1923300,-964700,0.6659626038781163,136,0.004709141274238227,0.09418282548476455,0.5315119941259788,0.4000830274338122,273.5838746537396,176.3,1.8044389997318033,0.17365816109905696,14141.911764705883,85380
race_score>=0.00_odds_100plus_top10_by_ticket_score,13306,133060,13306000,8857450,-4448550,0.6656733804298812,463,0.0034796332481587255,0.034796332481587255,0.2944362017866162,0.0065552327649241,268.49190290094697,202.9,3.146686202784265,0.3028163376897318,19130.561555075594,90720
race_score>=0.30_odds_100_1000_top30_by_value_score,5544,166316,16631600,11069050,-5562550,0.6655433031097429,213,0.001280694581399264,0.038419913419913417,0.38834021358383597,0.3000060136596823,636.0864973905096,650.0,3.4167546972144796,0.24440891867107606,51967.37089201878,99880
race_score>=0.30_odds_100_1000_top30_by_expected_roi,5544,166316,16631600,11069050,-5562550,0.6655433031097429,213,0.001280694581399264,0.038419913419913417,0.38834021358383597,0.3000060136596823,636.0864973905096,650.0,3.4167546972144796,0.24440891867107606,51967.37089201878,99880
race_score>=0.55_odds_50_1000_ev>=2.0,575,13793,1379300,916380,-462920,0.6643804828536214,12,0.0008700065250489379,0.020869565217391306,0.630311430201741,0.5502825174254746,741.6352352642646,766.8,2.7130861693679096,2.0000211103249153,76365.0,95390
race_score>=0.55_odds_100_1000_ev>=2.0,575,13793,1379300,916380,-462920,0.6643804828536214,12,0.0008700065250489379,0.020869565217391306,0.630311430201741,0.5502825174254746,741.6352352642646,766.8,2.7130861693679096,2.0000211103249153,76365.0,95390
race_score>=0.30_odds_50_500_ev>=2.0,5356,72110,7211000,4789730,-2421270,0.6642254888364998,159,0.0022049646373595894,0.029686333084391336,0.355325067598573,0.3000060136596823,352.41279434197753,364.3,2.8102982037123465,2.000011886198645,30124.088050314465,49890
race_score>=0.30_odds_30_500_ev>=2.0,5356,72112,7211200,4789730,-2421470,0.6642070667850011,159,0.0022049034834701574,0.029686333084391336,0.3553238669991846,0.3000060136596823,352.4043293765254,364.3,2.8102810746722047,2.000011886198645,30124.088050314465,49890
race_score>=0.55_odds_50plus_top1_by_ticket_score,575,575,57500,38130,-19370,0.6631304347826087,4,0.006956521739130435,0.006956521739130435,0.636014344715647,0.5502825174254746,189.67669565217392,131.3,1.222531849179577,0.2351477209984394,9532.5,10170
race_score>=0.55_odds_50_500_top1_by_ticket_score,575,575,57500,38130,-19370,0.6631304347826087,4,0.006956521739130435,0.006956521739130435,0.636014344715647,0.5502825174254746,163.16417391304347,128.4,1.0638204108446332,0.22910032666161087,9532.5,10170
race_score>=0.55_odds_50_1000_top1_by_ticket_score,575,575,57500,38130,-19370,0.6631304347826087,4,0.006956521739130435,0.006956521739130435,0.636014344715647,0.5502825174254746,184.02295652173913,131.1,1.1875951528918782,0.2351477209984394,9532.5,10170
race_score>=0.00_odds_30_500_ev>=1.0,13306,536869,53686900,35592230,-18094670,0.6629593066465004,1694,0.003155332120126139,0.12731098752442507,0.29616608002037137,0.0065552327649241,287.1102624662627,287.7,1.987466764450791,1.000001713883166,21010.761511216057,85380
race_score>=0.00_odds_50_500_ev>=1.0,13306,532285,53228500,35286530,-17941970,0.6629255004367961,1620,0.00304348234498436,0.12174958665263791,0.29705979109159963,0.0065552327649241,289.22645462487196,289.3,1.992705430126504,1.000001713883166,21781.80864197531,85380
race_score>=0.50_odds_30_500_top30_by_value_score,793,23790,2379000,1576790,-802210,0.6627952921395545,49,0.0020596889449348466,0.0617906683480454,0.6056784390921905,0.5001748065414573,358.4780369903321,370.7,1.4239272570863564,0.523534088315516,32179.38775510204,49810
race_score>=0.50_odds_30_500_top30_by_expected_roi,793,23790,2379000,1576790,-802210,0.6627952921395545,49,0.0020596889449348466,0.0617906683480454,0.6056784390921905,0.5001748065414573,358.4780369903321,370.7,1.4239272570863564,0.523534088315516,32179.38775510204,49810
race_score>=0.50_odds_50_500_top30_by_value_score,793,23790,2379000,1576790,-802210,0.6627952921395545,49,0.0020596889449348466,0.0617906683480454,0.6056784390921905,0.5001748065414573,358.4822236233712,370.7,1.4239094096192098,0.3601111416584723,32179.38775510204,49810
race_score>=0.50_odds_50_500_top30_by_expected_roi,793,23790,2379000,1576790,-802210,0.6627952921395545,49,0.0020596889449348466,0.0617906683480454,0.6056784390921905,0.5001748065414573,358.4822236233712,370.7,1.4239094096192098,0.3601111416584723,32179.38775510204,49810
race_score>=0.00_odds_50_1000_ev>=0.8,13306,1114598,111459800,73776420,-37683380,0.6619105722421895,2595,0.0023281936626478785,0.19502480084172555,0.31428241143731767,0.0065552327649241,465.1858027737354,429.7,2.208324100837091,0.8000001866797052,28430.219653179192,99960
race_score>=0.50_odds_50_500_top30_by_ticket_score,793,23790,2379000,1571200,-807800,0.6604455653635981,113,0.0047498949138293405,0.1424968474148802,0.6056784390921905,0.5001748065414573,207.27027322404373,177.8,1.0650837138409157,0.1487841677873367,13904.424778761062,85380
race_score>=0.55_odds_50_1000_top30_by_ticket_score,575,17250,1725000,1137090,-587910,0.6591826086956522,70,0.004057971014492754,0.12173913043478261,0.636014344715647,0.5502825174254746,288.2303594202898,212.9,1.4278787037956087,0.15915337705810598,16244.142857142857,89380
race_score>=0.40_odds_50_500_top20_by_ticket_score,1444,28880,2888000,1903350,-984650,0.6590547091412743,144,0.004986149584487534,0.0997229916897507,0.5315119941259788,0.4000830274338122,190.2256786703601,156.9,1.2911326133803351,0.16062897001754137,13217.708333333334,85380
race_score>=0.00_odds_50_1000_top10_by_value_score,13306,133060,13306000,8767470,-4538530,0.6589110175860514,161,0.0012099804599428829,0.01209980459942883,0.2944362017866162,0.0065552327649241,670.3890079663311,698.1,4.947634880837092,0.4726054998296042,54456.335403726705,99440
race_score>=0.00_odds_50_1000_top10_by_expected_roi,13306,133060,13306000,8767470,-4538530,0.6589110175860514,161,0.0012099804599428829,0.01209980459942883,0.2944362017866162,0.0065552327649241,670.3890079663311,698.1,4.947634880837092,0.4726054998296042,54456.335403726705,99440
race_score>=0.40_odds_50_500_top10_by_ticket_score,1444,14440,1444000,950550,-493450,0.658275623268698,75,0.005193905817174515,0.05193905817174515,0.5315119941259788,0.4000830274338122,173.433351800554,138.2,1.3123036504960068,0.1737814614624854,12674.0,85380
race_score>=0.00_odds_100_1000_ev>=0.8,13306,1066585,106658500,70172480,-36486020,0.6579173717987783,2128,0.0019951527538827193,0.15992785209679844,0.3168608065191064,0.0065552327649241,482.61589174796194,447.9,2.2515418453651916,0.8000001866797052,32975.78947368421,99960
race_score>=0.40_odds_all_top10_by_ticket_score,1444,14440,1444000,949910,-494090,0.6578324099722992,221,0.015304709141274239,0.1530470914127424,0.5315119941259788,0.4000830274338122,161.96839335180056,90.9,1.1753302948930437,0.02029190169418292,4298.235294117647,85380
race_score>=0.00_odds_100_1000_top10_by_value_score,13306,133060,13306000,8743130,-4562870,0.6570817676236285,158,0.0011874342401923944,0.011874342401923943,0.2944362017866162,0.0065552327649241,671.6094558845634,698.6,4.9448137879163605,0.2130322225359423,55336.26582278481,99440
race_score>=0.00_odds_100_1000_top10_by_expected_roi,13306,133060,13306000,8743130,-4562870,0.6570817676236285,158,0.0011874342401923944,0.011874342401923943,0.2944362017866162,0.0065552327649241,671.6094558845634,698.6,4.9448137879163605,0.2130322225359423,55336.26582278481,99440
race_score>=0.45_odds_30_500_top20_by_ticket_score,1047,20940,2094000,1375840,-718160,0.6570391595033429,138,0.006590257879656161,0.1318051575931232,0.5736019947536628,0.4500906629413549,172.67940305635148,137.1,1.0601674472676141,0.10021473224036068,9969.855072463768,85380
race_score>=0.60_odds_all_top10_by_ticket_score,390,3900,390000,256070,-133930,0.6565897435897435,36,0.009230769230769232,0.09230769230769231,0.6653700840469999,0.600386893407325,233.74497435897436,137.8,1.2313650142189914,0.025885272490838943,7113.055555555556,59790
race_score>=0.00_odds_100plus_top30_by_ticket_score,13306,398932,39893200,26177710,-13715490,0.6561947900895391,1145,0.002870163336107407,0.0860514053810311,0.2945804543731677,0.0065552327649241,426.75903788114266,277.6,3.352851023475242,0.11726475457201685,22862.628820960697,274850
race_score>=0.55_odds_30plus_top5_by_ticket_score,575,2875,287500,188600,-98900,0.656,23,0.008,0.04,0.636014344715647,0.5502825174254746,210.98431304347827,129.6,1.2548557828273086,0.1166192209293641,8200.0,28750
race_score>=0.60_odds_100plus_top30_by_ticket_score,390,11700,1170000,767460,-402540,0.6559487179487179,30,0.002564102564102564,0.07692307692307693,0.6653700840469999,0.600386893407325,453.00840170940177,307.6,2.0283020682469384,0.29938086378304224,25582.0,89380
race_score>=0.00_odds_50_1000_ev>=1.0,13306,973491,97349100,63754270,-33594830,0.6549035378858151,2036,0.002091442036957712,0.15301367803998198,0.31101728219256997,0.0065552327649241,488.2391475627407,460.9,2.3982628800425396,1.000001713883166,31313.49214145383,99960
race_score>=0.45_odds_30plus_top10_by_ticket_score,1047,10470,1047000,684670,-362330,0.6539350525310411,69,0.006590257879656161,0.0659025787965616,0.5736019947536628,0.4500906629413549,207.0760076408787,126.0,1.3458668059211756,0.10843657943259605,9922.753623188406,85380
race_score>=0.40_odds_50plus_top30_by_ticket_score,1444,43320,4332000,2832790,-1499210,0.6539219759926131,190,0.0043859649122807015,0.13157894736842105,0.5315119941259789,0.4000830274338122,318.7550831024931,201.3,1.9305119873354313,0.15915337705810598,14909.421052631578,97180
race_score>=0.45_odds_30_500_top3_by_ticket_score,1047,3141,314100,205020,-109080,0.6527220630372493,29,0.009232728430436167,0.027698185291308502,0.5736019947536628,0.4500906629413549,136.90971028334926,97.6,0.9960147600187086,0.1166192209293641,7069.6551724137935,28750
race_score>=0.30_odds_30_500_top20_by_value_score,5544,110880,11088000,7235880,-3852120,0.6525865800865801,245,0.0022095959595959595,0.04419191919191919,0.3883389451860162,0.3000060136596823,343.1085579004329,354.9,2.3878961242508576,0.43856795875516924,29534.20408163265,71150
race_score>=0.30_odds_30_500_top20_by_expected_roi,5544,110880,11088000,7235880,-3852120,0.6525865800865801,245,0.0022095959595959595,0.04419191919191919,0.3883389451860162,0.3000060136596823,343.1085579004329,354.9,2.3878961242508576,0.43856795875516924,29534.20408163265,71150
race_score>=0.50_odds_50plus_top30_by_ticket_score,793,23790,2379000,1551060,-827940,0.6519798234552333,95,0.003993274485077764,0.11979823455233292,0.6056784390921905,0.5001748065414573,346.31510298444726,219.1,1.7866998949973403,0.15915337705810598,16326.947368421053,97180
race_score>=0.55_odds_30plus_top1_by_ticket_score,575,575,57500,37460,-20040,0.6514782608695652,6,0.010434782608695653,0.010434782608695653,0.636014344715647,0.5502825174254746,173.07547826086957,111.8,1.107634396903319,0.11705139522641904,6243.333333333333,10170
race_score>=0.55_odds_30_500_top1_by_ticket_score,575,575,57500,37460,-20040,0.6514782608695652,6,0.010434782608695653,0.010434782608695653,0.636014344715647,0.5502825174254746,147.09808695652174,107.6,0.9534375812460835,0.11705139522641904,6243.333333333333,10170
race_score>=0.30_odds_50_500_top20_by_value_score,5544,110878,11087800,7223170,-3864630,0.6514520463933332,242,0.0021825790508486803,0.04365079365079365,0.38833907749315705,0.3000060136596823,343.3291139811324,355.0,2.3876137224381373,0.28508682521738854,29847.80991735537,71150
race_score>=0.30_odds_50_500_top20_by_expected_roi,5544,110878,11087800,7223170,-3864630,0.6514520463933332,242,0.0021825790508486803,0.04365079365079365,0.38833907749315705,0.3000060136596823,343.3291139811324,355.0,2.3876137224381373,0.28508682521738854,29847.80991735537,71150
race_score>=0.40_odds_100plus_top10_by_ticket_score,1444,14440,1444000,940470,-503530,0.6512950138504155,45,0.0031163434903047093,0.031163434903047092,0.5315119941259788,0.4000830274338122,305.84132271468144,221.3,2.1400447412281367,0.3028163376897318,20899.333333333332,63520
race_score>=0.45_odds_30_500_top30_by_value_score,1047,31410,3141000,2045240,-1095760,0.6511429481056988,66,0.002101241642788921,0.06303724928366762,0.5736019947536627,0.4500906629413549,352.95718560967845,365.2,1.4957742463983907,0.5098791687208224,30988.484848484848,49810
race_score>=0.45_odds_30_500_top30_by_expected_roi,1047,31410,3141000,2045240,-1095760,0.6511429481056988,66,0.002101241642788921,0.06303724928366762,0.5736019947536627,0.4500906629413549,352.95718560967845,365.2,1.4957742463983907,0.5098791687208224,30988.484848484848,49810
race_score>=0.00_odds_100_1000_ev>=1.0,13305,944026,94402600,61468390,-32934210,0.6511302654799762,1747,0.0018505846237285837,0.13130402104472003,0.3131680169447382,0.0065552327649241,501.0202659672509,473.6,2.427147877905721,1.000001713883166,35185.111619919866,99960
race_score>=0.00_odds_30_500_ev>=1.2,13306,437858,43785800,28491300,-15294500,0.6506972580151555,1255,0.002866226036751641,0.0943183526228769,0.29135148541476896,0.0065552327649241,298.300956702858,301.8,2.1889483608517897,1.2000000122334589,22702.23107569721,71150
race_score>=0.00_odds_50_500_ev>=1.2,13306,435240,43524000,28318500,-15205500,0.6506410256410257,1212,0.0027846705266060105,0.09108672779197355,0.2920418408730454,0.0065552327649241,299.8454648010293,303.0,2.192507346788104,1.2000000122334589,23365.09900990099,71150
race_score>=0.50_odds_50_500_top2_by_ticket_score,793,1586,158600,103150,-55450,0.6503783102143758,9,0.005674653215636823,0.011349306431273645,0.6056784390921905,0.5001748065414573,162.50977301387138,124.2,1.1124197159279023,0.1965059847627693,11461.111111111111,28750
race_score>=0.00_odds_50_1000_ev>=1.2,13306,846981,84698100,55079220,-29618880,0.650300538028598,1600,0.001889062446501161,0.12024650533593867,0.30778570910398756,0.0065552327649241,509.2182569620806,488.6,2.5925346696731086,1.2000000122334589,34424.5125,99960
race_score>=0.30_odds_100_1000_ev>=3.0,5496,91514,9151400,5949870,-3201530,0.6501595384312783,103,0.0011255108507987849,0.01874090247452693,0.3618448615351438,0.3000060136596823,671.626201455515,688.0,4.197996142285787,3.0000362346204588,57765.728155339806,99880
race_score>=0.30_odds_50_1000_ev>=3.0,5496,91520,9152000,5949870,-3202130,0.6501169143356643,103,0.0011254370629370629,0.01874090247452693,0.3618410828198617,0.3000060136596823,671.5880146416084,687.9,4.197962868661862,3.0000362346204588,57765.728155339806,99880
race_score>=0.45_odds_50_500_top30_by_value_score,1047,31410,3141000,2041670,-1099330,0.6500063673989176,65,0.0020694046482012097,0.06208213944603629,0.5736019947536627,0.4500906629413549,353.11899713467045,365.25,1.4956057126612308,0.29604925995301845,31410.30769230769,49810
race_score>=0.45_odds_50_500_top30_by_expected_roi,1047,31410,3141000,2041670,-1099330,0.6500063673989176,65,0.0020694046482012097,0.06208213944603629,0.5736019947536627,0.4500906629413549,353.11899713467045,365.25,1.4956057126612308,0.29604925995301845,31410.30769230769,49810
race_score>=0.00_odds_100_1000_ev>=1.2,13305,828472,82847200,53788630,-29058570,0.6492510308133528,1433,0.0017296903214592647,0.10770387072529125,0.3095806590385307,0.0065552327649241,518.8274652613486,497.5,2.612493976672434,1.2000000122334589,37535.680390788555,99960
race_score>=0.00_odds_50_500_ev>=1.5,13291,321195,32119500,20852940,-11266560,0.6492299070658012,823,0.0025623063870857266,0.06192160108343992,0.2853986217205628,0.0065552327649241,313.11297498404394,320.0,2.494290540134803,1.5000001205609725,25337.71567436209,71150
race_score>=0.55_odds_50_1000_top30_by_value_score,575,17250,1725000,1119640,-605360,0.6490666666666667,16,0.0009275362318840579,0.02782608695652174,0.636014344715647,0.5502825174254746,733.2130260869565,756.6500000000001,2.5309002473274,1.2952292679653425,69977.5,95390
race_score>=0.55_odds_50_1000_top30_by_expected_roi,575,17250,1725000,1119640,-605360,0.6490666666666667,16,0.0009275362318840579,0.02782608695652174,0.636014344715647,0.5502825174254746,733.2130260869565,756.6500000000001,2.5309002473274,1.2952292679653425,69977.5,95390
race_score>=0.55_odds_100_1000_top30_by_value_score,575,17250,1725000,1119640,-605360,0.6490666666666667,16,0.0009275362318840579,0.02782608695652174,0.636014344715647,0.5502825174254746,733.2130260869565,756.6500000000001,2.5309002473274,1.2952292679653425,69977.5,95390
race_score>=0.55_odds_100_1000_top30_by_expected_roi,575,17250,1725000,1119640,-605360,0.6490666666666667,16,0.0009275362318840579,0.02782608695652174,0.636014344715647,0.5502825174254746,733.2130260869565,756.6500000000001,2.5309002473274,1.2952292679653425,69977.5,95390
race_score>=0.40_odds_30_500_ev>=1.5_top3,1430,4209,420900,273150,-147750,0.6489665003563792,7,0.001663102874792112,0.0048951048951048955,0.5272529057874921,0.4000830274338122,416.67068187217865,431.1,2.7228723584812387,1.5003247251767846,39021.42857142857,49890
race_score>=0.40_odds_50_500_ev>=1.5_top3,1430,4209,420900,273150,-147750,0.6489665003563792,7,0.001663102874792112,0.0048951048951048955,0.5272529057874921,0.4000830274338122,416.67068187217865,431.1,2.7228723584812387,1.5003247251767846,39021.42857142857,49890
race_score>=0.00_odds_30_500_ev>=1.5,13291,322404,32240400,20916350,-11324050,0.6487621121326038,839,0.002602325033188174,0.06312542321871943,0.2849383773149497,0.0065552327649241,312.09500564509125,319.3,2.492103344500878,1.5000001205609725,24930.09535160906,71150
race_score>=0.00_odds_30_500_top30_by_value_score,13306,398796,39879600,25857510,-14022090,0.6483894021003219,1193,0.0029915044283292712,0.08965880054110928,0.2945912489281132,0.0065552327649241,299.517857751833,307.0,2.222533424612026,0.005017779836480071,21674.358759430008,71150
race_score>=0.00_odds_30_500_top30_by_expected_roi,13306,398796,39879600,25857510,-14022090,0.6483894021003219,1193,0.0029915044283292712,0.08965880054110928,0.2945912489281132,0.0065552327649241,299.517857751833,307.0,2.222533424612026,0.005017779836480071,21674.358759430008,71150
race_score>=0.60_odds_all_top30_by_ticket_score,390,11700,1170000,758180,-411820,0.6480170940170941,84,0.0071794871794871795,0.2153846153846154,0.6653700840469999,0.600386893407325,311.4570683760684,184.8,1.460796498442165,0.021126462120143245,9025.952380952382,89380
race_score>=0.00_odds_50_500_top30_by_value_score,13306,398085,39808500,25758470,-14050030,0.6470595475840587,1119,0.002810957458834169,0.08409739966932211,0.29485173491471955,0.0065552327649241,302.27899016541693,308.7,2.2164021320886746,0.005017779836480071,23019.186773905272,71150
race_score>=0.00_odds_50_500_top30_by_expected_roi,13306,398085,39808500,25758470,-14050030,0.6470595475840587,1119,0.002810957458834169,0.08409739966932211,0.29485173491471955,0.0065552327649241,302.27899016541693,308.7,2.2164021320886746,0.005017779836480071,23019.186773905272,71150
race_score>=0.00_odds_100_1000_top30_by_ticket_score,13306,398860,39886000,25800040,-14085960,0.6468445068445069,1186,0.0029734744020458305,0.08913272208026454,0.2946056679292797,0.0065552327649241,335.10714762071905,264.6,2.769893807415233,0.0089671616941821,21753.827993254636,98110
race_score>=0.70_odds_50_1000_ev>=1.0,80,7221,722100,466560,-255540,0.6461154964686332,9,0.0012463647694225177,0.1125,0.7292501395128101,0.70091851553384,658.6260767206759,668.3,1.6397775310089409,1.0000472788605073,51840.0,89050
race_score>=0.70_odds_100_1000_ev>=1.0,80,7221,722100,466560,-255540,0.6461154964686332,9,0.0012463647694225177,0.1125,0.7292501395128101,0.70091851553384,658.6260767206759,668.3,1.6397775310089409,1.0000472788605073,51840.0,89050
race_score>=0.00_odds_all_ev>=3.0_top2,13294,26576,2657600,1716890,-940710,0.646030252859723,8,0.00030102347983142685,0.0006017752369489995,0.29455397506067166,0.0065552327649241,3742.6201911499093,2957.7,12.58932048115117,3.03091447834311,214611.25,778840
race_score>=0.00_odds_30plus_ev>=3.0_top2,13294,26576,2657600,1716890,-940710,0.646030252859723,8,0.00030102347983142685,0.0006017752369489995,0.29455397506067166,0.0065552327649241,3742.6201911499093,2957.7,12.58932048115117,3.03091447834311,214611.25,778840
race_score>=0.00_odds_50plus_ev>=3.0_top2,13294,26576,2657600,1716890,-940710,0.646030252859723,8,0.00030102347983142685,0.0006017752369489995,0.29455397506067166,0.0065552327649241,3742.6201911499093,2957.7,12.58932048115117,3.03091447834311,214611.25,778840
race_score>=0.00_odds_100plus_ev>=3.0_top2,13294,26576,2657600,1716890,-940710,0.646030252859723,8,0.00030102347983142685,0.0006017752369489995,0.29455397506067166,0.0065552327649241,3742.6308925346175,2957.7,12.589291643364318,3.03091447834311,214611.25,778840
race_score>=0.00_odds_all_top2_by_value_score,13306,26612,2661200,1716890,-944310,0.6451563204569367,8,0.0003006162633398467,0.0006012325266796934,0.29443620178661617,0.0065552327649241,3738.1139222906954,2952.95,12.575965034267998,2.2401060495660836,214611.25,778840
race_score>=0.00_odds_all_top2_by_expected_roi,13306,26612,2661200,1716890,-944310,0.6451563204569367,8,0.0003006162633398467,0.0006012325266796934,0.29443620178661617,0.0065552327649241,3738.1139222906954,2952.95,12.575965034267998,2.2401060495660836,214611.25,778840
race_score>=0.00_odds_all_ev>=0.8_top2,13306,26612,2661200,1716890,-944310,0.6451563204569367,8,0.0003006162633398467,0.0006012325266796934,0.29443620178661617,0.0065552327649241,3738.1139222906954,2952.95,12.575965034267998,2.2401060495660836,214611.25,778840
race_score>=0.00_odds_all_ev>=1.0_top2,13306,26612,2661200,1716890,-944310,0.6451563204569367,8,0.0003006162633398467,0.0006012325266796934,0.29443620178661617,0.0065552327649241,3738.1139222906954,2952.95,12.575965034267998,2.2401060495660836,214611.25,778840
race_score>=0.00_odds_all_ev>=1.2_top2,13306,26612,2661200,1716890,-944310,0.6451563204569367,8,0.0003006162633398467,0.0006012325266796934,0.29443620178661617,0.0065552327649241,3738.1139222906954,2952.95,12.575965034267998,2.2401060495660836,214611.25,778840
race_score>=0.00_odds_all_ev>=1.5_top2,13306,26612,2661200,1716890,-944310,0.6451563204569367,8,0.0003006162633398467,0.0006012325266796934,0.29443620178661617,0.0065552327649241,3738.1139222906954,2952.95,12.575965034267998,2.2401060495660836,214611.25,778840
race_score>=0.00_odds_all_ev>=2.0_top2,13306,26612,2661200,1716890,-944310,0.6451563204569367,8,0.0003006162633398467,0.0006012325266796934,0.29443620178661617,0.0065552327649241,3738.1139222906954,2952.95,12.575965034267998,2.2401060495660836,214611.25,778840
race_score>=0.00_odds_30plus_top2_by_value_score,13306,26612,2661200,1716890,-944310,0.6451563204569367,8,0.0003006162633398467,0.0006012325266796934,0.29443620178661617,0.0065552327649241,3738.1139222906954,2952.95,12.575965034267998,2.2401060495660836,214611.25,778840
race_score>=0.00_odds_30plus_top2_by_expected_roi,13306,26612,2661200,1716890,-944310,0.6451563204569367,8,0.0003006162633398467,0.0006012325266796934,0.29443620178661617,0.0065552327649241,3738.1139222906954,2952.95,12.575965034267998,2.2401060495660836,214611.25,778840
race_score>=0.00_odds_30plus_ev>=0.8_top2,13306,26612,2661200,1716890,-944310,0.6451563204569367,8,0.0003006162633398467,0.0006012325266796934,0.29443620178661617,0.0065552327649241,3738.1139222906954,2952.95,12.575965034267998,2.2401060495660836,214611.25,778840
race_score>=0.00_odds_30plus_ev>=1.0_top2,13306,26612,2661200,1716890,-944310,0.6451563204569367,8,0.0003006162633398467,0.0006012325266796934,0.29443620178661617,0.0065552327649241,3738.1139222906954,2952.95,12.575965034267998,2.2401060495660836,214611.25,778840
race_score>=0.00_odds_30plus_ev>=1.2_top2,13306,26612,2661200,1716890,-944310,0.6451563204569367,8,0.0003006162633398467,0.0006012325266796934,0.29443620178661617,0.0065552327649241,3738.1139222906954,2952.95,12.575965034267998,2.2401060495660836,214611.25,778840
race_score>=0.00_odds_30plus_ev>=1.5_top2,13306,26612,2661200,1716890,-944310,0.6451563204569367,8,0.0003006162633398467,0.0006012325266796934,0.29443620178661617,0.0065552327649241,3738.1139222906954,2952.95,12.575965034267998,2.2401060495660836,214611.25,778840
race_score>=0.00_odds_30plus_ev>=2.0_top2,13306,26612,2661200,1716890,-944310,0.6451563204569367,8,0.0003006162633398467,0.0006012325266796934,0.29443620178661617,0.0065552327649241,3738.1139222906954,2952.95,12.575965034267998,2.2401060495660836,214611.25,778840
race_score>=0.00_odds_50plus_top2_by_value_score,13306,26612,2661200,1716890,-944310,0.6451563204569367,8,0.0003006162633398467,0.0006012325266796934,0.29443620178661617,0.0065552327649241,3738.1139222906954,2952.95,12.575965034267998,2.2401060495660836,214611.25,778840
race_score>=0.00_odds_50plus_top2_by_expected_roi,13306,26612,2661200,1716890,-944310,0.6451563204569367,8,0.0003006162633398467,0.0006012325266796934,0.29443620178661617,0.0065552327649241,3738.1139222906954,2952.95,12.575965034267998,2.2401060495660836,214611.25,778840
race_score>=0.00_odds_50plus_ev>=0.8_top2,13306,26612,2661200,1716890,-944310,0.6451563204569367,8,0.0003006162633398467,0.0006012325266796934,0.29443620178661617,0.0065552327649241,3738.1139222906954,2952.95,12.575965034267998,2.2401060495660836,214611.25,778840
race_score>=0.00_odds_50plus_ev>=1.0_top2,13306,26612,2661200,1716890,-944310,0.6451563204569367,8,0.0003006162633398467,0.0006012325266796934,0.29443620178661617,0.0065552327649241,3738.1139222906954,2952.95,12.575965034267998,2.2401060495660836,214611.25,778840
race_score>=0.00_odds_50plus_ev>=1.2_top2,13306,26612,2661200,1716890,-944310,0.6451563204569367,8,0.0003006162633398467,0.0006012325266796934,0.29443620178661617,0.0065552327649241,3738.1139222906954,2952.95,12.575965034267998,2.2401060495660836,214611.25,778840
race_score>=0.00_odds_50plus_ev>=1.5_top2,13306,26612,2661200,1716890,-944310,0.6451563204569367,8,0.0003006162633398467,0.0006012325266796934,0.29443620178661617,0.0065552327649241,3738.1139222906954,2952.95,12.575965034267998,2.2401060495660836,214611.25,778840
race_score>=0.00_odds_50plus_ev>=2.0_top2,13306,26612,2661200,1716890,-944310,0.6451563204569367,8,0.0003006162633398467,0.0006012325266796934,0.29443620178661617,0.0065552327649241,3738.1139222906954,2952.95,12.575965034267998,2.2401060495660836,214611.25,778840
race_score>=0.00_odds_100plus_top2_by_value_score,13306,26612,2661200,1716890,-944310,0.6451563204569367,8,0.0003006162633398467,0.0006012325266796934,0.29443620178661617,0.0065552327649241,3738.1246091988573,2952.95,12.575936235492133,2.2401060495660836,214611.25,778840
race_score>=0.00_odds_100plus_top2_by_expected_roi,13306,26612,2661200,1716890,-944310,0.6451563204569367,8,0.0003006162633398467,0.0006012325266796934,0.29443620178661617,0.0065552327649241,3738.1246091988573,2952.95,12.575936235492133,2.2401060495660836,214611.25,778840
race_score>=0.00_odds_100plus_ev>=0.8_top2,13306,26612,2661200,1716890,-944310,0.6451563204569367,8,0.0003006162633398467,0.0006012325266796934,0.29443620178661617,0.0065552327649241,3738.1246091988573,2952.95,12.575936235492133,2.2401060495660836,214611.25,778840
race_score>=0.00_odds_100plus_ev>=1.0_top2,13306,26612,2661200,1716890,-944310,0.6451563204569367,8,0.0003006162633398467,0.0006012325266796934,0.29443620178661617,0.0065552327649241,3738.1246091988573,2952.95,12.575936235492133,2.2401060495660836,214611.25,778840
race_score>=0.00_odds_100plus_ev>=1.2_top2,13306,26612,2661200,1716890,-944310,0.6451563204569367,8,0.0003006162633398467,0.0006012325266796934,0.29443620178661617,0.0065552327649241,3738.1246091988573,2952.95,12.575936235492133,2.2401060495660836,214611.25,778840
race_score>=0.00_odds_100plus_ev>=1.5_top2,13306,26612,2661200,1716890,-944310,0.6451563204569367,8,0.0003006162633398467,0.0006012325266796934,0.29443620178661617,0.0065552327649241,3738.1246091988573,2952.95,12.575936235492133,2.2401060495660836,214611.25,778840
race_score>=0.00_odds_100plus_ev>=2.0_top2,13306,26612,2661200,1716890,-944310,0.6451563204569367,8,0.0003006162633398467,0.0006012325266796934,0.29443620178661617,0.0065552327649241,3738.1246091988573,2952.95,12.575936235492133,2.2401060495660836,214611.25,778840
race_score>=0.65_odds_30plus_top3_by_ticket_score,241,723,72300,46570,-25730,0.644121715076072,6,0.008298755186721992,0.024896265560165973,0.6911747324963765,0.6503128804449101,222.85726141078837,132.8,1.1952605671288776,0.1166192209293641,7761.666666666667,15020
race_score>=0.30_odds_30_500_ev>=3.0,4418,21116,2111600,1359960,-751640,0.6440424322788407,40,0.0018942981625307824,0.009053870529651425,0.3463289104459726,0.3000060136596823,382.0620287933321,396.7,3.7989595893020724,3.000036379390278,33999.0,49890
race_score>=0.30_odds_50_500_ev>=3.0,4418,21116,2111600,1359960,-751640,0.6440424322788407,40,0.0018942981625307824,0.009053870529651425,0.3463289104459726,0.3000060136596823,382.0620287933321,396.7,3.7989595893020724,3.000036379390278,33999.0,49890
race_score>=0.00_odds_50_500_ev>=1.2_top3,13306,39910,3991000,2569130,-1421870,0.6437308945126534,73,0.0018291155098972688,0.005486246805952202,0.29437691194858107,0.0065552327649241,381.0160185417189,399.1,4.167572247529791,1.2037884391796205,35193.561643835616,49890
race_score>=0.00_odds_30_500_ev>=1.2_top3,13306,39911,3991100,2569130,-1421970,0.6437147653529103,73,0.0018290696800380847,0.005486246805952202,0.29437268674157396,0.0065552327649241,380.9305153967578,399.0,4.167685848122041,1.2037884391796205,35193.561643835616,49890
race_score>=0.00_odds_30_500_top3_by_value_score,13306,39918,3991800,2569130,-1422670,0.643601883861917,73,0.0018287489353174006,0.005486246805952202,0.29443620178661617,0.0065552327649241,380.9326794929606,399.05,4.167160869330564,1.143567390974148,35193.561643835616,49890
race_score>=0.00_odds_30_500_top3_by_expected_roi,13306,39918,3991800,2569130,-1422670,0.643601883861917,73,0.0018287489353174006,0.005486246805952202,0.29443620178661617,0.0065552327649241,380.9326794929606,399.05,4.167160869330564,1.143567390974148,35193.561643835616,49890
race_score>=0.00_odds_30_500_ev>=0.8_top3,13306,39918,3991800,2569130,-1422670,0.643601883861917,73,0.0018287489353174006,0.005486246805952202,0.29443620178661617,0.0065552327649241,380.9326794929606,399.05,4.167160869330564,1.143567390974148,35193.561643835616,49890
race_score>=0.00_odds_30_500_ev>=1.0_top3,13306,39918,3991800,2569130,-1422670,0.643601883861917,73,0.0018287489353174006,0.005486246805952202,0.29443620178661617,0.0065552327649241,380.9326794929606,399.05,4.167160869330564,1.143567390974148,35193.561643835616,49890
race_score>=0.00_odds_50_500_top3_by_value_score,13306,39918,3991800,2569130,-1422670,0.643601883861917,73,0.0018287489353174006,0.005486246805952202,0.29443620178661617,0.0065552327649241,381.0102034170049,399.1,4.166969194921827,1.0502264368110314,35193.561643835616,49890
race_score>=0.00_odds_50_500_top3_by_expected_roi,13306,39918,3991800,2569130,-1422670,0.643601883861917,73,0.0018287489353174006,0.005486246805952202,0.29443620178661617,0.0065552327649241,381.0102034170049,399.1,4.166969194921827,1.0502264368110314,35193.561643835616,49890
race_score>=0.00_odds_50_500_ev>=0.8_top3,13306,39918,3991800,2569130,-1422670,0.643601883861917,73,0.0018287489353174006,0.005486246805952202,0.29443620178661617,0.0065552327649241,381.0102034170049,399.1,4.166969194921827,1.0502264368110314,35193.561643835616,49890
race_score>=0.00_odds_50_500_ev>=1.0_top3,13306,39918,3991800,2569130,-1422670,0.643601883861917,73,0.0018287489353174006,0.005486246805952202,0.29443620178661617,0.0065552327649241,381.0102034170049,399.1,4.166969194921827,1.0502264368110314,35193.561643835616,49890
race_score>=0.45_odds_50plus_top30_by_ticket_score,1047,31410,3141000,2021400,-1119600,0.6435530085959885,129,0.004106972301814709,0.12320916905444126,0.5736019947536627,0.4500906629413549,336.2499840815027,211.4,1.840185277479286,0.15915337705810598,15669.767441860466,97180
race_score>=0.50_odds_50plus_top5_by_ticket_score,793,3965,396500,255060,-141440,0.6432786885245901,18,0.004539722572509458,0.02269861286254729,0.6056784390921904,0.5001748065414573,222.81457755359392,146.8,1.413699714590056,0.1965059847627693,14170.0,85380
race_score>=0.50_odds_50_1000_top5_by_ticket_score,793,3965,396500,255060,-141440,0.6432786885245901,18,0.004539722572509458,0.02269861286254729,0.6056784390921904,0.5001748065414573,208.01604035308955,146.1,1.3348861751417638,0.1965059847627693,14170.0,85380
race_score>=0.45_odds_30plus_top3_by_ticket_score,1047,3141,314100,201920,-112180,0.6428525947150588,28,0.008914358484559057,0.026743075453677174,0.5736019947536628,0.4500906629413549,172.52527857370265,101.3,1.2127814391683789,0.1166192209293641,7211.428571428572,28750
race_score>=0.50_odds_100plus_top10_by_ticket_score,793,7930,793000,509700,-283300,0.642749054224464,23,0.002900378310214376,0.029003783102143757,0.6056784390921904,0.5001748065414573,331.9933543505674,237.1,1.942368890731181,0.3028163376897318,22160.869565217392,63520
race_score>=0.45_odds_30_500_top10_by_ticket_score,1047,10470,1047000,672100,-374900,0.6419293218720152,74,0.007067812798471824,0.07067812798471824,0.5736019947536628,0.4500906629413549,155.64417382999045,117.5,1.0457054328965032,0.10843657943259605,9082.432432432432,85380
race_score>=0.40_odds_30plus_top20_by_ticket_score,1444,28880,2888000,1853530,-1034470,0.6418040166204986,180,0.006232686980609419,0.12465373961218837,0.5315119941259788,0.4000830274338122,236.8476281163435,145.14999999999998,1.5928462119466649,0.10021473224036068,10297.388888888889,85380
race_score>=0.70_odds_50_1000_ev>=1.5,80,3488,348800,223820,-124980,0.6416857798165138,4,0.0011467889908256881,0.05,0.7285410676380135,0.70091851553384,734.7969610091743,753.95,2.081638722892996,1.5001278868962153,55955.0,89050
race_score>=0.70_odds_100_1000_ev>=1.5,80,3488,348800,223820,-124980,0.6416857798165138,4,0.0011467889908256881,0.05,0.7285410676380135,0.70091851553384,734.7969610091743,753.95,2.081638722892996,1.5001278868962153,55955.0,89050
race_score>=0.55_odds_all_top10_by_ticket_score,575,5750,575000,368640,-206360,0.6411130434782609,59,0.01026086956521739,0.10260869565217391,0.636014344715647,0.5502825174254746,212.58801739130436,124.0,1.1995628321447442,0.02029190169418292,6248.135593220339,59790
race_score>=0.60_odds_30_500_top10_by_value_score,390,3900,390000,249790,-140210,0.6404871794871795,6,0.0015384615384615385,0.015384615384615385,0.6653700840469999,0.600386893407325,406.03658974358973,418.9,1.704837040224741,0.9459329819090506,41631.666666666664,49810
race_score>=0.60_odds_30_500_top10_by_expected_roi,390,3900,390000,249790,-140210,0.6404871794871795,6,0.0015384615384615385,0.015384615384615385,0.6653700840469999,0.600386893407325,406.03658974358973,418.9,1.704837040224741,0.9459329819090506,41631.666666666664,49810
race_score>=0.60_odds_50_500_top10_by_value_score,390,3900,390000,249790,-140210,0.6404871794871795,6,0.0015384615384615385,0.015384615384615385,0.6653700840469999,0.600386893407325,406.03658974358973,418.9,1.704837040224741,0.9459329819090506,41631.666666666664,49810
race_score>=0.60_odds_50_500_top10_by_expected_roi,390,3900,390000,249790,-140210,0.6404871794871795,6,0.0015384615384615385,0.015384615384615385,0.6653700840469999,0.600386893407325,406.03658974358973,418.9,1.704837040224741,0.9459329819090506,41631.666666666664,49810
race_score>=0.00_odds_50_1000_ev>=1.5,13306,685532,68553200,43885310,-24667890,0.6401642811714114,1158,0.0016891990454129056,0.08702840823688561,0.3030403524856424,0.0065552327649241,536.7257207541005,525.2,2.8863037343340356,1.5000001205609725,37897.504317789295,99880
race_score>=0.00_odds_100_1000_ev>=1.5,13305,675915,67591500,43267340,-24324160,0.6401298979901319,1079,0.0015963545712108771,0.08109733183013905,0.30437133720204945,0.0065552327649241,543.2295176168601,530.8,2.8983489722746163,1.5000001205609725,40099.48100092678,99880
race_score>=0.50_odds_30_500_top30_by_ticket_score,793,23790,2379000,1519560,-859440,0.6387389659520807,143,0.006010928961748634,0.18032786885245902,0.6056784390921905,0.5001748065414573,188.0398108448928,155.8,0.9896617118271066,0.08489575269770328,10626.293706293707,85380
race_score>=0.55_odds_50_500_top30_by_ticket_score,575,17250,1725000,1101320,-623680,0.6384463768115942,81,0.0046956521739130435,0.1408695652173913,0.636014344715647,0.5502825174254746,209.43488695652172,181.35000000000002,1.0178869292751356,0.1487841677873367,13596.543209876543,45010
race_score>=0.55_odds_50_500_top5_by_ticket_score,575,2875,287500,183360,-104140,0.6377739130434783,16,0.005565217391304348,0.02782608695652174,0.636014344715647,0.5502825174254746,178.12730434782608,143.8,1.0795228459179027,0.1737814614624854,11460.0,28750
race_score>=0.45_odds_100plus_top10_by_ticket_score,1047,10470,1047000,667620,-379380,0.637650429799427,31,0.0029608404966571158,0.029608404966571154,0.5736019947536628,0.4500906629413549,321.7686246418338,231.3,2.011633885040981,0.3028163376897318,21536.129032258064,63520
race_score>=0.30_odds_30_500_top10_by_value_score,5544,55440,5544000,3529270,-2014730,0.6365927128427128,109,0.001966089466089466,0.01966089466089466,0.3883389451860162,0.3000060136596823,369.50842893217896,383.6,2.8764844339094426,0.9459329819090506,32378.623853211007,49890
race_score>=0.30_odds_30_500_top10_by_expected_roi,5544,55440,5544000,3529270,-2014730,0.6365927128427128,109,0.001966089466089466,0.01966089466089466,0.3883389451860162,0.3000060136596823,369.50842893217896,383.6,2.8764844339094426,0.9459329819090506,32378.623853211007,49890
race_score>=0.30_odds_50_500_top10_by_value_score,5544,55440,5544000,3529270,-2014730,0.6365927128427128,109,0.001966089466089466,0.01966089466089466,0.3883389451860162,0.3000060136596823,369.51776695526695,383.6,2.8764158394672563,0.6474760301850399,32378.623853211007,49890
race_score>=0.30_odds_50_500_top10_by_expected_roi,5544,55440,5544000,3529270,-2014730,0.6365927128427128,109,0.001966089466089466,0.01966089466089466,0.3883389451860162,0.3000060136596823,369.51776695526695,383.6,2.8764158394672563,0.6474760301850399,32378.623853211007,49890
race_score>=0.60_odds_30plus_top30_by_ticket_score,390,11700,1170000,744050,-425950,0.635940170940171,56,0.004786324786324786,0.14358974358974358,0.6653700840469999,0.600386893407325,336.1285042735043,201.95,1.5698949410328742,0.10021473224036068,13286.607142857143,89380
race_score>=0.70_odds_all_top30_by_ticket_score,80,2400,240000,152570,-87430,0.6357083333333333,15,0.00625,0.1875,0.7278454278400386,0.70091851553384,340.9012916666667,200.55,1.420078963906035,0.026817728478659465,10171.333333333334,43200
race_score>=0.45_odds_30_500_ev>=1.2_top3,1047,3134,313400,199110,-114290,0.6353222718570517,5,0.001595405232929164,0.004775549188156638,0.5734166761793458,0.4500906629413549,420.69894703254624,434.45,2.4222120459996734,1.2037884391796205,39822.0,43200
race_score>=0.45_odds_50_500_ev>=1.2_top3,1047,3134,313400,199110,-114290,0.6353222718570517,5,0.001595405232929164,0.004775549188156638,0.5734166761793458,0.4500906629413549,420.69894703254624,434.45,2.4222120459996734,1.2037884391796205,39822.0,43200
race_score>=0.00_odds_50_500_ev>=1.5_top3,13291,39786,3978600,2525930,-1452670,0.6348791032021314,72,0.0018096817976172522,0.0054171996087578065,0.2932928571981962,0.0065552327649241,380.90744985673354,398.9,4.176216577622702,1.5003247251767846,35082.36111111111,49890
race_score>=0.50_odds_30_500_top20_by_value_score,793,15860,1586000,1006890,-579110,0.6348612862547289,29,0.001828499369482976,0.03656998738965952,0.6056784390921904,0.5001748065414573,374.60394073139975,388.0,1.600672840055107,0.6602579609348246,34720.34482758621,49810
race_score>=0.50_odds_30_500_top20_by_expected_roi,793,15860,1586000,1006890,-579110,0.6348612862547289,29,0.001828499369482976,0.03656998738965952,0.6056784390921904,0.5001748065414573,374.60394073139975,388.0,1.600672840055107,0.6602579609348246,34720.34482758621,49810
race_score>=0.50_odds_50_500_top20_by_value_score,793,15860,1586000,1006890,-579110,0.6348612862547289,29,0.001828499369482976,0.03656998738965952,0.6056784390921904,0.5001748065414573,374.60394073139975,388.0,1.600672840055107,0.6602579609348246,34720.34482758621,49810
race_score>=0.50_odds_50_500_top20_by_expected_roi,793,15860,1586000,1006890,-579110,0.6348612862547289,29,0.001828499369482976,0.03656998738965952,0.6056784390921904,0.5001748065414573,374.60394073139975,388.0,1.600672840055107,0.6602579609348246,34720.34482758621,49810
race_score>=0.00_odds_30_500_ev>=1.5_top3,13291,39791,3979100,2525930,-1453170,0.6347993264808625,72,0.0018094543992360082,0.0054171996087578065,0.29327069555042257,0.0065552327649241,380.80663717926166,398.9,4.1760497551810705,1.5003247251767846,35082.36111111111,49890
race_score>=0.00_odds_100_1000_ev>=2.0,13305,475309,47530900,30142100,-17388800,0.6341579898550206,686,0.0014432716401330504,0.05155956407365652,0.2965165144726077,0.0065552327649241,578.5617371015486,577.9,3.388923427023612,2.000000114843359,43938.92128279883,99880
race_score>=0.45_odds_30_500_top3_by_value_score,1047,3141,314100,199110,-114990,0.6339063992359121,5,0.001591849729385546,0.004775549188156638,0.5736019947536628,0.4500906629413549,420.63782234957023,434.4,2.4194301972943832,1.143567390974148,39822.0,43200
race_score>=0.45_odds_30_500_top3_by_expected_roi,1047,3141,314100,199110,-114990,0.6339063992359121,5,0.001591849729385546,0.004775549188156638,0.5736019947536628,0.4500906629413549,420.63782234957023,434.4,2.4194301972943832,1.143567390974148,39822.0,43200
race_score>=0.45_odds_30_500_ev>=0.8_top3,1047,3141,314100,199110,-114990,0.6339063992359121,5,0.001591849729385546,0.004775549188156638,0.5736019947536628,0.4500906629413549,420.63782234957023,434.4,2.4194301972943832,1.143567390974148,39822.0,43200
race_score>=0.45_odds_30_500_ev>=1.0_top3,1047,3141,314100,199110,-114990,0.6339063992359121,5,0.001591849729385546,0.004775549188156638,0.5736019947536628,0.4500906629413549,420.63782234957023,434.4,2.4194301972943832,1.143567390974148,39822.0,43200
race_score>=0.45_odds_50_500_top3_by_value_score,1047,3141,314100,199110,-114990,0.6339063992359121,5,0.001591849729385546,0.004775549188156638,0.5736019947536628,0.4500906629413549,420.63782234957023,434.4,2.4194301972943832,1.143567390974148,39822.0,43200
race_score>=0.45_odds_50_500_top3_by_expected_roi,1047,3141,314100,199110,-114990,0.6339063992359121,5,0.001591849729385546,0.004775549188156638,0.5736019947536628,0.4500906629413549,420.63782234957023,434.4,2.4194301972943832,1.143567390974148,39822.0,43200
race_score>=0.45_odds_50_500_ev>=0.8_top3,1047,3141,314100,199110,-114990,0.6339063992359121,5,0.001591849729385546,0.004775549188156638,0.5736019947536628,0.4500906629413549,420.63782234957023,434.4,2.4194301972943832,1.143567390974148,39822.0,43200
race_score>=0.45_odds_50_500_ev>=1.0_top3,1047,3141,314100,199110,-114990,0.6339063992359121,5,0.001591849729385546,0.004775549188156638,0.5736019947536628,0.4500906629413549,420.63782234957023,434.4,2.4194301972943832,1.143567390974148,39822.0,43200
race_score>=0.50_odds_30_500_ev>=1.2_top5,793,3941,394100,249790,-144310,0.6338239025628013,6,0.0015224562293834052,0.007566204287515763,0.6052415655331027,0.5001748065414573,414.3433392539965,427.4,2.121846627772217,1.2037884391796205,41631.666666666664,49810
race_score>=0.50_odds_50_500_ev>=1.2_top5,793,3941,394100,249790,-144310,0.6338239025628013,6,0.0015224562293834052,0.007566204287515763,0.6052415655331027,0.5001748065414573,414.3433392539965,427.4,2.121846627772217,1.2037884391796205,41631.666666666664,49810
race_score>=0.40_odds_30_500_top2_by_ticket_score,1444,2888,288800,182820,-105980,0.6330332409972299,24,0.008310249307479225,0.01662049861495845,0.5315119941259788,0.4000830274338122,126.9305055401662,89.6,1.073818349441274,0.1166192209293641,7617.5,28750
race_score>=0.00_odds_50_1000_ev>=2.0,13305,479015,47901500,30320270,-17581230,0.6329712013193741,710,0.0014822082815778212,0.053363397219090565,0.29566001010476867,0.0065552327649241,574.7038186695615,574.9,3.382624942351812,2.000000114843359,42704.605633802814,99880
race_score>=0.65_odds_30_500_top30_by_ticket_score,241,7230,723000,457340,-265660,0.6325587828492393,42,0.005809128630705394,0.17427385892116182,0.6911747324963764,0.6503128804449101,194.87849239280774,163.2,0.8672935211127163,0.08489575269770328,10889.047619047618,45010
race_score>=0.45_odds_30_500_top20_by_value_score,1047,20940,2094000,1324510,-769490,0.6325262655205348,38,0.0018147086914995225,0.03629417382999045,0.5736019947536628,0.4500906629413549,369.4411652340019,382.6,1.6888819297784,0.6602579609348246,34855.52631578947,49810
race_score>=0.45_odds_30_500_top20_by_expected_roi,1047,20940,2094000,1324510,-769490,0.6325262655205348,38,0.0018147086914995225,0.03629417382999045,0.5736019947536628,0.4500906629413549,369.4411652340019,382.6,1.6888819297784,0.6602579609348246,34855.52631578947,49810
race_score>=0.45_odds_50_500_top20_by_value_score,1047,20940,2094000,1324510,-769490,0.6325262655205348,38,0.0018147086914995225,0.03629417382999045,0.5736019947536628,0.4500906629413549,369.50852435530084,382.7,1.6888640635434677,0.6602579609348246,34855.52631578947,49810
race_score>=0.45_odds_50_500_top20_by_expected_roi,1047,20940,2094000,1324510,-769490,0.6325262655205348,38,0.0018147086914995225,0.03629417382999045,0.5736019947536628,0.4500906629413549,369.50852435530084,382.7,1.6888640635434677,0.6602579609348246,34855.52631578947,49810
race_score>=0.00_odds_30_500_top10_by_value_score,13306,133060,13306000,8401050,-4904950,0.6313730647828047,295,0.0022170449421313695,0.022170449421313694,0.2944362017866162,0.0065552327649241,345.82988200811667,361.1,3.2525986297891576,0.29191698091292284,28478.13559322034,49890
race_score>=0.00_odds_30_500_top10_by_expected_roi,13306,133060,13306000,8401050,-4904950,0.6313730647828047,295,0.0022170449421313695,0.022170449421313694,0.2944362017866162,0.0065552327649241,345.82988200811667,361.1,3.2525986297891576,0.29191698091292284,28478.13559322034,49890
race_score>=0.00_odds_50_500_top10_by_value_score,13306,133060,13306000,8395030,-4910970,0.6309206373064783,292,0.002194498722380881,0.021944987223808807,0.2944362017866162,0.0065552327649241,346.155453179017,361.2,3.251524578273524,0.13965701868687316,28750.102739726026,49890
race_score>=0.00_odds_50_500_top10_by_expected_roi,13306,133060,13306000,8395030,-4910970,0.6309206373064783,292,0.002194498722380881,0.021944987223808807,0.2944362017866162,0.0065552327649241,346.155453179017,361.2,3.251524578273524,0.13965701868687316,28750.102739726026,49890
race_score>=0.50_odds_30_500_top5_by_value_score,793,3965,396500,249790,-146710,0.6299873896595208,6,0.0015132408575031526,0.007566204287515763,0.6056784390921904,0.5001748065414573,414.3067087011349,427.4,2.1159839230312047,1.0743549855673122,41631.666666666664,49810
race_score>=0.50_odds_30_500_top5_by_expected_roi,793,3965,396500,249790,-146710,0.6299873896595208,6,0.0015132408575031526,0.007566204287515763,0.6056784390921904,0.5001748065414573,414.3067087011349,427.4,2.1159839230312047,1.0743549855673122,41631.666666666664,49810
race_score>=0.50_odds_30_500_ev>=0.8_top5,793,3965,396500,249790,-146710,0.6299873896595208,6,0.0015132408575031526,0.007566204287515763,0.6056784390921904,0.5001748065414573,414.3067087011349,427.4,2.1159839230312047,1.0743549855673122,41631.666666666664,49810
race_score>=0.50_odds_30_500_ev>=1.0_top5,793,3965,396500,249790,-146710,0.6299873896595208,6,0.0015132408575031526,0.007566204287515763,0.6056784390921904,0.5001748065414573,414.3067087011349,427.4,2.1159839230312047,1.0743549855673122,41631.666666666664,49810
race_score>=0.50_odds_50_500_top5_by_value_score,793,3965,396500,249790,-146710,0.6299873896595208,6,0.0015132408575031526,0.007566204287515763,0.6056784390921904,0.5001748065414573,414.3067087011349,427.4,2.1159839230312047,1.0743549855673122,41631.666666666664,49810
race_score>=0.50_odds_50_500_top5_by_expected_roi,793,3965,396500,249790,-146710,0.6299873896595208,6,0.0015132408575031526,0.007566204287515763,0.6056784390921904,0.5001748065414573,414.3067087011349,427.4,2.1159839230312047,1.0743549855673122,41631.666666666664,49810
race_score>=0.50_odds_50_500_ev>=0.8_top5,793,3965,396500,249790,-146710,0.6299873896595208,6,0.0015132408575031526,0.007566204287515763,0.6056784390921904,0.5001748065414573,414.3067087011349,427.4,2.1159839230312047,1.0743549855673122,41631.666666666664,49810
race_score>=0.50_odds_50_500_ev>=1.0_top5,793,3965,396500,249790,-146710,0.6299873896595208,6,0.0015132408575031526,0.007566204287515763,0.6056784390921904,0.5001748065414573,414.3067087011349,427.4,2.1159839230312047,1.0743549855673122,41631.666666666664,49810
race_score>=0.55_odds_50_1000_ev>=1.5,575,27418,2741800,1726240,-1015560,0.6296009920490189,28,0.0010212269312130718,0.04869565217391304,0.6344583572529172,0.5502825174254746,697.0624844992342,718.0,2.222045891069809,1.5000314132967203,61651.42857142857,95390
race_score>=0.55_odds_100_1000_ev>=1.5,575,27418,2741800,1726240,-1015560,0.6296009920490189,28,0.0010212269312130718,0.04869565217391304,0.6344583572529172,0.5502825174254746,697.0624844992342,718.0,2.222045891069809,1.5000314132967203,61651.42857142857,95390
race_score>=0.00_odds_50_500_ev>=3.0_top3,11923,32972,3297200,2074470,-1222730,0.6291611063933034,58,0.0017590683003760766,0.004864547513209762,0.2704827413451663,0.0065552327649241,380.03422297707147,396.8,4.522918632272482,3.0001826025566958,35766.724137931036,49890
race_score>=0.00_odds_30_500_ev>=3.0_top3,11923,32974,3297400,2074470,-1222930,0.6291229453508825,58,0.0017589616061139078,0.004864547513209762,0.2704752814781544,0.0065552327649241,380.0138836659186,396.8,4.522848939250391,3.0001826025566958,35766.724137931036,49890
race_score>=0.00_odds_50_500_ev>=2.0,13107,192989,19298900,12141340,-7157560,0.629120830720922,447,0.0023161941872334693,0.0341039139391165,0.275759856505501,0.0065552327649241,330.15737218183415,340.8,3.003173008571016,2.000000114843359,27161.834451901566,49890
race_score>=0.50_odds_30_500_top20_by_ticket_score,793,15860,1586000,997740,-588260,0.6290920554854981,99,0.006242118537200504,0.12484237074401008,0.6056784390921904,0.5001748065414573,176.99155107187894,142.1,1.003581215044607,0.10021473224036068,10078.181818181818,85380
race_score>=0.00_odds_30_500_ev>=2.0,13108,193344,19334400,12161960,-7172440,0.6290321913273751,452,0.0023378020523005627,0.034482758620689655,0.2755382253213788,0.0065552327649241,329.62948889026814,340.5,3.002149345983054,2.000000114843359,26906.991150442478,49890
race_score>=0.45_odds_50_500_top20_by_ticket_score,1047,20940,2094000,1316270,-777730,0.6285912129894938,99,0.0047277936962750716,0.09455587392550144,0.5736019947536628,0.4500906629413549,194.41981852913085,162.4,1.1678761624585068,0.16062897001754137,13295.656565656565,85380
race_score>=0.00_odds_50_500_ev>=3.0_top5,11923,49056,4905600,3079500,-1826100,0.6277519569471625,91,0.0018550228310502282,0.007632307305208421,0.2669321185424065,0.0065552327649241,368.0796008643183,384.5,4.281024582062014,3.000036379390278,33840.65934065934,49890
race_score>=0.00_odds_30_500_ev>=3.0_top5,11923,49061,4906100,3079500,-1826600,0.6276879802694605,91,0.0018548337783575548,0.007632307305208421,0.2669191387042309,0.0065552327649241,368.03878233219876,384.4,4.280952605227037,3.000036379390278,33840.65934065934,49890
race_score>=0.55_odds_30_500_ev>=1.2,575,9978,997800,626010,-371790,0.6273902585688514,17,0.0017037482461415114,0.029565217391304348,0.6270780583397288,0.5502825174254746,379.1351373020646,392.4,1.628309138642964,1.2000299084218304,36824.117647058825,49810
race_score>=0.55_odds_50_500_ev>=1.2,575,9978,997800,626010,-371790,0.6273902585688514,17,0.0017037482461415114,0.029565217391304348,0.6270780583397288,0.5502825174254746,379.1351373020646,392.4,1.628309138642964,1.2000299084218304,36824.117647058825,49810
race_score>=0.60_odds_30plus_top10_by_ticket_score,390,3900,390000,243170,-146830,0.6235128205128205,25,0.00641025641025641,0.0641025641025641,0.6653700840469999,0.600386893407325,251.14092307692306,153.35000000000002,1.3287426123309158,0.10843657943259605,9726.8,59790
race_score>=0.70_odds_all_top20_by_ticket_score,80,1600,160000,99760,-60240,0.6235,12,0.0075,0.15,0.7278454278400388,0.70091851553384,310.98425000000003,179.65,1.3580491635142178,0.026817728478659465,8313.333333333334,43200
race_score>=0.65_odds_50_1000_ev>=2.0,241,5229,522900,325870,-197030,0.6231975521132148,4,0.0007649646203863071,0.016597510373443983,0.6887221037520125,0.6503128804449101,766.434748517881,793.6,2.6162112289327943,2.0000211103249153,81467.5,91890
race_score>=0.65_odds_100_1000_ev>=2.0,241,5229,522900,325870,-197030,0.6231975521132148,4,0.0007649646203863071,0.016597510373443983,0.6887221037520125,0.6503128804449101,766.434748517881,793.6,2.6162112289327943,2.0000211103249153,81467.5,91890
race_score>=0.00_odds_50_1000_top30_by_value_score,13306,399173,39917300,24823720,-15093580,0.6218787342831303,586,0.0014680351626988799,0.04404028257928754,0.29443863535098325,0.0065552327649241,584.8808887374647,595.4,3.5547505944959337,0.04017212725320794,42361.29692832765,99880
race_score>=0.00_odds_50_1000_top30_by_expected_roi,13306,399173,39917300,24823720,-15093580,0.6218787342831303,586,0.0014680351626988799,0.04404028257928754,0.29443863535098325,0.0065552327649241,584.8808887374647,595.4,3.5547505944959337,0.04017212725320794,42361.29692832765,99880
race_score>=0.00_odds_30_500_top20_by_value_score,13306,266118,26611800,16535980,-10075820,0.6213777346891228,677,0.002543984247589415,0.05087930257026905,0.2944377781854138,0.0065552327649241,317.65201001059677,329.3,2.6215233069993125,0.032427761389919846,24425.376661742983,71150
race_score>=0.00_odds_30_500_top20_by_expected_roi,13306,266118,26611800,16535980,-10075820,0.6213777346891228,677,0.002543984247589415,0.05087930257026905,0.2944377781854138,0.0065552327649241,317.65201001059677,329.3,2.6215233069993125,0.032427761389919846,24425.376661742983,71150
race_score>=0.00_odds_50_500_ev>=2.0_top3,13107,38833,3883300,2412310,-1470990,0.6212010403522777,69,0.0017768392861741303,0.005264362554360266,0.2864861760649496,0.0065552327649241,380.3170602322767,398.0,4.23499741659171,2.0009439525030115,34961.014492753624,49890
race_score>=0.00_odds_30_500_ev>=2.0_top3,13108,38837,3883700,2412310,-1471390,0.621137060020084,69,0.0017766562813811572,0.00526396093988404,0.2864773884185501,0.0065552327649241,380.2614671576074,398.0,4.234833948974922,2.0009439525030115,34961.014492753624,49890
race_score>=0.00_odds_50_500_top20_by_value_score,13306,266110,26611000,16512370,-10098630,0.6205091879298035,654,0.002457630303258051,0.04915075905606493,0.29444073510926444,0.0065552327649241,319.4325147495397,330.4,2.6152662622932428,0.026534490769457176,25248.272171253822,71150
race_score>=0.00_odds_50_500_top20_by_expected_roi,13306,266110,26611000,16512370,-10098630,0.6205091879298035,654,0.002457630303258051,0.04915075905606493,0.29444073510926444,0.0065552327649241,319.4325147495397,330.4,2.6152662622932428,0.026534490769457176,25248.272171253822,71150
race_score>=0.00_odds_100_1000_top30_by_value_score,13306,398860,39886000,24724580,-15161420,0.6198811613097327,545,0.0013663942235370807,0.04095896588005411,0.2946056679292797,0.0065552327649241,591.4448082033796,599.6,3.540039935054613,0.0089671616941821,45366.20183486238,99880
race_score>=0.00_odds_100_1000_top30_by_expected_roi,13306,398860,39886000,24724580,-15161420,0.6198811613097327,545,0.0013663942235370807,0.04095896588005411,0.2946056679292797,0.0065552327649241,591.4448082033796,599.6,3.540039935054613,0.0089671616941821,45366.20183486238,99880
race_score>=0.00_odds_50_1000_top20_by_value_score,13306,266120,26612000,16447050,-10164950,0.6180313392454532,355,0.0013339846685705696,0.026679693371411392,0.2944362017866162,0.0065552327649241,618.7928209078611,637.3,4.093858455324966,0.13816603278666295,46329.718309859156,99490
race_score>=0.00_odds_50_1000_top20_by_expected_roi,13306,266120,26612000,16447050,-10164950,0.6180313392454532,355,0.0013339846685705696,0.026679693371411392,0.2944362017866162,0.0065552327649241,618.7928209078611,637.3,4.093858455324966,0.13816603278666295,46329.718309859156,99490
race_score>=0.55_odds_100plus_top20_by_ticket_score,575,11500,1150000,710700,-439300,0.618,30,0.0026086956521739132,0.05217391304347826,0.636014344715647,0.5502825174254746,395.08941739130427,275.1,1.9981731944070393,0.3028163376897318,23690.0,89380
race_score>=0.55_odds_100_1000_top20_by_ticket_score,575,11500,1150000,710700,-439300,0.618,30,0.0026086956521739132,0.05217391304347826,0.636014344715647,0.5502825174254746,332.142852173913,263.25,1.6915716864692039,0.3028163376897318,23690.0,89380
race_score>=0.50_odds_30_500_top5_by_ticket_score,793,3965,396500,244860,-151640,0.6175535939470366,33,0.00832282471626734,0.0416141235813367,0.6056784390921904,0.5001748065414573,150.08713745271123,111.6,0.9756711981014313,0.11102342816024847,7420.0,28750
race_score>=0.70_odds_30plus_top20_by_ticket_score,80,1600,160000,98580,-61420,0.616125,10,0.00625,0.125,0.7278454278400388,0.70091851553384,323.37706249999997,191.25,1.4085677960891099,0.10021473224036068,9858.0,43200
race_score>=0.45_odds_30_500_ev>=1.2,1047,21352,2135200,1315430,-819770,0.616068752341701,40,0.0018733608092918695,0.038204393505253106,0.5565664148188719,0.4500906629413549,361.7925955414013,375.4,1.7262144587480235,1.2000299084218304,32885.75,49810
race_score>=0.45_odds_50_500_ev>=1.2,1047,21352,2135200,1315430,-819770,0.616068752341701,40,0.0018733608092918695,0.038204393505253106,0.5565664148188719,0.4500906629413549,361.7925955414013,375.4,1.7262144587480235,1.2000299084218304,32885.75,49810
race_score>=0.50_odds_50plus_top2_by_ticket_score,793,1586,158600,97630,-60970,0.6155737704918033,8,0.005044136191677175,0.01008827238335435,0.6056784390921905,0.5001748065414573,205.66330390920555,129.7,1.374276380586011,0.1965059847627693,12203.75,28750
race_score>=0.50_odds_50_1000_top2_by_ticket_score,793,1586,158600,97630,-60970,0.6155737704918033,8,0.005044136191677175,0.01008827238335435,0.6056784390921905,0.5001748065414573,190.92515762925598,129.10000000000002,1.2882923349502775,0.1965059847627693,12203.75,28750
race_score>=0.00_odds_100_1000_top20_by_value_score,13306,266090,26609000,16342080,-10266920,0.6141561125934835,334,0.0012552144011424705,0.0251014579888772,0.29446253840918574,0.0065552327649241,622.8486282836634,639.6,4.084772983255679,0.07535045930889252,48928.383233532935,99490
race_score>=0.00_odds_100_1000_top20_by_expected_roi,13306,266090,26609000,16342080,-10266920,0.6141561125934835,334,0.0012552144011424705,0.0251014579888772,0.29446253840918574,0.0065552327649241,622.8486282836634,639.6,4.084772983255679,0.07535045930889252,48928.383233532935,99490
race_score>=0.40_odds_30plus_top2_by_ticket_score,1444,2888,288800,177300,-111500,0.6139196675900277,23,0.00796398891966759,0.01592797783933518,0.5315119941259788,0.4000830274338122,150.53479916897507,91.2,1.2180167363897108,0.1166192209293641,7708.695652173913,28750
race_score>=0.55_odds_all_top20_by_ticket_score,575,11500,1150000,705940,-444060,0.6138608695652173,107,0.009304347826086957,0.18608695652173912,0.636014344715647,0.5502825174254746,257.6340695652174,151.9,1.3611167447690073,0.02029190169418292,6597.570093457944,59790
race_score>=0.40_odds_30_500_ev>=3.0_top3,598,1308,130800,80230,-50570,0.6133792048929664,2,0.0015290519877675841,0.0033444816053511705,0.4564225396896091,0.4000830274338122,415.1631498470948,430.54999999999995,3.769452972285132,3.0012276133890605,40115.0,49890
race_score>=0.40_odds_50_500_ev>=3.0_top3,598,1308,130800,80230,-50570,0.6133792048929664,2,0.0015290519877675841,0.0033444816053511705,0.4564225396896091,0.4000830274338122,415.1631498470948,430.54999999999995,3.769452972285132,3.0012276133890605,40115.0,49890
race_score>=0.00_odds_100_1000_ev>=3.0,13244,231031,23103100,14138560,-8964540,0.6119767477091819,269,0.0011643459102890954,0.020311084264572638,0.2837981886930782,0.0065552327649241,633.2103137674164,647.9,4.3896762248995085,3.000005941161155,52559.702602230485,99880
race_score>=0.00_odds_50_1000_ev>=3.0,13244,231668,23166800,14151190,-9015610,0.61083921819155,271,0.0011697774401298409,0.020462096043491394,0.28345647923096573,0.0065552327649241,631.6925194675139,646.9,4.387700620947765,3.000005941161155,52218.41328413284,99880
race_score>=0.55_odds_30_500_top20_by_value_score,575,11500,1150000,701720,-448280,0.6101913043478261,19,0.0016521739130434783,0.03304347826086956,0.636014344715647,0.5502825174254746,379.7601739130435,392.6,1.5390301906930088,0.7808069545892299,36932.63157894737,49810
race_score>=0.55_odds_30_500_top20_by_expected_roi,575,11500,1150000,701720,-448280,0.6101913043478261,19,0.0016521739130434783,0.03304347826086956,0.636014344715647,0.5502825174254746,379.7601739130435,392.6,1.5390301906930088,0.7808069545892299,36932.63157894737,49810
race_score>=0.55_odds_50_500_top20_by_value_score,575,11500,1150000,701720,-448280,0.6101913043478261,19,0.0016521739130434783,0.03304347826086956,0.636014344715647,0.5502825174254746,379.7601739130435,392.6,1.5390301906930088,0.7808069545892299,36932.63157894737,49810
race_score>=0.55_odds_50_500_top20_by_expected_roi,575,11500,1150000,701720,-448280,0.6101913043478261,19,0.0016521739130434783,0.03304347826086956,0.636014344715647,0.5502825174254746,379.7601739130435,392.6,1.5390301906930088,0.7808069545892299,36932.63157894737,49810
race_score>=0.60_odds_all_top20_by_ticket_score,390,7800,780000,475080,-304920,0.6090769230769231,66,0.008461538461538461,0.16923076923076924,0.6653700840469999,0.600386893407325,274.5497179487179,162.05,1.3563826807746706,0.021126462120143245,7198.181818181818,59790
race_score>=0.50_odds_50_500_top20_by_ticket_score,793,15860,1586000,963840,-622160,0.6077175283732661,73,0.004602774274905423,0.09205548549810845,0.6056784390921904,0.5001748065414573,197.35575031525852,166.1,1.0991408405748133,0.16062897001754137,13203.287671232876,85380
race_score>=0.70_odds_50plus_top30_by_ticket_score,80,2400,240000,145480,-94520,0.6061666666666666,9,0.00375,0.1125,0.7278454278400386,0.70091851553384,392.294125,239.9,1.6147183503860125,0.15915337705810598,16164.444444444445,43200
race_score>=0.55_odds_all_top30_by_ticket_score,575,17250,1725000,1042810,-682190,0.604527536231884,135,0.00782608695652174,0.23478260869565218,0.636014344715647,0.5502825174254746,295.8497275362319,174.2,1.4769898227233675,0.02029190169418292,7724.518518518518,89380
race_score>=0.45_odds_all_top1_by_ticket_score,1047,1047,104700,63200,-41500,0.603629417382999,23,0.021967526265520534,0.021967526265520534,0.5736019947536628,0.4500906629413549,137.05291308500477,75.5,0.9755768561575123,0.031771766769651474,2747.8260869565215,10170
race_score>=0.50_odds_30_500_ev>=1.2,793,14813,1481300,892930,-588370,0.6028015931951665,27,0.0018227232836022414,0.034047919293820936,0.5937612027585129,0.5001748065414573,371.0891581718761,385.1,1.6663135806080949,1.2000299084218304,33071.48148148148,49810
race_score>=0.50_odds_50_500_ev>=1.2,793,14813,1481300,892930,-588370,0.6028015931951665,27,0.0018227232836022414,0.034047919293820936,0.5937612027585129,0.5001748065414573,371.0891581718761,385.1,1.6663135806080949,1.2000299084218304,33071.48148148148,49810
race_score>=0.40_odds_30_500_top3_by_ticket_score,1444,4332,433200,260790,-172410,0.6020083102493075,37,0.008541089566020314,0.025623268698060944,0.5315119941259788,0.4000830274338122,129.87174515235458,92.55,1.0850643476478308,0.1166192209293641,7048.378378378378,28750
race_score>=0.60_odds_50_500_top30_by_ticket_score,390,11700,1170000,704070,-465930,0.6017692307692307,48,0.0041025641025641026,0.12307692307692308,0.6653700840469999,0.600386893407325,211.268094017094,183.5,0.9659735494578353,0.1487841677873367,14668.125,45010
race_score>=0.40_odds_30plus_top10_by_ticket_score,1444,14440,1444000,868320,-575680,0.6013296398891966,94,0.006509695290858725,0.06509695290858726,0.5315119941259788,0.4000830274338122,191.28001385041551,116.5,1.4085435596658302,0.10843657943259605,9237.446808510638,85380
race_score>=0.55_odds_50_1000_top20_by_ticket_score,575,11500,1150000,690200,-459800,0.6001739130434782,48,0.0041739130434782605,0.08347826086956522,0.636014344715647,0.5502825174254746,266.08758260869564,194.0,1.406226228678481,0.16374898247981928,14379.166666666666,60980
race_score>=0.55_odds_30plus_top10_by_ticket_score,575,5750,575000,344750,-230250,0.5995652173913043,34,0.00591304347826087,0.059130434782608696,0.636014344715647,0.5502825174254746,234.20012173913042,143.35000000000002,1.329807630564184,0.10843657943259605,10139.70588235294,59790
race_score>=0.65_odds_30_500_ev>=1.2_top3,241,721,72100,43200,-28900,0.5991678224687933,1,0.0013869625520110957,0.004149377593360996,0.6911844338596176,0.6503128804449101,432.4310679611651,444.9,1.9609491411908995,1.2037884391796205,43200.0,43200
race_score>=0.65_odds_50_500_ev>=1.2_top3,241,721,72100,43200,-28900,0.5991678224687933,1,0.0013869625520110957,0.004149377593360996,0.6911844338596176,0.6503128804449101,432.4310679611651,444.9,1.9609491411908995,1.2037884391796205,43200.0,43200
race_score>=0.55_odds_30_500_top30_by_ticket_score,575,17250,1725000,1033070,-691930,0.5988811594202899,99,0.005739130434782609,0.17217391304347826,0.636014344715647,0.5502825174254746,191.64518260869568,159.75,0.9501603256738645,0.08489575269770328,10435.050505050505,45010
race_score>=0.40_odds_30_500_top10_by_ticket_score,1444,14440,1444000,863270,-580730,0.5978324099722991,100,0.006925207756232687,0.06925207756232687,0.5315119941259788,0.4000830274338122,148.88512465373958,110.3,1.1408341591709663,0.10843657943259605,8632.7,85380
race_score>=0.65_odds_30_500_top3_by_value_score,241,723,72300,43200,-29100,0.5975103734439834,1,0.0013831258644536654,0.004149377593360996,0.6911747324963765,0.6503128804449101,432.3484094052559,444.7,1.958813699097919,1.181356414985031,43200.0,43200
race_score>=0.65_odds_30_500_top3_by_expected_roi,241,723,72300,43200,-29100,0.5975103734439834,1,0.0013831258644536654,0.004149377593360996,0.6911747324963765,0.6503128804449101,432.3484094052559,444.7,1.958813699097919,1.181356414985031,43200.0,43200
race_score>=0.65_odds_30_500_ev>=0.8_top3,241,723,72300,43200,-29100,0.5975103734439834,1,0.0013831258644536654,0.004149377593360996,0.6911747324963765,0.6503128804449101,432.3484094052559,444.7,1.958813699097919,1.181356414985031,43200.0,43200
race_score>=0.65_odds_30_500_ev>=1.0_top3,241,723,72300,43200,-29100,0.5975103734439834,1,0.0013831258644536654,0.004149377593360996,0.6911747324963765,0.6503128804449101,432.3484094052559,444.7,1.958813699097919,1.181356414985031,43200.0,43200
race_score>=0.65_odds_50_500_top3_by_value_score,241,723,72300,43200,-29100,0.5975103734439834,1,0.0013831258644536654,0.004149377593360996,0.6911747324963765,0.6503128804449101,432.3484094052559,444.7,1.958813699097919,1.181356414985031,43200.0,43200
race_score>=0.65_odds_50_500_top3_by_expected_roi,241,723,72300,43200,-29100,0.5975103734439834,1,0.0013831258644536654,0.004149377593360996,0.6911747324963765,0.6503128804449101,432.3484094052559,444.7,1.958813699097919,1.181356414985031,43200.0,43200
race_score>=0.65_odds_50_500_ev>=0.8_top3,241,723,72300,43200,-29100,0.5975103734439834,1,0.0013831258644536654,0.004149377593360996,0.6911747324963765,0.6503128804449101,432.3484094052559,444.7,1.958813699097919,1.181356414985031,43200.0,43200
race_score>=0.65_odds_50_500_ev>=1.0_top3,241,723,72300,43200,-29100,0.5975103734439834,1,0.0013831258644536654,0.004149377593360996,0.6911747324963765,0.6503128804449101,432.3484094052559,444.7,1.958813699097919,1.181356414985031,43200.0,43200
race_score>=0.40_odds_30_500_ev>=1.2_top2,1444,2886,288600,172420,-116180,0.5974358974358974,4,0.001386001386001386,0.002770083102493075,0.5314347871520652,0.4000830274338122,424.99410949410947,439.45,2.8143320246408243,1.2037884391796205,43105.0,49890
race_score>=0.40_odds_50_500_ev>=1.2_top2,1444,2886,288600,172420,-116180,0.5974358974358974,4,0.001386001386001386,0.002770083102493075,0.5314347871520652,0.4000830274338122,424.99410949410947,439.45,2.8143320246408243,1.2037884391796205,43105.0,49890
race_score>=0.45_odds_50_500_top5_by_ticket_score,1047,5235,523500,312690,-210810,0.5973065902578797,24,0.004584527220630372,0.022922636103151862,0.5736019947536628,0.4500906629413549,167.7192741165234,131.6,1.1873507451637766,0.1737814614624854,13028.75,85380
race_score>=0.40_odds_30_500_top2_by_value_score,1444,2888,288800,172420,-116380,0.59702216066482,4,0.0013850415512465374,0.002770083102493075,0.5315119941259788,0.4000830274338122,425.02025623268696,439.45,2.813194559775522,1.1683363282594472,43105.0,49890
race_score>=0.40_odds_30_500_top2_by_expected_roi,1444,2888,288800,172420,-116380,0.59702216066482,4,0.0013850415512465374,0.002770083102493075,0.5315119941259788,0.4000830274338122,425.02025623268696,439.45,2.813194559775522,1.1683363282594472,43105.0,49890
race_score>=0.40_odds_30_500_ev>=0.8_top2,1444,2888,288800,172420,-116380,0.59702216066482,4,0.0013850415512465374,0.002770083102493075,0.5315119941259788,0.4000830274338122,425.02025623268696,439.45,2.813194559775522,1.1683363282594472,43105.0,49890
race_score>=0.40_odds_30_500_ev>=1.0_top2,1444,2888,288800,172420,-116380,0.59702216066482,4,0.0013850415512465374,0.002770083102493075,0.5315119941259788,0.4000830274338122,425.02025623268696,439.45,2.813194559775522,1.1683363282594472,43105.0,49890
race_score>=0.40_odds_50_500_top2_by_value_score,1444,2888,288800,172420,-116380,0.59702216066482,4,0.0013850415512465374,0.002770083102493075,0.5315119941259788,0.4000830274338122,425.02025623268696,439.45,2.813194559775522,1.1683363282594472,43105.0,49890
race_score>=0.40_odds_50_500_top2_by_expected_roi,1444,2888,288800,172420,-116380,0.59702216066482,4,0.0013850415512465374,0.002770083102493075,0.5315119941259788,0.4000830274338122,425.02025623268696,439.45,2.813194559775522,1.1683363282594472,43105.0,49890
race_score>=0.40_odds_50_500_ev>=0.8_top2,1444,2888,288800,172420,-116380,0.59702216066482,4,0.0013850415512465374,0.002770083102493075,0.5315119941259788,0.4000830274338122,425.02025623268696,439.45,2.813194559775522,1.1683363282594472,43105.0,49890
race_score>=0.40_odds_50_500_ev>=1.0_top2,1444,2888,288800,172420,-116380,0.59702216066482,4,0.0013850415512465374,0.002770083102493075,0.5315119941259788,0.4000830274338122,425.02025623268696,439.45,2.813194559775522,1.1683363282594472,43105.0,49890
race_score>=0.60_odds_50plus_top30_by_ticket_score,390,11700,1170000,696840,-473160,0.5955897435897436,39,0.0033333333333333335,0.1,0.6653700840469999,0.600386893407325,367.1106495726496,229.9,1.6987034092771787,0.15915337705810598,17867.69230769231,89380
race_score>=0.00_odds_30_500_ev>=3.0_top2,11923,22954,2295400,1366800,-928600,0.5954517731114403,38,0.0016554848828090965,0.003187117336240879,0.272489996766284,0.0065552327649241,388.28718306177575,406.5,4.723052738286335,3.0006123886333205,35968.42105263158,49890
race_score>=0.00_odds_50_500_ev>=3.0_top2,11923,22954,2295400,1366800,-928600,0.5954517731114403,38,0.0016554848828090965,0.003187117336240879,0.272489996766284,0.0065552327649241,388.29095582469284,406.5,4.723052451734788,3.0006123886333205,35968.42105263158,49890
race_score>=0.40_odds_30plus_top3_by_ticket_score,1444,4332,433200,257690,-175510,0.5948522622345337,36,0.008310249307479225,0.024930747922437674,0.5315119941259788,0.4000830274338122,157.22451523545706,94.9,1.2563246586039296,0.1166192209293641,7158.055555555556,28750
race_score>=0.00_odds_all_ev>=3.0_top3,13294,39852,3985200,2365280,-1619920,0.5935160092341664,11,0.0002760212787313058,0.0008274409508048744,0.29458310030044255,0.0065552327649241,3673.2578088929035,2887.2,12.024457208509379,3.001685812118118,215025.45454545456,778840
race_score>=0.00_odds_30plus_ev>=3.0_top3,13294,39852,3985200,2365280,-1619920,0.5935160092341664,11,0.0002760212787313058,0.0008274409508048744,0.29458310030044255,0.0065552327649241,3673.2578088929035,2887.2,12.024457208509379,3.001685812118118,215025.45454545456,778840
race_score>=0.00_odds_50plus_ev>=3.0_top3,13294,39852,3985200,2365280,-1619920,0.5935160092341664,11,0.0002760212787313058,0.0008274409508048744,0.29458310030044255,0.0065552327649241,3673.2578088929035,2887.2,12.024457208509379,3.001685812118118,215025.45454545456,778840
race_score>=0.00_odds_100plus_ev>=3.0_top3,13294,39852,3985200,2365280,-1619920,0.5935160092341664,11,0.0002760212787313058,0.0008274409508048744,0.29458310030044255,0.0065552327649241,3673.264006825253,2887.2,12.024421403552187,3.001685812118118,215025.45454545456,778840
race_score>=0.00_odds_50_500_ev>=3.0,11923,69940,6994000,4148150,-2845850,0.5931012296253932,132,0.0018873319988561624,0.011071039167994632,0.25880479797116307,0.0065552327649241,352.98748784672574,368.45,4.037009739949545,3.000021557097694,31425.378787878788,49890
race_score>=0.00_odds_30_500_ev>=3.0,11923,69975,6997500,4148150,-2849350,0.5928045730618078,132,0.0018863879957127547,0.011071039167994632,0.25874761417152725,0.0065552327649241,352.8336177206145,368.4,4.03670418906507,3.000021557097694,31425.378787878788,49890
race_score>=0.00_odds_all_top3_by_value_score,13306,39918,3991800,2365280,-1626520,0.5925346961270604,11,0.00027556490806152615,0.0008266947241845784,0.29443620178661617,0.0065552327649241,3667.8310035572927,2882.8,12.009002169991808,2.1339385936337414,215025.45454545456,778840
race_score>=0.00_odds_all_top3_by_expected_roi,13306,39918,3991800,2365280,-1626520,0.5925346961270604,11,0.00027556490806152615,0.0008266947241845784,0.29443620178661617,0.0065552327649241,3667.8310035572927,2882.8,12.009002169991808,2.1339385936337414,215025.45454545456,778840
race_score>=0.00_odds_all_ev>=0.8_top3,13306,39918,3991800,2365280,-1626520,0.5925346961270604,11,0.00027556490806152615,0.0008266947241845784,0.29443620178661617,0.0065552327649241,3667.8310035572927,2882.8,12.009002169991808,2.1339385936337414,215025.45454545456,778840
race_score>=0.00_odds_all_ev>=1.0_top3,13306,39918,3991800,2365280,-1626520,0.5925346961270604,11,0.00027556490806152615,0.0008266947241845784,0.29443620178661617,0.0065552327649241,3667.8310035572927,2882.8,12.009002169991808,2.1339385936337414,215025.45454545456,778840
race_score>=0.00_odds_all_ev>=1.2_top3,13306,39918,3991800,2365280,-1626520,0.5925346961270604,11,0.00027556490806152615,0.0008266947241845784,0.29443620178661617,0.0065552327649241,3667.8310035572927,2882.8,12.009002169991808,2.1339385936337414,215025.45454545456,778840
race_score>=0.00_odds_all_ev>=1.5_top3,13306,39918,3991800,2365280,-1626520,0.5925346961270604,11,0.00027556490806152615,0.0008266947241845784,0.29443620178661617,0.0065552327649241,3667.8310035572927,2882.8,12.009002169991808,2.1339385936337414,215025.45454545456,778840
race_score>=0.00_odds_all_ev>=2.0_top3,13306,39918,3991800,2365280,-1626520,0.5925346961270604,11,0.00027556490806152615,0.0008266947241845784,0.29443620178661617,0.0065552327649241,3667.8310035572927,2882.8,12.009002169991808,2.1339385936337414,215025.45454545456,778840
race_score>=0.00_odds_30plus_top3_by_value_score,13306,39918,3991800,2365280,-1626520,0.5925346961270604,11,0.00027556490806152615,0.0008266947241845784,0.29443620178661617,0.0065552327649241,3667.8310035572927,2882.8,12.009002169991808,2.1339385936337414,215025.45454545456,778840
race_score>=0.00_odds_30plus_top3_by_expected_roi,13306,39918,3991800,2365280,-1626520,0.5925346961270604,11,0.00027556490806152615,0.0008266947241845784,0.29443620178661617,0.0065552327649241,3667.8310035572927,2882.8,12.009002169991808,2.1339385936337414,215025.45454545456,778840
race_score>=0.00_odds_30plus_ev>=0.8_top3,13306,39918,3991800,2365280,-1626520,0.5925346961270604,11,0.00027556490806152615,0.0008266947241845784,0.29443620178661617,0.0065552327649241,3667.8310035572927,2882.8,12.009002169991808,2.1339385936337414,215025.45454545456,778840
race_score>=0.00_odds_30plus_ev>=1.0_top3,13306,39918,3991800,2365280,-1626520,0.5925346961270604,11,0.00027556490806152615,0.0008266947241845784,0.29443620178661617,0.0065552327649241,3667.8310035572927,2882.8,12.009002169991808,2.1339385936337414,215025.45454545456,778840
race_score>=0.00_odds_30plus_ev>=1.2_top3,13306,39918,3991800,2365280,-1626520,0.5925346961270604,11,0.00027556490806152615,0.0008266947241845784,0.29443620178661617,0.0065552327649241,3667.8310035572927,2882.8,12.009002169991808,2.1339385936337414,215025.45454545456,778840
race_score>=0.00_odds_30plus_ev>=1.5_top3,13306,39918,3991800,2365280,-1626520,0.5925346961270604,11,0.00027556490806152615,0.0008266947241845784,0.29443620178661617,0.0065552327649241,3667.8310035572927,2882.8,12.009002169991808,2.1339385936337414,215025.45454545456,778840
race_score>=0.00_odds_30plus_ev>=2.0_top3,13306,39918,3991800,2365280,-1626520,0.5925346961270604,11,0.00027556490806152615,0.0008266947241845784,0.29443620178661617,0.0065552327649241,3667.8310035572927,2882.8,12.009002169991808,2.1339385936337414,215025.45454545456,778840
race_score>=0.00_odds_50plus_top3_by_value_score,13306,39918,3991800,2365280,-1626520,0.5925346961270604,11,0.00027556490806152615,0.0008266947241845784,0.29443620178661617,0.0065552327649241,3667.8310035572927,2882.8,12.009002169991808,2.1339385936337414,215025.45454545456,778840
race_score>=0.00_odds_50plus_top3_by_expected_roi,13306,39918,3991800,2365280,-1626520,0.5925346961270604,11,0.00027556490806152615,0.0008266947241845784,0.29443620178661617,0.0065552327649241,3667.8310035572927,2882.8,12.009002169991808,2.1339385936337414,215025.45454545456,778840
race_score>=0.00_odds_50plus_ev>=0.8_top3,13306,39918,3991800,2365280,-1626520,0.5925346961270604,11,0.00027556490806152615,0.0008266947241845784,0.29443620178661617,0.0065552327649241,3667.8310035572927,2882.8,12.009002169991808,2.1339385936337414,215025.45454545456,778840
race_score>=0.00_odds_50plus_ev>=1.0_top3,13306,39918,3991800,2365280,-1626520,0.5925346961270604,11,0.00027556490806152615,0.0008266947241845784,0.29443620178661617,0.0065552327649241,3667.8310035572927,2882.8,12.009002169991808,2.1339385936337414,215025.45454545456,778840
race_score>=0.00_odds_50plus_ev>=1.2_top3,13306,39918,3991800,2365280,-1626520,0.5925346961270604,11,0.00027556490806152615,0.0008266947241845784,0.29443620178661617,0.0065552327649241,3667.8310035572927,2882.8,12.009002169991808,2.1339385936337414,215025.45454545456,778840
race_score>=0.00_odds_50plus_ev>=1.5_top3,13306,39918,3991800,2365280,-1626520,0.5925346961270604,11,0.00027556490806152615,0.0008266947241845784,0.29443620178661617,0.0065552327649241,3667.8310035572927,2882.8,12.009002169991808,2.1339385936337414,215025.45454545456,778840
race_score>=0.00_odds_50plus_ev>=2.0_top3,13306,39918,3991800,2365280,-1626520,0.5925346961270604,11,0.00027556490806152615,0.0008266947241845784,0.29443620178661617,0.0065552327649241,3667.8310035572927,2882.8,12.009002169991808,2.1339385936337414,215025.45454545456,778840
race_score>=0.00_odds_100plus_top3_by_value_score,13306,39918,3991800,2365280,-1626520,0.5925346961270604,11,0.00027556490806152615,0.0008266947241845784,0.29443620178661617,0.0065552327649241,3667.8489127711805,2882.8,12.008961123373687,2.1339385936337414,215025.45454545456,778840
race_score>=0.00_odds_100plus_top3_by_expected_roi,13306,39918,3991800,2365280,-1626520,0.5925346961270604,11,0.00027556490806152615,0.0008266947241845784,0.29443620178661617,0.0065552327649241,3667.8489127711805,2882.8,12.008961123373687,2.1339385936337414,215025.45454545456,778840
race_score>=0.00_odds_100plus_ev>=0.8_top3,13306,39918,3991800,2365280,-1626520,0.5925346961270604,11,0.00027556490806152615,0.0008266947241845784,0.29443620178661617,0.0065552327649241,3667.8489127711805,2882.8,12.008961123373687,2.1339385936337414,215025.45454545456,778840
race_score>=0.00_odds_100plus_ev>=1.0_top3,13306,39918,3991800,2365280,-1626520,0.5925346961270604,11,0.00027556490806152615,0.0008266947241845784,0.29443620178661617,0.0065552327649241,3667.8489127711805,2882.8,12.008961123373687,2.1339385936337414,215025.45454545456,778840
race_score>=0.00_odds_100plus_ev>=1.2_top3,13306,39918,3991800,2365280,-1626520,0.5925346961270604,11,0.00027556490806152615,0.0008266947241845784,0.29443620178661617,0.0065552327649241,3667.8489127711805,2882.8,12.008961123373687,2.1339385936337414,215025.45454545456,778840
race_score>=0.00_odds_100plus_ev>=1.5_top3,13306,39918,3991800,2365280,-1626520,0.5925346961270604,11,0.00027556490806152615,0.0008266947241845784,0.29443620178661617,0.0065552327649241,3667.8489127711805,2882.8,12.008961123373687,2.1339385936337414,215025.45454545456,778840
race_score>=0.00_odds_100plus_ev>=2.0_top3,13306,39918,3991800,2365280,-1626520,0.5925346961270604,11,0.00027556490806152615,0.0008266947241845784,0.29443620178661617,0.0065552327649241,3667.8489127711805,2882.8,12.008961123373687,2.1339385936337414,215025.45454545456,778840
race_score>=0.45_odds_all_top5_by_ticket_score,1047,5235,523500,310180,-213320,0.5925119388729704,84,0.016045845272206302,0.08022922636103152,0.5736019947536628,0.4500906629413549,159.04336198662847,87.3,1.061785018358292,0.02029190169418292,3692.6190476190477,28750
race_score>=0.00_odds_30_500_ev>=1.2_top2,13306,26610,2661000,1574240,-1086760,0.591597143930853,44,0.0016535137166478768,0.0033067788967383136,0.2944100097192959,0.0065552327649241,389.5462157083803,409.0,4.41423698294814,1.2037884391796205,35778.181818181816,49890
race_score>=0.00_odds_50_500_ev>=1.2_top2,13306,26610,2661000,1574240,-1086760,0.591597143930853,44,0.0016535137166478768,0.0033067788967383136,0.2944100097192959,0.0065552327649241,389.62121382938744,409.0,4.414130678958044,1.2037884391796205,35778.181818181816,49890
race_score>=0.00_odds_30_500_top2_by_value_score,13306,26612,2661200,1574240,-1086960,0.5915526830001503,44,0.0016533894483691568,0.0033067788967383136,0.29443620178661617,0.0065552327649241,389.55171727040437,409.0,4.413993303087641,1.1683363282594472,35778.181818181816,49890
race_score>=0.00_odds_30_500_top2_by_expected_roi,13306,26612,2661200,1574240,-1086960,0.5915526830001503,44,0.0016533894483691568,0.0033067788967383136,0.29443620178661617,0.0065552327649241,389.55171727040437,409.0,4.413993303087641,1.1683363282594472,35778.181818181816,49890
race_score>=0.00_odds_30_500_ev>=0.8_top2,13306,26612,2661200,1574240,-1086960,0.5915526830001503,44,0.0016533894483691568,0.0033067788967383136,0.29443620178661617,0.0065552327649241,389.55171727040437,409.0,4.413993303087641,1.1683363282594472,35778.181818181816,49890
race_score>=0.00_odds_30_500_ev>=1.0_top2,13306,26612,2661200,1574240,-1086960,0.5915526830001503,44,0.0016533894483691568,0.0033067788967383136,0.29443620178661617,0.0065552327649241,389.55171727040437,409.0,4.413993303087641,1.1683363282594472,35778.181818181816,49890
race_score>=0.00_odds_50_500_top2_by_value_score,13306,26612,2661200,1574240,-1086960,0.5915526830001503,44,0.0016533894483691568,0.0033067788967383136,0.29443620178661617,0.0065552327649241,389.62670975499776,409.0,4.413887007086721,1.1683363282594472,35778.181818181816,49890
race_score>=0.00_odds_50_500_top2_by_expected_roi,13306,26612,2661200,1574240,-1086960,0.5915526830001503,44,0.0016533894483691568,0.0033067788967383136,0.29443620178661617,0.0065552327649241,389.62670975499776,409.0,4.413887007086721,1.1683363282594472,35778.181818181816,49890
race_score>=0.00_odds_50_500_ev>=0.8_top2,13306,26612,2661200,1574240,-1086960,0.5915526830001503,44,0.0016533894483691568,0.0033067788967383136,0.29443620178661617,0.0065552327649241,389.62670975499776,409.0,4.413887007086721,1.1683363282594472,35778.181818181816,49890
race_score>=0.00_odds_50_500_ev>=1.0_top2,13306,26612,2661200,1574240,-1086960,0.5915526830001503,44,0.0016533894483691568,0.0033067788967383136,0.29443620178661617,0.0065552327649241,389.62670975499776,409.0,4.413887007086721,1.1683363282594472,35778.181818181816,49890
race_score>=0.65_odds_100_1000_top30_by_ticket_score,241,7230,723000,426070,-296930,0.5893084370677731,19,0.0026279391424619642,0.07883817427385892,0.6911747324963764,0.6503128804449101,353.8284785615491,285.3,1.532315307052775,0.29938086378304224,22424.736842105263,45010
race_score>=0.40_odds_all_top5_by_ticket_score,1444,7220,722000,425050,-296950,0.5887119113573407,130,0.018005540166204988,0.09002770083102493,0.5315119941259788,0.4000830274338122,142.1550969529086,77.3,1.0730403878577601,0.02029190169418292,3269.6153846153848,28750
race_score>=0.55_odds_30plus_top30_by_ticket_score,575,17250,1725000,1014480,-710520,0.588104347826087,83,0.004811594202898551,0.1443478260869565,0.636014344715647,0.5502825174254746,323.2706492753623,196.25,1.6044688133468832,0.10021473224036068,12222.650602409638,89380
race_score>=0.60_odds_50_1000_top20_by_ticket_score,390,7800,780000,458400,-321600,0.5876923076923077,29,0.003717948717948718,0.07435897435897436,0.6653700840469999,0.600386893407325,271.48328205128206,196.35000000000002,1.34246307450487,0.16374898247981928,15806.896551724138,60980
race_score>=0.65_odds_50plus_top3_by_ticket_score,241,723,72300,42480,-29820,0.587551867219917,5,0.006915629322268326,0.02074688796680498,0.6911747324963765,0.6503128804449101,245.4871369294606,153.4,1.3246944760269954,0.1965059847627693,8496.0,15020
race_score>=0.65_odds_50_500_top3_by_ticket_score,241,723,72300,42480,-29820,0.587551867219917,5,0.006915629322268326,0.02074688796680498,0.6911747324963765,0.6503128804449101,178.77607192254496,137.1,0.9731032066698367,0.1965059847627693,8496.0,15020
race_score>=0.65_odds_50_1000_top3_by_ticket_score,241,723,72300,42480,-29820,0.587551867219917,5,0.006915629322268326,0.02074688796680498,0.6911747324963765,0.6503128804449101,228.172060857538,152.1,1.2362485077208556,0.1965059847627693,8496.0,15020
race_score>=0.60_odds_30plus_top1_by_ticket_score,390,390,39000,22880,-16120,0.5866666666666667,4,0.010256410256410256,0.010256410256410256,0.6653700840469999,0.600386893407325,190.57487179487183,127.7,1.1352161930750015,0.11705139522641904,5720.0,9880
race_score>=0.60_odds_30_500_top1_by_ticket_score,390,390,39000,22880,-16120,0.5866666666666667,4,0.010256410256410256,0.010256410256410256,0.6653700840469999,0.600386893407325,158.11410256410255,124.45,0.9471716579837186,0.11705139522641904,5720.0,9880
race_score>=0.45_odds_30_500_ev>=1.2_top2,1047,2092,209200,122530,-86670,0.5857074569789675,3,0.0014340344168260039,0.0028653295128939827,0.5735357235655846,0.4500906629413549,428.4991395793499,442.05,2.535244607578372,1.2037884391796205,40843.333333333336,43200
race_score>=0.45_odds_50_500_ev>=1.2_top2,1047,2092,209200,122530,-86670,0.5857074569789675,3,0.0014340344168260039,0.0028653295128939827,0.5735357235655846,0.4500906629413549,428.4991395793499,442.05,2.535244607578372,1.2037884391796205,40843.333333333336,43200
race_score>=0.45_odds_30_500_top2_by_value_score,1047,2094,209400,122530,-86870,0.5851480420248328,3,0.0014326647564469914,0.0028653295128939827,0.5736019947536628,0.4500906629413549,428.531852913085,442.05,2.533942399509189,1.1683363282594472,40843.333333333336,43200
race_score>=0.45_odds_30_500_top2_by_expected_roi,1047,2094,209400,122530,-86870,0.5851480420248328,3,0.0014326647564469914,0.0028653295128939827,0.5736019947536628,0.4500906629413549,428.531852913085,442.05,2.533942399509189,1.1683363282594472,40843.333333333336,43200
race_score>=0.45_odds_30_500_ev>=0.8_top2,1047,2094,209400,122530,-86870,0.5851480420248328,3,0.0014326647564469914,0.0028653295128939827,0.5736019947536628,0.4500906629413549,428.531852913085,442.05,2.533942399509189,1.1683363282594472,40843.333333333336,43200
race_score>=0.45_odds_30_500_ev>=1.0_top2,1047,2094,209400,122530,-86870,0.5851480420248328,3,0.0014326647564469914,0.0028653295128939827,0.5736019947536628,0.4500906629413549,428.531852913085,442.05,2.533942399509189,1.1683363282594472,40843.333333333336,43200
race_score>=0.45_odds_50_500_top2_by_value_score,1047,2094,209400,122530,-86870,0.5851480420248328,3,0.0014326647564469914,0.0028653295128939827,0.5736019947536628,0.4500906629413549,428.531852913085,442.05,2.533942399509189,1.1683363282594472,40843.333333333336,43200
race_score>=0.45_odds_50_500_top2_by_expected_roi,1047,2094,209400,122530,-86870,0.5851480420248328,3,0.0014326647564469914,0.0028653295128939827,0.5736019947536628,0.4500906629413549,428.531852913085,442.05,2.533942399509189,1.1683363282594472,40843.333333333336,43200
race_score>=0.45_odds_50_500_ev>=0.8_top2,1047,2094,209400,122530,-86870,0.5851480420248328,3,0.0014326647564469914,0.0028653295128939827,0.5736019947536628,0.4500906629413549,428.531852913085,442.05,2.533942399509189,1.1683363282594472,40843.333333333336,43200
race_score>=0.45_odds_50_500_ev>=1.0_top2,1047,2094,209400,122530,-86870,0.5851480420248328,3,0.0014326647564469914,0.0028653295128939827,0.5736019947536628,0.4500906629413549,428.531852913085,442.05,2.533942399509189,1.1683363282594472,40843.333333333336,43200
race_score>=0.60_odds_50plus_top20_by_ticket_score,390,7800,780000,453210,-326790,0.5810384615384615,28,0.0035897435897435897,0.07179487179487179,0.6653700840469999,0.600386893407325,324.31187179487176,204.1,1.5905311959053114,0.17365816109905696,16186.07142857143,60980
race_score>=0.55_odds_50plus_top20_by_ticket_score,575,11500,1150000,667910,-482090,0.5807913043478261,46,0.004,0.08,0.636014344715647,0.5502825174254746,312.1754347826087,200.4,1.6337652685005273,0.17365816109905696,14519.782608695652,60980
race_score>=0.65_odds_50_1000_top30_by_ticket_score,241,7230,723000,418830,-304170,0.5792946058091286,26,0.0035961272475795295,0.1078838174273859,0.6911747324963764,0.6503128804449101,292.0036652835408,215.3,1.30886601940107,0.15915337705810598,16108.846153846154,45010
race_score>=0.00_odds_30_500_ev>=1.5_top2,13291,26557,2655700,1531040,-1124660,0.5765109010806944,43,0.0016191587905260384,0.0032352719885636897,0.2936637806439975,0.0065552327649241,389.4643144933539,408.8,4.420275025728802,1.5003247251767846,35605.58139534884,49890
race_score>=0.00_odds_50_500_ev>=1.5_top2,13291,26557,2655700,1531040,-1124660,0.5765109010806944,43,0.0016191587905260384,0.0032352719885636897,0.2936637806439975,0.0065552327649241,389.52633957148777,408.9,4.420173407466299,1.5003247251767846,35605.58139534884,49890
race_score>=0.45_odds_all_top30_by_value_score,1047,31410,3141000,1808680,-1332320,0.5758293537090099,7,0.00022285896211397645,0.0066857688634192934,0.5736019947536627,0.4500906629413549,5548.486634829672,5215.1,8.907730148575137,1.5378306119014875,258382.85714285713,778840
race_score>=0.45_odds_all_top30_by_expected_roi,1047,31410,3141000,1808680,-1332320,0.5758293537090099,7,0.00022285896211397645,0.0066857688634192934,0.5736019947536627,0.4500906629413549,5548.486634829672,5215.1,8.907730148575137,1.5378306119014875,258382.85714285713,778840
race_score>=0.45_odds_30plus_top30_by_value_score,1047,31410,3141000,1808680,-1332320,0.5758293537090099,7,0.00022285896211397645,0.0066857688634192934,0.5736019947536627,0.4500906629413549,5548.486634829672,5215.1,8.907730148575137,1.5378306119014875,258382.85714285713,778840
race_score>=0.45_odds_30plus_top30_by_expected_roi,1047,31410,3141000,1808680,-1332320,0.5758293537090099,7,0.00022285896211397645,0.0066857688634192934,0.5736019947536627,0.4500906629413549,5548.486634829672,5215.1,8.907730148575137,1.5378306119014875,258382.85714285713,778840
race_score>=0.45_odds_50plus_top30_by_value_score,1047,31410,3141000,1808680,-1332320,0.5758293537090099,7,0.00022285896211397645,0.0066857688634192934,0.5736019947536627,0.4500906629413549,5548.486634829672,5215.1,8.907730148575137,1.5378306119014875,258382.85714285713,778840
race_score>=0.45_odds_50plus_top30_by_expected_roi,1047,31410,3141000,1808680,-1332320,0.5758293537090099,7,0.00022285896211397645,0.0066857688634192934,0.5736019947536627,0.4500906629413549,5548.486634829672,5215.1,8.907730148575137,1.5378306119014875,258382.85714285713,778840
race_score>=0.45_odds_100plus_top30_by_value_score,1047,31410,3141000,1808680,-1332320,0.5758293537090099,7,0.00022285896211397645,0.0066857688634192934,0.5736019947536627,0.4500906629413549,5548.486634829672,5215.1,8.907730148575137,1.5378306119014875,258382.85714285713,778840
race_score>=0.45_odds_100plus_top30_by_expected_roi,1047,31410,3141000,1808680,-1332320,0.5758293537090099,7,0.00022285896211397645,0.0066857688634192934,0.5736019947536627,0.4500906629413549,5548.486634829672,5215.1,8.907730148575137,1.5378306119014875,258382.85714285713,778840
race_score>=0.30_odds_all_ev>=0.8,5544,1165819,116581900,67097540,-49484360,0.5755399423066531,1331,0.001141686659764509,0.2400793650793651,0.42492198230784456,0.3000060136596823,2100.5506869419696,1128.6,3.5125384534002264,0.8000010919328058,50411.37490608565,1240140
race_score>=0.30_odds_30plus_ev>=0.8,5544,1165745,116574500,67089480,-49485020,0.5755073365101288,1328,0.0011391856709657773,0.23953823953823955,0.42492860590700554,0.3000060136596823,2100.682367927806,1128.7,3.512701768822027,0.8000010919328058,50519.18674698795,1240140
race_score>=0.30_odds_50plus_ev>=0.8,5544,1164690,116469000,67024190,-49444810,0.5754680644635053,1313,0.001127338605122393,0.23683261183261184,0.42500509623436256,0.3000060136596823,2102.5464262593478,1130.3,3.515002517953444,0.8000010919328058,51046.60319878141,1240140
race_score>=0.50_odds_30_500_ev>=1.5_top5,779,3597,359700,206590,-153110,0.5743397275507367,5,0.0013900472616068947,0.006418485237483954,0.5992412770260781,0.5001748065414573,413.7376146788991,426.9,2.1917908648350215,1.5002101923452402,41318.0,49810
race_score>=0.50_odds_50_500_ev>=1.5_top5,779,3597,359700,206590,-153110,0.5743397275507367,5,0.0013900472616068947,0.006418485237483954,0.5992412770260781,0.5001748065414573,413.7376146788991,426.9,2.1917908648350215,1.5002101923452402,41318.0,49810
race_score>=0.00_odds_50_500_ev>=2.0_top2,13107,26053,2605300,1494000,-1111300,0.5734464361110045,42,0.0016120984147698922,0.0032043945983062485,0.28809673823344417,0.0065552327649241,389.0199247687407,408.0,4.471176630168147,2.002083788365323,35571.42857142857,49890
race_score>=0.00_odds_30_500_ev>=2.0_top2,13108,26055,2605500,1494000,-1111500,0.5734024179620034,42,0.0016119746689694876,0.00320415013732072,0.28808792511541637,0.0065552327649241,388.97122625215894,407.9,4.471015119343628,2.002083788365323,35571.42857142857,49890
race_score>=0.30_odds_100plus_ev>=0.8,5544,1150387,115038700,65957880,-49080820,0.5733538365784732,1187,0.0010318266809343291,0.2141053391053391,0.42597966124268555,0.3000060136596823,2127.6896228834294,1152.7,3.5452674057868157,0.8000010919328058,55566.87447346251,1240140
race_score>=0.50_odds_30plus_top5_by_ticket_score,793,3965,396500,226030,-170470,0.570063051702396,32,0.00807061790668348,0.0403530895334174,0.6056784390921904,0.5001748065414573,197.15924337957125,119.3,1.2475220884181124,0.1166192209293641,7063.4375,28750
race_score>=0.40_odds_all_top1_by_ticket_score,1444,1444,144400,82000,-62400,0.5678670360110804,37,0.025623268698060944,0.025623268698060944,0.5315119941259788,0.4000830274338122,120.70817174515234,66.15,0.9663390599724933,0.031771766769651474,2216.2162162162163,10170
race_score>=0.60_odds_30plus_top20_by_ticket_score,390,7800,780000,442510,-337490,0.5673205128205128,40,0.005128205128205128,0.10256410256410256,0.6653700840469999,0.600386893407325,295.55871794871797,180.65,1.4596926815448477,0.10021473224036068,11062.75,59790
race_score>=0.30_odds_all_ev>=1.0,5544,1082406,108240600,61282750,-46957850,0.5661715659373655,1060,0.0009792998191066938,0.1911976911976912,0.4252006473165409,0.3000060136596823,2225.8658622550133,1250.1,3.7139789906226612,1.0000012454343652,57813.91509433962,1240140
race_score>=0.30_odds_50plus_ev>=1.0,5544,1082053,108205300,61262560,-46942740,0.5661696793040637,1055,0.0009749984520166757,0.1902958152958153,0.4252295805404101,0.3000060136596823,2226.5780838831365,1250.7,3.7148097709737904,1.0000012454343652,58068.77725118483,1240140
race_score>=0.30_odds_30plus_ev>=1.0,5544,1082390,108239000,61279790,-46959210,0.5661525882537718,1059,0.0009783904138064839,0.19101731601731603,0.4252022373688181,0.3000060136596823,2225.8983809902156,1250.1,3.714016650018174,1.0000012454343652,57865.712936732765,1240140
race_score>=0.40_odds_30_500_top10_by_value_score,1444,14440,1444000,816020,-627980,0.5651108033240997,22,0.0015235457063711912,0.015235457063711912,0.5315119941259788,0.4000830274338122,387.2372506925207,401.6,2.199681545258414,0.9459329819090506,37091.818181818184,49890
race_score>=0.40_odds_30_500_top10_by_expected_roi,1444,14440,1444000,816020,-627980,0.5651108033240997,22,0.0015235457063711912,0.015235457063711912,0.5315119941259788,0.4000830274338122,387.2372506925207,401.6,2.199681545258414,0.9459329819090506,37091.818181818184,49890
race_score>=0.40_odds_50_500_top10_by_value_score,1444,14440,1444000,816020,-627980,0.5651108033240997,22,0.0015235457063711912,0.015235457063711912,0.5315119941259788,0.4000830274338122,387.2372506925207,401.6,2.199681545258414,0.9459329819090506,37091.818181818184,49890
race_score>=0.40_odds_50_500_top10_by_expected_roi,1444,14440,1444000,816020,-627980,0.5651108033240997,22,0.0015235457063711912,0.015235457063711912,0.5315119941259788,0.4000830274338122,387.2372506925207,401.6,2.199681545258414,0.9459329819090506,37091.818181818184,49890
race_score>=0.55_odds_50plus_top30_by_ticket_score,575,17250,1725000,973390,-751610,0.5642840579710144,64,0.0037101449275362317,0.11130434782608696,0.636014344715647,0.5502825174254746,357.62891014492754,226.5,1.7538334611786066,0.15915337705810598,15209.21875,89380
race_score>=0.30_odds_100plus_ev>=1.0,5544,1075027,107502700,60656580,-46846120,0.5642330843783459,988,0.0009190466844088567,0.1782106782106782,0.4257659005819349,0.3000060136596823,2240.5957482928334,1262.9,3.7307292214539634,1.0000012454343652,61393.2995951417,1240140
race_score>=0.55_odds_30plus_top20_by_ticket_score,575,11500,1150000,643160,-506840,0.5592695652173914,59,0.005130434782608695,0.10260869565217391,0.636014344715647,0.5502825174254746,281.6805478260869,173.55,1.4877000241714773,0.10021473224036068,10901.016949152543,59790
race_score>=0.60_odds_30_500_top30_by_ticket_score,390,11700,1170000,654130,-515870,0.55908547008547,64,0.00547008547008547,0.1641025641025641,0.6653700840469999,0.600386893407325,194.6197435897436,163.7,0.9043538832411586,0.08489575269770328,10220.78125,45010
race_score>=0.55_odds_100_1000_top10_by_ticket_score,575,5750,575000,320410,-254590,0.5572347826086956,16,0.002782608695652174,0.02782608695652174,0.636014344715647,0.5502825174254746,301.9801043478261,235.95,1.6816480632170405,0.3028163376897318,20025.625,59790
race_score>=0.30_odds_30plus_ev>=1.2,5544,1005000,100500000,55821710,-44678290,0.5554399004975125,853,0.0008487562189054726,0.15386002886002886,0.4255283044809669,0.3000060136596823,2349.4540499502486,1369.8,3.915440666064113,1.2000071515999542,65441.62954279015,1240140
race_score>=0.30_odds_all_ev>=1.2,5544,1005005,100500500,55821710,-44678790,0.555437137128671,853,0.0008487519962587251,0.15386002886002886,0.42552774708748053,0.3000060136596823,2349.442494614455,1369.8,3.915428091803708,1.2000071515999542,65441.62954279015,1240140
race_score>=0.30_odds_50plus_ev>=1.2,5544,1004901,100490100,55813910,-44676190,0.5554170012767427,851,0.0008468495901586326,0.1534992784992785,0.4255372674444228,0.3000060136596823,2349.681139833675,1370.0,3.915689949876274,1.2000071515999542,65586.26321974148,1240140
race_score>=0.60_odds_30_500_ev>=1.2_top2,390,778,77800,43200,-34600,0.5552699228791774,1,0.0012853470437017994,0.002564102564102564,0.6654277920844384,0.600386893407325,437.71105398457587,449.5,2.1164359139679854,1.2037884391796205,43200.0,43200
race_score>=0.60_odds_50_500_ev>=1.2_top2,390,778,77800,43200,-34600,0.5552699228791774,1,0.0012853470437017994,0.002564102564102564,0.6654277920844384,0.600386893407325,437.71105398457587,449.5,2.1164359139679854,1.2037884391796205,43200.0,43200
race_score>=0.45_odds_30_500_ev>=1.5,1033,12107,1210700,672200,-538500,0.5552159907491534,19,0.0015693400512100438,0.018393030009680542,0.5465426635472218,0.4500906629413549,374.48566118774266,390.2,2.023651340143323,1.5000074729556387,35378.94736842105,49810
race_score>=0.45_odds_50_500_ev>=1.5,1033,12107,1210700,672200,-538500,0.5552159907491534,19,0.0015693400512100438,0.018393030009680542,0.5465426635472218,0.4500906629413549,374.48566118774266,390.2,2.023651340143323,1.5000074729556387,35378.94736842105,49810
race_score>=0.30_odds_100plus_ev>=1.2,5544,1001517,100151700,55591860,-44559840,0.5550765488753561,823,0.0008217534000920603,0.14844877344877344,0.425827462130676,0.3000060136596823,2357.340363668315,1376.6,3.9239052928590414,1.2000169017164783,67547.82503037667,1240140
race_score>=0.60_odds_30_500_top2_by_value_score,390,780,78000,43200,-34800,0.5538461538461539,1,0.001282051282051282,0.002564102564102564,0.6653700840469999,0.600386893407325,437.7752564102564,449.5,2.1140138545966423,1.1683363282594472,43200.0,43200
race_score>=0.60_odds_30_500_top2_by_expected_roi,390,780,78000,43200,-34800,0.5538461538461539,1,0.001282051282051282,0.002564102564102564,0.6653700840469999,0.600386893407325,437.7752564102564,449.5,2.1140138545966423,1.1683363282594472,43200.0,43200
race_score>=0.60_odds_30_500_ev>=0.8_top2,390,780,78000,43200,-34800,0.5538461538461539,1,0.001282051282051282,0.002564102564102564,0.6653700840469999,0.600386893407325,437.7752564102564,449.5,2.1140138545966423,1.1683363282594472,43200.0,43200
race_score>=0.60_odds_30_500_ev>=1.0_top2,390,780,78000,43200,-34800,0.5538461538461539,1,0.001282051282051282,0.002564102564102564,0.6653700840469999,0.600386893407325,437.7752564102564,449.5,2.1140138545966423,1.1683363282594472,43200.0,43200
race_score>=0.60_odds_50_500_top2_by_value_score,390,780,78000,43200,-34800,0.5538461538461539,1,0.001282051282051282,0.002564102564102564,0.6653700840469999,0.600386893407325,437.7752564102564,449.5,2.1140138545966423,1.1683363282594472,43200.0,43200
race_score>=0.60_odds_50_500_top2_by_expected_roi,390,780,78000,43200,-34800,0.5538461538461539,1,0.001282051282051282,0.002564102564102564,0.6653700840469999,0.600386893407325,437.7752564102564,449.5,2.1140138545966423,1.1683363282594472,43200.0,43200
race_score>=0.60_odds_50_500_ev>=0.8_top2,390,780,78000,43200,-34800,0.5538461538461539,1,0.001282051282051282,0.002564102564102564,0.6653700840469999,0.600386893407325,437.7752564102564,449.5,2.1140138545966423,1.1683363282594472,43200.0,43200
race_score>=0.60_odds_50_500_ev>=1.0_top2,390,780,78000,43200,-34800,0.5538461538461539,1,0.001282051282051282,0.002564102564102564,0.6653700840469999,0.600386893407325,437.7752564102564,449.5,2.1140138545966423,1.1683363282594472,43200.0,43200
race_score>=0.55_odds_50_1000_top10_by_ticket_score,575,5750,575000,317420,-257580,0.5520347826086957,25,0.004347826086956522,0.043478260869565216,0.636014344715647,0.5502825174254746,235.71100869565217,166.4,1.3465184886399955,0.1737814614624854,12696.8,59790
race_score>=0.55_odds_30_500_top10_by_ticket_score,575,5750,575000,317210,-257790,0.5516695652173913,38,0.006608695652173913,0.06608695652173913,0.636014344715647,0.5502825174254746,166.65699130434783,131.1,0.9614119222457724,0.10843657943259605,8347.631578947368,28750
race_score>=0.00_odds_all_ev>=0.8,13306,2347574,234757400,129219700,-105537700,0.5504393045757024,3144,0.0013392549074065397,0.2362843829851195,0.3287292598496802,0.0065552327649241,2020.3199237595918,1070.3,3.5785911769263095,0.8000001866797052,41100.41348600509,1240140
race_score>=0.00_odds_30plus_ev>=0.8,13306,2344685,234468500,128956450,-105512050,0.5499947754175935,3021,0.001288445995944018,0.2270404328874192,0.32893184492278366,0.0065552327649241,2022.7814626271763,1072.5,3.5816767124310185,0.8000001866797052,42686.67659715326,1240140
race_score>=0.00_odds_50plus_ev>=0.8,13306,2336406,233640600,128376140,-105264460,0.5494598969528413,2879,0.0012322344660987859,0.21636855553885465,0.329350064445665,0.0065552327649241,2029.802920297243,1078.9,3.590258038880523,0.8000001866797052,44590.531434525874,1240140
race_score>=0.40_odds_50_500_top5_by_ticket_score,1444,7220,722000,396680,-325320,0.5494182825484765,33,0.004570637119113574,0.022853185595567867,0.5315119941259788,0.4000830274338122,161.04890581717453,125.35,1.3014099392930798,0.1737814614624854,12020.60606060606,85380
race_score>=0.60_odds_all_ev>=0.8,390,149407,14940700,8206610,-6734090,0.5492788155842765,99,0.0006626195559779662,0.25384615384615383,0.6653832672242603,0.600386893407325,2680.9810142764395,1739.9,3.5292917373866377,0.8000194955929384,82895.0505050505,464820
race_score>=0.60_odds_30plus_ev>=0.8,390,149407,14940700,8206610,-6734090,0.5492788155842765,99,0.0006626195559779662,0.25384615384615383,0.6653832672242603,0.600386893407325,2680.9810142764395,1739.9,3.5292917373866377,0.8000194955929384,82895.0505050505,464820
race_score>=0.60_odds_50plus_ev>=0.8,390,149407,14940700,8206610,-6734090,0.5492788155842765,99,0.0006626195559779662,0.25384615384615383,0.6653832672242603,0.600386893407325,2680.9810142764395,1739.9,3.5292917373866377,0.8000194955929384,82895.0505050505,464820
race_score>=0.65_odds_all_top5_by_ticket_score,241,1205,120500,66140,-54360,0.5488796680497925,15,0.012448132780082987,0.06224066390041494,0.6911747324963766,0.6503128804449101,222.3073858921162,131.1,1.1621034748220553,0.025885272490838943,4409.333333333333,15020
race_score>=0.60_odds_100plus_ev>=0.8,390,149386,14938600,8196730,-6741870,0.5486946567951482,98,0.0006560186362845246,0.2512820512820513,0.6653888984966806,0.600386893407325,2681.345500917087,1740.05,3.5296568942339808,0.8000194955929384,83640.10204081633,464820
race_score>=0.00_odds_100plus_ev>=0.8,13306,2288393,228839300,124772200,-104067100,0.5452393885141232,2412,0.001054014760576527,0.18127160679392756,0.330867950902318,0.0065552327649241,2070.7542049377007,1116.6,3.6393956617515872,0.8000001866797052,51729.76782752902,1240140
race_score>=0.60_odds_100plus_top10_by_ticket_score,390,3900,390000,212490,-177510,0.5448461538461539,9,0.002307692307692308,0.023076923076923078,0.6653700840469999,0.600386893407325,350.9873076923077,245.0,1.8150341471326958,0.3028163376897318,23610.0,59790
race_score>=0.60_odds_100_1000_top10_by_ticket_score,390,3900,390000,212490,-177510,0.5448461538461539,9,0.002307692307692308,0.023076923076923078,0.6653700840469999,0.600386893407325,306.58446153846154,237.1,1.5954279407364815,0.3028163376897318,23610.0,59790
race_score>=0.40_odds_50plus_ev>=0.8,1444,480583,48058300,26093400,-21964900,0.5429530382889116,349,0.0007262013013360855,0.24168975069252077,0.5473058251456595,0.4000830274338122,2924.0091776030363,1800.3,3.541453610069119,0.8000010919328058,74766.18911174785,1240140
race_score>=0.40_odds_all_ev>=0.8,1444,480661,48066100,26093400,-21972700,0.542864929752986,349,0.0007260834559075939,0.24168975069252077,0.5472882512283583,0.4000830274338122,2923.541602501555,1799.8,3.5410343479169333,0.8000010919328058,74766.18911174785,1240140
race_score>=0.40_odds_30plus_ev>=0.8,1444,480661,48066100,26093400,-21972700,0.542864929752986,349,0.0007260834559075939,0.24168975069252077,0.5472882512283583,0.4000830274338122,2923.541602501555,1799.8,3.5410343479169333,0.8000010919328058,74766.18911174785,1240140
race_score>=0.00_odds_all_ev>=1.0,13306,2180428,218042800,118346130,-99696670,0.5427655946447212,2452,0.0011245498590185046,0.18427776942732602,0.32879154672692074,0.0065552327649241,2127.0441362888387,1176.3,3.78405235562776,1.0000012454343652,48265.1427406199,1240140
race_score>=0.60_odds_100plus_ev>=1.0,390,138557,13855700,7517860,-6337840,0.542582475082457,81,0.0005845969528785987,0.2076923076923077,0.665264906002388,0.600386893407325,2846.738742900034,1920.6,3.735319632495041,1.0000093118676883,92813.08641975309,464820
race_score>=0.60_odds_all_ev>=1.0,390,138562,13856200,7517860,-6338340,0.5425628960321012,81,0.0005845758577387739,0.2076923076923077,0.665263399935173,0.600386893407325,2846.6394494883157,1920.4,3.7352241193509856,1.0000093118676883,92813.08641975309,464820
race_score>=0.60_odds_30plus_ev>=1.0,390,138562,13856200,7517860,-6338340,0.5425628960321012,81,0.0005845758577387739,0.2076923076923077,0.665263399935173,0.600386893407325,2846.6394494883157,1920.4,3.7352241193509856,1.0000093118676883,92813.08641975309,464820
race_score>=0.60_odds_50plus_ev>=1.0,390,138562,13856200,7517860,-6338340,0.5425628960321012,81,0.0005845758577387739,0.2076923076923077,0.665263399935173,0.600386893407325,2846.6394494883157,1920.4,3.7352241193509856,1.0000093118676883,92813.08641975309,464820
race_score>=0.00_odds_30plus_ev>=1.0,13306,2179036,217903600,118205010,-99698590,0.5424646953974143,2390,0.0010968152889626421,0.17961821734555838,0.32890440090996087,0.0065552327649241,2128.3880071738145,1177.6,3.7856538383559024,1.0000012454343652,49458.163179916315,1240140
race_score>=0.00_odds_50plus_ev>=1.0,13306,2174452,217445200,117899310,-99545890,0.5422024031802035,2316,0.0010650959414142047,0.17405681647377122,0.3291921890333624,0.0065552327649241,2132.78766029326,1181.5,3.7907270028617077,1.0000012454343652,50906.437823834196,1240140
race_score>=0.65_odds_30_500_top20_by_ticket_score,241,4820,482000,260720,-221280,0.5409128630705394,28,0.005809128630705394,0.11618257261410789,0.6911747324963766,0.6503128804449101,186.13381742738588,153.3,0.879902858884201,0.10021473224036068,9311.42857142857,45010
race_score>=0.30_odds_50plus_ev>=1.5,5544,899895,89989500,48676090,-41313410,0.540908550441996,630,0.0007000816761955561,0.11363636363636363,0.42603412273218405,0.3000060136596823,2530.406674445352,1549.2,4.215379187110761,1.5000001205609725,77263.63492063493,1240140
race_score>=0.30_odds_30plus_ev>=1.5,5544,899911,89991100,48676090,-41315010,0.5408989333389636,630,0.0007000692290682079,0.11363636363636363,0.42603250274352067,0.3000060136596823,2530.3624969580324,1549.1,4.215335217058516,1.5000001205609725,77263.63492063493,1240140
race_score>=0.30_odds_all_ev>=1.5,5544,899912,89991200,48676090,-41315110,0.5408983322813786,630,0.0007000684511374445,0.11363636363636363,0.4260323678181197,0.3000060136596823,2530.359712727467,1549.1,4.215332214673654,1.5000001205609725,77263.63492063493,1240140
race_score>=0.30_odds_100plus_ev>=1.5,5544,898724,89872400,48610130,-41262270,0.5408794023526688,622,0.0006920923442569688,0.11219336219336219,0.42615166699918267,0.3000060136596823,2533.593391074457,1552.1,4.218539529762153,1.5000001205609725,78151.33440514469,1240140
race_score>=0.40_odds_100plus_ev>=0.8,1444,479199,47919900,25879730,-22040170,0.5400622705806982,332,0.000692822814738762,0.2299168975069252,0.5475897443280345,0.4000830274338122,2932.216718106674,1808.9,3.548721454740431,0.8000010919328058,77950.99397590362,1240140
race_score>=0.70_odds_100plus_top10_by_ticket_score,80,800,80000,43200,-36800,0.54,1,0.00125,0.0125,0.7278454278400388,0.70091851553384,381.51575,257.95000000000005,1.7350591525659622,0.3028163376897318,43200.0,43200
race_score>=0.70_odds_100_1000_top10_by_ticket_score,80,800,80000,43200,-36800,0.54,1,0.00125,0.0125,0.7278454278400388,0.70091851553384,317.828375,245.64999999999998,1.440178978868432,0.3028163376897318,43200.0,43200
race_score>=0.45_odds_30_500_top5_by_ticket_score,1047,5235,523500,282560,-240940,0.5397516714422158,41,0.007831900668576886,0.039159503342884434,0.5736019947536628,0.4500906629413549,143.64393505253105,104.2,1.0174323314434264,0.11102342816024847,6891.707317073171,28750
race_score>=0.45_odds_50plus_top5_by_ticket_score,1047,5235,523500,282260,-241240,0.539178605539637,22,0.004202483285577842,0.021012416427889206,0.5736019947536628,0.4500906629413549,210.50993314231135,139.4,1.443532539503018,0.1965059847627693,12830.0,85380
race_score>=0.45_odds_50_1000_top5_by_ticket_score,1047,5235,523500,282260,-241240,0.539178605539637,22,0.004202483285577842,0.021012416427889206,0.5736019947536628,0.4500906629413549,198.46825214899715,138.4,1.3791176339818236,0.1965059847627693,12830.0,85380
race_score>=0.00_odds_100plus_ev>=1.0,13306,2144987,214498700,115613430,-98885270,0.5389936162783271,2027,0.0009449940722251463,0.1523372914474673,0.33038840754434373,0.0065552327649241,2161.003369764013,1207.4,3.8225673563797735,1.0000012454343652,57036.719289590525,1240140
race_score>=0.55_odds_50_500_top10_by_ticket_score,575,5750,575000,309530,-265470,0.5383130434782609,29,0.005043478260869565,0.050434782608695654,0.636014344715647,0.5502825174254746,185.78119999999998,151.7,1.0651316749471187,0.1737814614624854,10673.448275862069,28750
race_score>=0.65_odds_30plus_top5_by_ticket_score,241,1205,120500,64830,-55670,0.5380082987551867,11,0.009128630705394191,0.04564315352697095,0.6911747324963766,0.6503128804449101,235.2887136929461,142.5,1.2339866838027083,0.1166192209293641,5893.636363636364,15020
race_score>=0.65_odds_30_500_top5_by_ticket_score,241,1205,120500,64830,-55670,0.5380082987551867,11,0.009128630705394191,0.04564315352697095,0.6911747324963766,0.6503128804449101,169.7977593360996,131.7,0.897312309221822,0.1166192209293641,5893.636363636364,15020
race_score>=0.50_odds_30_500_ev>=1.5,779,7883,788300,423450,-364850,0.537168590638082,12,0.001522263097805404,0.01540436456996149,0.5866637114977189,0.5001748065414573,385.29250285424337,400.6,1.9574826526444997,1.5000441098694748,35287.5,49810
race_score>=0.50_odds_50_500_ev>=1.5,779,7883,788300,423450,-364850,0.537168590638082,12,0.001522263097805404,0.01540436456996149,0.5866637114977189,0.5001748065414573,385.29250285424337,400.6,1.9574826526444997,1.5000441098694748,35287.5,49810
race_score>=0.55_odds_100plus_top10_by_ticket_score,575,5750,575000,308810,-266190,0.5370608695652174,15,0.0026086956521739132,0.02608695652173913,0.636014344715647,0.5502825174254746,340.738852173913,242.7,1.884846535706086,0.3028163376897318,20587.333333333332,59790
race_score>=0.00_odds_all_ev>=1.2,13306,2025289,202528900,108451300,-94077600,0.5354855529260268,1946,0.0009608505255299367,0.14624981211483543,0.32888513359885163,0.0065552327649241,2231.7152403928526,1280.8,3.9897753675894414,1.2000000122334589,55730.36998972251,1240140
race_score>=0.45_odds_30plus_top1_by_ticket_score,1047,1047,104700,56060,-48640,0.5354345749761222,11,0.010506208213944603,0.010506208213944603,0.5736019947536628,0.4500906629413549,150.28309455587393,92.5,1.0950859633555374,0.11705139522641904,5096.363636363636,10170
race_score>=0.45_odds_30_500_top1_by_ticket_score,1047,1047,104700,56060,-48640,0.5354345749761222,11,0.010506208213944603,0.010506208213944603,0.5736019947536628,0.4500906629413549,129.86255969436485,91.8,0.9710542512254231,0.11705139522641904,5096.363636363636,10170
race_score>=0.00_odds_30plus_ev>=1.2,13306,2024601,202460100,108379400,-94080700,0.5353123899474513,1915,0.0009458653828581533,0.1439200360739516,0.328946478329008,0.0065552327649241,2232.465362113325,1281.5,3.990631877941045,1.2000000122334589,56594.986945169716,1240140
race_score>=0.00_odds_50plus_ev>=1.2,13306,2021983,202198300,108206600,-93991700,0.5351508890035178,1872,0.0009258238076185606,0.14068841124304826,0.32914375694169157,0.0065552327649241,2235.302118959457,1284.0,3.9937307271829328,1.2000000122334589,57802.67094017094,1240140
race_score>=0.60_odds_50plus_top10_by_ticket_score,390,3900,390000,208650,-181350,0.535,16,0.0041025641025641026,0.041025641025641026,0.6653700840469999,0.600386893407325,276.42823076923077,175.6,1.460164586703569,0.1737814614624854,13040.625,59790
race_score>=0.60_odds_50_1000_top10_by_ticket_score,390,3900,390000,208650,-181350,0.535,16,0.0041025641025641026,0.041025641025641026,0.6653700840469999,0.600386893407325,245.0982564102564,173.6,1.3041848978987807,0.1737814614624854,13040.625,59790
race_score>=0.30_odds_all_ev>=3.0_top5,5540,27683,2768300,1480980,-1287320,0.5349781454322147,4,0.00014449301015063396,0.0007220216606498195,0.38833249052891916,0.3000060136596823,3788.864201856735,2966.3,10.979246520803489,3.0006123886333205,370245.0,778840
race_score>=0.30_odds_30plus_ev>=3.0_top5,5540,27683,2768300,1480980,-1287320,0.5349781454322147,4,0.00014449301015063396,0.0007220216606498195,0.38833249052891916,0.3000060136596823,3788.864201856735,2966.3,10.979246520803489,3.0006123886333205,370245.0,778840
race_score>=0.30_odds_50plus_ev>=3.0_top5,5540,27683,2768300,1480980,-1287320,0.5349781454322147,4,0.00014449301015063396,0.0007220216606498195,0.38833249052891916,0.3000060136596823,3788.864201856735,2966.3,10.979246520803489,3.0006123886333205,370245.0,778840
race_score>=0.30_odds_100plus_ev>=3.0_top5,5540,27683,2768300,1480980,-1287320,0.5349781454322147,4,0.00014449301015063396,0.0007220216606498195,0.38833249052891916,0.3000060136596823,3788.864201856735,2966.3,10.979246520803489,3.0006123886333205,370245.0,778840
race_score>=0.30_odds_all_top5_by_value_score,5544,27720,2772000,1480980,-1291020,0.5342640692640692,4,0.0001443001443001443,0.0007215007215007215,0.3883389451860162,0.3000060136596823,3784.5906132756136,2961.95,10.9682106404349,2.1871684143732693,370245.0,778840
race_score>=0.30_odds_all_top5_by_expected_roi,5544,27720,2772000,1480980,-1291020,0.5342640692640692,4,0.0001443001443001443,0.0007215007215007215,0.3883389451860162,0.3000060136596823,3784.5906132756136,2961.95,10.9682106404349,2.1871684143732693,370245.0,778840
race_score>=0.30_odds_all_ev>=0.8_top5,5544,27720,2772000,1480980,-1291020,0.5342640692640692,4,0.0001443001443001443,0.0007215007215007215,0.3883389451860162,0.3000060136596823,3784.5906132756136,2961.95,10.9682106404349,2.1871684143732693,370245.0,778840
race_score>=0.30_odds_all_ev>=1.0_top5,5544,27720,2772000,1480980,-1291020,0.5342640692640692,4,0.0001443001443001443,0.0007215007215007215,0.3883389451860162,0.3000060136596823,3784.5906132756136,2961.95,10.9682106404349,2.1871684143732693,370245.0,778840
race_score>=0.30_odds_all_ev>=1.2_top5,5544,27720,2772000,1480980,-1291020,0.5342640692640692,4,0.0001443001443001443,0.0007215007215007215,0.3883389451860162,0.3000060136596823,3784.5906132756136,2961.95,10.9682106404349,2.1871684143732693,370245.0,778840
race_score>=0.30_odds_all_ev>=1.5_top5,5544,27720,2772000,1480980,-1291020,0.5342640692640692,4,0.0001443001443001443,0.0007215007215007215,0.3883389451860162,0.3000060136596823,3784.5906132756136,2961.95,10.9682106404349,2.1871684143732693,370245.0,778840
race_score>=0.30_odds_all_ev>=2.0_top5,5544,27720,2772000,1480980,-1291020,0.5342640692640692,4,0.0001443001443001443,0.0007215007215007215,0.3883389451860162,0.3000060136596823,3784.5906132756136,2961.95,10.9682106404349,2.1871684143732693,370245.0,778840
race_score>=0.30_odds_30plus_top5_by_value_score,5544,27720,2772000,1480980,-1291020,0.5342640692640692,4,0.0001443001443001443,0.0007215007215007215,0.3883389451860162,0.3000060136596823,3784.5906132756136,2961.95,10.9682106404349,2.1871684143732693,370245.0,778840
race_score>=0.30_odds_30plus_top5_by_expected_roi,5544,27720,2772000,1480980,-1291020,0.5342640692640692,4,0.0001443001443001443,0.0007215007215007215,0.3883389451860162,0.3000060136596823,3784.5906132756136,2961.95,10.9682106404349,2.1871684143732693,370245.0,778840
race_score>=0.30_odds_30plus_ev>=0.8_top5,5544,27720,2772000,1480980,-1291020,0.5342640692640692,4,0.0001443001443001443,0.0007215007215007215,0.3883389451860162,0.3000060136596823,3784.5906132756136,2961.95,10.9682106404349,2.1871684143732693,370245.0,778840
race_score>=0.30_odds_30plus_ev>=1.0_top5,5544,27720,2772000,1480980,-1291020,0.5342640692640692,4,0.0001443001443001443,0.0007215007215007215,0.3883389451860162,0.3000060136596823,3784.5906132756136,2961.95,10.9682106404349,2.1871684143732693,370245.0,778840
race_score>=0.30_odds_30plus_ev>=1.2_top5,5544,27720,2772000,1480980,-1291020,0.5342640692640692,4,0.0001443001443001443,0.0007215007215007215,0.3883389451860162,0.3000060136596823,3784.5906132756136,2961.95,10.9682106404349,2.1871684143732693,370245.0,778840
race_score>=0.30_odds_30plus_ev>=1.5_top5,5544,27720,2772000,1480980,-1291020,0.5342640692640692,4,0.0001443001443001443,0.0007215007215007215,0.3883389451860162,0.3000060136596823,3784.5906132756136,2961.95,10.9682106404349,2.1871684143732693,370245.0,778840
race_score>=0.30_odds_30plus_ev>=2.0_top5,5544,27720,2772000,1480980,-1291020,0.5342640692640692,4,0.0001443001443001443,0.0007215007215007215,0.3883389451860162,0.3000060136596823,3784.5906132756136,2961.95,10.9682106404349,2.1871684143732693,370245.0,778840
race_score>=0.30_odds_50plus_top5_by_value_score,5544,27720,2772000,1480980,-1291020,0.5342640692640692,4,0.0001443001443001443,0.0007215007215007215,0.3883389451860162,0.3000060136596823,3784.5906132756136,2961.95,10.9682106404349,2.1871684143732693,370245.0,778840
race_score>=0.30_odds_50plus_top5_by_expected_roi,5544,27720,2772000,1480980,-1291020,0.5342640692640692,4,0.0001443001443001443,0.0007215007215007215,0.3883389451860162,0.3000060136596823,3784.5906132756136,2961.95,10.9682106404349,2.1871684143732693,370245.0,778840
race_score>=0.30_odds_50plus_ev>=0.8_top5,5544,27720,2772000,1480980,-1291020,0.5342640692640692,4,0.0001443001443001443,0.0007215007215007215,0.3883389451860162,0.3000060136596823,3784.5906132756136,2961.95,10.9682106404349,2.1871684143732693,370245.0,778840
race_score>=0.30_odds_50plus_ev>=1.0_top5,5544,27720,2772000,1480980,-1291020,0.5342640692640692,4,0.0001443001443001443,0.0007215007215007215,0.3883389451860162,0.3000060136596823,3784.5906132756136,2961.95,10.9682106404349,2.1871684143732693,370245.0,778840
race_score>=0.30_odds_50plus_ev>=1.2_top5,5544,27720,2772000,1480980,-1291020,0.5342640692640692,4,0.0001443001443001443,0.0007215007215007215,0.3883389451860162,0.3000060136596823,3784.5906132756136,2961.95,10.9682106404349,2.1871684143732693,370245.0,778840
race_score>=0.30_odds_50plus_ev>=1.5_top5,5544,27720,2772000,1480980,-1291020,0.5342640692640692,4,0.0001443001443001443,0.0007215007215007215,0.3883389451860162,0.3000060136596823,3784.5906132756136,2961.95,10.9682106404349,2.1871684143732693,370245.0,778840
race_score>=0.30_odds_50plus_ev>=2.0_top5,5544,27720,2772000,1480980,-1291020,0.5342640692640692,4,0.0001443001443001443,0.0007215007215007215,0.3883389451860162,0.3000060136596823,3784.5906132756136,2961.95,10.9682106404349,2.1871684143732693,370245.0,778840
race_score>=0.30_odds_100plus_top5_by_value_score,5544,27720,2772000,1480980,-1291020,0.5342640692640692,4,0.0001443001443001443,0.0007215007215007215,0.3883389451860162,0.3000060136596823,3784.5906132756136,2961.95,10.9682106404349,2.1871684143732693,370245.0,778840
race_score>=0.30_odds_100plus_top5_by_expected_roi,5544,27720,2772000,1480980,-1291020,0.5342640692640692,4,0.0001443001443001443,0.0007215007215007215,0.3883389451860162,0.3000060136596823,3784.5906132756136,2961.95,10.9682106404349,2.1871684143732693,370245.0,778840
race_score>=0.30_odds_100plus_ev>=0.8_top5,5544,27720,2772000,1480980,-1291020,0.5342640692640692,4,0.0001443001443001443,0.0007215007215007215,0.3883389451860162,0.3000060136596823,3784.5906132756136,2961.95,10.9682106404349,2.1871684143732693,370245.0,778840
race_score>=0.30_odds_100plus_ev>=1.0_top5,5544,27720,2772000,1480980,-1291020,0.5342640692640692,4,0.0001443001443001443,0.0007215007215007215,0.3883389451860162,0.3000060136596823,3784.5906132756136,2961.95,10.9682106404349,2.1871684143732693,370245.0,778840
race_score>=0.30_odds_100plus_ev>=1.2_top5,5544,27720,2772000,1480980,-1291020,0.5342640692640692,4,0.0001443001443001443,0.0007215007215007215,0.3883389451860162,0.3000060136596823,3784.5906132756136,2961.95,10.9682106404349,2.1871684143732693,370245.0,778840
race_score>=0.30_odds_100plus_ev>=1.5_top5,5544,27720,2772000,1480980,-1291020,0.5342640692640692,4,0.0001443001443001443,0.0007215007215007215,0.3883389451860162,0.3000060136596823,3784.5906132756136,2961.95,10.9682106404349,2.1871684143732693,370245.0,778840
race_score>=0.30_odds_100plus_ev>=2.0_top5,5544,27720,2772000,1480980,-1291020,0.5342640692640692,4,0.0001443001443001443,0.0007215007215007215,0.3883389451860162,0.3000060136596823,3784.5906132756136,2961.95,10.9682106404349,2.1871684143732693,370245.0,778840
race_score>=0.00_odds_100plus_ev>=1.2,13306,2003474,200347400,106916010,-93431390,0.5336530945747237,1705,0.0008510217751765183,0.12813768224860966,0.33008331586264533,0.0065552327649241,2255.222041164497,1302.3,4.014929137951825,1.2000000122334589,62707.33724340176,1240140
race_score>=0.55_odds_50plus_top5_by_ticket_score,575,2875,287500,152930,-134570,0.5319304347826087,14,0.004869565217391304,0.02434782608695652,0.636014344715647,0.5502825174254746,234.42612173913042,155.9,1.3989370385146236,0.1965059847627693,10923.57142857143,28750
race_score>=0.55_odds_50_1000_top5_by_ticket_score,575,2875,287500,152930,-134570,0.5319304347826087,14,0.004869565217391304,0.02434782608695652,0.636014344715647,0.5502825174254746,217.87972173913042,154.7,1.3109820439516702,0.1965059847627693,10923.57142857143,28750
race_score>=0.55_odds_50plus_top10_by_ticket_score,575,5750,575000,305820,-269180,0.5318608695652174,24,0.0041739130434782605,0.04173913043478261,0.636014344715647,0.5502825174254746,262.414452173913,168.6,1.4869685419538348,0.1737814614624854,12742.5,59790
race_score>=0.45_odds_50plus_ev>=0.8,1047,387395,38739500,20521820,-18217680,0.5297388969914428,246,0.0006350107771137985,0.2349570200573066,0.5773700497187164,0.4500906629413549,3023.3172593864147,1922.6,3.5479029866914726,0.8000010919328058,83422.0325203252,778840
race_score>=0.45_odds_all_ev>=0.8,1047,387425,38742500,20521820,-18220680,0.5296978770084533,246,0.0006349616054720269,0.2349570200573066,0.577362489508539,0.4500906629413549,3023.08643298703,1922.4,3.5476990987876063,0.8000010919328058,83422.0325203252,778840
race_score>=0.45_odds_30plus_ev>=0.8,1047,387425,38742500,20521820,-18220680,0.5296978770084533,246,0.0006349616054720269,0.2349570200573066,0.577362489508539,0.4500906629413549,3023.08643298703,1922.4,3.5476990987876063,0.8000010919328058,83422.0325203252,778840
race_score>=0.30_odds_100plus_ev>=2.0,5544,748562,74856200,39598340,-35257860,0.5289921208931258,420,0.0005610757692749565,0.07575757575757576,0.4268248281749486,0.3000060136596823,2819.2000793521443,1842.5,4.7153398370458905,2.0000008690456017,94281.76190476191,1240140
race_score>=0.30_odds_50plus_ev>=2.0,5544,748763,74876300,39606740,-35269560,0.5289623018231403,421,0.0005622606886291123,0.07593795093795094,0.4267983808167471,0.3000060136596823,2818.4663817523037,1842.0,4.714694692651436,2.0000008690456017,94077.7672209026,1240140
race_score>=0.30_odds_all_ev>=2.0,5544,748765,74876500,39606740,-35269760,0.5289608889304388,421,0.0005622591867942545,0.07593795093795094,0.4267980742796499,0.3000060136596823,2818.4589795196093,1842.0,4.714687956222356,2.0000008690456017,94077.7672209026,1240140
race_score>=0.30_odds_30plus_ev>=2.0,5544,748765,74876500,39606740,-35269760,0.5289608889304388,421,0.0005622591867942545,0.07593795093795094,0.4267980742796499,0.3000060136596823,2818.4589795196093,1842.0,4.714687956222356,2.0000008690456017,94077.7672209026,1240140
race_score>=0.40_odds_50plus_ev>=1.0,1444,448274,44827400,23676000,-21151400,0.5281591169686397,266,0.0005933870802232563,0.18421052631578946,0.5469927963866206,0.4000830274338122,3086.447107126445,1983.3,3.731938620356561,1.0000012454343652,89007.51879699249,1240140
race_score>=0.40_odds_all_ev>=1.0,1444,448297,44829700,23676000,-21153700,0.5281320196209209,266,0.0005933566363370712,0.18421052631578946,0.5469867279059847,0.4000830274338122,3086.2910706518223,1983.1,3.7318050723528824,1.0000012454343652,89007.51879699249,1240140
race_score>=0.40_odds_30plus_ev>=1.0,1444,448297,44829700,23676000,-21153700,0.5281320196209209,266,0.0005933566363370712,0.18421052631578946,0.5469867279059847,0.4000830274338122,3086.2910706518223,1983.1,3.7318050723528824,1.0000012454343652,89007.51879699249,1240140
race_score>=0.60_odds_50plus_top5_by_ticket_score,390,1950,195000,102920,-92080,0.5277948717948718,9,0.004615384615384616,0.023076923076923078,0.6653700840469999,0.600386893407325,251.36394871794872,167.2,1.392332122408511,0.1965059847627693,11435.555555555555,28750
race_score>=0.60_odds_50_500_top5_by_ticket_score,390,1950,195000,102920,-92080,0.5277948717948718,9,0.004615384615384616,0.023076923076923078,0.6653700840469999,0.600386893407325,184.6677435897436,150.6,1.036624139946607,0.1737814614624854,11435.555555555555,28750
race_score>=0.60_odds_50_1000_top5_by_ticket_score,390,1950,195000,102920,-92080,0.5277948717948718,9,0.004615384615384616,0.023076923076923078,0.6653700840469999,0.600386893407325,230.92605128205128,166.0,1.2910310233434543,0.1965059847627693,11435.555555555555,28750
race_score>=0.45_odds_100plus_ev>=0.8,1047,386865,38686500,20363310,-18323190,0.5263673374432942,236,0.000610031923280731,0.22540592168099333,0.5774796425100193,0.4500906629413549,3027.3449508226386,1926.7,3.5513797585490057,0.8000010919328058,86285.21186440678,778840
race_score>=0.40_odds_100plus_ev>=1.0,1444,447696,44769600,23544590,-21225010,0.5259057485436546,259,0.0005785175654908688,0.1793628808864266,0.5471242708470264,0.4000830274338122,3090.3248588327792,1987.1,3.735177202186914,1.0000012454343652,90905.7528957529,1240140
race_score>=0.00_odds_all_ev>=1.5,13306,1815318,181531800,95394580,-86137220,0.5254979017450386,1444,0.00079545291789097,0.10852247106568465,0.3289881487796602,0.0065552327649241,2383.6363309899425,1435.0,4.2954240342339745,1.5000001205609725,66062.72853185596,1240140
race_score>=0.00_odds_50plus_ev>=1.5,13306,1813884,181388400,95307050,-86081350,0.5254307882973773,1418,0.0007817478956757985,0.10656846535397566,0.32912231153435256,0.0065552327649241,2385.489836615792,1436.6,4.297326716160948,1.5000001205609725,67212.30606488012,1240140
race_score>=0.00_odds_30plus_ev>=1.5,13306,1815093,181509300,95370460,-86138840,0.5254301570222573,1434,0.0007900421631288314,0.10777093040733504,0.32901143755801515,0.0065552327649241,2383.9286488350735,1435.2,4.295737248647176,1.5000001205609725,66506.59693165969,1240140
race_score>=0.00_odds_100plus_ev>=1.5,13306,1804267,180426700,94689080,-85737620,0.5248063618078699,1339,0.0007421296293730362,0.10063129415301368,0.329759945950302,0.0065552327649241,2397.7804667491005,1447.7,4.309360059905991,1.5000001205609725,70716.26587005227,1240140
race_score>=0.65_odds_100plus_ev>=0.8,241,92608,9260800,4850480,-4410320,0.5237646855563234,58,0.000626295784381479,0.24066390041493776,0.6910084493344637,0.6503128804449101,2607.1441138994473,1709.7,3.5318852446003794,0.8000194955929384,83628.96551724138,464820
race_score>=0.65_odds_all_ev>=0.8,241,92610,9261000,4850480,-4410520,0.5237533743656193,58,0.0006262822589353202,0.24066390041493776,0.6910079067933493,0.6503128804449101,2607.089747327502,1709.65,3.5318293120919453,0.8000194955929384,83628.96551724138,464820
race_score>=0.65_odds_30plus_ev>=0.8,241,92610,9261000,4850480,-4410520,0.5237533743656193,58,0.0006262822589353202,0.24066390041493776,0.6910079067933493,0.6503128804449101,2607.089747327502,1709.65,3.5318293120919453,0.8000194955929384,83628.96551724138,464820
race_score>=0.65_odds_50plus_ev>=0.8,241,92610,9261000,4850480,-4410520,0.5237533743656193,58,0.0006262822589353202,0.24066390041493776,0.6910079067933493,0.6503128804449101,2607.089747327502,1709.65,3.5318293120919453,0.8000194955929384,83628.96551724138,464820
race_score>=0.65_odds_50_1000_top20_by_value_score,241,4820,482000,251410,-230590,0.5215975103734439,3,0.0006224066390041493,0.012448132780082987,0.6911747324963766,0.6503128804449101,773.7780497925312,800.6,2.627874303090126,1.4611353697997098,83803.33333333333,91890
race_score>=0.65_odds_50_1000_top20_by_expected_roi,241,4820,482000,251410,-230590,0.5215975103734439,3,0.0006224066390041493,0.012448132780082987,0.6911747324963766,0.6503128804449101,773.7780497925312,800.6,2.627874303090126,1.4611353697997098,83803.33333333333,91890
race_score>=0.65_odds_100_1000_top20_by_value_score,241,4820,482000,251410,-230590,0.5215975103734439,3,0.0006224066390041493,0.012448132780082987,0.6911747324963766,0.6503128804449101,773.7780497925312,800.6,2.627874303090126,1.4611353697997098,83803.33333333333,91890
race_score>=0.65_odds_100_1000_top20_by_expected_roi,241,4820,482000,251410,-230590,0.5215975103734439,3,0.0006224066390041493,0.012448132780082987,0.6911747324963766,0.6503128804449101,773.7780497925312,800.6,2.627874303090126,1.4611353697997098,83803.33333333333,91890
race_score>=0.55_odds_30_500_top20_by_ticket_score,575,11500,1150000,598210,-551790,0.5201826086956521,64,0.005565217391304348,0.11130434782608696,0.636014344715647,0.5502825174254746,181.54199130434785,148.4,0.9659636015698713,0.10021473224036068,9347.03125,45010
race_score>=0.45_odds_50_500_top2_by_ticket_score,1047,2094,209400,108820,-100580,0.5196752626552054,10,0.004775549188156638,0.009551098376313277,0.5736019947536628,0.4500906629413549,155.3275071633238,118.15,1.1540963729144826,0.1965059847627693,10882.0,28750
race_score>=0.40_odds_30_500_ev>=2.0,1265,9509,950900,493770,-457130,0.5192659585655695,16,0.0016826164686086864,0.012648221343873518,0.47330207384241635,0.4000830274338122,376.32703754337996,392.3,2.6279286516480567,2.0001036896539244,30860.625,49890
race_score>=0.40_odds_50_500_ev>=2.0,1265,9509,950900,493770,-457130,0.5192659585655695,16,0.0016826164686086864,0.012648221343873518,0.47330207384241635,0.4000830274338122,376.32703754337996,392.3,2.6279286516480567,2.0001036896539244,30860.625,49890
race_score>=0.65_odds_100plus_top2_by_ticket_score,241,482,48200,25020,-23180,0.5190871369294606,2,0.004149377593360996,0.008298755186721992,0.6911747324963766,0.6503128804449101,303.41887966804984,216.95,1.6447515031122875,0.4139511754163647,12510.0,15020
race_score>=0.65_odds_100_1000_top2_by_ticket_score,241,482,48200,25020,-23180,0.5190871369294606,2,0.004149377593360996,0.008298755186721992,0.6911747324963766,0.6503128804449101,278.4688796680498,216.4,1.5169634006000123,0.4139511754163647,12510.0,15020
race_score>=0.70_odds_50plus_top20_by_ticket_score,80,1600,160000,82890,-77110,0.5180625,6,0.00375,0.075,0.7278454278400388,0.70091851553384,352.87881250000004,213.95,1.5246894412185603,0.17365816109905696,13815.0,43200
race_score>=0.70_odds_50_1000_top20_by_ticket_score,80,1600,160000,82890,-77110,0.5180625,6,0.00375,0.075,0.7278454278400388,0.70091851553384,276.61087499999996,201.9,1.1953792655887685,0.16374898247981928,13815.0,43200
race_score>=0.45_odds_30_500_ev>=1.5_top3,1033,3018,301800,155910,-145890,0.5166003976143141,4,0.0013253810470510272,0.003872216844143272,0.5693775306252711,0.4500906629413549,420.35248508946324,434.2,2.46168157193971,1.5003247251767846,38977.5,42290
race_score>=0.45_odds_50_500_ev>=1.5_top3,1033,3018,301800,155910,-145890,0.5166003976143141,4,0.0013253810470510272,0.003872216844143272,0.5693775306252711,0.4500906629413549,420.35248508946324,434.2,2.46168157193971,1.5003247251767846,38977.5,42290
race_score>=0.40_odds_100plus_ev>=1.2,1444,417834,41783400,21526940,-20256460,0.515203166807871,206,0.0004930187586457779,0.14265927977839335,0.5469015837662556,0.4000830274338122,3247.4843763312706,2167.7,3.923629020546704,1.2000188284712252,104499.70873786407,1240140
race_score>=0.40_odds_50plus_ev>=1.2,1444,418058,41805800,21526940,-20278860,0.5149271153763353,206,0.000492754593860182,0.14265927977839335,0.5468432753586074,0.4000830274338122,3245.7892117840115,2166.2,3.922297182239847,1.2000071515999542,104499.70873786407,1240140
race_score>=0.40_odds_all_ev>=1.2,1444,418063,41806300,21526940,-20279360,0.5149209568892726,206,0.000492748700554701,0.14265927977839335,0.546841768784616,0.4000830274338122,3245.750966481129,2166.2,3.922265615846247,1.2000071515999542,104499.70873786407,1240140
race_score>=0.40_odds_30plus_ev>=1.2,1444,418063,41806300,21526940,-20279360,0.5149209568892726,206,0.000492748700554701,0.14265927977839335,0.546841768784616,0.4000830274338122,3245.750966481129,2166.2,3.922265615846247,1.2000071515999542,104499.70873786407,1240140
race_score>=0.40_odds_all_top20_by_value_score,1444,28880,2888000,1483060,-1404940,0.5135249307479225,7,0.00024238227146814405,0.004847645429362881,0.5315119941259788,0.4000830274338122,5155.75802631579,4726.75,9.33675095806953,1.7987134016132262,211865.7142857143,778840
race_score>=0.40_odds_all_top20_by_expected_roi,1444,28880,2888000,1483060,-1404940,0.5135249307479225,7,0.00024238227146814405,0.004847645429362881,0.5315119941259788,0.4000830274338122,5155.75802631579,4726.75,9.33675095806953,1.7987134016132262,211865.7142857143,778840
race_score>=0.40_odds_30plus_top20_by_value_score,1444,28880,2888000,1483060,-1404940,0.5135249307479225,7,0.00024238227146814405,0.004847645429362881,0.5315119941259788,0.4000830274338122,5155.75802631579,4726.75,9.33675095806953,1.7987134016132262,211865.7142857143,778840
race_score>=0.40_odds_30plus_top20_by_expected_roi,1444,28880,2888000,1483060,-1404940,0.5135249307479225,7,0.00024238227146814405,0.004847645429362881,0.5315119941259788,0.4000830274338122,5155.75802631579,4726.75,9.33675095806953,1.7987134016132262,211865.7142857143,778840
race_score>=0.40_odds_50plus_top20_by_value_score,1444,28880,2888000,1483060,-1404940,0.5135249307479225,7,0.00024238227146814405,0.004847645429362881,0.5315119941259788,0.4000830274338122,5155.75802631579,4726.75,9.33675095806953,1.7987134016132262,211865.7142857143,778840
race_score>=0.40_odds_50plus_top20_by_expected_roi,1444,28880,2888000,1483060,-1404940,0.5135249307479225,7,0.00024238227146814405,0.004847645429362881,0.5315119941259788,0.4000830274338122,5155.75802631579,4726.75,9.33675095806953,1.7987134016132262,211865.7142857143,778840
race_score>=0.40_odds_100plus_top20_by_value_score,1444,28880,2888000,1483060,-1404940,0.5135249307479225,7,0.00024238227146814405,0.004847645429362881,0.5315119941259788,0.4000830274338122,5155.75802631579,4726.75,9.33675095806953,1.7987134016132262,211865.7142857143,778840
race_score>=0.40_odds_100plus_top20_by_expected_roi,1444,28880,2888000,1483060,-1404940,0.5135249307479225,7,0.00024238227146814405,0.004847645429362881,0.5315119941259788,0.4000830274338122,5155.75802631579,4726.75,9.33675095806953,1.7987134016132262,211865.7142857143,778840
race_score>=0.45_odds_50plus_ev>=1.0,1047,361355,36135500,18537010,-17598490,0.5129861216808955,186,0.0005147292828382062,0.17765042979942694,0.5769663168027973,0.4500906629413549,3191.8483247775735,2113.5,3.7388078724583624,1.0000012454343652,99661.3440860215,778840
race_score>=0.45_odds_all_ev>=1.0,1047,361360,36136000,18537010,-17598990,0.5129790236882887,186,0.0005147221607261456,0.17765042979942694,0.5769650375361097,0.4500906629413549,3191.8047974319234,2113.4,3.738770964873471,1.0000012454343652,99661.3440860215,778840
race_score>=0.45_odds_30plus_ev>=1.0,1047,361360,36136000,18537010,-17598990,0.5129790236882887,186,0.0005147221607261456,0.17765042979942694,0.5769650375361097,0.4500906629413549,3191.8047974319234,2113.4,3.738770964873471,1.0000012454343652,99661.3440860215,778840
race_score>=0.40_odds_30_500_top5_by_ticket_score,1444,7220,722000,370050,-351950,0.5125346260387812,54,0.007479224376731302,0.037396121883656507,0.5315119941259788,0.4000830274338122,136.8916620498615,99.25,1.111001279666857,0.11102342816024847,6852.777777777777,28750
race_score>=0.00_odds_100plus_ev>=2.0,13306,1509078,150907800,77341370,-73566430,0.512507438316641,920,0.0006096437692418814,0.06914174056816474,0.32949643765870745,0.0065552327649241,2633.2251329619808,1692.5,4.811430460484661,2.000000114843359,84066.70652173914,1240140
race_score>=0.00_odds_30plus_ev>=2.0,13306,1513139,151313900,77540160,-73773740,0.5124457171482594,949,0.0006271730488738972,0.07132120847737862,0.3291035923344772,0.0065552327649241,2626.3637438464016,1686.1,4.805397485248475,2.000000114843359,81707.2286617492,1240140
race_score>=0.00_odds_all_ev>=2.0,13306,1513174,151317400,77540160,-73777240,0.512433864182176,949,0.0006271585422429938,0.07132120847737862,0.329099326396321,0.0065552327649241,2626.303600709502,1686.0,4.805337857792703,2.000000114843359,81707.2286617492,1240140
race_score>=0.00_odds_50plus_ev>=2.0,13306,1512784,151278400,77519540,-73758860,0.5124296660990597,944,0.000624015060973675,0.07094543814820382,0.3291444362922942,0.0065552327649241,2626.9700540196086,1686.7,4.805951238268489,2.000000114843359,82118.15677966102,1240140
race_score>=0.45_odds_100plus_ev>=1.0,1047,361142,36114200,18429210,-17684990,0.5103037032524602,182,0.0005039568923027507,0.17382999044890163,0.5770163500108361,0.4500906629413549,3193.681281324244,2115.0,3.740302855963926,1.0000012454343652,101259.3956043956,778840
race_score>=0.40_odds_50plus_top5_by_ticket_score,1444,7220,722000,366250,-355750,0.5072714681440443,31,0.004293628808864266,0.02146814404432133,0.5315119941259788,0.4000830274338122,196.02349030470913,131.1,1.5267803477450081,0.1965059847627693,11814.516129032258,85380
race_score>=0.40_odds_50_1000_top5_by_ticket_score,1444,7220,722000,366250,-355750,0.5072714681440443,31,0.004293628808864266,0.02146814404432133,0.5315119941259788,0.4000830274338122,186.5633102493075,130.7,1.4734795771449527,0.1965059847627693,11814.516129032258,85380
race_score>=0.60_odds_30_500_top20_by_ticket_score,390,7800,780000,394050,-385950,0.5051923076923077,44,0.0056410256410256415,0.11282051282051282,0.6653700840469999,0.600386893407325,184.84230769230768,152.2,0.9156234642887334,0.10021473224036068,8955.681818181818,45010
race_score>=0.45_odds_30plus_top5_by_ticket_score,1047,5235,523500,263730,-259770,0.50378223495702,40,0.007640878701050621,0.038204393505253106,0.5736019947536628,0.4500906629413549,183.51203438395416,109.3,1.2536715475602112,0.1166192209293641,6593.25,28750
race_score>=0.65_odds_100plus_ev>=1.0,241,85750,8575000,4300090,-4274910,0.501468221574344,44,0.0005131195335276968,0.1825726141078838,0.6909526712011899,0.6503128804449101,2771.669652478134,1887.95,3.7425042218886535,1.0000093118676883,97729.31818181818,464820
race_score>=0.65_odds_all_ev>=1.0,241,85751,8575100,4300090,-4275010,0.5014623736166343,44,0.0005131135496962135,0.1825726141078838,0.6909524259653126,0.6503128804449101,2771.6383237513264,1887.9,3.7424729288264955,1.0000093118676883,97729.31818181818,464820
race_score>=0.65_odds_30plus_ev>=1.0,241,85751,8575100,4300090,-4275010,0.5014623736166343,44,0.0005131135496962135,0.1825726141078838,0.6909524259653126,0.6503128804449101,2771.6383237513264,1887.9,3.7424729288264955,1.0000093118676883,97729.31818181818,464820
race_score>=0.65_odds_50plus_ev>=1.0,241,85751,8575100,4300090,-4275010,0.5014623736166343,44,0.0005131135496962135,0.1825726141078838,0.6909524259653126,0.6503128804449101,2771.6383237513264,1887.9,3.7424729288264955,1.0000093118676883,97729.31818181818,464820
race_score>=0.50_odds_100plus_top2_by_ticket_score,793,1586,158600,79250,-79350,0.49968474148802017,5,0.0031525851197982345,0.006305170239596469,0.6056784390921905,0.5001748065414573,270.94262295081967,194.75,1.784999658575759,0.4139511754163647,15850.0,28750
race_score>=0.50_odds_100_1000_top2_by_ticket_score,793,1586,158600,79250,-79350,0.49968474148802017,5,0.0031525851197982345,0.006305170239596469,0.6056784390921905,0.5001748065414573,253.6372005044136,194.2,1.6814621385275879,0.4139511754163647,15850.0,28750
race_score>=0.40_odds_100plus_ev>=1.5,1444,376664,37666400,18775840,-18890560,0.4984771573604061,153,0.00040619756600046727,0.10595567867036011,0.5467036426318073,0.4000830274338122,3475.453856221991,2427.9,4.205146062794084,1.5000046282935628,122717.90849673202,1240140
race_score>=0.40_odds_all_ev>=1.5,1444,376726,37672600,18775840,-18896760,0.4983951200607338,153,0.0004061307156925723,0.10595567867036011,0.546685486669656,0.4000830274338122,3474.896136183858,2427.2,4.204740049013708,1.5000046282935628,122717.90849673202,1240140
race_score>=0.40_odds_30plus_ev>=1.5,1444,376726,37672600,18775840,-18896760,0.4983951200607338,153,0.0004061307156925723,0.10595567867036011,0.546685486669656,0.4000830274338122,3474.896136183858,2427.2,4.204740049013708,1.5000046282935628,122717.90849673202,1240140
race_score>=0.40_odds_50plus_ev>=1.5,1444,376726,37672600,18775840,-18896760,0.4983951200607338,153,0.0004061307156925723,0.10595567867036011,0.546685486669656,0.4000830274338122,3474.896136183858,2427.2,4.204740049013708,1.5000046282935628,122717.90849673202,1240140
race_score>=0.65_odds_100plus_top30_by_ticket_score,241,7230,723000,359880,-363120,0.49775933609958506,17,0.002351313969571231,0.07053941908713693,0.6911747324963764,0.6503128804449101,456.94161825726144,309.0,1.9710896231095725,0.29938086378304224,21169.41176470588,43620
race_score>=0.45_odds_100plus_ev>=1.2,1047,337144,33714400,16737220,-16977180,0.4964412832498873,144,0.0004271171962128942,0.13753581661891118,0.5766925981715124,0.4500906629413549,3356.320674251952,2301.6,3.9283628118468674,1.2000188284712252,116230.69444444444,778840
race_score>=0.45_odds_all_ev>=1.2,1047,337215,33721500,16737220,-16984280,0.4963367584478745,144,0.00042702726747030823,0.13753581661891118,0.5766728830242337,0.4500906629413549,3355.6316480583605,2301.0,3.9278387443143203,1.2000188284712252,116230.69444444444,778840
race_score>=0.45_odds_30plus_ev>=1.2,1047,337215,33721500,16737220,-16984280,0.4963367584478745,144,0.00042702726747030823,0.13753581661891118,0.5766728830242337,0.4500906629413549,3355.6316480583605,2301.0,3.9278387443143203,1.2000188284712252,116230.69444444444,778840
race_score>=0.45_odds_50plus_ev>=1.2,1047,337215,33721500,16737220,-16984280,0.4963367584478745,144,0.00042702726747030823,0.13753581661891118,0.5766728830242337,0.4500906629413549,3355.6316480583605,2301.0,3.9278387443143203,1.2000188284712252,116230.69444444444,778840
race_score>=0.60_odds_all_ev>=1.2,390,128777,12877700,6374050,-6503650,0.49496804553608176,60,0.00046592170962205984,0.15384615384615385,0.6651698676615156,0.600386893407325,3008.930033313402,2096.0,3.935598046185589,1.2000501437755964,106234.16666666667,464820
race_score>=0.60_odds_30plus_ev>=1.2,390,128777,12877700,6374050,-6503650,0.49496804553608176,60,0.00046592170962205984,0.15384615384615385,0.6651698676615156,0.600386893407325,3008.930033313402,2096.0,3.935598046185589,1.2000501437755964,106234.16666666667,464820
race_score>=0.60_odds_50plus_ev>=1.2,390,128777,12877700,6374050,-6503650,0.49496804553608176,60,0.00046592170962205984,0.15384615384615385,0.6651698676615156,0.600386893407325,3008.930033313402,2096.0,3.935598046185589,1.2000501437755964,106234.16666666667,464820
race_score>=0.60_odds_100plus_ev>=1.2,390,128777,12877700,6374050,-6503650,0.49496804553608176,60,0.00046592170962205984,0.15384615384615385,0.6651698676615156,0.600386893407325,3008.930033313402,2096.0,3.935598046185589,1.2000501437755964,106234.16666666667,464820
race_score>=0.55_odds_50_500_top20_by_ticket_score,575,11500,1150000,568490,-581510,0.4943391304347826,47,0.00408695652173913,0.0817391304347826,0.636014344715647,0.5502825174254746,199.7971826086956,168.85000000000002,1.0474467704795645,0.16062897001754137,12095.531914893618,45010
race_score>=0.40_odds_30_500_ev>=3.0_top2,598,1010,101000,49890,-51110,0.49396039603960396,1,0.0009900990099009901,0.0016722408026755853,0.4607124989614365,0.4000830274338122,422.4243564356435,436.05,3.829877749051664,3.0024344973515644,49890.0,49890
race_score>=0.40_odds_50_500_ev>=3.0_top2,598,1010,101000,49890,-51110,0.49396039603960396,1,0.0009900990099009901,0.0016722408026755853,0.4607124989614365,0.4000830274338122,422.4243564356435,436.05,3.829877749051664,3.0024344973515644,49890.0,49890
race_score>=0.60_odds_30_500_top10_by_ticket_score,390,3900,390000,192530,-197470,0.49366666666666664,26,0.006666666666666667,0.06666666666666667,0.6653700840469999,0.600386893407325,173.03315384615385,137.7,0.9248814810969097,0.10843657943259605,7405.0,28750
race_score>=0.45_odds_50plus_top2_by_ticket_score,1047,2094,209400,103300,-106100,0.4933142311365807,9,0.004297994269340974,0.008595988538681949,0.5736019947536628,0.4500906629413549,191.58404966571155,121.65,1.3777252481356947,0.1965059847627693,11477.777777777777,28750
race_score>=0.45_odds_50_1000_top2_by_ticket_score,1047,2094,209400,103300,-106100,0.4933142311365807,9,0.004297994269340974,0.008595988538681949,0.5736019947536628,0.4500906629413549,180.05596943648519,121.3,1.3103655480568084,0.1965059847627693,11477.777777777777,28750
race_score>=0.60_odds_50plus_top1_by_ticket_score,390,390,39000,19150,-19850,0.491025641025641,2,0.005128205128205128,0.005128205128205128,0.6653700840469999,0.600386893407325,205.6892307692308,139.95,1.2308025983507966,0.2351477209984394,9575.0,9880
race_score>=0.60_odds_50_500_top1_by_ticket_score,390,390,39000,19150,-19850,0.491025641025641,2,0.005128205128205128,0.005128205128205128,0.6653700840469999,0.600386893407325,172.43948717948717,133.85,1.0361018887987898,0.22910032666161087,9575.0,9880
race_score>=0.60_odds_50_1000_top1_by_ticket_score,390,390,39000,19150,-19850,0.491025641025641,2,0.005128205128205128,0.005128205128205128,0.6653700840469999,0.600386893407325,197.35358974358974,138.95,1.1792933666445737,0.2351477209984394,9575.0,9880
race_score>=0.55_odds_all_ev>=0.8,575,221270,22127000,10833100,-11293900,0.4895873819315768,132,0.0005965562435034121,0.22956521739130434,0.635713252600489,0.5502825174254746,2813.5895525828173,1819.85,3.5240404902856954,0.8000136138537731,82068.93939393939,464820
race_score>=0.55_odds_30plus_ev>=0.8,575,221270,22127000,10833100,-11293900,0.4895873819315768,132,0.0005965562435034121,0.22956521739130434,0.635713252600489,0.5502825174254746,2813.5895525828173,1819.85,3.5240404902856954,0.8000136138537731,82068.93939393939,464820
race_score>=0.55_odds_50plus_ev>=0.8,575,221270,22127000,10833100,-11293900,0.4895873819315768,132,0.0005965562435034121,0.22956521739130434,0.635713252600489,0.5502825174254746,2813.5895525828173,1819.85,3.5240404902856954,0.8000136138537731,82068.93939393939,464820
race_score>=0.55_odds_100plus_ev>=0.8,575,221207,22120700,10815290,-11305410,0.48892168873498576,130,0.0005876848381832401,0.22608695652173913,0.6357264306680376,0.5502825174254746,2814.3656109435956,1820.8,3.524778137508859,0.8000136138537731,83194.53846153847,464820
race_score>=0.40_odds_30plus_top5_by_ticket_score,1444,7220,722000,351220,-370780,0.4864542936288089,53,0.007340720221606648,0.036703601108033244,0.5315119941259788,0.4000830274338122,168.80447368421054,103.0,1.3112805331889459,0.1166192209293641,6626.792452830188,28750
race_score>=0.40_odds_50_500_top2_by_ticket_score,1444,2888,288800,140220,-148580,0.4855263157894737,13,0.004501385041551247,0.009002770083102494,0.5315119941259788,0.4000830274338122,148.8871537396122,112.0,1.2686944008006953,0.1965059847627693,10786.153846153846,28750
race_score>=0.70_odds_100plus_top30_by_ticket_score,80,2400,240000,116330,-123670,0.48470833333333335,5,0.0020833333333333333,0.0625,0.7278454278400386,0.70091851553384,484.98650000000004,316.65,1.9431172124625455,0.29938086378304224,23266.0,43200
race_score>=0.40_odds_100plus_ev>=2.0,1444,316282,31628200,15321520,-16306680,0.484425923701001,99,0.0003130118059200334,0.0685595567867036,0.5466223765428481,0.4000830274338122,3836.48672482152,2855.8,4.675309268534553,2.0000008690456017,154762.8282828283,1240140
race_score>=0.40_odds_all_ev>=2.0,1444,316289,31628900,15321520,-16307380,0.48441520255209636,99,0.0003130048784497722,0.0685595567867036,0.546619663845323,0.4000830274338122,3836.403841739675,2855.7,4.67525489183807,2.0000008690456017,154762.8282828283,1240140
race_score>=0.40_odds_30plus_ev>=2.0,1444,316289,31628900,15321520,-16307380,0.48441520255209636,99,0.0003130048784497722,0.0685595567867036,0.546619663845323,0.4000830274338122,3836.403841739675,2855.7,4.67525489183807,2.0000008690456017,154762.8282828283,1240140
race_score>=0.40_odds_50plus_ev>=2.0,1444,316289,31628900,15321520,-16307380,0.48441520255209636,99,0.0003130048784497722,0.0685595567867036,0.546619663845323,0.4000830274338122,3836.403841739675,2855.7,4.67525489183807,2.0000008690456017,154762.8282828283,1240140
race_score>=0.45_odds_100plus_ev>=1.5,1047,304062,30406200,14670140,-15736060,0.4824719958429531,104,0.0003420355059165565,0.09933142311365807,0.5763685084216795,0.4500906629413549,3592.4317931869155,2573.6499999999996,4.209085091869982,1.5000046282935628,141059.03846153847,778840
race_score>=0.45_odds_all_ev>=1.5,1047,304081,30408100,14670140,-15737960,0.48244184937565976,104,0.0003420141343918232,0.09933142311365807,0.5763625921095011,0.4500906629413549,3592.2129126778723,2573.4,4.2089301900114915,1.5000046282935628,141059.03846153847,778840
race_score>=0.45_odds_30plus_ev>=1.5,1047,304081,30408100,14670140,-15737960,0.48244184937565976,104,0.0003420141343918232,0.09933142311365807,0.5763625921095011,0.4500906629413549,3592.2129126778723,2573.4,4.2089301900114915,1.5000046282935628,141059.03846153847,778840
race_score>=0.45_odds_50plus_ev>=1.5,1047,304081,30408100,14670140,-15737960,0.48244184937565976,104,0.0003420141343918232,0.09933142311365807,0.5763625921095011,0.4500906629413549,3592.2129126778723,2573.4,4.2089301900114915,1.5000046282935628,141059.03846153847,778840
race_score>=0.50_odds_50plus_ev>=0.8,793,303177,30317700,14621280,-15696420,0.48226877368665827,183,0.0006036077934671825,0.23076923076923078,0.6059952951344934,0.5001748065414573,2962.406683224651,1907.1,3.551030350571245,0.8000010919328058,79897.70491803279,464820
race_score>=0.50_odds_all_ev>=0.8,793,303183,30318300,14621280,-15697020,0.4822592295742176,183,0.0006035958480521665,0.23076923076923078,0.6059933686810199,0.5001748065414573,2962.3489410685956,1907.0,3.550977622105945,0.8000010919328058,79897.70491803279,464820
race_score>=0.50_odds_30plus_ev>=0.8,793,303183,30318300,14621280,-15697020,0.4822592295742176,183,0.0006035958480521665,0.23076923076923078,0.6059933686810199,0.5001748065414573,2962.3489410685956,1907.0,3.550977622105945,0.8000010919328058,79897.70491803279,464820
race_score>=0.50_odds_50plus_top1_by_ticket_score,793,793,79300,38130,-41170,0.48083228247162674,4,0.005044136191677175,0.005044136191677175,0.6056784390921904,0.5001748065414573,181.60744010088274,123.3,1.250021800210915,0.2351477209984394,9532.5,10170
race_score>=0.50_odds_50_500_top1_by_ticket_score,793,793,79300,38130,-41170,0.48083228247162674,4,0.005044136191677175,0.005044136191677175,0.6056784390921904,0.5001748065414573,158.2750315258512,121.9,1.105894696482379,0.22910032666161087,9532.5,10170
race_score>=0.50_odds_50_1000_top1_by_ticket_score,793,793,79300,38130,-41170,0.48083228247162674,4,0.005044136191677175,0.005044136191677175,0.6056784390921904,0.5001748065414573,175.51462799495584,123.0,1.2139575108225005,0.2351477209984394,9532.5,10170
race_score>=0.40_odds_30_500_ev>=3.0_top5,598,1671,167100,80230,-86870,0.480131657690006,2,0.0011968880909634949,0.0033444816053511705,0.4516596498513738,0.4000830274338122,408.1523040095751,424.7,3.697883001527397,3.0012276133890605,40115.0,49890
race_score>=0.40_odds_50_500_ev>=3.0_top5,598,1671,167100,80230,-86870,0.480131657690006,2,0.0011968880909634949,0.0033444816053511705,0.4516596498513738,0.4000830274338122,408.1523040095751,424.7,3.697883001527397,3.0012276133890605,40115.0,49890
race_score>=0.50_odds_100plus_ev>=0.8,793,302973,30297300,14511760,-15785540,0.4789786548636347,179,0.0005908117224967241,0.2257250945775536,0.6060384392485251,0.5001748065414573,2964.3438643047402,1909.0,3.5527719924963543,0.8000010919328058,81071.28491620111,464820
race_score>=0.55_odds_100plus_ev>=1.0,575,205728,20572800,9839610,-10733190,0.47828248950069996,104,0.0005055218540986156,0.1808695652173913,0.6354605685616386,0.5502825174254746,2980.689240161767,2004.05,3.722375687275605,1.0000081156792835,94611.63461538461,464820
race_score>=0.55_odds_all_ev>=1.0,575,205747,20574700,9839610,-10735090,0.4782383218224324,104,0.0005054751709623955,0.1808695652173913,0.6354558310386285,0.5502825174254746,2980.4221485610965,2003.7,3.722132865724439,1.0000081156792835,94611.63461538461,464820
race_score>=0.55_odds_30plus_ev>=1.0,575,205747,20574700,9839610,-10735090,0.4782383218224324,104,0.0005054751709623955,0.1808695652173913,0.6354558310386285,0.5502825174254746,2980.4221485610965,2003.7,3.722132865724439,1.0000081156792835,94611.63461538461,464820
race_score>=0.55_odds_50plus_ev>=1.0,575,205747,20574700,9839610,-10735090,0.4782383218224324,104,0.0005054751709623955,0.1808695652173913,0.6354558310386285,0.5502825174254746,2980.4221485610965,2003.7,3.722132865724439,1.0000081156792835,94611.63461538461,464820
race_score>=0.65_odds_all_ev>=2.0,241,59702,5970200,2853170,-3117030,0.4779019128337409,16,0.0002679977220193628,0.06639004149377593,0.6909266710429793,0.6503128804449101,3554.4211316203814,2740.3,4.736344288916374,2.0000211103249153,178323.125,464820
race_score>=0.65_odds_30plus_ev>=2.0,241,59702,5970200,2853170,-3117030,0.4779019128337409,16,0.0002679977220193628,0.06639004149377593,0.6909266710429793,0.6503128804449101,3554.4211316203814,2740.3,4.736344288916374,2.0000211103249153,178323.125,464820
race_score>=0.65_odds_50plus_ev>=2.0,241,59702,5970200,2853170,-3117030,0.4779019128337409,16,0.0002679977220193628,0.06639004149377593,0.6909266710429793,0.6503128804449101,3554.4211316203814,2740.3,4.736344288916374,2.0000211103249153,178323.125,464820
race_score>=0.65_odds_100plus_ev>=2.0,241,59702,5970200,2853170,-3117030,0.4779019128337409,16,0.0002679977220193628,0.06639004149377593,0.6909266710429793,0.6503128804449101,3554.4211316203814,2740.3,4.736344288916374,2.0000211103249153,178323.125,464820
race_score>=0.65_odds_all_top2_by_ticket_score,241,482,48200,23030,-25170,0.4778008298755187,7,0.014522821576763486,0.029045643153526972,0.6911747324963766,0.6503128804449101,202.20290456431536,118.7,1.0884898478138465,0.03413523205639569,3290.0,8540
race_score>=0.65_odds_all_ev>=1.2,241,79544,7954400,3796020,-4158380,0.4772226692145228,34,0.00042743638740822687,0.14107883817427386,0.6909442620362489,0.6503128804449101,2934.047080860907,2059.4,3.9488525497072904,1.2003431713264172,111647.64705882352,464820
race_score>=0.65_odds_30plus_ev>=1.2,241,79544,7954400,3796020,-4158380,0.4772226692145228,34,0.00042743638740822687,0.14107883817427386,0.6909442620362489,0.6503128804449101,2934.047080860907,2059.4,3.9488525497072904,1.2003431713264172,111647.64705882352,464820
race_score>=0.65_odds_50plus_ev>=1.2,241,79544,7954400,3796020,-4158380,0.4772226692145228,34,0.00042743638740822687,0.14107883817427386,0.6909442620362489,0.6503128804449101,2934.047080860907,2059.4,3.9488525497072904,1.2003431713264172,111647.64705882352,464820
race_score>=0.65_odds_100plus_ev>=1.2,241,79544,7954400,3796020,-4158380,0.4772226692145228,34,0.00042743638740822687,0.14107883817427386,0.6909442620362489,0.6503128804449101,2934.047080860907,2059.4,3.9488525497072904,1.2003431713264172,111647.64705882352,464820
race_score>=0.45_odds_100plus_ev>=2.0,1047,255632,25563200,12161450,-13401750,0.47574051761907743,69,0.00026991925893471864,0.0659025787965616,0.5760588642259691,0.4500906629413549,3966.4041188114165,3017.55,4.676324512689568,2.0000008690456017,176252.89855072464,778840
race_score>=0.45_odds_all_ev>=2.0,1047,255634,25563400,12161450,-13401950,0.47573679557492354,69,0.00026991714717134656,0.0659025787965616,0.5760580611082344,0.4500906629413549,3966.3738372047537,3017.5,4.676305187099728,2.0000008690456017,176252.89855072464,778840
race_score>=0.45_odds_30plus_ev>=2.0,1047,255634,25563400,12161450,-13401950,0.47573679557492354,69,0.00026991714717134656,0.0659025787965616,0.5760580611082344,0.4500906629413549,3966.3738372047537,3017.5,4.676305187099728,2.0000008690456017,176252.89855072464,778840
race_score>=0.45_odds_50plus_ev>=2.0,1047,255634,25563400,12161450,-13401950,0.47573679557492354,69,0.00026991714717134656,0.0659025787965616,0.5760580611082344,0.4500906629413549,3966.3738372047537,3017.5,4.676305187099728,2.0000008690456017,176252.89855072464,778840
race_score>=0.45_odds_30_500_top10_by_value_score,1047,10470,1047000,496640,-550360,0.47434574976122257,14,0.0013371537726838587,0.013371537726838587,0.5736019947536628,0.4500906629413549,392.7389111747851,406.3,1.992656682229408,0.9459329819090506,35474.28571428572,49810
race_score>=0.45_odds_30_500_top10_by_expected_roi,1047,10470,1047000,496640,-550360,0.47434574976122257,14,0.0013371537726838587,0.013371537726838587,0.5736019947536628,0.4500906629413549,392.7389111747851,406.3,1.992656682229408,0.9459329819090506,35474.28571428572,49810
race_score>=0.45_odds_50_500_top10_by_value_score,1047,10470,1047000,496640,-550360,0.47434574976122257,14,0.0013371537726838587,0.013371537726838587,0.5736019947536628,0.4500906629413549,392.7389111747851,406.3,1.992656682229408,0.9459329819090506,35474.28571428572,49810
race_score>=0.45_odds_50_500_top10_by_expected_roi,1047,10470,1047000,496640,-550360,0.47434574976122257,14,0.0013371537726838587,0.013371537726838587,0.5736019947536628,0.4500906629413549,392.7389111747851,406.3,1.992656682229408,0.9459329819090506,35474.28571428572,49810
race_score>=0.50_odds_50plus_ev>=1.0,793,282408,28240800,13378100,-14862700,0.4737153338432339,145,0.0005134415455652814,0.1828499369482976,0.6056591820964558,0.5001748065414573,3132.2362751763408,2095.0,3.7461027943132845,1.0000081156792835,92262.75862068965,464820
race_score>=0.50_odds_all_ev>=1.0,793,282409,28240900,13378100,-14862800,0.47371365643446206,145,0.0005134397274874384,0.1828499369482976,0.6056588276194457,0.5001748065414573,3132.2253579029,2095.0,3.746093292102063,1.0000081156792835,92262.75862068965,464820
race_score>=0.50_odds_30plus_ev>=1.0,793,282409,28240900,13378100,-14862800,0.47371365643446206,145,0.0005134397274874384,0.1828499369482976,0.6056588276194457,0.5001748065414573,3132.2253579029,2095.0,3.746093292102063,1.0000081156792835,92262.75862068965,464820
race_score>=0.40_odds_30_500_ev>=2.0_top3,1265,3370,337000,159530,-177470,0.47338278931750744,4,0.0011869436201780415,0.0031620553359683794,0.5059352978778455,0.4000830274338122,415.42364985163204,429.7,2.9576495465873225,2.0009439525030115,39882.5,49890
race_score>=0.40_odds_50_500_ev>=2.0_top3,1265,3370,337000,159530,-177470,0.47338278931750744,4,0.0011869436201780415,0.0031620553359683794,0.5059352978778455,0.4000830274338122,415.42364985163204,429.7,2.9576495465873225,2.0009439525030115,39882.5,49890
race_score>=0.50_odds_100plus_ev>=1.0,793,282340,28234000,13292720,-14941280,0.47080541191471276,144,0.0005100233760714033,0.18158890290037832,0.6056755064891263,0.5001748065414573,3132.9698916200327,2095.6499999999996,3.74672992104828,1.0000081156792835,92310.55555555556,464820
race_score>=0.30_odds_all_top30_by_value_score,5544,166320,16632000,7821030,-8810970,0.470239898989899,60,0.00036075036075036075,0.010822510822510822,0.38833894518601614,0.3000060136596823,3243.7250733525734,2393.2,7.751620507410922,1.4533999120779852,130350.5,778840
race_score>=0.30_odds_all_top30_by_expected_roi,5544,166320,16632000,7821030,-8810970,0.470239898989899,60,0.00036075036075036075,0.010822510822510822,0.38833894518601614,0.3000060136596823,3243.7250733525734,2393.2,7.751620507410922,1.4533999120779852,130350.5,778840
race_score>=0.30_odds_30plus_top30_by_value_score,5544,166320,16632000,7821030,-8810970,0.470239898989899,60,0.00036075036075036075,0.010822510822510822,0.38833894518601614,0.3000060136596823,3243.7250733525734,2393.2,7.751620507410922,1.4533999120779852,130350.5,778840
race_score>=0.30_odds_30plus_top30_by_expected_roi,5544,166320,16632000,7821030,-8810970,0.470239898989899,60,0.00036075036075036075,0.010822510822510822,0.38833894518601614,0.3000060136596823,3243.7250733525734,2393.2,7.751620507410922,1.4533999120779852,130350.5,778840
race_score>=0.30_odds_50plus_top30_by_value_score,5544,166320,16632000,7821030,-8810970,0.470239898989899,60,0.00036075036075036075,0.010822510822510822,0.38833894518601614,0.3000060136596823,3243.7250733525734,2393.2,7.751620507410922,1.4533999120779852,130350.5,778840
race_score>=0.30_odds_50plus_top30_by_expected_roi,5544,166320,16632000,7821030,-8810970,0.470239898989899,60,0.00036075036075036075,0.010822510822510822,0.38833894518601614,0.3000060136596823,3243.7250733525734,2393.2,7.751620507410922,1.4533999120779852,130350.5,778840
race_score>=0.30_odds_100plus_top30_by_value_score,5544,166320,16632000,7821030,-8810970,0.470239898989899,60,0.00036075036075036075,0.010822510822510822,0.38833894518601614,0.3000060136596823,3243.746608946609,2393.2,7.751600535435142,1.4266601047778176,130350.5,778840
race_score>=0.30_odds_100plus_top30_by_expected_roi,5544,166320,16632000,7821030,-8810970,0.470239898989899,60,0.00036075036075036075,0.010822510822510822,0.38833894518601614,0.3000060136596823,3243.746608946609,2393.2,7.751600535435142,1.4266601047778176,130350.5,778840
race_score>=0.00_odds_100plus_ev>=3.0,13294,1051547,105154700,49436380,-55718320,0.4701300084542108,444,0.00042223504988364764,0.033398525650669475,0.32913509909593863,0.0065552327649241,3074.343007207476,2161.1,5.829835236947202,3.0000033472780596,111343.1981981982,778840
race_score>=0.00_odds_50plus_ev>=3.0,13294,1052184,105218400,49449010,-55769390,0.4699654242984117,446,0.0004238802338754438,0.03354896945990672,0.329032414812966,0.0065552327649241,3072.530942116588,2159.5,5.828528369035348,3.0000033472780596,110872.21973094171,778840
race_score>=0.00_odds_30plus_ev>=3.0,13294,1052219,105221900,49449010,-55772890,0.4699497918209042,446,0.0004238661343313512,0.03354896945990672,0.32902627597402756,0.0065552327649241,3072.430249121143,2159.4,5.828448457842755,3.0000033472780596,110872.21973094171,778840
race_score>=0.00_odds_all_ev>=3.0,13294,1052220,105222000,49449010,-55772990,0.46994934519397086,446,0.00042386573150101687,0.03354896945990672,0.3290260920022216,0.0065552327649241,3072.4273496036953,2159.4,5.828445992069462,3.0000033472780596,110872.21973094171,778840
race_score>=0.00_odds_all_top30_by_value_score,13306,399180,39918000,18654380,-21263620,0.4673175008767974,177,0.0004434089884262739,0.013302269652788216,0.2944362017866162,0.0065552327649241,3053.420393556791,2230.6,7.685976585338932,0.7914422091978212,105391.97740112995,778840
race_score>=0.00_odds_all_top30_by_expected_roi,13306,399180,39918000,18654380,-21263620,0.4673175008767974,177,0.0004434089884262739,0.013302269652788216,0.2944362017866162,0.0065552327649241,3053.420393556791,2230.6,7.685976585338932,0.7914422091978212,105391.97740112995,778840
race_score>=0.00_odds_30plus_top30_by_value_score,13306,399180,39918000,18651640,-21266360,0.46724886016333483,176,0.0004409038528984418,0.013227115586953254,0.2944362017866162,0.0065552327649241,3053.449721679443,2230.6,7.685967818241906,0.778097853016179,105975.22727272728,778840
race_score>=0.00_odds_30plus_top30_by_expected_roi,13306,399180,39918000,18651640,-21266360,0.46724886016333483,176,0.0004409038528984418,0.013227115586953254,0.2944362017866162,0.0065552327649241,3053.449721679443,2230.6,7.685967818241906,0.778097853016179,105975.22727272728,778840
race_score>=0.00_odds_50plus_top30_by_value_score,13306,399180,39918000,18651640,-21266360,0.46724886016333483,176,0.0004409038528984418,0.013227115586953254,0.2944362017866162,0.0065552327649241,3053.547816523874,2230.7,7.685822355488735,0.589634567685633,105975.22727272728,778840
race_score>=0.00_odds_50plus_top30_by_expected_roi,13306,399180,39918000,18651640,-21266360,0.46724886016333483,176,0.0004409038528984418,0.013227115586953254,0.2944362017866162,0.0065552327649241,3053.547816523874,2230.7,7.685822355488735,0.589634567685633,105975.22727272728,778840
race_score>=0.40_odds_50plus_top2_by_ticket_score,1444,2888,288800,134700,-154100,0.4664127423822715,12,0.004155124653739612,0.008310249307479225,0.5315119941259788,0.4000830274338122,176.3766966759003,114.75,1.4422364293718777,0.1965059847627693,11225.0,28750
race_score>=0.40_odds_50_1000_top2_by_ticket_score,1444,2888,288800,134700,-154100,0.4664127423822715,12,0.004155124653739612,0.008310249307479225,0.5315119941259788,0.4000830274338122,168.01804016620497,114.35,1.3933959820155106,0.1965059847627693,11225.0,28750
race_score>=0.00_odds_100plus_top30_by_value_score,13306,398932,39893200,18602340,-21290860,0.46630353042623807,169,0.00042363109502371334,0.012701037126108523,0.2945804543731677,0.0065552327649241,3055.9476319272453,2232.6,7.688562604347398,0.34284678588596923,110073.01775147929,778840
race_score>=0.00_odds_100plus_top30_by_expected_roi,13306,398932,39893200,18602340,-21290860,0.46630353042623807,169,0.00042363109502371334,0.012701037126108523,0.2945804543731677,0.0065552327649241,3055.9476319272453,2232.6,7.688562604347398,0.34284678588596923,110073.01775147929,778840
race_score>=0.65_odds_all_top30_by_ticket_score,241,7230,723000,335280,-387720,0.4637344398340249,47,0.006500691562932227,0.1950207468879668,0.6911747324963764,0.6503128804449101,317.24047026279385,189.5,1.4312011502163153,0.021126462120143245,7133.617021276596,43200
race_score>=0.65_odds_30plus_top30_by_ticket_score,241,7230,723000,334420,-388580,0.4625449515905947,34,0.004702627939142462,0.14107883817427386,0.6911747324963764,0.6503128804449101,337.6046887966804,203.6,1.5159427432556511,0.10021473224036068,9835.882352941177,43200
race_score>=0.40_odds_100_1000_top5_by_ticket_score,1444,7220,722000,333540,-388460,0.46196675900277007,20,0.002770083102493075,0.013850415512465374,0.5315119941259788,0.4000830274338122,254.98534626038781,197.64999999999998,1.9532344640288624,0.33649912028194334,16677.0,37040
race_score>=0.00_odds_all_ev>=2.0_top5,13306,66528,6652800,3070990,-3581810,0.461608645983646,17,0.0002555315055315055,0.0012776191191943484,0.2944424693799094,0.0065552327649241,3563.656586700337,2778.7,11.194767100952644,2.054971836809757,180646.4705882353,778840
race_score>=0.00_odds_30plus_ev>=2.0_top5,13306,66528,6652800,3070990,-3581810,0.461608645983646,17,0.0002555315055315055,0.0012776191191943484,0.2944424693799094,0.0065552327649241,3563.656586700337,2778.7,11.194767100952644,2.054971836809757,180646.4705882353,778840
race_score>=0.00_odds_50plus_ev>=2.0_top5,13306,66528,6652800,3070990,-3581810,0.461608645983646,17,0.0002555315055315055,0.0012776191191943484,0.2944424693799094,0.0065552327649241,3563.656586700337,2778.7,11.194767100952644,2.054971836809757,180646.4705882353,778840
race_score>=0.00_odds_100plus_ev>=2.0_top5,13306,66528,6652800,3070990,-3581810,0.461608645983646,17,0.0002555315055315055,0.0012776191191943484,0.2944424693799094,0.0065552327649241,3563.69990981241,2778.7,11.194673901063368,2.054971836809757,180646.4705882353,778840
race_score>=0.00_odds_all_top5_by_value_score,13306,66530,6653000,3070990,-3582010,0.46159476927701787,17,0.0002555238238388697,0.0012776191191943484,0.2944362017866162,0.0065552327649241,3563.5513768224864,2778.6499999999996,11.194486896217567,1.7533634285386777,180646.4705882353,778840
race_score>=0.00_odds_all_top5_by_expected_roi,13306,66530,6653000,3070990,-3582010,0.46159476927701787,17,0.0002555238238388697,0.0012776191191943484,0.2944362017866162,0.0065552327649241,3563.5513768224864,2778.6499999999996,11.194486896217567,1.7533634285386777,180646.4705882353,778840
race_score>=0.00_odds_all_ev>=0.8_top5,13306,66530,6653000,3070990,-3582010,0.46159476927701787,17,0.0002555238238388697,0.0012776191191943484,0.2944362017866162,0.0065552327649241,3563.5513768224864,2778.6499999999996,11.194486896217567,1.7533634285386777,180646.4705882353,778840
race_score>=0.00_odds_all_ev>=1.0_top5,13306,66530,6653000,3070990,-3582010,0.46159476927701787,17,0.0002555238238388697,0.0012776191191943484,0.2944362017866162,0.0065552327649241,3563.5513768224864,2778.6499999999996,11.194486896217567,1.7533634285386777,180646.4705882353,778840
race_score>=0.00_odds_all_ev>=1.2_top5,13306,66530,6653000,3070990,-3582010,0.46159476927701787,17,0.0002555238238388697,0.0012776191191943484,0.2944362017866162,0.0065552327649241,3563.5513768224864,2778.6499999999996,11.194486896217567,1.7533634285386777,180646.4705882353,778840
race_score>=0.00_odds_all_ev>=1.5_top5,13306,66530,6653000,3070990,-3582010,0.46159476927701787,17,0.0002555238238388697,0.0012776191191943484,0.2944362017866162,0.0065552327649241,3563.5513768224864,2778.6499999999996,11.194486896217567,1.7533634285386777,180646.4705882353,778840
race_score>=0.00_odds_30plus_top5_by_value_score,13306,66530,6653000,3070990,-3582010,0.46159476927701787,17,0.0002555238238388697,0.0012776191191943484,0.2944362017866162,0.0065552327649241,3563.5513768224864,2778.6499999999996,11.194486896217567,1.7533634285386777,180646.4705882353,778840
race_score>=0.00_odds_30plus_top5_by_expected_roi,13306,66530,6653000,3070990,-3582010,0.46159476927701787,17,0.0002555238238388697,0.0012776191191943484,0.2944362017866162,0.0065552327649241,3563.5513768224864,2778.6499999999996,11.194486896217567,1.7533634285386777,180646.4705882353,778840
race_score>=0.00_odds_30plus_ev>=0.8_top5,13306,66530,6653000,3070990,-3582010,0.46159476927701787,17,0.0002555238238388697,0.0012776191191943484,0.2944362017866162,0.0065552327649241,3563.5513768224864,2778.6499999999996,11.194486896217567,1.7533634285386777,180646.4705882353,778840
race_score>=0.00_odds_30plus_ev>=1.0_top5,13306,66530,6653000,3070990,-3582010,0.46159476927701787,17,0.0002555238238388697,0.0012776191191943484,0.2944362017866162,0.0065552327649241,3563.5513768224864,2778.6499999999996,11.194486896217567,1.7533634285386777,180646.4705882353,778840
race_score>=0.00_odds_30plus_ev>=1.2_top5,13306,66530,6653000,3070990,-3582010,0.46159476927701787,17,0.0002555238238388697,0.0012776191191943484,0.2944362017866162,0.0065552327649241,3563.5513768224864,2778.6499999999996,11.194486896217567,1.7533634285386777,180646.4705882353,778840
race_score>=0.00_odds_30plus_ev>=1.5_top5,13306,66530,6653000,3070990,-3582010,0.46159476927701787,17,0.0002555238238388697,0.0012776191191943484,0.2944362017866162,0.0065552327649241,3563.5513768224864,2778.6499999999996,11.194486896217567,1.7533634285386777,180646.4705882353,778840
race_score>=0.00_odds_50plus_top5_by_value_score,13306,66530,6653000,3070990,-3582010,0.46159476927701787,17,0.0002555238238388697,0.0012776191191943484,0.2944362017866162,0.0065552327649241,3563.5513768224864,2778.6499999999996,11.194486896217567,1.7533634285386777,180646.4705882353,778840
race_score>=0.00_odds_50plus_top5_by_expected_roi,13306,66530,6653000,3070990,-3582010,0.46159476927701787,17,0.0002555238238388697,0.0012776191191943484,0.2944362017866162,0.0065552327649241,3563.5513768224864,2778.6499999999996,11.194486896217567,1.7533634285386777,180646.4705882353,778840
race_score>=0.00_odds_50plus_ev>=0.8_top5,13306,66530,6653000,3070990,-3582010,0.46159476927701787,17,0.0002555238238388697,0.0012776191191943484,0.2944362017866162,0.0065552327649241,3563.5513768224864,2778.6499999999996,11.194486896217567,1.7533634285386777,180646.4705882353,778840
race_score>=0.00_odds_50plus_ev>=1.0_top5,13306,66530,6653000,3070990,-3582010,0.46159476927701787,17,0.0002555238238388697,0.0012776191191943484,0.2944362017866162,0.0065552327649241,3563.5513768224864,2778.6499999999996,11.194486896217567,1.7533634285386777,180646.4705882353,778840
race_score>=0.00_odds_50plus_ev>=1.2_top5,13306,66530,6653000,3070990,-3582010,0.46159476927701787,17,0.0002555238238388697,0.0012776191191943484,0.2944362017866162,0.0065552327649241,3563.5513768224864,2778.6499999999996,11.194486896217567,1.7533634285386777,180646.4705882353,778840
race_score>=0.00_odds_50plus_ev>=1.5_top5,13306,66530,6653000,3070990,-3582010,0.46159476927701787,17,0.0002555238238388697,0.0012776191191943484,0.2944362017866162,0.0065552327649241,3563.5513768224864,2778.6499999999996,11.194486896217567,1.7533634285386777,180646.4705882353,778840
race_score>=0.00_odds_100plus_top5_by_value_score,13306,66530,6653000,3070990,-3582010,0.46159476927701787,17,0.0002555238238388697,0.0012776191191943484,0.2944362017866162,0.0065552327649241,3563.596891627837,2778.6499999999996,11.194386515845641,1.5103510995973495,180646.4705882353,778840
race_score>=0.00_odds_100plus_top5_by_expected_roi,13306,66530,6653000,3070990,-3582010,0.46159476927701787,17,0.0002555238238388697,0.0012776191191943484,0.2944362017866162,0.0065552327649241,3563.596891627837,2778.6499999999996,11.194386515845641,1.5103510995973495,180646.4705882353,778840
race_score>=0.00_odds_100plus_ev>=0.8_top5,13306,66530,6653000,3070990,-3582010,0.46159476927701787,17,0.0002555238238388697,0.0012776191191943484,0.2944362017866162,0.0065552327649241,3563.596891627837,2778.6499999999996,11.194386515845641,1.5103510995973495,180646.4705882353,778840
race_score>=0.00_odds_100plus_ev>=1.0_top5,13306,66530,6653000,3070990,-3582010,0.46159476927701787,17,0.0002555238238388697,0.0012776191191943484,0.2944362017866162,0.0065552327649241,3563.596891627837,2778.6499999999996,11.194386515845641,1.5103510995973495,180646.4705882353,778840
race_score>=0.00_odds_100plus_ev>=1.2_top5,13306,66530,6653000,3070990,-3582010,0.46159476927701787,17,0.0002555238238388697,0.0012776191191943484,0.2944362017866162,0.0065552327649241,3563.596891627837,2778.6499999999996,11.194386515845641,1.5103510995973495,180646.4705882353,778840
race_score>=0.00_odds_100plus_ev>=1.5_top5,13306,66530,6653000,3070990,-3582010,0.46159476927701787,17,0.0002555238238388697,0.0012776191191943484,0.2944362017866162,0.0065552327649241,3563.596891627837,2778.6499999999996,11.194386515845641,1.5103510995973495,180646.4705882353,778840
race_score>=0.00_odds_100plus_ev>=3.0_top5,13294,66347,6634700,3057670,-3577030,0.4608603252596199,16,0.00024115634467270563,0.001203550473897999,0.29472380816598126,0.0065552327649241,3572.3325154113977,2786.5,11.217944825223658,3.0005965477096055,191104.375,778840
race_score>=0.00_odds_all_ev>=3.0_top5,13294,66352,6635200,3057670,-3577530,0.4608255968169761,16,0.00024113817217265494,0.001203550473897999,0.29470457875713385,0.0065552327649241,3572.0547835784905,2786.25,11.21737395017555,3.0005965477096055,191104.375,778840
race_score>=0.00_odds_30plus_ev>=3.0_top5,13294,66352,6635200,3057670,-3577530,0.4608255968169761,16,0.00024113817217265494,0.001203550473897999,0.29470457875713385,0.0065552327649241,3572.0547835784905,2786.25,11.21737395017555,3.0005965477096055,191104.375,778840
race_score>=0.00_odds_50plus_ev>=3.0_top5,13294,66352,6635200,3057670,-3577530,0.4608255968169761,16,0.00024113817217265494,0.001203550473897999,0.29470457875713385,0.0065552327649241,3572.0547835784905,2786.25,11.21737395017555,3.0005965477096055,191104.375,778840
race_score>=0.65_odds_all_ev>=1.5,241,71321,7132100,3284410,-3847690,0.4605109294597664,24,0.0003365067792094895,0.0995850622406639,0.6908761827379577,0.6503128804449101,3171.7351228950797,2319.3,4.2487449438133265,1.500103356580158,136850.41666666666,464820
race_score>=0.65_odds_30plus_ev>=1.5,241,71321,7132100,3284410,-3847690,0.4605109294597664,24,0.0003365067792094895,0.0995850622406639,0.6908761827379577,0.6503128804449101,3171.7351228950797,2319.3,4.2487449438133265,1.500103356580158,136850.41666666666,464820
race_score>=0.65_odds_50plus_ev>=1.5,241,71321,7132100,3284410,-3847690,0.4605109294597664,24,0.0003365067792094895,0.0995850622406639,0.6908761827379577,0.6503128804449101,3171.7351228950797,2319.3,4.2487449438133265,1.500103356580158,136850.41666666666,464820
race_score>=0.65_odds_100plus_ev>=1.5,241,71321,7132100,3284410,-3847690,0.4605109294597664,24,0.0003365067792094895,0.0995850622406639,0.6908761827379577,0.6503128804449101,3171.7351228950797,2319.3,4.2487449438133265,1.500103356580158,136850.41666666666,464820
race_score>=0.60_odds_100plus_top3_by_ticket_score,390,1170,117000,53770,-63230,0.4595726495726496,3,0.002564102564102564,0.007692307692307693,0.6653700840469999,0.600386893407325,301.7411965811966,218.4,1.7060834413596224,0.39198205691989846,17923.333333333332,28750
race_score>=0.60_odds_100_1000_top3_by_ticket_score,390,1170,117000,53770,-63230,0.4595726495726496,3,0.002564102564102564,0.007692307692307693,0.6653700840469999,0.600386893407325,283.0923076923077,215.75,1.603812921149939,0.39198205691989846,17923.333333333332,28750
race_score>=0.55_odds_100plus_top3_by_ticket_score,575,1725,172500,79250,-93250,0.45942028985507244,5,0.002898550724637681,0.008695652173913044,0.636014344715647,0.5502825174254746,288.295652173913,211.2,1.7571133914178048,0.39198205691989846,15850.0,28750
race_score>=0.55_odds_100_1000_top3_by_ticket_score,575,1725,172500,79250,-93250,0.45942028985507244,5,0.002898550724637681,0.008695652173913044,0.636014344715647,0.5502825174254746,272.19628985507245,210.3,1.661351561344284,0.39198205691989846,15850.0,28750
race_score>=0.40_odds_30_500_ev>=1.5_top2,1430,2835,283500,129220,-154280,0.45580246913580247,3,0.0010582010582010583,0.002097902097902098,0.5285894000011353,0.4000830274338122,424.6293827160494,439.1,2.839986212484513,1.5003247251767846,43073.333333333336,49890
race_score>=0.40_odds_50_500_ev>=1.5_top2,1430,2835,283500,129220,-154280,0.45580246913580247,3,0.0010582010582010583,0.002097902097902098,0.5285894000011353,0.4000830274338122,424.6293827160494,439.1,2.839986212484513,1.5003247251767846,43073.333333333336,49890
race_score>=0.30_odds_all_top20_by_value_score,5544,110880,11088000,5007920,-6080080,0.45165223665223664,36,0.0003246753246753247,0.006493506493506494,0.3883389451860162,0.3000060136596823,3414.742388167388,2573.05,8.557190770759114,1.6465965908213547,139108.88888888888,778840
race_score>=0.30_odds_all_top20_by_expected_roi,5544,110880,11088000,5007920,-6080080,0.45165223665223664,36,0.0003246753246753247,0.006493506493506494,0.3883389451860162,0.3000060136596823,3414.742388167388,2573.05,8.557190770759114,1.6465965908213547,139108.88888888888,778840
race_score>=0.30_odds_30plus_top20_by_value_score,5544,110880,11088000,5007920,-6080080,0.45165223665223664,36,0.0003246753246753247,0.006493506493506494,0.3883389451860162,0.3000060136596823,3414.742388167388,2573.05,8.557190770759114,1.6465965908213547,139108.88888888888,778840
race_score>=0.30_odds_30plus_top20_by_expected_roi,5544,110880,11088000,5007920,-6080080,0.45165223665223664,36,0.0003246753246753247,0.006493506493506494,0.3883389451860162,0.3000060136596823,3414.742388167388,2573.05,8.557190770759114,1.6465965908213547,139108.88888888888,778840
race_score>=0.30_odds_50plus_top20_by_value_score,5544,110880,11088000,5007920,-6080080,0.45165223665223664,36,0.0003246753246753247,0.006493506493506494,0.3883389451860162,0.3000060136596823,3414.742388167388,2573.05,8.557190770759114,1.6465965908213547,139108.88888888888,778840
race_score>=0.30_odds_50plus_top20_by_expected_roi,5544,110880,11088000,5007920,-6080080,0.45165223665223664,36,0.0003246753246753247,0.006493506493506494,0.3883389451860162,0.3000060136596823,3414.742388167388,2573.05,8.557190770759114,1.6465965908213547,139108.88888888888,778840
race_score>=0.30_odds_100plus_top20_by_value_score,5544,110880,11088000,5007920,-6080080,0.45165223665223664,36,0.0003246753246753247,0.006493506493506494,0.3883389451860162,0.3000060136596823,3414.751336580087,2573.05,8.557185975680472,1.6465965908213547,139108.88888888888,778840
race_score>=0.30_odds_100plus_top20_by_expected_roi,5544,110880,11088000,5007920,-6080080,0.45165223665223664,36,0.0003246753246753247,0.006493506493506494,0.3883389451860162,0.3000060136596823,3414.751336580087,2573.05,8.557185975680472,1.6465965908213547,139108.88888888888,778840
race_score>=0.00_odds_50plus_top20_by_value_score,13306,266120,26612000,12010860,-14601140,0.45133248158725386,111,0.0004171050653840373,0.008342101307680745,0.2944362017866162,0.0065552327649241,3210.040812039682,2400.1,8.55491959400017,1.0285405862268293,108205.94594594595,778840
race_score>=0.00_odds_50plus_top20_by_expected_roi,13306,266120,26612000,12010860,-14601140,0.45133248158725386,111,0.0004171050653840373,0.008342101307680745,0.2944362017866162,0.0065552327649241,3210.040812039682,2400.1,8.55491959400017,1.0285405862268293,108205.94594594595,778840
race_score>=0.00_odds_100plus_top20_by_value_score,13306,266090,26609000,12005520,-14603480,0.45118268255101657,107,0.000402119583599534,0.008041485044340898,0.29446253840918574,0.0065552327649241,3210.7346675936715,2400.6,8.555067301980962,0.5883513580194794,112201.1214953271,778840
race_score>=0.00_odds_100plus_top20_by_expected_roi,13306,266090,26609000,12005520,-14603480,0.45118268255101657,107,0.000402119583599534,0.008041485044340898,0.29446253840918574,0.0065552327649241,3210.7346675936715,2400.6,8.555067301980962,0.5883513580194794,112201.1214953271,778840
race_score>=0.00_odds_all_top20_by_value_score,13306,266120,26612000,11999020,-14612980,0.4508875695175109,110,0.0004133473620922892,0.008266947241845783,0.2944362017866162,0.0065552327649241,3210.0183236885614,2400.1,8.554958310183135,1.1276458897637331,109082.0,778840
race_score>=0.00_odds_all_top20_by_expected_roi,13306,266120,26612000,11999020,-14612980,0.4508875695175109,110,0.0004133473620922892,0.008266947241845783,0.2944362017866162,0.0065552327649241,3210.0183236885614,2400.1,8.554958310183135,1.1276458897637331,109082.0,778840
race_score>=0.00_odds_30plus_top20_by_value_score,13306,266120,26612000,11999020,-14612980,0.4508875695175109,110,0.0004133473620922892,0.008266947241845783,0.2944362017866162,0.0065552327649241,3210.0183236885614,2400.1,8.554958310183135,1.1276458897637331,109082.0,778840
race_score>=0.00_odds_30plus_top20_by_expected_roi,13306,266120,26612000,11999020,-14612980,0.4508875695175109,110,0.0004133473620922892,0.008266947241845783,0.2944362017866162,0.0065552327649241,3210.0183236885614,2400.1,8.554958310183135,1.1276458897637331,109082.0,778840
race_score>=0.65_odds_all_ev>=3.0,241,41909,4190900,1877870,-2313030,0.448082750721802,7,0.00016702856188408218,0.029045643153526972,0.6911488630448495,0.6503128804449101,4303.08962036794,3576.1,5.697838702838898,3.0003974834552465,268267.14285714284,464820
race_score>=0.65_odds_30plus_ev>=3.0,241,41909,4190900,1877870,-2313030,0.448082750721802,7,0.00016702856188408218,0.029045643153526972,0.6911488630448495,0.6503128804449101,4303.08962036794,3576.1,5.697838702838898,3.0003974834552465,268267.14285714284,464820
race_score>=0.65_odds_50plus_ev>=3.0,241,41909,4190900,1877870,-2313030,0.448082750721802,7,0.00016702856188408218,0.029045643153526972,0.6911488630448495,0.6503128804449101,4303.08962036794,3576.1,5.697838702838898,3.0003974834552465,268267.14285714284,464820
race_score>=0.65_odds_100plus_ev>=3.0,241,41909,4190900,1877870,-2313030,0.448082750721802,7,0.00016702856188408218,0.029045643153526972,0.6911488630448495,0.6503128804449101,4303.08962036794,3576.1,5.697838702838898,3.0003974834552465,268267.14285714284,464820
race_score>=0.65_odds_all_top20_by_ticket_score,241,4820,482000,215870,-266130,0.4478630705394191,35,0.007261410788381743,0.14522821576763487,0.6911747324963766,0.6503128804449101,284.38595435684647,168.2,1.3493073288503206,0.021126462120143245,6167.714285714285,43200
race_score>=0.65_odds_50_500_top20_by_ticket_score,241,4820,482000,215690,-266310,0.4474896265560166,16,0.0033195020746887966,0.06639004149377593,0.6911747324963766,0.6503128804449101,202.50649377593362,172.35000000000002,0.9469707694602602,0.16062897001754137,13480.625,45010
race_score>=0.60_odds_all_ev>=2.0,390,96715,9671500,4314900,-5356600,0.4461458925709559,27,0.00027917075944786226,0.06923076923076923,0.6650505351027458,0.600386893407325,3642.636759551259,2800.0,4.716374225691447,2.0000211103249153,159811.11111111112,464820
race_score>=0.60_odds_30plus_ev>=2.0,390,96715,9671500,4314900,-5356600,0.4461458925709559,27,0.00027917075944786226,0.06923076923076923,0.6650505351027458,0.600386893407325,3642.636759551259,2800.0,4.716374225691447,2.0000211103249153,159811.11111111112,464820
race_score>=0.60_odds_50plus_ev>=2.0,390,96715,9671500,4314900,-5356600,0.4461458925709559,27,0.00027917075944786226,0.06923076923076923,0.6650505351027458,0.600386893407325,3642.636759551259,2800.0,4.716374225691447,2.0000211103249153,159811.11111111112,464820
race_score>=0.60_odds_100plus_ev>=2.0,390,96715,9671500,4314900,-5356600,0.4461458925709559,27,0.00027917075944786226,0.06923076923076923,0.6650505351027458,0.600386893407325,3642.636759551259,2800.0,4.716374225691447,2.0000211103249153,159811.11111111112,464820
race_score>=0.50_odds_100plus_ev>=1.2,793,263363,26336300,11743680,-14592620,0.4459122959565315,111,0.0004214715051089181,0.13997477931904162,0.6053736063171218,0.5001748065414573,3297.742419778025,2283.8,3.937570964189702,1.2000299084218304,105798.91891891892,464820
race_score>=0.50_odds_all_ev>=1.2,793,263378,26337800,11743680,-14594120,0.4458869001966755,111,0.0004214475013099044,0.13997477931904162,0.6053689701352343,0.5001748065414573,3297.5595478741575,2283.6499999999996,3.9374247835479763,1.2000299084218304,105798.91891891892,464820
race_score>=0.50_odds_30plus_ev>=1.2,793,263378,26337800,11743680,-14594120,0.4458869001966755,111,0.0004214475013099044,0.13997477931904162,0.6053689701352343,0.5001748065414573,3297.5595478741575,2283.6499999999996,3.9374247835479763,1.2000299084218304,105798.91891891892,464820
race_score>=0.50_odds_50plus_ev>=1.2,793,263378,26337800,11743680,-14594120,0.4458869001966755,111,0.0004214475013099044,0.13997477931904162,0.6053689701352343,0.5001748065414573,3297.5595478741575,2283.6499999999996,3.9374247835479763,1.2000299084218304,105798.91891891892,464820
race_score>=0.40_odds_100plus_top2_by_ticket_score,1444,2888,288800,128050,-160750,0.4433864265927978,8,0.002770083102493075,0.00554016620498615,0.5315119941259788,0.4000830274338122,242.12036011080335,179.55,1.9514487754253769,0.4139511754163647,16006.25,28750
race_score>=0.40_odds_100_1000_top2_by_ticket_score,1444,2888,288800,128050,-160750,0.4433864265927978,8,0.002770083102493075,0.00554016620498615,0.5315119941259788,0.4000830274338122,231.85197368421052,179.14999999999998,1.8875174012090015,0.4139511754163647,16006.25,28750
race_score>=0.55_odds_100plus_ev>=1.2,575,191485,19148500,8489350,-10659150,0.4433428205864689,77,0.00040212027051727287,0.13391304347826086,0.6352982761342927,0.5502825174254746,3146.045216074366,2187.9,3.9175924723430917,1.2000299084218304,110251.2987012987,464820
race_score>=0.55_odds_all_ev>=1.2,575,191487,19148700,8489350,-10659350,0.4433381900598996,77,0.0004021160705426478,0.13391304347826086,0.635297578965386,0.5502825174254746,3146.013313175307,2187.9,3.9175652355459474,1.2000299084218304,110251.2987012987,464820
race_score>=0.55_odds_30plus_ev>=1.2,575,191487,19148700,8489350,-10659350,0.4433381900598996,77,0.0004021160705426478,0.13391304347826086,0.635297578965386,0.5502825174254746,3146.013313175307,2187.9,3.9175652355459474,1.2000299084218304,110251.2987012987,464820
race_score>=0.55_odds_50plus_ev>=1.2,575,191487,19148700,8489350,-10659350,0.4433381900598996,77,0.0004021160705426478,0.13391304347826086,0.635297578965386,0.5502825174254746,3146.013313175307,2187.9,3.9175652355459474,1.2000299084218304,110251.2987012987,464820
race_score>=0.60_odds_all_ev>=1.5,390,115617,11561700,5106060,-6455640,0.4416357456083448,40,0.0003459698833216569,0.10256410256410256,0.6650531144024354,0.600386893407325,3248.745974207946,2361.4,4.230228181580293,1.500103356580158,127651.5,464820
race_score>=0.60_odds_30plus_ev>=1.5,390,115617,11561700,5106060,-6455640,0.4416357456083448,40,0.0003459698833216569,0.10256410256410256,0.6650531144024354,0.600386893407325,3248.745974207946,2361.4,4.230228181580293,1.500103356580158,127651.5,464820
race_score>=0.60_odds_50plus_ev>=1.5,390,115617,11561700,5106060,-6455640,0.4416357456083448,40,0.0003459698833216569,0.10256410256410256,0.6650531144024354,0.600386893407325,3248.745974207946,2361.4,4.230228181580293,1.500103356580158,127651.5,464820
race_score>=0.60_odds_100plus_ev>=1.5,390,115617,11561700,5106060,-6455640,0.4416357456083448,40,0.0003459698833216569,0.10256410256410256,0.6650531144024354,0.600386893407325,3248.745974207946,2361.4,4.230228181580293,1.500103356580158,127651.5,464820
race_score>=0.00_odds_all_top10_by_value_score,13306,133060,13306000,5865950,-7440050,0.4408499924845934,40,0.0003006162633398467,0.0030061626333984666,0.2944362017866162,0.0065552327649241,3412.065807906208,2617.9,9.943895146488412,1.5103510995973495,146648.75,778840
race_score>=0.00_odds_all_top10_by_expected_roi,13306,133060,13306000,5865950,-7440050,0.4408499924845934,40,0.0003006162633398467,0.0030061626333984666,0.2944362017866162,0.0065552327649241,3412.065807906208,2617.9,9.943895146488412,1.5103510995973495,146648.75,778840
race_score>=0.00_odds_30plus_top10_by_value_score,13306,133060,13306000,5865950,-7440050,0.4408499924845934,40,0.0003006162633398467,0.0030061626333984666,0.2944362017866162,0.0065552327649241,3412.065807906208,2617.9,9.943895146488412,1.5103510995973495,146648.75,778840
race_score>=0.00_odds_30plus_top10_by_expected_roi,13306,133060,13306000,5865950,-7440050,0.4408499924845934,40,0.0003006162633398467,0.0030061626333984666,0.2944362017866162,0.0065552327649241,3412.065807906208,2617.9,9.943895146488412,1.5103510995973495,146648.75,778840
race_score>=0.00_odds_50plus_top10_by_value_score,13306,133060,13306000,5865950,-7440050,0.4408499924845934,40,0.0003006162633398467,0.0030061626333984666,0.2944362017866162,0.0065552327649241,3412.0672290695925,2617.9,9.943892514863313,1.5019453348938554,146648.75,778840
race_score>=0.00_odds_50plus_top10_by_expected_roi,13306,133060,13306000,5865950,-7440050,0.4408499924845934,40,0.0003006162633398467,0.0030061626333984666,0.2944362017866162,0.0065552327649241,3412.0672290695925,2617.9,9.943892514863313,1.5019453348938554,146648.75,778840
race_score>=0.00_odds_100plus_top10_by_value_score,13306,133060,13306000,5857970,-7448030,0.4402502630392304,39,0.0002931008567563505,0.002931008567563505,0.2944362017866162,0.0065552327649241,3412.164872238088,2617.95,9.94365724129372,1.0943476667890222,150204.35897435897,778840
race_score>=0.00_odds_100plus_top10_by_expected_roi,13306,133060,13306000,5857970,-7448030,0.4402502630392304,39,0.0002931008567563505,0.002931008567563505,0.2944362017866162,0.0065552327649241,3412.164872238088,2617.95,9.94365724129372,1.0943476667890222,150204.35897435897,778840
race_score>=0.30_odds_all_top10_by_value_score,5544,55440,5544000,2440380,-3103620,0.4401839826839827,11,0.0001984126984126984,0.001984126984126984,0.3883389451860162,0.3000060136596823,3625.848291847042,2794.8500000000004,9.832571161274261,1.893554577793596,221852.72727272726,778840
race_score>=0.30_odds_all_top10_by_expected_roi,5544,55440,5544000,2440380,-3103620,0.4401839826839827,11,0.0001984126984126984,0.001984126984126984,0.3883389451860162,0.3000060136596823,3625.848291847042,2794.8500000000004,9.832571161274261,1.893554577793596,221852.72727272726,778840
race_score>=0.30_odds_30plus_top10_by_value_score,5544,55440,5544000,2440380,-3103620,0.4401839826839827,11,0.0001984126984126984,0.001984126984126984,0.3883389451860162,0.3000060136596823,3625.848291847042,2794.8500000000004,9.832571161274261,1.893554577793596,221852.72727272726,778840
race_score>=0.30_odds_30plus_top10_by_expected_roi,5544,55440,5544000,2440380,-3103620,0.4401839826839827,11,0.0001984126984126984,0.001984126984126984,0.3883389451860162,0.3000060136596823,3625.848291847042,2794.8500000000004,9.832571161274261,1.893554577793596,221852.72727272726,778840
race_score>=0.30_odds_50plus_top10_by_value_score,5544,55440,5544000,2440380,-3103620,0.4401839826839827,11,0.0001984126984126984,0.001984126984126984,0.3883389451860162,0.3000060136596823,3625.848291847042,2794.8500000000004,9.832571161274261,1.893554577793596,221852.72727272726,778840
race_score>=0.30_odds_50plus_top10_by_expected_roi,5544,55440,5544000,2440380,-3103620,0.4401839826839827,11,0.0001984126984126984,0.001984126984126984,0.3883389451860162,0.3000060136596823,3625.848291847042,2794.8500000000004,9.832571161274261,1.893554577793596,221852.72727272726,778840
race_score>=0.30_odds_100plus_top10_by_value_score,5544,55440,5544000,2440380,-3103620,0.4401839826839827,11,0.0001984126984126984,0.001984126984126984,0.3883389451860162,0.3000060136596823,3625.848291847042,2794.8500000000004,9.832571161274261,1.893554577793596,221852.72727272726,778840
race_score>=0.30_odds_100plus_top10_by_expected_roi,5544,55440,5544000,2440380,-3103620,0.4401839826839827,11,0.0001984126984126984,0.001984126984126984,0.3883389451860162,0.3000060136596823,3625.848291847042,2794.8500000000004,9.832571161274261,1.893554577793596,221852.72727272726,778840
race_score>=0.65_odds_all_top10_by_ticket_score,241,2410,241000,105840,-135160,0.4391701244813278,23,0.009543568464730291,0.0954356846473029,0.6911747324963766,0.6503128804449101,245.27307053941914,144.64999999999998,1.2349305080390152,0.025885272490838943,4601.739130434783,15020
race_score>=0.30_odds_100plus_ev>=3.0,5540,518218,51821800,22667130,-29154670,0.43740530047200216,186,0.0003589223068284004,0.033574007220216605,0.42800462478028756,0.3000060136596823,3345.957030052989,2397.9,5.713621596306673,3.000005105376518,121866.29032258065,778840
race_score>=0.30_odds_all_ev>=3.0,5540,518224,51822400,22667130,-29155270,0.43740023619129953,186,0.000358918151224181,0.033574007220216605,0.4280031914491372,0.3000060136596823,3345.9193227253077,2397.9,5.713598172160387,3.000005105376518,121866.29032258065,778840
race_score>=0.30_odds_30plus_ev>=3.0,5540,518224,51822400,22667130,-29155270,0.43740023619129953,186,0.000358918151224181,0.033574007220216605,0.4280031914491372,0.3000060136596823,3345.9193227253077,2397.9,5.713598172160387,3.000005105376518,121866.29032258065,778840
race_score>=0.30_odds_50plus_ev>=3.0,5540,518224,51822400,22667130,-29155270,0.43740023619129953,186,0.000358918151224181,0.033574007220216605,0.4280031914491372,0.3000060136596823,3345.9193227253077,2397.9,5.713598172160387,3.000005105376518,121866.29032258065,778840
race_score>=0.65_odds_30_500_top10_by_ticket_score,241,2410,241000,105220,-135780,0.43659751037344396,17,0.007053941908713693,0.07053941908713693,0.6911747324963766,0.6503128804449101,175.67298755186724,140.0,0.8918882455108876,0.10843657943259605,6189.411764705882,15020
race_score>=0.40_odds_100plus_top5_by_ticket_score,1444,7220,722000,314710,-407290,0.4358864265927978,19,0.002631578947368421,0.013157894736842105,0.5315119941259788,0.4000830274338122,271.1283933518006,199.0,2.0501417833385185,0.33649912028194334,16563.684210526317,37040
race_score>=0.55_odds_30_500_top10_by_value_score,575,5750,575000,249790,-325210,0.4344173913043478,6,0.0010434782608695651,0.010434782608695653,0.636014344715647,0.5502825174254746,401.1275130434783,413.3,1.7934159275258252,0.9459329819090506,41631.666666666664,49810
race_score>=0.55_odds_30_500_top10_by_expected_roi,575,5750,575000,249790,-325210,0.4344173913043478,6,0.0010434782608695651,0.010434782608695653,0.636014344715647,0.5502825174254746,401.1275130434783,413.3,1.7934159275258252,0.9459329819090506,41631.666666666664,49810
race_score>=0.55_odds_50_500_top10_by_value_score,575,5750,575000,249790,-325210,0.4344173913043478,6,0.0010434782608695651,0.010434782608695653,0.636014344715647,0.5502825174254746,401.1275130434783,413.3,1.7934159275258252,0.9459329819090506,41631.666666666664,49810
race_score>=0.55_odds_50_500_top10_by_expected_roi,575,5750,575000,249790,-325210,0.4344173913043478,6,0.0010434782608695651,0.010434782608695653,0.636014344715647,0.5502825174254746,401.1275130434783,413.3,1.7934159275258252,0.9459329819090506,41631.666666666664,49810
race_score>=0.50_odds_30_500_top10_by_value_score,793,7930,793000,340730,-452270,0.429672131147541,10,0.0012610340479192938,0.012610340479192938,0.6056784390921904,0.5001748065414573,397.26010088272386,410.05,1.8772557355299904,0.9459329819090506,34073.0,49810
race_score>=0.50_odds_30_500_top10_by_expected_roi,793,7930,793000,340730,-452270,0.429672131147541,10,0.0012610340479192938,0.012610340479192938,0.6056784390921904,0.5001748065414573,397.26010088272386,410.05,1.8772557355299904,0.9459329819090506,34073.0,49810
race_score>=0.50_odds_50_500_top10_by_value_score,793,7930,793000,340730,-452270,0.429672131147541,10,0.0012610340479192938,0.012610340479192938,0.6056784390921904,0.5001748065414573,397.26010088272386,410.05,1.8772557355299904,0.9459329819090506,34073.0,49810
race_score>=0.50_odds_50_500_top10_by_expected_roi,793,7930,793000,340730,-452270,0.429672131147541,10,0.0012610340479192938,0.012610340479192938,0.6056784390921904,0.5001748065414573,397.26010088272386,410.05,1.8772557355299904,0.9459329819090506,34073.0,49810
race_score>=0.60_odds_50_500_top10_by_ticket_score,390,3900,390000,165580,-224420,0.42456410256410254,17,0.004358974358974359,0.04358974358974359,0.6653700840469999,0.600386893407325,189.27558974358973,155.7,1.0072711929214533,0.1737814614624854,9740.0,28750
race_score>=0.55_odds_100_1000_top5_by_ticket_score,575,2875,287500,121990,-165510,0.4243130434782609,8,0.002782608695652174,0.01391304347826087,0.636014344715647,0.5502825174254746,280.79151304347823,219.8,1.6596581103951689,0.33649912028194334,15248.75,28750
race_score>=0.65_odds_30plus_top20_by_ticket_score,241,4820,482000,204230,-277770,0.4237136929460581,24,0.004979253112033195,0.0995850622406639,0.6911747324963766,0.6503128804449101,299.59095435684645,182.05,1.4177522521556842,0.10021473224036068,8509.583333333334,43200
race_score>=0.60_odds_50_500_top20_by_ticket_score,390,7800,780000,328960,-451040,0.4217435897435897,27,0.0034615384615384616,0.06923076923076923,0.6653700840469999,0.600386893407325,201.62310256410257,171.5,0.9874878764000246,0.16062897001754137,12183.703703703704,45010
race_score>=0.65_odds_30plus_top10_by_ticket_score,241,2410,241000,101550,-139450,0.42136929460580913,16,0.006639004149377593,0.06639004149377593,0.6911747324963766,0.6503128804449101,258.8560995850622,156.9,1.3040592557833885,0.10843657943259605,6346.875,15020
race_score>=0.40_odds_all_top30_by_value_score,1444,43320,4332000,1815550,-2516450,0.41910203139427515,8,0.00018467220683287164,0.00554016620498615,0.5315119941259789,0.4000830274338122,4989.828372576178,4489.35,8.613941351415905,1.5378306119014875,226943.75,778840
race_score>=0.40_odds_all_top30_by_expected_roi,1444,43320,4332000,1815550,-2516450,0.41910203139427515,8,0.00018467220683287164,0.00554016620498615,0.5315119941259789,0.4000830274338122,4989.828372576178,4489.35,8.613941351415905,1.5378306119014875,226943.75,778840
race_score>=0.40_odds_30plus_top30_by_value_score,1444,43320,4332000,1815550,-2516450,0.41910203139427515,8,0.00018467220683287164,0.00554016620498615,0.5315119941259789,0.4000830274338122,4989.828372576178,4489.35,8.613941351415905,1.5378306119014875,226943.75,778840
race_score>=0.40_odds_30plus_top30_by_expected_roi,1444,43320,4332000,1815550,-2516450,0.41910203139427515,8,0.00018467220683287164,0.00554016620498615,0.5315119941259789,0.4000830274338122,4989.828372576178,4489.35,8.613941351415905,1.5378306119014875,226943.75,778840
race_score>=0.40_odds_50plus_top30_by_value_score,1444,43320,4332000,1815550,-2516450,0.41910203139427515,8,0.00018467220683287164,0.00554016620498615,0.5315119941259789,0.4000830274338122,4989.828372576178,4489.35,8.613941351415905,1.5378306119014875,226943.75,778840
race_score>=0.40_odds_50plus_top30_by_expected_roi,1444,43320,4332000,1815550,-2516450,0.41910203139427515,8,0.00018467220683287164,0.00554016620498615,0.5315119941259789,0.4000830274338122,4989.828372576178,4489.35,8.613941351415905,1.5378306119014875,226943.75,778840
race_score>=0.40_odds_100plus_top30_by_value_score,1444,43320,4332000,1815550,-2516450,0.41910203139427515,8,0.00018467220683287164,0.00554016620498615,0.5315119941259789,0.4000830274338122,4989.828372576178,4489.35,8.613941351415905,1.5378306119014875,226943.75,778840
race_score>=0.40_odds_100plus_top30_by_expected_roi,1444,43320,4332000,1815550,-2516450,0.41910203139427515,8,0.00018467220683287164,0.00554016620498615,0.5315119941259789,0.4000830274338122,4989.828372576178,4489.35,8.613941351415905,1.5378306119014875,226943.75,778840
race_score>=0.45_odds_50plus_top1_by_ticket_score,1047,1047,104700,43800,-60900,0.4183381088825215,5,0.004775549188156638,0.004775549188156638,0.5736019947536628,0.4500906629413549,170.58089780324735,111.5,1.2612710768532913,0.2351477209984394,8760.0,10170
race_score>=0.45_odds_50_500_top1_by_ticket_score,1047,1047,104700,43800,-60900,0.4183381088825215,5,0.004775549188156638,0.004775549188156638,0.5736019947536628,0.4500906629413549,149.15033428844316,110.3,1.1268929106157204,0.22910032666161087,8760.0,10170
race_score>=0.45_odds_50_1000_top1_by_ticket_score,1047,1047,104700,43800,-60900,0.4183381088825215,5,0.004775549188156638,0.004775549188156638,0.5736019947536628,0.4500906629413549,165.08280802292262,111.2,1.2286122119674463,0.2351477209984394,8760.0,10170
race_score>=0.50_odds_100plus_ev>=1.5,793,237293,23729300,9850350,-13878950,0.41511338303279066,77,0.00032449334788636834,0.09709962168978563,0.6050867751516836,0.5001748065414573,3539.174389467873,2556.6,4.222044402070557,1.5000046282935628,127926.62337662338,464820
race_score>=0.50_odds_all_ev>=1.5,793,237296,23729600,9850350,-13879250,0.41510813498752613,77,0.00032448924549929203,0.09709962168978563,0.6050855205374922,0.5001748065414573,3539.130705110916,2556.55,4.22201073090972,1.5000046282935628,127926.62337662338,464820
race_score>=0.50_odds_30plus_ev>=1.5,793,237296,23729600,9850350,-13879250,0.41510813498752613,77,0.00032448924549929203,0.09709962168978563,0.6050855205374922,0.5001748065414573,3539.130705110916,2556.55,4.22201073090972,1.5000046282935628,127926.62337662338,464820
race_score>=0.50_odds_50plus_ev>=1.5,793,237296,23729600,9850350,-13879250,0.41510813498752613,77,0.00032448924549929203,0.09709962168978563,0.6050855205374922,0.5001748065414573,3539.130705110916,2556.55,4.22201073090972,1.5000046282935628,127926.62337662338,464820
race_score>=0.40_odds_30_500_ev>=3.0,598,1951,195100,80230,-114870,0.4112250128139416,2,0.0010251153254741158,0.0033444816053511705,0.44822329485224016,0.4000830274338122,401.64556637621735,418.5,3.6368224171324743,3.0012276133890605,40115.0,49890
race_score>=0.40_odds_50_500_ev>=3.0,598,1951,195100,80230,-114870,0.4112250128139416,2,0.0010251153254741158,0.0033444816053511705,0.44822329485224016,0.4000830274338122,401.64556637621735,418.5,3.6368224171324743,3.0012276133890605,40115.0,49890
race_score>=0.40_odds_30_500_ev>=2.0_top5,1265,4990,499000,204750,-294250,0.4103206412825651,5,0.001002004008016032,0.003952569169960474,0.49791453360567994,0.4000830274338122,404.12681362725453,419.3,2.8525885882377713,2.0003012104430407,40950.0,49890
race_score>=0.40_odds_50_500_ev>=2.0_top5,1265,4990,499000,204750,-294250,0.4103206412825651,5,0.001002004008016032,0.003952569169960474,0.49791453360567994,0.4000830274338122,404.12681362725453,419.3,2.8525885882377713,2.0003012104430407,40950.0,49890
race_score>=0.65_odds_100plus_top20_by_ticket_score,241,4820,482000,196820,-285180,0.4083402489626556,10,0.002074688796680498,0.04149377593360996,0.6911747324963766,0.6503128804449101,403.6952697095436,278.25,1.8506157145232405,0.3028163376897318,19682.0,43200
race_score>=0.65_odds_100_1000_top20_by_ticket_score,241,4820,482000,196820,-285180,0.4083402489626556,10,0.002074688796680498,0.04149377593360996,0.6911747324963766,0.6503128804449101,334.6137966804979,265.9,1.5397583104637713,0.3028163376897318,19682.0,43200
race_score>=0.55_odds_all_ev>=1.5,575,172215,17221500,7030250,-10191250,0.40822518363673316,53,0.00030775484133205587,0.09217391304347826,0.6350983664113403,0.5502825174254746,3387.93282524751,2455.4,4.205127905053455,1.5000046282935628,132646.22641509434,464820
race_score>=0.55_odds_30plus_ev>=1.5,575,172215,17221500,7030250,-10191250,0.40822518363673316,53,0.00030775484133205587,0.09217391304347826,0.6350983664113403,0.5502825174254746,3387.93282524751,2455.4,4.205127905053455,1.5000046282935628,132646.22641509434,464820
race_score>=0.55_odds_50plus_ev>=1.5,575,172215,17221500,7030250,-10191250,0.40822518363673316,53,0.00030775484133205587,0.09217391304347826,0.6350983664113403,0.5502825174254746,3387.93282524751,2455.4,4.205127905053455,1.5000046282935628,132646.22641509434,464820
race_score>=0.55_odds_100plus_ev>=1.5,575,172215,17221500,7030250,-10191250,0.40822518363673316,53,0.00030775484133205587,0.09217391304347826,0.6350983664113403,0.5502825174254746,3387.93282524751,2455.4,4.205127905053455,1.5000046282935628,132646.22641509434,464820
race_score>=0.65_odds_100plus_top10_by_ticket_score,241,2410,241000,98290,-142710,0.4078423236514523,5,0.002074688796680498,0.02074688796680498,0.6911747324963766,0.6503128804449101,354.8207468879668,248.85,1.754037941657011,0.3028163376897318,19658.0,43200
race_score>=0.65_odds_100_1000_top10_by_ticket_score,241,2410,241000,98290,-142710,0.4078423236514523,5,0.002074688796680498,0.02074688796680498,0.6911747324963766,0.6503128804449101,308.68672199170123,240.35000000000002,1.532612607136398,0.3028163376897318,19658.0,43200
race_score>=0.65_odds_30plus_top2_by_ticket_score,241,482,48200,19530,-28670,0.40518672199170125,3,0.006224066390041493,0.012448132780082987,0.6911747324963766,0.6503128804449101,212.7869294605809,128.60000000000002,1.1510029851684636,0.1166192209293641,6510.0,8540
race_score>=0.65_odds_30_500_top2_by_ticket_score,241,482,48200,19530,-28670,0.40518672199170125,3,0.006224066390041493,0.012448132780082987,0.6911747324963766,0.6503128804449101,161.58091286307055,122.6,0.8911696801893718,0.1166192209293641,6510.0,8540
race_score>=0.55_odds_all_ev>=2.0,575,144235,14423500,5812960,-8610540,0.4030200714112386,35,0.0002426595486532395,0.06086956521739131,0.6350027629031176,0.5502825174254746,3781.7327153603496,2900.6,4.682719003492967,2.0000211103249153,166084.57142857142,464820
race_score>=0.55_odds_30plus_ev>=2.0,575,144235,14423500,5812960,-8610540,0.4030200714112386,35,0.0002426595486532395,0.06086956521739131,0.6350027629031176,0.5502825174254746,3781.7327153603496,2900.6,4.682719003492967,2.0000211103249153,166084.57142857142,464820
race_score>=0.55_odds_50plus_ev>=2.0,575,144235,14423500,5812960,-8610540,0.4030200714112386,35,0.0002426595486532395,0.06086956521739131,0.6350027629031176,0.5502825174254746,3781.7327153603496,2900.6,4.682719003492967,2.0000211103249153,166084.57142857142,464820
race_score>=0.55_odds_100plus_ev>=2.0,575,144235,14423500,5812960,-8610540,0.4030200714112386,35,0.0002426595486532395,0.06086956521739131,0.6350027629031176,0.5502825174254746,3781.7327153603496,2900.6,4.682719003492967,2.0000211103249153,166084.57142857142,464820
race_score>=0.65_odds_50plus_top30_by_ticket_score,241,7230,723000,289630,-433370,0.4005947441217151,21,0.002904564315352697,0.08713692946058091,0.6911747324963764,0.6503128804449101,368.0680497925311,230.8,1.638617460796245,0.15915337705810598,13791.904761904761,43200
race_score>=0.45_odds_all_ev>=3.0,1047,179510,17951000,7175030,-10775970,0.399700852320205,33,0.00018383376970642303,0.03151862464183381,0.5762007211497673,0.4500906629413549,4635.05512506267,3841.2,5.61058597458309,3.0000182578934362,217425.15151515152,778840
race_score>=0.45_odds_30plus_ev>=3.0,1047,179510,17951000,7175030,-10775970,0.399700852320205,33,0.00018383376970642303,0.03151862464183381,0.5762007211497673,0.4500906629413549,4635.05512506267,3841.2,5.61058597458309,3.0000182578934362,217425.15151515152,778840
race_score>=0.45_odds_50plus_ev>=3.0,1047,179510,17951000,7175030,-10775970,0.399700852320205,33,0.00018383376970642303,0.03151862464183381,0.5762007211497673,0.4500906629413549,4635.05512506267,3841.2,5.61058597458309,3.0000182578934362,217425.15151515152,778840
race_score>=0.45_odds_100plus_ev>=3.0,1047,179510,17951000,7175030,-10775970,0.399700852320205,33,0.00018383376970642303,0.03151862464183381,0.5762007211497673,0.4500906629413549,4635.05512506267,3841.2,5.61058597458309,3.0000182578934362,217425.15151515152,778840
race_score>=0.50_odds_all_ev>=2.0,793,199418,19941800,7921310,-12020490,0.39722141431565855,52,0.00026075880813166314,0.06557377049180328,0.6047491759861804,0.5001748065414573,3923.2072841970135,3005.5,4.69295602629575,2.0000008690456017,152332.88461538462,464820
race_score>=0.50_odds_30plus_ev>=2.0,793,199418,19941800,7921310,-12020490,0.39722141431565855,52,0.00026075880813166314,0.06557377049180328,0.6047491759861804,0.5001748065414573,3923.2072841970135,3005.5,4.69295602629575,2.0000008690456017,152332.88461538462,464820
race_score>=0.50_odds_50plus_ev>=2.0,793,199418,19941800,7921310,-12020490,0.39722141431565855,52,0.00026075880813166314,0.06557377049180328,0.6047491759861804,0.5001748065414573,3923.2072841970135,3005.5,4.69295602629575,2.0000008690456017,152332.88461538462,464820
race_score>=0.50_odds_100plus_ev>=2.0,793,199418,19941800,7921310,-12020490,0.39722141431565855,52,0.00026075880813166314,0.06557377049180328,0.6047491759861804,0.5001748065414573,3923.2072841970135,3005.5,4.69295602629575,2.0000008690456017,152332.88461538462,464820
race_score>=0.40_odds_30_500_ev>=2.0_top1,1265,1265,126500,49890,-76610,0.39438735177865614,1,0.0007905138339920949,0.0007905138339920949,0.5159211726290847,0.4000830274338122,432.7037944664032,446.3,3.1552194020278894,2.004984828012586,49890.0,49890
race_score>=0.40_odds_50_500_ev>=2.0_top1,1265,1265,126500,49890,-76610,0.39438735177865614,1,0.0007905138339920949,0.0007905138339920949,0.5159211726290847,0.4000830274338122,432.7037944664032,446.3,3.1552194020278894,2.004984828012586,49890.0,49890
race_score>=0.50_odds_100_1000_top5_by_ticket_score,793,3965,396500,155600,-240900,0.3924337957124842,10,0.0025220680958385876,0.012610340479192938,0.6056784390921904,0.5001748065414573,274.7595208070618,212.3,1.728211048388715,0.33649912028194334,15560.0,28750
race_score>=0.70_odds_all_ev>=0.8,80,30536,3053600,1186960,-1866640,0.38870840974587373,18,0.0005894681687188892,0.225,0.727604810335444,0.70091851553384,2595.098755567199,1704.1999999999998,3.7292221364176563,0.8000815370720137,65942.22222222222,189590
race_score>=0.70_odds_30plus_ev>=0.8,80,30536,3053600,1186960,-1866640,0.38870840974587373,18,0.0005894681687188892,0.225,0.727604810335444,0.70091851553384,2595.098755567199,1704.1999999999998,3.7292221364176563,0.8000815370720137,65942.22222222222,189590
race_score>=0.70_odds_50plus_ev>=0.8,80,30536,3053600,1186960,-1866640,0.38870840974587373,18,0.0005894681687188892,0.225,0.727604810335444,0.70091851553384,2595.098755567199,1704.1999999999998,3.7292221364176563,0.8000815370720137,65942.22222222222,189590
race_score>=0.70_odds_100plus_ev>=0.8,80,30536,3053600,1186960,-1866640,0.38870840974587373,18,0.0005894681687188892,0.225,0.727604810335444,0.70091851553384,2595.098755567199,1704.1999999999998,3.7292221364176563,0.8000815370720137,65942.22222222222,189590
race_score>=0.45_odds_30_500_ev>=1.5_top2,1033,2041,204100,79330,-124770,0.38868201861832435,2,0.0009799118079372856,0.001936108422071636,0.5706354174333961,0.4500906629413549,428.0801077902989,441.8,2.5639051486203472,1.5003247251767846,39665.0,42290
race_score>=0.45_odds_50_500_ev>=1.5_top2,1033,2041,204100,79330,-124770,0.38868201861832435,2,0.0009799118079372856,0.001936108422071636,0.5706354174333961,0.4500906629413549,428.0801077902989,441.8,2.5639051486203472,1.5003247251767846,39665.0,42290
race_score>=0.40_odds_30plus_top1_by_ticket_score,1444,1444,144400,56060,-88340,0.38822714681440446,11,0.007617728531855956,0.007617728531855956,0.5315119941259788,0.4000830274338122,135.59397506925208,85.0,1.121064738915611,0.11705139522641904,5096.363636363636,10170
race_score>=0.40_odds_30_500_top1_by_ticket_score,1444,1444,144400,56060,-88340,0.38822714681440446,11,0.007617728531855956,0.007617728531855956,0.5315119941259788,0.4000830274338122,120.78767313019392,84.6,1.0311331581675296,0.11705139522641904,5096.363636363636,10170
race_score>=0.45_odds_100_1000_top5_by_ticket_score,1047,5235,523500,203180,-320320,0.3881184336198663,12,0.002292263610315186,0.011461318051575931,0.5736019947536628,0.4500906629413549,266.92424068767906,206.8,1.808846006012915,0.33649912028194334,16931.666666666668,37040
race_score>=0.60_odds_all_ev>=3.0,390,68087,6808700,2639800,-4168900,0.3877098418200244,13,0.00019093218969847402,0.03333333333333333,0.6650036233961992,0.600386893407325,4386.918558608839,3646.1,5.660862702662924,3.0000961361057965,203061.53846153847,464820
race_score>=0.60_odds_30plus_ev>=3.0,390,68087,6808700,2639800,-4168900,0.3877098418200244,13,0.00019093218969847402,0.03333333333333333,0.6650036233961992,0.600386893407325,4386.918558608839,3646.1,5.660862702662924,3.0000961361057965,203061.53846153847,464820
race_score>=0.60_odds_50plus_ev>=3.0,390,68087,6808700,2639800,-4168900,0.3877098418200244,13,0.00019093218969847402,0.03333333333333333,0.6650036233961992,0.600386893407325,4386.918558608839,3646.1,5.660862702662924,3.0000961361057965,203061.53846153847,464820
race_score>=0.60_odds_100plus_ev>=3.0,390,68087,6808700,2639800,-4168900,0.3877098418200244,13,0.00019093218969847402,0.03333333333333333,0.6650036233961992,0.600386893407325,4386.918558608839,3646.1,5.660862702662924,3.0000961361057965,203061.53846153847,464820
race_score>=0.40_odds_30_500_ev>=2.0_top2,1265,2387,238700,92180,-146520,0.3861751152073733,2,0.0008378718056137411,0.0015810276679841897,0.5108655060589372,0.4000830274338122,423.07875994972767,437.5,3.038486001212034,2.002083788365323,46090.0,49890
race_score>=0.40_odds_50_500_ev>=2.0_top2,1265,2387,238700,92180,-146520,0.3861751152073733,2,0.0008378718056137411,0.0015810276679841897,0.5108655060589372,0.4000830274338122,423.07875994972767,437.5,3.038486001212034,2.002083788365323,46090.0,49890
race_score>=0.45_odds_100plus_top2_by_ticket_score,1047,2094,209400,79250,-130150,0.37846227316141356,5,0.002387774594078319,0.004775549188156638,0.5736019947536628,0.4500906629413549,258.7994746895893,189.8,1.8414921162235867,0.4139511754163647,15850.0,28750
race_score>=0.45_odds_100_1000_top2_by_ticket_score,1047,2094,209400,79250,-130150,0.37846227316141356,5,0.002387774594078319,0.004775549188156638,0.5736019947536628,0.4500906629413549,244.8749283667622,189.45,1.7576310072350978,0.4139511754163647,15850.0,28750
race_score>=0.55_odds_30_500_ev>=1.2_top2,575,1148,114800,43200,-71600,0.37630662020905925,1,0.0008710801393728223,0.0017391304347826088,0.6360023110697102,0.5502825174254746,434.2398954703833,446.8,2.249005671999527,1.2037884391796205,43200.0,43200
race_score>=0.55_odds_50_500_ev>=1.2_top2,575,1148,114800,43200,-71600,0.37630662020905925,1,0.0008710801393728223,0.0017391304347826088,0.6360023110697102,0.5502825174254746,434.2398954703833,446.8,2.249005671999527,1.2037884391796205,43200.0,43200
race_score>=0.55_odds_30_500_top2_by_value_score,575,1150,115000,43200,-71800,0.37565217391304345,1,0.0008695652173913044,0.0017391304347826088,0.636014344715647,0.5502825174254746,434.2894782608696,446.8,2.2471323278032567,1.1683363282594472,43200.0,43200
race_score>=0.55_odds_30_500_top2_by_expected_roi,575,1150,115000,43200,-71800,0.37565217391304345,1,0.0008695652173913044,0.0017391304347826088,0.636014344715647,0.5502825174254746,434.2894782608696,446.8,2.2471323278032567,1.1683363282594472,43200.0,43200
race_score>=0.55_odds_30_500_ev>=0.8_top2,575,1150,115000,43200,-71800,0.37565217391304345,1,0.0008695652173913044,0.0017391304347826088,0.636014344715647,0.5502825174254746,434.2894782608696,446.8,2.2471323278032567,1.1683363282594472,43200.0,43200
race_score>=0.55_odds_30_500_ev>=1.0_top2,575,1150,115000,43200,-71800,0.37565217391304345,1,0.0008695652173913044,0.0017391304347826088,0.636014344715647,0.5502825174254746,434.2894782608696,446.8,2.2471323278032567,1.1683363282594472,43200.0,43200
race_score>=0.55_odds_50_500_top2_by_value_score,575,1150,115000,43200,-71800,0.37565217391304345,1,0.0008695652173913044,0.0017391304347826088,0.636014344715647,0.5502825174254746,434.2894782608696,446.8,2.2471323278032567,1.1683363282594472,43200.0,43200
race_score>=0.55_odds_50_500_top2_by_expected_roi,575,1150,115000,43200,-71800,0.37565217391304345,1,0.0008695652173913044,0.0017391304347826088,0.636014344715647,0.5502825174254746,434.2894782608696,446.8,2.2471323278032567,1.1683363282594472,43200.0,43200
race_score>=0.55_odds_50_500_ev>=0.8_top2,575,1150,115000,43200,-71800,0.37565217391304345,1,0.0008695652173913044,0.0017391304347826088,0.636014344715647,0.5502825174254746,434.2894782608696,446.8,2.2471323278032567,1.1683363282594472,43200.0,43200
race_score>=0.55_odds_50_500_ev>=1.0_top2,575,1150,115000,43200,-71800,0.37565217391304345,1,0.0008695652173913044,0.0017391304347826088,0.636014344715647,0.5502825174254746,434.2894782608696,446.8,2.2471323278032567,1.1683363282594472,43200.0,43200
race_score>=0.60_odds_30_500_ev>=1.2_top3,390,1163,116300,43200,-73100,0.3714531384350817,1,0.0008598452278589854,0.002564102564102564,0.6654230403781641,0.600386893407325,429.7957867583835,441.8,2.0326639086611524,1.2037884391796205,43200.0,43200
race_score>=0.60_odds_50_500_ev>=1.2_top3,390,1163,116300,43200,-73100,0.3714531384350817,1,0.0008598452278589854,0.002564102564102564,0.6654230403781641,0.600386893407325,429.7957867583835,441.8,2.0326639086611524,1.2037884391796205,43200.0,43200
race_score>=0.60_odds_30_500_top3_by_value_score,390,1170,117000,43200,-73800,0.36923076923076925,1,0.0008547008547008547,0.002564102564102564,0.6653700840469999,0.600386893407325,429.57726495726496,441.5,2.0275263447107705,1.143567390974148,43200.0,43200
race_score>=0.60_odds_30_500_top3_by_expected_roi,390,1170,117000,43200,-73800,0.36923076923076925,1,0.0008547008547008547,0.002564102564102564,0.6653700840469999,0.600386893407325,429.57726495726496,441.5,2.0275263447107705,1.143567390974148,43200.0,43200
race_score>=0.60_odds_30_500_ev>=0.8_top3,390,1170,117000,43200,-73800,0.36923076923076925,1,0.0008547008547008547,0.002564102564102564,0.6653700840469999,0.600386893407325,429.57726495726496,441.5,2.0275263447107705,1.143567390974148,43200.0,43200
race_score>=0.60_odds_30_500_ev>=1.0_top3,390,1170,117000,43200,-73800,0.36923076923076925,1,0.0008547008547008547,0.002564102564102564,0.6653700840469999,0.600386893407325,429.57726495726496,441.5,2.0275263447107705,1.143567390974148,43200.0,43200
race_score>=0.60_odds_50_500_top3_by_value_score,390,1170,117000,43200,-73800,0.36923076923076925,1,0.0008547008547008547,0.002564102564102564,0.6653700840469999,0.600386893407325,429.57726495726496,441.5,2.0275263447107705,1.143567390974148,43200.0,43200
race_score>=0.60_odds_50_500_top3_by_expected_roi,390,1170,117000,43200,-73800,0.36923076923076925,1,0.0008547008547008547,0.002564102564102564,0.6653700840469999,0.600386893407325,429.57726495726496,441.5,2.0275263447107705,1.143567390974148,43200.0,43200
race_score>=0.60_odds_50_500_ev>=0.8_top3,390,1170,117000,43200,-73800,0.36923076923076925,1,0.0008547008547008547,0.002564102564102564,0.6653700840469999,0.600386893407325,429.57726495726496,441.5,2.0275263447107705,1.143567390974148,43200.0,43200
race_score>=0.60_odds_50_500_ev>=1.0_top3,390,1170,117000,43200,-73800,0.36923076923076925,1,0.0008547008547008547,0.002564102564102564,0.6653700840469999,0.600386893407325,429.57726495726496,441.5,2.0275263447107705,1.143567390974148,43200.0,43200
race_score>=0.55_odds_all_ev>=3.0,575,101183,10118300,3697930,-6420370,0.36546949586392974,18,0.0001778954962790192,0.03130434782608696,0.6351875952059768,0.5502825174254746,4504.65545595604,3747.8,5.623445430302708,3.0000327063409213,205440.55555555556,464820
race_score>=0.55_odds_30plus_ev>=3.0,575,101183,10118300,3697930,-6420370,0.36546949586392974,18,0.0001778954962790192,0.03130434782608696,0.6351875952059768,0.5502825174254746,4504.65545595604,3747.8,5.623445430302708,3.0000327063409213,205440.55555555556,464820
race_score>=0.55_odds_50plus_ev>=3.0,575,101183,10118300,3697930,-6420370,0.36546949586392974,18,0.0001778954962790192,0.03130434782608696,0.6351875952059768,0.5502825174254746,4504.65545595604,3747.8,5.623445430302708,3.0000327063409213,205440.55555555556,464820
race_score>=0.55_odds_100plus_ev>=3.0,575,101183,10118300,3697930,-6420370,0.36546949586392974,18,0.0001778954962790192,0.03130434782608696,0.6351875952059768,0.5502825174254746,4504.65545595604,3747.8,5.623445430302708,3.0000327063409213,205440.55555555556,464820
race_score>=0.40_odds_all_ev>=3.0,1443,221284,22128400,7993740,-14134660,0.36124346993004464,41,0.00018528226170893511,0.028413028413028413,0.5471988775685448,0.4000830274338122,4480.75052376132,3649.7,5.621128155308927,3.0000182578934362,194969.26829268291,778840
race_score>=0.40_odds_30plus_ev>=3.0,1443,221284,22128400,7993740,-14134660,0.36124346993004464,41,0.00018528226170893511,0.028413028413028413,0.5471988775685448,0.4000830274338122,4480.75052376132,3649.7,5.621128155308927,3.0000182578934362,194969.26829268291,778840
race_score>=0.40_odds_50plus_ev>=3.0,1443,221284,22128400,7993740,-14134660,0.36124346993004464,41,0.00018528226170893511,0.028413028413028413,0.5471988775685448,0.4000830274338122,4480.75052376132,3649.7,5.621128155308927,3.0000182578934362,194969.26829268291,778840
race_score>=0.40_odds_100plus_ev>=3.0,1443,221284,22128400,7993740,-14134660,0.36124346993004464,41,0.00018528226170893511,0.028413028413028413,0.5471988775685448,0.4000830274338122,4480.75052376132,3649.7,5.621128155308927,3.0000182578934362,194969.26829268291,778840
race_score>=0.70_odds_all_ev>=1.0,80,28242,2824200,1014070,-1810130,0.35906451384462856,13,0.00046030734367254444,0.1625,0.7274880651974853,0.70091851553384,2763.540868210466,1879.9,3.9589917545075193,1.0000472788605073,78005.38461538461,189590
race_score>=0.70_odds_30plus_ev>=1.0,80,28242,2824200,1014070,-1810130,0.35906451384462856,13,0.00046030734367254444,0.1625,0.7274880651974853,0.70091851553384,2763.540868210466,1879.9,3.9589917545075193,1.0000472788605073,78005.38461538461,189590
race_score>=0.70_odds_50plus_ev>=1.0,80,28242,2824200,1014070,-1810130,0.35906451384462856,13,0.00046030734367254444,0.1625,0.7274880651974853,0.70091851553384,2763.540868210466,1879.9,3.9589917545075193,1.0000472788605073,78005.38461538461,189590
race_score>=0.70_odds_100plus_ev>=1.0,80,28242,2824200,1014070,-1810130,0.35906451384462856,13,0.00046030734367254444,0.1625,0.7274880651974853,0.70091851553384,2763.540868210466,1879.9,3.9589917545075193,1.0000472788605073,78005.38461538461,189590
race_score>=0.55_odds_100plus_top5_by_ticket_score,575,2875,287500,103160,-184340,0.3588173913043478,7,0.002434782608695652,0.01217391304347826,0.636014344715647,0.5502825174254746,308.3201739130435,222.9,1.80778396282027,0.33649912028194334,14737.142857142857,28750
race_score>=0.65_odds_50plus_top20_by_ticket_score,241,4820,482000,170680,-311320,0.35410788381742736,15,0.0031120331950207467,0.06224066390041494,0.6911747324963766,0.6503128804449101,327.2180082987552,204.14999999999998,1.5391080105148829,0.17365816109905696,11378.666666666666,43200
race_score>=0.65_odds_50_1000_top20_by_ticket_score,241,4820,482000,170680,-311320,0.35410788381742736,15,0.0031120331950207467,0.06224066390041494,0.6911747324963766,0.6503128804449101,272.7119294605809,197.35000000000002,1.2913777078700615,0.16374898247981928,11378.666666666666,43200
race_score>=0.65_odds_50plus_top5_by_ticket_score,241,1205,120500,42480,-78020,0.3525311203319502,5,0.004149377593360996,0.02074688796680498,0.6911747324963766,0.6503128804449101,255.61618257261412,166.5,1.3421416556348464,0.1965059847627693,8496.0,15020
race_score>=0.65_odds_50_500_top5_by_ticket_score,241,1205,120500,42480,-78020,0.3525311203319502,5,0.004149377593360996,0.02074688796680498,0.6911747324963766,0.6503128804449101,187.9017427385892,150.0,0.9941901230489492,0.1965059847627693,8496.0,15020
race_score>=0.65_odds_50_1000_top5_by_ticket_score,241,1205,120500,42480,-78020,0.3525311203319502,5,0.004149377593360996,0.02074688796680498,0.6911747324963766,0.6503128804449101,234.69609958506229,165.2,1.241501514576257,0.1965059847627693,8496.0,15020
race_score>=0.45_odds_100plus_top5_by_ticket_score,1047,5235,523500,184350,-339150,0.35214899713467046,11,0.002101241642788921,0.010506208213944603,0.5736019947536628,0.4500906629413549,286.8715377268386,209.5,1.9211697819586822,0.33649912028194334,16759.090909090908,37040
race_score>=0.40_odds_50plus_top1_by_ticket_score,1444,1444,144400,50680,-93720,0.3509695290858726,6,0.004155124653739612,0.004155124653739612,0.5315119941259788,0.4000830274338122,158.41786703601107,107.44999999999999,1.3358462347608941,0.2351477209984394,8446.666666666666,10170
race_score>=0.40_odds_50_500_top1_by_ticket_score,1444,1444,144400,50680,-93720,0.3509695290858726,6,0.004155124653739612,0.004155124653739612,0.5315119941259788,0.4000830274338122,142.66149584487536,106.55000000000001,1.235406733140519,0.22910032666161087,8446.666666666666,10170
race_score>=0.40_odds_50_1000_top1_by_ticket_score,1444,1444,144400,50680,-93720,0.3509695290858726,6,0.004155124653739612,0.004155124653739612,0.5315119941259788,0.4000830274338122,154.4313711911357,107.19999999999999,1.3121662960244123,0.2351477209984394,8446.666666666666,10170
race_score>=0.40_odds_30_500_ev>=1.5_top1,1430,1430,143000,49890,-93110,0.3488811188811189,1,0.0006993006993006993,0.0006993006993006993,0.5298878828811302,0.4000830274338122,434.1159440559441,447.6,2.997830121174629,1.5120515160145482,49890.0,49890
race_score>=0.40_odds_50_500_ev>=1.5_top1,1430,1430,143000,49890,-93110,0.3488811188811189,1,0.0006993006993006993,0.0006993006993006993,0.5298878828811302,0.4000830274338122,434.1159440559441,447.6,2.997830121174629,1.5120515160145482,49890.0,49890
race_score>=0.65_odds_100plus_top3_by_ticket_score,241,723,72300,25020,-47280,0.34605809128630705,2,0.0027662517289073307,0.008298755186721992,0.6911747324963765,0.6503128804449101,313.686030428769,226.7,1.679276468000256,0.39198205691989846,12510.0,15020
race_score>=0.65_odds_100_1000_top3_by_ticket_score,241,723,72300,25020,-47280,0.34605809128630705,2,0.0027662517289073307,0.008298755186721992,0.6911747324963765,0.6503128804449101,291.64923928077457,225.2,1.5635302529441428,0.39198205691989846,12510.0,15020
race_score>=0.40_odds_30_500_top1_by_value_score,1444,1444,144400,49890,-94510,0.34549861495844875,1,0.0006925207756232687,0.0006925207756232687,0.5315119941259788,0.4000830274338122,434.33975069252085,447.75,2.9822108078694463,1.2422168797488506,49890.0,49890
race_score>=0.40_odds_30_500_top1_by_expected_roi,1444,1444,144400,49890,-94510,0.34549861495844875,1,0.0006925207756232687,0.0006925207756232687,0.5315119941259788,0.4000830274338122,434.33975069252085,447.75,2.9822108078694463,1.2422168797488506,49890.0,49890
race_score>=0.40_odds_30_500_ev>=0.8_top1,1444,1444,144400,49890,-94510,0.34549861495844875,1,0.0006925207756232687,0.0006925207756232687,0.5315119941259788,0.4000830274338122,434.33975069252085,447.75,2.9822108078694463,1.2422168797488506,49890.0,49890
race_score>=0.40_odds_30_500_ev>=1.0_top1,1444,1444,144400,49890,-94510,0.34549861495844875,1,0.0006925207756232687,0.0006925207756232687,0.5315119941259788,0.4000830274338122,434.33975069252085,447.75,2.9822108078694463,1.2422168797488506,49890.0,49890
race_score>=0.40_odds_30_500_ev>=1.2_top1,1444,1444,144400,49890,-94510,0.34549861495844875,1,0.0006925207756232687,0.0006925207756232687,0.5315119941259788,0.4000830274338122,434.33975069252085,447.75,2.9822108078694463,1.2422168797488506,49890.0,49890
race_score>=0.40_odds_50_500_top1_by_value_score,1444,1444,144400,49890,-94510,0.34549861495844875,1,0.0006925207756232687,0.0006925207756232687,0.5315119941259788,0.4000830274338122,434.33975069252085,447.75,2.9822108078694463,1.2422168797488506,49890.0,49890
race_score>=0.40_odds_50_500_top1_by_expected_roi,1444,1444,144400,49890,-94510,0.34549861495844875,1,0.0006925207756232687,0.0006925207756232687,0.5315119941259788,0.4000830274338122,434.33975069252085,447.75,2.9822108078694463,1.2422168797488506,49890.0,49890
race_score>=0.40_odds_50_500_ev>=0.8_top1,1444,1444,144400,49890,-94510,0.34549861495844875,1,0.0006925207756232687,0.0006925207756232687,0.5315119941259788,0.4000830274338122,434.33975069252085,447.75,2.9822108078694463,1.2422168797488506,49890.0,49890
race_score>=0.40_odds_50_500_ev>=1.0_top1,1444,1444,144400,49890,-94510,0.34549861495844875,1,0.0006925207756232687,0.0006925207756232687,0.5315119941259788,0.4000830274338122,434.33975069252085,447.75,2.9822108078694463,1.2422168797488506,49890.0,49890
race_score>=0.40_odds_50_500_ev>=1.2_top1,1444,1444,144400,49890,-94510,0.34549861495844875,1,0.0006925207756232687,0.0006925207756232687,0.5315119941259788,0.4000830274338122,434.33975069252085,447.75,2.9822108078694463,1.2422168797488506,49890.0,49890
race_score>=0.50_odds_100plus_top5_by_ticket_score,793,3965,396500,136770,-259730,0.34494325346784366,9,0.002269861286254729,0.011349306431273645,0.6056784390921904,0.5001748065414573,299.0364943253468,214.7,1.8636333481274436,0.33649912028194334,15196.666666666666,28750
race_score>=0.40_odds_100plus_top3_by_ticket_score,1444,4332,433200,148710,-284490,0.3432825484764543,10,0.0023084025854108957,0.006925207756232687,0.5315119941259788,0.4000830274338122,253.03730378578027,187.85000000000002,1.994806436573958,0.39198205691989846,14871.0,28750
race_score>=0.40_odds_100_1000_top3_by_ticket_score,1444,4332,433200,148710,-284490,0.3432825484764543,10,0.0023084025854108957,0.006925207756232687,0.5315119941259788,0.4000830274338122,242.7809325946445,187.2,1.9279131077069895,0.39198205691989846,14871.0,28750
race_score>=0.60_odds_100plus_top5_by_ticket_score,390,1950,195000,66310,-128690,0.34005128205128204,4,0.0020512820512820513,0.010256410256410256,0.6653700840469999,0.600386893407325,319.70307692307694,226.64999999999998,1.7463721253831084,0.33649912028194334,16577.5,28750
race_score>=0.60_odds_100_1000_top5_by_ticket_score,390,1950,195000,66310,-128690,0.34005128205128204,4,0.0020512820512820513,0.010256410256410256,0.6653700840469999,0.600386893407325,289.0662564102564,223.55,1.5908205195251255,0.33649912028194334,16577.5,28750
race_score>=0.50_odds_all_ev>=3.0,793,140353,14035300,4717220,-9318080,0.3360968415352718,24,0.00017099741366411833,0.03026481715006305,0.6046423834384375,0.5001748065414573,4618.3277771048715,3842.6,5.627370154672964,3.0000182578934362,196550.83333333334,464820
race_score>=0.50_odds_30plus_ev>=3.0,793,140353,14035300,4717220,-9318080,0.3360968415352718,24,0.00017099741366411833,0.03026481715006305,0.6046423834384375,0.5001748065414573,4618.3277771048715,3842.6,5.627370154672964,3.0000182578934362,196550.83333333334,464820
race_score>=0.50_odds_50plus_ev>=3.0,793,140353,14035300,4717220,-9318080,0.3360968415352718,24,0.00017099741366411833,0.03026481715006305,0.6046423834384375,0.5001748065414573,4618.3277771048715,3842.6,5.627370154672964,3.0000182578934362,196550.83333333334,464820
race_score>=0.50_odds_100plus_ev>=3.0,793,140353,14035300,4717220,-9318080,0.3360968415352718,24,0.00017099741366411833,0.03026481715006305,0.6046423834384375,0.5001748065414573,4618.3277771048715,3842.6,5.627370154672964,3.0000182578934362,196550.83333333334,464820
race_score>=0.50_odds_100plus_top3_by_ticket_score,793,2379,237900,79250,-158650,0.33312316099201345,5,0.002101723413198823,0.006305170239596469,0.6056784390921904,0.5001748065414573,280.2385876418664,202.0,1.8142194059667238,0.39198205691989846,15850.0,28750
race_score>=0.50_odds_100_1000_top3_by_ticket_score,793,2379,237900,79250,-158650,0.33312316099201345,5,0.002101723413198823,0.006305170239596469,0.6056784390921904,0.5001748065414573,264.11353509878097,201.6,1.714997791888765,0.39198205691989846,15850.0,28750
race_score>=0.70_odds_all_ev>=1.2,80,26242,2624200,864770,-1759430,0.32953662068439904,11,0.00041917536773111806,0.1375,0.7273434420867833,0.70091851553384,2924.2838083987504,2049.0,4.177126924260067,1.2003431713264172,78615.45454545454,189590
race_score>=0.70_odds_30plus_ev>=1.2,80,26242,2624200,864770,-1759430,0.32953662068439904,11,0.00041917536773111806,0.1375,0.7273434420867833,0.70091851553384,2924.2838083987504,2049.0,4.177126924260067,1.2003431713264172,78615.45454545454,189590
race_score>=0.70_odds_50plus_ev>=1.2,80,26242,2624200,864770,-1759430,0.32953662068439904,11,0.00041917536773111806,0.1375,0.7273434420867833,0.70091851553384,2924.2838083987504,2049.0,4.177126924260067,1.2003431713264172,78615.45454545454,189590
race_score>=0.70_odds_100plus_ev>=1.2,80,26242,2624200,864770,-1759430,0.32953662068439904,11,0.00041917536773111806,0.1375,0.7273434420867833,0.70091851553384,2924.2838083987504,2049.0,4.177126924260067,1.2003431713264172,78615.45454545454,189590
race_score>=0.65_odds_50plus_top2_by_ticket_score,241,482,48200,15440,-32760,0.3203319502074689,2,0.004149377593360996,0.008298755186721992,0.6911747324963766,0.6503128804449101,232.45394190871366,145.4,1.2694414292411613,0.1965059847627693,7720.0,8540
race_score>=0.65_odds_50_500_top2_by_ticket_score,241,482,48200,15440,-32760,0.3203319502074689,2,0.004149377593360996,0.008298755186721992,0.6911747324963766,0.6503128804449101,177.43174273858924,133.39999999999998,0.9836909400476017,0.1965059847627693,7720.0,8540
race_score>=0.65_odds_50_1000_top2_by_ticket_score,241,482,48200,15440,-32760,0.3203319502074689,2,0.004149377593360996,0.008298755186721992,0.6911747324963766,0.6503128804449101,212.28547717842324,145.4,1.1685062964512114,0.1965059847627693,7720.0,8540
race_score>=0.40_odds_100plus_top1_by_ticket_score,1444,1444,144400,46040,-98360,0.3188365650969529,3,0.002077562326869806,0.002077562326869806,0.5315119941259788,0.4000830274338122,222.08185595567863,168.60000000000002,1.861527269177718,0.44409473974471675,15346.666666666666,18250
race_score>=0.40_odds_100_1000_top1_by_ticket_score,1444,1444,144400,46040,-98360,0.3188365650969529,3,0.002077562326869806,0.002077562326869806,0.5315119941259788,0.4000830274338122,216.8244459833795,168.60000000000002,1.8288056225588176,0.44409473974471675,15346.666666666666,18250
race_score>=0.65_odds_50plus_top10_by_ticket_score,241,2410,241000,75940,-165060,0.315103734439834,9,0.0037344398340248964,0.03734439834024896,0.6911747324963766,0.6503128804449101,282.4195020746888,179.2,1.4206176578035048,0.1860346498746332,8437.777777777777,15020
race_score>=0.65_odds_50_500_top10_by_ticket_score,241,2410,241000,75940,-165060,0.315103734439834,9,0.0037344398340248964,0.03734439834024896,0.6911747324963766,0.6503128804449101,191.67614107883819,157.95,0.9685146805977792,0.1860346498746332,8437.777777777777,15020
race_score>=0.65_odds_50_1000_top10_by_ticket_score,241,2410,241000,75940,-165060,0.315103734439834,9,0.0037344398340248964,0.03734439834024896,0.6911747324963766,0.6503128804449101,248.11634854771785,175.55,1.2562260165704031,0.1860346498746332,8437.777777777777,15020
race_score>=0.70_odds_30_500_top10_by_ticket_score,80,800,80000,23180,-56820,0.28975,5,0.00625,0.0625,0.7278454278400388,0.70091851553384,181.997375,147.8,0.8327650590576519,0.10843657943259605,4636.0,6600
race_score>=0.45_odds_100plus_top3_by_ticket_score,1047,3141,314100,89790,-224310,0.28586437440305634,6,0.0019102196752626551,0.0057306590257879654,0.5736019947536628,0.4500906629413549,268.436676217765,197.5,1.87125319331676,0.39198205691989846,14965.0,28750
race_score>=0.45_odds_100_1000_top3_by_ticket_score,1047,3141,314100,89790,-224310,0.28586437440305634,6,0.0019102196752626551,0.0057306590257879654,0.5736019947536628,0.4500906629413549,255.51751034702323,197.1,1.791440605824091,0.39198205691989846,14965.0,28750
race_score>=0.70_odds_all_ev>=1.5,80,23510,2351000,668680,-1682320,0.2844236495108464,7,0.00029774564015312634,0.0875,0.7270918436276632,0.70091851553384,3168.348311356869,2301.9,4.5059809319326805,1.5001278868962153,95525.71428571429,189590
race_score>=0.70_odds_30plus_ev>=1.5,80,23510,2351000,668680,-1682320,0.2844236495108464,7,0.00029774564015312634,0.0875,0.7270918436276632,0.70091851553384,3168.348311356869,2301.9,4.5059809319326805,1.5001278868962153,95525.71428571429,189590
race_score>=0.70_odds_50plus_ev>=1.5,80,23510,2351000,668680,-1682320,0.2844236495108464,7,0.00029774564015312634,0.0875,0.7270918436276632,0.70091851553384,3168.348311356869,2301.9,4.5059809319326805,1.5001278868962153,95525.71428571429,189590
race_score>=0.70_odds_100plus_ev>=1.5,80,23510,2351000,668680,-1682320,0.2844236495108464,7,0.00029774564015312634,0.0875,0.7270918436276632,0.70091851553384,3168.348311356869,2301.9,4.5059809319326805,1.5001278868962153,95525.71428571429,189590
race_score>=0.50_odds_30_500_ev>=1.2_top2,793,1584,158400,43200,-115200,0.2727272727272727,1,0.0006313131313131314,0.0012610340479192938,0.605631414826545,0.5001748065414573,431.41805555555555,444.1,2.3724144412415353,1.2037884391796205,43200.0,43200
race_score>=0.50_odds_50_500_ev>=1.2_top2,793,1584,158400,43200,-115200,0.2727272727272727,1,0.0006313131313131314,0.0012610340479192938,0.605631414826545,0.5001748065414573,431.41805555555555,444.1,2.3724144412415353,1.2037884391796205,43200.0,43200
race_score>=0.50_odds_30_500_top2_by_value_score,793,1586,158600,43200,-115400,0.2723833543505675,1,0.0006305170239596469,0.0012610340479192938,0.6056784390921905,0.5001748065414573,431.4575662042875,444.1,2.3709004668631026,1.1683363282594472,43200.0,43200
race_score>=0.50_odds_30_500_top2_by_expected_roi,793,1586,158600,43200,-115400,0.2723833543505675,1,0.0006305170239596469,0.0012610340479192938,0.6056784390921905,0.5001748065414573,431.4575662042875,444.1,2.3709004668631026,1.1683363282594472,43200.0,43200
race_score>=0.50_odds_30_500_ev>=0.8_top2,793,1586,158600,43200,-115400,0.2723833543505675,1,0.0006305170239596469,0.0012610340479192938,0.6056784390921905,0.5001748065414573,431.4575662042875,444.1,2.3709004668631026,1.1683363282594472,43200.0,43200
race_score>=0.50_odds_30_500_ev>=1.0_top2,793,1586,158600,43200,-115400,0.2723833543505675,1,0.0006305170239596469,0.0012610340479192938,0.6056784390921905,0.5001748065414573,431.4575662042875,444.1,2.3709004668631026,1.1683363282594472,43200.0,43200
race_score>=0.50_odds_50_500_top2_by_value_score,793,1586,158600,43200,-115400,0.2723833543505675,1,0.0006305170239596469,0.0012610340479192938,0.6056784390921905,0.5001748065414573,431.4575662042875,444.1,2.3709004668631026,1.1683363282594472,43200.0,43200
race_score>=0.50_odds_50_500_top2_by_expected_roi,793,1586,158600,43200,-115400,0.2723833543505675,1,0.0006305170239596469,0.0012610340479192938,0.6056784390921905,0.5001748065414573,431.4575662042875,444.1,2.3709004668631026,1.1683363282594472,43200.0,43200
race_score>=0.50_odds_50_500_ev>=0.8_top2,793,1586,158600,43200,-115400,0.2723833543505675,1,0.0006305170239596469,0.0012610340479192938,0.6056784390921905,0.5001748065414573,431.4575662042875,444.1,2.3709004668631026,1.1683363282594472,43200.0,43200
race_score>=0.50_odds_50_500_ev>=1.0_top2,793,1586,158600,43200,-115400,0.2723833543505675,1,0.0006305170239596469,0.0012610340479192938,0.6056784390921905,0.5001748065414573,431.4575662042875,444.1,2.3709004668631026,1.1683363282594472,43200.0,43200
race_score>=0.45_odds_30_500_ev>=2.0_top2,871,1606,160600,42290,-118310,0.2633250311332503,1,0.0006226650062266501,0.001148105625717566,0.5548857004276931,0.4500906629413549,426.7942714819427,441.4,2.776064564076508,2.002083788365323,42290.0,42290
race_score>=0.45_odds_50_500_ev>=2.0_top2,871,1606,160600,42290,-118310,0.2633250311332503,1,0.0006226650062266501,0.001148105625717566,0.5548857004276931,0.4500906629413549,426.7942714819427,441.4,2.776064564076508,2.002083788365323,42290.0,42290
race_score>=0.55_odds_30_500_ev>=1.2_top3,575,1718,171800,43200,-128600,0.25145518044237486,1,0.0005820721769499418,0.0017391304347826088,0.6359305833872562,0.5502825174254746,426.4951688009313,438.8,2.154134549965842,1.2037884391796205,43200.0,43200
race_score>=0.55_odds_50_500_ev>=1.2_top3,575,1718,171800,43200,-128600,0.25145518044237486,1,0.0005820721769499418,0.0017391304347826088,0.6359305833872562,0.5502825174254746,426.4951688009313,438.8,2.154134549965842,1.2037884391796205,43200.0,43200
race_score>=0.55_odds_30_500_top3_by_value_score,575,1725,172500,43200,-129300,0.25043478260869567,1,0.0005797101449275362,0.0017391304347826088,0.636014344715647,0.5502825174254746,426.36034782608704,438.2,2.1501570170318836,1.143567390974148,43200.0,43200
race_score>=0.55_odds_30_500_top3_by_expected_roi,575,1725,172500,43200,-129300,0.25043478260869567,1,0.0005797101449275362,0.0017391304347826088,0.636014344715647,0.5502825174254746,426.36034782608704,438.2,2.1501570170318836,1.143567390974148,43200.0,43200
race_score>=0.55_odds_30_500_ev>=0.8_top3,575,1725,172500,43200,-129300,0.25043478260869567,1,0.0005797101449275362,0.0017391304347826088,0.636014344715647,0.5502825174254746,426.36034782608704,438.2,2.1501570170318836,1.143567390974148,43200.0,43200
race_score>=0.55_odds_30_500_ev>=1.0_top3,575,1725,172500,43200,-129300,0.25043478260869567,1,0.0005797101449275362,0.0017391304347826088,0.636014344715647,0.5502825174254746,426.36034782608704,438.2,2.1501570170318836,1.143567390974148,43200.0,43200
race_score>=0.55_odds_50_500_top3_by_value_score,575,1725,172500,43200,-129300,0.25043478260869567,1,0.0005797101449275362,0.0017391304347826088,0.636014344715647,0.5502825174254746,426.36034782608704,438.2,2.1501570170318836,1.143567390974148,43200.0,43200
race_score>=0.55_odds_50_500_top3_by_expected_roi,575,1725,172500,43200,-129300,0.25043478260869567,1,0.0005797101449275362,0.0017391304347826088,0.636014344715647,0.5502825174254746,426.36034782608704,438.2,2.1501570170318836,1.143567390974148,43200.0,43200
race_score>=0.55_odds_50_500_ev>=0.8_top3,575,1725,172500,43200,-129300,0.25043478260869567,1,0.0005797101449275362,0.0017391304347826088,0.636014344715647,0.5502825174254746,426.36034782608704,438.2,2.1501570170318836,1.143567390974148,43200.0,43200
race_score>=0.55_odds_50_500_ev>=1.0_top3,575,1725,172500,43200,-129300,0.25043478260869567,1,0.0005797101449275362,0.0017391304347826088,0.636014344715647,0.5502825174254746,426.36034782608704,438.2,2.1501570170318836,1.143567390974148,43200.0,43200
race_score>=0.70_odds_30plus_top10_by_ticket_score,80,800,80000,19510,-60490,0.243875,4,0.005,0.05,0.7278454278400388,0.70091851553384,293.805625,170.1,1.3619261873024766,0.10843657943259605,4877.5,6600
race_score>=0.65_odds_all_top1_by_ticket_score,241,241,24100,5630,-18470,0.23360995850622407,2,0.008298755186721992,0.008298755186721992,0.6911747324963764,0.6503128804449101,183.24398340248965,117.3,1.0124356088592885,0.04237550357529703,2815.0,4090
race_score>=0.70_odds_all_ev>=2.0,80,19800,1980000,444860,-1535140,0.22467676767676767,3,0.00015151515151515152,0.0375,0.7267854484036164,0.70091851553384,3554.1641818181824,2731.8,5.024248461942821,2.000171036478638,148286.66666666666,189590
race_score>=0.70_odds_30plus_ev>=2.0,80,19800,1980000,444860,-1535140,0.22467676767676767,3,0.00015151515151515152,0.0375,0.7267854484036164,0.70091851553384,3554.1641818181824,2731.8,5.024248461942821,2.000171036478638,148286.66666666666,189590
race_score>=0.70_odds_50plus_ev>=2.0,80,19800,1980000,444860,-1535140,0.22467676767676767,3,0.00015151515151515152,0.0375,0.7267854484036164,0.70091851553384,3554.1641818181824,2731.8,5.024248461942821,2.000171036478638,148286.66666666666,189590
race_score>=0.70_odds_100plus_ev>=2.0,80,19800,1980000,444860,-1535140,0.22467676767676767,3,0.00015151515151515152,0.0375,0.7267854484036164,0.70091851553384,3554.1641818181824,2731.8,5.024248461942821,2.000171036478638,148286.66666666666,189590
race_score>=0.70_odds_all_top5_by_ticket_score,80,400,40000,8420,-31580,0.2105,3,0.0075,0.0375,0.7278454278400388,0.70091851553384,254.6675,146.45,1.2213386339030001,0.04230358952469797,2806.6666666666665,4650
race_score>=0.65_odds_100plus_top5_by_ticket_score,241,1205,120500,25020,-95480,0.20763485477178423,2,0.0016597510373443983,0.008298755186721992,0.6911747324963766,0.6503128804449101,327.22680497925313,234.3,1.7005176943801157,0.33649912028194334,12510.0,15020
race_score>=0.65_odds_100_1000_top5_by_ticket_score,241,1205,120500,25020,-95480,0.20763485477178423,2,0.0016597510373443983,0.008298755186721992,0.6911747324963766,0.6503128804449101,295.203734439834,230.5,1.5450258592466641,0.33649912028194334,12510.0,15020
race_score>=0.70_odds_30plus_top5_by_ticket_score,80,400,40000,7750,-32250,0.19375,2,0.005,0.025,0.7278454278400388,0.70091851553384,262.442,156.55,1.260512690100845,0.1291833603611949,3875.0,4650
race_score>=0.70_odds_30_500_top5_by_ticket_score,80,400,40000,7750,-32250,0.19375,2,0.005,0.025,0.7278454278400388,0.70091851553384,175.9205,140.35,0.8407131877254188,0.1291833603611949,3875.0,4650
race_score>=0.45_odds_30_500_ev>=2.0_top3,871,2213,221300,42290,-179010,0.1910980569362856,1,0.00045187528242205153,0.001148105625717566,0.5507440356225872,0.4500906629413549,419.71296882060545,433.8,2.7102986145439383,2.0009439525030115,42290.0,42290
race_score>=0.45_odds_50_500_ev>=2.0_top3,871,2213,221300,42290,-179010,0.1910980569362856,1,0.00045187528242205153,0.001148105625717566,0.5507440356225872,0.4500906629413549,419.71296882060545,433.8,2.7102986145439383,2.0009439525030115,42290.0,42290
race_score>=0.45_odds_30_500_ev>=2.0,871,4649,464900,84850,-380050,0.18251236825123682,3,0.0006453000645300065,0.003444316877152698,0.5305611945178349,0.4500906629413549,390.54557969455794,407.8,2.52740079885624,2.0001036896539244,28283.333333333332,42290
race_score>=0.45_odds_50_500_ev>=2.0,871,4649,464900,84850,-380050,0.18251236825123682,3,0.0006453000645300065,0.003444316877152698,0.5305611945178349,0.4500906629413549,390.54557969455794,407.8,2.52740079885624,2.0001036896539244,28283.333333333332,42290
race_score>=0.50_odds_30_500_ev>=1.2_top3,793,2372,237200,43200,-194000,0.1821247892074199,1,0.00042158516020236085,0.0012610340479192938,0.6055282479869882,0.5001748065414573,423.70965430016867,436.7,2.2692397875686927,1.2037884391796205,43200.0,43200
race_score>=0.50_odds_50_500_ev>=1.2_top3,793,2372,237200,43200,-194000,0.1821247892074199,1,0.00042158516020236085,0.0012610340479192938,0.6055282479869882,0.5001748065414573,423.70965430016867,436.7,2.2692397875686927,1.2037884391796205,43200.0,43200
race_score>=0.50_odds_30_500_top3_by_value_score,793,2379,237900,43200,-194700,0.18158890290037832,1,0.0004203446826397646,0.0012610340479192938,0.6056784390921904,0.5001748065414573,423.6200924758302,436.5,2.2660170128842454,1.143567390974148,43200.0,43200
race_score>=0.50_odds_30_500_top3_by_expected_roi,793,2379,237900,43200,-194700,0.18158890290037832,1,0.0004203446826397646,0.0012610340479192938,0.6056784390921904,0.5001748065414573,423.6200924758302,436.5,2.2660170128842454,1.143567390974148,43200.0,43200
race_score>=0.50_odds_30_500_ev>=0.8_top3,793,2379,237900,43200,-194700,0.18158890290037832,1,0.0004203446826397646,0.0012610340479192938,0.6056784390921904,0.5001748065414573,423.6200924758302,436.5,2.2660170128842454,1.143567390974148,43200.0,43200
race_score>=0.50_odds_30_500_ev>=1.0_top3,793,2379,237900,43200,-194700,0.18158890290037832,1,0.0004203446826397646,0.0012610340479192938,0.6056784390921904,0.5001748065414573,423.6200924758302,436.5,2.2660170128842454,1.143567390974148,43200.0,43200
race_score>=0.50_odds_50_500_top3_by_value_score,793,2379,237900,43200,-194700,0.18158890290037832,1,0.0004203446826397646,0.0012610340479192938,0.6056784390921904,0.5001748065414573,423.6200924758302,436.5,2.2660170128842454,1.143567390974148,43200.0,43200
race_score>=0.50_odds_50_500_top3_by_expected_roi,793,2379,237900,43200,-194700,0.18158890290037832,1,0.0004203446826397646,0.0012610340479192938,0.6056784390921904,0.5001748065414573,423.6200924758302,436.5,2.2660170128842454,1.143567390974148,43200.0,43200
race_score>=0.50_odds_50_500_ev>=0.8_top3,793,2379,237900,43200,-194700,0.18158890290037832,1,0.0004203446826397646,0.0012610340479192938,0.6056784390921904,0.5001748065414573,423.6200924758302,436.5,2.2660170128842454,1.143567390974148,43200.0,43200
race_score>=0.50_odds_50_500_ev>=1.0_top3,793,2379,237900,43200,-194700,0.18158890290037832,1,0.0004203446826397646,0.0012610340479192938,0.6056784390921904,0.5001748065414573,423.6200924758302,436.5,2.2660170128842454,1.143567390974148,43200.0,43200
race_score>=0.55_odds_100plus_top1_by_ticket_score,575,575,57500,10170,-47330,0.1768695652173913,1,0.0017391304347826088,0.0017391304347826088,0.636014344715647,0.5502825174254746,253.87095652173912,190.8,1.62926442319169,0.44409473974471675,10170.0,10170
race_score>=0.55_odds_100_1000_top1_by_ticket_score,575,575,57500,10170,-47330,0.1768695652173913,1,0.0017391304347826088,0.0017391304347826088,0.636014344715647,0.5502825174254746,246.0238260869565,189.9,1.5807102530225283,0.44409473974471675,10170.0,10170
race_score>=0.70_odds_all_top10_by_ticket_score,80,800,80000,13580,-66420,0.16975,4,0.005,0.05,0.7278454278400388,0.70091851553384,283.24300000000005,160.45,1.3138866126728481,0.04230358952469797,3395.0,5160
race_score>=0.65_odds_30plus_top1_by_ticket_score,241,241,24100,4090,-20010,0.16970954356846474,1,0.004149377593360996,0.004149377593360996,0.6911747324963764,0.6503128804449101,189.4966804979253,123.4,1.0511811987137514,0.17422796120981082,4090.0,4090
race_score>=0.65_odds_30_500_top1_by_ticket_score,241,241,24100,4090,-20010,0.16970954356846474,1,0.004149377593360996,0.004149377593360996,0.6911747324963764,0.6503128804449101,160.26348547717842,121.4,0.9052189145046438,0.12677415674976492,4090.0,4090
race_score>=0.50_odds_30_500_ev>=2.0,625,2679,267900,42560,-225340,0.15886524822695036,2,0.0007465472191116088,0.0032,0.5745952220283512,0.5001748065414573,403.75431131019036,418.7,2.4449715360336053,2.0001036896539244,21280.0,21670
race_score>=0.50_odds_50_500_ev>=2.0,625,2679,267900,42560,-225340,0.15886524822695036,2,0.0007465472191116088,0.0032,0.5745952220283512,0.5001748065414573,403.75431131019036,418.7,2.4449715360336053,2.0001036896539244,21280.0,21670
race_score>=0.70_odds_50plus_top10_by_ticket_score,80,800,80000,11760,-68240,0.147,2,0.0025,0.025,0.7278454278400388,0.70091851553384,316.321875,191.3,1.463855401177471,0.1860346498746332,5880.0,6600
race_score>=0.70_odds_50_500_top10_by_ticket_score,80,800,80000,11760,-68240,0.147,2,0.0025,0.025,0.7278454278400388,0.70091851553384,197.398875,168.3,0.899165293333521,0.1860346498746332,5880.0,6600
race_score>=0.70_odds_50_1000_top10_by_ticket_score,80,800,80000,11760,-68240,0.147,2,0.0025,0.025,0.7278454278400388,0.70091851553384,261.545125,188.8,1.2091962663553464,0.1860346498746332,5880.0,6600
race_score>=0.45_odds_30_500_ev>=2.0_top5,871,3120,312000,42290,-269710,0.1355448717948718,1,0.0003205128205128205,0.001148105625717566,0.5446301894831058,0.4500906629413549,410.54131410256406,424.15,2.630714423587946,2.0003012104430407,42290.0,42290
race_score>=0.45_odds_50_500_ev>=2.0_top5,871,3120,312000,42290,-269710,0.1355448717948718,1,0.0003205128205128205,0.001148105625717566,0.5446301894831058,0.4500906629413549,410.54131410256406,424.15,2.630714423587946,2.0003012104430407,42290.0,42290
race_score>=0.70_odds_all_ev>=3.0,80,14196,1419600,189590,-1230010,0.13355170470555086,1,7.044237813468582e-05,0.0125,0.7261814379155753,0.70091851553384,4296.792187940265,3566.55,6.031741622293936,3.0003974834552465,189590.0,189590
race_score>=0.70_odds_30plus_ev>=3.0,80,14196,1419600,189590,-1230010,0.13355170470555086,1,7.044237813468582e-05,0.0125,0.7261814379155753,0.70091851553384,4296.792187940265,3566.55,6.031741622293936,3.0003974834552465,189590.0,189590
race_score>=0.70_odds_50plus_ev>=3.0,80,14196,1419600,189590,-1230010,0.13355170470555086,1,7.044237813468582e-05,0.0125,0.7261814379155753,0.70091851553384,4296.792187940265,3566.55,6.031741622293936,3.0003974834552465,189590.0,189590
race_score>=0.70_odds_100plus_ev>=3.0,80,14196,1419600,189590,-1230010,0.13355170470555086,1,7.044237813468582e-05,0.0125,0.7261814379155753,0.70091851553384,4296.792187940265,3566.55,6.031741622293936,3.0003974834552465,189590.0,189590
race_score>=0.70_odds_30_500_top3_by_ticket_score,80,240,24000,3100,-20900,0.12916666666666668,1,0.004166666666666667,0.0125,0.7278454278400387,0.70091851553384,170.09625,132.4,0.8306852033063356,0.1413147384814566,3100.0,3100
race_score>=0.50_odds_100plus_top1_by_ticket_score,793,793,79300,10170,-69130,0.12824716267339217,1,0.0012610340479192938,0.0012610340479192938,0.6056784390921904,0.5001748065414573,246.83556116015134,185.7,1.6890219211876345,0.44409473974471675,10170.0,10170
race_score>=0.50_odds_100_1000_top1_by_ticket_score,793,793,79300,10170,-69130,0.12824716267339217,1,0.0012610340479192938,0.0012610340479192938,0.6056784390921904,0.5001748065414573,238.42849936948295,185.4,1.6364932860461145,0.44409473974471675,10170.0,10170
race_score>=0.45_odds_100plus_top1_by_ticket_score,1047,1047,104700,10170,-94530,0.09713467048710601,1,0.0009551098376313276,0.0009551098376313276,0.5736019947536628,0.4500906629413549,235.8800382043935,178.3,1.7413314603687697,0.44409473974471675,10170.0,10170
race_score>=0.45_odds_100_1000_top1_by_ticket_score,1047,1047,104700,10170,-94530,0.09713467048710601,1,0.0009551098376313276,0.0009551098376313276,0.5736019947536628,0.4500906629413549,228.62913085004774,177.5,1.696202465413954,0.44409473974471675,10170.0,10170
race_score>=0.70_odds_all_top2_by_ticket_score,80,160,16000,670,-15330,0.041875,1,0.00625,0.0125,0.7278454278400386,0.70091851553384,218.31,129.60000000000002,1.070615023435525,0.04230358952469797,670.0,670
race_score>=0.70_odds_all_top3_by_ticket_score,80,240,24000,670,-23330,0.027916666666666666,1,0.004166666666666667,0.0125,0.7278454278400387,0.70091851553384,234.77458333333337,133.39999999999998,1.1497698491566968,0.04230358952469797,670.0,670
race_score>=0.50_odds_all_top10_by_value_score,793,7930,793000,20890,-772110,0.026343001261034046,1,0.00012610340479192938,0.0012610340479192938,0.6056784390921904,0.5001748065414573,6156.376822194199,6059.5,10.80627007741455,2.116065057719307,20890.0,20890
race_score>=0.50_odds_all_top10_by_expected_roi,793,7930,793000,20890,-772110,0.026343001261034046,1,0.00012610340479192938,0.0012610340479192938,0.6056784390921904,0.5001748065414573,6156.376822194199,6059.5,10.80627007741455,2.116065057719307,20890.0,20890
race_score>=0.50_odds_30plus_top10_by_value_score,793,7930,793000,20890,-772110,0.026343001261034046,1,0.00012610340479192938,0.0012610340479192938,0.6056784390921904,0.5001748065414573,6156.376822194199,6059.5,10.80627007741455,2.116065057719307,20890.0,20890
race_score>=0.50_odds_30plus_top10_by_expected_roi,793,7930,793000,20890,-772110,0.026343001261034046,1,0.00012610340479192938,0.0012610340479192938,0.6056784390921904,0.5001748065414573,6156.376822194199,6059.5,10.80627007741455,2.116065057719307,20890.0,20890
race_score>=0.50_odds_50plus_top10_by_value_score,793,7930,793000,20890,-772110,0.026343001261034046,1,0.00012610340479192938,0.0012610340479192938,0.6056784390921904,0.5001748065414573,6156.376822194199,6059.5,10.80627007741455,2.116065057719307,20890.0,20890
race_score>=0.50_odds_50plus_top10_by_expected_roi,793,7930,793000,20890,-772110,0.026343001261034046,1,0.00012610340479192938,0.0012610340479192938,0.6056784390921904,0.5001748065414573,6156.376822194199,6059.5,10.80627007741455,2.116065057719307,20890.0,20890
race_score>=0.50_odds_100plus_top10_by_value_score,793,7930,793000,20890,-772110,0.026343001261034046,1,0.00012610340479192938,0.0012610340479192938,0.6056784390921904,0.5001748065414573,6156.376822194199,6059.5,10.80627007741455,2.116065057719307,20890.0,20890
race_score>=0.50_odds_100plus_top10_by_expected_roi,793,7930,793000,20890,-772110,0.026343001261034046,1,0.00012610340479192938,0.0012610340479192938,0.6056784390921904,0.5001748065414573,6156.376822194199,6059.5,10.80627007741455,2.116065057719307,20890.0,20890
race_score>=0.50_odds_all_top20_by_value_score,793,15860,1586000,20890,-1565110,0.013171500630517023,1,6.305170239596469e-05,0.0012610340479192938,0.6056784390921904,0.5001748065414573,5957.278953341741,5745.05,9.715675239823971,1.7987134016132262,20890.0,20890
race_score>=0.50_odds_all_top20_by_expected_roi,793,15860,1586000,20890,-1565110,0.013171500630517023,1,6.305170239596469e-05,0.0012610340479192938,0.6056784390921904,0.5001748065414573,5957.278953341741,5745.05,9.715675239823971,1.7987134016132262,20890.0,20890
race_score>=0.50_odds_30plus_top20_by_value_score,793,15860,1586000,20890,-1565110,0.013171500630517023,1,6.305170239596469e-05,0.0012610340479192938,0.6056784390921904,0.5001748065414573,5957.278953341741,5745.05,9.715675239823971,1.7987134016132262,20890.0,20890
race_score>=0.50_odds_30plus_top20_by_expected_roi,793,15860,1586000,20890,-1565110,0.013171500630517023,1,6.305170239596469e-05,0.0012610340479192938,0.6056784390921904,0.5001748065414573,5957.278953341741,5745.05,9.715675239823971,1.7987134016132262,20890.0,20890
race_score>=0.50_odds_50plus_top20_by_value_score,793,15860,1586000,20890,-1565110,0.013171500630517023,1,6.305170239596469e-05,0.0012610340479192938,0.6056784390921904,0.5001748065414573,5957.278953341741,5745.05,9.715675239823971,1.7987134016132262,20890.0,20890
race_score>=0.50_odds_50plus_top20_by_expected_roi,793,15860,1586000,20890,-1565110,0.013171500630517023,1,6.305170239596469e-05,0.0012610340479192938,0.6056784390921904,0.5001748065414573,5957.278953341741,5745.05,9.715675239823971,1.7987134016132262,20890.0,20890
race_score>=0.50_odds_100plus_top20_by_value_score,793,15860,1586000,20890,-1565110,0.013171500630517023,1,6.305170239596469e-05,0.0012610340479192938,0.6056784390921904,0.5001748065414573,5957.278953341741,5745.05,9.715675239823971,1.7987134016132262,20890.0,20890
race_score>=0.50_odds_100plus_top20_by_expected_roi,793,15860,1586000,20890,-1565110,0.013171500630517023,1,6.305170239596469e-05,0.0012610340479192938,0.6056784390921904,0.5001748065414573,5957.278953341741,5745.05,9.715675239823971,1.7987134016132262,20890.0,20890
race_score>=0.50_odds_all_top30_by_value_score,793,23790,2379000,20890,-2358110,0.008781000420344683,1,4.203446826397646e-05,0.0012610340479192938,0.6056784390921905,0.5001748065414573,5780.09569567045,5513.25,9.01975644901567,1.5378306119014875,20890.0,20890
race_score>=0.50_odds_all_top30_by_expected_roi,793,23790,2379000,20890,-2358110,0.008781000420344683,1,4.203446826397646e-05,0.0012610340479192938,0.6056784390921905,0.5001748065414573,5780.09569567045,5513.25,9.01975644901567,1.5378306119014875,20890.0,20890
race_score>=0.50_odds_30plus_top30_by_value_score,793,23790,2379000,20890,-2358110,0.008781000420344683,1,4.203446826397646e-05,0.0012610340479192938,0.6056784390921905,0.5001748065414573,5780.09569567045,5513.25,9.01975644901567,1.5378306119014875,20890.0,20890
race_score>=0.50_odds_30plus_top30_by_expected_roi,793,23790,2379000,20890,-2358110,0.008781000420344683,1,4.203446826397646e-05,0.0012610340479192938,0.6056784390921905,0.5001748065414573,5780.09569567045,5513.25,9.01975644901567,1.5378306119014875,20890.0,20890
race_score>=0.50_odds_50plus_top30_by_value_score,793,23790,2379000,20890,-2358110,0.008781000420344683,1,4.203446826397646e-05,0.0012610340479192938,0.6056784390921905,0.5001748065414573,5780.09569567045,5513.25,9.01975644901567,1.5378306119014875,20890.0,20890
race_score>=0.50_odds_50plus_top30_by_expected_roi,793,23790,2379000,20890,-2358110,0.008781000420344683,1,4.203446826397646e-05,0.0012610340479192938,0.6056784390921905,0.5001748065414573,5780.09569567045,5513.25,9.01975644901567,1.5378306119014875,20890.0,20890
race_score>=0.50_odds_100plus_top30_by_value_score,793,23790,2379000,20890,-2358110,0.008781000420344683,1,4.203446826397646e-05,0.0012610340479192938,0.6056784390921905,0.5001748065414573,5780.09569567045,5513.25,9.01975644901567,1.5378306119014875,20890.0,20890
race_score>=0.50_odds_100plus_top30_by_expected_roi,793,23790,2379000,20890,-2358110,0.008781000420344683,1,4.203446826397646e-05,0.0012610340479192938,0.6056784390921905,0.5001748065414573,5780.09569567045,5513.25,9.01975644901567,1.5378306119014875,20890.0,20890
race_score>=0.45_odds_30_500_top1_by_value_score,1047,1047,104700,0,-104700,0.0,0,0.0,0.0,0.5736019947536628,0.4500906629413549,437.52177650429803,450.4,2.6818484886142744,1.2422168797488506,0.0,0
race_score>=0.45_odds_30_500_top1_by_expected_roi,1047,1047,104700,0,-104700,0.0,0,0.0,0.0,0.5736019947536628,0.4500906629413549,437.52177650429803,450.4,2.6818484886142744,1.2422168797488506,0.0,0
race_score>=0.45_odds_30_500_ev>=0.8_top1,1047,1047,104700,0,-104700,0.0,0,0.0,0.0,0.5736019947536628,0.4500906629413549,437.52177650429803,450.4,2.6818484886142744,1.2422168797488506,0.0,0
race_score>=0.45_odds_30_500_ev>=1.0_top1,1047,1047,104700,0,-104700,0.0,0,0.0,0.0,0.5736019947536628,0.4500906629413549,437.52177650429803,450.4,2.6818484886142744,1.2422168797488506,0.0,0
race_score>=0.45_odds_30_500_ev>=1.2_top1,1047,1047,104700,0,-104700,0.0,0,0.0,0.0,0.5736019947536628,0.4500906629413549,437.52177650429803,450.4,2.6818484886142744,1.2422168797488506,0.0,0
race_score>=0.45_odds_50_500_top1_by_value_score,1047,1047,104700,0,-104700,0.0,0,0.0,0.0,0.5736019947536628,0.4500906629413549,437.52177650429803,450.4,2.6818484886142744,1.2422168797488506,0.0,0
race_score>=0.45_odds_50_500_top1_by_expected_roi,1047,1047,104700,0,-104700,0.0,0,0.0,0.0,0.5736019947536628,0.4500906629413549,437.52177650429803,450.4,2.6818484886142744,1.2422168797488506,0.0,0
race_score>=0.45_odds_50_500_ev>=0.8_top1,1047,1047,104700,0,-104700,0.0,0,0.0,0.0,0.5736019947536628,0.4500906629413549,437.52177650429803,450.4,2.6818484886142744,1.2422168797488506,0.0,0
race_score>=0.45_odds_50_500_ev>=1.0_top1,1047,1047,104700,0,-104700,0.0,0,0.0,0.0,0.5736019947536628,0.4500906629413549,437.52177650429803,450.4,2.6818484886142744,1.2422168797488506,0.0,0
race_score>=0.45_odds_50_500_ev>=1.2_top1,1047,1047,104700,0,-104700,0.0,0,0.0,0.0,0.5736019947536628,0.4500906629413549,437.52177650429803,450.4,2.6818484886142744,1.2422168797488506,0.0,0
race_score>=0.45_odds_30_500_ev>=1.5_top1,1033,1033,103300,0,-103300,0.0,0,0.0,0.0,0.5719241447329988,0.4500906629413549,437.25508228460797,450.0,2.69939983958895,1.5120515160145482,0.0,0
race_score>=0.45_odds_50_500_ev>=1.5_top1,1033,1033,103300,0,-103300,0.0,0,0.0,0.0,0.5719241447329988,0.4500906629413549,437.25508228460797,450.0,2.69939983958895,1.5120515160145482,0.0,0
race_score>=0.45_odds_30_500_ev>=2.0_top1,871,871,87100,0,-87100,0.0,0,0.0,0.0,0.5591377683910328,0.4500906629413549,435.8718714121699,448.7,2.8685115386107376,2.004984828012586,0.0,0
race_score>=0.45_odds_50_500_ev>=2.0_top1,871,871,87100,0,-87100,0.0,0,0.0,0.0,0.5591377683910328,0.4500906629413549,435.8718714121699,448.7,2.8685115386107376,2.004984828012586,0.0,0
race_score>=0.50_odds_all_top5_by_value_score,793,3965,396500,0,-396500,0.0,0,0.0,0.0,0.6056784390921904,0.5001748065414573,6361.18501891551,6367.0,11.765553596974364,2.1871684143732693,0.0,0
race_score>=0.50_odds_all_top5_by_expected_roi,793,3965,396500,0,-396500,0.0,0,0.0,0.0,0.6056784390921904,0.5001748065414573,6361.18501891551,6367.0,11.765553596974364,2.1871684143732693,0.0,0
race_score>=0.50_odds_all_ev>=0.8_top5,793,3965,396500,0,-396500,0.0,0,0.0,0.0,0.6056784390921904,0.5001748065414573,6361.18501891551,6367.0,11.765553596974364,2.1871684143732693,0.0,0
race_score>=0.50_odds_all_ev>=1.0_top5,793,3965,396500,0,-396500,0.0,0,0.0,0.0,0.6056784390921904,0.5001748065414573,6361.18501891551,6367.0,11.765553596974364,2.1871684143732693,0.0,0
race_score>=0.50_odds_all_ev>=1.2_top5,793,3965,396500,0,-396500,0.0,0,0.0,0.0,0.6056784390921904,0.5001748065414573,6361.18501891551,6367.0,11.765553596974364,2.1871684143732693,0.0,0
race_score>=0.50_odds_all_ev>=1.5_top5,793,3965,396500,0,-396500,0.0,0,0.0,0.0,0.6056784390921904,0.5001748065414573,6361.18501891551,6367.0,11.765553596974364,2.1871684143732693,0.0,0
race_score>=0.50_odds_all_ev>=2.0_top5,793,3965,396500,0,-396500,0.0,0,0.0,0.0,0.6056784390921904,0.5001748065414573,6361.18501891551,6367.0,11.765553596974364,2.1871684143732693,0.0,0
race_score>=0.50_odds_30plus_top5_by_value_score,793,3965,396500,0,-396500,0.0,0,0.0,0.0,0.6056784390921904,0.5001748065414573,6361.18501891551,6367.0,11.765553596974364,2.1871684143732693,0.0,0
race_score>=0.50_odds_30plus_top5_by_expected_roi,793,3965,396500,0,-396500,0.0,0,0.0,0.0,0.6056784390921904,0.5001748065414573,6361.18501891551,6367.0,11.765553596974364,2.1871684143732693,0.0,0
race_score>=0.50_odds_30plus_ev>=0.8_top5,793,3965,396500,0,-396500,0.0,0,0.0,0.0,0.6056784390921904,0.5001748065414573,6361.18501891551,6367.0,11.765553596974364,2.1871684143732693,0.0,0
race_score>=0.50_odds_30plus_ev>=1.0_top5,793,3965,396500,0,-396500,0.0,0,0.0,0.0,0.6056784390921904,0.5001748065414573,6361.18501891551,6367.0,11.765553596974364,2.1871684143732693,0.0,0
race_score>=0.50_odds_30plus_ev>=1.2_top5,793,3965,396500,0,-396500,0.0,0,0.0,0.0,0.6056784390921904,0.5001748065414573,6361.18501891551,6367.0,11.765553596974364,2.1871684143732693,0.0,0
race_score>=0.50_odds_30plus_ev>=1.5_top5,793,3965,396500,0,-396500,0.0,0,0.0,0.0,0.6056784390921904,0.5001748065414573,6361.18501891551,6367.0,11.765553596974364,2.1871684143732693,0.0,0
race_score>=0.50_odds_30plus_ev>=2.0_top5,793,3965,396500,0,-396500,0.0,0,0.0,0.0,0.6056784390921904,0.5001748065414573,6361.18501891551,6367.0,11.765553596974364,2.1871684143732693,0.0,0
race_score>=0.50_odds_50plus_top5_by_value_score,793,3965,396500,0,-396500,0.0,0,0.0,0.0,0.6056784390921904,0.5001748065414573,6361.18501891551,6367.0,11.765553596974364,2.1871684143732693,0.0,0
race_score>=0.50_odds_50plus_top5_by_expected_roi,793,3965,396500,0,-396500,0.0,0,0.0,0.0,0.6056784390921904,0.5001748065414573,6361.18501891551,6367.0,11.765553596974364,2.1871684143732693,0.0,0
race_score>=0.50_odds_50plus_ev>=0.8_top5,793,3965,396500,0,-396500,0.0,0,0.0,0.0,0.6056784390921904,0.5001748065414573,6361.18501891551,6367.0,11.765553596974364,2.1871684143732693,0.0,0
race_score>=0.50_odds_50plus_ev>=1.0_top5,793,3965,396500,0,-396500,0.0,0,0.0,0.0,0.6056784390921904,0.5001748065414573,6361.18501891551,6367.0,11.765553596974364,2.1871684143732693,0.0,0
race_score>=0.50_odds_50plus_ev>=1.2_top5,793,3965,396500,0,-396500,0.0,0,0.0,0.0,0.6056784390921904,0.5001748065414573,6361.18501891551,6367.0,11.765553596974364,2.1871684143732693,0.0,0
race_score>=0.50_odds_50plus_ev>=1.5_top5,793,3965,396500,0,-396500,0.0,0,0.0,0.0,0.6056784390921904,0.5001748065414573,6361.18501891551,6367.0,11.765553596974364,2.1871684143732693,0.0,0
race_score>=0.50_odds_50plus_ev>=2.0_top5,793,3965,396500,0,-396500,0.0,0,0.0,0.0,0.6056784390921904,0.5001748065414573,6361.18501891551,6367.0,11.765553596974364,2.1871684143732693,0.0,0
race_score>=0.50_odds_100plus_top5_by_value_score,793,3965,396500,0,-396500,0.0,0,0.0,0.0,0.6056784390921904,0.5001748065414573,6361.18501891551,6367.0,11.765553596974364,2.1871684143732693,0.0,0
race_score>=0.50_odds_100plus_top5_by_expected_roi,793,3965,396500,0,-396500,0.0,0,0.0,0.0,0.6056784390921904,0.5001748065414573,6361.18501891551,6367.0,11.765553596974364,2.1871684143732693,0.0,0
race_score>=0.50_odds_100plus_ev>=0.8_top5,793,3965,396500,0,-396500,0.0,0,0.0,0.0,0.6056784390921904,0.5001748065414573,6361.18501891551,6367.0,11.765553596974364,2.1871684143732693,0.0,0
race_score>=0.50_odds_100plus_ev>=1.0_top5,793,3965,396500,0,-396500,0.0,0,0.0,0.0,0.6056784390921904,0.5001748065414573,6361.18501891551,6367.0,11.765553596974364,2.1871684143732693,0.0,0
race_score>=0.50_odds_100plus_ev>=1.2_top5,793,3965,396500,0,-396500,0.0,0,0.0,0.0,0.6056784390921904,0.5001748065414573,6361.18501891551,6367.0,11.765553596974364,2.1871684143732693,0.0,0
race_score>=0.50_odds_100plus_ev>=1.5_top5,793,3965,396500,0,-396500,0.0,0,0.0,0.0,0.6056784390921904,0.5001748065414573,6361.18501891551,6367.0,11.765553596974364,2.1871684143732693,0.0,0
race_score>=0.50_odds_100plus_ev>=2.0_top5,793,3965,396500,0,-396500,0.0,0,0.0,0.0,0.6056784390921904,0.5001748065414573,6361.18501891551,6367.0,11.765553596974364,2.1871684143732693,0.0,0
race_score>=0.50_odds_all_ev>=3.0_top5,793,3957,395700,0,-395700,0.0,0,0.0,0.0,0.6058135839921422,0.5001748065414573,6372.926358352286,6374.0,11.784091216651726,3.1437656078847573,0.0,0
race_score>=0.50_odds_30plus_ev>=3.0_top5,793,3957,395700,0,-395700,0.0,0,0.0,0.0,0.6058135839921422,0.5001748065414573,6372.926358352286,6374.0,11.784091216651726,3.1437656078847573,0.0,0
race_score>=0.50_odds_50plus_ev>=3.0_top5,793,3957,395700,0,-395700,0.0,0,0.0,0.0,0.6058135839921422,0.5001748065414573,6372.926358352286,6374.0,11.784091216651726,3.1437656078847573,0.0,0
race_score>=0.50_odds_100plus_ev>=3.0_top5,793,3957,395700,0,-395700,0.0,0,0.0,0.0,0.6058135839921422,0.5001748065414573,6372.926358352286,6374.0,11.784091216651726,3.1437656078847573,0.0,0
race_score>=0.50_odds_all_top3_by_value_score,793,2379,237900,0,-237900,0.0,0,0.0,0.0,0.6056784390921904,0.5001748065414573,6498.378646490122,6569.5,12.38668830693721,2.324132812796826,0.0,0
race_score>=0.50_odds_all_top3_by_expected_roi,793,2379,237900,0,-237900,0.0,0,0.0,0.0,0.6056784390921904,0.5001748065414573,6498.378646490122,6569.5,12.38668830693721,2.324132812796826,0.0,0
race_score>=0.50_odds_all_ev>=0.8_top3,793,2379,237900,0,-237900,0.0,0,0.0,0.0,0.6056784390921904,0.5001748065414573,6498.378646490122,6569.5,12.38668830693721,2.324132812796826,0.0,0
race_score>=0.50_odds_all_ev>=1.0_top3,793,2379,237900,0,-237900,0.0,0,0.0,0.0,0.6056784390921904,0.5001748065414573,6498.378646490122,6569.5,12.38668830693721,2.324132812796826,0.0,0
race_score>=0.50_odds_all_ev>=1.2_top3,793,2379,237900,0,-237900,0.0,0,0.0,0.0,0.6056784390921904,0.5001748065414573,6498.378646490122,6569.5,12.38668830693721,2.324132812796826,0.0,0
race_score>=0.50_odds_all_ev>=1.5_top3,793,2379,237900,0,-237900,0.0,0,0.0,0.0,0.6056784390921904,0.5001748065414573,6498.378646490122,6569.5,12.38668830693721,2.324132812796826,0.0,0
race_score>=0.50_odds_all_ev>=2.0_top3,793,2379,237900,0,-237900,0.0,0,0.0,0.0,0.6056784390921904,0.5001748065414573,6498.378646490122,6569.5,12.38668830693721,2.324132812796826,0.0,0
race_score>=0.50_odds_30plus_top3_by_value_score,793,2379,237900,0,-237900,0.0,0,0.0,0.0,0.6056784390921904,0.5001748065414573,6498.378646490122,6569.5,12.38668830693721,2.324132812796826,0.0,0
race_score>=0.50_odds_30plus_top3_by_expected_roi,793,2379,237900,0,-237900,0.0,0,0.0,0.0,0.6056784390921904,0.5001748065414573,6498.378646490122,6569.5,12.38668830693721,2.324132812796826,0.0,0
race_score>=0.50_odds_30plus_ev>=0.8_top3,793,2379,237900,0,-237900,0.0,0,0.0,0.0,0.6056784390921904,0.5001748065414573,6498.378646490122,6569.5,12.38668830693721,2.324132812796826,0.0,0
race_score>=0.50_odds_30plus_ev>=1.0_top3,793,2379,237900,0,-237900,0.0,0,0.0,0.0,0.6056784390921904,0.5001748065414573,6498.378646490122,6569.5,12.38668830693721,2.324132812796826,0.0,0
race_score>=0.50_odds_30plus_ev>=1.2_top3,793,2379,237900,0,-237900,0.0,0,0.0,0.0,0.6056784390921904,0.5001748065414573,6498.378646490122,6569.5,12.38668830693721,2.324132812796826,0.0,0
race_score>=0.50_odds_30plus_ev>=1.5_top3,793,2379,237900,0,-237900,0.0,0,0.0,0.0,0.6056784390921904,0.5001748065414573,6498.378646490122,6569.5,12.38668830693721,2.324132812796826,0.0,0
race_score>=0.50_odds_30plus_ev>=2.0_top3,793,2379,237900,0,-237900,0.0,0,0.0,0.0,0.6056784390921904,0.5001748065414573,6498.378646490122,6569.5,12.38668830693721,2.324132812796826,0.0,0
race_score>=0.50_odds_50plus_top3_by_value_score,793,2379,237900,0,-237900,0.0,0,0.0,0.0,0.6056784390921904,0.5001748065414573,6498.378646490122,6569.5,12.38668830693721,2.324132812796826,0.0,0
race_score>=0.50_odds_50plus_top3_by_expected_roi,793,2379,237900,0,-237900,0.0,0,0.0,0.0,0.6056784390921904,0.5001748065414573,6498.378646490122,6569.5,12.38668830693721,2.324132812796826,0.0,0
race_score>=0.50_odds_50plus_ev>=0.8_top3,793,2379,237900,0,-237900,0.0,0,0.0,0.0,0.6056784390921904,0.5001748065414573,6498.378646490122,6569.5,12.38668830693721,2.324132812796826,0.0,0
race_score>=0.50_odds_50plus_ev>=1.0_top3,793,2379,237900,0,-237900,0.0,0,0.0,0.0,0.6056784390921904,0.5001748065414573,6498.378646490122,6569.5,12.38668830693721,2.324132812796826,0.0,0
race_score>=0.50_odds_50plus_ev>=1.2_top3,793,2379,237900,0,-237900,0.0,0,0.0,0.0,0.6056784390921904,0.5001748065414573,6498.378646490122,6569.5,12.38668830693721,2.324132812796826,0.0,0
race_score>=0.50_odds_50plus_ev>=1.5_top3,793,2379,237900,0,-237900,0.0,0,0.0,0.0,0.6056784390921904,0.5001748065414573,6498.378646490122,6569.5,12.38668830693721,2.324132812796826,0.0,0
race_score>=0.50_odds_50plus_ev>=2.0_top3,793,2379,237900,0,-237900,0.0,0,0.0,0.0,0.6056784390921904,0.5001748065414573,6498.378646490122,6569.5,12.38668830693721,2.324132812796826,0.0,0
race_score>=0.50_odds_100plus_top3_by_value_score,793,2379,237900,0,-237900,0.0,0,0.0,0.0,0.6056784390921904,0.5001748065414573,6498.378646490122,6569.5,12.38668830693721,2.324132812796826,0.0,0
race_score>=0.50_odds_100plus_top3_by_expected_roi,793,2379,237900,0,-237900,0.0,0,0.0,0.0,0.6056784390921904,0.5001748065414573,6498.378646490122,6569.5,12.38668830693721,2.324132812796826,0.0,0
race_score>=0.50_odds_100plus_ev>=0.8_top3,793,2379,237900,0,-237900,0.0,0,0.0,0.0,0.6056784390921904,0.5001748065414573,6498.378646490122,6569.5,12.38668830693721,2.324132812796826,0.0,0
race_score>=0.50_odds_100plus_ev>=1.0_top3,793,2379,237900,0,-237900,0.0,0,0.0,0.0,0.6056784390921904,0.5001748065414573,6498.378646490122,6569.5,12.38668830693721,2.324132812796826,0.0,0
race_score>=0.50_odds_100plus_ev>=1.2_top3,793,2379,237900,0,-237900,0.0,0,0.0,0.0,0.6056784390921904,0.5001748065414573,6498.378646490122,6569.5,12.38668830693721,2.324132812796826,0.0,0
race_score>=0.50_odds_100plus_ev>=1.5_top3,793,2379,237900,0,-237900,0.0,0,0.0,0.0,0.6056784390921904,0.5001748065414573,6498.378646490122,6569.5,12.38668830693721,2.324132812796826,0.0,0
race_score>=0.50_odds_100plus_ev>=2.0_top3,793,2379,237900,0,-237900,0.0,0,0.0,0.0,0.6056784390921904,0.5001748065414573,6498.378646490122,6569.5,12.38668830693721,2.324132812796826,0.0,0
race_score>=0.50_odds_all_ev>=3.0_top3,793,2375,237500,0,-237500,0.0,0,0.0,0.0,0.6057910219067397,0.5001748065414573,6508.397684210527,6592.1,12.402980914059995,3.1437656078847573,0.0,0
race_score>=0.50_odds_30plus_ev>=3.0_top3,793,2375,237500,0,-237500,0.0,0,0.0,0.0,0.6057910219067397,0.5001748065414573,6508.397684210527,6592.1,12.402980914059995,3.1437656078847573,0.0,0
race_score>=0.50_odds_50plus_ev>=3.0_top3,793,2375,237500,0,-237500,0.0,0,0.0,0.0,0.6057910219067397,0.5001748065414573,6508.397684210527,6592.1,12.402980914059995,3.1437656078847573,0.0,0
race_score>=0.50_odds_100plus_ev>=3.0_top3,793,2375,237500,0,-237500,0.0,0,0.0,0.0,0.6057910219067397,0.5001748065414573,6508.397684210527,6592.1,12.402980914059995,3.1437656078847573,0.0,0
race_score>=0.50_odds_all_top2_by_value_score,793,1586,158600,0,-158600,0.0,0,0.0,0.0,0.6056784390921905,0.5001748065414573,6594.231147540983,6732.25,12.812438305147635,2.689353806418529,0.0,0
race_score>=0.50_odds_all_top2_by_expected_roi,793,1586,158600,0,-158600,0.0,0,0.0,0.0,0.6056784390921905,0.5001748065414573,6594.231147540983,6732.25,12.812438305147635,2.689353806418529,0.0,0
race_score>=0.50_odds_all_ev>=0.8_top2,793,1586,158600,0,-158600,0.0,0,0.0,0.0,0.6056784390921905,0.5001748065414573,6594.231147540983,6732.25,12.812438305147635,2.689353806418529,0.0,0
race_score>=0.50_odds_all_ev>=1.0_top2,793,1586,158600,0,-158600,0.0,0,0.0,0.0,0.6056784390921905,0.5001748065414573,6594.231147540983,6732.25,12.812438305147635,2.689353806418529,0.0,0
race_score>=0.50_odds_all_ev>=1.2_top2,793,1586,158600,0,-158600,0.0,0,0.0,0.0,0.6056784390921905,0.5001748065414573,6594.231147540983,6732.25,12.812438305147635,2.689353806418529,0.0,0
race_score>=0.50_odds_all_ev>=1.5_top2,793,1586,158600,0,-158600,0.0,0,0.0,0.0,0.6056784390921905,0.5001748065414573,6594.231147540983,6732.25,12.812438305147635,2.689353806418529,0.0,0
race_score>=0.50_odds_all_ev>=2.0_top2,793,1586,158600,0,-158600,0.0,0,0.0,0.0,0.6056784390921905,0.5001748065414573,6594.231147540983,6732.25,12.812438305147635,2.689353806418529,0.0,0
race_score>=0.50_odds_30plus_top2_by_value_score,793,1586,158600,0,-158600,0.0,0,0.0,0.0,0.6056784390921905,0.5001748065414573,6594.231147540983,6732.25,12.812438305147635,2.689353806418529,0.0,0
race_score>=0.50_odds_30plus_top2_by_expected_roi,793,1586,158600,0,-158600,0.0,0,0.0,0.0,0.6056784390921905,0.5001748065414573,6594.231147540983,6732.25,12.812438305147635,2.689353806418529,0.0,0
race_score>=0.50_odds_30plus_ev>=0.8_top2,793,1586,158600,0,-158600,0.0,0,0.0,0.0,0.6056784390921905,0.5001748065414573,6594.231147540983,6732.25,12.812438305147635,2.689353806418529,0.0,0
race_score>=0.50_odds_30plus_ev>=1.0_top2,793,1586,158600,0,-158600,0.0,0,0.0,0.0,0.6056784390921905,0.5001748065414573,6594.231147540983,6732.25,12.812438305147635,2.689353806418529,0.0,0
race_score>=0.50_odds_30plus_ev>=1.2_top2,793,1586,158600,0,-158600,0.0,0,0.0,0.0,0.6056784390921905,0.5001748065414573,6594.231147540983,6732.25,12.812438305147635,2.689353806418529,0.0,0
race_score>=0.50_odds_30plus_ev>=1.5_top2,793,1586,158600,0,-158600,0.0,0,0.0,0.0,0.6056784390921905,0.5001748065414573,6594.231147540983,6732.25,12.812438305147635,2.689353806418529,0.0,0
race_score>=0.50_odds_30plus_ev>=2.0_top2,793,1586,158600,0,-158600,0.0,0,0.0,0.0,0.6056784390921905,0.5001748065414573,6594.231147540983,6732.25,12.812438305147635,2.689353806418529,0.0,0
race_score>=0.50_odds_50plus_top2_by_value_score,793,1586,158600,0,-158600,0.0,0,0.0,0.0,0.6056784390921905,0.5001748065414573,6594.231147540983,6732.25,12.812438305147635,2.689353806418529,0.0,0
race_score>=0.50_odds_50plus_top2_by_expected_roi,793,1586,158600,0,-158600,0.0,0,0.0,0.0,0.6056784390921905,0.5001748065414573,6594.231147540983,6732.25,12.812438305147635,2.689353806418529,0.0,0
race_score>=0.50_odds_50plus_ev>=0.8_top2,793,1586,158600,0,-158600,0.0,0,0.0,0.0,0.6056784390921905,0.5001748065414573,6594.231147540983,6732.25,12.812438305147635,2.689353806418529,0.0,0
race_score>=0.50_odds_50plus_ev>=1.0_top2,793,1586,158600,0,-158600,0.0,0,0.0,0.0,0.6056784390921905,0.5001748065414573,6594.231147540983,6732.25,12.812438305147635,2.689353806418529,0.0,0
race_score>=0.50_odds_50plus_ev>=1.2_top2,793,1586,158600,0,-158600,0.0,0,0.0,0.0,0.6056784390921905,0.5001748065414573,6594.231147540983,6732.25,12.812438305147635,2.689353806418529,0.0,0
race_score>=0.50_odds_50plus_ev>=1.5_top2,793,1586,158600,0,-158600,0.0,0,0.0,0.0,0.6056784390921905,0.5001748065414573,6594.231147540983,6732.25,12.812438305147635,2.689353806418529,0.0,0
race_score>=0.50_odds_50plus_ev>=2.0_top2,793,1586,158600,0,-158600,0.0,0,0.0,0.0,0.6056784390921905,0.5001748065414573,6594.231147540983,6732.25,12.812438305147635,2.689353806418529,0.0,0
race_score>=0.50_odds_100plus_top2_by_value_score,793,1586,158600,0,-158600,0.0,0,0.0,0.0,0.6056784390921905,0.5001748065414573,6594.231147540983,6732.25,12.812438305147635,2.689353806418529,0.0,0
race_score>=0.50_odds_100plus_top2_by_expected_roi,793,1586,158600,0,-158600,0.0,0,0.0,0.0,0.6056784390921905,0.5001748065414573,6594.231147540983,6732.25,12.812438305147635,2.689353806418529,0.0,0
race_score>=0.50_odds_100plus_ev>=0.8_top2,793,1586,158600,0,-158600,0.0,0,0.0,0.0,0.6056784390921905,0.5001748065414573,6594.231147540983,6732.25,12.812438305147635,2.689353806418529,0.0,0
race_score>=0.50_odds_100plus_ev>=1.0_top2,793,1586,158600,0,-158600,0.0,0,0.0,0.0,0.6056784390921905,0.5001748065414573,6594.231147540983,6732.25,12.812438305147635,2.689353806418529,0.0,0
race_score>=0.50_odds_100plus_ev>=1.2_top2,793,1586,158600,0,-158600,0.0,0,0.0,0.0,0.6056784390921905,0.5001748065414573,6594.231147540983,6732.25,12.812438305147635,2.689353806418529,0.0,0
race_score>=0.50_odds_100plus_ev>=1.5_top2,793,1586,158600,0,-158600,0.0,0,0.0,0.0,0.6056784390921905,0.5001748065414573,6594.231147540983,6732.25,12.812438305147635,2.689353806418529,0.0,0
race_score>=0.50_odds_100plus_ev>=2.0_top2,793,1586,158600,0,-158600,0.0,0,0.0,0.0,0.6056784390921905,0.5001748065414573,6594.231147540983,6732.25,12.812438305147635,2.689353806418529,0.0,0
race_score>=0.50_odds_all_ev>=3.0_top2,793,1584,158400,0,-158400,0.0,0,0.0,0.0,0.6057628406655978,0.5001748065414573,6601.73529040404,6737.299999999999,12.825072770580038,3.1437656078847573,0.0,0
race_score>=0.50_odds_30plus_ev>=3.0_top2,793,1584,158400,0,-158400,0.0,0,0.0,0.0,0.6057628406655978,0.5001748065414573,6601.73529040404,6737.299999999999,12.825072770580038,3.1437656078847573,0.0,0
race_score>=0.50_odds_50plus_ev>=3.0_top2,793,1584,158400,0,-158400,0.0,0,0.0,0.0,0.6057628406655978,0.5001748065414573,6601.73529040404,6737.299999999999,12.825072770580038,3.1437656078847573,0.0,0
race_score>=0.50_odds_100plus_ev>=3.0_top2,793,1584,158400,0,-158400,0.0,0,0.0,0.0,0.6057628406655978,0.5001748065414573,6601.73529040404,6737.299999999999,12.825072770580038,3.1437656078847573,0.0,0
race_score>=0.50_odds_all_top1_by_value_score,793,793,79300,0,-79300,0.0,0,0.0,0.0,0.6056784390921904,0.5001748065414573,6724.163556116014,6894.3,13.366237750925876,3.1437656078847573,0.0,0
race_score>=0.50_odds_all_top1_by_expected_roi,793,793,79300,0,-79300,0.0,0,0.0,0.0,0.6056784390921904,0.5001748065414573,6724.163556116014,6894.3,13.366237750925876,3.1437656078847573,0.0,0
race_score>=0.50_odds_all_ev>=0.8_top1,793,793,79300,0,-79300,0.0,0,0.0,0.0,0.6056784390921904,0.5001748065414573,6724.163556116014,6894.3,13.366237750925876,3.1437656078847573,0.0,0
race_score>=0.50_odds_all_ev>=1.0_top1,793,793,79300,0,-79300,0.0,0,0.0,0.0,0.6056784390921904,0.5001748065414573,6724.163556116014,6894.3,13.366237750925876,3.1437656078847573,0.0,0
race_score>=0.50_odds_all_ev>=1.2_top1,793,793,79300,0,-79300,0.0,0,0.0,0.0,0.6056784390921904,0.5001748065414573,6724.163556116014,6894.3,13.366237750925876,3.1437656078847573,0.0,0
race_score>=0.50_odds_all_ev>=1.5_top1,793,793,79300,0,-79300,0.0,0,0.0,0.0,0.6056784390921904,0.5001748065414573,6724.163556116014,6894.3,13.366237750925876,3.1437656078847573,0.0,0
race_score>=0.50_odds_all_ev>=2.0_top1,793,793,79300,0,-79300,0.0,0,0.0,0.0,0.6056784390921904,0.5001748065414573,6724.163556116014,6894.3,13.366237750925876,3.1437656078847573,0.0,0
race_score>=0.50_odds_all_ev>=3.0_top1,793,793,79300,0,-79300,0.0,0,0.0,0.0,0.6056784390921904,0.5001748065414573,6724.163556116014,6894.3,13.366237750925876,3.1437656078847573,0.0,0
race_score>=0.50_odds_30plus_top1_by_value_score,793,793,79300,0,-79300,0.0,0,0.0,0.0,0.6056784390921904,0.5001748065414573,6724.163556116014,6894.3,13.366237750925876,3.1437656078847573,0.0,0
race_score>=0.50_odds_30plus_top1_by_expected_roi,793,793,79300,0,-79300,0.0,0,0.0,0.0,0.6056784390921904,0.5001748065414573,6724.163556116014,6894.3,13.366237750925876,3.1437656078847573,0.0,0
race_score>=0.50_odds_30plus_ev>=0.8_top1,793,793,79300,0,-79300,0.0,0,0.0,0.0,0.6056784390921904,0.5001748065414573,6724.163556116014,6894.3,13.366237750925876,3.1437656078847573,0.0,0
race_score>=0.50_odds_30plus_ev>=1.0_top1,793,793,79300,0,-79300,0.0,0,0.0,0.0,0.6056784390921904,0.5001748065414573,6724.163556116014,6894.3,13.366237750925876,3.1437656078847573,0.0,0
race_score>=0.50_odds_30plus_ev>=1.2_top1,793,793,79300,0,-79300,0.0,0,0.0,0.0,0.6056784390921904,0.5001748065414573,6724.163556116014,6894.3,13.366237750925876,3.1437656078847573,0.0,0
race_score>=0.50_odds_30plus_ev>=1.5_top1,793,793,79300,0,-79300,0.0,0,0.0,0.0,0.6056784390921904,0.5001748065414573,6724.163556116014,6894.3,13.366237750925876,3.1437656078847573,0.0,0
race_score>=0.50_odds_30plus_ev>=2.0_top1,793,793,79300,0,-79300,0.0,0,0.0,0.0,0.6056784390921904,0.5001748065414573,6724.163556116014,6894.3,13.366237750925876,3.1437656078847573,0.0,0
race_score>=0.50_odds_30plus_ev>=3.0_top1,793,793,79300,0,-79300,0.0,0,0.0,0.0,0.6056784390921904,0.5001748065414573,6724.163556116014,6894.3,13.366237750925876,3.1437656078847573,0.0,0
race_score>=0.50_odds_50plus_top1_by_value_score,793,793,79300,0,-79300,0.0,0,0.0,0.0,0.6056784390921904,0.5001748065414573,6724.163556116014,6894.3,13.366237750925876,3.1437656078847573,0.0,0
race_score>=0.50_odds_50plus_top1_by_expected_roi,793,793,79300,0,-79300,0.0,0,0.0,0.0,0.6056784390921904,0.5001748065414573,6724.163556116014,6894.3,13.366237750925876,3.1437656078847573,0.0,0
race_score>=0.50_odds_50plus_ev>=0.8_top1,793,793,79300,0,-79300,0.0,0,0.0,0.0,0.6056784390921904,0.5001748065414573,6724.163556116014,6894.3,13.366237750925876,3.1437656078847573,0.0,0
race_score>=0.50_odds_50plus_ev>=1.0_top1,793,793,79300,0,-79300,0.0,0,0.0,0.0,0.6056784390921904,0.5001748065414573,6724.163556116014,6894.3,13.366237750925876,3.1437656078847573,0.0,0
race_score>=0.50_odds_50plus_ev>=1.2_top1,793,793,79300,0,-79300,0.0,0,0.0,0.0,0.6056784390921904,0.5001748065414573,6724.163556116014,6894.3,13.366237750925876,3.1437656078847573,0.0,0
race_score>=0.50_odds_50plus_ev>=1.5_top1,793,793,79300,0,-79300,0.0,0,0.0,0.0,0.6056784390921904,0.5001748065414573,6724.163556116014,6894.3,13.366237750925876,3.1437656078847573,0.0,0
race_score>=0.50_odds_50plus_ev>=2.0_top1,793,793,79300,0,-79300,0.0,0,0.0,0.0,0.6056784390921904,0.5001748065414573,6724.163556116014,6894.3,13.366237750925876,3.1437656078847573,0.0,0
race_score>=0.50_odds_50plus_ev>=3.0_top1,793,793,79300,0,-79300,0.0,0,0.0,0.0,0.6056784390921904,0.5001748065414573,6724.163556116014,6894.3,13.366237750925876,3.1437656078847573,0.0,0
race_score>=0.50_odds_100plus_top1_by_value_score,793,793,79300,0,-79300,0.0,0,0.0,0.0,0.6056784390921904,0.5001748065414573,6724.163556116014,6894.3,13.366237750925876,3.1437656078847573,0.0,0
race_score>=0.50_odds_100plus_top1_by_expected_roi,793,793,79300,0,-79300,0.0,0,0.0,0.0,0.6056784390921904,0.5001748065414573,6724.163556116014,6894.3,13.366237750925876,3.1437656078847573,0.0,0
race_score>=0.50_odds_100plus_ev>=0.8_top1,793,793,79300,0,-79300,0.0,0,0.0,0.0,0.6056784390921904,0.5001748065414573,6724.163556116014,6894.3,13.366237750925876,3.1437656078847573,0.0,0
race_score>=0.50_odds_100plus_ev>=1.0_top1,793,793,79300,0,-79300,0.0,0,0.0,0.0,0.6056784390921904,0.5001748065414573,6724.163556116014,6894.3,13.366237750925876,3.1437656078847573,0.0,0
race_score>=0.50_odds_100plus_ev>=1.2_top1,793,793,79300,0,-79300,0.0,0,0.0,0.0,0.6056784390921904,0.5001748065414573,6724.163556116014,6894.3,13.366237750925876,3.1437656078847573,0.0,0
race_score>=0.50_odds_100plus_ev>=1.5_top1,793,793,79300,0,-79300,0.0,0,0.0,0.0,0.6056784390921904,0.5001748065414573,6724.163556116014,6894.3,13.366237750925876,3.1437656078847573,0.0,0
race_score>=0.50_odds_100plus_ev>=2.0_top1,793,793,79300,0,-79300,0.0,0,0.0,0.0,0.6056784390921904,0.5001748065414573,6724.163556116014,6894.3,13.366237750925876,3.1437656078847573,0.0,0
race_score>=0.50_odds_100plus_ev>=3.0_top1,793,793,79300,0,-79300,0.0,0,0.0,0.0,0.6056784390921904,0.5001748065414573,6724.163556116014,6894.3,13.366237750925876,3.1437656078847573,0.0,0
race_score>=0.50_odds_30_500_top1_by_value_score,793,793,79300,0,-79300,0.0,0,0.0,0.0,0.6056784390921904,0.5001748065414573,441.24174022698617,453.7,2.5103265331484175,1.2422168797488506,0.0,0
race_score>=0.50_odds_30_500_top1_by_expected_roi,793,793,79300,0,-79300,0.0,0,0.0,0.0,0.6056784390921904,0.5001748065414573,441.24174022698617,453.7,2.5103265331484175,1.2422168797488506,0.0,0
race_score>=0.50_odds_30_500_ev>=0.8_top1,793,793,79300,0,-79300,0.0,0,0.0,0.0,0.6056784390921904,0.5001748065414573,441.24174022698617,453.7,2.5103265331484175,1.2422168797488506,0.0,0
race_score>=0.50_odds_30_500_ev>=1.0_top1,793,793,79300,0,-79300,0.0,0,0.0,0.0,0.6056784390921904,0.5001748065414573,441.24174022698617,453.7,2.5103265331484175,1.2422168797488506,0.0,0
race_score>=0.50_odds_30_500_ev>=1.2_top1,793,793,79300,0,-79300,0.0,0,0.0,0.0,0.6056784390921904,0.5001748065414573,441.24174022698617,453.7,2.5103265331484175,1.2422168797488506,0.0,0
race_score>=0.50_odds_50_500_top1_by_value_score,793,793,79300,0,-79300,0.0,0,0.0,0.0,0.6056784390921904,0.5001748065414573,441.24174022698617,453.7,2.5103265331484175,1.2422168797488506,0.0,0
race_score>=0.50_odds_50_500_top1_by_expected_roi,793,793,79300,0,-79300,0.0,0,0.0,0.0,0.6056784390921904,0.5001748065414573,441.24174022698617,453.7,2.5103265331484175,1.2422168797488506,0.0,0
race_score>=0.50_odds_50_500_ev>=0.8_top1,793,793,79300,0,-79300,0.0,0,0.0,0.0,0.6056784390921904,0.5001748065414573,441.24174022698617,453.7,2.5103265331484175,1.2422168797488506,0.0,0
race_score>=0.50_odds_50_500_ev>=1.0_top1,793,793,79300,0,-79300,0.0,0,0.0,0.0,0.6056784390921904,0.5001748065414573,441.24174022698617,453.7,2.5103265331484175,1.2422168797488506,0.0,0
race_score>=0.50_odds_50_500_ev>=1.2_top1,793,793,79300,0,-79300,0.0,0,0.0,0.0,0.6056784390921904,0.5001748065414573,441.24174022698617,453.7,2.5103265331484175,1.2422168797488506,0.0,0
race_score>=0.50_odds_30_500_ev>=1.5_top3,779,2256,225600,0,-225600,0.0,0,0.0,0.0,0.6017759434867619,0.5001748065414573,423.40097517730493,436.45,2.314175180879436,1.5003247251767846,0.0,0
race_score>=0.50_odds_50_500_ev>=1.5_top3,779,2256,225600,0,-225600,0.0,0,0.0,0.0,0.6017759434867619,0.5001748065414573,423.40097517730493,436.45,2.314175180879436,1.5003247251767846,0.0,0
race_score>=0.50_odds_30_500_ev>=1.5_top2,779,1533,153300,0,-153300,0.0,0,0.0,0.0,0.60283777845245,0.5001748065414573,430.957273320287,443.8,2.4051553582562075,1.5003247251767846,0.0,0
race_score>=0.50_odds_50_500_ev>=1.5_top2,779,1533,153300,0,-153300,0.0,0,0.0,0.0,0.60283777845245,0.5001748065414573,430.957273320287,443.8,2.4051553582562075,1.5003247251767846,0.0,0
race_score>=0.50_odds_30_500_ev>=1.5_top1,779,779,77900,0,-77900,0.0,0,0.0,0.0,0.6040299810041205,0.5001748065414573,440.9549422336329,453.4,2.5305181097598655,1.5120515160145482,0.0,0
race_score>=0.50_odds_50_500_ev>=1.5_top1,779,779,77900,0,-77900,0.0,0,0.0,0.0,0.6040299810041205,0.5001748065414573,440.9549422336329,453.4,2.5305181097598655,1.5120515160145482,0.0,0
race_score>=0.50_odds_30_500_ev>=2.0_top5,625,2072,207200,0,-207200,0.0,0,0.0,0.0,0.5810351776526514,0.5001748065414573,415.7403957528957,429.2,2.508180810945639,2.0003012104430407,0.0,0
race_score>=0.50_odds_50_500_ev>=2.0_top5,625,2072,207200,0,-207200,0.0,0,0.0,0.0,0.5810351776526514,0.5001748065414573,415.7403957528957,429.2,2.508180810945639,2.0003012104430407,0.0,0
race_score>=0.50_odds_30_500_ev>=2.0_top3,625,1521,152100,0,-152100,0.0,0,0.0,0.0,0.5860445749121391,0.5001748065414573,423.76738987508213,437.3,2.575341052002932,2.0009439525030115,0.0,0
race_score>=0.50_odds_50_500_ev>=2.0_top3,625,1521,152100,0,-152100,0.0,0,0.0,0.0,0.5860445749121391,0.5001748065414573,423.76738987508213,437.3,2.575341052002932,2.0009439525030115,0.0,0
race_score>=0.50_odds_30_500_ev>=2.0_top2,625,1128,112800,0,-112800,0.0,0,0.0,0.0,0.5894670414684536,0.5001748065414573,430.384219858156,443.9,2.630868614314382,2.002083788365323,0.0,0
race_score>=0.50_odds_50_500_ev>=2.0_top2,625,1128,112800,0,-112800,0.0,0,0.0,0.0,0.5894670414684536,0.5001748065414573,430.384219858156,443.9,2.630868614314382,2.002083788365323,0.0,0
race_score>=0.50_odds_30_500_ev>=2.0_top1,625,625,62500,0,-62500,0.0,0,0.0,0.0,0.5929398855335019,0.5001748065414573,440.15024000000005,452.0,2.7135571116955464,2.006306579066755,0.0,0
race_score>=0.50_odds_50_500_ev>=2.0_top1,625,625,62500,0,-62500,0.0,0,0.0,0.0,0.5929398855335019,0.5001748065414573,440.15024000000005,452.0,2.7135571116955464,2.006306579066755,0.0,0
race_score>=0.55_odds_all_top30_by_value_score,575,17250,1725000,0,-1725000,0.0,0,0.0,0.0,0.636014344715647,0.5502825174254746,5796.771571014492,5499.4,8.99822002022265,2.842590457970113,0.0,0
race_score>=0.55_odds_all_top30_by_expected_roi,575,17250,1725000,0,-1725000,0.0,0,0.0,0.0,0.636014344715647,0.5502825174254746,5796.771571014492,5499.4,8.99822002022265,2.842590457970113,0.0,0
race_score>=0.55_odds_30plus_top30_by_value_score,575,17250,1725000,0,-1725000,0.0,0,0.0,0.0,0.636014344715647,0.5502825174254746,5796.771571014492,5499.4,8.99822002022265,2.842590457970113,0.0,0
race_score>=0.55_odds_30plus_top30_by_expected_roi,575,17250,1725000,0,-1725000,0.0,0,0.0,0.0,0.636014344715647,0.5502825174254746,5796.771571014492,5499.4,8.99822002022265,2.842590457970113,0.0,0
race_score>=0.55_odds_50plus_top30_by_value_score,575,17250,1725000,0,-1725000,0.0,0,0.0,0.0,0.636014344715647,0.5502825174254746,5796.771571014492,5499.4,8.99822002022265,2.842590457970113,0.0,0
race_score>=0.55_odds_50plus_top30_by_expected_roi,575,17250,1725000,0,-1725000,0.0,0,0.0,0.0,0.636014344715647,0.5502825174254746,5796.771571014492,5499.4,8.99822002022265,2.842590457970113,0.0,0
race_score>=0.55_odds_100plus_top30_by_value_score,575,17250,1725000,0,-1725000,0.0,0,0.0,0.0,0.636014344715647,0.5502825174254746,5796.771571014492,5499.4,8.99822002022265,2.842590457970113,0.0,0
race_score>=0.55_odds_100plus_top30_by_expected_roi,575,17250,1725000,0,-1725000,0.0,0,0.0,0.0,0.636014344715647,0.5502825174254746,5796.771571014492,5499.4,8.99822002022265,2.842590457970113,0.0,0
race_score>=0.55_odds_all_top20_by_value_score,575,11500,1150000,0,-1150000,0.0,0,0.0,0.0,0.636014344715647,0.5502825174254746,5971.240695652174,5727.950000000001,9.685396647027606,3.0893577943694908,0.0,0
race_score>=0.55_odds_all_top20_by_expected_roi,575,11500,1150000,0,-1150000,0.0,0,0.0,0.0,0.636014344715647,0.5502825174254746,5971.240695652174,5727.950000000001,9.685396647027606,3.0893577943694908,0.0,0
race_score>=0.55_odds_30plus_top20_by_value_score,575,11500,1150000,0,-1150000,0.0,0,0.0,0.0,0.636014344715647,0.5502825174254746,5971.240695652174,5727.950000000001,9.685396647027606,3.0893577943694908,0.0,0
race_score>=0.55_odds_30plus_top20_by_expected_roi,575,11500,1150000,0,-1150000,0.0,0,0.0,0.0,0.636014344715647,0.5502825174254746,5971.240695652174,5727.950000000001,9.685396647027606,3.0893577943694908,0.0,0
race_score>=0.55_odds_50plus_top20_by_value_score,575,11500,1150000,0,-1150000,0.0,0,0.0,0.0,0.636014344715647,0.5502825174254746,5971.240695652174,5727.950000000001,9.685396647027606,3.0893577943694908,0.0,0
race_score>=0.55_odds_50plus_top20_by_expected_roi,575,11500,1150000,0,-1150000,0.0,0,0.0,0.0,0.636014344715647,0.5502825174254746,5971.240695652174,5727.950000000001,9.685396647027606,3.0893577943694908,0.0,0
race_score>=0.55_odds_100plus_top20_by_value_score,575,11500,1150000,0,-1150000,0.0,0,0.0,0.0,0.636014344715647,0.5502825174254746,5971.240695652174,5727.950000000001,9.685396647027606,3.0893577943694908,0.0,0
race_score>=0.55_odds_100plus_top20_by_expected_roi,575,11500,1150000,0,-1150000,0.0,0,0.0,0.0,0.636014344715647,0.5502825174254746,5971.240695652174,5727.950000000001,9.685396647027606,3.0893577943694908,0.0,0
race_score>=0.55_odds_all_top10_by_value_score,575,5750,575000,0,-575000,0.0,0,0.0,0.0,0.636014344715647,0.5502825174254746,6171.266991304348,6047.5,10.766735255574066,3.5803480635620524,0.0,0
race_score>=0.55_odds_all_top10_by_expected_roi,575,5750,575000,0,-575000,0.0,0,0.0,0.0,0.636014344715647,0.5502825174254746,6171.266991304348,6047.5,10.766735255574066,3.5803480635620524,0.0,0
race_score>=0.55_odds_30plus_top10_by_value_score,575,5750,575000,0,-575000,0.0,0,0.0,0.0,0.636014344715647,0.5502825174254746,6171.266991304348,6047.5,10.766735255574066,3.5803480635620524,0.0,0
race_score>=0.55_odds_30plus_top10_by_expected_roi,575,5750,575000,0,-575000,0.0,0,0.0,0.0,0.636014344715647,0.5502825174254746,6171.266991304348,6047.5,10.766735255574066,3.5803480635620524,0.0,0
race_score>=0.55_odds_50plus_top10_by_value_score,575,5750,575000,0,-575000,0.0,0,0.0,0.0,0.636014344715647,0.5502825174254746,6171.266991304348,6047.5,10.766735255574066,3.5803480635620524,0.0,0
race_score>=0.55_odds_50plus_top10_by_expected_roi,575,5750,575000,0,-575000,0.0,0,0.0,0.0,0.636014344715647,0.5502825174254746,6171.266991304348,6047.5,10.766735255574066,3.5803480635620524,0.0,0
race_score>=0.55_odds_100plus_top10_by_value_score,575,5750,575000,0,-575000,0.0,0,0.0,0.0,0.636014344715647,0.5502825174254746,6171.266991304348,6047.5,10.766735255574066,3.5803480635620524,0.0,0
race_score>=0.55_odds_100plus_top10_by_expected_roi,575,5750,575000,0,-575000,0.0,0,0.0,0.0,0.636014344715647,0.5502825174254746,6171.266991304348,6047.5,10.766735255574066,3.5803480635620524,0.0,0
race_score>=0.55_odds_all_top5_by_value_score,575,2875,287500,0,-287500,0.0,0,0.0,0.0,0.636014344715647,0.5502825174254746,6353.080034782609,6288.2,11.719309152349997,3.9270605714479503,0.0,0
race_score>=0.55_odds_all_top5_by_expected_roi,575,2875,287500,0,-287500,0.0,0,0.0,0.0,0.636014344715647,0.5502825174254746,6353.080034782609,6288.2,11.719309152349997,3.9270605714479503,0.0,0
race_score>=0.55_odds_all_ev>=0.8_top5,575,2875,287500,0,-287500,0.0,0,0.0,0.0,0.636014344715647,0.5502825174254746,6353.080034782609,6288.2,11.719309152349997,3.9270605714479503,0.0,0
race_score>=0.55_odds_all_ev>=1.0_top5,575,2875,287500,0,-287500,0.0,0,0.0,0.0,0.636014344715647,0.5502825174254746,6353.080034782609,6288.2,11.719309152349997,3.9270605714479503,0.0,0
race_score>=0.55_odds_all_ev>=1.2_top5,575,2875,287500,0,-287500,0.0,0,0.0,0.0,0.636014344715647,0.5502825174254746,6353.080034782609,6288.2,11.719309152349997,3.9270605714479503,0.0,0
race_score>=0.55_odds_all_ev>=1.5_top5,575,2875,287500,0,-287500,0.0,0,0.0,0.0,0.636014344715647,0.5502825174254746,6353.080034782609,6288.2,11.719309152349997,3.9270605714479503,0.0,0
race_score>=0.55_odds_all_ev>=2.0_top5,575,2875,287500,0,-287500,0.0,0,0.0,0.0,0.636014344715647,0.5502825174254746,6353.080034782609,6288.2,11.719309152349997,3.9270605714479503,0.0,0
race_score>=0.55_odds_all_ev>=3.0_top5,575,2875,287500,0,-287500,0.0,0,0.0,0.0,0.636014344715647,0.5502825174254746,6353.080034782609,6288.2,11.719309152349997,3.9270605714479503,0.0,0
race_score>=0.55_odds_30plus_top5_by_value_score,575,2875,287500,0,-287500,0.0,0,0.0,0.0,0.636014344715647,0.5502825174254746,6353.080034782609,6288.2,11.719309152349997,3.9270605714479503,0.0,0
race_score>=0.55_odds_30plus_top5_by_expected_roi,575,2875,287500,0,-287500,0.0,0,0.0,0.0,0.636014344715647,0.5502825174254746,6353.080034782609,6288.2,11.719309152349997,3.9270605714479503,0.0,0
race_score>=0.55_odds_30plus_ev>=0.8_top5,575,2875,287500,0,-287500,0.0,0,0.0,0.0,0.636014344715647,0.5502825174254746,6353.080034782609,6288.2,11.719309152349997,3.9270605714479503,0.0,0
race_score>=0.55_odds_30plus_ev>=1.0_top5,575,2875,287500,0,-287500,0.0,0,0.0,0.0,0.636014344715647,0.5502825174254746,6353.080034782609,6288.2,11.719309152349997,3.9270605714479503,0.0,0
race_score>=0.55_odds_30plus_ev>=1.2_top5,575,2875,287500,0,-287500,0.0,0,0.0,0.0,0.636014344715647,0.5502825174254746,6353.080034782609,6288.2,11.719309152349997,3.9270605714479503,0.0,0
race_score>=0.55_odds_30plus_ev>=1.5_top5,575,2875,287500,0,-287500,0.0,0,0.0,0.0,0.636014344715647,0.5502825174254746,6353.080034782609,6288.2,11.719309152349997,3.9270605714479503,0.0,0
race_score>=0.55_odds_30plus_ev>=2.0_top5,575,2875,287500,0,-287500,0.0,0,0.0,0.0,0.636014344715647,0.5502825174254746,6353.080034782609,6288.2,11.719309152349997,3.9270605714479503,0.0,0
race_score>=0.55_odds_30plus_ev>=3.0_top5,575,2875,287500,0,-287500,0.0,0,0.0,0.0,0.636014344715647,0.5502825174254746,6353.080034782609,6288.2,11.719309152349997,3.9270605714479503,0.0,0
race_score>=0.55_odds_50plus_top5_by_value_score,575,2875,287500,0,-287500,0.0,0,0.0,0.0,0.636014344715647,0.5502825174254746,6353.080034782609,6288.2,11.719309152349997,3.9270605714479503,0.0,0
race_score>=0.55_odds_50plus_top5_by_expected_roi,575,2875,287500,0,-287500,0.0,0,0.0,0.0,0.636014344715647,0.5502825174254746,6353.080034782609,6288.2,11.719309152349997,3.9270605714479503,0.0,0
race_score>=0.55_odds_50plus_ev>=0.8_top5,575,2875,287500,0,-287500,0.0,0,0.0,0.0,0.636014344715647,0.5502825174254746,6353.080034782609,6288.2,11.719309152349997,3.9270605714479503,0.0,0
race_score>=0.55_odds_50plus_ev>=1.0_top5,575,2875,287500,0,-287500,0.0,0,0.0,0.0,0.636014344715647,0.5502825174254746,6353.080034782609,6288.2,11.719309152349997,3.9270605714479503,0.0,0
race_score>=0.55_odds_50plus_ev>=1.2_top5,575,2875,287500,0,-287500,0.0,0,0.0,0.0,0.636014344715647,0.5502825174254746,6353.080034782609,6288.2,11.719309152349997,3.9270605714479503,0.0,0
race_score>=0.55_odds_50plus_ev>=1.5_top5,575,2875,287500,0,-287500,0.0,0,0.0,0.0,0.636014344715647,0.5502825174254746,6353.080034782609,6288.2,11.719309152349997,3.9270605714479503,0.0,0
race_score>=0.55_odds_50plus_ev>=2.0_top5,575,2875,287500,0,-287500,0.0,0,0.0,0.0,0.636014344715647,0.5502825174254746,6353.080034782609,6288.2,11.719309152349997,3.9270605714479503,0.0,0
race_score>=0.55_odds_50plus_ev>=3.0_top5,575,2875,287500,0,-287500,0.0,0,0.0,0.0,0.636014344715647,0.5502825174254746,6353.080034782609,6288.2,11.719309152349997,3.9270605714479503,0.0,0
race_score>=0.55_odds_100plus_top5_by_value_score,575,2875,287500,0,-287500,0.0,0,0.0,0.0,0.636014344715647,0.5502825174254746,6353.080034782609,6288.2,11.719309152349997,3.9270605714479503,0.0,0
race_score>=0.55_odds_100plus_top5_by_expected_roi,575,2875,287500,0,-287500,0.0,0,0.0,0.0,0.636014344715647,0.5502825174254746,6353.080034782609,6288.2,11.719309152349997,3.9270605714479503,0.0,0
race_score>=0.55_odds_100plus_ev>=0.8_top5,575,2875,287500,0,-287500,0.0,0,0.0,0.0,0.636014344715647,0.5502825174254746,6353.080034782609,6288.2,11.719309152349997,3.9270605714479503,0.0,0
race_score>=0.55_odds_100plus_ev>=1.0_top5,575,2875,287500,0,-287500,0.0,0,0.0,0.0,0.636014344715647,0.5502825174254746,6353.080034782609,6288.2,11.719309152349997,3.9270605714479503,0.0,0
race_score>=0.55_odds_100plus_ev>=1.2_top5,575,2875,287500,0,-287500,0.0,0,0.0,0.0,0.636014344715647,0.5502825174254746,6353.080034782609,6288.2,11.719309152349997,3.9270605714479503,0.0,0
race_score>=0.55_odds_100plus_ev>=1.5_top5,575,2875,287500,0,-287500,0.0,0,0.0,0.0,0.636014344715647,0.5502825174254746,6353.080034782609,6288.2,11.719309152349997,3.9270605714479503,0.0,0
race_score>=0.55_odds_100plus_ev>=2.0_top5,575,2875,287500,0,-287500,0.0,0,0.0,0.0,0.636014344715647,0.5502825174254746,6353.080034782609,6288.2,11.719309152349997,3.9270605714479503,0.0,0
race_score>=0.55_odds_100plus_ev>=3.0_top5,575,2875,287500,0,-287500,0.0,0,0.0,0.0,0.636014344715647,0.5502825174254746,6353.080034782609,6288.2,11.719309152349997,3.9270605714479503,0.0,0
race_score>=0.55_odds_all_top3_by_value_score,575,1725,172500,0,-172500,0.0,0,0.0,0.0,0.636014344715647,0.5502825174254746,6501.820289855073,6516.6,12.337678884545593,4.1402639483836,0.0,0
race_score>=0.55_odds_all_top3_by_expected_roi,575,1725,172500,0,-172500,0.0,0,0.0,0.0,0.636014344715647,0.5502825174254746,6501.820289855073,6516.6,12.337678884545593,4.1402639483836,0.0,0
race_score>=0.55_odds_all_ev>=0.8_top3,575,1725,172500,0,-172500,0.0,0,0.0,0.0,0.636014344715647,0.5502825174254746,6501.820289855073,6516.6,12.337678884545593,4.1402639483836,0.0,0
race_score>=0.55_odds_all_ev>=1.0_top3,575,1725,172500,0,-172500,0.0,0,0.0,0.0,0.636014344715647,0.5502825174254746,6501.820289855073,6516.6,12.337678884545593,4.1402639483836,0.0,0
race_score>=0.55_odds_all_ev>=1.2_top3,575,1725,172500,0,-172500,0.0,0,0.0,0.0,0.636014344715647,0.5502825174254746,6501.820289855073,6516.6,12.337678884545593,4.1402639483836,0.0,0
race_score>=0.55_odds_all_ev>=1.5_top3,575,1725,172500,0,-172500,0.0,0,0.0,0.0,0.636014344715647,0.5502825174254746,6501.820289855073,6516.6,12.337678884545593,4.1402639483836,0.0,0
race_score>=0.55_odds_all_ev>=2.0_top3,575,1725,172500,0,-172500,0.0,0,0.0,0.0,0.636014344715647,0.5502825174254746,6501.820289855073,6516.6,12.337678884545593,4.1402639483836,0.0,0
race_score>=0.55_odds_all_ev>=3.0_top3,575,1725,172500,0,-172500,0.0,0,0.0,0.0,0.636014344715647,0.5502825174254746,6501.820289855073,6516.6,12.337678884545593,4.1402639483836,0.0,0
race_score>=0.55_odds_30plus_top3_by_value_score,575,1725,172500,0,-172500,0.0,0,0.0,0.0,0.636014344715647,0.5502825174254746,6501.820289855073,6516.6,12.337678884545593,4.1402639483836,0.0,0
race_score>=0.55_odds_30plus_top3_by_expected_roi,575,1725,172500,0,-172500,0.0,0,0.0,0.0,0.636014344715647,0.5502825174254746,6501.820289855073,6516.6,12.337678884545593,4.1402639483836,0.0,0
race_score>=0.55_odds_30plus_ev>=0.8_top3,575,1725,172500,0,-172500,0.0,0,0.0,0.0,0.636014344715647,0.5502825174254746,6501.820289855073,6516.6,12.337678884545593,4.1402639483836,0.0,0
race_score>=0.55_odds_30plus_ev>=1.0_top3,575,1725,172500,0,-172500,0.0,0,0.0,0.0,0.636014344715647,0.5502825174254746,6501.820289855073,6516.6,12.337678884545593,4.1402639483836,0.0,0
race_score>=0.55_odds_30plus_ev>=1.2_top3,575,1725,172500,0,-172500,0.0,0,0.0,0.0,0.636014344715647,0.5502825174254746,6501.820289855073,6516.6,12.337678884545593,4.1402639483836,0.0,0
race_score>=0.55_odds_30plus_ev>=1.5_top3,575,1725,172500,0,-172500,0.0,0,0.0,0.0,0.636014344715647,0.5502825174254746,6501.820289855073,6516.6,12.337678884545593,4.1402639483836,0.0,0
race_score>=0.55_odds_30plus_ev>=2.0_top3,575,1725,172500,0,-172500,0.0,0,0.0,0.0,0.636014344715647,0.5502825174254746,6501.820289855073,6516.6,12.337678884545593,4.1402639483836,0.0,0
race_score>=0.55_odds_30plus_ev>=3.0_top3,575,1725,172500,0,-172500,0.0,0,0.0,0.0,0.636014344715647,0.5502825174254746,6501.820289855073,6516.6,12.337678884545593,4.1402639483836,0.0,0
race_score>=0.55_odds_50plus_top3_by_value_score,575,1725,172500,0,-172500,0.0,0,0.0,0.0,0.636014344715647,0.5502825174254746,6501.820289855073,6516.6,12.337678884545593,4.1402639483836,0.0,0
race_score>=0.55_odds_50plus_top3_by_expected_roi,575,1725,172500,0,-172500,0.0,0,0.0,0.0,0.636014344715647,0.5502825174254746,6501.820289855073,6516.6,12.337678884545593,4.1402639483836,0.0,0
race_score>=0.55_odds_50plus_ev>=0.8_top3,575,1725,172500,0,-172500,0.0,0,0.0,0.0,0.636014344715647,0.5502825174254746,6501.820289855073,6516.6,12.337678884545593,4.1402639483836,0.0,0
race_score>=0.55_odds_50plus_ev>=1.0_top3,575,1725,172500,0,-172500,0.0,0,0.0,0.0,0.636014344715647,0.5502825174254746,6501.820289855073,6516.6,12.337678884545593,4.1402639483836,0.0,0
race_score>=0.55_odds_50plus_ev>=1.2_top3,575,1725,172500,0,-172500,0.0,0,0.0,0.0,0.636014344715647,0.5502825174254746,6501.820289855073,6516.6,12.337678884545593,4.1402639483836,0.0,0
race_score>=0.55_odds_50plus_ev>=1.5_top3,575,1725,172500,0,-172500,0.0,0,0.0,0.0,0.636014344715647,0.5502825174254746,6501.820289855073,6516.6,12.337678884545593,4.1402639483836,0.0,0
race_score>=0.55_odds_50plus_ev>=2.0_top3,575,1725,172500,0,-172500,0.0,0,0.0,0.0,0.636014344715647,0.5502825174254746,6501.820289855073,6516.6,12.337678884545593,4.1402639483836,0.0,0
race_score>=0.55_odds_50plus_ev>=3.0_top3,575,1725,172500,0,-172500,0.0,0,0.0,0.0,0.636014344715647,0.5502825174254746,6501.820289855073,6516.6,12.337678884545593,4.1402639483836,0.0,0
race_score>=0.55_odds_100plus_top3_by_value_score,575,1725,172500,0,-172500,0.0,0,0.0,0.0,0.636014344715647,0.5502825174254746,6501.820289855073,6516.6,12.337678884545593,4.1402639483836,0.0,0
race_score>=0.55_odds_100plus_top3_by_expected_roi,575,1725,172500,0,-172500,0.0,0,0.0,0.0,0.636014344715647,0.5502825174254746,6501.820289855073,6516.6,12.337678884545593,4.1402639483836,0.0,0
race_score>=0.55_odds_100plus_ev>=0.8_top3,575,1725,172500,0,-172500,0.0,0,0.0,0.0,0.636014344715647,0.5502825174254746,6501.820289855073,6516.6,12.337678884545593,4.1402639483836,0.0,0
race_score>=0.55_odds_100plus_ev>=1.0_top3,575,1725,172500,0,-172500,0.0,0,0.0,0.0,0.636014344715647,0.5502825174254746,6501.820289855073,6516.6,12.337678884545593,4.1402639483836,0.0,0
race_score>=0.55_odds_100plus_ev>=1.2_top3,575,1725,172500,0,-172500,0.0,0,0.0,0.0,0.636014344715647,0.5502825174254746,6501.820289855073,6516.6,12.337678884545593,4.1402639483836,0.0,0
race_score>=0.55_odds_100plus_ev>=1.5_top3,575,1725,172500,0,-172500,0.0,0,0.0,0.0,0.636014344715647,0.5502825174254746,6501.820289855073,6516.6,12.337678884545593,4.1402639483836,0.0,0
race_score>=0.55_odds_100plus_ev>=2.0_top3,575,1725,172500,0,-172500,0.0,0,0.0,0.0,0.636014344715647,0.5502825174254746,6501.820289855073,6516.6,12.337678884545593,4.1402639483836,0.0,0
race_score>=0.55_odds_100plus_ev>=3.0_top3,575,1725,172500,0,-172500,0.0,0,0.0,0.0,0.636014344715647,0.5502825174254746,6501.820289855073,6516.6,12.337678884545593,4.1402639483836,0.0,0
race_score>=0.55_odds_all_top2_by_value_score,575,1150,115000,0,-115000,0.0,0,0.0,0.0,0.636014344715647,0.5502825174254746,6610.099652173913,6717.25,12.767410628873437,4.3336548594988935,0.0,0
race_score>=0.55_odds_all_top2_by_expected_roi,575,1150,115000,0,-115000,0.0,0,0.0,0.0,0.636014344715647,0.5502825174254746,6610.099652173913,6717.25,12.767410628873437,4.3336548594988935,0.0,0
race_score>=0.55_odds_all_ev>=0.8_top2,575,1150,115000,0,-115000,0.0,0,0.0,0.0,0.636014344715647,0.5502825174254746,6610.099652173913,6717.25,12.767410628873437,4.3336548594988935,0.0,0
race_score>=0.55_odds_all_ev>=1.0_top2,575,1150,115000,0,-115000,0.0,0,0.0,0.0,0.636014344715647,0.5502825174254746,6610.099652173913,6717.25,12.767410628873437,4.3336548594988935,0.0,0
race_score>=0.55_odds_all_ev>=1.2_top2,575,1150,115000,0,-115000,0.0,0,0.0,0.0,0.636014344715647,0.5502825174254746,6610.099652173913,6717.25,12.767410628873437,4.3336548594988935,0.0,0
race_score>=0.55_odds_all_ev>=1.5_top2,575,1150,115000,0,-115000,0.0,0,0.0,0.0,0.636014344715647,0.5502825174254746,6610.099652173913,6717.25,12.767410628873437,4.3336548594988935,0.0,0
race_score>=0.55_odds_all_ev>=2.0_top2,575,1150,115000,0,-115000,0.0,0,0.0,0.0,0.636014344715647,0.5502825174254746,6610.099652173913,6717.25,12.767410628873437,4.3336548594988935,0.0,0
race_score>=0.55_odds_all_ev>=3.0_top2,575,1150,115000,0,-115000,0.0,0,0.0,0.0,0.636014344715647,0.5502825174254746,6610.099652173913,6717.25,12.767410628873437,4.3336548594988935,0.0,0
race_score>=0.55_odds_30plus_top2_by_value_score,575,1150,115000,0,-115000,0.0,0,0.0,0.0,0.636014344715647,0.5502825174254746,6610.099652173913,6717.25,12.767410628873437,4.3336548594988935,0.0,0
race_score>=0.55_odds_30plus_top2_by_expected_roi,575,1150,115000,0,-115000,0.0,0,0.0,0.0,0.636014344715647,0.5502825174254746,6610.099652173913,6717.25,12.767410628873437,4.3336548594988935,0.0,0
race_score>=0.55_odds_30plus_ev>=0.8_top2,575,1150,115000,0,-115000,0.0,0,0.0,0.0,0.636014344715647,0.5502825174254746,6610.099652173913,6717.25,12.767410628873437,4.3336548594988935,0.0,0
race_score>=0.55_odds_30plus_ev>=1.0_top2,575,1150,115000,0,-115000,0.0,0,0.0,0.0,0.636014344715647,0.5502825174254746,6610.099652173913,6717.25,12.767410628873437,4.3336548594988935,0.0,0
race_score>=0.55_odds_30plus_ev>=1.2_top2,575,1150,115000,0,-115000,0.0,0,0.0,0.0,0.636014344715647,0.5502825174254746,6610.099652173913,6717.25,12.767410628873437,4.3336548594988935,0.0,0
race_score>=0.55_odds_30plus_ev>=1.5_top2,575,1150,115000,0,-115000,0.0,0,0.0,0.0,0.636014344715647,0.5502825174254746,6610.099652173913,6717.25,12.767410628873437,4.3336548594988935,0.0,0
race_score>=0.55_odds_30plus_ev>=2.0_top2,575,1150,115000,0,-115000,0.0,0,0.0,0.0,0.636014344715647,0.5502825174254746,6610.099652173913,6717.25,12.767410628873437,4.3336548594988935,0.0,0
race_score>=0.55_odds_30plus_ev>=3.0_top2,575,1150,115000,0,-115000,0.0,0,0.0,0.0,0.636014344715647,0.5502825174254746,6610.099652173913,6717.25,12.767410628873437,4.3336548594988935,0.0,0
race_score>=0.55_odds_50plus_top2_by_value_score,575,1150,115000,0,-115000,0.0,0,0.0,0.0,0.636014344715647,0.5502825174254746,6610.099652173913,6717.25,12.767410628873437,4.3336548594988935,0.0,0
race_score>=0.55_odds_50plus_top2_by_expected_roi,575,1150,115000,0,-115000,0.0,0,0.0,0.0,0.636014344715647,0.5502825174254746,6610.099652173913,6717.25,12.767410628873437,4.3336548594988935,0.0,0
race_score>=0.55_odds_50plus_ev>=0.8_top2,575,1150,115000,0,-115000,0.0,0,0.0,0.0,0.636014344715647,0.5502825174254746,6610.099652173913,6717.25,12.767410628873437,4.3336548594988935,0.0,0
race_score>=0.55_odds_50plus_ev>=1.0_top2,575,1150,115000,0,-115000,0.0,0,0.0,0.0,0.636014344715647,0.5502825174254746,6610.099652173913,6717.25,12.767410628873437,4.3336548594988935,0.0,0
race_score>=0.55_odds_50plus_ev>=1.2_top2,575,1150,115000,0,-115000,0.0,0,0.0,0.0,0.636014344715647,0.5502825174254746,6610.099652173913,6717.25,12.767410628873437,4.3336548594988935,0.0,0
race_score>=0.55_odds_50plus_ev>=1.5_top2,575,1150,115000,0,-115000,0.0,0,0.0,0.0,0.636014344715647,0.5502825174254746,6610.099652173913,6717.25,12.767410628873437,4.3336548594988935,0.0,0
race_score>=0.55_odds_50plus_ev>=2.0_top2,575,1150,115000,0,-115000,0.0,0,0.0,0.0,0.636014344715647,0.5502825174254746,6610.099652173913,6717.25,12.767410628873437,4.3336548594988935,0.0,0
race_score>=0.55_odds_50plus_ev>=3.0_top2,575,1150,115000,0,-115000,0.0,0,0.0,0.0,0.636014344715647,0.5502825174254746,6610.099652173913,6717.25,12.767410628873437,4.3336548594988935,0.0,0
race_score>=0.55_odds_100plus_top2_by_value_score,575,1150,115000,0,-115000,0.0,0,0.0,0.0,0.636014344715647,0.5502825174254746,6610.099652173913,6717.25,12.767410628873437,4.3336548594988935,0.0,0
race_score>=0.55_odds_100plus_top2_by_expected_roi,575,1150,115000,0,-115000,0.0,0,0.0,0.0,0.636014344715647,0.5502825174254746,6610.099652173913,6717.25,12.767410628873437,4.3336548594988935,0.0,0
race_score>=0.55_odds_100plus_ev>=0.8_top2,575,1150,115000,0,-115000,0.0,0,0.0,0.0,0.636014344715647,0.5502825174254746,6610.099652173913,6717.25,12.767410628873437,4.3336548594988935,0.0,0
race_score>=0.55_odds_100plus_ev>=1.0_top2,575,1150,115000,0,-115000,0.0,0,0.0,0.0,0.636014344715647,0.5502825174254746,6610.099652173913,6717.25,12.767410628873437,4.3336548594988935,0.0,0
race_score>=0.55_odds_100plus_ev>=1.2_top2,575,1150,115000,0,-115000,0.0,0,0.0,0.0,0.636014344715647,0.5502825174254746,6610.099652173913,6717.25,12.767410628873437,4.3336548594988935,0.0,0
race_score>=0.55_odds_100plus_ev>=1.5_top2,575,1150,115000,0,-115000,0.0,0,0.0,0.0,0.636014344715647,0.5502825174254746,6610.099652173913,6717.25,12.767410628873437,4.3336548594988935,0.0,0
race_score>=0.55_odds_100plus_ev>=2.0_top2,575,1150,115000,0,-115000,0.0,0,0.0,0.0,0.636014344715647,0.5502825174254746,6610.099652173913,6717.25,12.767410628873437,4.3336548594988935,0.0,0
race_score>=0.55_odds_100plus_ev>=3.0_top2,575,1150,115000,0,-115000,0.0,0,0.0,0.0,0.636014344715647,0.5502825174254746,6610.099652173913,6717.25,12.767410628873437,4.3336548594988935,0.0,0
race_score>=0.55_odds_all_top1_by_value_score,575,575,57500,0,-57500,0.0,0,0.0,0.0,0.636014344715647,0.5502825174254746,6730.662956521739,6866.7,13.323273369098986,4.477962797428374,0.0,0
race_score>=0.55_odds_all_top1_by_expected_roi,575,575,57500,0,-57500,0.0,0,0.0,0.0,0.636014344715647,0.5502825174254746,6730.662956521739,6866.7,13.323273369098986,4.477962797428374,0.0,0
race_score>=0.55_odds_all_ev>=0.8_top1,575,575,57500,0,-57500,0.0,0,0.0,0.0,0.636014344715647,0.5502825174254746,6730.662956521739,6866.7,13.323273369098986,4.477962797428374,0.0,0
race_score>=0.55_odds_all_ev>=1.0_top1,575,575,57500,0,-57500,0.0,0,0.0,0.0,0.636014344715647,0.5502825174254746,6730.662956521739,6866.7,13.323273369098986,4.477962797428374,0.0,0
race_score>=0.55_odds_all_ev>=1.2_top1,575,575,57500,0,-57500,0.0,0,0.0,0.0,0.636014344715647,0.5502825174254746,6730.662956521739,6866.7,13.323273369098986,4.477962797428374,0.0,0
race_score>=0.55_odds_all_ev>=1.5_top1,575,575,57500,0,-57500,0.0,0,0.0,0.0,0.636014344715647,0.5502825174254746,6730.662956521739,6866.7,13.323273369098986,4.477962797428374,0.0,0
race_score>=0.55_odds_all_ev>=2.0_top1,575,575,57500,0,-57500,0.0,0,0.0,0.0,0.636014344715647,0.5502825174254746,6730.662956521739,6866.7,13.323273369098986,4.477962797428374,0.0,0
race_score>=0.55_odds_all_ev>=3.0_top1,575,575,57500,0,-57500,0.0,0,0.0,0.0,0.636014344715647,0.5502825174254746,6730.662956521739,6866.7,13.323273369098986,4.477962797428374,0.0,0
race_score>=0.55_odds_30plus_top1_by_value_score,575,575,57500,0,-57500,0.0,0,0.0,0.0,0.636014344715647,0.5502825174254746,6730.662956521739,6866.7,13.323273369098986,4.477962797428374,0.0,0
race_score>=0.55_odds_30plus_top1_by_expected_roi,575,575,57500,0,-57500,0.0,0,0.0,0.0,0.636014344715647,0.5502825174254746,6730.662956521739,6866.7,13.323273369098986,4.477962797428374,0.0,0
race_score>=0.55_odds_30plus_ev>=0.8_top1,575,575,57500,0,-57500,0.0,0,0.0,0.0,0.636014344715647,0.5502825174254746,6730.662956521739,6866.7,13.323273369098986,4.477962797428374,0.0,0
race_score>=0.55_odds_30plus_ev>=1.0_top1,575,575,57500,0,-57500,0.0,0,0.0,0.0,0.636014344715647,0.5502825174254746,6730.662956521739,6866.7,13.323273369098986,4.477962797428374,0.0,0
race_score>=0.55_odds_30plus_ev>=1.2_top1,575,575,57500,0,-57500,0.0,0,0.0,0.0,0.636014344715647,0.5502825174254746,6730.662956521739,6866.7,13.323273369098986,4.477962797428374,0.0,0
race_score>=0.55_odds_30plus_ev>=1.5_top1,575,575,57500,0,-57500,0.0,0,0.0,0.0,0.636014344715647,0.5502825174254746,6730.662956521739,6866.7,13.323273369098986,4.477962797428374,0.0,0
race_score>=0.55_odds_30plus_ev>=2.0_top1,575,575,57500,0,-57500,0.0,0,0.0,0.0,0.636014344715647,0.5502825174254746,6730.662956521739,6866.7,13.323273369098986,4.477962797428374,0.0,0
race_score>=0.55_odds_30plus_ev>=3.0_top1,575,575,57500,0,-57500,0.0,0,0.0,0.0,0.636014344715647,0.5502825174254746,6730.662956521739,6866.7,13.323273369098986,4.477962797428374,0.0,0
race_score>=0.55_odds_50plus_top1_by_value_score,575,575,57500,0,-57500,0.0,0,0.0,0.0,0.636014344715647,0.5502825174254746,6730.662956521739,6866.7,13.323273369098986,4.477962797428374,0.0,0
race_score>=0.55_odds_50plus_top1_by_expected_roi,575,575,57500,0,-57500,0.0,0,0.0,0.0,0.636014344715647,0.5502825174254746,6730.662956521739,6866.7,13.323273369098986,4.477962797428374,0.0,0
race_score>=0.55_odds_50plus_ev>=0.8_top1,575,575,57500,0,-57500,0.0,0,0.0,0.0,0.636014344715647,0.5502825174254746,6730.662956521739,6866.7,13.323273369098986,4.477962797428374,0.0,0
race_score>=0.55_odds_50plus_ev>=1.0_top1,575,575,57500,0,-57500,0.0,0,0.0,0.0,0.636014344715647,0.5502825174254746,6730.662956521739,6866.7,13.323273369098986,4.477962797428374,0.0,0
race_score>=0.55_odds_50plus_ev>=1.2_top1,575,575,57500,0,-57500,0.0,0,0.0,0.0,0.636014344715647,0.5502825174254746,6730.662956521739,6866.7,13.323273369098986,4.477962797428374,0.0,0
race_score>=0.55_odds_50plus_ev>=1.5_top1,575,575,57500,0,-57500,0.0,0,0.0,0.0,0.636014344715647,0.5502825174254746,6730.662956521739,6866.7,13.323273369098986,4.477962797428374,0.0,0
race_score>=0.55_odds_50plus_ev>=2.0_top1,575,575,57500,0,-57500,0.0,0,0.0,0.0,0.636014344715647,0.5502825174254746,6730.662956521739,6866.7,13.323273369098986,4.477962797428374,0.0,0
race_score>=0.55_odds_50plus_ev>=3.0_top1,575,575,57500,0,-57500,0.0,0,0.0,0.0,0.636014344715647,0.5502825174254746,6730.662956521739,6866.7,13.323273369098986,4.477962797428374,0.0,0
race_score>=0.55_odds_100plus_top1_by_value_score,575,575,57500,0,-57500,0.0,0,0.0,0.0,0.636014344715647,0.5502825174254746,6730.662956521739,6866.7,13.323273369098986,4.477962797428374,0.0,0
race_score>=0.55_odds_100plus_top1_by_expected_roi,575,575,57500,0,-57500,0.0,0,0.0,0.0,0.636014344715647,0.5502825174254746,6730.662956521739,6866.7,13.323273369098986,4.477962797428374,0.0,0
race_score>=0.55_odds_100plus_ev>=0.8_top1,575,575,57500,0,-57500,0.0,0,0.0,0.0,0.636014344715647,0.5502825174254746,6730.662956521739,6866.7,13.323273369098986,4.477962797428374,0.0,0
race_score>=0.55_odds_100plus_ev>=1.0_top1,575,575,57500,0,-57500,0.0,0,0.0,0.0,0.636014344715647,0.5502825174254746,6730.662956521739,6866.7,13.323273369098986,4.477962797428374,0.0,0
race_score>=0.55_odds_100plus_ev>=1.2_top1,575,575,57500,0,-57500,0.0,0,0.0,0.0,0.636014344715647,0.5502825174254746,6730.662956521739,6866.7,13.323273369098986,4.477962797428374,0.0,0
race_score>=0.55_odds_100plus_ev>=1.5_top1,575,575,57500,0,-57500,0.0,0,0.0,0.0,0.636014344715647,0.5502825174254746,6730.662956521739,6866.7,13.323273369098986,4.477962797428374,0.0,0
race_score>=0.55_odds_100plus_ev>=2.0_top1,575,575,57500,0,-57500,0.0,0,0.0,0.0,0.636014344715647,0.5502825174254746,6730.662956521739,6866.7,13.323273369098986,4.477962797428374,0.0,0
race_score>=0.55_odds_100plus_ev>=3.0_top1,575,575,57500,0,-57500,0.0,0,0.0,0.0,0.636014344715647,0.5502825174254746,6730.662956521739,6866.7,13.323273369098986,4.477962797428374,0.0,0
race_score>=0.55_odds_30_500_top1_by_value_score,575,575,57500,0,-57500,0.0,0,0.0,0.0,0.636014344715647,0.5502825174254746,444.3575652173913,456.0,2.3784566306288437,1.2422168797488506,0.0,0
race_score>=0.55_odds_30_500_top1_by_expected_roi,575,575,57500,0,-57500,0.0,0,0.0,0.0,0.636014344715647,0.5502825174254746,444.3575652173913,456.0,2.3784566306288437,1.2422168797488506,0.0,0
race_score>=0.55_odds_30_500_ev>=0.8_top1,575,575,57500,0,-57500,0.0,0,0.0,0.0,0.636014344715647,0.5502825174254746,444.3575652173913,456.0,2.3784566306288437,1.2422168797488506,0.0,0
race_score>=0.55_odds_30_500_ev>=1.0_top1,575,575,57500,0,-57500,0.0,0,0.0,0.0,0.636014344715647,0.5502825174254746,444.3575652173913,456.0,2.3784566306288437,1.2422168797488506,0.0,0
race_score>=0.55_odds_30_500_ev>=1.2_top1,575,575,57500,0,-57500,0.0,0,0.0,0.0,0.636014344715647,0.5502825174254746,444.3575652173913,456.0,2.3784566306288437,1.2422168797488506,0.0,0
race_score>=0.55_odds_50_500_top1_by_value_score,575,575,57500,0,-57500,0.0,0,0.0,0.0,0.636014344715647,0.5502825174254746,444.3575652173913,456.0,2.3784566306288437,1.2422168797488506,0.0,0
race_score>=0.55_odds_50_500_top1_by_expected_roi,575,575,57500,0,-57500,0.0,0,0.0,0.0,0.636014344715647,0.5502825174254746,444.3575652173913,456.0,2.3784566306288437,1.2422168797488506,0.0,0
race_score>=0.55_odds_50_500_ev>=0.8_top1,575,575,57500,0,-57500,0.0,0,0.0,0.0,0.636014344715647,0.5502825174254746,444.3575652173913,456.0,2.3784566306288437,1.2422168797488506,0.0,0
race_score>=0.55_odds_50_500_ev>=1.0_top1,575,575,57500,0,-57500,0.0,0,0.0,0.0,0.636014344715647,0.5502825174254746,444.3575652173913,456.0,2.3784566306288437,1.2422168797488506,0.0,0
race_score>=0.55_odds_50_500_ev>=1.2_top1,575,575,57500,0,-57500,0.0,0,0.0,0.0,0.636014344715647,0.5502825174254746,444.3575652173913,456.0,2.3784566306288437,1.2422168797488506,0.0,0
race_score>=0.55_odds_30_500_ev>=1.5_top3,561,1609,160900,0,-160900,0.0,0,0.0,0.0,0.6323837927939829,0.5502825174254746,426.3108141702921,439.1,2.2056598319777967,1.5003247251767846,0.0,0
race_score>=0.55_odds_50_500_ev>=1.5_top3,561,1609,160900,0,-160900,0.0,0,0.0,0.0,0.6323837927939829,0.5502825174254746,426.3108141702921,439.1,2.2056598319777967,1.5003247251767846,0.0,0
race_score>=0.55_odds_30_500_ev>=1.5_top2,561,1099,109900,0,-109900,0.0,0,0.0,0.0,0.6333019845331704,0.5502825174254746,433.73694267515924,446.7,2.2874859881194483,1.5003247251767846,0.0,0
race_score>=0.55_odds_50_500_ev>=1.5_top2,561,1099,109900,0,-109900,0.0,0,0.0,0.0,0.6333019845331704,0.5502825174254746,433.73694267515924,446.7,2.2874859881194483,1.5003247251767846,0.0,0
race_score>=0.55_odds_30_500_ev>=1.5_top1,561,561,56100,0,-56100,0.0,0,0.0,0.0,0.634482355104456,0.5502825174254746,444.0370766488414,455.8,2.4032036173401514,1.5120515160145482,0.0,0
race_score>=0.55_odds_50_500_ev>=1.5_top1,561,561,56100,0,-56100,0.0,0,0.0,0.0,0.634482355104456,0.5502825174254746,444.0370766488414,455.8,2.4032036173401514,1.5120515160145482,0.0,0
race_score>=0.55_odds_30_500_ev>=2.0,422,1529,152900,0,-152900,0.0,0,0.0,0.0,0.6125591820167885,0.5502825174254746,413.25022890778286,427.4,2.4023587992769815,2.0001036896539244,0.0,0
race_score>=0.55_odds_50_500_ev>=2.0,422,1529,152900,0,-152900,0.0,0,0.0,0.0,0.6125591820167885,0.5502825174254746,413.25022890778286,427.4,2.4023587992769815,2.0001036896539244,0.0,0
race_score>=0.55_odds_30_500_ev>=2.0_top5,422,1267,126700,0,-126700,0.0,0,0.0,0.0,0.6167487970675178,0.5502825174254746,421.81681136543017,436.5,2.44119455369576,2.0003012104430407,0.0,0
race_score>=0.55_odds_50_500_ev>=2.0_top5,422,1267,126700,0,-126700,0.0,0,0.0,0.0,0.6167487970675178,0.5502825174254746,421.81681136543017,436.5,2.44119455369576,2.0003012104430407,0.0,0
race_score>=0.55_odds_30_500_ev>=2.0_top3,422,976,97600,0,-97600,0.0,0,0.0,0.0,0.619976756247042,0.5502825174254746,427.9077868852459,441.9,2.490486023185097,2.0009439525030115,0.0,0
race_score>=0.55_odds_50_500_ev>=2.0_top3,422,976,97600,0,-97600,0.0,0,0.0,0.0,0.619976756247042,0.5502825174254746,427.9077868852459,441.9,2.490486023185097,2.0009439525030115,0.0,0
race_score>=0.55_odds_30_500_ev>=2.0_top2,422,744,74400,0,-74400,0.0,0,0.0,0.0,0.6225807452011408,0.5502825174254746,433.865188172043,447.55,2.5343005840888577,2.002083788365323,0.0,0
race_score>=0.55_odds_50_500_ev>=2.0_top2,422,744,74400,0,-74400,0.0,0,0.0,0.0,0.6225807452011408,0.5502825174254746,433.865188172043,447.55,2.5343005840888577,2.002083788365323,0.0,0
race_score>=0.55_odds_30_500_ev>=2.0_top1,422,422,42200,0,-42200,0.0,0,0.0,0.0,0.6253095273343943,0.5502825174254746,443.53104265402845,455.75,2.606308719832099,2.006306579066755,0.0,0
race_score>=0.55_odds_50_500_ev>=2.0_top1,422,422,42200,0,-42200,0.0,0,0.0,0.0,0.6253095273343943,0.5502825174254746,443.53104265402845,455.75,2.606308719832099,2.006306579066755,0.0,0
race_score>=0.60_odds_all_top30_by_value_score,390,11700,1170000,0,-1170000,0.0,0,0.0,0.0,0.6653700840469999,0.600386893407325,5806.764008547009,5504.2,9.05931119999192,2.842590457970113,0.0,0
race_score>=0.60_odds_all_top30_by_expected_roi,390,11700,1170000,0,-1170000,0.0,0,0.0,0.0,0.6653700840469999,0.600386893407325,5806.764008547009,5504.2,9.05931119999192,2.842590457970113,0.0,0
race_score>=0.60_odds_30plus_top30_by_value_score,390,11700,1170000,0,-1170000,0.0,0,0.0,0.0,0.6653700840469999,0.600386893407325,5806.764008547009,5504.2,9.05931119999192,2.842590457970113,0.0,0
race_score>=0.60_odds_30plus_top30_by_expected_roi,390,11700,1170000,0,-1170000,0.0,0,0.0,0.0,0.6653700840469999,0.600386893407325,5806.764008547009,5504.2,9.05931119999192,2.842590457970113,0.0,0
race_score>=0.60_odds_50plus_top30_by_value_score,390,11700,1170000,0,-1170000,0.0,0,0.0,0.0,0.6653700840469999,0.600386893407325,5806.764008547009,5504.2,9.05931119999192,2.842590457970113,0.0,0
race_score>=0.60_odds_50plus_top30_by_expected_roi,390,11700,1170000,0,-1170000,0.0,0,0.0,0.0,0.6653700840469999,0.600386893407325,5806.764008547009,5504.2,9.05931119999192,2.842590457970113,0.0,0
race_score>=0.60_odds_100plus_top30_by_value_score,390,11700,1170000,0,-1170000,0.0,0,0.0,0.0,0.6653700840469999,0.600386893407325,5806.764008547009,5504.2,9.05931119999192,2.842590457970113,0.0,0
race_score>=0.60_odds_100plus_top30_by_expected_roi,390,11700,1170000,0,-1170000,0.0,0,0.0,0.0,0.6653700840469999,0.600386893407325,5806.764008547009,5504.2,9.05931119999192,2.842590457970113,0.0,0
race_score>=0.60_odds_all_top20_by_value_score,390,7800,780000,0,-780000,0.0,0,0.0,0.0,0.6653700840469999,0.600386893407325,5986.038102564102,5745.1,9.74339735169459,3.1182560201768297,0.0,0
race_score>=0.60_odds_all_top20_by_expected_roi,390,7800,780000,0,-780000,0.0,0,0.0,0.0,0.6653700840469999,0.600386893407325,5986.038102564102,5745.1,9.74339735169459,3.1182560201768297,0.0,0
race_score>=0.60_odds_30plus_top20_by_value_score,390,7800,780000,0,-780000,0.0,0,0.0,0.0,0.6653700840469999,0.600386893407325,5986.038102564102,5745.1,9.74339735169459,3.1182560201768297,0.0,0
race_score>=0.60_odds_30plus_top20_by_expected_roi,390,7800,780000,0,-780000,0.0,0,0.0,0.0,0.6653700840469999,0.600386893407325,5986.038102564102,5745.1,9.74339735169459,3.1182560201768297,0.0,0
race_score>=0.60_odds_50plus_top20_by_value_score,390,7800,780000,0,-780000,0.0,0,0.0,0.0,0.6653700840469999,0.600386893407325,5986.038102564102,5745.1,9.74339735169459,3.1182560201768297,0.0,0
race_score>=0.60_odds_50plus_top20_by_expected_roi,390,7800,780000,0,-780000,0.0,0,0.0,0.0,0.6653700840469999,0.600386893407325,5986.038102564102,5745.1,9.74339735169459,3.1182560201768297,0.0,0
race_score>=0.60_odds_100plus_top20_by_value_score,390,7800,780000,0,-780000,0.0,0,0.0,0.0,0.6653700840469999,0.600386893407325,5986.038102564102,5745.1,9.74339735169459,3.1182560201768297,0.0,0
race_score>=0.60_odds_100plus_top20_by_expected_roi,390,7800,780000,0,-780000,0.0,0,0.0,0.0,0.6653700840469999,0.600386893407325,5986.038102564102,5745.1,9.74339735169459,3.1182560201768297,0.0,0
race_score>=0.60_odds_all_top10_by_value_score,390,3900,390000,0,-390000,0.0,0,0.0,0.0,0.6653700840469999,0.600386893407325,6197.513871794872,6088.15,10.823852329727476,3.5803480635620524,0.0,0
race_score>=0.60_odds_all_top10_by_expected_roi,390,3900,390000,0,-390000,0.0,0,0.0,0.0,0.6653700840469999,0.600386893407325,6197.513871794872,6088.15,10.823852329727476,3.5803480635620524,0.0,0
race_score>=0.60_odds_30plus_top10_by_value_score,390,3900,390000,0,-390000,0.0,0,0.0,0.0,0.6653700840469999,0.600386893407325,6197.513871794872,6088.15,10.823852329727476,3.5803480635620524,0.0,0
race_score>=0.60_odds_30plus_top10_by_expected_roi,390,3900,390000,0,-390000,0.0,0,0.0,0.0,0.6653700840469999,0.600386893407325,6197.513871794872,6088.15,10.823852329727476,3.5803480635620524,0.0,0
race_score>=0.60_odds_50plus_top10_by_value_score,390,3900,390000,0,-390000,0.0,0,0.0,0.0,0.6653700840469999,0.600386893407325,6197.513871794872,6088.15,10.823852329727476,3.5803480635620524,0.0,0
race_score>=0.60_odds_50plus_top10_by_expected_roi,390,3900,390000,0,-390000,0.0,0,0.0,0.0,0.6653700840469999,0.600386893407325,6197.513871794872,6088.15,10.823852329727476,3.5803480635620524,0.0,0
race_score>=0.60_odds_100plus_top10_by_value_score,390,3900,390000,0,-390000,0.0,0,0.0,0.0,0.6653700840469999,0.600386893407325,6197.513871794872,6088.15,10.823852329727476,3.5803480635620524,0.0,0
race_score>=0.60_odds_100plus_top10_by_expected_roi,390,3900,390000,0,-390000,0.0,0,0.0,0.0,0.6653700840469999,0.600386893407325,6197.513871794872,6088.15,10.823852329727476,3.5803480635620524,0.0,0
race_score>=0.60_odds_all_top5_by_value_score,390,1950,195000,0,-195000,0.0,0,0.0,0.0,0.6653700840469999,0.600386893407325,6401.613487179487,6392.5,11.782056155301053,3.9270605714479503,0.0,0
race_score>=0.60_odds_all_top5_by_expected_roi,390,1950,195000,0,-195000,0.0,0,0.0,0.0,0.6653700840469999,0.600386893407325,6401.613487179487,6392.5,11.782056155301053,3.9270605714479503,0.0,0
race_score>=0.60_odds_all_ev>=0.8_top5,390,1950,195000,0,-195000,0.0,0,0.0,0.0,0.6653700840469999,0.600386893407325,6401.613487179487,6392.5,11.782056155301053,3.9270605714479503,0.0,0
race_score>=0.60_odds_all_ev>=1.0_top5,390,1950,195000,0,-195000,0.0,0,0.0,0.0,0.6653700840469999,0.600386893407325,6401.613487179487,6392.5,11.782056155301053,3.9270605714479503,0.0,0
race_score>=0.60_odds_all_ev>=1.2_top5,390,1950,195000,0,-195000,0.0,0,0.0,0.0,0.6653700840469999,0.600386893407325,6401.613487179487,6392.5,11.782056155301053,3.9270605714479503,0.0,0
race_score>=0.60_odds_all_ev>=1.5_top5,390,1950,195000,0,-195000,0.0,0,0.0,0.0,0.6653700840469999,0.600386893407325,6401.613487179487,6392.5,11.782056155301053,3.9270605714479503,0.0,0
race_score>=0.60_odds_all_ev>=2.0_top5,390,1950,195000,0,-195000,0.0,0,0.0,0.0,0.6653700840469999,0.600386893407325,6401.613487179487,6392.5,11.782056155301053,3.9270605714479503,0.0,0
race_score>=0.60_odds_all_ev>=3.0_top5,390,1950,195000,0,-195000,0.0,0,0.0,0.0,0.6653700840469999,0.600386893407325,6401.613487179487,6392.5,11.782056155301053,3.9270605714479503,0.0,0
race_score>=0.60_odds_30plus_top5_by_value_score,390,1950,195000,0,-195000,0.0,0,0.0,0.0,0.6653700840469999,0.600386893407325,6401.613487179487,6392.5,11.782056155301053,3.9270605714479503,0.0,0
race_score>=0.60_odds_30plus_top5_by_expected_roi,390,1950,195000,0,-195000,0.0,0,0.0,0.0,0.6653700840469999,0.600386893407325,6401.613487179487,6392.5,11.782056155301053,3.9270605714479503,0.0,0
race_score>=0.60_odds_30plus_ev>=0.8_top5,390,1950,195000,0,-195000,0.0,0,0.0,0.0,0.6653700840469999,0.600386893407325,6401.613487179487,6392.5,11.782056155301053,3.9270605714479503,0.0,0
race_score>=0.60_odds_30plus_ev>=1.0_top5,390,1950,195000,0,-195000,0.0,0,0.0,0.0,0.6653700840469999,0.600386893407325,6401.613487179487,6392.5,11.782056155301053,3.9270605714479503,0.0,0
race_score>=0.60_odds_30plus_ev>=1.2_top5,390,1950,195000,0,-195000,0.0,0,0.0,0.0,0.6653700840469999,0.600386893407325,6401.613487179487,6392.5,11.782056155301053,3.9270605714479503,0.0,0
race_score>=0.60_odds_30plus_ev>=1.5_top5,390,1950,195000,0,-195000,0.0,0,0.0,0.0,0.6653700840469999,0.600386893407325,6401.613487179487,6392.5,11.782056155301053,3.9270605714479503,0.0,0
race_score>=0.60_odds_30plus_ev>=2.0_top5,390,1950,195000,0,-195000,0.0,0,0.0,0.0,0.6653700840469999,0.600386893407325,6401.613487179487,6392.5,11.782056155301053,3.9270605714479503,0.0,0
race_score>=0.60_odds_30plus_ev>=3.0_top5,390,1950,195000,0,-195000,0.0,0,0.0,0.0,0.6653700840469999,0.600386893407325,6401.613487179487,6392.5,11.782056155301053,3.9270605714479503,0.0,0
race_score>=0.60_odds_50plus_top5_by_value_score,390,1950,195000,0,-195000,0.0,0,0.0,0.0,0.6653700840469999,0.600386893407325,6401.613487179487,6392.5,11.782056155301053,3.9270605714479503,0.0,0
race_score>=0.60_odds_50plus_top5_by_expected_roi,390,1950,195000,0,-195000,0.0,0,0.0,0.0,0.6653700840469999,0.600386893407325,6401.613487179487,6392.5,11.782056155301053,3.9270605714479503,0.0,0
race_score>=0.60_odds_50plus_ev>=0.8_top5,390,1950,195000,0,-195000,0.0,0,0.0,0.0,0.6653700840469999,0.600386893407325,6401.613487179487,6392.5,11.782056155301053,3.9270605714479503,0.0,0
race_score>=0.60_odds_50plus_ev>=1.0_top5,390,1950,195000,0,-195000,0.0,0,0.0,0.0,0.6653700840469999,0.600386893407325,6401.613487179487,6392.5,11.782056155301053,3.9270605714479503,0.0,0
race_score>=0.60_odds_50plus_ev>=1.2_top5,390,1950,195000,0,-195000,0.0,0,0.0,0.0,0.6653700840469999,0.600386893407325,6401.613487179487,6392.5,11.782056155301053,3.9270605714479503,0.0,0
race_score>=0.60_odds_50plus_ev>=1.5_top5,390,1950,195000,0,-195000,0.0,0,0.0,0.0,0.6653700840469999,0.600386893407325,6401.613487179487,6392.5,11.782056155301053,3.9270605714479503,0.0,0
race_score>=0.60_odds_50plus_ev>=2.0_top5,390,1950,195000,0,-195000,0.0,0,0.0,0.0,0.6653700840469999,0.600386893407325,6401.613487179487,6392.5,11.782056155301053,3.9270605714479503,0.0,0
race_score>=0.60_odds_50plus_ev>=3.0_top5,390,1950,195000,0,-195000,0.0,0,0.0,0.0,0.6653700840469999,0.600386893407325,6401.613487179487,6392.5,11.782056155301053,3.9270605714479503,0.0,0
race_score>=0.60_odds_100plus_top5_by_value_score,390,1950,195000,0,-195000,0.0,0,0.0,0.0,0.6653700840469999,0.600386893407325,6401.613487179487,6392.5,11.782056155301053,3.9270605714479503,0.0,0
race_score>=0.60_odds_100plus_top5_by_expected_roi,390,1950,195000,0,-195000,0.0,0,0.0,0.0,0.6653700840469999,0.600386893407325,6401.613487179487,6392.5,11.782056155301053,3.9270605714479503,0.0,0
race_score>=0.60_odds_100plus_ev>=0.8_top5,390,1950,195000,0,-195000,0.0,0,0.0,0.0,0.6653700840469999,0.600386893407325,6401.613487179487,6392.5,11.782056155301053,3.9270605714479503,0.0,0
race_score>=0.60_odds_100plus_ev>=1.0_top5,390,1950,195000,0,-195000,0.0,0,0.0,0.0,0.6653700840469999,0.600386893407325,6401.613487179487,6392.5,11.782056155301053,3.9270605714479503,0.0,0
race_score>=0.60_odds_100plus_ev>=1.2_top5,390,1950,195000,0,-195000,0.0,0,0.0,0.0,0.6653700840469999,0.600386893407325,6401.613487179487,6392.5,11.782056155301053,3.9270605714479503,0.0,0
race_score>=0.60_odds_100plus_ev>=1.5_top5,390,1950,195000,0,-195000,0.0,0,0.0,0.0,0.6653700840469999,0.600386893407325,6401.613487179487,6392.5,11.782056155301053,3.9270605714479503,0.0,0
race_score>=0.60_odds_100plus_ev>=2.0_top5,390,1950,195000,0,-195000,0.0,0,0.0,0.0,0.6653700840469999,0.600386893407325,6401.613487179487,6392.5,11.782056155301053,3.9270605714479503,0.0,0
race_score>=0.60_odds_100plus_ev>=3.0_top5,390,1950,195000,0,-195000,0.0,0,0.0,0.0,0.6653700840469999,0.600386893407325,6401.613487179487,6392.5,11.782056155301053,3.9270605714479503,0.0,0
race_score>=0.60_odds_all_top3_by_value_score,390,1170,117000,0,-117000,0.0,0,0.0,0.0,0.6653700840469999,0.600386893407325,6540.187692307692,6593.3,12.40844222626635,4.1402639483836,0.0,0
race_score>=0.60_odds_all_top3_by_expected_roi,390,1170,117000,0,-117000,0.0,0,0.0,0.0,0.6653700840469999,0.600386893407325,6540.187692307692,6593.3,12.40844222626635,4.1402639483836,0.0,0
race_score>=0.60_odds_all_ev>=0.8_top3,390,1170,117000,0,-117000,0.0,0,0.0,0.0,0.6653700840469999,0.600386893407325,6540.187692307692,6593.3,12.40844222626635,4.1402639483836,0.0,0
race_score>=0.60_odds_all_ev>=1.0_top3,390,1170,117000,0,-117000,0.0,0,0.0,0.0,0.6653700840469999,0.600386893407325,6540.187692307692,6593.3,12.40844222626635,4.1402639483836,0.0,0
race_score>=0.60_odds_all_ev>=1.2_top3,390,1170,117000,0,-117000,0.0,0,0.0,0.0,0.6653700840469999,0.600386893407325,6540.187692307692,6593.3,12.40844222626635,4.1402639483836,0.0,0
race_score>=0.60_odds_all_ev>=1.5_top3,390,1170,117000,0,-117000,0.0,0,0.0,0.0,0.6653700840469999,0.600386893407325,6540.187692307692,6593.3,12.40844222626635,4.1402639483836,0.0,0
race_score>=0.60_odds_all_ev>=2.0_top3,390,1170,117000,0,-117000,0.0,0,0.0,0.0,0.6653700840469999,0.600386893407325,6540.187692307692,6593.3,12.40844222626635,4.1402639483836,0.0,0
race_score>=0.60_odds_all_ev>=3.0_top3,390,1170,117000,0,-117000,0.0,0,0.0,0.0,0.6653700840469999,0.600386893407325,6540.187692307692,6593.3,12.40844222626635,4.1402639483836,0.0,0
race_score>=0.60_odds_30plus_top3_by_value_score,390,1170,117000,0,-117000,0.0,0,0.0,0.0,0.6653700840469999,0.600386893407325,6540.187692307692,6593.3,12.40844222626635,4.1402639483836,0.0,0
race_score>=0.60_odds_30plus_top3_by_expected_roi,390,1170,117000,0,-117000,0.0,0,0.0,0.0,0.6653700840469999,0.600386893407325,6540.187692307692,6593.3,12.40844222626635,4.1402639483836,0.0,0
race_score>=0.60_odds_30plus_ev>=0.8_top3,390,1170,117000,0,-117000,0.0,0,0.0,0.0,0.6653700840469999,0.600386893407325,6540.187692307692,6593.3,12.40844222626635,4.1402639483836,0.0,0
race_score>=0.60_odds_30plus_ev>=1.0_top3,390,1170,117000,0,-117000,0.0,0,0.0,0.0,0.6653700840469999,0.600386893407325,6540.187692307692,6593.3,12.40844222626635,4.1402639483836,0.0,0
race_score>=0.60_odds_30plus_ev>=1.2_top3,390,1170,117000,0,-117000,0.0,0,0.0,0.0,0.6653700840469999,0.600386893407325,6540.187692307692,6593.3,12.40844222626635,4.1402639483836,0.0,0
race_score>=0.60_odds_30plus_ev>=1.5_top3,390,1170,117000,0,-117000,0.0,0,0.0,0.0,0.6653700840469999,0.600386893407325,6540.187692307692,6593.3,12.40844222626635,4.1402639483836,0.0,0
race_score>=0.60_odds_30plus_ev>=2.0_top3,390,1170,117000,0,-117000,0.0,0,0.0,0.0,0.6653700840469999,0.600386893407325,6540.187692307692,6593.3,12.40844222626635,4.1402639483836,0.0,0
race_score>=0.60_odds_30plus_ev>=3.0_top3,390,1170,117000,0,-117000,0.0,0,0.0,0.0,0.6653700840469999,0.600386893407325,6540.187692307692,6593.3,12.40844222626635,4.1402639483836,0.0,0
race_score>=0.60_odds_50plus_top3_by_value_score,390,1170,117000,0,-117000,0.0,0,0.0,0.0,0.6653700840469999,0.600386893407325,6540.187692307692,6593.3,12.40844222626635,4.1402639483836,0.0,0
race_score>=0.60_odds_50plus_top3_by_expected_roi,390,1170,117000,0,-117000,0.0,0,0.0,0.0,0.6653700840469999,0.600386893407325,6540.187692307692,6593.3,12.40844222626635,4.1402639483836,0.0,0
race_score>=0.60_odds_50plus_ev>=0.8_top3,390,1170,117000,0,-117000,0.0,0,0.0,0.0,0.6653700840469999,0.600386893407325,6540.187692307692,6593.3,12.40844222626635,4.1402639483836,0.0,0
race_score>=0.60_odds_50plus_ev>=1.0_top3,390,1170,117000,0,-117000,0.0,0,0.0,0.0,0.6653700840469999,0.600386893407325,6540.187692307692,6593.3,12.40844222626635,4.1402639483836,0.0,0
race_score>=0.60_odds_50plus_ev>=1.2_top3,390,1170,117000,0,-117000,0.0,0,0.0,0.0,0.6653700840469999,0.600386893407325,6540.187692307692,6593.3,12.40844222626635,4.1402639483836,0.0,0
race_score>=0.60_odds_50plus_ev>=1.5_top3,390,1170,117000,0,-117000,0.0,0,0.0,0.0,0.6653700840469999,0.600386893407325,6540.187692307692,6593.3,12.40844222626635,4.1402639483836,0.0,0
race_score>=0.60_odds_50plus_ev>=2.0_top3,390,1170,117000,0,-117000,0.0,0,0.0,0.0,0.6653700840469999,0.600386893407325,6540.187692307692,6593.3,12.40844222626635,4.1402639483836,0.0,0
race_score>=0.60_odds_50plus_ev>=3.0_top3,390,1170,117000,0,-117000,0.0,0,0.0,0.0,0.6653700840469999,0.600386893407325,6540.187692307692,6593.3,12.40844222626635,4.1402639483836,0.0,0
race_score>=0.60_odds_100plus_top3_by_value_score,390,1170,117000,0,-117000,0.0,0,0.0,0.0,0.6653700840469999,0.600386893407325,6540.187692307692,6593.3,12.40844222626635,4.1402639483836,0.0,0
race_score>=0.60_odds_100plus_top3_by_expected_roi,390,1170,117000,0,-117000,0.0,0,0.0,0.0,0.6653700840469999,0.600386893407325,6540.187692307692,6593.3,12.40844222626635,4.1402639483836,0.0,0
race_score>=0.60_odds_100plus_ev>=0.8_top3,390,1170,117000,0,-117000,0.0,0,0.0,0.0,0.6653700840469999,0.600386893407325,6540.187692307692,6593.3,12.40844222626635,4.1402639483836,0.0,0
race_score>=0.60_odds_100plus_ev>=1.0_top3,390,1170,117000,0,-117000,0.0,0,0.0,0.0,0.6653700840469999,0.600386893407325,6540.187692307692,6593.3,12.40844222626635,4.1402639483836,0.0,0
race_score>=0.60_odds_100plus_ev>=1.2_top3,390,1170,117000,0,-117000,0.0,0,0.0,0.0,0.6653700840469999,0.600386893407325,6540.187692307692,6593.3,12.40844222626635,4.1402639483836,0.0,0
race_score>=0.60_odds_100plus_ev>=1.5_top3,390,1170,117000,0,-117000,0.0,0,0.0,0.0,0.6653700840469999,0.600386893407325,6540.187692307692,6593.3,12.40844222626635,4.1402639483836,0.0,0
race_score>=0.60_odds_100plus_ev>=2.0_top3,390,1170,117000,0,-117000,0.0,0,0.0,0.0,0.6653700840469999,0.600386893407325,6540.187692307692,6593.3,12.40844222626635,4.1402639483836,0.0,0
race_score>=0.60_odds_100plus_ev>=3.0_top3,390,1170,117000,0,-117000,0.0,0,0.0,0.0,0.6653700840469999,0.600386893407325,6540.187692307692,6593.3,12.40844222626635,4.1402639483836,0.0,0
race_score>=0.60_odds_all_top2_by_value_score,390,780,78000,0,-78000,0.0,0,0.0,0.0,0.6653700840469999,0.600386893407325,6643.042948717949,6713.85,12.841486747928828,4.3336548594988935,0.0,0
race_score>=0.60_odds_all_top2_by_expected_roi,390,780,78000,0,-78000,0.0,0,0.0,0.0,0.6653700840469999,0.600386893407325,6643.042948717949,6713.85,12.841486747928828,4.3336548594988935,0.0,0
race_score>=0.60_odds_all_ev>=0.8_top2,390,780,78000,0,-78000,0.0,0,0.0,0.0,0.6653700840469999,0.600386893407325,6643.042948717949,6713.85,12.841486747928828,4.3336548594988935,0.0,0
race_score>=0.60_odds_all_ev>=1.0_top2,390,780,78000,0,-78000,0.0,0,0.0,0.0,0.6653700840469999,0.600386893407325,6643.042948717949,6713.85,12.841486747928828,4.3336548594988935,0.0,0
race_score>=0.60_odds_all_ev>=1.2_top2,390,780,78000,0,-78000,0.0,0,0.0,0.0,0.6653700840469999,0.600386893407325,6643.042948717949,6713.85,12.841486747928828,4.3336548594988935,0.0,0
race_score>=0.60_odds_all_ev>=1.5_top2,390,780,78000,0,-78000,0.0,0,0.0,0.0,0.6653700840469999,0.600386893407325,6643.042948717949,6713.85,12.841486747928828,4.3336548594988935,0.0,0
race_score>=0.60_odds_all_ev>=2.0_top2,390,780,78000,0,-78000,0.0,0,0.0,0.0,0.6653700840469999,0.600386893407325,6643.042948717949,6713.85,12.841486747928828,4.3336548594988935,0.0,0
race_score>=0.60_odds_all_ev>=3.0_top2,390,780,78000,0,-78000,0.0,0,0.0,0.0,0.6653700840469999,0.600386893407325,6643.042948717949,6713.85,12.841486747928828,4.3336548594988935,0.0,0
race_score>=0.60_odds_30plus_top2_by_value_score,390,780,78000,0,-78000,0.0,0,0.0,0.0,0.6653700840469999,0.600386893407325,6643.042948717949,6713.85,12.841486747928828,4.3336548594988935,0.0,0
race_score>=0.60_odds_30plus_top2_by_expected_roi,390,780,78000,0,-78000,0.0,0,0.0,0.0,0.6653700840469999,0.600386893407325,6643.042948717949,6713.85,12.841486747928828,4.3336548594988935,0.0,0
race_score>=0.60_odds_30plus_ev>=0.8_top2,390,780,78000,0,-78000,0.0,0,0.0,0.0,0.6653700840469999,0.600386893407325,6643.042948717949,6713.85,12.841486747928828,4.3336548594988935,0.0,0
race_score>=0.60_odds_30plus_ev>=1.0_top2,390,780,78000,0,-78000,0.0,0,0.0,0.0,0.6653700840469999,0.600386893407325,6643.042948717949,6713.85,12.841486747928828,4.3336548594988935,0.0,0
race_score>=0.60_odds_30plus_ev>=1.2_top2,390,780,78000,0,-78000,0.0,0,0.0,0.0,0.6653700840469999,0.600386893407325,6643.042948717949,6713.85,12.841486747928828,4.3336548594988935,0.0,0
race_score>=0.60_odds_30plus_ev>=1.5_top2,390,780,78000,0,-78000,0.0,0,0.0,0.0,0.6653700840469999,0.600386893407325,6643.042948717949,6713.85,12.841486747928828,4.3336548594988935,0.0,0
race_score>=0.60_odds_30plus_ev>=2.0_top2,390,780,78000,0,-78000,0.0,0,0.0,0.0,0.6653700840469999,0.600386893407325,6643.042948717949,6713.85,12.841486747928828,4.3336548594988935,0.0,0
race_score>=0.60_odds_30plus_ev>=3.0_top2,390,780,78000,0,-78000,0.0,0,0.0,0.0,0.6653700840469999,0.600386893407325,6643.042948717949,6713.85,12.841486747928828,4.3336548594988935,0.0,0
race_score>=0.60_odds_50plus_top2_by_value_score,390,780,78000,0,-78000,0.0,0,0.0,0.0,0.6653700840469999,0.600386893407325,6643.042948717949,6713.85,12.841486747928828,4.3336548594988935,0.0,0
race_score>=0.60_odds_50plus_top2_by_expected_roi,390,780,78000,0,-78000,0.0,0,0.0,0.0,0.6653700840469999,0.600386893407325,6643.042948717949,6713.85,12.841486747928828,4.3336548594988935,0.0,0
race_score>=0.60_odds_50plus_ev>=0.8_top2,390,780,78000,0,-78000,0.0,0,0.0,0.0,0.6653700840469999,0.600386893407325,6643.042948717949,6713.85,12.841486747928828,4.3336548594988935,0.0,0
race_score>=0.60_odds_50plus_ev>=1.0_top2,390,780,78000,0,-78000,0.0,0,0.0,0.0,0.6653700840469999,0.600386893407325,6643.042948717949,6713.85,12.841486747928828,4.3336548594988935,0.0,0
race_score>=0.60_odds_50plus_ev>=1.2_top2,390,780,78000,0,-78000,0.0,0,0.0,0.0,0.6653700840469999,0.600386893407325,6643.042948717949,6713.85,12.841486747928828,4.3336548594988935,0.0,0
race_score>=0.60_odds_50plus_ev>=1.5_top2,390,780,78000,0,-78000,0.0,0,0.0,0.0,0.6653700840469999,0.600386893407325,6643.042948717949,6713.85,12.841486747928828,4.3336548594988935,0.0,0
race_score>=0.60_odds_50plus_ev>=2.0_top2,390,780,78000,0,-78000,0.0,0,0.0,0.0,0.6653700840469999,0.600386893407325,6643.042948717949,6713.85,12.841486747928828,4.3336548594988935,0.0,0
race_score>=0.60_odds_50plus_ev>=3.0_top2,390,780,78000,0,-78000,0.0,0,0.0,0.0,0.6653700840469999,0.600386893407325,6643.042948717949,6713.85,12.841486747928828,4.3336548594988935,0.0,0
race_score>=0.60_odds_100plus_top2_by_value_score,390,780,78000,0,-78000,0.0,0,0.0,0.0,0.6653700840469999,0.600386893407325,6643.042948717949,6713.85,12.841486747928828,4.3336548594988935,0.0,0
race_score>=0.60_odds_100plus_top2_by_expected_roi,390,780,78000,0,-78000,0.0,0,0.0,0.0,0.6653700840469999,0.600386893407325,6643.042948717949,6713.85,12.841486747928828,4.3336548594988935,0.0,0
race_score>=0.60_odds_100plus_ev>=0.8_top2,390,780,78000,0,-78000,0.0,0,0.0,0.0,0.6653700840469999,0.600386893407325,6643.042948717949,6713.85,12.841486747928828,4.3336548594988935,0.0,0
race_score>=0.60_odds_100plus_ev>=1.0_top2,390,780,78000,0,-78000,0.0,0,0.0,0.0,0.6653700840469999,0.600386893407325,6643.042948717949,6713.85,12.841486747928828,4.3336548594988935,0.0,0
race_score>=0.60_odds_100plus_ev>=1.2_top2,390,780,78000,0,-78000,0.0,0,0.0,0.0,0.6653700840469999,0.600386893407325,6643.042948717949,6713.85,12.841486747928828,4.3336548594988935,0.0,0
race_score>=0.60_odds_100plus_ev>=1.5_top2,390,780,78000,0,-78000,0.0,0,0.0,0.0,0.6653700840469999,0.600386893407325,6643.042948717949,6713.85,12.841486747928828,4.3336548594988935,0.0,0
race_score>=0.60_odds_100plus_ev>=2.0_top2,390,780,78000,0,-78000,0.0,0,0.0,0.0,0.6653700840469999,0.600386893407325,6643.042948717949,6713.85,12.841486747928828,4.3336548594988935,0.0,0
race_score>=0.60_odds_100plus_ev>=3.0_top2,390,780,78000,0,-78000,0.0,0,0.0,0.0,0.6653700840469999,0.600386893407325,6643.042948717949,6713.85,12.841486747928828,4.3336548594988935,0.0,0
race_score>=0.60_odds_all_top1_by_value_score,390,390,39000,0,-39000,0.0,0,0.0,0.0,0.6653700840469999,0.600386893407325,6734.420769230768,6809.15,13.404870781909022,4.477962797428374,0.0,0
race_score>=0.60_odds_all_top1_by_expected_roi,390,390,39000,0,-39000,0.0,0,0.0,0.0,0.6653700840469999,0.600386893407325,6734.420769230768,6809.15,13.404870781909022,4.477962797428374,0.0,0
race_score>=0.60_odds_all_ev>=0.8_top1,390,390,39000,0,-39000,0.0,0,0.0,0.0,0.6653700840469999,0.600386893407325,6734.420769230768,6809.15,13.404870781909022,4.477962797428374,0.0,0
race_score>=0.60_odds_all_ev>=1.0_top1,390,390,39000,0,-39000,0.0,0,0.0,0.0,0.6653700840469999,0.600386893407325,6734.420769230768,6809.15,13.404870781909022,4.477962797428374,0.0,0
race_score>=0.60_odds_all_ev>=1.2_top1,390,390,39000,0,-39000,0.0,0,0.0,0.0,0.6653700840469999,0.600386893407325,6734.420769230768,6809.15,13.404870781909022,4.477962797428374,0.0,0
race_score>=0.60_odds_all_ev>=1.5_top1,390,390,39000,0,-39000,0.0,0,0.0,0.0,0.6653700840469999,0.600386893407325,6734.420769230768,6809.15,13.404870781909022,4.477962797428374,0.0,0
race_score>=0.60_odds_all_ev>=2.0_top1,390,390,39000,0,-39000,0.0,0,0.0,0.0,0.6653700840469999,0.600386893407325,6734.420769230768,6809.15,13.404870781909022,4.477962797428374,0.0,0
race_score>=0.60_odds_all_ev>=3.0_top1,390,390,39000,0,-39000,0.0,0,0.0,0.0,0.6653700840469999,0.600386893407325,6734.420769230768,6809.15,13.404870781909022,4.477962797428374,0.0,0
race_score>=0.60_odds_30plus_top1_by_value_score,390,390,39000,0,-39000,0.0,0,0.0,0.0,0.6653700840469999,0.600386893407325,6734.420769230768,6809.15,13.404870781909022,4.477962797428374,0.0,0
race_score>=0.60_odds_30plus_top1_by_expected_roi,390,390,39000,0,-39000,0.0,0,0.0,0.0,0.6653700840469999,0.600386893407325,6734.420769230768,6809.15,13.404870781909022,4.477962797428374,0.0,0
race_score>=0.60_odds_30plus_ev>=0.8_top1,390,390,39000,0,-39000,0.0,0,0.0,0.0,0.6653700840469999,0.600386893407325,6734.420769230768,6809.15,13.404870781909022,4.477962797428374,0.0,0
race_score>=0.60_odds_30plus_ev>=1.0_top1,390,390,39000,0,-39000,0.0,0,0.0,0.0,0.6653700840469999,0.600386893407325,6734.420769230768,6809.15,13.404870781909022,4.477962797428374,0.0,0
race_score>=0.60_odds_30plus_ev>=1.2_top1,390,390,39000,0,-39000,0.0,0,0.0,0.0,0.6653700840469999,0.600386893407325,6734.420769230768,6809.15,13.404870781909022,4.477962797428374,0.0,0
race_score>=0.60_odds_30plus_ev>=1.5_top1,390,390,39000,0,-39000,0.0,0,0.0,0.0,0.6653700840469999,0.600386893407325,6734.420769230768,6809.15,13.404870781909022,4.477962797428374,0.0,0
race_score>=0.60_odds_30plus_ev>=2.0_top1,390,390,39000,0,-39000,0.0,0,0.0,0.0,0.6653700840469999,0.600386893407325,6734.420769230768,6809.15,13.404870781909022,4.477962797428374,0.0,0
race_score>=0.60_odds_30plus_ev>=3.0_top1,390,390,39000,0,-39000,0.0,0,0.0,0.0,0.6653700840469999,0.600386893407325,6734.420769230768,6809.15,13.404870781909022,4.477962797428374,0.0,0
race_score>=0.60_odds_50plus_top1_by_value_score,390,390,39000,0,-39000,0.0,0,0.0,0.0,0.6653700840469999,0.600386893407325,6734.420769230768,6809.15,13.404870781909022,4.477962797428374,0.0,0
race_score>=0.60_odds_50plus_top1_by_expected_roi,390,390,39000,0,-39000,0.0,0,0.0,0.0,0.6653700840469999,0.600386893407325,6734.420769230768,6809.15,13.404870781909022,4.477962797428374,0.0,0
race_score>=0.60_odds_50plus_ev>=0.8_top1,390,390,39000,0,-39000,0.0,0,0.0,0.0,0.6653700840469999,0.600386893407325,6734.420769230768,6809.15,13.404870781909022,4.477962797428374,0.0,0
race_score>=0.60_odds_50plus_ev>=1.0_top1,390,390,39000,0,-39000,0.0,0,0.0,0.0,0.6653700840469999,0.600386893407325,6734.420769230768,6809.15,13.404870781909022,4.477962797428374,0.0,0
race_score>=0.60_odds_50plus_ev>=1.2_top1,390,390,39000,0,-39000,0.0,0,0.0,0.0,0.6653700840469999,0.600386893407325,6734.420769230768,6809.15,13.404870781909022,4.477962797428374,0.0,0
race_score>=0.60_odds_50plus_ev>=1.5_top1,390,390,39000,0,-39000,0.0,0,0.0,0.0,0.6653700840469999,0.600386893407325,6734.420769230768,6809.15,13.404870781909022,4.477962797428374,0.0,0
race_score>=0.60_odds_50plus_ev>=2.0_top1,390,390,39000,0,-39000,0.0,0,0.0,0.0,0.6653700840469999,0.600386893407325,6734.420769230768,6809.15,13.404870781909022,4.477962797428374,0.0,0
race_score>=0.60_odds_50plus_ev>=3.0_top1,390,390,39000,0,-39000,0.0,0,0.0,0.0,0.6653700840469999,0.600386893407325,6734.420769230768,6809.15,13.404870781909022,4.477962797428374,0.0,0
race_score>=0.60_odds_100plus_top1_by_ticket_score,390,390,39000,0,-39000,0.0,0,0.0,0.0,0.6653700840469999,0.600386893407325,266.4294871794872,197.3,1.5906340592589487,0.44409473974471675,0.0,0
race_score>=0.60_odds_100plus_top1_by_value_score,390,390,39000,0,-39000,0.0,0,0.0,0.0,0.6653700840469999,0.600386893407325,6734.420769230768,6809.15,13.404870781909022,4.477962797428374,0.0,0
race_score>=0.60_odds_100plus_top1_by_expected_roi,390,390,39000,0,-39000,0.0,0,0.0,0.0,0.6653700840469999,0.600386893407325,6734.420769230768,6809.15,13.404870781909022,4.477962797428374,0.0,0
race_score>=0.60_odds_100plus_ev>=0.8_top1,390,390,39000,0,-39000,0.0,0,0.0,0.0,0.6653700840469999,0.600386893407325,6734.420769230768,6809.15,13.404870781909022,4.477962797428374,0.0,0
race_score>=0.60_odds_100plus_ev>=1.0_top1,390,390,39000,0,-39000,0.0,0,0.0,0.0,0.6653700840469999,0.600386893407325,6734.420769230768,6809.15,13.404870781909022,4.477962797428374,0.0,0
race_score>=0.60_odds_100plus_ev>=1.2_top1,390,390,39000,0,-39000,0.0,0,0.0,0.0,0.6653700840469999,0.600386893407325,6734.420769230768,6809.15,13.404870781909022,4.477962797428374,0.0,0
race_score>=0.60_odds_100plus_ev>=1.5_top1,390,390,39000,0,-39000,0.0,0,0.0,0.0,0.6653700840469999,0.600386893407325,6734.420769230768,6809.15,13.404870781909022,4.477962797428374,0.0,0
race_score>=0.60_odds_100plus_ev>=2.0_top1,390,390,39000,0,-39000,0.0,0,0.0,0.0,0.6653700840469999,0.600386893407325,6734.420769230768,6809.15,13.404870781909022,4.477962797428374,0.0,0
race_score>=0.60_odds_100plus_ev>=3.0_top1,390,390,39000,0,-39000,0.0,0,0.0,0.0,0.6653700840469999,0.600386893407325,6734.420769230768,6809.15,13.404870781909022,4.477962797428374,0.0,0
race_score>=0.60_odds_30_500_top1_by_value_score,390,390,39000,0,-39000,0.0,0,0.0,0.0,0.6653700840469999,0.600386893407325,447.59282051282054,458.3,2.241319430674101,1.2422168797488506,0.0,0
race_score>=0.60_odds_30_500_top1_by_expected_roi,390,390,39000,0,-39000,0.0,0,0.0,0.0,0.6653700840469999,0.600386893407325,447.59282051282054,458.3,2.241319430674101,1.2422168797488506,0.0,0
race_score>=0.60_odds_30_500_ev>=0.8_top1,390,390,39000,0,-39000,0.0,0,0.0,0.0,0.6653700840469999,0.600386893407325,447.59282051282054,458.3,2.241319430674101,1.2422168797488506,0.0,0
race_score>=0.60_odds_30_500_ev>=1.0_top1,390,390,39000,0,-39000,0.0,0,0.0,0.0,0.6653700840469999,0.600386893407325,447.59282051282054,458.3,2.241319430674101,1.2422168797488506,0.0,0
race_score>=0.60_odds_30_500_ev>=1.2_top1,390,390,39000,0,-39000,0.0,0,0.0,0.0,0.6653700840469999,0.600386893407325,447.59282051282054,458.3,2.241319430674101,1.2422168797488506,0.0,0
race_score>=0.60_odds_50_500_top1_by_value_score,390,390,39000,0,-39000,0.0,0,0.0,0.0,0.6653700840469999,0.600386893407325,447.59282051282054,458.3,2.241319430674101,1.2422168797488506,0.0,0
race_score>=0.60_odds_50_500_top1_by_expected_roi,390,390,39000,0,-39000,0.0,0,0.0,0.0,0.6653700840469999,0.600386893407325,447.59282051282054,458.3,2.241319430674101,1.2422168797488506,0.0,0
race_score>=0.60_odds_50_500_ev>=0.8_top1,390,390,39000,0,-39000,0.0,0,0.0,0.0,0.6653700840469999,0.600386893407325,447.59282051282054,458.3,2.241319430674101,1.2422168797488506,0.0,0
race_score>=0.60_odds_50_500_ev>=1.0_top1,390,390,39000,0,-39000,0.0,0,0.0,0.0,0.6653700840469999,0.600386893407325,447.59282051282054,458.3,2.241319430674101,1.2422168797488506,0.0,0
race_score>=0.60_odds_50_500_ev>=1.2_top1,390,390,39000,0,-39000,0.0,0,0.0,0.0,0.6653700840469999,0.600386893407325,447.59282051282054,458.3,2.241319430674101,1.2422168797488506,0.0,0
race_score>=0.60_odds_100_1000_top1_by_ticket_score,390,390,39000,0,-39000,0.0,0,0.0,0.0,0.6653700840469999,0.600386893407325,254.86,194.85,1.5190477827274924,0.44409473974471675,0.0,0
race_score>=0.60_odds_30_500_ev>=1.5_top3,376,1064,106400,0,-106400,0.0,0,0.0,0.0,0.6622729384870591,0.600386893407325,429.9248120300752,442.25,2.092568085335728,1.5039786926984424,0.0,0
race_score>=0.60_odds_50_500_ev>=1.5_top3,376,1064,106400,0,-106400,0.0,0,0.0,0.0,0.6622729384870591,0.600386893407325,429.9248120300752,442.25,2.092568085335728,1.5039786926984424,0.0,0
race_score>=0.60_odds_30_500_ev>=1.5_top2,376,732,73200,0,-73200,0.0,0,0.0,0.0,0.6630060028898174,0.600386893407325,437.227049180328,449.4,2.1625947504318863,1.5039786926984424,0.0,0
race_score>=0.60_odds_50_500_ev>=1.5_top2,376,732,73200,0,-73200,0.0,0,0.0,0.0,0.6630060028898174,0.600386893407325,437.227049180328,449.4,2.1625947504318863,1.5039786926984424,0.0,0
race_score>=0.60_odds_30_500_ev>=1.5_top1,376,376,37600,0,-37600,0.0,0,0.0,0.0,0.6641773557990234,0.600386893407325,447.2351063829787,458.20000000000005,2.2731362890402638,1.5120515160145482,0.0,0
race_score>=0.60_odds_50_500_ev>=1.5_top1,376,376,37600,0,-37600,0.0,0,0.0,0.0,0.6641773557990234,0.600386893407325,447.2351063829787,458.20000000000005,2.2731362890402638,1.5120515160145482,0.0,0
race_score>=0.45_odds_30_500_ev>=3.0,289,711,71100,0,-71100,0.0,0,0.0,0.0,0.5026702563913594,0.4500906629413549,411.48663853727146,429.7,3.550073798261858,3.0017071060662137,0.0,0
race_score>=0.45_odds_50_500_ev>=3.0,289,711,71100,0,-71100,0.0,0,0.0,0.0,0.5026702563913594,0.4500906629413549,411.48663853727146,429.7,3.550073798261858,3.0017071060662137,0.0,0
race_score>=0.45_odds_30_500_ev>=3.0_top5,289,649,64900,0,-64900,0.0,0,0.0,0.0,0.5055900757374149,0.4500906629413549,416.340061633282,434.0,3.577452774272578,3.0017071060662137,0.0,0
race_score>=0.45_odds_50_500_ev>=3.0_top5,289,649,64900,0,-64900,0.0,0,0.0,0.0,0.5055900757374149,0.4500906629413549,416.340061633282,434.0,3.577452774272578,3.0017071060662137,0.0,0
race_score>=0.45_odds_30_500_ev>=3.0_top3,289,555,55500,0,-55500,0.0,0,0.0,0.0,0.5086099356246911,0.4500906629413549,422.14054054054054,437.9,3.6108551404954556,3.0024344973515644,0.0,0
race_score>=0.45_odds_50_500_ev>=3.0_top3,289,555,55500,0,-55500,0.0,0,0.0,0.0,0.5086099356246911,0.4500906629413549,422.14054054054054,437.9,3.6108551404954556,3.0024344973515644,0.0,0
race_score>=0.45_odds_30_500_ev>=3.0_top2,289,459,45900,0,-45900,0.0,0,0.0,0.0,0.5117480582222648,0.4500906629413549,428.5882352941176,444.1,3.643336127373867,3.0024344973515644,0.0,0
race_score>=0.45_odds_50_500_ev>=3.0_top2,289,459,45900,0,-45900,0.0,0,0.0,0.0,0.5117480582222648,0.4500906629413549,428.5882352941176,444.1,3.643336127373867,3.0024344973515644,0.0,0
race_score>=0.45_odds_30_500_ev>=3.0_top1,289,289,28900,0,-28900,0.0,0,0.0,0.0,0.5170280583134892,0.4500906629413549,436.07197231833914,449.7,3.6988814202612468,3.0034200512790195,0.0,0
race_score>=0.45_odds_50_500_ev>=3.0_top1,289,289,28900,0,-28900,0.0,0,0.0,0.0,0.5170280583134892,0.4500906629413549,436.07197231833914,449.7,3.6988814202612468,3.0034200512790195,0.0,0
race_score>=0.60_odds_30_500_ev>=2.0,262,790,79000,0,-79000,0.0,0,0.0,0.0,0.650137214418837,0.6004056467209702,424.5875949367088,438.65,2.3293493708598745,2.0001036896539244,0.0,0
race_score>=0.60_odds_50_500_ev>=2.0,262,790,79000,0,-79000,0.0,0,0.0,0.0,0.650137214418837,0.6004056467209702,424.5875949367088,438.65,2.3293493708598745,2.0001036896539244,0.0,0
race_score>=0.60_odds_30_500_ev>=2.0_top5,262,705,70500,0,-70500,0.0,0,0.0,0.0,0.651636579581033,0.6004056467209702,428.7228368794326,442.4,2.353191627501625,2.0003012104430407,0.0,0
race_score>=0.60_odds_50_500_ev>=2.0_top5,262,705,70500,0,-70500,0.0,0,0.0,0.0,0.651636579581033,0.6004056467209702,428.7228368794326,442.4,2.353191627501625,2.0003012104430407,0.0,0
race_score>=0.60_odds_30_500_ev>=2.0_top3,262,567,56700,0,-56700,0.0,0,0.0,0.0,0.6538193766273367,0.6004056467209702,432.8479717813051,446.2,2.388586324098107,2.0009439525030115,0.0,0
race_score>=0.60_odds_50_500_ev>=2.0_top3,262,567,56700,0,-56700,0.0,0,0.0,0.0,0.6538193766273367,0.6004056467209702,432.8479717813051,446.2,2.388586324098107,2.0009439525030115,0.0,0
race_score>=0.60_odds_30_500_ev>=2.0_top2,262,447,44700,0,-44700,0.0,0,0.0,0.0,0.6554069530674554,0.6004056467209702,436.98434004474274,449.4,2.4208444384751333,2.002083788365323,0.0,0
race_score>=0.60_odds_50_500_ev>=2.0_top2,262,447,44700,0,-44700,0.0,0,0.0,0.0,0.6554069530674554,0.6004056467209702,436.98434004474274,449.4,2.4208444384751333,2.002083788365323,0.0,0
race_score>=0.60_odds_30_500_ev>=2.0_top1,262,262,26200,0,-26200,0.0,0,0.0,0.0,0.6571457494045274,0.6004056467209702,445.98435114503815,457.75,2.4882303382762245,2.006306579066755,0.0,0
race_score>=0.60_odds_50_500_ev>=2.0_top1,262,262,26200,0,-26200,0.0,0,0.0,0.0,0.6571457494045274,0.6004056467209702,445.98435114503815,457.75,2.4882303382762245,2.006306579066755,0.0,0
race_score>=0.65_odds_all_top30_by_value_score,241,7230,723000,0,-723000,0.0,0,0.0,0.0,0.6911747324963764,0.6503128804449101,5837.720940525588,5522.25,9.140098684065581,2.842590457970113,0.0,0
race_score>=0.65_odds_all_top30_by_expected_roi,241,7230,723000,0,-723000,0.0,0,0.0,0.0,0.6911747324963764,0.6503128804449101,5837.720940525588,5522.25,9.140098684065581,2.842590457970113,0.0,0
race_score>=0.65_odds_30plus_top30_by_value_score,241,7230,723000,0,-723000,0.0,0,0.0,0.0,0.6911747324963764,0.6503128804449101,5837.720940525588,5522.25,9.140098684065581,2.842590457970113,0.0,0
race_score>=0.65_odds_30plus_top30_by_expected_roi,241,7230,723000,0,-723000,0.0,0,0.0,0.0,0.6911747324963764,0.6503128804449101,5837.720940525588,5522.25,9.140098684065581,2.842590457970113,0.0,0
race_score>=0.65_odds_50plus_top30_by_value_score,241,7230,723000,0,-723000,0.0,0,0.0,0.0,0.6911747324963764,0.6503128804449101,5837.720940525588,5522.25,9.140098684065581,2.842590457970113,0.0,0
race_score>=0.65_odds_50plus_top30_by_expected_roi,241,7230,723000,0,-723000,0.0,0,0.0,0.0,0.6911747324963764,0.6503128804449101,5837.720940525588,5522.25,9.140098684065581,2.842590457970113,0.0,0
race_score>=0.65_odds_100plus_top30_by_value_score,241,7230,723000,0,-723000,0.0,0,0.0,0.0,0.6911747324963764,0.6503128804449101,5837.720940525588,5522.25,9.140098684065581,2.842590457970113,0.0,0
race_score>=0.65_odds_100plus_top30_by_expected_roi,241,7230,723000,0,-723000,0.0,0,0.0,0.0,0.6911747324963764,0.6503128804449101,5837.720940525588,5522.25,9.140098684065581,2.842590457970113,0.0,0
race_score>=0.65_odds_all_top20_by_value_score,241,4820,482000,0,-482000,0.0,0,0.0,0.0,0.6911747324963766,0.6503128804449101,6028.668153526971,5772.5,9.81850818713645,3.1182560201768297,0.0,0
race_score>=0.65_odds_all_top20_by_expected_roi,241,4820,482000,0,-482000,0.0,0,0.0,0.0,0.6911747324963766,0.6503128804449101,6028.668153526971,5772.5,9.81850818713645,3.1182560201768297,0.0,0
race_score>=0.65_odds_30plus_top20_by_value_score,241,4820,482000,0,-482000,0.0,0,0.0,0.0,0.6911747324963766,0.6503128804449101,6028.668153526971,5772.5,9.81850818713645,3.1182560201768297,0.0,0
race_score>=0.65_odds_30plus_top20_by_expected_roi,241,4820,482000,0,-482000,0.0,0,0.0,0.0,0.6911747324963766,0.6503128804449101,6028.668153526971,5772.5,9.81850818713645,3.1182560201768297,0.0,0
race_score>=0.65_odds_50plus_top20_by_value_score,241,4820,482000,0,-482000,0.0,0,0.0,0.0,0.6911747324963766,0.6503128804449101,6028.668153526971,5772.5,9.81850818713645,3.1182560201768297,0.0,0
race_score>=0.65_odds_50plus_top20_by_expected_roi,241,4820,482000,0,-482000,0.0,0,0.0,0.0,0.6911747324963766,0.6503128804449101,6028.668153526971,5772.5,9.81850818713645,3.1182560201768297,0.0,0
race_score>=0.65_odds_100plus_top20_by_value_score,241,4820,482000,0,-482000,0.0,0,0.0,0.0,0.6911747324963766,0.6503128804449101,6028.668153526971,5772.5,9.81850818713645,3.1182560201768297,0.0,0
race_score>=0.65_odds_100plus_top20_by_expected_roi,241,4820,482000,0,-482000,0.0,0,0.0,0.0,0.6911747324963766,0.6503128804449101,6028.668153526971,5772.5,9.81850818713645,3.1182560201768297,0.0,0
race_score>=0.65_odds_all_top10_by_value_score,241,2410,241000,0,-241000,0.0,0,0.0,0.0,0.6911747324963766,0.6503128804449101,6242.336514522822,6171.1,10.871658125372948,3.5803480635620524,0.0,0
race_score>=0.65_odds_all_top10_by_expected_roi,241,2410,241000,0,-241000,0.0,0,0.0,0.0,0.6911747324963766,0.6503128804449101,6242.336514522822,6171.1,10.871658125372948,3.5803480635620524,0.0,0
race_score>=0.65_odds_30plus_top10_by_value_score,241,2410,241000,0,-241000,0.0,0,0.0,0.0,0.6911747324963766,0.6503128804449101,6242.336514522822,6171.1,10.871658125372948,3.5803480635620524,0.0,0
race_score>=0.65_odds_30plus_top10_by_expected_roi,241,2410,241000,0,-241000,0.0,0,0.0,0.0,0.6911747324963766,0.6503128804449101,6242.336514522822,6171.1,10.871658125372948,3.5803480635620524,0.0,0
race_score>=0.65_odds_50plus_top10_by_value_score,241,2410,241000,0,-241000,0.0,0,0.0,0.0,0.6911747324963766,0.6503128804449101,6242.336514522822,6171.1,10.871658125372948,3.5803480635620524,0.0,0
race_score>=0.65_odds_50plus_top10_by_expected_roi,241,2410,241000,0,-241000,0.0,0,0.0,0.0,0.6911747324963766,0.6503128804449101,6242.336514522822,6171.1,10.871658125372948,3.5803480635620524,0.0,0
race_score>=0.65_odds_100plus_top10_by_value_score,241,2410,241000,0,-241000,0.0,0,0.0,0.0,0.6911747324963766,0.6503128804449101,6242.336514522822,6171.1,10.871658125372948,3.5803480635620524,0.0,0
race_score>=0.65_odds_100plus_top10_by_expected_roi,241,2410,241000,0,-241000,0.0,0,0.0,0.0,0.6911747324963766,0.6503128804449101,6242.336514522822,6171.1,10.871658125372948,3.5803480635620524,0.0,0
race_score>=0.65_odds_all_top5_by_value_score,241,1205,120500,0,-120500,0.0,0,0.0,0.0,0.6911747324963766,0.6503128804449101,6444.569875518672,6442.4,11.811832584425941,3.9270605714479503,0.0,0
race_score>=0.65_odds_all_top5_by_expected_roi,241,1205,120500,0,-120500,0.0,0,0.0,0.0,0.6911747324963766,0.6503128804449101,6444.569875518672,6442.4,11.811832584425941,3.9270605714479503,0.0,0
race_score>=0.65_odds_all_ev>=0.8_top5,241,1205,120500,0,-120500,0.0,0,0.0,0.0,0.6911747324963766,0.6503128804449101,6444.569875518672,6442.4,11.811832584425941,3.9270605714479503,0.0,0
race_score>=0.65_odds_all_ev>=1.0_top5,241,1205,120500,0,-120500,0.0,0,0.0,0.0,0.6911747324963766,0.6503128804449101,6444.569875518672,6442.4,11.811832584425941,3.9270605714479503,0.0,0
race_score>=0.65_odds_all_ev>=1.2_top5,241,1205,120500,0,-120500,0.0,0,0.0,0.0,0.6911747324963766,0.6503128804449101,6444.569875518672,6442.4,11.811832584425941,3.9270605714479503,0.0,0
race_score>=0.65_odds_all_ev>=1.5_top5,241,1205,120500,0,-120500,0.0,0,0.0,0.0,0.6911747324963766,0.6503128804449101,6444.569875518672,6442.4,11.811832584425941,3.9270605714479503,0.0,0
race_score>=0.65_odds_all_ev>=2.0_top5,241,1205,120500,0,-120500,0.0,0,0.0,0.0,0.6911747324963766,0.6503128804449101,6444.569875518672,6442.4,11.811832584425941,3.9270605714479503,0.0,0
race_score>=0.65_odds_all_ev>=3.0_top5,241,1205,120500,0,-120500,0.0,0,0.0,0.0,0.6911747324963766,0.6503128804449101,6444.569875518672,6442.4,11.811832584425941,3.9270605714479503,0.0,0
race_score>=0.65_odds_30plus_top5_by_value_score,241,1205,120500,0,-120500,0.0,0,0.0,0.0,0.6911747324963766,0.6503128804449101,6444.569875518672,6442.4,11.811832584425941,3.9270605714479503,0.0,0
race_score>=0.65_odds_30plus_top5_by_expected_roi,241,1205,120500,0,-120500,0.0,0,0.0,0.0,0.6911747324963766,0.6503128804449101,6444.569875518672,6442.4,11.811832584425941,3.9270605714479503,0.0,0
race_score>=0.65_odds_30plus_ev>=0.8_top5,241,1205,120500,0,-120500,0.0,0,0.0,0.0,0.6911747324963766,0.6503128804449101,6444.569875518672,6442.4,11.811832584425941,3.9270605714479503,0.0,0
race_score>=0.65_odds_30plus_ev>=1.0_top5,241,1205,120500,0,-120500,0.0,0,0.0,0.0,0.6911747324963766,0.6503128804449101,6444.569875518672,6442.4,11.811832584425941,3.9270605714479503,0.0,0
race_score>=0.65_odds_30plus_ev>=1.2_top5,241,1205,120500,0,-120500,0.0,0,0.0,0.0,0.6911747324963766,0.6503128804449101,6444.569875518672,6442.4,11.811832584425941,3.9270605714479503,0.0,0
race_score>=0.65_odds_30plus_ev>=1.5_top5,241,1205,120500,0,-120500,0.0,0,0.0,0.0,0.6911747324963766,0.6503128804449101,6444.569875518672,6442.4,11.811832584425941,3.9270605714479503,0.0,0
race_score>=0.65_odds_30plus_ev>=2.0_top5,241,1205,120500,0,-120500,0.0,0,0.0,0.0,0.6911747324963766,0.6503128804449101,6444.569875518672,6442.4,11.811832584425941,3.9270605714479503,0.0,0
race_score>=0.65_odds_30plus_ev>=3.0_top5,241,1205,120500,0,-120500,0.0,0,0.0,0.0,0.6911747324963766,0.6503128804449101,6444.569875518672,6442.4,11.811832584425941,3.9270605714479503,0.0,0
race_score>=0.65_odds_50plus_top5_by_value_score,241,1205,120500,0,-120500,0.0,0,0.0,0.0,0.6911747324963766,0.6503128804449101,6444.569875518672,6442.4,11.811832584425941,3.9270605714479503,0.0,0
race_score>=0.65_odds_50plus_top5_by_expected_roi,241,1205,120500,0,-120500,0.0,0,0.0,0.0,0.6911747324963766,0.6503128804449101,6444.569875518672,6442.4,11.811832584425941,3.9270605714479503,0.0,0
race_score>=0.65_odds_50plus_ev>=0.8_top5,241,1205,120500,0,-120500,0.0,0,0.0,0.0,0.6911747324963766,0.6503128804449101,6444.569875518672,6442.4,11.811832584425941,3.9270605714479503,0.0,0
race_score>=0.65_odds_50plus_ev>=1.0_top5,241,1205,120500,0,-120500,0.0,0,0.0,0.0,0.6911747324963766,0.6503128804449101,6444.569875518672,6442.4,11.811832584425941,3.9270605714479503,0.0,0
race_score>=0.65_odds_50plus_ev>=1.2_top5,241,1205,120500,0,-120500,0.0,0,0.0,0.0,0.6911747324963766,0.6503128804449101,6444.569875518672,6442.4,11.811832584425941,3.9270605714479503,0.0,0
race_score>=0.65_odds_50plus_ev>=1.5_top5,241,1205,120500,0,-120500,0.0,0,0.0,0.0,0.6911747324963766,0.6503128804449101,6444.569875518672,6442.4,11.811832584425941,3.9270605714479503,0.0,0
race_score>=0.65_odds_50plus_ev>=2.0_top5,241,1205,120500,0,-120500,0.0,0,0.0,0.0,0.6911747324963766,0.6503128804449101,6444.569875518672,6442.4,11.811832584425941,3.9270605714479503,0.0,0
race_score>=0.65_odds_50plus_ev>=3.0_top5,241,1205,120500,0,-120500,0.0,0,0.0,0.0,0.6911747324963766,0.6503128804449101,6444.569875518672,6442.4,11.811832584425941,3.9270605714479503,0.0,0
race_score>=0.65_odds_100plus_top5_by_value_score,241,1205,120500,0,-120500,0.0,0,0.0,0.0,0.6911747324963766,0.6503128804449101,6444.569875518672,6442.4,11.811832584425941,3.9270605714479503,0.0,0
race_score>=0.65_odds_100plus_top5_by_expected_roi,241,1205,120500,0,-120500,0.0,0,0.0,0.0,0.6911747324963766,0.6503128804449101,6444.569875518672,6442.4,11.811832584425941,3.9270605714479503,0.0,0
race_score>=0.65_odds_100plus_ev>=0.8_top5,241,1205,120500,0,-120500,0.0,0,0.0,0.0,0.6911747324963766,0.6503128804449101,6444.569875518672,6442.4,11.811832584425941,3.9270605714479503,0.0,0
race_score>=0.65_odds_100plus_ev>=1.0_top5,241,1205,120500,0,-120500,0.0,0,0.0,0.0,0.6911747324963766,0.6503128804449101,6444.569875518672,6442.4,11.811832584425941,3.9270605714479503,0.0,0
race_score>=0.65_odds_100plus_ev>=1.2_top5,241,1205,120500,0,-120500,0.0,0,0.0,0.0,0.6911747324963766,0.6503128804449101,6444.569875518672,6442.4,11.811832584425941,3.9270605714479503,0.0,0
race_score>=0.65_odds_100plus_ev>=1.5_top5,241,1205,120500,0,-120500,0.0,0,0.0,0.0,0.6911747324963766,0.6503128804449101,6444.569875518672,6442.4,11.811832584425941,3.9270605714479503,0.0,0
race_score>=0.65_odds_100plus_ev>=2.0_top5,241,1205,120500,0,-120500,0.0,0,0.0,0.0,0.6911747324963766,0.6503128804449101,6444.569875518672,6442.4,11.811832584425941,3.9270605714479503,0.0,0
race_score>=0.65_odds_100plus_ev>=3.0_top5,241,1205,120500,0,-120500,0.0,0,0.0,0.0,0.6911747324963766,0.6503128804449101,6444.569875518672,6442.4,11.811832584425941,3.9270605714479503,0.0,0
race_score>=0.65_odds_50_1000_top5_by_value_score,241,1205,120500,0,-120500,0.0,0,0.0,0.0,0.6911747324963766,0.6503128804449101,838.8891286307054,855.5,3.3120372874150616,2.058689565012221,0.0,0
race_score>=0.65_odds_50_1000_top5_by_expected_roi,241,1205,120500,0,-120500,0.0,0,0.0,0.0,0.6911747324963766,0.6503128804449101,838.8891286307054,855.5,3.3120372874150616,2.058689565012221,0.0,0
race_score>=0.65_odds_50_1000_ev>=0.8_top5,241,1205,120500,0,-120500,0.0,0,0.0,0.0,0.6911747324963766,0.6503128804449101,838.8891286307054,855.5,3.3120372874150616,2.058689565012221,0.0,0
race_score>=0.65_odds_50_1000_ev>=1.0_top5,241,1205,120500,0,-120500,0.0,0,0.0,0.0,0.6911747324963766,0.6503128804449101,838.8891286307054,855.5,3.3120372874150616,2.058689565012221,0.0,0
race_score>=0.65_odds_50_1000_ev>=1.2_top5,241,1205,120500,0,-120500,0.0,0,0.0,0.0,0.6911747324963766,0.6503128804449101,838.8891286307054,855.5,3.3120372874150616,2.058689565012221,0.0,0
race_score>=0.65_odds_50_1000_ev>=1.5_top5,241,1205,120500,0,-120500,0.0,0,0.0,0.0,0.6911747324963766,0.6503128804449101,838.8891286307054,855.5,3.3120372874150616,2.058689565012221,0.0,0
race_score>=0.65_odds_50_1000_ev>=2.0_top5,241,1205,120500,0,-120500,0.0,0,0.0,0.0,0.6911747324963766,0.6503128804449101,838.8891286307054,855.5,3.3120372874150616,2.058689565012221,0.0,0
race_score>=0.65_odds_100_1000_top5_by_value_score,241,1205,120500,0,-120500,0.0,0,0.0,0.0,0.6911747324963766,0.6503128804449101,838.8891286307054,855.5,3.3120372874150616,2.058689565012221,0.0,0
race_score>=0.65_odds_100_1000_top5_by_expected_roi,241,1205,120500,0,-120500,0.0,0,0.0,0.0,0.6911747324963766,0.6503128804449101,838.8891286307054,855.5,3.3120372874150616,2.058689565012221,0.0,0
race_score>=0.65_odds_100_1000_ev>=0.8_top5,241,1205,120500,0,-120500,0.0,0,0.0,0.0,0.6911747324963766,0.6503128804449101,838.8891286307054,855.5,3.3120372874150616,2.058689565012221,0.0,0
race_score>=0.65_odds_100_1000_ev>=1.0_top5,241,1205,120500,0,-120500,0.0,0,0.0,0.0,0.6911747324963766,0.6503128804449101,838.8891286307054,855.5,3.3120372874150616,2.058689565012221,0.0,0
race_score>=0.65_odds_100_1000_ev>=1.2_top5,241,1205,120500,0,-120500,0.0,0,0.0,0.0,0.6911747324963766,0.6503128804449101,838.8891286307054,855.5,3.3120372874150616,2.058689565012221,0.0,0
race_score>=0.65_odds_100_1000_ev>=1.5_top5,241,1205,120500,0,-120500,0.0,0,0.0,0.0,0.6911747324963766,0.6503128804449101,838.8891286307054,855.5,3.3120372874150616,2.058689565012221,0.0,0
race_score>=0.65_odds_100_1000_ev>=2.0_top5,241,1205,120500,0,-120500,0.0,0,0.0,0.0,0.6911747324963766,0.6503128804449101,838.8891286307054,855.5,3.3120372874150616,2.058689565012221,0.0,0
race_score>=0.65_odds_all_top3_by_value_score,241,723,72300,0,-72300,0.0,0,0.0,0.0,0.6911747324963765,0.6503128804449101,6609.012033195021,6674.3,12.43057699286742,4.1402639483836,0.0,0
race_score>=0.65_odds_all_top3_by_expected_roi,241,723,72300,0,-72300,0.0,0,0.0,0.0,0.6911747324963765,0.6503128804449101,6609.012033195021,6674.3,12.43057699286742,4.1402639483836,0.0,0
race_score>=0.65_odds_all_ev>=0.8_top3,241,723,72300,0,-72300,0.0,0,0.0,0.0,0.6911747324963765,0.6503128804449101,6609.012033195021,6674.3,12.43057699286742,4.1402639483836,0.0,0
race_score>=0.65_odds_all_ev>=1.0_top3,241,723,72300,0,-72300,0.0,0,0.0,0.0,0.6911747324963765,0.6503128804449101,6609.012033195021,6674.3,12.43057699286742,4.1402639483836,0.0,0
race_score>=0.65_odds_all_ev>=1.2_top3,241,723,72300,0,-72300,0.0,0,0.0,0.0,0.6911747324963765,0.6503128804449101,6609.012033195021,6674.3,12.43057699286742,4.1402639483836,0.0,0
race_score>=0.65_odds_all_ev>=1.5_top3,241,723,72300,0,-72300,0.0,0,0.0,0.0,0.6911747324963765,0.6503128804449101,6609.012033195021,6674.3,12.43057699286742,4.1402639483836,0.0,0
race_score>=0.65_odds_all_ev>=2.0_top3,241,723,72300,0,-72300,0.0,0,0.0,0.0,0.6911747324963765,0.6503128804449101,6609.012033195021,6674.3,12.43057699286742,4.1402639483836,0.0,0
race_score>=0.65_odds_all_ev>=3.0_top3,241,723,72300,0,-72300,0.0,0,0.0,0.0,0.6911747324963765,0.6503128804449101,6609.012033195021,6674.3,12.43057699286742,4.1402639483836,0.0,0
race_score>=0.65_odds_30plus_top3_by_value_score,241,723,72300,0,-72300,0.0,0,0.0,0.0,0.6911747324963765,0.6503128804449101,6609.012033195021,6674.3,12.43057699286742,4.1402639483836,0.0,0
race_score>=0.65_odds_30plus_top3_by_expected_roi,241,723,72300,0,-72300,0.0,0,0.0,0.0,0.6911747324963765,0.6503128804449101,6609.012033195021,6674.3,12.43057699286742,4.1402639483836,0.0,0
race_score>=0.65_odds_30plus_ev>=0.8_top3,241,723,72300,0,-72300,0.0,0,0.0,0.0,0.6911747324963765,0.6503128804449101,6609.012033195021,6674.3,12.43057699286742,4.1402639483836,0.0,0
race_score>=0.65_odds_30plus_ev>=1.0_top3,241,723,72300,0,-72300,0.0,0,0.0,0.0,0.6911747324963765,0.6503128804449101,6609.012033195021,6674.3,12.43057699286742,4.1402639483836,0.0,0
race_score>=0.65_odds_30plus_ev>=1.2_top3,241,723,72300,0,-72300,0.0,0,0.0,0.0,0.6911747324963765,0.6503128804449101,6609.012033195021,6674.3,12.43057699286742,4.1402639483836,0.0,0
race_score>=0.65_odds_30plus_ev>=1.5_top3,241,723,72300,0,-72300,0.0,0,0.0,0.0,0.6911747324963765,0.6503128804449101,6609.012033195021,6674.3,12.43057699286742,4.1402639483836,0.0,0
race_score>=0.65_odds_30plus_ev>=2.0_top3,241,723,72300,0,-72300,0.0,0,0.0,0.0,0.6911747324963765,0.6503128804449101,6609.012033195021,6674.3,12.43057699286742,4.1402639483836,0.0,0
race_score>=0.65_odds_30plus_ev>=3.0_top3,241,723,72300,0,-72300,0.0,0,0.0,0.0,0.6911747324963765,0.6503128804449101,6609.012033195021,6674.3,12.43057699286742,4.1402639483836,0.0,0
race_score>=0.65_odds_50plus_top3_by_value_score,241,723,72300,0,-72300,0.0,0,0.0,0.0,0.6911747324963765,0.6503128804449101,6609.012033195021,6674.3,12.43057699286742,4.1402639483836,0.0,0
race_score>=0.65_odds_50plus_top3_by_expected_roi,241,723,72300,0,-72300,0.0,0,0.0,0.0,0.6911747324963765,0.6503128804449101,6609.012033195021,6674.3,12.43057699286742,4.1402639483836,0.0,0
race_score>=0.65_odds_50plus_ev>=0.8_top3,241,723,72300,0,-72300,0.0,0,0.0,0.0,0.6911747324963765,0.6503128804449101,6609.012033195021,6674.3,12.43057699286742,4.1402639483836,0.0,0
race_score>=0.65_odds_50plus_ev>=1.0_top3,241,723,72300,0,-72300,0.0,0,0.0,0.0,0.6911747324963765,0.6503128804449101,6609.012033195021,6674.3,12.43057699286742,4.1402639483836,0.0,0
race_score>=0.65_odds_50plus_ev>=1.2_top3,241,723,72300,0,-72300,0.0,0,0.0,0.0,0.6911747324963765,0.6503128804449101,6609.012033195021,6674.3,12.43057699286742,4.1402639483836,0.0,0
race_score>=0.65_odds_50plus_ev>=1.5_top3,241,723,72300,0,-72300,0.0,0,0.0,0.0,0.6911747324963765,0.6503128804449101,6609.012033195021,6674.3,12.43057699286742,4.1402639483836,0.0,0
race_score>=0.65_odds_50plus_ev>=2.0_top3,241,723,72300,0,-72300,0.0,0,0.0,0.0,0.6911747324963765,0.6503128804449101,6609.012033195021,6674.3,12.43057699286742,4.1402639483836,0.0,0
race_score>=0.65_odds_50plus_ev>=3.0_top3,241,723,72300,0,-72300,0.0,0,0.0,0.0,0.6911747324963765,0.6503128804449101,6609.012033195021,6674.3,12.43057699286742,4.1402639483836,0.0,0
race_score>=0.65_odds_100plus_top3_by_value_score,241,723,72300,0,-72300,0.0,0,0.0,0.0,0.6911747324963765,0.6503128804449101,6609.012033195021,6674.3,12.43057699286742,4.1402639483836,0.0,0
race_score>=0.65_odds_100plus_top3_by_expected_roi,241,723,72300,0,-72300,0.0,0,0.0,0.0,0.6911747324963765,0.6503128804449101,6609.012033195021,6674.3,12.43057699286742,4.1402639483836,0.0,0
race_score>=0.65_odds_100plus_ev>=0.8_top3,241,723,72300,0,-72300,0.0,0,0.0,0.0,0.6911747324963765,0.6503128804449101,6609.012033195021,6674.3,12.43057699286742,4.1402639483836,0.0,0
race_score>=0.65_odds_100plus_ev>=1.0_top3,241,723,72300,0,-72300,0.0,0,0.0,0.0,0.6911747324963765,0.6503128804449101,6609.012033195021,6674.3,12.43057699286742,4.1402639483836,0.0,0
race_score>=0.65_odds_100plus_ev>=1.2_top3,241,723,72300,0,-72300,0.0,0,0.0,0.0,0.6911747324963765,0.6503128804449101,6609.012033195021,6674.3,12.43057699286742,4.1402639483836,0.0,0
race_score>=0.65_odds_100plus_ev>=1.5_top3,241,723,72300,0,-72300,0.0,0,0.0,0.0,0.6911747324963765,0.6503128804449101,6609.012033195021,6674.3,12.43057699286742,4.1402639483836,0.0,0
race_score>=0.65_odds_100plus_ev>=2.0_top3,241,723,72300,0,-72300,0.0,0,0.0,0.0,0.6911747324963765,0.6503128804449101,6609.012033195021,6674.3,12.43057699286742,4.1402639483836,0.0,0
race_score>=0.65_odds_100plus_ev>=3.0_top3,241,723,72300,0,-72300,0.0,0,0.0,0.0,0.6911747324963765,0.6503128804449101,6609.012033195021,6674.3,12.43057699286742,4.1402639483836,0.0,0
race_score>=0.65_odds_50_1000_top3_by_value_score,241,723,72300,0,-72300,0.0,0,0.0,0.0,0.6911747324963765,0.6503128804449101,856.015491009682,869.4,3.51413410965363,2.2008489740303965,0.0,0
race_score>=0.65_odds_50_1000_top3_by_expected_roi,241,723,72300,0,-72300,0.0,0,0.0,0.0,0.6911747324963765,0.6503128804449101,856.015491009682,869.4,3.51413410965363,2.2008489740303965,0.0,0
race_score>=0.65_odds_50_1000_ev>=0.8_top3,241,723,72300,0,-72300,0.0,0,0.0,0.0,0.6911747324963765,0.6503128804449101,856.015491009682,869.4,3.51413410965363,2.2008489740303965,0.0,0
race_score>=0.65_odds_50_1000_ev>=1.0_top3,241,723,72300,0,-72300,0.0,0,0.0,0.0,0.6911747324963765,0.6503128804449101,856.015491009682,869.4,3.51413410965363,2.2008489740303965,0.0,0
race_score>=0.65_odds_50_1000_ev>=1.2_top3,241,723,72300,0,-72300,0.0,0,0.0,0.0,0.6911747324963765,0.6503128804449101,856.015491009682,869.4,3.51413410965363,2.2008489740303965,0.0,0
race_score>=0.65_odds_50_1000_ev>=1.5_top3,241,723,72300,0,-72300,0.0,0,0.0,0.0,0.6911747324963765,0.6503128804449101,856.015491009682,869.4,3.51413410965363,2.2008489740303965,0.0,0
race_score>=0.65_odds_50_1000_ev>=2.0_top3,241,723,72300,0,-72300,0.0,0,0.0,0.0,0.6911747324963765,0.6503128804449101,856.015491009682,869.4,3.51413410965363,2.2008489740303965,0.0,0
race_score>=0.65_odds_100_1000_top3_by_value_score,241,723,72300,0,-72300,0.0,0,0.0,0.0,0.6911747324963765,0.6503128804449101,856.015491009682,869.4,3.51413410965363,2.2008489740303965,0.0,0
race_score>=0.65_odds_100_1000_top3_by_expected_roi,241,723,72300,0,-72300,0.0,0,0.0,0.0,0.6911747324963765,0.6503128804449101,856.015491009682,869.4,3.51413410965363,2.2008489740303965,0.0,0
race_score>=0.65_odds_100_1000_ev>=0.8_top3,241,723,72300,0,-72300,0.0,0,0.0,0.0,0.6911747324963765,0.6503128804449101,856.015491009682,869.4,3.51413410965363,2.2008489740303965,0.0,0
race_score>=0.65_odds_100_1000_ev>=1.0_top3,241,723,72300,0,-72300,0.0,0,0.0,0.0,0.6911747324963765,0.6503128804449101,856.015491009682,869.4,3.51413410965363,2.2008489740303965,0.0,0
race_score>=0.65_odds_100_1000_ev>=1.2_top3,241,723,72300,0,-72300,0.0,0,0.0,0.0,0.6911747324963765,0.6503128804449101,856.015491009682,869.4,3.51413410965363,2.2008489740303965,0.0,0
race_score>=0.65_odds_100_1000_ev>=1.5_top3,241,723,72300,0,-72300,0.0,0,0.0,0.0,0.6911747324963765,0.6503128804449101,856.015491009682,869.4,3.51413410965363,2.2008489740303965,0.0,0
race_score>=0.65_odds_100_1000_ev>=2.0_top3,241,723,72300,0,-72300,0.0,0,0.0,0.0,0.6911747324963765,0.6503128804449101,856.015491009682,869.4,3.51413410965363,2.2008489740303965,0.0,0
race_score>=0.65_odds_all_top2_by_value_score,241,482,48200,0,-48200,0.0,0,0.0,0.0,0.6911747324963766,0.6503128804449101,6736.707261410788,6724.5,12.859329512127687,4.3336548594988935,0.0,0
race_score>=0.65_odds_all_top2_by_expected_roi,241,482,48200,0,-48200,0.0,0,0.0,0.0,0.6911747324963766,0.6503128804449101,6736.707261410788,6724.5,12.859329512127687,4.3336548594988935,0.0,0
race_score>=0.65_odds_all_ev>=0.8_top2,241,482,48200,0,-48200,0.0,0,0.0,0.0,0.6911747324963766,0.6503128804449101,6736.707261410788,6724.5,12.859329512127687,4.3336548594988935,0.0,0
race_score>=0.65_odds_all_ev>=1.0_top2,241,482,48200,0,-48200,0.0,0,0.0,0.0,0.6911747324963766,0.6503128804449101,6736.707261410788,6724.5,12.859329512127687,4.3336548594988935,0.0,0
race_score>=0.65_odds_all_ev>=1.2_top2,241,482,48200,0,-48200,0.0,0,0.0,0.0,0.6911747324963766,0.6503128804449101,6736.707261410788,6724.5,12.859329512127687,4.3336548594988935,0.0,0
race_score>=0.65_odds_all_ev>=1.5_top2,241,482,48200,0,-48200,0.0,0,0.0,0.0,0.6911747324963766,0.6503128804449101,6736.707261410788,6724.5,12.859329512127687,4.3336548594988935,0.0,0
race_score>=0.65_odds_all_ev>=2.0_top2,241,482,48200,0,-48200,0.0,0,0.0,0.0,0.6911747324963766,0.6503128804449101,6736.707261410788,6724.5,12.859329512127687,4.3336548594988935,0.0,0
race_score>=0.65_odds_all_ev>=3.0_top2,241,482,48200,0,-48200,0.0,0,0.0,0.0,0.6911747324963766,0.6503128804449101,6736.707261410788,6724.5,12.859329512127687,4.3336548594988935,0.0,0
race_score>=0.65_odds_30plus_top2_by_value_score,241,482,48200,0,-48200,0.0,0,0.0,0.0,0.6911747324963766,0.6503128804449101,6736.707261410788,6724.5,12.859329512127687,4.3336548594988935,0.0,0
race_score>=0.65_odds_30plus_top2_by_expected_roi,241,482,48200,0,-48200,0.0,0,0.0,0.0,0.6911747324963766,0.6503128804449101,6736.707261410788,6724.5,12.859329512127687,4.3336548594988935,0.0,0
race_score>=0.65_odds_30plus_ev>=0.8_top2,241,482,48200,0,-48200,0.0,0,0.0,0.0,0.6911747324963766,0.6503128804449101,6736.707261410788,6724.5,12.859329512127687,4.3336548594988935,0.0,0
race_score>=0.65_odds_30plus_ev>=1.0_top2,241,482,48200,0,-48200,0.0,0,0.0,0.0,0.6911747324963766,0.6503128804449101,6736.707261410788,6724.5,12.859329512127687,4.3336548594988935,0.0,0
race_score>=0.65_odds_30plus_ev>=1.2_top2,241,482,48200,0,-48200,0.0,0,0.0,0.0,0.6911747324963766,0.6503128804449101,6736.707261410788,6724.5,12.859329512127687,4.3336548594988935,0.0,0
race_score>=0.65_odds_30plus_ev>=1.5_top2,241,482,48200,0,-48200,0.0,0,0.0,0.0,0.6911747324963766,0.6503128804449101,6736.707261410788,6724.5,12.859329512127687,4.3336548594988935,0.0,0
race_score>=0.65_odds_30plus_ev>=2.0_top2,241,482,48200,0,-48200,0.0,0,0.0,0.0,0.6911747324963766,0.6503128804449101,6736.707261410788,6724.5,12.859329512127687,4.3336548594988935,0.0,0
race_score>=0.65_odds_30plus_ev>=3.0_top2,241,482,48200,0,-48200,0.0,0,0.0,0.0,0.6911747324963766,0.6503128804449101,6736.707261410788,6724.5,12.859329512127687,4.3336548594988935,0.0,0
race_score>=0.65_odds_50plus_top2_by_value_score,241,482,48200,0,-48200,0.0,0,0.0,0.0,0.6911747324963766,0.6503128804449101,6736.707261410788,6724.5,12.859329512127687,4.3336548594988935,0.0,0
race_score>=0.65_odds_50plus_top2_by_expected_roi,241,482,48200,0,-48200,0.0,0,0.0,0.0,0.6911747324963766,0.6503128804449101,6736.707261410788,6724.5,12.859329512127687,4.3336548594988935,0.0,0
race_score>=0.65_odds_50plus_ev>=0.8_top2,241,482,48200,0,-48200,0.0,0,0.0,0.0,0.6911747324963766,0.6503128804449101,6736.707261410788,6724.5,12.859329512127687,4.3336548594988935,0.0,0
race_score>=0.65_odds_50plus_ev>=1.0_top2,241,482,48200,0,-48200,0.0,0,0.0,0.0,0.6911747324963766,0.6503128804449101,6736.707261410788,6724.5,12.859329512127687,4.3336548594988935,0.0,0
race_score>=0.65_odds_50plus_ev>=1.2_top2,241,482,48200,0,-48200,0.0,0,0.0,0.0,0.6911747324963766,0.6503128804449101,6736.707261410788,6724.5,12.859329512127687,4.3336548594988935,0.0,0
race_score>=0.65_odds_50plus_ev>=1.5_top2,241,482,48200,0,-48200,0.0,0,0.0,0.0,0.6911747324963766,0.6503128804449101,6736.707261410788,6724.5,12.859329512127687,4.3336548594988935,0.0,0
race_score>=0.65_odds_50plus_ev>=2.0_top2,241,482,48200,0,-48200,0.0,0,0.0,0.0,0.6911747324963766,0.6503128804449101,6736.707261410788,6724.5,12.859329512127687,4.3336548594988935,0.0,0
race_score>=0.65_odds_50plus_ev>=3.0_top2,241,482,48200,0,-48200,0.0,0,0.0,0.0,0.6911747324963766,0.6503128804449101,6736.707261410788,6724.5,12.859329512127687,4.3336548594988935,0.0,0
race_score>=0.65_odds_100plus_top2_by_value_score,241,482,48200,0,-48200,0.0,0,0.0,0.0,0.6911747324963766,0.6503128804449101,6736.707261410788,6724.5,12.859329512127687,4.3336548594988935,0.0,0
race_score>=0.65_odds_100plus_top2_by_expected_roi,241,482,48200,0,-48200,0.0,0,0.0,0.0,0.6911747324963766,0.6503128804449101,6736.707261410788,6724.5,12.859329512127687,4.3336548594988935,0.0,0
race_score>=0.65_odds_100plus_ev>=0.8_top2,241,482,48200,0,-48200,0.0,0,0.0,0.0,0.6911747324963766,0.6503128804449101,6736.707261410788,6724.5,12.859329512127687,4.3336548594988935,0.0,0
race_score>=0.65_odds_100plus_ev>=1.0_top2,241,482,48200,0,-48200,0.0,0,0.0,0.0,0.6911747324963766,0.6503128804449101,6736.707261410788,6724.5,12.859329512127687,4.3336548594988935,0.0,0
race_score>=0.65_odds_100plus_ev>=1.2_top2,241,482,48200,0,-48200,0.0,0,0.0,0.0,0.6911747324963766,0.6503128804449101,6736.707261410788,6724.5,12.859329512127687,4.3336548594988935,0.0,0
race_score>=0.65_odds_100plus_ev>=1.5_top2,241,482,48200,0,-48200,0.0,0,0.0,0.0,0.6911747324963766,0.6503128804449101,6736.707261410788,6724.5,12.859329512127687,4.3336548594988935,0.0,0
race_score>=0.65_odds_100plus_ev>=2.0_top2,241,482,48200,0,-48200,0.0,0,0.0,0.0,0.6911747324963766,0.6503128804449101,6736.707261410788,6724.5,12.859329512127687,4.3336548594988935,0.0,0
race_score>=0.65_odds_100plus_ev>=3.0_top2,241,482,48200,0,-48200,0.0,0,0.0,0.0,0.6911747324963766,0.6503128804449101,6736.707261410788,6724.5,12.859329512127687,4.3336548594988935,0.0,0
race_score>=0.65_odds_50_1000_top2_by_value_score,241,482,48200,0,-48200,0.0,0,0.0,0.0,0.6911747324963766,0.6503128804449101,868.652489626556,883.7,3.6532829915489407,2.3217387900144364,0.0,0
race_score>=0.65_odds_50_1000_top2_by_expected_roi,241,482,48200,0,-48200,0.0,0,0.0,0.0,0.6911747324963766,0.6503128804449101,868.652489626556,883.7,3.6532829915489407,2.3217387900144364,0.0,0
race_score>=0.65_odds_50_1000_ev>=0.8_top2,241,482,48200,0,-48200,0.0,0,0.0,0.0,0.6911747324963766,0.6503128804449101,868.652489626556,883.7,3.6532829915489407,2.3217387900144364,0.0,0
race_score>=0.65_odds_50_1000_ev>=1.0_top2,241,482,48200,0,-48200,0.0,0,0.0,0.0,0.6911747324963766,0.6503128804449101,868.652489626556,883.7,3.6532829915489407,2.3217387900144364,0.0,0
race_score>=0.65_odds_50_1000_ev>=1.2_top2,241,482,48200,0,-48200,0.0,0,0.0,0.0,0.6911747324963766,0.6503128804449101,868.652489626556,883.7,3.6532829915489407,2.3217387900144364,0.0,0
race_score>=0.65_odds_50_1000_ev>=1.5_top2,241,482,48200,0,-48200,0.0,0,0.0,0.0,0.6911747324963766,0.6503128804449101,868.652489626556,883.7,3.6532829915489407,2.3217387900144364,0.0,0
race_score>=0.65_odds_50_1000_ev>=2.0_top2,241,482,48200,0,-48200,0.0,0,0.0,0.0,0.6911747324963766,0.6503128804449101,868.652489626556,883.7,3.6532829915489407,2.3217387900144364,0.0,0
race_score>=0.65_odds_100_1000_top2_by_value_score,241,482,48200,0,-48200,0.0,0,0.0,0.0,0.6911747324963766,0.6503128804449101,868.652489626556,883.7,3.6532829915489407,2.3217387900144364,0.0,0
race_score>=0.65_odds_100_1000_top2_by_expected_roi,241,482,48200,0,-48200,0.0,0,0.0,0.0,0.6911747324963766,0.6503128804449101,868.652489626556,883.7,3.6532829915489407,2.3217387900144364,0.0,0
race_score>=0.65_odds_100_1000_ev>=0.8_top2,241,482,48200,0,-48200,0.0,0,0.0,0.0,0.6911747324963766,0.6503128804449101,868.652489626556,883.7,3.6532829915489407,2.3217387900144364,0.0,0
race_score>=0.65_odds_100_1000_ev>=1.0_top2,241,482,48200,0,-48200,0.0,0,0.0,0.0,0.6911747324963766,0.6503128804449101,868.652489626556,883.7,3.6532829915489407,2.3217387900144364,0.0,0
race_score>=0.65_odds_100_1000_ev>=1.2_top2,241,482,48200,0,-48200,0.0,0,0.0,0.0,0.6911747324963766,0.6503128804449101,868.652489626556,883.7,3.6532829915489407,2.3217387900144364,0.0,0
race_score>=0.65_odds_100_1000_ev>=1.5_top2,241,482,48200,0,-48200,0.0,0,0.0,0.0,0.6911747324963766,0.6503128804449101,868.652489626556,883.7,3.6532829915489407,2.3217387900144364,0.0,0
race_score>=0.65_odds_100_1000_ev>=2.0_top2,241,482,48200,0,-48200,0.0,0,0.0,0.0,0.6911747324963766,0.6503128804449101,868.652489626556,883.7,3.6532829915489407,2.3217387900144364,0.0,0
race_score>=0.65_odds_all_top1_by_value_score,241,241,24100,0,-24100,0.0,0,0.0,0.0,0.6911747324963764,0.6503128804449101,6776.363070539419,6714.4,13.38008423585318,4.477962797428374,0.0,0
race_score>=0.65_odds_all_top1_by_expected_roi,241,241,24100,0,-24100,0.0,0,0.0,0.0,0.6911747324963764,0.6503128804449101,6776.363070539419,6714.4,13.38008423585318,4.477962797428374,0.0,0
race_score>=0.65_odds_all_ev>=0.8_top1,241,241,24100,0,-24100,0.0,0,0.0,0.0,0.6911747324963764,0.6503128804449101,6776.363070539419,6714.4,13.38008423585318,4.477962797428374,0.0,0
race_score>=0.65_odds_all_ev>=1.0_top1,241,241,24100,0,-24100,0.0,0,0.0,0.0,0.6911747324963764,0.6503128804449101,6776.363070539419,6714.4,13.38008423585318,4.477962797428374,0.0,0
race_score>=0.65_odds_all_ev>=1.2_top1,241,241,24100,0,-24100,0.0,0,0.0,0.0,0.6911747324963764,0.6503128804449101,6776.363070539419,6714.4,13.38008423585318,4.477962797428374,0.0,0
race_score>=0.65_odds_all_ev>=1.5_top1,241,241,24100,0,-24100,0.0,0,0.0,0.0,0.6911747324963764,0.6503128804449101,6776.363070539419,6714.4,13.38008423585318,4.477962797428374,0.0,0
race_score>=0.65_odds_all_ev>=2.0_top1,241,241,24100,0,-24100,0.0,0,0.0,0.0,0.6911747324963764,0.6503128804449101,6776.363070539419,6714.4,13.38008423585318,4.477962797428374,0.0,0
race_score>=0.65_odds_all_ev>=3.0_top1,241,241,24100,0,-24100,0.0,0,0.0,0.0,0.6911747324963764,0.6503128804449101,6776.363070539419,6714.4,13.38008423585318,4.477962797428374,0.0,0
race_score>=0.65_odds_30plus_top1_by_value_score,241,241,24100,0,-24100,0.0,0,0.0,0.0,0.6911747324963764,0.6503128804449101,6776.363070539419,6714.4,13.38008423585318,4.477962797428374,0.0,0
race_score>=0.65_odds_30plus_top1_by_expected_roi,241,241,24100,0,-24100,0.0,0,0.0,0.0,0.6911747324963764,0.6503128804449101,6776.363070539419,6714.4,13.38008423585318,4.477962797428374,0.0,0
race_score>=0.65_odds_30plus_ev>=0.8_top1,241,241,24100,0,-24100,0.0,0,0.0,0.0,0.6911747324963764,0.6503128804449101,6776.363070539419,6714.4,13.38008423585318,4.477962797428374,0.0,0
race_score>=0.65_odds_30plus_ev>=1.0_top1,241,241,24100,0,-24100,0.0,0,0.0,0.0,0.6911747324963764,0.6503128804449101,6776.363070539419,6714.4,13.38008423585318,4.477962797428374,0.0,0
race_score>=0.65_odds_30plus_ev>=1.2_top1,241,241,24100,0,-24100,0.0,0,0.0,0.0,0.6911747324963764,0.6503128804449101,6776.363070539419,6714.4,13.38008423585318,4.477962797428374,0.0,0
race_score>=0.65_odds_30plus_ev>=1.5_top1,241,241,24100,0,-24100,0.0,0,0.0,0.0,0.6911747324963764,0.6503128804449101,6776.363070539419,6714.4,13.38008423585318,4.477962797428374,0.0,0
race_score>=0.65_odds_30plus_ev>=2.0_top1,241,241,24100,0,-24100,0.0,0,0.0,0.0,0.6911747324963764,0.6503128804449101,6776.363070539419,6714.4,13.38008423585318,4.477962797428374,0.0,0
race_score>=0.65_odds_30plus_ev>=3.0_top1,241,241,24100,0,-24100,0.0,0,0.0,0.0,0.6911747324963764,0.6503128804449101,6776.363070539419,6714.4,13.38008423585318,4.477962797428374,0.0,0
race_score>=0.65_odds_50plus_top1_by_ticket_score,241,241,24100,0,-24100,0.0,0,0.0,0.0,0.6911747324963764,0.6503128804449101,201.7692946058091,131.3,1.123383351370674,0.2351477209984394,0.0,0
race_score>=0.65_odds_50plus_top1_by_value_score,241,241,24100,0,-24100,0.0,0,0.0,0.0,0.6911747324963764,0.6503128804449101,6776.363070539419,6714.4,13.38008423585318,4.477962797428374,0.0,0
race_score>=0.65_odds_50plus_top1_by_expected_roi,241,241,24100,0,-24100,0.0,0,0.0,0.0,0.6911747324963764,0.6503128804449101,6776.363070539419,6714.4,13.38008423585318,4.477962797428374,0.0,0
race_score>=0.65_odds_50plus_ev>=0.8_top1,241,241,24100,0,-24100,0.0,0,0.0,0.0,0.6911747324963764,0.6503128804449101,6776.363070539419,6714.4,13.38008423585318,4.477962797428374,0.0,0
race_score>=0.65_odds_50plus_ev>=1.0_top1,241,241,24100,0,-24100,0.0,0,0.0,0.0,0.6911747324963764,0.6503128804449101,6776.363070539419,6714.4,13.38008423585318,4.477962797428374,0.0,0
race_score>=0.65_odds_50plus_ev>=1.2_top1,241,241,24100,0,-24100,0.0,0,0.0,0.0,0.6911747324963764,0.6503128804449101,6776.363070539419,6714.4,13.38008423585318,4.477962797428374,0.0,0
race_score>=0.65_odds_50plus_ev>=1.5_top1,241,241,24100,0,-24100,0.0,0,0.0,0.0,0.6911747324963764,0.6503128804449101,6776.363070539419,6714.4,13.38008423585318,4.477962797428374,0.0,0
race_score>=0.65_odds_50plus_ev>=2.0_top1,241,241,24100,0,-24100,0.0,0,0.0,0.0,0.6911747324963764,0.6503128804449101,6776.363070539419,6714.4,13.38008423585318,4.477962797428374,0.0,0
race_score>=0.65_odds_50plus_ev>=3.0_top1,241,241,24100,0,-24100,0.0,0,0.0,0.0,0.6911747324963764,0.6503128804449101,6776.363070539419,6714.4,13.38008423585318,4.477962797428374,0.0,0
race_score>=0.65_odds_100plus_top1_by_ticket_score,241,241,24100,0,-24100,0.0,0,0.0,0.0,0.6911747324963764,0.6503128804449101,270.6141078838174,191.3,1.5117437811900185,0.4445433640354671,0.0,0
race_score>=0.65_odds_100plus_top1_by_value_score,241,241,24100,0,-24100,0.0,0,0.0,0.0,0.6911747324963764,0.6503128804449101,6776.363070539419,6714.4,13.38008423585318,4.477962797428374,0.0,0
race_score>=0.65_odds_100plus_top1_by_expected_roi,241,241,24100,0,-24100,0.0,0,0.0,0.0,0.6911747324963764,0.6503128804449101,6776.363070539419,6714.4,13.38008423585318,4.477962797428374,0.0,0
race_score>=0.65_odds_100plus_ev>=0.8_top1,241,241,24100,0,-24100,0.0,0,0.0,0.0,0.6911747324963764,0.6503128804449101,6776.363070539419,6714.4,13.38008423585318,4.477962797428374,0.0,0
race_score>=0.65_odds_100plus_ev>=1.0_top1,241,241,24100,0,-24100,0.0,0,0.0,0.0,0.6911747324963764,0.6503128804449101,6776.363070539419,6714.4,13.38008423585318,4.477962797428374,0.0,0
race_score>=0.65_odds_100plus_ev>=1.2_top1,241,241,24100,0,-24100,0.0,0,0.0,0.0,0.6911747324963764,0.6503128804449101,6776.363070539419,6714.4,13.38008423585318,4.477962797428374,0.0,0
race_score>=0.65_odds_100plus_ev>=1.5_top1,241,241,24100,0,-24100,0.0,0,0.0,0.0,0.6911747324963764,0.6503128804449101,6776.363070539419,6714.4,13.38008423585318,4.477962797428374,0.0,0
race_score>=0.65_odds_100plus_ev>=2.0_top1,241,241,24100,0,-24100,0.0,0,0.0,0.0,0.6911747324963764,0.6503128804449101,6776.363070539419,6714.4,13.38008423585318,4.477962797428374,0.0,0
race_score>=0.65_odds_100plus_ev>=3.0_top1,241,241,24100,0,-24100,0.0,0,0.0,0.0,0.6911747324963764,0.6503128804449101,6776.363070539419,6714.4,13.38008423585318,4.477962797428374,0.0,0
race_score>=0.65_odds_30_500_top1_by_value_score,241,241,24100,0,-24100,0.0,0,0.0,0.0,0.6911747324963764,0.6503128804449101,452.9253112033195,462.7,2.1600900025523506,1.2676883889768353,0.0,0
race_score>=0.65_odds_30_500_top1_by_expected_roi,241,241,24100,0,-24100,0.0,0,0.0,0.0,0.6911747324963764,0.6503128804449101,452.9253112033195,462.7,2.1600900025523506,1.2676883889768353,0.0,0
race_score>=0.65_odds_30_500_ev>=0.8_top1,241,241,24100,0,-24100,0.0,0,0.0,0.0,0.6911747324963764,0.6503128804449101,452.9253112033195,462.7,2.1600900025523506,1.2676883889768353,0.0,0
race_score>=0.65_odds_30_500_ev>=1.0_top1,241,241,24100,0,-24100,0.0,0,0.0,0.0,0.6911747324963764,0.6503128804449101,452.9253112033195,462.7,2.1600900025523506,1.2676883889768353,0.0,0
race_score>=0.65_odds_30_500_ev>=1.2_top1,241,241,24100,0,-24100,0.0,0,0.0,0.0,0.6911747324963764,0.6503128804449101,452.9253112033195,462.7,2.1600900025523506,1.2676883889768353,0.0,0
race_score>=0.65_odds_50_500_top1_by_ticket_score,241,241,24100,0,-24100,0.0,0,0.0,0.0,0.6911747324963764,0.6503128804449101,171.25933609958506,131.1,0.9666496645072832,0.22910032666161087,0.0,0
race_score>=0.65_odds_50_500_top1_by_value_score,241,241,24100,0,-24100,0.0,0,0.0,0.0,0.6911747324963764,0.6503128804449101,452.9253112033195,462.7,2.1600900025523506,1.2676883889768353,0.0,0
race_score>=0.65_odds_50_500_top1_by_expected_roi,241,241,24100,0,-24100,0.0,0,0.0,0.0,0.6911747324963764,0.6503128804449101,452.9253112033195,462.7,2.1600900025523506,1.2676883889768353,0.0,0
race_score>=0.65_odds_50_500_ev>=0.8_top1,241,241,24100,0,-24100,0.0,0,0.0,0.0,0.6911747324963764,0.6503128804449101,452.9253112033195,462.7,2.1600900025523506,1.2676883889768353,0.0,0
race_score>=0.65_odds_50_500_ev>=1.0_top1,241,241,24100,0,-24100,0.0,0,0.0,0.0,0.6911747324963764,0.6503128804449101,452.9253112033195,462.7,2.1600900025523506,1.2676883889768353,0.0,0
race_score>=0.65_odds_50_500_ev>=1.2_top1,241,241,24100,0,-24100,0.0,0,0.0,0.0,0.6911747324963764,0.6503128804449101,452.9253112033195,462.7,2.1600900025523506,1.2676883889768353,0.0,0
race_score>=0.65_odds_50_1000_top1_by_ticket_score,241,241,24100,0,-24100,0.0,0,0.0,0.0,0.6911747324963764,0.6503128804449101,193.30414937759338,131.3,1.0805649129341888,0.2351477209984394,0.0,0
race_score>=0.65_odds_50_1000_top1_by_value_score,241,241,24100,0,-24100,0.0,0,0.0,0.0,0.6911747324963764,0.6503128804449101,882.4369294605808,900.3,3.837087829994416,2.4054184432386836,0.0,0
race_score>=0.65_odds_50_1000_top1_by_expected_roi,241,241,24100,0,-24100,0.0,0,0.0,0.0,0.6911747324963764,0.6503128804449101,882.4369294605808,900.3,3.837087829994416,2.4054184432386836,0.0,0
race_score>=0.65_odds_50_1000_ev>=0.8_top1,241,241,24100,0,-24100,0.0,0,0.0,0.0,0.6911747324963764,0.6503128804449101,882.4369294605808,900.3,3.837087829994416,2.4054184432386836,0.0,0
race_score>=0.65_odds_50_1000_ev>=1.0_top1,241,241,24100,0,-24100,0.0,0,0.0,0.0,0.6911747324963764,0.6503128804449101,882.4369294605808,900.3,3.837087829994416,2.4054184432386836,0.0,0
race_score>=0.65_odds_50_1000_ev>=1.2_top1,241,241,24100,0,-24100,0.0,0,0.0,0.0,0.6911747324963764,0.6503128804449101,882.4369294605808,900.3,3.837087829994416,2.4054184432386836,0.0,0
race_score>=0.65_odds_50_1000_ev>=1.5_top1,241,241,24100,0,-24100,0.0,0,0.0,0.0,0.6911747324963764,0.6503128804449101,882.4369294605808,900.3,3.837087829994416,2.4054184432386836,0.0,0
race_score>=0.65_odds_50_1000_ev>=2.0_top1,241,241,24100,0,-24100,0.0,0,0.0,0.0,0.6911747324963764,0.6503128804449101,882.4369294605808,900.3,3.837087829994416,2.4054184432386836,0.0,0
race_score>=0.65_odds_100_1000_top1_by_ticket_score,241,241,24100,0,-24100,0.0,0,0.0,0.0,0.6911747324963764,0.6503128804449101,256.5460580912863,191.3,1.4340496699547625,0.4445433640354671,0.0,0
race_score>=0.65_odds_100_1000_top1_by_value_score,241,241,24100,0,-24100,0.0,0,0.0,0.0,0.6911747324963764,0.6503128804449101,882.4369294605808,900.3,3.837087829994416,2.4054184432386836,0.0,0
race_score>=0.65_odds_100_1000_top1_by_expected_roi,241,241,24100,0,-24100,0.0,0,0.0,0.0,0.6911747324963764,0.6503128804449101,882.4369294605808,900.3,3.837087829994416,2.4054184432386836,0.0,0
race_score>=0.65_odds_100_1000_ev>=0.8_top1,241,241,24100,0,-24100,0.0,0,0.0,0.0,0.6911747324963764,0.6503128804449101,882.4369294605808,900.3,3.837087829994416,2.4054184432386836,0.0,0
race_score>=0.65_odds_100_1000_ev>=1.0_top1,241,241,24100,0,-24100,0.0,0,0.0,0.0,0.6911747324963764,0.6503128804449101,882.4369294605808,900.3,3.837087829994416,2.4054184432386836,0.0,0
race_score>=0.65_odds_100_1000_ev>=1.2_top1,241,241,24100,0,-24100,0.0,0,0.0,0.0,0.6911747324963764,0.6503128804449101,882.4369294605808,900.3,3.837087829994416,2.4054184432386836,0.0,0
race_score>=0.65_odds_100_1000_ev>=1.5_top1,241,241,24100,0,-24100,0.0,0,0.0,0.0,0.6911747324963764,0.6503128804449101,882.4369294605808,900.3,3.837087829994416,2.4054184432386836,0.0,0
race_score>=0.65_odds_100_1000_ev>=2.0_top1,241,241,24100,0,-24100,0.0,0,0.0,0.0,0.6911747324963764,0.6503128804449101,882.4369294605808,900.3,3.837087829994416,2.4054184432386836,0.0,0
race_score>=0.65_odds_30_500_ev>=1.5_top3,231,638,63800,0,-63800,0.0,0,0.0,0.0,0.6882951558133918,0.6503128804449101,433.32382445141064,446.4,2.0357714158202156,1.5047705783546044,0.0,0
race_score>=0.65_odds_50_500_ev>=1.5_top3,231,638,63800,0,-63800,0.0,0,0.0,0.0,0.6882951558133918,0.6503128804449101,433.32382445141064,446.4,2.0357714158202156,1.5047705783546044,0.0,0
race_score>=0.65_odds_30_500_ev>=1.5_top2,231,444,44400,0,-44400,0.0,0,0.0,0.0,0.6887756691888346,0.6503128804449101,441.3644144144144,452.79999999999995,2.0963737737871084,1.5111382804866915,0.0,0
race_score>=0.65_odds_50_500_ev>=1.5_top2,231,444,44400,0,-44400,0.0,0,0.0,0.0,0.6887756691888346,0.6503128804449101,441.3644144144144,452.79999999999995,2.0963737737871084,1.5111382804866915,0.0,0
race_score>=0.65_odds_30_500_ev>=1.5_top1,231,231,23100,0,-23100,0.0,0,0.0,0.0,0.6898036066145758,0.6503128804449101,452.53852813852825,462.7,2.193577303848668,1.5120515160145482,0.0,0
race_score>=0.65_odds_50_500_ev>=1.5_top1,231,231,23100,0,-23100,0.0,0,0.0,0.0,0.6898036066145758,0.6503128804449101,452.53852813852825,462.7,2.193577303848668,1.5120515160145482,0.0,0
race_score>=0.65_odds_50_1000_ev>=3.0,213,1030,103000,0,-103000,0.0,0,0.0,0.0,0.6837560742514012,0.6503128804449101,823.9845631067961,845.9,3.5590477098773965,3.0003974834552465,0.0,0
race_score>=0.65_odds_100_1000_ev>=3.0,213,1030,103000,0,-103000,0.0,0,0.0,0.0,0.6837560742514012,0.6503128804449101,823.9845631067961,845.9,3.5590477098773965,3.0003974834552465,0.0,0
race_score>=0.65_odds_50_1000_ev>=3.0_top5,213,781,78100,0,-78100,0.0,0,0.0,0.0,0.6857154600616029,0.6503128804449101,840.1329065300897,857.4,3.651387445121854,3.0006469383217005,0.0,0
race_score>=0.65_odds_100_1000_ev>=3.0_top5,213,781,78100,0,-78100,0.0,0,0.0,0.0,0.6857154600616029,0.6503128804449101,840.1329065300897,857.4,3.651387445121854,3.0006469383217005,0.0,0
race_score>=0.65_odds_50_1000_ev>=3.0_top3,213,547,54700,0,-54700,0.0,0,0.0,0.0,0.6873594236364404,0.6503128804449101,857.6519195612431,872.8,3.761014222599064,3.0011608418136473,0.0,0
race_score>=0.65_odds_100_1000_ev>=3.0_top3,213,547,54700,0,-54700,0.0,0,0.0,0.0,0.6873594236364404,0.6503128804449101,857.6519195612431,872.8,3.761014222599064,3.0011608418136473,0.0,0
race_score>=0.65_odds_50_1000_ev>=3.0_top2,213,395,39500,0,-39500,0.0,0,0.0,0.0,0.6884042965675699,0.6503128804449101,868.0875949367089,882.8,3.842021359489149,3.0011608418136473,0.0,0
race_score>=0.65_odds_100_1000_ev>=3.0_top2,213,395,39500,0,-39500,0.0,0,0.0,0.0,0.6884042965675699,0.6503128804449101,868.0875949367089,882.8,3.842021359489149,3.0011608418136473,0.0,0
race_score>=0.65_odds_50_1000_ev>=3.0_top1,213,213,21300,0,-21300,0.0,0,0.0,0.0,0.6894949523633895,0.6503128804449101,883.9145539906103,900.9,3.968115290038609,3.0011608418136473,0.0,0
race_score>=0.65_odds_100_1000_ev>=3.0_top1,213,213,21300,0,-21300,0.0,0,0.0,0.0,0.6894949523633895,0.6503128804449101,883.9145539906103,900.9,3.968115290038609,3.0011608418136473,0.0,0
race_score>=0.50_odds_30_500_ev>=3.0,153,285,28500,0,-28500,0.0,0,0.0,0.0,0.5518895340753949,0.5001748065414573,427.2543859649123,444.1,3.4679621274970533,3.0017071060662137,0.0,0
race_score>=0.50_odds_50_500_ev>=3.0,153,285,28500,0,-28500,0.0,0,0.0,0.0,0.5518895340753949,0.5001748065414573,427.2543859649123,444.1,3.4679621274970533,3.0017071060662137,0.0,0
race_score>=0.50_odds_30_500_ev>=3.0_top5,153,281,28100,0,-28100,0.0,0,0.0,0.0,0.5520957576028501,0.5001748065414573,428.52669039145906,445.9,3.472557154802448,3.0017071060662137,0.0,0
race_score>=0.50_odds_50_500_ev>=3.0_top5,153,281,28100,0,-28100,0.0,0,0.0,0.0,0.5520957576028501,0.5001748065414573,428.52669039145906,445.9,3.472557154802448,3.0017071060662137,0.0,0
race_score>=0.50_odds_30_500_ev>=3.0_top3,153,260,26000,0,-26000,0.0,0,0.0,0.0,0.5519763508026581,0.5001748065414573,431.29615384615386,448.35,3.4949167877778144,3.009128632872775,0.0,0
race_score>=0.50_odds_50_500_ev>=3.0_top3,153,260,26000,0,-26000,0.0,0,0.0,0.0,0.5519763508026581,0.5001748065414573,431.29615384615386,448.35,3.4949167877778144,3.009128632872775,0.0,0
race_score>=0.50_odds_30_500_ev>=3.0_top2,153,227,22700,0,-22700,0.0,0,0.0,0.0,0.5535537064125967,0.5001748065414573,436.35198237885464,451.7,3.5191990940359488,3.009128632872775,0.0,0
race_score>=0.50_odds_50_500_ev>=3.0_top2,153,227,22700,0,-22700,0.0,0,0.0,0.0,0.5535537064125967,0.5001748065414573,436.35198237885464,451.7,3.5191990940359488,3.009128632872775,0.0,0
race_score>=0.50_odds_30_500_ev>=3.0_top1,153,153,15300,0,-15300,0.0,0,0.0,0.0,0.557583823172699,0.5001748065414573,443.7849673202615,457.9,3.5668455343833694,3.0135165055902835,0.0,0
race_score>=0.50_odds_50_500_ev>=3.0_top1,153,153,15300,0,-15300,0.0,0,0.0,0.0,0.557583823172699,0.5001748065414573,443.7849673202615,457.9,3.5668455343833694,3.0135165055902835,0.0,0
race_score>=0.65_odds_30_500_ev>=2.0,147,388,38800,0,-38800,0.0,0,0.0,0.0,0.6802931983713996,0.6503128804449101,433.4713917525773,447.75,2.3114454499443973,2.0009439525030115,0.0,0
race_score>=0.65_odds_50_500_ev>=2.0,147,388,38800,0,-38800,0.0,0,0.0,0.0,0.6802931983713996,0.6503128804449101,433.4713917525773,447.75,2.3114454499443973,2.0009439525030115,0.0,0
race_score>=0.65_odds_30_500_ev>=2.0_top5,147,358,35800,0,-35800,0.0,0,0.0,0.0,0.6809866350126261,0.6503128804449101,436.2019553072626,450.75,2.3273143144308377,2.0009439525030115,0.0,0
race_score>=0.65_odds_50_500_ev>=2.0_top5,147,358,35800,0,-35800,0.0,0,0.0,0.0,0.6809866350126261,0.6503128804449101,436.2019553072626,450.75,2.3273143144308377,2.0009439525030115,0.0,0
race_score>=0.65_odds_30_500_ev>=2.0_top3,147,304,30400,0,-30400,0.0,0,0.0,0.0,0.6819723767795876,0.6503128804449101,438.25296052631575,451.95,2.351280648209483,2.0009439525030115,0.0,0
race_score>=0.65_odds_50_500_ev>=2.0_top3,147,304,30400,0,-30400,0.0,0,0.0,0.0,0.6819723767795876,0.6503128804449101,438.25296052631575,451.95,2.351280648209483,2.0009439525030115,0.0,0
race_score>=0.65_odds_30_500_ev>=2.0_top2,147,246,24600,0,-24600,0.0,0,0.0,0.0,0.6829324082487003,0.6503128804449101,442.9670731707317,455.5,2.375041807896204,2.006306579066755,0.0,0
race_score>=0.65_odds_50_500_ev>=2.0_top2,147,246,24600,0,-24600,0.0,0,0.0,0.0,0.6829324082487003,0.6503128804449101,442.9670731707317,455.5,2.375041807896204,2.006306579066755,0.0,0
race_score>=0.65_odds_30_500_ev>=2.0_top1,147,147,14700,0,-14700,0.0,0,0.0,0.0,0.684766902859153,0.6503128804449101,452.6727891156462,464.8,2.4330384577942943,2.006306579066755,0.0,0
race_score>=0.65_odds_50_500_ev>=2.0_top1,147,147,14700,0,-14700,0.0,0,0.0,0.0,0.684766902859153,0.6503128804449101,452.6727891156462,464.8,2.4330384577942943,2.006306579066755,0.0,0
race_score>=0.70_odds_all_top30_by_value_score,80,2400,240000,0,-240000,0.0,0,0.0,0.0,0.7278454278400386,0.70091851553384,5937.832833333333,5701.700000000001,9.84482455164715,2.906725331412048,0.0,0
race_score>=0.70_odds_all_top30_by_expected_roi,80,2400,240000,0,-240000,0.0,0,0.0,0.0,0.7278454278400386,0.70091851553384,5937.832833333333,5701.700000000001,9.84482455164715,2.906725331412048,0.0,0
race_score>=0.70_odds_30plus_top30_by_value_score,80,2400,240000,0,-240000,0.0,0,0.0,0.0,0.7278454278400386,0.70091851553384,5937.832833333333,5701.700000000001,9.84482455164715,2.906725331412048,0.0,0
race_score>=0.70_odds_30plus_top30_by_expected_roi,80,2400,240000,0,-240000,0.0,0,0.0,0.0,0.7278454278400386,0.70091851553384,5937.832833333333,5701.700000000001,9.84482455164715,2.906725331412048,0.0,0
race_score>=0.70_odds_50plus_top30_by_value_score,80,2400,240000,0,-240000,0.0,0,0.0,0.0,0.7278454278400386,0.70091851553384,5937.832833333333,5701.700000000001,9.84482455164715,2.906725331412048,0.0,0
race_score>=0.70_odds_50plus_top30_by_expected_roi,80,2400,240000,0,-240000,0.0,0,0.0,0.0,0.7278454278400386,0.70091851553384,5937.832833333333,5701.700000000001,9.84482455164715,2.906725331412048,0.0,0
race_score>=0.70_odds_100plus_top30_by_value_score,80,2400,240000,0,-240000,0.0,0,0.0,0.0,0.7278454278400386,0.70091851553384,5937.832833333333,5701.700000000001,9.84482455164715,2.906725331412048,0.0,0
race_score>=0.70_odds_100plus_top30_by_expected_roi,80,2400,240000,0,-240000,0.0,0,0.0,0.0,0.7278454278400386,0.70091851553384,5937.832833333333,5701.700000000001,9.84482455164715,2.906725331412048,0.0,0
race_score>=0.70_odds_all_top20_by_value_score,80,1600,160000,0,-160000,0.0,0,0.0,0.0,0.7278454278400388,0.70091851553384,6132.9659375,6039.1,10.562295804378541,3.148780356532892,0.0,0
race_score>=0.70_odds_all_top20_by_expected_roi,80,1600,160000,0,-160000,0.0,0,0.0,0.0,0.7278454278400388,0.70091851553384,6132.9659375,6039.1,10.562295804378541,3.148780356532892,0.0,0
race_score>=0.70_odds_30plus_top20_by_value_score,80,1600,160000,0,-160000,0.0,0,0.0,0.0,0.7278454278400388,0.70091851553384,6132.9659375,6039.1,10.562295804378541,3.148780356532892,0.0,0
race_score>=0.70_odds_30plus_top20_by_expected_roi,80,1600,160000,0,-160000,0.0,0,0.0,0.0,0.7278454278400388,0.70091851553384,6132.9659375,6039.1,10.562295804378541,3.148780356532892,0.0,0
race_score>=0.70_odds_50plus_top20_by_value_score,80,1600,160000,0,-160000,0.0,0,0.0,0.0,0.7278454278400388,0.70091851553384,6132.9659375,6039.1,10.562295804378541,3.148780356532892,0.0,0
race_score>=0.70_odds_50plus_top20_by_expected_roi,80,1600,160000,0,-160000,0.0,0,0.0,0.0,0.7278454278400388,0.70091851553384,6132.9659375,6039.1,10.562295804378541,3.148780356532892,0.0,0
race_score>=0.70_odds_100plus_top20_by_value_score,80,1600,160000,0,-160000,0.0,0,0.0,0.0,0.7278454278400388,0.70091851553384,6132.9659375,6039.1,10.562295804378541,3.148780356532892,0.0,0
race_score>=0.70_odds_100plus_top20_by_expected_roi,80,1600,160000,0,-160000,0.0,0,0.0,0.0,0.7278454278400388,0.70091851553384,6132.9659375,6039.1,10.562295804378541,3.148780356532892,0.0,0
race_score>=0.70_odds_50_1000_top20_by_value_score,80,1600,160000,0,-160000,0.0,0,0.0,0.0,0.7278454278400388,0.70091851553384,786.8594374999999,806.95,2.4842319496904834,1.5091405567504657,0.0,0
race_score>=0.70_odds_50_1000_top20_by_expected_roi,80,1600,160000,0,-160000,0.0,0,0.0,0.0,0.7278454278400388,0.70091851553384,786.8594374999999,806.95,2.4842319496904834,1.5091405567504657,0.0,0
race_score>=0.70_odds_100_1000_top20_by_value_score,80,1600,160000,0,-160000,0.0,0,0.0,0.0,0.7278454278400388,0.70091851553384,786.8594374999999,806.95,2.4842319496904834,1.5091405567504657,0.0,0
race_score>=0.70_odds_100_1000_top20_by_expected_roi,80,1600,160000,0,-160000,0.0,0,0.0,0.0,0.7278454278400388,0.70091851553384,786.8594374999999,806.95,2.4842319496904834,1.5091405567504657,0.0,0
race_score>=0.70_odds_50_1000_ev>=2.0,80,1519,151900,0,-151900,0.0,0,0.0,0.0,0.7272509635575625,0.70091851553384,787.16629361422,807.8,2.5502738990047007,2.0009723104139905,0.0,0
race_score>=0.70_odds_100_1000_ev>=2.0,80,1519,151900,0,-151900,0.0,0,0.0,0.0,0.7272509635575625,0.70091851553384,787.16629361422,807.8,2.5502738990047007,2.0009723104139905,0.0,0
race_score>=0.70_odds_all_top10_by_value_score,80,800,80000,0,-80000,0.0,0,0.0,0.0,0.7278454278400388,0.70091851553384,6342.823125,6294.0,11.655301574621845,3.5803480635620524,0.0,0
race_score>=0.70_odds_all_top10_by_expected_roi,80,800,80000,0,-80000,0.0,0,0.0,0.0,0.7278454278400388,0.70091851553384,6342.823125,6294.0,11.655301574621845,3.5803480635620524,0.0,0
race_score>=0.70_odds_30plus_top10_by_value_score,80,800,80000,0,-80000,0.0,0,0.0,0.0,0.7278454278400388,0.70091851553384,6342.823125,6294.0,11.655301574621845,3.5803480635620524,0.0,0
race_score>=0.70_odds_30plus_top10_by_expected_roi,80,800,80000,0,-80000,0.0,0,0.0,0.0,0.7278454278400388,0.70091851553384,6342.823125,6294.0,11.655301574621845,3.5803480635620524,0.0,0
race_score>=0.70_odds_50plus_top10_by_value_score,80,800,80000,0,-80000,0.0,0,0.0,0.0,0.7278454278400388,0.70091851553384,6342.823125,6294.0,11.655301574621845,3.5803480635620524,0.0,0
race_score>=0.70_odds_50plus_top10_by_expected_roi,80,800,80000,0,-80000,0.0,0,0.0,0.0,0.7278454278400388,0.70091851553384,6342.823125,6294.0,11.655301574621845,3.5803480635620524,0.0,0
race_score>=0.70_odds_100plus_top10_by_value_score,80,800,80000,0,-80000,0.0,0,0.0,0.0,0.7278454278400388,0.70091851553384,6342.823125,6294.0,11.655301574621845,3.5803480635620524,0.0,0
race_score>=0.70_odds_100plus_top10_by_expected_roi,80,800,80000,0,-80000,0.0,0,0.0,0.0,0.7278454278400388,0.70091851553384,6342.823125,6294.0,11.655301574621845,3.5803480635620524,0.0,0
race_score>=0.70_odds_50_1000_top10_by_value_score,80,800,80000,0,-80000,0.0,0,0.0,0.0,0.7278454278400388,0.70091851553384,823.5777499999999,843.4,2.817464475233317,1.6814788914765142,0.0,0
race_score>=0.70_odds_50_1000_top10_by_expected_roi,80,800,80000,0,-80000,0.0,0,0.0,0.0,0.7278454278400388,0.70091851553384,823.5777499999999,843.4,2.817464475233317,1.6814788914765142,0.0,0
race_score>=0.70_odds_100_1000_top10_by_value_score,80,800,80000,0,-80000,0.0,0,0.0,0.0,0.7278454278400388,0.70091851553384,823.5777499999999,843.4,2.817464475233317,1.6814788914765142,0.0,0
race_score>=0.70_odds_100_1000_top10_by_expected_roi,80,800,80000,0,-80000,0.0,0,0.0,0.0,0.7278454278400388,0.70091851553384,823.5777499999999,843.4,2.817464475233317,1.6814788914765142,0.0,0
race_score>=0.70_odds_all_top5_by_value_score,80,400,40000,0,-40000,0.0,0,0.0,0.0,0.7278454278400388,0.70091851553384,6534.95675,6583.75,12.649910619462545,3.9270605714479503,0.0,0
race_score>=0.70_odds_all_top5_by_expected_roi,80,400,40000,0,-40000,0.0,0,0.0,0.0,0.7278454278400388,0.70091851553384,6534.95675,6583.75,12.649910619462545,3.9270605714479503,0.0,0
race_score>=0.70_odds_all_ev>=0.8_top5,80,400,40000,0,-40000,0.0,0,0.0,0.0,0.7278454278400388,0.70091851553384,6534.95675,6583.75,12.649910619462545,3.9270605714479503,0.0,0
race_score>=0.70_odds_all_ev>=1.0_top5,80,400,40000,0,-40000,0.0,0,0.0,0.0,0.7278454278400388,0.70091851553384,6534.95675,6583.75,12.649910619462545,3.9270605714479503,0.0,0
race_score>=0.70_odds_all_ev>=1.2_top5,80,400,40000,0,-40000,0.0,0,0.0,0.0,0.7278454278400388,0.70091851553384,6534.95675,6583.75,12.649910619462545,3.9270605714479503,0.0,0
race_score>=0.70_odds_all_ev>=1.5_top5,80,400,40000,0,-40000,0.0,0,0.0,0.0,0.7278454278400388,0.70091851553384,6534.95675,6583.75,12.649910619462545,3.9270605714479503,0.0,0
race_score>=0.70_odds_all_ev>=2.0_top5,80,400,40000,0,-40000,0.0,0,0.0,0.0,0.7278454278400388,0.70091851553384,6534.95675,6583.75,12.649910619462545,3.9270605714479503,0.0,0
race_score>=0.70_odds_all_ev>=3.0_top5,80,400,40000,0,-40000,0.0,0,0.0,0.0,0.7278454278400388,0.70091851553384,6534.95675,6583.75,12.649910619462545,3.9270605714479503,0.0,0
race_score>=0.70_odds_30plus_top5_by_value_score,80,400,40000,0,-40000,0.0,0,0.0,0.0,0.7278454278400388,0.70091851553384,6534.95675,6583.75,12.649910619462545,3.9270605714479503,0.0,0
race_score>=0.70_odds_30plus_top5_by_expected_roi,80,400,40000,0,-40000,0.0,0,0.0,0.0,0.7278454278400388,0.70091851553384,6534.95675,6583.75,12.649910619462545,3.9270605714479503,0.0,0
race_score>=0.70_odds_30plus_ev>=0.8_top5,80,400,40000,0,-40000,0.0,0,0.0,0.0,0.7278454278400388,0.70091851553384,6534.95675,6583.75,12.649910619462545,3.9270605714479503,0.0,0
race_score>=0.70_odds_30plus_ev>=1.0_top5,80,400,40000,0,-40000,0.0,0,0.0,0.0,0.7278454278400388,0.70091851553384,6534.95675,6583.75,12.649910619462545,3.9270605714479503,0.0,0
race_score>=0.70_odds_30plus_ev>=1.2_top5,80,400,40000,0,-40000,0.0,0,0.0,0.0,0.7278454278400388,0.70091851553384,6534.95675,6583.75,12.649910619462545,3.9270605714479503,0.0,0
race_score>=0.70_odds_30plus_ev>=1.5_top5,80,400,40000,0,-40000,0.0,0,0.0,0.0,0.7278454278400388,0.70091851553384,6534.95675,6583.75,12.649910619462545,3.9270605714479503,0.0,0
race_score>=0.70_odds_30plus_ev>=2.0_top5,80,400,40000,0,-40000,0.0,0,0.0,0.0,0.7278454278400388,0.70091851553384,6534.95675,6583.75,12.649910619462545,3.9270605714479503,0.0,0
race_score>=0.70_odds_30plus_ev>=3.0_top5,80,400,40000,0,-40000,0.0,0,0.0,0.0,0.7278454278400388,0.70091851553384,6534.95675,6583.75,12.649910619462545,3.9270605714479503,0.0,0
race_score>=0.70_odds_50plus_top5_by_ticket_score,80,400,40000,0,-40000,0.0,0,0.0,0.0,0.7278454278400388,0.70091851553384,280.79675,174.8,1.3483338682414308,0.1965059847627693,0.0,0
race_score>=0.70_odds_50plus_top5_by_value_score,80,400,40000,0,-40000,0.0,0,0.0,0.0,0.7278454278400388,0.70091851553384,6534.95675,6583.75,12.649910619462545,3.9270605714479503,0.0,0
race_score>=0.70_odds_50plus_top5_by_expected_roi,80,400,40000,0,-40000,0.0,0,0.0,0.0,0.7278454278400388,0.70091851553384,6534.95675,6583.75,12.649910619462545,3.9270605714479503,0.0,0
race_score>=0.70_odds_50plus_ev>=0.8_top5,80,400,40000,0,-40000,0.0,0,0.0,0.0,0.7278454278400388,0.70091851553384,6534.95675,6583.75,12.649910619462545,3.9270605714479503,0.0,0
race_score>=0.70_odds_50plus_ev>=1.0_top5,80,400,40000,0,-40000,0.0,0,0.0,0.0,0.7278454278400388,0.70091851553384,6534.95675,6583.75,12.649910619462545,3.9270605714479503,0.0,0
race_score>=0.70_odds_50plus_ev>=1.2_top5,80,400,40000,0,-40000,0.0,0,0.0,0.0,0.7278454278400388,0.70091851553384,6534.95675,6583.75,12.649910619462545,3.9270605714479503,0.0,0
race_score>=0.70_odds_50plus_ev>=1.5_top5,80,400,40000,0,-40000,0.0,0,0.0,0.0,0.7278454278400388,0.70091851553384,6534.95675,6583.75,12.649910619462545,3.9270605714479503,0.0,0
race_score>=0.70_odds_50plus_ev>=2.0_top5,80,400,40000,0,-40000,0.0,0,0.0,0.0,0.7278454278400388,0.70091851553384,6534.95675,6583.75,12.649910619462545,3.9270605714479503,0.0,0
race_score>=0.70_odds_50plus_ev>=3.0_top5,80,400,40000,0,-40000,0.0,0,0.0,0.0,0.7278454278400388,0.70091851553384,6534.95675,6583.75,12.649910619462545,3.9270605714479503,0.0,0
race_score>=0.70_odds_100plus_top5_by_ticket_score,80,400,40000,0,-40000,0.0,0,0.0,0.0,0.7278454278400388,0.70091851553384,359.04375,232.75,1.7065345783985704,0.33649912028194334,0.0,0
race_score>=0.70_odds_100plus_top5_by_value_score,80,400,40000,0,-40000,0.0,0,0.0,0.0,0.7278454278400388,0.70091851553384,6534.95675,6583.75,12.649910619462545,3.9270605714479503,0.0,0
race_score>=0.70_odds_100plus_top5_by_expected_roi,80,400,40000,0,-40000,0.0,0,0.0,0.0,0.7278454278400388,0.70091851553384,6534.95675,6583.75,12.649910619462545,3.9270605714479503,0.0,0
race_score>=0.70_odds_100plus_ev>=0.8_top5,80,400,40000,0,-40000,0.0,0,0.0,0.0,0.7278454278400388,0.70091851553384,6534.95675,6583.75,12.649910619462545,3.9270605714479503,0.0,0
race_score>=0.70_odds_100plus_ev>=1.0_top5,80,400,40000,0,-40000,0.0,0,0.0,0.0,0.7278454278400388,0.70091851553384,6534.95675,6583.75,12.649910619462545,3.9270605714479503,0.0,0
race_score>=0.70_odds_100plus_ev>=1.2_top5,80,400,40000,0,-40000,0.0,0,0.0,0.0,0.7278454278400388,0.70091851553384,6534.95675,6583.75,12.649910619462545,3.9270605714479503,0.0,0
race_score>=0.70_odds_100plus_ev>=1.5_top5,80,400,40000,0,-40000,0.0,0,0.0,0.0,0.7278454278400388,0.70091851553384,6534.95675,6583.75,12.649910619462545,3.9270605714479503,0.0,0
race_score>=0.70_odds_100plus_ev>=2.0_top5,80,400,40000,0,-40000,0.0,0,0.0,0.0,0.7278454278400388,0.70091851553384,6534.95675,6583.75,12.649910619462545,3.9270605714479503,0.0,0
race_score>=0.70_odds_100plus_ev>=3.0_top5,80,400,40000,0,-40000,0.0,0,0.0,0.0,0.7278454278400388,0.70091851553384,6534.95675,6583.75,12.649910619462545,3.9270605714479503,0.0,0
race_score>=0.70_odds_50_500_top5_by_ticket_score,80,400,40000,0,-40000,0.0,0,0.0,0.0,0.7278454278400388,0.70091851553384,194.23075,163.14999999999998,0.9275064290551083,0.1965059847627693,0.0,0
race_score>=0.70_odds_50_1000_top5_by_ticket_score,80,400,40000,0,-40000,0.0,0,0.0,0.0,0.7278454278400388,0.70091851553384,243.92425,172.10000000000002,1.1763919381495394,0.1965059847627693,0.0,0
race_score>=0.70_odds_50_1000_top5_by_value_score,80,400,40000,0,-40000,0.0,0,0.0,0.0,0.7278454278400388,0.70091851553384,849.76,861.1500000000001,3.0983509738115345,2.1119875224089406,0.0,0
race_score>=0.70_odds_50_1000_top5_by_expected_roi,80,400,40000,0,-40000,0.0,0,0.0,0.0,0.7278454278400388,0.70091851553384,849.76,861.1500000000001,3.0983509738115345,2.1119875224089406,0.0,0
race_score>=0.70_odds_50_1000_ev>=0.8_top5,80,400,40000,0,-40000,0.0,0,0.0,0.0,0.7278454278400388,0.70091851553384,849.76,861.1500000000001,3.0983509738115345,2.1119875224089406,0.0,0
race_score>=0.70_odds_50_1000_ev>=1.0_top5,80,400,40000,0,-40000,0.0,0,0.0,0.0,0.7278454278400388,0.70091851553384,849.76,861.1500000000001,3.0983509738115345,2.1119875224089406,0.0,0
race_score>=0.70_odds_50_1000_ev>=1.2_top5,80,400,40000,0,-40000,0.0,0,0.0,0.0,0.7278454278400388,0.70091851553384,849.76,861.1500000000001,3.0983509738115345,2.1119875224089406,0.0,0
race_score>=0.70_odds_50_1000_ev>=1.5_top5,80,400,40000,0,-40000,0.0,0,0.0,0.0,0.7278454278400388,0.70091851553384,849.76,861.1500000000001,3.0983509738115345,2.1119875224089406,0.0,0
race_score>=0.70_odds_50_1000_ev>=2.0_top5,80,400,40000,0,-40000,0.0,0,0.0,0.0,0.7278454278400388,0.70091851553384,849.76,861.1500000000001,3.0983509738115345,2.1119875224089406,0.0,0
race_score>=0.70_odds_100_1000_top5_by_ticket_score,80,400,40000,0,-40000,0.0,0,0.0,0.0,0.7278454278400388,0.70091851553384,304.56675,226.15,1.4473899777312251,0.33649912028194334,0.0,0
race_score>=0.70_odds_100_1000_top5_by_value_score,80,400,40000,0,-40000,0.0,0,0.0,0.0,0.7278454278400388,0.70091851553384,849.76,861.1500000000001,3.0983509738115345,2.1119875224089406,0.0,0
race_score>=0.70_odds_100_1000_top5_by_expected_roi,80,400,40000,0,-40000,0.0,0,0.0,0.0,0.7278454278400388,0.70091851553384,849.76,861.1500000000001,3.0983509738115345,2.1119875224089406,0.0,0
race_score>=0.70_odds_100_1000_ev>=0.8_top5,80,400,40000,0,-40000,0.0,0,0.0,0.0,0.7278454278400388,0.70091851553384,849.76,861.1500000000001,3.0983509738115345,2.1119875224089406,0.0,0
race_score>=0.70_odds_100_1000_ev>=1.0_top5,80,400,40000,0,-40000,0.0,0,0.0,0.0,0.7278454278400388,0.70091851553384,849.76,861.1500000000001,3.0983509738115345,2.1119875224089406,0.0,0
race_score>=0.70_odds_100_1000_ev>=1.2_top5,80,400,40000,0,-40000,0.0,0,0.0,0.0,0.7278454278400388,0.70091851553384,849.76,861.1500000000001,3.0983509738115345,2.1119875224089406,0.0,0
race_score>=0.70_odds_100_1000_ev>=1.5_top5,80,400,40000,0,-40000,0.0,0,0.0,0.0,0.7278454278400388,0.70091851553384,849.76,861.1500000000001,3.0983509738115345,2.1119875224089406,0.0,0
race_score>=0.70_odds_100_1000_ev>=2.0_top5,80,400,40000,0,-40000,0.0,0,0.0,0.0,0.7278454278400388,0.70091851553384,849.76,861.1500000000001,3.0983509738115345,2.1119875224089406,0.0,0
race_score>=0.70_odds_all_top3_by_value_score,80,240,24000,0,-24000,0.0,0,0.0,0.0,0.7278454278400387,0.70091851553384,6690.161666666666,6808.45,13.275570814154065,4.1402639483836,0.0,0
race_score>=0.70_odds_all_top3_by_expected_roi,80,240,24000,0,-24000,0.0,0,0.0,0.0,0.7278454278400387,0.70091851553384,6690.161666666666,6808.45,13.275570814154065,4.1402639483836,0.0,0
race_score>=0.70_odds_all_ev>=0.8_top3,80,240,24000,0,-24000,0.0,0,0.0,0.0,0.7278454278400387,0.70091851553384,6690.161666666666,6808.45,13.275570814154065,4.1402639483836,0.0,0
race_score>=0.70_odds_all_ev>=1.0_top3,80,240,24000,0,-24000,0.0,0,0.0,0.0,0.7278454278400387,0.70091851553384,6690.161666666666,6808.45,13.275570814154065,4.1402639483836,0.0,0
race_score>=0.70_odds_all_ev>=1.2_top3,80,240,24000,0,-24000,0.0,0,0.0,0.0,0.7278454278400387,0.70091851553384,6690.161666666666,6808.45,13.275570814154065,4.1402639483836,0.0,0
race_score>=0.70_odds_all_ev>=1.5_top3,80,240,24000,0,-24000,0.0,0,0.0,0.0,0.7278454278400387,0.70091851553384,6690.161666666666,6808.45,13.275570814154065,4.1402639483836,0.0,0
race_score>=0.70_odds_all_ev>=2.0_top3,80,240,24000,0,-24000,0.0,0,0.0,0.0,0.7278454278400387,0.70091851553384,6690.161666666666,6808.45,13.275570814154065,4.1402639483836,0.0,0
race_score>=0.70_odds_all_ev>=3.0_top3,80,240,24000,0,-24000,0.0,0,0.0,0.0,0.7278454278400387,0.70091851553384,6690.161666666666,6808.45,13.275570814154065,4.1402639483836,0.0,0
race_score>=0.70_odds_30plus_top3_by_ticket_score,80,240,24000,0,-24000,0.0,0,0.0,0.0,0.7278454278400387,0.70091851553384,250.3875,146.25,1.2322950568297857,0.14439147689192672,0.0,0
race_score>=0.70_odds_30plus_top3_by_value_score,80,240,24000,0,-24000,0.0,0,0.0,0.0,0.7278454278400387,0.70091851553384,6690.161666666666,6808.45,13.275570814154065,4.1402639483836,0.0,0
race_score>=0.70_odds_30plus_top3_by_expected_roi,80,240,24000,0,-24000,0.0,0,0.0,0.0,0.7278454278400387,0.70091851553384,6690.161666666666,6808.45,13.275570814154065,4.1402639483836,0.0,0
race_score>=0.70_odds_30plus_ev>=0.8_top3,80,240,24000,0,-24000,0.0,0,0.0,0.0,0.7278454278400387,0.70091851553384,6690.161666666666,6808.45,13.275570814154065,4.1402639483836,0.0,0
race_score>=0.70_odds_30plus_ev>=1.0_top3,80,240,24000,0,-24000,0.0,0,0.0,0.0,0.7278454278400387,0.70091851553384,6690.161666666666,6808.45,13.275570814154065,4.1402639483836,0.0,0
race_score>=0.70_odds_30plus_ev>=1.2_top3,80,240,24000,0,-24000,0.0,0,0.0,0.0,0.7278454278400387,0.70091851553384,6690.161666666666,6808.45,13.275570814154065,4.1402639483836,0.0,0
race_score>=0.70_odds_30plus_ev>=1.5_top3,80,240,24000,0,-24000,0.0,0,0.0,0.0,0.7278454278400387,0.70091851553384,6690.161666666666,6808.45,13.275570814154065,4.1402639483836,0.0,0
race_score>=0.70_odds_30plus_ev>=2.0_top3,80,240,24000,0,-24000,0.0,0,0.0,0.0,0.7278454278400387,0.70091851553384,6690.161666666666,6808.45,13.275570814154065,4.1402639483836,0.0,0
race_score>=0.70_odds_30plus_ev>=3.0_top3,80,240,24000,0,-24000,0.0,0,0.0,0.0,0.7278454278400387,0.70091851553384,6690.161666666666,6808.45,13.275570814154065,4.1402639483836,0.0,0
race_score>=0.70_odds_50plus_top3_by_ticket_score,80,240,24000,0,-24000,0.0,0,0.0,0.0,0.7278454278400387,0.70091851553384,264.74,160.95,1.3045121403524969,0.1965059847627693,0.0,0
race_score>=0.70_odds_50plus_top3_by_value_score,80,240,24000,0,-24000,0.0,0,0.0,0.0,0.7278454278400387,0.70091851553384,6690.161666666666,6808.45,13.275570814154065,4.1402639483836,0.0,0
race_score>=0.70_odds_50plus_top3_by_expected_roi,80,240,24000,0,-24000,0.0,0,0.0,0.0,0.7278454278400387,0.70091851553384,6690.161666666666,6808.45,13.275570814154065,4.1402639483836,0.0,0
race_score>=0.70_odds_50plus_ev>=0.8_top3,80,240,24000,0,-24000,0.0,0,0.0,0.0,0.7278454278400387,0.70091851553384,6690.161666666666,6808.45,13.275570814154065,4.1402639483836,0.0,0
race_score>=0.70_odds_50plus_ev>=1.0_top3,80,240,24000,0,-24000,0.0,0,0.0,0.0,0.7278454278400387,0.70091851553384,6690.161666666666,6808.45,13.275570814154065,4.1402639483836,0.0,0
race_score>=0.70_odds_50plus_ev>=1.2_top3,80,240,24000,0,-24000,0.0,0,0.0,0.0,0.7278454278400387,0.70091851553384,6690.161666666666,6808.45,13.275570814154065,4.1402639483836,0.0,0
race_score>=0.70_odds_50plus_ev>=1.5_top3,80,240,24000,0,-24000,0.0,0,0.0,0.0,0.7278454278400387,0.70091851553384,6690.161666666666,6808.45,13.275570814154065,4.1402639483836,0.0,0
race_score>=0.70_odds_50plus_ev>=2.0_top3,80,240,24000,0,-24000,0.0,0,0.0,0.0,0.7278454278400387,0.70091851553384,6690.161666666666,6808.45,13.275570814154065,4.1402639483836,0.0,0
race_score>=0.70_odds_50plus_ev>=3.0_top3,80,240,24000,0,-24000,0.0,0,0.0,0.0,0.7278454278400387,0.70091851553384,6690.161666666666,6808.45,13.275570814154065,4.1402639483836,0.0,0
race_score>=0.70_odds_100plus_top3_by_ticket_score,80,240,24000,0,-24000,0.0,0,0.0,0.0,0.7278454278400387,0.70091851553384,333.9566666666667,224.9,1.634865223824365,0.39198205691989846,0.0,0
race_score>=0.70_odds_100plus_top3_by_value_score,80,240,24000,0,-24000,0.0,0,0.0,0.0,0.7278454278400387,0.70091851553384,6690.161666666666,6808.45,13.275570814154065,4.1402639483836,0.0,0
race_score>=0.70_odds_100plus_top3_by_expected_roi,80,240,24000,0,-24000,0.0,0,0.0,0.0,0.7278454278400387,0.70091851553384,6690.161666666666,6808.45,13.275570814154065,4.1402639483836,0.0,0
race_score>=0.70_odds_100plus_ev>=0.8_top3,80,240,24000,0,-24000,0.0,0,0.0,0.0,0.7278454278400387,0.70091851553384,6690.161666666666,6808.45,13.275570814154065,4.1402639483836,0.0,0
race_score>=0.70_odds_100plus_ev>=1.0_top3,80,240,24000,0,-24000,0.0,0,0.0,0.0,0.7278454278400387,0.70091851553384,6690.161666666666,6808.45,13.275570814154065,4.1402639483836,0.0,0
race_score>=0.70_odds_100plus_ev>=1.2_top3,80,240,24000,0,-24000,0.0,0,0.0,0.0,0.7278454278400387,0.70091851553384,6690.161666666666,6808.45,13.275570814154065,4.1402639483836,0.0,0
race_score>=0.70_odds_100plus_ev>=1.5_top3,80,240,24000,0,-24000,0.0,0,0.0,0.0,0.7278454278400387,0.70091851553384,6690.161666666666,6808.45,13.275570814154065,4.1402639483836,0.0,0
race_score>=0.70_odds_100plus_ev>=2.0_top3,80,240,24000,0,-24000,0.0,0,0.0,0.0,0.7278454278400387,0.70091851553384,6690.161666666666,6808.45,13.275570814154065,4.1402639483836,0.0,0
race_score>=0.70_odds_100plus_ev>=3.0_top3,80,240,24000,0,-24000,0.0,0,0.0,0.0,0.7278454278400387,0.70091851553384,6690.161666666666,6808.45,13.275570814154065,4.1402639483836,0.0,0
race_score>=0.70_odds_50_500_top3_by_ticket_score,80,240,24000,0,-24000,0.0,0,0.0,0.0,0.7278454278400387,0.70091851553384,185.255,145.25,0.9067689509342373,0.1965059847627693,0.0,0
race_score>=0.70_odds_50_1000_top3_by_ticket_score,80,240,24000,0,-24000,0.0,0,0.0,0.0,0.7278454278400387,0.70091851553384,235.20791666666668,159.5,1.1619893930973935,0.1965059847627693,0.0,0
race_score>=0.70_odds_50_1000_top3_by_value_score,80,240,24000,0,-24000,0.0,0,0.0,0.0,0.7278454278400387,0.70091851553384,866.5066666666665,881.95,3.2815956679822995,2.2008489740303965,0.0,0
race_score>=0.70_odds_50_1000_top3_by_expected_roi,80,240,24000,0,-24000,0.0,0,0.0,0.0,0.7278454278400387,0.70091851553384,866.5066666666665,881.95,3.2815956679822995,2.2008489740303965,0.0,0
race_score>=0.70_odds_50_1000_ev>=0.8_top3,80,240,24000,0,-24000,0.0,0,0.0,0.0,0.7278454278400387,0.70091851553384,866.5066666666665,881.95,3.2815956679822995,2.2008489740303965,0.0,0
race_score>=0.70_odds_50_1000_ev>=1.0_top3,80,240,24000,0,-24000,0.0,0,0.0,0.0,0.7278454278400387,0.70091851553384,866.5066666666665,881.95,3.2815956679822995,2.2008489740303965,0.0,0
race_score>=0.70_odds_50_1000_ev>=1.2_top3,80,240,24000,0,-24000,0.0,0,0.0,0.0,0.7278454278400387,0.70091851553384,866.5066666666665,881.95,3.2815956679822995,2.2008489740303965,0.0,0
race_score>=0.70_odds_50_1000_ev>=1.5_top3,80,240,24000,0,-24000,0.0,0,0.0,0.0,0.7278454278400387,0.70091851553384,866.5066666666665,881.95,3.2815956679822995,2.2008489740303965,0.0,0
race_score>=0.70_odds_50_1000_ev>=2.0_top3,80,240,24000,0,-24000,0.0,0,0.0,0.0,0.7278454278400387,0.70091851553384,866.5066666666665,881.95,3.2815956679822995,2.2008489740303965,0.0,0
race_score>=0.70_odds_100_1000_top3_by_ticket_score,80,240,24000,0,-24000,0.0,0,0.0,0.0,0.7278454278400387,0.70091851553384,297.43916666666667,221.55,1.45121521251528,0.39198205691989846,0.0,0
race_score>=0.70_odds_100_1000_top3_by_value_score,80,240,24000,0,-24000,0.0,0,0.0,0.0,0.7278454278400387,0.70091851553384,866.5066666666665,881.95,3.2815956679822995,2.2008489740303965,0.0,0
race_score>=0.70_odds_100_1000_top3_by_expected_roi,80,240,24000,0,-24000,0.0,0,0.0,0.0,0.7278454278400387,0.70091851553384,866.5066666666665,881.95,3.2815956679822995,2.2008489740303965,0.0,0
race_score>=0.70_odds_100_1000_ev>=0.8_top3,80,240,24000,0,-24000,0.0,0,0.0,0.0,0.7278454278400387,0.70091851553384,866.5066666666665,881.95,3.2815956679822995,2.2008489740303965,0.0,0
race_score>=0.70_odds_100_1000_ev>=1.0_top3,80,240,24000,0,-24000,0.0,0,0.0,0.0,0.7278454278400387,0.70091851553384,866.5066666666665,881.95,3.2815956679822995,2.2008489740303965,0.0,0
race_score>=0.70_odds_100_1000_ev>=1.2_top3,80,240,24000,0,-24000,0.0,0,0.0,0.0,0.7278454278400387,0.70091851553384,866.5066666666665,881.95,3.2815956679822995,2.2008489740303965,0.0,0
race_score>=0.70_odds_100_1000_ev>=1.5_top3,80,240,24000,0,-24000,0.0,0,0.0,0.0,0.7278454278400387,0.70091851553384,866.5066666666665,881.95,3.2815956679822995,2.2008489740303965,0.0,0
race_score>=0.70_odds_100_1000_ev>=2.0_top3,80,240,24000,0,-24000,0.0,0,0.0,0.0,0.7278454278400387,0.70091851553384,866.5066666666665,881.95,3.2815956679822995,2.2008489740303965,0.0,0
race_score>=0.70_odds_all_top2_by_value_score,80,160,16000,0,-16000,0.0,0,0.0,0.0,0.7278454278400386,0.70091851553384,6853.904375,6923.200000000001,13.687714979575997,4.3336548594988935,0.0,0
race_score>=0.70_odds_all_top2_by_expected_roi,80,160,16000,0,-16000,0.0,0,0.0,0.0,0.7278454278400386,0.70091851553384,6853.904375,6923.200000000001,13.687714979575997,4.3336548594988935,0.0,0
race_score>=0.70_odds_all_ev>=0.8_top2,80,160,16000,0,-16000,0.0,0,0.0,0.0,0.7278454278400386,0.70091851553384,6853.904375,6923.200000000001,13.687714979575997,4.3336548594988935,0.0,0
race_score>=0.70_odds_all_ev>=1.0_top2,80,160,16000,0,-16000,0.0,0,0.0,0.0,0.7278454278400386,0.70091851553384,6853.904375,6923.200000000001,13.687714979575997,4.3336548594988935,0.0,0
race_score>=0.70_odds_all_ev>=1.2_top2,80,160,16000,0,-16000,0.0,0,0.0,0.0,0.7278454278400386,0.70091851553384,6853.904375,6923.200000000001,13.687714979575997,4.3336548594988935,0.0,0
race_score>=0.70_odds_all_ev>=1.5_top2,80,160,16000,0,-16000,0.0,0,0.0,0.0,0.7278454278400386,0.70091851553384,6853.904375,6923.200000000001,13.687714979575997,4.3336548594988935,0.0,0
race_score>=0.70_odds_all_ev>=2.0_top2,80,160,16000,0,-16000,0.0,0,0.0,0.0,0.7278454278400386,0.70091851553384,6853.904375,6923.200000000001,13.687714979575997,4.3336548594988935,0.0,0
race_score>=0.70_odds_all_ev>=3.0_top2,80,160,16000,0,-16000,0.0,0,0.0,0.0,0.7278454278400386,0.70091851553384,6853.904375,6923.200000000001,13.687714979575997,4.3336548594988935,0.0,0
race_score>=0.70_odds_30plus_top2_by_ticket_score,80,160,16000,0,-16000,0.0,0,0.0,0.0,0.7278454278400386,0.70091851553384,225.6425,132.75,1.109531241475118,0.14754044545669487,0.0,0
race_score>=0.70_odds_30plus_top2_by_value_score,80,160,16000,0,-16000,0.0,0,0.0,0.0,0.7278454278400386,0.70091851553384,6853.904375,6923.200000000001,13.687714979575997,4.3336548594988935,0.0,0
race_score>=0.70_odds_30plus_top2_by_expected_roi,80,160,16000,0,-16000,0.0,0,0.0,0.0,0.7278454278400386,0.70091851553384,6853.904375,6923.200000000001,13.687714979575997,4.3336548594988935,0.0,0
race_score>=0.70_odds_30plus_ev>=0.8_top2,80,160,16000,0,-16000,0.0,0,0.0,0.0,0.7278454278400386,0.70091851553384,6853.904375,6923.200000000001,13.687714979575997,4.3336548594988935,0.0,0
race_score>=0.70_odds_30plus_ev>=1.0_top2,80,160,16000,0,-16000,0.0,0,0.0,0.0,0.7278454278400386,0.70091851553384,6853.904375,6923.200000000001,13.687714979575997,4.3336548594988935,0.0,0
race_score>=0.70_odds_30plus_ev>=1.2_top2,80,160,16000,0,-16000,0.0,0,0.0,0.0,0.7278454278400386,0.70091851553384,6853.904375,6923.200000000001,13.687714979575997,4.3336548594988935,0.0,0
race_score>=0.70_odds_30plus_ev>=1.5_top2,80,160,16000,0,-16000,0.0,0,0.0,0.0,0.7278454278400386,0.70091851553384,6853.904375,6923.200000000001,13.687714979575997,4.3336548594988935,0.0,0
race_score>=0.70_odds_30plus_ev>=2.0_top2,80,160,16000,0,-16000,0.0,0,0.0,0.0,0.7278454278400386,0.70091851553384,6853.904375,6923.200000000001,13.687714979575997,4.3336548594988935,0.0,0
race_score>=0.70_odds_30plus_ev>=3.0_top2,80,160,16000,0,-16000,0.0,0,0.0,0.0,0.7278454278400386,0.70091851553384,6853.904375,6923.200000000001,13.687714979575997,4.3336548594988935,0.0,0
race_score>=0.70_odds_50plus_top2_by_ticket_score,80,160,16000,0,-16000,0.0,0,0.0,0.0,0.7278454278400386,0.70091851553384,242.369375,142.35,1.201104536741683,0.1965059847627693,0.0,0
race_score>=0.70_odds_50plus_top2_by_value_score,80,160,16000,0,-16000,0.0,0,0.0,0.0,0.7278454278400386,0.70091851553384,6853.904375,6923.200000000001,13.687714979575997,4.3336548594988935,0.0,0
race_score>=0.70_odds_50plus_top2_by_expected_roi,80,160,16000,0,-16000,0.0,0,0.0,0.0,0.7278454278400386,0.70091851553384,6853.904375,6923.200000000001,13.687714979575997,4.3336548594988935,0.0,0
race_score>=0.70_odds_50plus_ev>=0.8_top2,80,160,16000,0,-16000,0.0,0,0.0,0.0,0.7278454278400386,0.70091851553384,6853.904375,6923.200000000001,13.687714979575997,4.3336548594988935,0.0,0
race_score>=0.70_odds_50plus_ev>=1.0_top2,80,160,16000,0,-16000,0.0,0,0.0,0.0,0.7278454278400386,0.70091851553384,6853.904375,6923.200000000001,13.687714979575997,4.3336548594988935,0.0,0
race_score>=0.70_odds_50plus_ev>=1.2_top2,80,160,16000,0,-16000,0.0,0,0.0,0.0,0.7278454278400386,0.70091851553384,6853.904375,6923.200000000001,13.687714979575997,4.3336548594988935,0.0,0
race_score>=0.70_odds_50plus_ev>=1.5_top2,80,160,16000,0,-16000,0.0,0,0.0,0.0,0.7278454278400386,0.70091851553384,6853.904375,6923.200000000001,13.687714979575997,4.3336548594988935,0.0,0
race_score>=0.70_odds_50plus_ev>=2.0_top2,80,160,16000,0,-16000,0.0,0,0.0,0.0,0.7278454278400386,0.70091851553384,6853.904375,6923.200000000001,13.687714979575997,4.3336548594988935,0.0,0
race_score>=0.70_odds_50plus_ev>=3.0_top2,80,160,16000,0,-16000,0.0,0,0.0,0.0,0.7278454278400386,0.70091851553384,6853.904375,6923.200000000001,13.687714979575997,4.3336548594988935,0.0,0
race_score>=0.70_odds_100plus_top2_by_ticket_score,80,160,16000,0,-16000,0.0,0,0.0,0.0,0.7278454278400386,0.70091851553384,308.97625,213.05,1.5228362837295066,0.4379158756396423,0.0,0
race_score>=0.70_odds_100plus_top2_by_value_score,80,160,16000,0,-16000,0.0,0,0.0,0.0,0.7278454278400386,0.70091851553384,6853.904375,6923.200000000001,13.687714979575997,4.3336548594988935,0.0,0
race_score>=0.70_odds_100plus_top2_by_expected_roi,80,160,16000,0,-16000,0.0,0,0.0,0.0,0.7278454278400386,0.70091851553384,6853.904375,6923.200000000001,13.687714979575997,4.3336548594988935,0.0,0
race_score>=0.70_odds_100plus_ev>=0.8_top2,80,160,16000,0,-16000,0.0,0,0.0,0.0,0.7278454278400386,0.70091851553384,6853.904375,6923.200000000001,13.687714979575997,4.3336548594988935,0.0,0
race_score>=0.70_odds_100plus_ev>=1.0_top2,80,160,16000,0,-16000,0.0,0,0.0,0.0,0.7278454278400386,0.70091851553384,6853.904375,6923.200000000001,13.687714979575997,4.3336548594988935,0.0,0
race_score>=0.70_odds_100plus_ev>=1.2_top2,80,160,16000,0,-16000,0.0,0,0.0,0.0,0.7278454278400386,0.70091851553384,6853.904375,6923.200000000001,13.687714979575997,4.3336548594988935,0.0,0
race_score>=0.70_odds_100plus_ev>=1.5_top2,80,160,16000,0,-16000,0.0,0,0.0,0.0,0.7278454278400386,0.70091851553384,6853.904375,6923.200000000001,13.687714979575997,4.3336548594988935,0.0,0
race_score>=0.70_odds_100plus_ev>=2.0_top2,80,160,16000,0,-16000,0.0,0,0.0,0.0,0.7278454278400386,0.70091851553384,6853.904375,6923.200000000001,13.687714979575997,4.3336548594988935,0.0,0
race_score>=0.70_odds_100plus_ev>=3.0_top2,80,160,16000,0,-16000,0.0,0,0.0,0.0,0.7278454278400386,0.70091851553384,6853.904375,6923.200000000001,13.687714979575997,4.3336548594988935,0.0,0
race_score>=0.70_odds_30_500_top2_by_ticket_score,80,160,16000,0,-16000,0.0,0,0.0,0.0,0.7278454278400386,0.70091851553384,167.986875,129.60000000000002,0.8274298260521242,0.14754044545669487,0.0,0
race_score>=0.70_odds_50_500_top2_by_ticket_score,80,160,16000,0,-16000,0.0,0,0.0,0.0,0.7278454278400386,0.70091851553384,182.57750000000001,133.39999999999998,0.9054619627768721,0.1965059847627693,0.0,0
race_score>=0.70_odds_50_1000_top2_by_ticket_score,80,160,16000,0,-16000,0.0,0,0.0,0.0,0.7278454278400386,0.70091851553384,218.00437499999998,142.35,1.0862156846543354,0.1965059847627693,0.0,0
race_score>=0.70_odds_50_1000_top2_by_value_score,80,160,16000,0,-16000,0.0,0,0.0,0.0,0.7278454278400386,0.70091851553384,881.2143749999999,900.75,3.4144892999742766,2.3217387900144364,0.0,0
race_score>=0.70_odds_50_1000_top2_by_expected_roi,80,160,16000,0,-16000,0.0,0,0.0,0.0,0.7278454278400386,0.70091851553384,881.2143749999999,900.75,3.4144892999742766,2.3217387900144364,0.0,0
race_score>=0.70_odds_50_1000_ev>=0.8_top2,80,160,16000,0,-16000,0.0,0,0.0,0.0,0.7278454278400386,0.70091851553384,881.2143749999999,900.75,3.4144892999742766,2.3217387900144364,0.0,0
race_score>=0.70_odds_50_1000_ev>=1.0_top2,80,160,16000,0,-16000,0.0,0,0.0,0.0,0.7278454278400386,0.70091851553384,881.2143749999999,900.75,3.4144892999742766,2.3217387900144364,0.0,0
race_score>=0.70_odds_50_1000_ev>=1.2_top2,80,160,16000,0,-16000,0.0,0,0.0,0.0,0.7278454278400386,0.70091851553384,881.2143749999999,900.75,3.4144892999742766,2.3217387900144364,0.0,0
race_score>=0.70_odds_50_1000_ev>=1.5_top2,80,160,16000,0,-16000,0.0,0,0.0,0.0,0.7278454278400386,0.70091851553384,881.2143749999999,900.75,3.4144892999742766,2.3217387900144364,0.0,0
race_score>=0.70_odds_50_1000_ev>=2.0_top2,80,160,16000,0,-16000,0.0,0,0.0,0.0,0.7278454278400386,0.70091851553384,881.2143749999999,900.75,3.4144892999742766,2.3217387900144364,0.0,0
race_score>=0.70_odds_100_1000_top2_by_ticket_score,80,160,16000,0,-16000,0.0,0,0.0,0.0,0.7278454278400386,0.70091851553384,284.61125,213.05,1.407947431642159,0.4379158756396423,0.0,0
race_score>=0.70_odds_100_1000_top2_by_value_score,80,160,16000,0,-16000,0.0,0,0.0,0.0,0.7278454278400386,0.70091851553384,881.2143749999999,900.75,3.4144892999742766,2.3217387900144364,0.0,0
race_score>=0.70_odds_100_1000_top2_by_expected_roi,80,160,16000,0,-16000,0.0,0,0.0,0.0,0.7278454278400386,0.70091851553384,881.2143749999999,900.75,3.4144892999742766,2.3217387900144364,0.0,0
race_score>=0.70_odds_100_1000_ev>=0.8_top2,80,160,16000,0,-16000,0.0,0,0.0,0.0,0.7278454278400386,0.70091851553384,881.2143749999999,900.75,3.4144892999742766,2.3217387900144364,0.0,0
race_score>=0.70_odds_100_1000_ev>=1.0_top2,80,160,16000,0,-16000,0.0,0,0.0,0.0,0.7278454278400386,0.70091851553384,881.2143749999999,900.75,3.4144892999742766,2.3217387900144364,0.0,0
race_score>=0.70_odds_100_1000_ev>=1.2_top2,80,160,16000,0,-16000,0.0,0,0.0,0.0,0.7278454278400386,0.70091851553384,881.2143749999999,900.75,3.4144892999742766,2.3217387900144364,0.0,0
race_score>=0.70_odds_100_1000_ev>=1.5_top2,80,160,16000,0,-16000,0.0,0,0.0,0.0,0.7278454278400386,0.70091851553384,881.2143749999999,900.75,3.4144892999742766,2.3217387900144364,0.0,0
race_score>=0.70_odds_100_1000_ev>=2.0_top2,80,160,16000,0,-16000,0.0,0,0.0,0.0,0.7278454278400386,0.70091851553384,881.2143749999999,900.75,3.4144892999742766,2.3217387900144364,0.0,0
race_score>=0.70_odds_all_top1_by_ticket_score,80,80,8000,0,-8000,0.0,0,0.0,0.0,0.7278454278400386,0.70091851553384,203.44375,129.75,1.0284718230015328,0.09836506206462188,0.0,0
race_score>=0.70_odds_all_top1_by_value_score,80,80,8000,0,-8000,0.0,0,0.0,0.0,0.7278454278400386,0.70091851553384,6921.670000000001,7596.299999999999,14.220783449440537,4.477962797428374,0.0,0
race_score>=0.70_odds_all_top1_by_expected_roi,80,80,8000,0,-8000,0.0,0,0.0,0.0,0.7278454278400386,0.70091851553384,6921.670000000001,7596.299999999999,14.220783449440537,4.477962797428374,0.0,0
race_score>=0.70_odds_all_ev>=0.8_top1,80,80,8000,0,-8000,0.0,0,0.0,0.0,0.7278454278400386,0.70091851553384,6921.670000000001,7596.299999999999,14.220783449440537,4.477962797428374,0.0,0
race_score>=0.70_odds_all_ev>=1.0_top1,80,80,8000,0,-8000,0.0,0,0.0,0.0,0.7278454278400386,0.70091851553384,6921.670000000001,7596.299999999999,14.220783449440537,4.477962797428374,0.0,0
race_score>=0.70_odds_all_ev>=1.2_top1,80,80,8000,0,-8000,0.0,0,0.0,0.0,0.7278454278400386,0.70091851553384,6921.670000000001,7596.299999999999,14.220783449440537,4.477962797428374,0.0,0
race_score>=0.70_odds_all_ev>=1.5_top1,80,80,8000,0,-8000,0.0,0,0.0,0.0,0.7278454278400386,0.70091851553384,6921.670000000001,7596.299999999999,14.220783449440537,4.477962797428374,0.0,0
race_score>=0.70_odds_all_ev>=2.0_top1,80,80,8000,0,-8000,0.0,0,0.0,0.0,0.7278454278400386,0.70091851553384,6921.670000000001,7596.299999999999,14.220783449440537,4.477962797428374,0.0,0
race_score>=0.70_odds_all_ev>=3.0_top1,80,80,8000,0,-8000,0.0,0,0.0,0.0,0.7278454278400386,0.70091851553384,6921.670000000001,7596.299999999999,14.220783449440537,4.477962797428374,0.0,0
race_score>=0.70_odds_30plus_top1_by_ticket_score,80,80,8000,0,-8000,0.0,0,0.0,0.0,0.7278454278400386,0.70091851553384,207.185,129.75,1.0490957322041456,0.1779600529575815,0.0,0
race_score>=0.70_odds_30plus_top1_by_value_score,80,80,8000,0,-8000,0.0,0,0.0,0.0,0.7278454278400386,0.70091851553384,6921.670000000001,7596.299999999999,14.220783449440537,4.477962797428374,0.0,0
race_score>=0.70_odds_30plus_top1_by_expected_roi,80,80,8000,0,-8000,0.0,0,0.0,0.0,0.7278454278400386,0.70091851553384,6921.670000000001,7596.299999999999,14.220783449440537,4.477962797428374,0.0,0
race_score>=0.70_odds_30plus_ev>=0.8_top1,80,80,8000,0,-8000,0.0,0,0.0,0.0,0.7278454278400386,0.70091851553384,6921.670000000001,7596.299999999999,14.220783449440537,4.477962797428374,0.0,0
race_score>=0.70_odds_30plus_ev>=1.0_top1,80,80,8000,0,-8000,0.0,0,0.0,0.0,0.7278454278400386,0.70091851553384,6921.670000000001,7596.299999999999,14.220783449440537,4.477962797428374,0.0,0
race_score>=0.70_odds_30plus_ev>=1.2_top1,80,80,8000,0,-8000,0.0,0,0.0,0.0,0.7278454278400386,0.70091851553384,6921.670000000001,7596.299999999999,14.220783449440537,4.477962797428374,0.0,0
race_score>=0.70_odds_30plus_ev>=1.5_top1,80,80,8000,0,-8000,0.0,0,0.0,0.0,0.7278454278400386,0.70091851553384,6921.670000000001,7596.299999999999,14.220783449440537,4.477962797428374,0.0,0
race_score>=0.70_odds_30plus_ev>=2.0_top1,80,80,8000,0,-8000,0.0,0,0.0,0.0,0.7278454278400386,0.70091851553384,6921.670000000001,7596.299999999999,14.220783449440537,4.477962797428374,0.0,0
race_score>=0.70_odds_30plus_ev>=3.0_top1,80,80,8000,0,-8000,0.0,0,0.0,0.0,0.7278454278400386,0.70091851553384,6921.670000000001,7596.299999999999,14.220783449440537,4.477962797428374,0.0,0
race_score>=0.70_odds_50plus_top1_by_ticket_score,80,80,8000,0,-8000,0.0,0,0.0,0.0,0.7278454278400386,0.70091851553384,217.55124999999998,131.8,1.1031382981534954,0.2351477209984394,0.0,0
race_score>=0.70_odds_50plus_top1_by_value_score,80,80,8000,0,-8000,0.0,0,0.0,0.0,0.7278454278400386,0.70091851553384,6921.670000000001,7596.299999999999,14.220783449440537,4.477962797428374,0.0,0
race_score>=0.70_odds_50plus_top1_by_expected_roi,80,80,8000,0,-8000,0.0,0,0.0,0.0,0.7278454278400386,0.70091851553384,6921.670000000001,7596.299999999999,14.220783449440537,4.477962797428374,0.0,0
race_score>=0.70_odds_50plus_ev>=0.8_top1,80,80,8000,0,-8000,0.0,0,0.0,0.0,0.7278454278400386,0.70091851553384,6921.670000000001,7596.299999999999,14.220783449440537,4.477962797428374,0.0,0
race_score>=0.70_odds_50plus_ev>=1.0_top1,80,80,8000,0,-8000,0.0,0,0.0,0.0,0.7278454278400386,0.70091851553384,6921.670000000001,7596.299999999999,14.220783449440537,4.477962797428374,0.0,0
race_score>=0.70_odds_50plus_ev>=1.2_top1,80,80,8000,0,-8000,0.0,0,0.0,0.0,0.7278454278400386,0.70091851553384,6921.670000000001,7596.299999999999,14.220783449440537,4.477962797428374,0.0,0
race_score>=0.70_odds_50plus_ev>=1.5_top1,80,80,8000,0,-8000,0.0,0,0.0,0.0,0.7278454278400386,0.70091851553384,6921.670000000001,7596.299999999999,14.220783449440537,4.477962797428374,0.0,0
race_score>=0.70_odds_50plus_ev>=2.0_top1,80,80,8000,0,-8000,0.0,0,0.0,0.0,0.7278454278400386,0.70091851553384,6921.670000000001,7596.299999999999,14.220783449440537,4.477962797428374,0.0,0
race_score>=0.70_odds_50plus_ev>=3.0_top1,80,80,8000,0,-8000,0.0,0,0.0,0.0,0.7278454278400386,0.70091851553384,6921.670000000001,7596.299999999999,14.220783449440537,4.477962797428374,0.0,0
race_score>=0.70_odds_100plus_top1_by_ticket_score,80,80,8000,0,-8000,0.0,0,0.0,0.0,0.7278454278400386,0.70091851553384,281.28999999999996,189.0,1.4364106628843785,0.4445433640354671,0.0,0
race_score>=0.70_odds_100plus_top1_by_value_score,80,80,8000,0,-8000,0.0,0,0.0,0.0,0.7278454278400386,0.70091851553384,6921.670000000001,7596.299999999999,14.220783449440537,4.477962797428374,0.0,0
race_score>=0.70_odds_100plus_top1_by_expected_roi,80,80,8000,0,-8000,0.0,0,0.0,0.0,0.7278454278400386,0.70091851553384,6921.670000000001,7596.299999999999,14.220783449440537,4.477962797428374,0.0,0
race_score>=0.70_odds_100plus_ev>=0.8_top1,80,80,8000,0,-8000,0.0,0,0.0,0.0,0.7278454278400386,0.70091851553384,6921.670000000001,7596.299999999999,14.220783449440537,4.477962797428374,0.0,0
race_score>=0.70_odds_100plus_ev>=1.0_top1,80,80,8000,0,-8000,0.0,0,0.0,0.0,0.7278454278400386,0.70091851553384,6921.670000000001,7596.299999999999,14.220783449440537,4.477962797428374,0.0,0
race_score>=0.70_odds_100plus_ev>=1.2_top1,80,80,8000,0,-8000,0.0,0,0.0,0.0,0.7278454278400386,0.70091851553384,6921.670000000001,7596.299999999999,14.220783449440537,4.477962797428374,0.0,0
race_score>=0.70_odds_100plus_ev>=1.5_top1,80,80,8000,0,-8000,0.0,0,0.0,0.0,0.7278454278400386,0.70091851553384,6921.670000000001,7596.299999999999,14.220783449440537,4.477962797428374,0.0,0
race_score>=0.70_odds_100plus_ev>=2.0_top1,80,80,8000,0,-8000,0.0,0,0.0,0.0,0.7278454278400386,0.70091851553384,6921.670000000001,7596.299999999999,14.220783449440537,4.477962797428374,0.0,0
race_score>=0.70_odds_100plus_ev>=3.0_top1,80,80,8000,0,-8000,0.0,0,0.0,0.0,0.7278454278400386,0.70091851553384,6921.670000000001,7596.299999999999,14.220783449440537,4.477962797428374,0.0,0
race_score>=0.70_odds_30_500_top1_by_ticket_score,80,80,8000,0,-8000,0.0,0,0.0,0.0,0.7278454278400386,0.70091851553384,163.30125,124.9,0.8245626151232954,0.1779600529575815,0.0,0
race_score>=0.70_odds_30_500_top1_by_value_score,80,80,8000,0,-8000,0.0,0,0.0,0.0,0.7278454278400386,0.70091851553384,459.7512500000001,468.85,1.9746133458160144,1.2676883889768353,0.0,0
race_score>=0.70_odds_30_500_top1_by_expected_roi,80,80,8000,0,-8000,0.0,0,0.0,0.0,0.7278454278400386,0.70091851553384,459.7512500000001,468.85,1.9746133458160144,1.2676883889768353,0.0,0
race_score>=0.70_odds_30_500_ev>=0.8_top1,80,80,8000,0,-8000,0.0,0,0.0,0.0,0.7278454278400386,0.70091851553384,459.7512500000001,468.85,1.9746133458160144,1.2676883889768353,0.0,0
race_score>=0.70_odds_30_500_ev>=1.0_top1,80,80,8000,0,-8000,0.0,0,0.0,0.0,0.7278454278400386,0.70091851553384,459.7512500000001,468.85,1.9746133458160144,1.2676883889768353,0.0,0
race_score>=0.70_odds_30_500_ev>=1.2_top1,80,80,8000,0,-8000,0.0,0,0.0,0.0,0.7278454278400386,0.70091851553384,459.7512500000001,468.85,1.9746133458160144,1.2676883889768353,0.0,0
race_score>=0.70_odds_50_500_top1_by_ticket_score,80,80,8000,0,-8000,0.0,0,0.0,0.0,0.7278454278400386,0.70091851553384,173.66750000000002,131.1,0.8786051810726452,0.22910032666161087,0.0,0
race_score>=0.70_odds_50_500_top1_by_value_score,80,80,8000,0,-8000,0.0,0,0.0,0.0,0.7278454278400386,0.70091851553384,459.7512500000001,468.85,1.9746133458160144,1.2676883889768353,0.0,0
race_score>=0.70_odds_50_500_top1_by_expected_roi,80,80,8000,0,-8000,0.0,0,0.0,0.0,0.7278454278400386,0.70091851553384,459.7512500000001,468.85,1.9746133458160144,1.2676883889768353,0.0,0
race_score>=0.70_odds_50_500_ev>=0.8_top1,80,80,8000,0,-8000,0.0,0,0.0,0.0,0.7278454278400386,0.70091851553384,459.7512500000001,468.85,1.9746133458160144,1.2676883889768353,0.0,0
race_score>=0.70_odds_50_500_ev>=1.0_top1,80,80,8000,0,-8000,0.0,0,0.0,0.0,0.7278454278400386,0.70091851553384,459.7512500000001,468.85,1.9746133458160144,1.2676883889768353,0.0,0
race_score>=0.70_odds_50_500_ev>=1.2_top1,80,80,8000,0,-8000,0.0,0,0.0,0.0,0.7278454278400386,0.70091851553384,459.7512500000001,468.85,1.9746133458160144,1.2676883889768353,0.0,0
race_score>=0.70_odds_50_1000_top1_by_ticket_score,80,80,8000,0,-8000,0.0,0,0.0,0.0,0.7278454278400386,0.70091851553384,203.49375,131.8,1.029228757512155,0.2351477209984394,0.0,0
race_score>=0.70_odds_50_1000_top1_by_value_score,80,80,8000,0,-8000,0.0,0,0.0,0.0,0.7278454278400386,0.70091851553384,897.39375,923.75,3.5882263265144587,2.5237941982704344,0.0,0
race_score>=0.70_odds_50_1000_top1_by_expected_roi,80,80,8000,0,-8000,0.0,0,0.0,0.0,0.7278454278400386,0.70091851553384,897.39375,923.75,3.5882263265144587,2.5237941982704344,0.0,0
race_score>=0.70_odds_50_1000_ev>=0.8_top1,80,80,8000,0,-8000,0.0,0,0.0,0.0,0.7278454278400386,0.70091851553384,897.39375,923.75,3.5882263265144587,2.5237941982704344,0.0,0
race_score>=0.70_odds_50_1000_ev>=1.0_top1,80,80,8000,0,-8000,0.0,0,0.0,0.0,0.7278454278400386,0.70091851553384,897.39375,923.75,3.5882263265144587,2.5237941982704344,0.0,0
race_score>=0.70_odds_50_1000_ev>=1.2_top1,80,80,8000,0,-8000,0.0,0,0.0,0.0,0.7278454278400386,0.70091851553384,897.39375,923.75,3.5882263265144587,2.5237941982704344,0.0,0
race_score>=0.70_odds_50_1000_ev>=1.5_top1,80,80,8000,0,-8000,0.0,0,0.0,0.0,0.7278454278400386,0.70091851553384,897.39375,923.75,3.5882263265144587,2.5237941982704344,0.0,0
race_score>=0.70_odds_50_1000_ev>=2.0_top1,80,80,8000,0,-8000,0.0,0,0.0,0.0,0.7278454278400386,0.70091851553384,897.39375,923.75,3.5882263265144587,2.5237941982704344,0.0,0
race_score>=0.70_odds_100_1000_top1_by_ticket_score,80,80,8000,0,-8000,0.0,0,0.0,0.0,0.7278454278400386,0.70091851553384,267.23249999999996,189.0,1.3625011222430383,0.4445433640354671,0.0,0
race_score>=0.70_odds_100_1000_top1_by_value_score,80,80,8000,0,-8000,0.0,0,0.0,0.0,0.7278454278400386,0.70091851553384,897.39375,923.75,3.5882263265144587,2.5237941982704344,0.0,0
race_score>=0.70_odds_100_1000_top1_by_expected_roi,80,80,8000,0,-8000,0.0,0,0.0,0.0,0.7278454278400386,0.70091851553384,897.39375,923.75,3.5882263265144587,2.5237941982704344,0.0,0
race_score>=0.70_odds_100_1000_ev>=0.8_top1,80,80,8000,0,-8000,0.0,0,0.0,0.0,0.7278454278400386,0.70091851553384,897.39375,923.75,3.5882263265144587,2.5237941982704344,0.0,0
race_score>=0.70_odds_100_1000_ev>=1.0_top1,80,80,8000,0,-8000,0.0,0,0.0,0.0,0.7278454278400386,0.70091851553384,897.39375,923.75,3.5882263265144587,2.5237941982704344,0.0,0
race_score>=0.70_odds_100_1000_ev>=1.2_top1,80,80,8000,0,-8000,0.0,0,0.0,0.0,0.7278454278400386,0.70091851553384,897.39375,923.75,3.5882263265144587,2.5237941982704344,0.0,0
race_score>=0.70_odds_100_1000_ev>=1.5_top1,80,80,8000,0,-8000,0.0,0,0.0,0.0,0.7278454278400386,0.70091851553384,897.39375,923.75,3.5882263265144587,2.5237941982704344,0.0,0
race_score>=0.70_odds_100_1000_ev>=2.0_top1,80,80,8000,0,-8000,0.0,0,0.0,0.0,0.7278454278400386,0.70091851553384,897.39375,923.75,3.5882263265144587,2.5237941982704344,0.0,0
race_score>=0.70_odds_30_500_ev>=1.5_top3,72,192,19200,0,-19200,0.0,0,0.0,0.0,0.7249083793650342,0.70091851553384,439.6208333333334,446.70000000000005,1.8943552445552774,1.5047705783546044,0.0,0
race_score>=0.70_odds_50_500_ev>=1.5_top3,72,192,19200,0,-19200,0.0,0,0.0,0.0,0.7249083793650342,0.70091851553384,439.6208333333334,446.70000000000005,1.8943552445552774,1.5047705783546044,0.0,0
race_score>=0.70_odds_30_500_ev>=1.5_top2,72,135,13500,0,-13500,0.0,0,0.0,0.0,0.7256221645305627,0.70091851553384,448.0962962962963,453.5,1.9491164627677673,1.5111382804866915,0.0,0
race_score>=0.70_odds_50_500_ev>=1.5_top2,72,135,13500,0,-13500,0.0,0,0.0,0.0,0.7256221645305627,0.70091851553384,448.0962962962963,453.5,1.9491164627677673,1.5111382804866915,0.0,0
race_score>=0.70_odds_30_500_ev>=1.5_top1,72,72,7200,0,-7200,0.0,0,0.0,0.0,0.727027737170821,0.70091851553384,459.90416666666664,469.35,2.040796851288612,1.519246957304645,0.0,0
race_score>=0.70_odds_50_500_ev>=1.5_top1,72,72,7200,0,-7200,0.0,0,0.0,0.0,0.727027737170821,0.70091851553384,459.90416666666664,469.35,2.040796851288612,1.519246957304645,0.0,0
race_score>=0.55_odds_30_500_ev>=3.0,70,125,12500,0,-12500,0.0,0,0.0,0.0,0.5882295863194749,0.5505443813644583,431.31280000000004,449.7,3.4718827625146553,3.0017071060662137,0.0,0
race_score>=0.55_odds_50_500_ev>=3.0,70,125,12500,0,-12500,0.0,0,0.0,0.0,0.5882295863194749,0.5505443813644583,431.31280000000004,449.7,3.4718827625146553,3.0017071060662137,0.0,0
race_score>=0.55_odds_30_500_ev>=3.0_top5,70,123,12300,0,-12300,0.0,0,0.0,0.0,0.5885526261861503,0.5505443813644583,432.3975609756098,449.7,3.4787248118414187,3.0017071060662137,0.0,0
race_score>=0.55_odds_50_500_ev>=3.0_top5,70,123,12300,0,-12300,0.0,0,0.0,0.0,0.5885526261861503,0.5505443813644583,432.3975609756098,449.7,3.4787248118414187,3.0017071060662137,0.0,0
race_score>=0.55_odds_30_500_ev>=3.0_top3,70,112,11200,0,-11200,0.0,0,0.0,0.0,0.5893154545758106,0.5505443813644583,436.3446428571429,451.5,3.508188127858098,3.0135165055902835,0.0,0
race_score>=0.55_odds_50_500_ev>=3.0_top3,70,112,11200,0,-11200,0.0,0,0.0,0.0,0.5893154545758106,0.5505443813644583,436.3446428571429,451.5,3.508188127858098,3.0135165055902835,0.0,0
race_score>=0.55_odds_30_500_ev>=3.0_top2,70,99,9900,0,-9900,0.0,0,0.0,0.0,0.5916050911167551,0.5505443813644583,438.44848484848484,452.7,3.5299477886532857,3.0135165055902835,0.0,0
race_score>=0.55_odds_50_500_ev>=3.0_top2,70,99,9900,0,-9900,0.0,0,0.0,0.0,0.5916050911167551,0.5505443813644583,438.44848484848484,452.7,3.5299477886532857,3.0135165055902835,0.0,0
race_score>=0.55_odds_30_500_ev>=3.0_top1,70,70,7000,0,-7000,0.0,0,0.0,0.0,0.5973672150423289,0.5505443813644583,446.10999999999996,458.95,3.5482541316778415,3.0135165055902835,0.0,0
race_score>=0.55_odds_50_500_ev>=3.0_top1,70,70,7000,0,-7000,0.0,0,0.0,0.0,0.5973672150423289,0.5505443813644583,446.10999999999996,458.95,3.5482541316778415,3.0135165055902835,0.0,0
race_score>=0.70_odds_50_1000_ev>=3.0,65,240,24000,0,-24000,0.0,0,0.0,0.0,0.7230223088001144,0.70091851553384,848.9341666666667,864.8499999999999,3.4771023143054407,3.0003974834552465,0.0,0
race_score>=0.70_odds_100_1000_ev>=3.0,65,240,24000,0,-24000,0.0,0,0.0,0.0,0.7230223088001144,0.70091851553384,848.9341666666667,864.8499999999999,3.4771023143054407,3.0003974834552465,0.0,0
race_score>=0.70_odds_50_1000_ev>=3.0_top5,65,201,20100,0,-20100,0.0,0,0.0,0.0,0.7236784395505402,0.70091851553384,857.8139303482587,871.1,3.522218014212531,3.0006469383217005,0.0,0
race_score>=0.70_odds_100_1000_ev>=3.0_top5,65,201,20100,0,-20100,0.0,0,0.0,0.0,0.7236784395505402,0.70091851553384,857.8139303482587,871.1,3.522218014212531,3.0006469383217005,0.0,0
race_score>=0.70_odds_50_1000_ev>=3.0_top3,65,152,15200,0,-15200,0.0,0,0.0,0.0,0.7246576330205156,0.70091851553384,875.0848684210526,896.7,3.5966068331636065,3.0011608418136473,0.0,0
race_score>=0.70_odds_100_1000_ev>=3.0_top3,65,152,15200,0,-15200,0.0,0,0.0,0.0,0.7246576330205156,0.70091851553384,875.0848684210526,896.7,3.5966068331636065,3.0011608418136473,0.0,0
race_score>=0.70_odds_50_1000_ev>=3.0_top2,65,115,11500,0,-11500,0.0,0,0.0,0.0,0.7255877750690402,0.70091851553384,882.1469565217391,900.7,3.657096252908414,3.0011608418136473,0.0,0
race_score>=0.70_odds_100_1000_ev>=3.0_top2,65,115,11500,0,-11500,0.0,0,0.0,0.0,0.7255877750690402,0.70091851553384,882.1469565217391,900.7,3.657096252908414,3.0011608418136473,0.0,0
race_score>=0.70_odds_50_1000_ev>=3.0_top1,65,65,6500,0,-6500,0.0,0,0.0,0.0,0.7269556796079027,0.70091851553384,902.9307692307691,930.8,3.7572278546093782,3.0011608418136473,0.0,0
race_score>=0.70_odds_100_1000_ev>=3.0_top1,65,65,6500,0,-6500,0.0,0,0.0,0.0,0.7269556796079027,0.70091851553384,902.9307692307691,930.8,3.7572278546093782,3.0011608418136473,0.0,0
race_score>=0.70_odds_30_500_ev>=2.0,36,61,6100,0,-6100,0.0,0,0.0,0.0,0.7225687644653026,0.7011735514030739,455.49180327868845,468.8,2.2629477067075046,2.006306579066755,0.0,0
race_score>=0.70_odds_30_500_ev>=2.0_top5,36,61,6100,0,-6100,0.0,0,0.0,0.0,0.7225687644653026,0.7011735514030739,455.49180327868845,468.8,2.2629477067075046,2.006306579066755,0.0,0
race_score>=0.70_odds_50_500_ev>=2.0,36,61,6100,0,-6100,0.0,0,0.0,0.0,0.7225687644653026,0.7011735514030739,455.49180327868845,468.8,2.2629477067075046,2.006306579066755,0.0,0
race_score>=0.70_odds_50_500_ev>=2.0_top5,36,61,6100,0,-6100,0.0,0,0.0,0.0,0.7225687644653026,0.7011735514030739,455.49180327868845,468.8,2.2629477067075046,2.006306579066755,0.0,0
race_score>=0.70_odds_30_500_ev>=2.0_top3,36,59,5900,0,-5900,0.0,0,0.0,0.0,0.7221258500182889,0.7011735514030739,455.764406779661,468.8,2.2653111039903147,2.006306579066755,0.0,0
race_score>=0.70_odds_50_500_ev>=2.0_top3,36,59,5900,0,-5900,0.0,0,0.0,0.0,0.7221258500182889,0.7011735514030739,455.764406779661,468.8,2.2653111039903147,2.006306579066755,0.0,0
race_score>=0.70_odds_30_500_ev>=2.0_top2,36,53,5300,0,-5300,0.0,0,0.0,0.0,0.7218729323621222,0.7011735514030739,458.9037735849056,471.6,2.2712249429254228,2.006306579066755,0.0,0
race_score>=0.70_odds_50_500_ev>=2.0_top2,36,53,5300,0,-5300,0.0,0,0.0,0.0,0.7218729323621222,0.7011735514030739,458.9037735849056,471.6,2.2712249429254228,2.006306579066755,0.0,0
race_score>=0.70_odds_30_500_ev>=2.0_top1,36,36,3600,0,-3600,0.0,0,0.0,0.0,0.7227302152644467,0.7011735514030739,466.8333333333333,477.65,2.3123354106773233,2.006306579066755,0.0,0
race_score>=0.70_odds_50_500_ev>=2.0_top1,36,36,3600,0,-3600,0.0,0,0.0,0.0,0.7227302152644467,0.7011735514030739,466.8333333333333,477.65,2.3123354106773233,2.006306579066755,0.0,0
race_score>=0.60_odds_30_500_ev>=3.0,26,33,3300,0,-3300,0.0,0,0.0,0.0,0.6387363154254325,0.6021515138101267,433.71515151515155,460.0,3.4137420441437683,3.003051128227623,0.0,0
race_score>=0.60_odds_30_500_ev>=3.0_top5,26,33,3300,0,-3300,0.0,0,0.0,0.0,0.6387363154254325,0.6021515138101267,433.71515151515155,460.0,3.4137420441437687,3.003051128227623,0.0,0
race_score>=0.60_odds_50_500_ev>=3.0,26,33,3300,0,-3300,0.0,0,0.0,0.0,0.6387363154254325,0.6021515138101267,433.71515151515155,460.0,3.4137420441437683,3.003051128227623,0.0,0
race_score>=0.60_odds_50_500_ev>=3.0_top5,26,33,3300,0,-3300,0.0,0,0.0,0.0,0.6387363154254325,0.6021515138101267,433.71515151515155,460.0,3.4137420441437687,3.003051128227623,0.0,0
race_score>=0.60_odds_30_500_ev>=3.0_top3,26,31,3100,0,-3100,0.0,0,0.0,0.0,0.640334363775722,0.6021515138101267,438.2516129032258,465.8,3.429707660010521,3.01779223837576,0.0,0
race_score>=0.60_odds_50_500_ev>=3.0_top3,26,31,3100,0,-3100,0.0,0,0.0,0.0,0.640334363775722,0.6021515138101267,438.2516129032258,465.8,3.429707660010521,3.01779223837576,0.0,0
race_score>=0.60_odds_30_500_ev>=3.0_top2,26,30,3000,0,-3000,0.0,0,0.0,0.0,0.6412132903683809,0.6021515138101267,436.90333333333336,462.9,3.420987170165137,3.01779223837576,0.0,0
race_score>=0.60_odds_50_500_ev>=3.0_top2,26,30,3000,0,-3000,0.0,0,0.0,0.0,0.6412132903683809,0.6021515138101267,436.90333333333336,462.9,3.420987170165137,3.01779223837576,0.0,0
race_score>=0.60_odds_30_500_ev>=3.0_top1,26,26,2600,0,-2600,0.0,0,0.0,0.0,0.6433547597564283,0.6021515138101267,445.0230769230769,462.9,3.437526064807424,3.01779223837576,0.0,0
race_score>=0.60_odds_50_500_ev>=3.0_top1,26,26,2600,0,-2600,0.0,0,0.0,0.0,0.6433547597564283,0.6021515138101267,445.0230769230769,462.9,3.437526064807424,3.01779223837576,0.0,0
race_score>=0.65_odds_30_500_ev>=3.0,12,13,1300,0,-1300,0.0,0,0.0,0.0,0.6686916774800972,0.6511462991204523,468.81538461538463,476.1,3.3750172748531537,3.01779223837576,0.0,0
race_score>=0.65_odds_30_500_ev>=3.0_top2,12,13,1300,0,-1300,0.0,0,0.0,0.0,0.6686916774800972,0.6511462991204523,468.81538461538463,476.1,3.3750172748531537,3.01779223837576,0.0,0
race_score>=0.65_odds_30_500_ev>=3.0_top3,12,13,1300,0,-1300,0.0,0,0.0,0.0,0.6686916774800972,0.6511462991204523,468.81538461538463,476.1,3.3750172748531537,3.01779223837576,0.0,0
race_score>=0.65_odds_30_500_ev>=3.0_top5,12,13,1300,0,-1300,0.0,0,0.0,0.0,0.6686916774800972,0.6511462991204523,468.81538461538463,476.1,3.3750172748531537,3.01779223837576,0.0,0
race_score>=0.65_odds_50_500_ev>=3.0,12,13,1300,0,-1300,0.0,0,0.0,0.0,0.6686916774800972,0.6511462991204523,468.81538461538463,476.1,3.3750172748531537,3.01779223837576,0.0,0
race_score>=0.65_odds_50_500_ev>=3.0_top2,12,13,1300,0,-1300,0.0,0,0.0,0.0,0.6686916774800972,0.6511462991204523,468.81538461538463,476.1,3.3750172748531537,3.01779223837576,0.0,0
race_score>=0.65_odds_50_500_ev>=3.0_top3,12,13,1300,0,-1300,0.0,0,0.0,0.0,0.6686916774800972,0.6511462991204523,468.81538461538463,476.1,3.3750172748531537,3.01779223837576,0.0,0
race_score>=0.65_odds_50_500_ev>=3.0_top5,12,13,1300,0,-1300,0.0,0,0.0,0.0,0.6686916774800972,0.6511462991204523,468.81538461538463,476.1,3.3750172748531537,3.01779223837576,0.0,0
race_score>=0.65_odds_30_500_ev>=3.0_top1,12,12,1200,0,-1200,0.0,0,0.0,0.0,0.668360765294468,0.6511462991204523,467.6000000000001,475.45000000000005,3.3785256943198125,3.01779223837576,0.0,0
race_score>=0.65_odds_50_500_ev>=3.0_top1,12,12,1200,0,-1200,0.0,0,0.0,0.0,0.668360765294468,0.6511462991204523,467.6000000000001,475.45000000000005,3.3785256943198125,3.01779223837576,0.0,0
